global_signal	global_signal_derivative1	global_signal_power2	global_signal_derivative1_power2	csf	csf_derivative1	csf_power2	csf_derivative1_power2	white_matter	white_matter_derivative1	white_matter_power2	white_matter_derivative1_power2	csf_wm	tcompcor	std_dvars	dvars	framewise_displacement	rmsd	t_comp_cor_00	t_comp_cor_01	t_comp_cor_02	t_comp_cor_03	c_comp_cor_00	c_comp_cor_01	c_comp_cor_02	c_comp_cor_03	c_comp_cor_04	c_comp_cor_05	c_comp_cor_06	w_comp_cor_00	w_comp_cor_01	w_comp_cor_02	w_comp_cor_03	w_comp_cor_04	w_comp_cor_05	w_comp_cor_06	w_comp_cor_07	w_comp_cor_08	w_comp_cor_09	w_comp_cor_10	w_comp_cor_11	w_comp_cor_12	w_comp_cor_13	w_comp_cor_14	w_comp_cor_15	w_comp_cor_16	w_comp_cor_17	w_comp_cor_18	w_comp_cor_19	w_comp_cor_20	w_comp_cor_21	w_comp_cor_22	w_comp_cor_23	w_comp_cor_24	w_comp_cor_25	w_comp_cor_26	w_comp_cor_27	w_comp_cor_28	w_comp_cor_29	w_comp_cor_30	w_comp_cor_31	w_comp_cor_32	w_comp_cor_33	w_comp_cor_34	w_comp_cor_35	w_comp_cor_36	w_comp_cor_37	w_comp_cor_38	w_comp_cor_39	w_comp_cor_40	w_comp_cor_41	a_comp_cor_00	a_comp_cor_01	a_comp_cor_02	a_comp_cor_03	a_comp_cor_04	a_comp_cor_05	a_comp_cor_06	a_comp_cor_07	a_comp_cor_08	a_comp_cor_09	a_comp_cor_10	a_comp_cor_11	a_comp_cor_12	a_comp_cor_13	a_comp_cor_14	a_comp_cor_15	a_comp_cor_16	a_comp_cor_17	a_comp_cor_18	a_comp_cor_19	a_comp_cor_20	a_comp_cor_21	a_comp_cor_22	a_comp_cor_23	a_comp_cor_24	a_comp_cor_25	a_comp_cor_26	a_comp_cor_27	a_comp_cor_28	a_comp_cor_29	a_comp_cor_30	a_comp_cor_31	a_comp_cor_32	a_comp_cor_33	a_comp_cor_34	cosine00	cosine01	cosine02	cosine03	trans_x	trans_x_derivative1	trans_x_derivative1_power2	trans_x_power2	trans_y	trans_y_derivative1	trans_y_derivative1_power2	trans_y_power2	trans_z	trans_z_derivative1	trans_z_derivative1_power2	trans_z_power2	rot_x	rot_x_derivative1	rot_x_derivative1_power2	rot_x_power2	rot_y	rot_y_derivative1	rot_y_derivative1_power2	rot_y_power2	rot_z	rot_z_derivative1	rot_z_derivative1_power2	rot_z_power2	motion_outlier00	motion_outlier01	motion_outlier02
44183.77687155212	n/a	1952206138.6351044	n/a	69201.21964067589	n/a	4788808799.757067	n/a	40605.33399130098	n/a	1648793148.5451026	n/a	45820.18508179855	44397.5266884368	n/a	n/a	n/a	n/a	-0.0634803459	-0.0309734554	-0.085624928	0.0684611825	0.0377603178	-0.0267430625	-0.1104026272	0.0160420822	-0.0662820909	0.1010557211	-0.0807246198	-0.04332645	0.0964998568	-0.0080350258	0.0382035315	-0.0544801525	0.1081498389	-0.1054637989	0.0090241071	-0.0233206789	0.0453065701	-0.0301898686	0.0556067742	-0.0242281765	0.1330440432	-0.1233100344	0.0231921675	-0.1017823938	0.0534745963	0.0734217167	-0.0010499021	0.1486888977	-0.1251046898	0.040422755	-0.0599658769	0.0311832871	-0.1268619566	0.0206207248	-0.0215971338	0.0189824415	-0.1141657347	0.0579943135	-0.020261491	0.1216055626	-0.0075050208	0.0220396146	-0.02475169	0.0412424508	-0.045637585	0.0642898225	-0.0680657702	0.0395157576	0.1290530805	-0.0015035367	-0.0442941747	-0.0295563836	0.0847540691	-0.0418405544	0.0062033644	-0.0201386084	0.1095538651	-0.1691198112	0.0324327653	-0.0426705982	0.1350927411	-0.1073182408	0.0115985441	-0.0881873716	0.0178336126	-0.008056381	0.0629433737	-0.0442972704	0.0074381285	0.0101108155	-0.0974544017	-0.0774546609	0.0800862944	-0.1072808961	0.0214272914	-0.0637923991	0.0120635845	-0.1212223534	0.2155875697	-0.1049469765	0.1397617212	-0.0050126816	0.0177901753	-0.0892871057	0.102594329	0.1025838106	0.1025662807	0.1025417406	0.106026	n/a	n/a	0.011241512676	-0.0294059	n/a	n/a	0.00086470695481	0.0289273	n/a	n/a	0.00083678868529	-6.16105e-06	n/a	n/a	3.79585371025e-11	-0.000110744	n/a	n/a	1.2264233536e-08	0.00079157	n/a	n/a	6.265830649e-07	0.0	0.0	0.0
44144.82021533379	-38.95665621833177	1948765151.844143	1517.6210637132876	69389.000216307	187.7805756311136	4814833351.018653	35261.54458435238	40722.20349438534	116.86950308436644	1658297857.43813	13658.480751186737	45969.5422673768	43902.37519464968	1.153025	21.908356	0.0997206025	0.0467896	0.0510661485	-0.0792991443	0.0316866998	0.0600768314	0.1435522737	-0.0004732836	-0.0024181483	-0.0704088101	-0.0036819923	-0.0025433518	-0.0581074725	0.0445277406	0.0369993705	-0.1160813883	0.0421679573	-0.04689164	0.0666291673	0.1127932193	-0.0946300868	0.0289252756	-0.0663007796	-0.0027189366	0.0966032309	-0.0314305308	0.0400814285	-0.0242089304	-0.0153601494	-0.0555437304	-0.0396057081	-0.0478885999	-0.0073033568	-0.0586343844	-0.0024237039	-0.0942004647	0.0865304994	-0.0162925153	0.0049876686	0.1019922241	0.1113920821	0.1364455048	0.0032705532	0.0048722007	-0.0283976107	-0.0328941356	-0.1401110653	0.0981345398	-0.1212762961	0.157060217	-0.0423839172	0.011571005	-0.0401707433	-0.1054951556	0.0554804148	-0.1009927567	0.0897167824	-0.0326256796	0.1202329207	-0.0125913766	0.0694512734	-0.0271855321	0.1094359622	0.0265936892	-0.0386782126	0.1035286834	0.0143203408	-0.079903336	-0.0269452351	0.0175445236	-0.0295543663	0.0664142358	0.0319017657	0.0709537014	-0.0165430457	-0.0229741673	-0.1310455501	0.0934563444	0.0631660443	-0.0387317793	0.0127394238	-0.0241599089	0.0555765187	0.1501479008	0.0578075627	0.0681528356	-0.0751420561	0.0865053279	0.0106709514	-0.1393201451	0.1025662807	0.1024716367	0.1023139614	0.1020933517	0.107936	0.00191	3.648100000000034e-06	0.011650180096	-0.0478096	-0.0184037	0.00033869617369	0.00228575785216	0.0398809	0.0109535999999999	0.0001199813529599	0.0015904861848099	0.000723605	0.00072976605	5.325584877326025e-07	5.23604196025e-07	-0.000493537	-0.000382793	1.46530480849e-07	2.43578770369e-07	0.000535063	-0.000256507	6.5795841049e-08	2.86292413969e-07	0.0	0.0	0.0
44140.87106836998	-3.949146963808744	1948416498.674462	15.59576174175982	69382.76038909813	-6.239827208875795	4813967439.211004	38.93544359662669	40631.68882978724	-90.51466459810035	1650934137.1606574	8192.9045073066	45818.50350817332	43230.93132025947	1.195201	22.709734	0.14856933	0.068428	0.0848641828	0.0733214752	0.0361074523	-0.0484235379	-0.0273041023	0.1359190379	0.0376906577	0.011863975	0.0522655944	-0.0071802295	-0.0227445241	-0.0509334854	-0.0815226297	-0.0527117952	-0.0323212839	-0.0307173686	-0.0820452328	0.048951247	0.0317713663	0.0318285664	0.0280373756	-0.1368682952	0.0747876016	0.1014579158	-0.0166970236	-0.0592992307	-0.0509213931	0.0007740586	-0.1071544369	-0.0116443348	-0.0094662477	0.0664912677	0.0279059926	-0.0649528942	-0.0123039078	-0.1572491571	0.0420639899	-0.1167284709	0.149499066	-0.0417616905	-0.0640159423	0.0042303051	0.0572915364	-0.0213244283	-0.0075865488	-0.0640683358	0.0065613191	0.0064498398	0.0392306519	0.0809857843	0.0364728067	-0.0222899311	0.055193772	0.064764745	0.1049132662	0.0242092844	0.0031338093	-0.0510538526	0.0226321476	-0.0023650563	-0.1265095896	-0.0316911226	0.0016059526	-0.0789604665	0.1434747885	-0.0723867195	0.0433383849	0.0207034887	-0.0521668775	0.0897697485	-0.0672647892	0.000421857	0.0963962422	-0.0612653568	-0.1142278671	0.045393253	0.0452907547	-0.0071688609	0.0364896503	-0.0136620163	0.1899137804	0.1345778641	0.1091060021	-0.0486144555	-0.0008942013	0.0345521516	-0.1663570462	0.0414152357	0.1025101919	0.1022474116	0.1018099433	0.1011985345	0.0957158	-0.0122202	0.00014933328804	0.00916151436964	-0.00148177	0.04632783	0.0021462678325089	2.1956423329e-06	0.0766709	0.03679	0.0013535041	0.00587842690681	0.00117189	0.000448285	2.009594412250001e-07	1.3733261721000002e-06	-0.000293699	0.0001998379999999	3.9935226243999976e-08	8.625910260100003e-08	0.00011856	-0.000416503	1.7347474900900004e-07	1.40564736e-08	0.0	0.0	0.0
44141.11709655243	0.2460281824460253	1948438218.531553	0.0605298665576947	68815.68644391287	-567.0739451852569	4735598700.746934	321572.8593079717	40616.00326675163	-15.685563035614903	1649659721.364779	246.03688774424867	45740.791457496656	43658.23997830352	1.117755	21.238199	0.08036043	0.0457497	-0.0090579996	0.096025891	-0.0281223968	-0.0370867245	-0.0832335756	0.0190714513	0.0189594885	-0.0291552801	-0.1310183888	-0.0757564505	-0.1246315643	-0.0883995074	-0.0347182225	-0.0060195464	-0.023962666	0.0217322049	-0.0084850356	-0.0036894981	0.1023471991	0.0572727492	0.055770661	-0.0634773711	0.0953938915	0.0019031443	0.0580377303	-0.0646032962	-0.0270986559	-0.0211765365	0.0059297352	-0.0772692436	0.1631860573	-0.043683629	-0.0331376284	-0.0037823566	0.0289991133	-0.0125447203	0.0969791068	-0.0295003507	0.0073189208	0.028255048	-0.0285925762	0.2086045555	0.0058355033	-0.0605750119	0.1254568515	3.1443e-05	-0.0272033755	-0.108489939	0.0845404127	-0.0818159451	0.0168915408	-0.0010729829	-0.0097067737	0.0999826572	0.0313597013	-0.0518739913	0.0342903823	-0.0125879682	-0.0107001288	0.0128163358	-0.0443569163	-0.0738872504	0.0926817467	0.003795562	0.1267075864	-0.067260798	0.0094008806	-0.0118768034	0.0661544489	0.038981476	-0.0292348601	0.0487950101	0.0232778754	0.0452075328	0.0038166808	-0.020151696	0.0344985467	-0.0048719565	0.0904044639	-0.0490761989	-0.0765653737	0.1529902464	0.0833312559	0.0246669015	-0.0525402092	0.0587879167	-0.0470723417	-0.0540577624	0.1024260777	0.1019113804	0.1010554665	0.0998612018	0.0857900999999999	-0.0099257000000001	9.851952049000211e-05	0.0073599412580099	-0.0314279	-0.02994613	0.0008967707019769	0.00098771289841	0.0771600999999999	0.0004891999999998	2.3931663999990025e-07	0.0059536810320099	0.000572678	-0.000599212	3.5905502094400014e-07	3.27960091684e-07	-0.000375915	-8.221599999999997e-05	6.759470655999996e-09	1.41312087225e-07	0.0	-0.00011856	1.40564736e-08	0.0	0.0	0.0	0.0
44092.88826468469	-48.228831867738336	1944182795.5219688	2326.0202233265727	68672.91514085403	-142.77130305883475	4715969273.94294	20383.64497711764	40591.76854083555	-24.23472591608152	1647691673.2727664	587.321940227593	45724.44986717704	43413.402481396704	1.139045	21.642733	0.08228615	0.0414059	-0.0927687592	0.0435253639	0.0041239974	0.011075929	-0.0679603633	-0.0451873731	-0.001383025	0.0011687406	-0.0185313002	0.0708130498	-0.0149095153	-0.0507269871	0.0134734641	0.0123116002	-0.0060228977	0.0073735009	0.0787419739	-0.012373477	-0.0439343117	0.0949836372	0.1840503106	-0.0436727048	0.0161426059	0.1021343005	-0.0643610695	-0.0202833761	-0.0493397589	0.1048044092	-0.067313734	0.0801505222	0.0090806053	-0.0793353141	0.0071625057	-0.0187955813	0.0255655593	-0.0137375877	-0.018904044	0.0649629034	0.0376216899	-0.0719950378	-0.0169125064	-0.0495952428	-0.0222258567	-0.0381519522	-0.0537989937	-0.0030745364	-0.0757021325	-0.0576594127	-0.0067225997	-0.1152186752	0.0555088516	-0.1588324992	-0.0007149336	0.0686389821	-0.0110156526	-0.0557009574	0.0314971873	0.007010047	-0.008178362	-0.007160282	0.0282751295	-0.124823859	-0.0951250228	-0.0357182816	0.0413024876	-0.0620723972	-0.0244891159	0.0467588345	-0.004977018	0.0318711489	-0.0898042348	-0.0439430542	-0.0314073013	0.029495802	-0.0199359706	-0.0725947892	0.087692168	0.0721908061	-0.0763922133	0.1046624792	0.0220193021	0.0628705126	-0.0064644588	0.0558547117	-0.0534842368	0.0814095804	-0.0319971192	0.130818318	0.1023139614	0.1014639107	0.1000523871	0.0980872016	0.0957206	0.0099305000000001	9.86148302500021e-05	0.00916243326436	-0.0174207	0.0140072	0.00019620165184	0.00030348078849	0.0489947	-0.0281653999999998	0.0007932897571599	0.00240048062809	0.000513655	-5.902299999999995e-05	3.483714528999994e-09	2.638414590250001e-07	-0.000293699	8.221599999999997e-05	6.759470655999996e-09	8.625910260100003e-08	0.000462422	0.000462422	2.13834106084e-07	2.13834106084e-07	0.0	0.0	0.0
44118.58980440611	25.701539721419977	1946449966.3294468	660.5691440517288	68737.80438212541	64.8892412713758	4724885751.275339	4210.61363277482	40712.60624445922	120.83770362367068	1657516307.2163796	14601.750617042071	45963.83878744143	43538.54419155207	1.146074	21.776285	0.05214225	0.0318759	-0.0443257561	-0.0705564445	0.0251999435	-0.0018163629	0.0064375721	-0.0854293787	-0.0188529355	0.0588491021	0.0600530101	0.0074763771	-0.0636657122	0.1190258782	-0.0179608643	0.1023787822	0.0683837466	0.0264976969	-0.1367911128	0.0569537181	-0.0731610178	0.0625740105	0.1000846467	-0.0422931029	-0.0543921586	-0.1102074523	0.0428202515	-0.0853398862	0.0361875032	-0.0135128731	0.039330764	0.0187736574	0.0137964012	0.0201631493	0.0283021937	-0.0995427545	-0.0126701235	0.02703858	0.0449598095	0.0057732389	0.0978438476	0.0795561448	-0.173211559	0.1579225853	0.1946497956	0.0308912813	0.1306758653	-0.0511905374	0.0584378852	-0.1604664449	-0.0272377694	0.001826137	-0.0602783523	0.0264438854	-0.1110361029	-0.0495790013	-0.0594191354	-0.0547506211	-0.1272191647	-0.0250961573	-0.0358251681	-0.0832573871	-0.0168836303	0.0563194549	0.0744219713	0.0237247266	-0.0272829366	-0.090413592	0.0089504517	-0.1165870872	-0.086486167	-0.0555982332	-0.0865457309	-0.0504843619	0.0521558666	-0.0491985567	0.0382138551	-0.021602334	-0.0620171161	-0.0607917349	0.0718555315	0.2062223368	0.0347947005	0.0644804506	-0.0589916989	-0.0200549746	-0.1056532834	-0.0990121746	0.043448378	-0.0852041431	0.1021738733	0.1009054916	0.0988031726	0.0958842909	0.0781914999999999	-0.0175291000000001	0.00030726934681	0.0061139106722499	-0.0173981	2.260000000000109e-05	5.107600000000492e-10	0.00030269388361	0.0261559	-0.0228388	0.00052161078544	0.0006841311048099	0.000709338	0.000195683	3.8291836489e-08	5.03160398244e-07	-0.000293699	0.0	0.0	8.625910260100003e-08	0.000501774	3.935199999999999e-05	1.5485799039999987e-09	2.51777147076e-07	0.0	0.0	0.0
44164.85662570919	46.26682130307745	1950534560.7694488	2140.6187534909013	69405.12446559446	667.3200834690506	4817071302.084659	445316.0938011407	40679.93140514184	-32.67483931737661	1654856819.1270454	1067.6451244163802	45947.25298328732	43604.89216176029	1.099729	20.895691	0.1286283	0.0641747	0.042510931	-0.0848485761	0.0314893834	-0.1226079908	0.0738608772	0.0185098894	0.152927738	0.0382944983	0.11040383	0.1445939959	0.0851666342	0.1398522308	-0.0929403481	-0.0274857128	0.0476296474	-0.1375853964	0.071214755	-0.029881269	0.0540564257	-0.0432977053	0.0328691032	-0.1473261343	-0.0288275681	-0.0474648191	-0.1048101314	0.0429337215	0.0439071941	-0.0847648877	0.0306069027	-0.105737058	-0.1412747505	0.0003158812	0.0102972837	-0.0279641699	-0.051087689	0.1112267199	-0.0261062064	0.030022447	0.0914833519	-0.0596025777	-0.0010625832	-0.0093858231	0.0161774413	0.0050698271	0.0488549966	0.0215192655	-0.07755954	0.0814330643	0.110875295	-0.0157660948	0.053285683	-0.069947955	-0.0666648397	-0.1061807467	0.0822313916	-0.0584840285	-0.0925494809	-0.0711454955	0.0589145569	0.0675504567	-0.0459319422	-0.0647850949	-0.0597326443	-0.1098188668	0.048657172	0.0445506974	0.0727304711	-0.0512810052	-0.090180018	0.0797823363	-0.0026932525	0.0871761481	0.0591060823	-0.0157172626	-0.0208383427	-0.0159788458	-0.1941466266	0.1214461651	0.0283460766	0.0862483293	-0.099538639	-0.056823227	0.0491989156	0.0409130544	-0.1384746199	-0.0177450829	0.1337197359	0.0164973727	0.102005852	0.1002367339	0.0973108962	0.0932621027	0.0666922	-0.0114992999999999	0.0001322339004899	0.0044478495408399	0.0227363	0.0401344	0.00161077006336	0.00051693933769	0.0733492	0.0471933	0.00222720756489	0.00538010514064	0.00095116	0.000241822	5.847787968400002e-08	9.047053456e-07	-0.000586401	-0.0002927019999999	8.567446080399997e-08	3.43866132801e-07	0.000440272	-6.150199999999995e-05	3.782496003999994e-09	1.93839433984e-07	0.0	0.0	0.0
44232.607273763904	67.7506480547163	1956523546.2350316	4590.150311834032	69722.31517838966	317.19071279519994	4861201233.834705	100609.94828352702	40722.47856872415	42.54716358231235	1658320260.780198	1810.2611289000463	45924.08941037588	43747.08446978401	1.096	20.824848	0.12550525	0.0697471	0.0973018027	0.0116041732	-0.027995641	-0.0971504073	0.0470607825	0.1110776135	0.080805323	0.1161335162	-0.0626816497	0.0538203507	0.0761190903	-0.0482414239	-0.0082841797	-0.0860606237	0.0310202369	0.0273889552	-0.1053467648	-0.0243837233	0.1679990598	0.0508661241	0.0736303858	0.0616335841	-0.0461024654	-0.0295871189	-0.1142272215	-0.1410503912	0.1216918868	0.0958644549	0.0210681919	-0.0582496234	-0.0267537279	0.0651067354	-0.0560376318	0.1043368383	-0.0297463319	0.0107852649	0.0652382013	-0.0214225275	-0.0224238454	0.0210133046	-0.006101235	0.0525420878	-0.0103860175	-0.0844556704	0.0221076171	-0.0236813598	0.181526156	0.0785030817	0.0817105585	0.0365151506	0.0492444557	0.0925182079	0.0576156299	0.0427732167	0.1031767584	0.0120542762	0.0432877118	-0.0861917014	-0.1157782521	-0.0769849738	-0.1309766309	-0.0604069058	0.0332147677	-0.0464599292	0.0473544959	0.1061935732	-0.0196409351	0.010503815	-0.1201957541	0.1111999077	0.0403378622	0.0149209643	0.1349696221	0.130552616	-0.0332123453	-0.0992532387	-0.0590644996	0.0719819553	-0.0709076505	-0.0044957965	0.010481339	-0.0175310795	-0.0229705131	-0.1320356434	0.0797741367	-0.0249676032	0.0123503842	-0.0619893397	0.1018099433	0.0994583687	0.0955792289	0.090232103	0.0575081	-0.0091840999999999	8.434769280999988e-05	0.00330718156561	-0.0251089	-0.0478452	0.00228916316304	0.00063045685921	0.0733035999999999	-4.560000000010389e-05	2.0793600000094747e-09	0.0053734177729599	0.000138564	-0.000812596	6.603122592160001e-07	1.9199982096000002e-08	-0.000470662	0.0001157389999999	1.339551612099999e-08	2.21522718244e-07	0.0	-0.000440272	1.93839433984e-07	0.0	0.0	0.0	0.0
44235.314381297554	2.7071075336498325	1956763038.4122305	7.3284311987436785	69035.09280524735	-687.2223731423146	4765844038.629114	472274.5901473547	40658.03389803118	-64.44467069297389	1653075720.4534523	4153.115580725847	45781.37165262613	43992.66901513009	1.168094	22.194679	0.09373977	0.0613246	-0.0092894871	0.0937347666	-0.0722960387	-0.1152144273	-0.1239561492	0.0638858424	0.0516724202	0.0794425316	-0.0522512867	0.0006648826	-0.0295312762	-0.0792992645	-0.0472977429	0.0187023593	-0.0099747797	0.0486234637	0.0185541047	0.0380877739	0.1029466504	0.0268029636	-0.0270192897	-0.0446137132	0.0013980219	-0.0352533425	0.0041857308	-0.0648205223	-0.0480276183	-0.1323417923	-0.0072333689	-0.2049799082	0.0424051894	-0.0667991713	-0.0390601353	-0.003649822	0.0076741943	-0.0126200739	0.0349598373	0.0338331853	-0.0369170097	0.1665391601	-0.0581552943	0.0689266035	-0.090282894	-0.0868762532	-0.0448185731	0.0606229107	-0.032533261	0.1059005494	-0.0641567434	-0.139470605	0.0580280915	0.0611923978	0.0225904992	0.1042132283	0.0562839243	-0.0619805248	0.0400852787	0.0356584153	-0.0252816599	0.0496852888	0.0005734442	0.0215908918	0.1067343523	0.0508134159	0.0583604596	-0.0377728214	-0.0207151364	-0.064018814	-0.0413019094	0.0686728572	-0.048791331	0.1324955014	0.0107473179	-0.0188866311	-0.0417291395	0.072951304	-0.0864329145	0.0797524618	0.0434900606	-0.0645402221	-0.0773675048	0.0287408986	-0.0238565318	-0.0115593401	-0.0021795908	0.0872212323	0.114777113	-0.0424964037	0.1015862008	0.0985712473	0.0936124309	0.0868075413	0.0575175	9.399999999999686e-06	8.835999999999409e-11	0.00330826280625	0.00911107	0.03421997	0.0011710063468009	8.301159654490001e-05	0.073329	2.5400000000105893e-05	6.451600000053792e-10	0.005377142241	0.00107477	0.000936206	8.764816744360002e-07	1.1551305529e-06	-0.000404316	6.6346e-05	4.401791716000001e-09	1.63471427856e-07	-0.000187148	-0.000187148	3.5024373904e-08	3.5024373904e-08	0.0	0.0	0.0
44235.48079090435	0.1664096067979699	1956777760.802468	0.0276921572346549	68845.89224094055	-189.20056430679688	4739756878.451199	35796.85353401038	40665.47240922356	7.438511192383885	1653680646.265323	55.33144875922032	45874.65296668444	43900.36482541184	1.122125	21.32123	0.11813959	0.0589608	-0.0657286826	-0.0066931212	-0.0752345134	-0.0664446227	-0.0334749275	-0.0407661459	0.001544842	0.1015987888	0.0114168078	0.0728227097	-0.0445365128	-0.0438207841	0.0569323345	-0.0397381748	0.0664921099	0.0457763904	0.0180957637	-0.0906809996	0.0935495884	-0.0078469486	0.0980824223	-0.0120902617	-0.0165724719	0.1427233672	0.0233994701	0.0635846811	0.0350807569	0.002897411	-0.0124242533	0.0559923707	-0.0772991862	0.0421155663	0.1749305993	-0.0573801159	-0.1049786334	-0.003818863	0.1124415951	0.04912619	-0.0542717188	0.03641979	-0.0233173311	-0.1211429432	0.0106727672	-0.0912145218	0.065560007	-0.0240613794	-0.0238117137	0.0762959425	0.05980861	-0.0868518078	-0.0998316963	0.0916059476	-0.0046418675	0.0213835421	-0.0500220476	-0.05118896	0.0640550962	-0.0500458603	-0.0959742743	0.062159472	0.0271954713	-0.0812679632	-0.0007089311	-0.0906201831	0.0703476338	0.0036104041	0.0061745677	0.0171468017	-0.0973554622	-0.0195020397	-0.0376824809	-0.0072319135	0.0230671344	-0.0885109109	0.1041258383	-0.0697280427	-0.0414614587	0.0351039082	-0.0591763196	0.0367431635	0.0020611164	0.0920324931	-0.05620615	0.0906871546	0.1098208426	0.0686791553	0.0707110513	0.0705854776	0.1013346856	0.0975763397	0.0914153405	0.0830033923	0.0459279	-0.0115895999999999	0.0001343188281599	0.00210937199841	-0.0128906	-0.02200167	0.0004840734827889	0.00016616756836	0.0533598	-0.0199692	0.00039876894864	0.00284726825604	9.16086e-05	-0.0009831614	9.666063384499603e-07	8.392135593959998e-09	-0.000470279	-6.596299999999999e-05	4.351117368999999e-09	2.21162337841e-07	-0.000429606	-0.000242458	5.8785881764000014e-08	1.8456131523600001e-07	0.0	0.0	0.0
44184.618923322414	-50.86186758193799	1952280549.3992207	2586.929573922594	68645.37091561483	-200.52132532572432	4712186948.142338	40208.80191038497	40662.38041842125	-3.091990802313376	1653429181.2924078	9.560407121590512	45947.94121832382	44041.8282161937	1.066569	20.265629	0.0488297199999999	0.0305032	-0.0324431936	-0.0896098559	-0.0569401219	-0.0338410524	0.0177398641	-0.0816329457	0.003580724	0.0405437879	0.0080391088	0.0539258424	-0.0942437696	-0.0196690224	0.0651934664	-0.0199885538	0.0663327842	-0.0109077088	-0.0322776571	0.0109080242	-0.0447915408	0.0928889678	0.1170172268	0.0543564565	0.081846719	-0.0765644054	-0.0663530862	-0.0084694226	-0.0663239791	0.0186929779	0.0943925422	-0.0143412764	0.0350998253	0.0510974104	-0.106840063	-0.0421732613	0.0282413262	-0.0289147001	-0.0449564525	0.0310737961	-0.1438117803	-0.1126361657	0.1017205661	0.0242913176	-0.0698293292	0.0603287885	-0.0496925602	0.0020404613	-0.095691736	0.0335527975	-0.0751201175	0.0754908878	0.0364757493	0.0792325908	-0.1000533969	-0.0324613336	-0.0717932979	-0.0259553535	0.0416175406	-0.0741367666	-0.0556615682	-0.0813305983	-0.0419650051	0.0156213285	-0.0106539422	-0.0058269278	-0.0625125329	-0.0718318434	-0.0657928186	-0.069440194	0.0073313777	-0.121133685	-0.0370932054	0.0638027199	-0.0146708406	0.054459734	0.0341461246	-0.0138715306	0.1245174602	0.0211438271	0.0558748371	0.0141138491	-0.0090179094	-0.143386478	-0.0008769586	-0.0753478033	-0.0080921329	0.1100491891	0.0491789527	-0.0734413988	0.1010554665	0.0964747338	0.0889933628	0.0788362905	0.0435202	-0.0024076999999999	5.797019289999994e-06	0.00189400780804	0.0112095	0.0241001	0.0005808148200099	0.00012565289025	0.0441161	-0.0092437	8.544598969000002e-05	0.00194623027921	0.000353173	0.0002615643999999	6.841593534735999e-08	1.24731167929e-07	-0.000470279	0.0	0.0	2.21162337841e-07	-0.000429606	0.0	0.0	1.8456131523600001e-07	0.0	0.0	0.0
44175.76650859616	-8.852414726250572	1951498346.6220064	78.365246485538	69924.4749338355	1279.104018220678	4889432194.77259	1636107.0894282844	40687.08408133865	24.70366291740356	1655438811.0419211	610.2709615366999	45938.00179951577	44029.12600456687	1.14923	21.836248	0.0838006149999999	0.0420192	0.0897931793	-0.0510192797	-0.0163964662	-0.0421411449	0.1334134257	0.068443478	0.0232029848	-0.0032602345	-0.1437913638	-0.0237590338	-0.038582434	0.136630606	-0.1068244402	-0.0070514616	0.0104682822	0.054122718	0.0657462464	0.0739183543	-0.1138485055	0.0754651857	0.1611422708	-0.0368061213	-0.1110684502	-0.02914852	0.003993763	0.0922627647	-0.0765810088	0.1506365295	-0.0129769993	0.1110323863	-0.005697736	-0.0316092832	0.1512412811	-0.0028006664	-0.1041677437	0.0128589197	-0.0304136907	-0.0928005106	-0.0136277044	0.1643041554	-0.056247373	0.0029662699	-0.1286142978	0.0599531838	-0.0747930242	-0.0414385581	0.0095832079	0.0681221095	0.0949134261	0.0326181126	-0.1423782289	-0.0585476159	0.0678285873	-0.0716984127	0.1403706076	-0.0100251055	-0.0398354747	0.0140659951	-0.0653140196	-0.1658027872	0.1325954584	-0.025806544	-0.0534113361	0.0707576891	-0.0999351249	-0.003156159	0.0524921369	0.0174773877	-0.0584410716	0.0061825672	-0.1150079022	-0.1529803033	-0.1401629221	-0.0009057825	-0.0148144989	0.0480621737	0.0106311229	0.0215883633	-0.085522688	0.1011474552	0.0233710648	0.0610801913	-0.0418954434	0.0297646921	-0.0191514454	0.0362736271	0.2028657496	0.0392444348	0.1007486199	0.0952676342	0.0863524559	0.0743244578	0.0445024	0.0009821999999999	9.647168399999913e-07	0.00198046360576	-0.0150038	-0.0262133	0.00068713709689	0.0002251140144399	0.0383701	-0.005746	3.301651600000001e-05	0.0014722645740099	-0.000107825	-0.000460998	2.1251915600400002e-07	1.1626230625e-08	-0.000668572	-0.000198293	3.9320113849e-08	4.46988519184e-07	-7.17147e-05	0.0003578913	1.2808618261569006e-07	5.142998196090001e-09	0.0	0.0	0.0
44129.56896425434	-46.19754434182687	1947418856.97088	2134.21310321506	69117.38748854845	-807.0874452870485	4777213253.242154	651390.1443399745	40597.837013334814	-89.24706800383865	1648184370.1612985	7965.0391472818	45818.02477553443	43669.06559484145	1.155899	21.962967	0.0709433149999999	0.0421848	0.0636265155	0.0940887403	-0.0248636209	-0.0286703311	-0.0766833594	0.0982876947	-0.0210380861	-0.0234404184	0.0217304532	-0.0203109368	-9.75625e-05	-0.0821579734	-0.0294777609	-0.0058486215	-0.0899419738	0.0634083938	0.0535766754	0.1067774123	-0.0712625964	0.01653226	-0.1037064145	0.0293209748	-0.0733949309	0.0168154998	0.00111964	0.1549125292	0.0831540142	0.1198667653	0.0132999888	0.055511783	-0.1018910583	0.0618059498	-0.0210700794	-0.0360833252	0.0374467694	-0.0431086782	0.0893508624	0.0529803933	-0.082592714	0.0133183743	-0.0557725548	0.0238335079	0.0233176837	-0.0766189553	0.0372201874	-0.0610510185	-0.0838454271	0.1423864602	-0.0080749278	0.0310103918	-0.0102430137	0.1006420712	-0.1060983137	0.0759635015	0.0556319303	0.0018722694	0.0247520501	0.0379047623	0.0183244189	0.1005972866	-0.0522313094	0.0173892011	-0.0413844127	0.0785351624	-0.1291209768	-0.0003806924	0.0899617702	0.0465768153	-0.0427865615	-0.0366930361	-0.0464611071	-0.0178775861	-0.0371099983	-0.0798802798	0.0818012343	-0.0505995566	-0.0333634337	0.0508023972	-0.1529801567	-0.0536074121	0.1304216056	0.0388346976	-0.0296324145	-0.0903779245	-0.0137853808	0.0606424969	0.0176745	0.0293509106	0.1004142296	0.0939563609	0.0834991166	0.0694876231	0.0410534	-0.003449	1.1895601000000005e-05	0.0016853816515599	0.0226267	0.0376305	0.0014160545302499	0.00051196755289	0.0349736	-0.0033964999999999	1.1536212249999978e-05	0.00122315269696	0.000124037	0.000231862	5.3759987044e-08	1.5385177369e-08	-0.000470279	0.000198293	3.9320113849e-08	2.21162337841e-07	-0.000170906	-9.91913e-05	9.838913995689996e-09	2.9208860836e-08	0.0	0.0	0.0
44126.69147616025	-2.877488094083674	1947164900.6322336	8.279937731593293	68769.91800692183	-347.4694816266274	4729301622.678751	120735.04066187717	40599.73753093602	1.900517601206957	1648338687.580895	3.6119671524974457	45808.50760757875	43506.985306269446	1.104196	20.980562	0.0429440699999999	0.0250428	-0.0769559451	0.0521715852	-0.0218289927	-0.0310959382	-0.0673547055	-0.0434646578	-0.0001115126	0.0069763768	-0.0355385215	0.0102411792	0.0567490811	-0.0742436865	0.0439647681	0.0275062065	-0.0057409764	-0.0072935664	-0.0100793698	-0.0029653356	-0.0163664681	0.0821220637	0.0028963917	-0.0028799535	0.1008130413	0.0437484383	-0.0252403619	-0.0576472506	-0.0378567919	0.0849225915	-0.0139753679	0.1247579146	0.0033293967	0.0545926276	-0.0038627418	-0.1373538476	0.0518229812	-0.0661999808	-0.0010503574	0.0172713776	0.0398557076	-0.0538255363	0.0400270704	-0.075966354	-0.0449108396	-0.0783727193	0.0417771113	0.1234428635	0.0249035832	-0.1430908593	-0.0500722616	0.0163866885	-0.1317444393	0.0012904748	0.0891978173	0.0582725318	-0.0597230331	-0.030017247	0.0225720749	0.0014772172	0.0190539274	0.0157456882	-0.0177968542	-0.0464362234	-0.0332494759	0.0404981821	0.0577179696	-0.0515516087	0.0067997848	0.0213566535	-0.0336113383	-0.0305180017	-0.0286655355	-0.0723843122	-0.0088644849	0.0825145198	-0.0032788749	-0.0243314252	0.1228025621	0.0315922326	-0.0559533196	0.0201290812	0.0280740081	0.0383689095	-0.0876093649	0.1852753736	-0.0168181486	0.0016858024	-0.0100947965	0.1178472748	0.1000523871	0.0925423476	0.0804403643	0.0643469367	0.0385498	-0.0025035999999999	6.268012959999973e-06	0.00148608708004	0.00516848	-0.01745822	0.0003047894455684	2.67131855104e-05	0.0181283	-0.0168453	0.00028376413209	0.00032863526089	0.000156423	3.2386e-05	1.0488529959999999e-09	2.4468154928999995e-08	-0.000549681	-7.940200000000001e-05	6.304677604000001e-09	3.02149201761e-07	-0.000181857	-1.0951000000000013e-05	1.1992440100000024e-10	3.3071968449e-08	0.0	0.0	0.0
44136.62640709324	9.934930932984573	1948041790.59932	98.70285264317369	68684.99732161034	-84.92068531148834	4717628857.069619	7211.522793772831	40637.70257784796	37.96504691193695	1651422870.8056307	1441.3447870255734	45857.303535757615	43774.261895116746	1.079872	20.518406	0.04749297	0.0301955	-0.0556612972	-0.0672017914	-0.0151901726	-0.0104759486	-0.0116224556	-0.0771784961	-0.0099191648	0.0061659858	0.0439020576	0.0011751314	-0.0301510866	-0.0754199069	0.027484821	-0.0087333669	0.0433113483	0.0119294431	-0.0011084022	-0.0503254036	0.0318120964	0.0080004017	-0.0021513572	0.0761634623	0.0010644755	0.0334396755	0.10185951	0.0368324483	0.0656094015	0.0139971312	-0.016884269	0.0056663421	-0.0246414954	-0.1323038444	-0.0651412864	0.0086385685	-0.0183092118	-0.0721447198	-0.081816061	-0.1495013757	-0.0548979492	-0.0424977238	0.0356386718	-0.055569989	-0.077949358	-0.0098153576	-0.0143783236	0.0346395292	-0.0616666452	-0.0445636322	-0.0353431035	0.1231806349	0.0896352357	0.0494712978	-0.0717078279	0.0154024747	-0.0402951475	-0.0433002855	0.0677928038	-0.0576444265	-0.0041203536	-0.0467719083	-0.0004118702	-0.0356431592	0.1092256746	0.0391134454	-0.0322102613	0.0160475411	-0.0372944786	-0.0226500589	0.0798752327	-0.0260642354	-0.0073188933	-0.0348598647	-0.091099216	-0.0303717041	0.0215452329	0.0068857165	-0.0282646483	-0.0115501699	-0.0697906791	-0.1091833029	-0.071324393	-0.0564748191	0.0016666515	0.04121711	-0.0166668269	-0.1487284869	-0.0404356421	0.0657075281	0.0996631912	0.0910271406	0.0771837238	0.0589248775	0.0363447	-0.0022051	4.862466010000007e-06	0.00132093721809	0.0106653	0.00549682	3.021503011240001e-05	0.00011374862409	0.0171365	-0.0009918	9.83667240000002e-07	0.0002936596322499	-0.00039548	-0.000551903	3.04596921409e-07	1.5640443039999998e-07	-0.000470279	7.940200000000001e-05	6.304677604000001e-09	2.21162337841e-07	-0.000326537	-0.00014468	2.09323024e-08	1.0662641236900001e-07	0.0	0.0	0.0
44131.4731869337	-5.153220159540069	1947586925.649048	26.555678012690176	69769.78782191571	1084.7905003053747	4867823292.715138	1176770.4295527851	40678.71570257093	41.01312472297286	1654757911.2105908	1682.0763995421278	45990.493256881695	43943.15104262408	1.176765	22.359442	0.0600190999999999	0.0353618	0.0713753507	-0.0488903707	0.0017782934	0.030172131	0.1417853749	0.0376632853	0.0201972227	-0.062177492	-0.1523551728	0.0197977146	0.0342809225	0.0097301771	0.014092374	-0.0717366294	-0.0044005331	-0.0045676204	-0.041557565	-7.46709e-05	0.0295490774	0.0365708506	0.0860563482	0.0423008405	-0.0736903784	-0.0808973868	0.0225353076	0.0359213649	0.0774153426	-0.0582979956	-0.1046461636	0.0700760233	-0.0065739675	-0.0550133488	-0.0875018084	0.0680185178	0.0633525483	0.0382013174	0.0417514273	0.0522785934	-0.126062994	0.0082516776	0.1588626718	0.0777384486	-0.0477156741	-0.0601618697	0.0252104486	0.0133057201	0.1169326141	-0.0690444634	-0.14215096	0.0404452919	-0.0814863471	-0.105406468	0.0515472899	-0.0654083146	0.0912643771	0.0184775407	0.0879313181	-0.0258384193	-0.0037863081	-0.1273316592	0.0996139349	0.0187176436	0.0026026469	0.0096139541	-0.0057659603	0.0908133369	-0.0089455117	-0.0048261049	-0.0348352806	0.0586364492	0.0553937376	-0.0099797893	-0.0229484336	-0.0260972641	0.0784036311	0.005357234	0.0377514533	-0.0913477553	-0.0986686346	-0.009049516	0.0344209404	-0.1249445269	-0.0082751134	0.0713575073	0.014725503	0.0949321245	-0.0051775985	-0.0627914139	0.0992467484	0.0894123968	0.0737372065	0.0532451548	0.0425515	0.0062067999999999	3.852436623999998e-05	0.0018106301522499	-0.0205147	-0.03118	0.0009721924	0.00042085291609	0.0133471	-0.0037893999999999	1.4359552359999988e-05	0.00017814507841	-0.00016101	0.0002344699999999	5.4976180899999995e-08	2.59242201e-08	-0.000470279	0.0	0.0	2.21162337841e-07	-0.000184149	0.000142388	2.0274342544000005e-08	3.3910854201e-08	0.0	0.0	0.0
44136.35255336055	4.879366426852357	1948017616.7145364	23.80821672749394	68757.5003244605	-1012.2874974552104	4727593850.868186	1024725.9775041328	40656.69736951463	-22.018333056301344	1652967040.9962978	484.8069905782125	45824.244126244565	43448.76945444513	1.249661	23.744511	0.060276724	0.0308394	0.0038597937	0.1130419411	-0.0112744701	-0.0171907929	-0.1229563845	0.0673964716	0.0224196666	-0.0769416762	-0.0067417148	-0.0773773694	-0.0591203312	-0.1049505108	-0.0157501852	0.0076741282	0.0223695109	0.0781031674	-0.0598740924	0.0522917516	0.0212090237	-0.1032382268	-0.1177694073	0.0048218763	-0.1353761082	0.1087830251	-0.053782953	-0.0815773881	0.029763972	0.0668085818	0.127612192	-0.0129226055	0.0130535398	-0.1389081427	-0.0714820343	0.0468660657	-0.1132339909	-0.0820291571	0.0457893481	0.0169196408	-0.0110987234	0.0207193948	0.0253026887	-0.0281570999	0.0828585987	0.0393202081	-0.1611601482	0.0498981633	-0.042013017	-0.0545445008	0.0696017447	0.039867369	0.0033826585	-0.0489981458	0.0692203176	0.1027757246	0.0334427835	-0.0076539095	0.0379438541	0.0206601667	0.0241299946	0.0734009934	-0.0206505953	0.0549686638	0.126499481	0.0245060444	0.0015041175	0.0386838	0.0060118118	0.0368459493	0.0122472768	0.1488773622	0.034091037	-0.0263765713	-0.07326452	0.0535107724	-0.0856606085	-0.1031784879	-0.0826226612	0.1017896682	-0.0782913979	-0.0153826	-0.0150992757	0.0346264929	-0.0657569408	-0.142796935	0.0050055493	-0.0904340175	-0.1728019019	-0.0029854549	0.0988031726	0.0876998819	0.0701092912	0.0473326046	0.035251	-0.0073005	5.329730025000002e-05	0.001242633001	0.000563174	0.021077874	0.0004442767723598	3.171649542760001e-07	0.0287887	0.0154416	0.00023844301056	0.00082878924769	-0.000221486	-6.047599999999998e-05	3.6573465759999982e-09	4.905604819599999e-08	-0.000211713	0.000258566	6.685637635600002e-08	4.4822394369000006e-08	-0.000174056	1.0093e-05	1.01868649e-10	3.0295491136e-08	0.0	0.0	0.0
44151.059084679575	14.706531319025087	1949316018.2988667	216.28206343746584	68776.57776872964	19.077444269132684	4730217649.578115	363.94887984186346	40697.11733063682	40.41996112219204	1656255359.02362	1633.7732571195156	46044.11460392351	44037.321621579824	1.362862	25.89543	0.109021279	0.0567976	-0.0740377771	-0.0712948385	-0.0216481257	0.0531220351	0.0242682243	-0.0985502077	-0.0873516165	0.0269374461	0.057126217	-0.0065587809	-0.0392455053	0.0489491103	0.0528172435	0.0350418772	0.0668097012	0.0425960146	-0.0076782816	-0.0713715552	-0.0677518484	-0.0437779718	-0.0514825714	0.078350083	-0.0204951516	-0.0939875128	0.0825363512	0.0392580692	-0.1120570472	-0.0672296144	0.0002208484	-0.0814476724	-0.0357507833	0.0503963334	0.0659480933	0.1235277362	0.075214934	-0.0698290635	-0.0033900339	0.1034429849	0.0301191318	-0.0866796292	-0.0288060962	-0.0011687736	-0.041719552	-0.0294180772	-0.060753066	-0.0657421716	-0.0037799805	-0.0098115133	-0.0194062061	0.0077284667	-0.0192133668	0.0557952494	-0.0170155182	-0.0598320476	-0.1196829343	0.0242055641	-0.0746225327	-0.0335183295	-0.0528956832	-0.0048861285	0.0455188217	0.0379607805	-0.0448746689	0.0289943955	-0.0852894346	-0.0059629663	-0.0269718773	-0.0338531337	0.0720469395	-0.0593611358	-0.0104034186	0.0404265609	0.1040962726	-0.018914243	0.0323111521	0.0986171559	-0.0565347122	-0.0605117806	0.0634326486	0.0084822314	-0.1274556323	0.0130794759	0.0805039468	-0.1251073773	-0.0272159721	0.0183103645	-0.0059700595	0.0864855399	0.0983325849	0.0858914684	0.0663089027	0.041213081	0.0199182	-0.0153327999999999	0.0002350947558399	0.00039673469124	-0.0247952	-0.025358374	0.0006430471319238	0.00061480194304	-0.0117251	-0.0405138	0.00164136799044	0.00013747797001	7.79441e-05	0.0002994301	8.965838478600999e-08	6.075282724810001e-09	-0.000210367	1.346000000000024e-06	1.8117160000000648e-12	4.4254274689e-08	-0.000429606	-0.00025555	6.53058025e-08	1.8456131523600001e-07	0.0	0.0	0.0
44087.48698680044	-63.57209787913598	1943706508.811298	4041.4116287544457	69143.96912535626	367.3913566266274	4780888466.40822	134976.4089239537	40665.86516973256	-31.252160904259654	1653712590.002868	976.6975611857356	46022.49522177251	43619.70165733924	1.219565	23.172661	0.059857535	0.0322809	0.08324732	-0.0755584288	0.0299752847	0.0396453826	0.1047593835	-0.0102257429	-0.0085465804	-0.033745391	0.1242878988	-0.115513865	0.0563291277	0.1719980156	-0.0157757213	0.0090124745	-0.1391105924	0.0255029582	0.0525870777	0.0587790169	-0.0492125922	-0.0945307205	0.013965755	0.0178828583	0.008391838	0.1334898936	0.0176250934	0.1032895522	0.1558663283	-0.0274114965	0.0295070885	0.0274554939	0.1371433049	-0.0464162197	0.0718072988	0.0611571117	0.092051899	-0.0258590339	-0.0245947074	-0.1571698525	0.0536541286	0.0194024059	0.0158783588	-0.0947449392	-0.0687901518	-0.010181421	-0.0297149999	-0.0446038429	-0.0266492446	-0.0567602985	0.01502242	-0.0697988562	0.0099736034	-0.022269352	-0.053295526	-0.146143539	0.0557783576	0.0230046442	-0.0552426879	0.1716848794	0.0228007745	0.0066853962	0.0556587361	-0.0036897149	0.0202301442	-0.0247018714	-0.1031679755	-0.0313995806	0.0186019482	0.1006347393	0.094506086	0.0019515233	-0.0759765133	0.0044846509	-0.0444059635	-0.0729375436	-0.0344753609	-0.039494129	-0.0597748878	-0.0880764932	0.0670683011	-0.1253278472	0.079240802	0.0286298372	-0.1387319778	0.0832954615	-0.0340457479	-0.1323290273	-0.036515881	0.0216493493	0.0978351141	0.0839891338	0.0623453902	0.034913343	0.00116097	-0.01875723	0.0003518336772729	1.3478513409000002e-06	-0.0247716	2.3599999999998625e-05	5.56959999999935e-10	0.00061363216656	-0.0120344	-0.0003093	9.566649000000013e-08	0.00014482678336	-0.000131357	-0.0002093011	4.380695046121e-08	1.7254661448999998e-08	-0.000275584	-6.521700000000001e-05	4.253257089000001e-09	7.5946541056e-08	0.000111224	0.00054083	2.924970889000001e-07	1.2370778176e-08	0.0	0.0	0.0
44055.62273328294	-31.86425351750222	1940897894.4173565	1015.3306522276526	69255.15243599858	111.1833106423146	4796276138.9334	12361.728565385429	40574.77121657063	-91.09395316192968	1646312059.2770486	8298.108302667837	45938.39563462182	43492.49286347126	1.27222	24.173159	0.05366634	0.0330239	0.0221838818	0.1164158775	0.0201230789	0.0966148112	-0.0515743532	0.0805463716	-0.0936168323	-0.1231773287	-0.0166132809	0.0267973094	0.0301435759	-0.0686463131	-0.0335312748	0.0066225979	-0.0622703779	-0.020757224	0.093037253	-0.0917926999	-0.2245983647	-0.104889966	-0.1427088697	0.039654764	0.034449481	-0.0247435818	0.0341516754	-0.1191176672	0.0131280533	0.0387740709	0.0173784965	0.0518104756	-0.0305765235	-0.0531612522	-0.1270629014	-0.0208268102	0.012564413	0.1511428775	0.0580262418	0.0173400595	0.0617110703	-0.1148190836	-0.0950730375	-0.0847001645	-0.0637262425	-0.0691061049	0.0398400736	-0.0559112582	0.1223279156	0.0020973508	-0.0441480954	0.0798320025	-0.0753710139	2.33793e-05	-0.0440161145	0.041399375	-0.01886643	0.117378236	0.0158340151	0.0463084463	0.1230707066	0.1363642362	0.0892903302	0.0394957911	-0.0247175064	0.0946053618	-0.0694078673	-0.1348585143	0.0228678962	-0.018873186	0.0566369324	-0.0855603986	0.1402511621	-0.0490639998	-0.0984155154	0.0948165282	0.0151609487	-0.0738671655	-0.0127233238	-0.0153179172	-0.0115651914	0.1950204046	-0.048701375	-0.0721535906	0.0951340638	-0.0079959586	0.0077545057	-0.1927877687	0.0348280179	0.0622001965	0.0973108962	0.0819949584	0.0582285042	0.0284609379	0.00883686	0.00767589	5.89192872921e-05	7.80900946596e-05	-0.0247585	1.3100000000002e-05	1.7161000000005236e-10	0.00061298332225	-0.0196561	-0.0076216999999999	5.809031088999998e-05	0.0003863622672099	0.000410385	0.000541742	2.93484394564e-07	1.68415848225e-07	-0.000275584	0.0	0.0	7.5946541056e-08	-0.000114147	-0.000225371	5.079208764100001e-08	1.3029537609e-08	0.0	0.0	0.0
44002.12008101404	-53.50265226889314	1936186571.6239796	2862.533799806097	68340.30146198087	-914.8509740177104	4670396803.914424	836952.3046611537	40571.88558981605	-2.885626754585246	1646077900.313123	8.32684176677818	45831.810082125376	42903.46139429705	1.279362	24.308855	0.106585065	0.0516107	-0.0982679587	-0.0279508285	0.0834948654	0.035759877	-0.0631327921	-0.1126797658	-0.0084184859	-0.0653359579	-0.0116028772	0.0292517255	0.0861878566	-0.0493592722	0.0841152591	0.0604862201	0.0198379884	-0.0738923114	0.0813311302	0.1697757835	-0.037762742	-0.0992674048	0.0042252269	0.0189559623	0.0502728575	0.0817305356	-0.1227572418	0.0934283016	0.0602775014	-0.0044946987	0.1631383088	-0.0158287149	-0.0208551564	0.0990689759	0.2281183808	0.1269235787	0.0326829084	-0.0120189937	-0.0750042662	-0.1045748951	0.0645645012	-0.0814941203	0.1057796649	0.0941872889	0.0081325287	-0.003435033	-0.0838359025	0.0864711497	-0.0461567092	-0.0192451278	-0.0254351173	0.0906675615	-0.0886474373	0.0375268045	-0.0868893616	0.02968151	-0.1091959103	-0.0496885218	0.0183648193	0.0226555332	0.1003851184	0.022075873	0.0477208391	0.0248824229	-0.1210311652	-0.0934691293	-0.1433088684	0.1060466586	0.0801991019	0.0982797682	0.0354072003	-0.0586988151	-0.0069293165	-0.0732752398	0.0382777679	-0.0424100457	-0.0990834004	-0.0710375046	0.0568528274	0.0079375127	0.1890177214	-0.1700903783	0.0156697364	0.0241936906	-0.0580361298	-0.1304717452	-0.1002037179	0.0146103651	0.0328021963	-0.0042963842	0.0967600744	0.0799111227	0.0539683725	0.0218840804	-0.00122276	-0.01005962	0.0001011959545444	1.4951420176000002e-06	0.0118433	0.0366018	0.0013396917632399	0.00014026375489	-0.0126098	0.0070463	4.965034369e-05	0.0001590070560399	5.54476e-05	-0.0003549373999999	1.2598055791875996e-07	3.07443634576e-09	0.000277519	0.000553103	3.05922928609e-07	7.7016795361e-08	3.53595e-05	0.0001495065	2.235219354225e-08	1.25029424025e-09	0.0	0.0	0.0
44149.21237543681	147.0922944227641	1949152953.3714223	21636.14307855312	69581.32971549267	1241.0282535118022	4841561444.976103	1540151.126014554	40652.08845393765	80.20286412160203	1652592295.6667707	6432.499413308159	46043.5401377646	43794.41491511418	1.341917	25.497454	0.162427125	0.0839802999999999	0.0769339565	-0.0280786183	0.0055187054	0.1165418547	0.1268417215	0.0107809321	-0.0527850055	-0.0097032007	-0.1279034156	-0.0572789571	0.1003647617	0.0914028993	-0.0529444717	0.0432558542	-0.008581722	0.0723549836	-0.0010373664	-0.0679499523	0.0361927614	0.0411383369	0.1296310298	0.0888734606	0.0258364113	-0.12573185	0.031363117	0.0992520449	-0.0684859502	-0.0323555208	0.0427983973	0.0198694961	-0.0449857771	0.0235583551	-0.0932867818	0.1134825215	-0.0106345048	0.1426243342	0.1427863806	0.0095231028	0.0551141174	0.1198065528	0.0951456979	-0.1066237776	0.068170023	0.0041421065	0.0001785948	0.0808387661	-0.0432779317	-0.0690437625	0.0005114295	0.1014942113	0.0207243533	0.0006442942	0.1053027386	-0.0541663002	0.0270397811	0.0950401658	-0.0690503361	0.0624845859	-0.0805854107	-0.1416735692	0.133078479	0.0030028813	-0.0754847928	0.0669842073	0.0446642897	0.1246297498	0.0286834053	-0.0044943717	0.0078964459	-0.1014682295	0.0469230623	0.0985673743	0.0692582615	0.049779015	0.1209176314	0.0071717633	0.0214617903	-0.0179340615	-0.0483063292	0.0050392013	-0.0611537673	0.0221893538	0.0273696798	0.0350091631	-0.0212921015	-0.0938194006	0.0830436225	-0.164015772	0.0961827994	0.0777399053	0.0495754752	0.0152115293	-0.00125028	-2.7520000000000065e-05	7.573504000000033e-10	1.5632000784000005e-06	-0.0565321	-0.0683754	0.00467519532516	0.00319587833041	-0.0338257	-0.0212159	0.00045011441281	0.00114417798049	-0.000593467	-0.0006489146	4.2109015809316e-07	3.52203080089e-07	-0.000275584	-0.000553103	3.05922928609e-07	7.5946541056e-08	-0.000218789	-0.0002541485	6.459146005225e-08	4.7868626521e-08	0.0	0.0	0.0
44151.4869662104	2.274590773595264	1949353801.3274472	5.173763187324703	68537.89130254988	-1043.4384129427926	4697442544.200142	1088763.7216045738	40641.48471437278	-10.603739564867285	1651730279.7885964	112.4392927595318	45901.44950799291	43284.433721343856	1.339388	25.449408	0.1092993	0.0632244	-0.0942413765	0.0636630498	0.0155132771	0.0052428945	-0.1354479582	-0.0500992085	0.0506487953	-0.0452789124	0.0482180711	-0.1390271758	0.063700103	0.014896709	-0.0091322772	0.1871985388	0.046021704	0.115496817	-0.0361668954	-0.0250332601	0.0695275733	0.0644288414	-0.2121500793	0.0763419921	-0.0003712639	0.0836850177	-0.013500809	0.0721216224	-0.0419298251	-0.0093859942	-0.0517641544	0.0237735803	-0.0950102938	-0.0006413728	-0.0391071652	-0.0925075682	0.1049573484	0.0265355367	0.0783372968	0.0514958072	-0.0078886272	-0.10988752	0.017040662	0.1439046455	0.1263668913	-0.0482158912	-0.0462724086	5.78453e-05	0.0441911455	-0.0694688244	-0.0312806108	0.0320921559	-0.052429899	0.0863491388	0.0100183858	0.0684531836	-0.0909091493	-0.0346668877	-0.1495174742	0.0861297711	-0.0309212669	0.0689379882	-0.0064196855	0.0596517914	0.0136787056	0.1181716597	0.0109649163	0.132411112	-0.0473807797	0.0261156277	-0.0374838538	-0.0593002487	0.0572401983	0.1163422471	-0.0135570484	-0.0620510149	-0.0122491149	-0.0790166481	0.0409017972	-0.001116898	-0.1211889146	0.0220258048	0.0096035474	0.0254965712	-0.0131695576	-0.0103311106	-0.0878100004	-0.0121764626	0.0024173707	0.0494887292	0.0955792289	0.0754836805	0.0450606192	0.0084724621	0.0045131	0.00576338	3.32165490244e-05	2.036807161e-05	-0.0215996	0.0349325	0.00122027955625	0.00046654272016	-0.0337887	3.700000000000231e-05	1.369000000000171e-09	0.00114167624769	0.000350416	0.000943883	8.909151176889999e-07	1.22791373056e-07	-5.89556e-05	0.0002166284	4.692786368656e-08	3.47576277136e-09	-0.000429606	-0.000210817	4.4443807489000014e-08	1.8456131523600001e-07	0.0	0.0	0.0
44179.92787158836	28.440905377960007	1951866026.7387505	808.8850987180745	69293.59037815554	755.6990756056621	4801601667.49561	571081.0928712522	40680.88567523641	39.400960863626096	1654934459.3216548	1552.4357169769953	46035.5082828057	44180.23545518418	1.343408	25.525782	0.0827085144999999	0.0422842	0.0574591378	-0.1074426415	-0.0325410518	0.0453982792	0.1146325295	-0.0345620471	-0.0219201838	0.0522452191	0.1270041645	-0.1426180379	-0.0523079971	0.1435955845	-0.0015182676	-0.0314317667	-0.1130768364	-0.0228657242	0.138403493	-0.0097154454	0.0947842824	-0.0699699747	-0.1124956021	0.0622433726	0.1274653009	0.0785877936	-0.0736676798	-0.0885923467	0.1036174516	-0.1221258463	0.0248026813	-0.070584132	-0.0066363608	-0.0045984402	0.0569756021	0.0259321698	-0.1259397076	-0.0036565688	0.0393033036	0.0303672121	-0.1209365748	-0.004467092	-0.0725605855	-0.1214348877	-0.0798153443	0.0369607469	0.0046685287	-0.0255685098	0.0673881001	0.0201761585	0.0204687135	-0.1049214287	0.0261923205	0.0257619393	0.0272986992	-0.1490472474	0.0178401148	-0.0021098028	-0.0312746456	0.1186278718	-0.0061084791	0.1510509376	-0.0167641591	-0.0911309847	-0.0083169845	-0.0472810452	0.0388279015	0.0079069717	-0.0376845864	-0.0103000215	0.0336728508	-0.1399901503	0.090438468	0.023949711	0.0704046911	-0.0552274	-0.1277606238	-0.0574346338	-0.058660306	0.0121601378	0.095739567	-0.0698363008	-0.0143464663	-0.1001493216	-0.0941725038	0.0013733692	0.1388260423	-0.0312635397	0.0029367329	-0.025079065	0.0949495281	0.0731449155	0.0404349114	0.0016963469	-0.00123939	-0.00575249	3.30911412001e-05	1.5360875721e-06	-0.0107154	0.0108842	0.00011846580964	0.00011481979716	-0.0314055	0.0023831999999999	5.679642239999976e-06	0.00098630543025	6.42391e-06	-0.0003439920899999	1.1833055798256809e-07	4.1266619688100006e-11	-0.00029831	-0.0002393543999999	5.7290528799359996e-08	8.898885609999999e-08	0.00026082	0.000690426	4.766880614760001e-07	6.80270724e-08	0.0	0.0	0.0
44102.50505958941	-77.42281199894933	1945030952.5311096	5994.291817824652	69026.24344080822	-267.3469373473199	4764622283.54972	71474.3849089918	40637.46644134161	-43.4192338947978	1651403678.7711656	1885.229872011158	46009.87911084442	43607.98614715991	1.304919	24.794455	0.0665976445	0.0351495	0.0248990809	0.1080537933	-0.0140428593	0.0747575453	-0.0610551117	0.0427190545	-0.1334185278	-0.0388702569	0.0020245083	-0.0219897333	-0.0189833812	-0.0328298096	-0.0440762415	-0.0313231877	-0.0253995858	0.0381946828	0.0486290485	-0.0378214861	0.0458358005	-0.091872174	-0.1454410411	-0.0399671821	-0.0645555565	-0.034294126	0.1302367919	0.0163291026	0.0398496545	0.0072176872	0.0425850608	-0.020086285	-0.0330553329	0.1521384867	-0.0186959706	-0.0417002949	0.0370294389	0.0559496315	-0.0328050221	0.0166365811	-0.0190778944	-0.0099831848	0.0726584418	0.0721170935	0.0231250646	0.1065962099	-0.0245529351	0.0076976153	0.1029166251	-0.0848445986	0.0418998782	-0.0087363431	0.0605230591	-0.0224875199	0.0651617124	0.0247169628	-0.0288459272	0.1273222287	0.0116266404	0.0224150824	0.0320376504	0.1214425453	0.0709912923	0.0639754657	0.0573135302	0.0208551245	-0.0679567896	0.097027142	0.0906139497	-0.0559562676	0.0696733789	0.0188484063	0.0272707499	-0.0715984397	-0.0145771611	-0.0174523017	0.0159120585	-0.0162561695	0.1179518432	0.0140262275	0.0243418674	-0.0267518171	-0.0315096105	-0.1017878171	-0.0131618931	-0.0025571592	0.0648657877	-0.0451284781	0.0095101782	-0.0362137448	0.094293869	0.0707261675	0.0357097311	-0.0050871859	0.00498205	0.00622144	3.87063156736e-05	2.48208222025e-05	-0.0107289	-1.3499999999999623e-05	1.8224999999998983e-10	0.0001151092952099	-0.0412542	-0.0098486999999999	9.69968916899999e-05	0.0017019090176399	0.000374198	0.00036777409	1.352577812753281e-07	1.40024143204e-07	-0.000161964	0.0001363459999999	1.859023171599999e-08	2.6232337296e-08	-0.00024534	-0.00050616	2.561979456e-07	6.01917156e-08	0.0	0.0	0.0
44137.94374407444	35.43868448502326	1948158077.95508	1255.9003580290282	68865.70904799471	-160.53439281351166	4742485882.68306	25771.291276002863	40682.02734375	44.56090240838967	1655027348.797623	1985.674023450028	46026.19616699219	43717.85289511012	1.201094	22.821701	0.05061842	0.0334509	-0.0382436249	-0.0675446115	0.014587177	0.0408643776	0.0149326489	-0.0778104948	-0.0025935664	-0.0205670991	0.0064761608	0.0227891023	0.0333719013	0.1097029325	-0.0055238032	0.0270286322	0.0331487549	-0.0205837381	-0.0516883699	-0.1127679989	-0.0175215185	-0.0912575713	0.0078930277	0.0207649424	-0.1202594008	-0.0629617135	-0.0158078961	-0.0156185949	0.1477582784	0.0664274793	0.0228005017	-0.0151577028	-0.0075410325	0.0664487597	-0.0113436068	0.0221391386	0.0709509776	-0.1060747908	-0.2232211276	-0.0162230874	0.0143781818	0.0524532729	-0.0233605306	-0.1432010161	0.0968641154	0.0441636532	0.0704176054	0.0205973896	0.070361433	0.0186776807	-0.094688306	-0.1219265307	-0.0079876689	-0.0410968689	-0.0912604017	-0.0577543549	-0.0688307183	0.0159986971	-0.1173658203	-0.0659178579	-0.0498551396	-0.0560652104	-0.0293945462	-0.0083055505	0.0799728931	-0.0554699712	-0.1182747086	-0.0175850623	0.0436965975	-0.0135236685	0.1273525045	0.0616484753	0.0275155465	-0.173431419	0.0091482635	0.0609388187	0.0520109809	0.0371410721	-0.1036881968	-0.0508582581	0.0865567906	-0.1229120521	0.1024932271	-0.0797618092	0.0278182609	0.0847787674	0.0655510577	-0.1334040034	-0.0176639665	0.0416430998	0.0936124309	0.0682300815	0.0308967027	-0.0118484738	-0.00123142	-0.00621347	3.8607209440900005e-05	1.5163952164e-06	-0.0107092	1.9699999999999232e-05	3.8808999999996976e-10	0.00011468696464	-0.0337823	0.0074718999999999	5.5829289609999946e-05	0.00114124379329	-0.000179803	-0.000554001	3.06917108001e-07	3.2329118809e-08	-0.000161964	0.0	0.0	2.6232337296e-08	-0.000429606	-0.000184266	3.3953958756000014e-08	1.8456131523600001e-07	0.0	0.0	0.0
44104.97325731382	-32.97048676061968	1945248666.028367	1087.0529972321974	69478.56337158999	612.854323595282	4827270768.180046	375590.42194943066	40654.6970601544	-27.330283595598303	1652804393.052927	746.9444014158297	46076.160800755104	43575.58950261595	1.177847	22.379997	0.06160762	0.0415911	0.0649906407	0.078034334	0.0202463281	0.1317543672	0.0035590267	0.07710144	-0.1359521938	-0.0439136012	-0.0142231773	0.1093850035	0.041472407	-0.0482684474	-0.0279262193	-0.0772005698	-0.0278490901	0.009308283	-0.030481223	-0.1642000655	-0.0372447596	-0.0956781209	-0.0488413664	-6.63313e-05	-0.0806471868	0.0170301672	-0.0038536934	-0.0148147052	0.0395245382	-0.0329198237	0.1676839752	-0.0066936787	0.0749707046	-0.0210841152	0.0419548682	-0.0652468352	0.0310680744	-0.0248193546	-0.0055811779	0.1538245327	-0.0004288334	0.0532498854	0.0651051878	-0.0899039252	-0.0891547494	0.0479975635	0.0533431094	0.07617936	0.0837053595	-0.0609958143	-0.1155132996	-0.0679142038	0.0519039621	0.1083285469	0.1461280796	0.0165714397	0.0112376383	0.1453219391	0.0422332795	-0.0208361567	0.0247939355	0.0681722537	0.0847628365	0.0186721587	0.0758779558	-0.0069659298	-0.0622129319	-0.0714110106	-0.0496085227	-0.0616804505	0.0637385182	0.0987163033	0.0710071023	-0.0391718899	-0.0262418026	0.0122582296	0.0883870383	-0.0763188942	-0.015732457	0.0385367163	-0.0668606937	-0.0576233515	-0.137814185	0.0088466913	-0.1645944211	0.1078722741	0.0922105805	0.0619045354	0.0579008142	-0.0112821719	0.0929054001	0.0656593869	0.0260076665	-0.0185579513	-0.00123142	0.0	0.0	1.5163952164e-06	-0.0495386	-0.0388294	0.00150772230436	0.00245407288996	-0.0184953	0.015287	0.000233692369	0.0003420761220899	-2.99796e-05	0.0001498234	2.244705118756e-08	8.9877641616e-10	-0.000161964	0.0	0.0	2.6232337296e-08	-0.000429607	-9.999999999615351e-10	9.999999999230705e-19	1.84562174449e-07	0.0	0.0	0.0
44093.48466447708	-11.488592836736643	1944235389.856476	131.9877653683165	68634.7297752952	-843.8335962947895	4710726131.327793	712055.1382357978	40668.73193243942	14.034872285017627	1653945756.9926176	196.97764005675592	46018.19652928119	43195.935706174	1.384643	26.309278	0.09222988	0.0506059	-0.0914707921	-0.0625821255	0.0982166548	-0.0023036171	-0.0311842674	-0.1168968888	0.0228454903	-0.0230088567	-0.0025111074	0.0460172838	0.0679535527	0.0692088629	0.057913461	0.1128560575	0.1117078264	-0.0957236206	-0.121319595	-0.0030102074	0.0275421039	-0.0607663207	-0.0809664671	-0.0312491514	-0.1001616146	-0.0491918195	-0.0436010402	-0.0076084463	-0.0051486784	-0.0269661697	-0.008600806	0.0257298102	0.0162205156	-0.1021274989	-0.0184794073	-0.0547365491	-0.005229089	0.0275111277	-0.0758065726	-0.0606305204	-0.0268887933	0.0148508501	0.0316869425	-0.0784306185	-0.0944936511	0.2473541813	-0.0505849394	0.05560137	0.1209276202	0.0223610607	0.085433858	-0.0292498777	0.057783793	0.0729071584	-0.0894856383	-0.0379965708	-0.1113748116	-0.0385103211	-0.1405194298	-0.034097767	0.0412052887	-0.0291924293	-0.0420563284	0.1525705671	0.0445567697	-0.0670720854	-0.0843359618	0.0628650376	-0.0118838978	-0.0639985195	0.0075233014	0.0791503596	0.0194973127	0.043094824	0.0408761938	0.0743910447	-0.0444187297	0.0402608328	0.0657617449	-0.0866502105	-0.0205027602	-0.0442361696	-0.0781628067	-0.1968247202	-0.0771777805	0.0460945623	0.0369962728	-0.0004783918	-0.1436312364	0.048657236	0.0921729699	0.0630168947	0.0210546499	-0.0251862796	-0.00543412	-0.0042027	1.7662687290000002e-05	2.95296601744e-05	-0.0139908	0.0355478	0.00126364608484	0.0001957424846399	-0.0337719	-0.0152766	0.00023337450756	0.00114054122961	0.000486931	0.0005169106	2.6719656839236e-07	2.37101798761e-07	-0.000161964	0.0	0.0	2.6232337296e-08	-0.000202462	0.000227145	5.1594851025e-08	4.099086144399999e-08	0.0	0.0	0.0
44125.14364620569	31.65898172860761	1947028301.7982864	1002.2911240923108	69480.95918159609	846.2294063008885	4827603688.794621	716104.2080883542	40626.57205784575	-42.1598745936717	1650518357.1713328	1777.4550257541248	45985.55678018062	43535.57025361903	1.416298	26.910744	0.0612614	0.0328521	0.111453419	0.0113620774	0.0337438626	0.0317880429	0.0925991482	0.0568450866	0.0274992419	-0.0888684987	-0.067449679	-0.0477958897	0.0529104696	-0.014101559	-0.0753243305	-0.0387003352	-0.060035669	-0.0335776957	-0.0561430687	0.0236930126	0.045282671	0.0008483594	0.0499144316	-0.0746678671	0.00949053	-0.1083575898	-0.01244404	0.1470056527	0.0886999092	-0.0035559268	-0.0481731989	-0.0367984206	0.1208718807	-0.119461376	0.064737301	0.0336915115	-0.0346251584	0.0395771941	0.0711227912	-0.0144832942	-0.0711183257	-0.1778580902	0.0114180936	-0.0314189805	0.1611908562	-0.0058036553	-0.0515351272	-0.0253719174	0.1145382216	0.1385510251	-0.046477623	0.0258606123	0.1086428365	-0.0627326257	-0.0628681111	0.0096889589	0.0643574901	0.0961392552	-0.0112091816	-0.0528638749	-0.0108108409	-0.1284794395	-0.0427033734	-0.016612382	-0.0799767503	-0.0457865842	0.0754296332	0.1168797637	0.0571997279	0.1257815412	0.0131975797	-0.0401719208	0.161665897	0.0223265438	0.0002920563	0.0034747247	0.1358006493	0.033041541	-0.0671663372	-0.0735107536	0.0989123656	0.0501769177	-0.0060050176	-0.0278570105	-0.1563628634	-0.0598041105	0.0041850456	0.0414152031	-0.1023419948	0.1174031353	0.0914153405	0.0603054945	0.0160498375	-0.0317044747	-0.00123142	0.0042027	1.7662687290000002e-05	1.5163952164e-06	-0.0249481	-0.0109573	0.00012006242329	0.00062240769361	-0.0217108	0.0120611	0.00014547013321	0.0004713588366399	3.327e-05	-0.000453661	2.0580830292100002e-07	1.1068929e-09	-0.000161964	0.0	0.0	2.6232337296e-08	-0.000429607	-0.000227145	5.1594851025e-08	1.84562174449e-07	0.0	0.0	0.0
44095.4556001173	-29.688046088391275	1944409204.581916	881.3800805464444	68635.20393615126	-845.7552454448305	4710791219.357073	715301.9351974454	40565.66418485889	-60.90787298685609	1645573110.7587433	3709.768991782994	45832.753989918005	43243.03509217689	1.483263	28.183138	0.07697369	0.0393284	-0.1394263962	0.0428221435	0.0772363706	0.0021085318	-0.1096499869	-0.0652261887	0.067706046	-0.0770329466	0.020928008	-0.0464918321	0.0223960008	-0.0908319394	0.0803121108	0.0588310495	0.0141837245	-0.0093457108	0.1200879582	0.093996483	0.044099966	-0.0791520843	-0.0813800868	-0.0104663688	0.0118409349	0.0550583089	0.0890598238	0.1429750225	-0.1025319065	0.0038761537	-0.1570472369	-0.0753538959	0.0469657569	0.0047002702	0.1062834644	-0.0289251644	-0.0663541999	-0.0202657059	0.03223499	0.033528952	-0.0127001059	-0.0255471945	0.0429813835	0.0043525362	0.0499745065	0.0398805485	-0.0127463336	-0.0044870774	0.0186799571	-0.1581233876	0.124407399	-0.0971430264	0.0233257052	-0.1049495257	-0.0773204423	0.0774691845	-0.0649595661	-0.0724356171	0.0408678567	0.0803081839	0.0511172441	0.0573412475	0.0323759369	0.0426674774	-0.0953133559	0.0311382752	-0.0160750551	0.1435526764	-0.0358349183	0.10709909	0.0798242674	0.0304788972	-0.0362600664	0.0739250419	-0.0040843056	-0.0574369221	-0.0162840987	0.2091978588	0.0370571827	0.0179105781	0.009085043	0.0045979864	-0.0614069401	0.0215400626	-0.0497441543	0.0750320969	0.0074264435	0.0844256374	-0.0952482778	0.0529251899	0.0906327191	0.0575281511	0.0110055415	-0.0380840342	-0.00123169	-2.699999999999144e-07	7.289999999995379e-14	1.5170602560999995e-06	-0.00913153	0.01581657	0.0002501638865649	8.33848401409e-05	0.00334945	0.02506025	0.0006280161300625	1.12188153025e-05	0.000611189	0.000577919	3.339903705610001e-07	3.7355199372100004e-07	-0.000161964	0.0	0.0	2.6232337296e-08	-0.000285594	0.0001440129999999	2.073974416899999e-08	8.1563932836e-08	0.0	0.0	0.0
44159.50510982406	64.04950970676146	1950061891.544577	4102.33969367653	68939.55879097109	304.3548548198305	4752662766.293759	92631.8776524001	40640.74634308511	75.08215822622151	1651670263.322986	5637.330483907363	46054.53996585299	43547.14848746045	1.393735	26.482027	0.12222711	0.0550122	0.0510750751	-0.0742702203	0.0288783971	0.0334234617	0.0641565362	-0.0538449528	0.0001461439	0.0239765348	0.1731724327	-0.0705843371	-0.0621199129	0.0545251391	0.089631362	-0.0609399155	-0.1387470015	-0.0094127273	0.0819786294	0.0011709973	0.0660528261	0.0359830694	-0.0871067967	0.0341705815	0.0879864822	-0.1492239235	0.0938269751	0.0259573917	-0.1060192744	0.0507495733	-0.130759968	0.0686462551	0.0263171209	0.0534213783	-0.0481607892	0.1590157203	0.0315703876	-0.0451332111	0.033111481	-0.1161092257	-0.0962548612	-0.0662151605	0.0316942855	0.0132385604	0.0836121179	0.1036622086	0.0493394276	-0.1387101735	-0.0304683315	0.0280831241	-0.074744107	-0.0584027592	0.089920298	-0.0312830755	0.000351833	-0.1113567145	-0.0402934679	0.0258747418	0.0671358709	0.0734915137	0.0182758642	0.1259702694	-0.0935799043	-0.0647904524	-0.0496159246	0.0415644543	0.0305503985	0.077423533	0.0353771895	-9.77521e-05	0.015476295	-0.1261737144	0.0925857989	-0.0498231282	0.0345458612	0.0157552266	0.0700146557	0.1312001378	0.0493428495	-0.118691926	-0.0061374879	-0.0206647144	0.0539791335	-0.0693800472	0.0670161167	-0.1007954489	0.0383706342	0.0296953894	-0.0809232804	-0.0543115788	0.0898253196	0.0546879015	0.0059341712	-0.0442970619	0.0174091	0.01864079	0.0003474790518241	0.00030307676281	-0.0214083	-0.01227677	0.0001507190816329	0.00045831530889	-0.0386245	-0.0419739499999999	0.0017618124786024	0.00149185200025	1.6536e-05	-0.000594653	3.53612190409e-07	2.7343929599999994e-10	-0.000384693	-0.000222729	4.9608207441000014e-08	1.4798870424900005e-07	-0.000116264	0.00016933	2.8672648900000014e-08	1.3517317696e-08	0.0	0.0	0.0
44162.74375152542	3.238641701362212	1950347935.6628976	10.488800069802323	69091.04363675692	151.48484578583157	4773572310.816249	22947.65850275717	40676.11962544327	35.373282358159486	1654546707.7833714	1251.269104790077	45999.83709316432	43622.05285534061	1.244429	23.645096	0.06941195	0.0309301	-0.0048076049	0.0902448888	0.0267098365	0.0951207102	-0.0575537724	0.0430372278	-0.0569024415	-0.0277448713	-0.003553503	-0.0532989647	-0.0166861981	-0.0569120488	-0.0203606539	-0.0460816583	0.011073337	0.0612089632	0.1007382688	-0.0419293399	-0.0239674968	-0.0460370892	-0.0962771022	0.0563603249	-0.088738629	-0.0185708953	0.0081169698	-0.0596942555	-0.1539157936	0.0500875165	-0.004761056	0.0432013252	0.0111494062	0.055142599	-0.0668522979	-0.0808160368	0.0198277247	0.157023117	-0.0654043988	-0.0441477861	0.0534027325	-0.0474823455	0.0562306762	0.0853204552	0.0987632186	0.1748142483	-0.0380769767	0.024110792	-0.1062677698	-0.0527461848	0.0441386419	-0.1577867778	0.0579151675	-0.0533386315	-0.0825258276	0.0450722507	-0.0243288385	0.0810278075	0.027398601	0.035369939	-0.0006904364	0.1136217526	0.0612405642	0.0800978771	0.008463327	0.0612211539	-0.0653157868	0.0519329405	-0.0599511887	-0.0797156121	0.0926421471	0.0106066983	-0.0371826853	0.0235768121	-0.0303408716	0.0708624433	-0.0123049317	0.0237266256	0.0780698022	0.0263967574	0.0698181071	0.1319245061	0.0039990308	-0.0341825294	0.0937363531	-0.053779964	-0.0583688665	-0.1065622308	-0.0409752805	0.0366591688	0.0889933628	0.0517878515	0.0008482025	-0.0503163898	0.0115578	-0.0058513	3.423771169e-05	0.00013358274084	-0.0384596	-0.0170512999999999	0.0002907468316899	0.0014791408321599	-0.0336005	0.005024	2.5240576000000008e-05	0.0011289936002499	0.00035512	0.000338584	1.1463912505600001e-07	1.261102144e-07	-0.000562473	-0.0001777799999999	3.1605728399999985e-08	3.16375875729e-07	-0.000429607	-0.000313343	9.8183835649e-08	1.84562174449e-07	0.0	0.0	0.0
44142.04038121328	-20.703370312141487	1948519729.016664	428.6295422816615	68548.413413579	-542.6302231779264	4698884981.518936	294447.5591061262	40644.427953697545	-31.691671745727945	1651969523.6833105	1004.3620580389708	46043.5962825913	43033.15136100113	1.266962	24.073252	0.0652528	0.0345997	-0.028083921	-0.0739039148	0.0821935359	-0.0113633139	-0.0274323145	-0.0945369572	0.0733387449	-0.0044985817	0.0513666322	-0.0167353945	-0.0283143233	0.0692316939	0.0162464095	0.0958808754	0.057440836	-0.0804263067	-0.0524350255	0.0206510881	-0.0170193594	0.033887762	0.0099852189	0.0840530143	0.1235701795	0.0545863498	-0.0113284681	-0.0250519911	0.0064375508	0.0282136497	-0.0688048582	-0.0560509374	-0.0092489658	0.1367673371	0.0101246914	0.0644765821	0.0518874978	0.1229273991	-0.168054551	-0.1177221894	0.093457676	0.0583373399	-0.0178322079	0.048690226	0.0096840013	-0.0391241933	-0.0476546998	-0.0599356096	0.075149428	-0.0175515415	0.0130994634	0.0745329093	0.1348384306	0.0267265009	-0.0772533914	-0.033223219	-0.1002635721	-0.010956571	-0.1302281779	-0.0357975652	0.0218507884	-0.0653879557	-0.1114971128	0.0863839199	0.0005604642	-0.0228740058	-0.063551517	0.0196257012	-0.0726196215	0.0635043801	0.0703906542	-0.1175242654	-0.0939210836	-0.0093514378	0.0226895414	0.0775748134	-0.0690049973	0.0845147706	0.1720665433	0.0196261868	0.115168109	-0.0245983969	0.1031390283	-0.1075897352	0.0468623701	0.0218546737	-0.0122439327	-0.1128836158	0.1453350437	0.0463827682	0.088137076	0.0488311722	-0.0042398529	-0.056115697	0.0185603	0.0070024999999999	4.9035006249999976e-05	0.0003444847360899	-0.0141596	0.0242999999999999	0.0005904899999999	0.0002004942721599	-0.0455299	-0.0119294	0.00014231058436	0.00207297179401	0.000333178	-2.1942e-05	4.814513640000001e-10	1.11007579684e-07	-0.000143997	0.000418476	1.7512216257599998e-07	2.0735136009000003e-08	-0.000429607	0.0	0.0	1.84562174449e-07	0.0	0.0	0.0
44145.919072994126	3.878691780846566	1948862170.7993464	15.044249930806703	69317.98199244197	769.568578862978	4804982627.50451	592235.7975731837	40662.9334829344	18.50552923685609	1653474159.4375477	342.4546123361356	45978.21499278364	42998.0056238511	1.154853	21.9431	0.13890981	0.0746401	0.0461631146	0.0166690144	0.0491512061	-0.0241681085	0.0074744155	0.069800825	-0.0109510261	0.0456480552	0.1261278695	0.0078125369	0.1392533567	-0.0308664318	-0.0390965938	-0.1412196268	-0.0186683159	-0.0404858135	-0.0902427446	-0.0097674112	-0.0294688906	-0.0597016236	-0.0002206188	-0.0414203958	-0.0058165314	0.0420731984	-0.0953166505	0.03779928	0.1042799456	-0.1376872321	-0.0909641069	0.080531876	-0.0584039869	0.0650405597	0.0642819163	-0.0002992765	0.0296992649	-0.0518341952	0.0133309635	-0.0253438611	0.0349465831	-0.0577797701	0.0837699123	0.0134024768	0.0281789561	0.0031649979	0.1408666781	-0.0563393262	-0.0471396659	-0.0502027353	-0.0640631909	0.095906839	0.1562965157	-0.034583489	-0.0797268188	0.0375616492	0.0190890471	0.1043160283	0.0149471837	-0.0480744133	-0.0221386461	0.0121462982	-0.0982075783	0.0949423343	-0.1330966675	-0.1393562953	0.0320252032	0.0331091574	0.0010128104	-0.0309396744	0.1206251273	-0.0404068898	0.0053532103	-0.0301779373	0.1153812098	-0.1681355123	-0.0850527833	-0.0160225774	-0.119668182	-0.1529454593	0.0230798584	0.0061990766	0.105526707	-0.0011216066	-0.0382305703	0.0476477445	-0.0432466558	-0.1047835921	-0.0649775408	-0.0267059018	0.0872566935	0.0458210968	-0.009317478	-0.0616696245	-0.00126211	-0.01982241	0.000392927938208	1.5929216521000003e-06	-0.0028833	0.0112763	0.00012715494169	8.313418890000001e-06	-0.0782318	-0.0327019	0.00106941426361	0.00612021453124	0.000580776	0.0002475979999999	6.130476960399998e-08	3.37300762176e-07	-0.000143997	0.0	0.0	2.0735136009000003e-08	0.000824979	0.001254586	1.573986031396e-06	6.80590350441e-07	0.0	0.0	0.0
44335.99918796996	190.0801149758336	1965680823.995673	36130.450109226105	69211.58937932613	-106.39261311583688	4790244104.41245	11319.388125616142	40681.561117113626	18.627634179225424	1654989414.9254513	346.98875511504724	46024.10693751569	43966.49672669286	1.329162	25.255095	0.17985727	0.109812	-0.0454727707	-0.0272068057	-0.0461987956	-0.0461400828	-0.0341038887	-0.0207132382	0.069634834	0.1032477454	-0.0067137772	-0.0689072631	-0.0010558023	0.0076646835	0.0820050535	0.0439383337	-0.0561576227	0.0748059765	-0.1850109568	0.0109000087	0.0883258014	-0.0159887249	-0.0338792081	-0.0168423564	-0.0081748529	-0.0645741333	-0.0192072609	0.0147470931	-0.0564085552	-0.0115752756	-0.0689729049	0.013154907	-0.0374803822	-0.1783234863	0.0445821334	-0.0905951189	-0.0610984297	-0.0732206418	-0.040398414	0.1531257595	-0.0911045781	-0.0611933234	0.0468356894	0.0003994873	-0.0768261369	0.0445012129	0.1563775363	-0.1410303208	-0.1069865674	0.0297388343	0.10729194	0.0019025271	0.0056903732	-0.0043587587	-0.0355819515	-0.0072672121	-0.0401437432	-0.051146331	0.0098053839	0.0443500653	-0.086014173	-0.1126093686	-0.1784946224	0.0748255554	0.1360150217	-0.019710844	-0.1054562382	-0.0242776638	0.0077318058	0.0050912808	0.0112143821	-0.0170306644	0.0378953735	0.0325519752	0.0036202414	-0.0019201937	-0.0428516206	0.1040406136	-0.1188103225	-0.0061136319	-0.0583221495	0.0980999106	-0.2105529759	-0.0286921055	0.0780893591	0.1659169396	0.0501972259	0.1758869887	-0.1410685949	0.0244003539	0.0863524559	0.0427609166	-0.0143721814	-0.0669538864	-0.00124154	2.0570000000000137e-05	4.231249000000056e-10	1.5414215716e-06	-0.0321373	-0.029254	0.000855796516	0.00103280605129	-0.0214588	0.056773	0.003223173529	0.00046048009744	-0.000867255	-0.001448031	2.096793776961e-06	7.52131235025e-07	-0.000143997	0.0	0.0	2.0735136009000003e-08	0.000396816	-0.000428163	1.8332355456900002e-07	1.57462937856e-07	0.0	0.0	0.0
44251.35330413963	-84.6458838303297	1958182269.2477891	7164.92564941767	69926.70449918567	715.1151198595326	4889744002.116433	511389.63465171366	40707.16714455895	25.606027445326617	1657073456.9350598	655.66864153082	46100.260945474605	44340.18651128344	1.320879	25.097719	0.063357705	0.046098	0.0950031293	0.0392206256	-0.0623985388	0.0410053907	0.0321511088	0.1152657897	-0.0951167833	0.0113314404	0.0231089814	0.1066388922	0.0236605492	-0.0057579889	-0.0550074648	-0.1060491319	-0.0010662546	0.0038620564	-0.0380225069	-0.0642136464	-0.014987876	-0.0224102293	-0.0072370065	0.042647145	0.0839536456	0.0006622284	-0.0878710457	-0.0340100598	0.0860398294	-0.0128158258	-0.0993930407	-0.0642526685	0.0949075	0.007193467	0.0058358692	0.0808424457	0.0808417511	0.0155274893	0.0184846222	0.0101580535	-0.0253828544	-0.0865781837	0.0989873005	0.0705406326	-0.0690722463	-0.0108490415	-0.0616676001	-0.0482048701	-0.0562884184	-0.0208842407	-0.0998339853	-0.0304521655	0.0260487478	-0.1852100748	0.1264880465	0.0153446556	0.0567601355	0.0998827241	0.0327089117	-0.0785837468	-0.0204419544	0.0630985201	0.0010104298	0.0631441411	-0.0017249614	-0.0304768945	0.0163229089	-0.034132865	-0.1120225873	0.1120690008	0.1493417175	0.0296936746	0.1257307889	0.0159160089	0.140848991	0.0641568846	0.0085215165	-0.0765334619	0.0293069737	-0.0599929038	-0.0145291786	-0.0817035393	-0.0068667809	0.1023737213	0.0639430676	0.109383739	0.0427412594	0.118337609	0.0619819831	-0.0194182781	0.0854246103	0.0396539781	-0.0193915285	-0.071945376	-0.00882188	-0.00758034	5.746155451560001e-05	7.782556673440002e-05	-0.0256645	0.0064728	4.189713984000001e-05	0.00065866656025	-0.0214575	1.2999999999992184e-06	1.689999999997968e-12	0.00046042430625	-1.87937e-05	0.0008484613	7.1988657759769e-07	3.5320315969e-10	-0.000143997	0.0	0.0	2.0735136009000003e-08	0.000259212	-0.000137604	1.8934860816e-08	6.7190860944e-08	0.0	0.0	0.0
44103.0775129129	-148.27579122672614	1945081446.110004	21985.71026391168	68610.30029137825	-1316.4042078074126	4707373306.073099	1732920.0383330616	40605.814157616725	-101.35298694222728	1648832143.402907	10272.427962111296	45823.07109623389	43282.874836430616	1.389606	26.403584	0.083959405	0.0479178	-0.0979070958	0.0870614011	0.036716496	-0.0696857383	-0.0936728713	-0.0343244784	0.0506114769	-0.0867334431	-0.0836844184	-0.0233614063	-0.0197237265	-0.0493542055	-0.0310162608	0.0619807675	-0.0092108249	0.0256825439	-0.0277296405	0.1533879647	0.0241007257	-0.1192321066	0.0190377816	0.1308690498	0.1066931731	0.1156827344	0.020246388	-0.0159576907	-0.1801432906	-0.1208151429	-0.037165945	-0.0326456232	0.0384568257	-0.1051508252	0.0156866913	0.0057109262	-0.0973254629	0.0028933735	-0.0418486352	0.0553561191	0.0646283993	0.1152326329	-0.0370938217	-0.1294135102	0.0890337933	-0.0110244969	0.0227152147	0.0493443435	0.0813008114	-0.0649496097	-0.0655274333	0.0350162545	-0.1260542643	-0.0136297363	-0.101486199	0.0789134991	0.0007010637	-0.0665308464	0.0072083424	0.0476176756	0.0229665793	0.019483426	0.0402780693	0.0377426871	0.1131092753	-0.0348290552	0.0607003471	0.023528136	-0.1433259603	0.1895828469	0.0509051149	-0.0963286824	-0.0311876781	0.1262784539	-0.1358889676	-0.1040725197	0.0359819994	0.1226785987	0.0089702579	0.0205388316	0.1072359366	0.0360402586	-0.0741448635	0.1327900985	0.0337472524	0.0264509403	0.0564386246	0.0111162211	-0.0916300227	0.0084344609	0.0844734105	0.0365036785	-0.0243631711	-0.0766222668	-0.00932368	-0.0005018	2.518032400000002e-07	8.693100874240002e-05	0.0152253	0.0408898	0.00167197574404	0.00023180976009	-0.00503013	0.01642737	0.0002698584851169	2.53022078169e-05	0.000366411	0.0003852047	1.4838266090209e-07	1.3425702092100002e-07	-0.000143997	0.0	0.0	2.0735136009000003e-08	0.000396816	0.000137604	1.8934860816e-08	1.57462937856e-07	0.0	0.0	0.0
44100.8870660157	-2.190446897206129	1944888240.0094707	4.79805760947996	68852.66280919178	242.3625178135262	4740689175.916261	58739.59004091181	40666.97294944961	61.1587918328878	1653802688.8712666	3740.397818458504	46041.7847614416	43397.366337979	1.344305	25.54283	0.08416199	0.0497379	-0.0130438435	-0.0972753567	0.0763980236	0.0271807854	0.0598268098	-0.0694942482	0.023280348	-0.0393309588	0.0711294585	0.0320299204	-0.0802191189	0.0861096509	0.0329306074	0.0446913151	0.0914740909	-0.1102287524	-0.1428688687	-0.0956901775	-0.0458859067	0.0537513079	-0.0209662807	0.04265725	0.0548705071	0.0898511433	-0.0052648492	-0.0442905769	0.0792387034	0.1326977233	-0.0386432805	-0.065370469	0.1084380928	-0.1940370773	0.0372094736	0.0416304093	0.0027029265	0.0564564432	-0.0087523344	0.027620294	-0.0784773846	-0.0811388407	-0.0875268963	0.0630484028	-0.0837207903	0.0837764969	0.0338581781	0.0464512114	-0.0536439761	0.1225191688	0.0329913599	-0.089158637	-0.1054089347	0.0631258162	-0.0063332076	-0.0789144079	-0.071058866	-0.0038462746	-0.1093943397	-0.1150523973	0.0085762634	-0.0971039669	-0.0804675287	-0.0294444698	0.0734160351	0.0741197043	0.059258085	-0.0987841701	-0.0023003166	0.1047275955	-0.0027435417	0.0467097488	0.0246604803	0.051955782	-0.0638344359	0.0371287006	0.0111813622	-0.0047672485	-0.0476118467	-0.0028092011	-0.0254500998	0.0526834923	0.0198728185	-0.0872995936	-0.0931951141	-0.0568397133	-0.0045905535	0.0603108749	0.0139464603	-0.0043653024	0.0834991166	0.0333134626	-0.0292748789	-0.0809641079	-0.017512	-0.0081883199999999	6.704858442239999e-05	0.000306670144	-0.0229152	-0.0381405	0.00145469774025	0.00052510639104	0.01342	0.01845013	0.0003404072970168	0.0001800963999999	-2.12498e-05	-0.0003876608	1.5028089585664e-07	4.5155400004000007e-10	-0.000143997	0.0	0.0	2.0735136009000003e-08	0.000396816	0.0	0.0	1.57462937856e-07	0.0	0.0	0.0
44091.5242968987	-9.362769116996787	1944062514.8240085	87.6614455381888	69415.67053898616	563.007729794379	4818535316.377071	316977.70380822045	40594.021290447694	-72.95165900191932	1647874564.5293207	5321.9445511323165	45907.13689915914	42900.13000504852	1.248728	23.726793	0.15100579	0.0778741	0.0779385532	0.011564005	0.1217561016	-0.1243041186	0.0785913225	0.0478370504	0.1557833426	-0.0577199209	-0.0864508076	-0.0010346028	0.1137618104	0.0449180391	-0.0898179279	0.0837515733	0.0279283366	0.0034789543	-0.0787575659	-0.0168967776	-0.0233255932	0.0935221989	0.0454919382	-0.1598673344	0.0673166522	-0.069459896	-0.0099430581	0.1097426917	-0.0265094822	0.0785778773	0.0193078851	0.0025025691	0.0313255307	-0.1538122091	-0.1251216621	0.0394419695	-0.0462079107	0.1074006696	-0.0268704855	0.0578366202	0.1445861187	-0.022551797	0.0404682048	-0.2000861555	0.1232488796	-0.0755538583	-0.1823062148	-0.0212067376	-0.106694855	-0.0476638792	0.1585154315	-0.005440493	-0.0373113341	0.0603868328	0.1352795313	0.0120198476	0.0913296931	-0.0008352577	-0.1251379485	-0.0242935797	-0.0063385658	-0.135443883	-0.0137683519	0.0179757	-0.0856913882	-0.0198071978	0.0777740748	0.0308531933	0.1084381254	0.0625373119	-0.0784009337	0.0169778522	0.1272731691	0.1013154279	-0.1115690645	0.1394380951	0.1342674177	-0.018209859	0.0757265848	0.061757333	0.0095933258	0.0556732422	-0.0704653494	0.0455917593	0.0134694411	0.1027367797	-0.0524812175	-0.0751496453	-0.1233885096	0.0534900594	0.0825019948	0.030086819	-0.0341145687	-0.0849519136	-0.0259178	-0.0084058	7.065747364000002e-05	0.00067173235684	0.0271026	0.0500178	0.00250178031684	0.00073455092676	-0.0161955	-0.0296155	0.00087707784025	0.00026229422025	0.000664126	0.0006853758	4.697399872256401e-07	4.41063343876e-07	0.000429961	0.000573958	3.294277857640001e-07	1.8486646152100005e-07	0.000396816	0.0	0.0	1.57462937856e-07	0.0	0.0	0.0
44212.72745229619	121.20315539748844	1954765268.771025	14690.204878307732	68956.08753435464	-459.5830046315241	4754942008.045579	211216.5381461395	40609.369163711584	15.347873263890506	1649120863.8746092	235.557213724445	45824.79981874111	43892.07863371836	1.364372	25.924122	0.11989454	0.0617975	-0.0527817123	0.0513084452	-0.0208949939	-0.0365997594	-0.1167510847	0.0106999411	0.0446839142	0.0364449008	0.0049241675	-0.0645943913	0.0328857152	-0.1210989757	0.0275289135	0.0570444242	0.0541888768	0.0324847027	-0.0124447427	0.0688934258	0.124178222	0.1398782114	-0.0442566792	-0.0523638663	-0.097912904	0.0202998422	0.0722055037	-0.018663423	-0.0539105138	0.1258042821	-0.1202576235	-0.0011746648	0.0926054077	0.1195020653	-0.1832586073	0.0866047228	0.0026561389	-0.056033681	-0.1160946052	-0.0096552888	0.0015164631	0.1156175519	0.0037005746	-0.0172443423	-0.0266388664	0.0904606195	0.0672410443	-0.0004584359	-0.0698131707	0.0634889129	0.0244831592	0.0873425962	-0.0057352494	0.1531509657	0.0806646841	0.109230235	0.0002850658	-0.0697203167	0.0232366427	0.0177987578	-0.0225625464	-0.0222912927	-0.0646941957	0.0008286512	-0.0103286721	0.1748235943	0.0925812788	0.0856582166	0.0792174073	0.0230647855	-0.0060936522	0.1444268522	-0.1390182177	0.042466122	0.0449347926	0.061011342	0.0212667252	0.0816771084	0.0865552769	-0.0356385901	-0.1341251207	0.0281824466	0.1084555901	-0.0659242812	0.0912892959	-0.0680019957	0.1256483811	-0.0051054387	-0.0075525625	-0.1181888237	0.0814823178	0.0268272759	-0.0388703345	-0.0885682462	-0.0320559	-0.0061380999999999	3.767627160999996e-05	0.00102758072481	-0.010485	-0.0375876	0.00141282767376	0.0001099352249999	-0.00930341	0.00689209	4.7500904568100026e-05	8.65534376281e-05	-0.000119875	-0.000784001	6.14657568001e-07	1.4370015625e-08	0.00011581	-0.000314151	9.869085080100003e-08	1.34119561e-08	0.000109433	-0.000287383	8.2588988689e-08	1.1975581488999998e-08	0.0	0.0	0.0
44226.72928231752	14.001830021334172	1956003583.011402	196.0512439463349	69020.11410194421	64.02656758957892	4763776150.645399	4099.401357302918	40682.55031951832	73.18115580673475	1655069900.5001402	5355.481565209588	46003.723684778175	43640.86115496191	1.258139	23.905607	0.09711197	0.0523928	0.0145263974	-0.097596291	0.0217759444	-0.0908161999	0.0521075739	-0.0401631281	0.117108265	0.0797816827	0.1512177414	-0.0556677829	0.0187076045	0.1545117659	0.0309997186	0.0386932332	-0.058467047	-0.0261731106	0.044203425	0.0316344412	0.0221980528	0.1436864198	-0.0995745371	-0.0571776941	0.1017428232	0.1217067794	-0.0971718309	-0.0214213189	-0.0528953518	-0.077522792	-0.0056735472	-0.041948782	-0.0009042856	0.0827610789	0.0352551599	0.0267182845	-0.0079486743	0.1043187538	-0.058197464	0.0874416064	0.0425695122	0.0444904196	-0.0184749636	-0.0158065859	-0.000873305	-0.0034958792	0.1458420367	-0.1180774585	0.0728329086	-0.0150437447	0.0771678964	0.0401579529	0.080489496	-0.094978379	-0.0530889928	-0.1171187247	0.0320205844	-0.0826073487	-0.0731799226	0.0983355882	0.025756826	0.1019793178	-0.122575538	-0.0008480823	-0.1116779587	-0.0194423266	0.0686395786	-0.049392663	-0.0483794219	-0.0061533601	-0.0875972072	-0.0399481122	-0.0339109189	0.1212624017	-0.0592878271	-0.0126349084	0.013445445	-0.0279028242	0.026796121	-9.34999e-05	0.0778297062	0.0406156457	-0.0295526353	0.0039458049	-0.0730782691	0.0909142563	0.0655736147	-0.1556641016	0.0897728593	0.0477237455	0.0804403643	0.0235383975	-0.0435304769	-0.0917972923	-0.0320366	1.9299999999999876e-05	3.7248999999999506e-10	0.00102634373956	0.00827658	0.01876158	0.0003519968840964	6.85017764964e-05	-0.041895	-0.03259159	0.0010622117387281	0.001755191025	0.00031295	0.0004328249999999	1.8733748062500001e-07	9.79377025e-08	0.000153295	3.7484999999999984e-05	1.4051252249999988e-09	2.3499357025e-08	0.000553913	0.0004444799999999	1.9756247040000002e-07	3.06819611569e-07	0.0	0.0	0.0
44330.08096106708	103.35167874955368	1965156078.0147617	10681.569500350946	69941.02820579703	920.9141038528178	4891747426.484097	848082.7866750385	40661.81484559693	-20.73547392139153	1653383186.5376067	429.95987874470825	45936.7970828627	44103.77266199449	1.301601	24.731417	0.100214773	0.0474053	0.0838222483	0.0803985703	-0.0858561147	-0.0666630056	-0.015004266	0.1734876043	0.0473888804	0.1202829286	0.1340476928	0.0663023028	0.0286163842	-0.0371772283	-0.1369330664	-0.043095328	-0.0071689593	0.0312372788	-0.0200862848	0.0691140156	-0.2555506971	0.0181478201	-0.1520822627	-0.0979134753	0.0762684443	0.0011770168	-0.0099304722	-0.0078683737	-0.0992457207	0.0078452197	0.0815296563	-0.0355220291	0.0249342308	-0.0734085906	-0.0263492713	-0.0241541537	0.0529749763	-0.0042484547	-0.0006948757	0.0448943835	-0.0161796003	-0.1154936288	0.095606294	0.0005825466	0.0502376892	-0.0729078754	0.1202714332	-0.0559827653	0.0762676748	0.105102924	0.0251421931	0.0416370576	-0.0803084361	0.0613633511	0.0261091293	0.0638958586	0.1122463311	0.0390961412	-0.0024998243	-0.0404783636	-0.0139755789	0.103188864	-0.0732014357	0.1454625635	-0.1493578091	0.0881941983	0.0296403213	-0.2159889745	0.0390276235	0.0742315069	-0.0665235583	-0.0478030443	0.0631458001	-0.0281433797	-0.1385302072	-0.0354701385	-0.0071043069	0.1260491685	-0.0502781407	-0.0094382015	0.0753586732	0.0472406155	-0.0417798444	0.050832517	0.052460393	-0.0468882639	-0.0295695082	-0.0239089883	-0.0813918979	-0.0145117776	0.0793764193	0.0202237803	-0.0480835316	-0.0946249323	-0.0430091	-0.0109725	0.00012039575625	0.00184978268281	-0.000706588	-0.008983168	8.0697307316224e-05	4.99266601744e-07	-0.0513015	-0.0094064999999999	8.848224224999996e-05	0.00263184390225	-0.000178542	-0.000491492	2.4156438606400004e-07	3.1877245764000005e-08	-0.000143997	-0.000297292	8.8382533264e-08	2.0735136009000003e-08	-7.435509999999998e-05	-0.0006282680999999	3.947208054776099e-07	5.528680896009997e-09	0.0	0.0	0.0
44275.52005545069	-54.56090561638848	1960321676.180616	2976.892421680452	68828.18846065758	-1112.8397451394558	4737319526.775797	1238412.2983620488	40690.701589742166	28.88674414523848	1655733195.8654456	834.4439873124696	46008.74835474711	44086.47136926435	1.391881	26.446814	0.101030843	0.0477671	-0.1343402889	0.0106697663	-0.0798446944	-0.0751440628	-0.0552428304	-0.0537410129	0.0001257864	0.0914010687	-0.0902330992	0.0799346265	0.1055719694	-0.0290877916	0.0565149239	-0.0255511003	0.0853653694	0.0643307908	0.0615238078	0.0527596696	-0.1233360182	-0.0946983982	0.0069384701	0.0248708769	-0.0970030284	0.0489331441	-0.1382634398	0.003390017	-0.0736223615	0.0279946298	-0.041351931	0.0651261631	-0.0809635731	0.1193708785	-0.0880003134	0.0380827329	-0.1181675857	-0.0218454647	-0.036220936	-0.0374296963	-0.0754002579	0.0812149528	-0.0722779254	0.0182093924	0.0083443446	-0.0274934727	0.0092876706	-0.1172574554	-0.0439023569	0.0290925984	-0.0489726338	0.0806535438	0.0450153213	0.0289564547	0.09132582	0.0384975672	-0.0660189021	-0.0555393568	0.0304906651	-0.0236122795	-0.0602801904	0.0840612828	0.0306255022	0.1338213097	-0.1054522218	-0.105688128	-0.120297291	0.0299292944	-0.0613634769	0.0911429909	-0.1048549596	0.0042808906	-0.0046690355	-0.0256887215	-0.0450520101	0.0143873273	0.0226012725	-0.0264770042	-0.0569710803	0.0291057749	-0.0283639615	0.0620272222	0.1128650208	-0.040466397	0.1604689981	-0.0475800107	0.120061013	0.0400560994	0.0198263207	-0.0606871383	0.0782907735	0.0168870486	-0.0525182979	-0.0970388015	-0.0296337	0.0133754	0.00017890132516	0.0008781561756899	0.0103942	0.0111007879999999	0.0001232274942209	0.0001080393936399	-0.0603293	-0.0090278	8.150117284000005e-05	0.00363962443849	0.000245249	0.000423791	1.79598811681e-07	6.0147072001e-08	0.000196906	0.000340903	1.1621485540900005e-07	3.8771972836e-08	0.000511488	0.0005858431	3.4321213781761e-07	2.6161997414400004e-07	0.0	0.0	0.0
44260.53745128083	-14.982604169861588	1958995175.4762328	224.47842771075383	69117.5125203583	289.3240597007243	4777230537.001886	83708.41152170829	40694.41519143395	3.7136016917866073	1656035427.7728105	13.790837525240352	46115.61228638513	44342.94555211132	1.327514	25.223789	0.06925414	0.0380828	0.0441010278	-0.1101777221	-0.0741551143	-0.0530818756	0.0769010086	-0.0361932788	0.007045071	0.0846163704	-0.0124363339	0.1004738134	-0.1048853958	0.0199806015	0.0378735289	-0.1328709614	0.0182040092	-0.0948738626	-0.008558832	-0.1264049523	0.1113333364	-0.0296015753	-0.0991187309	0.0872865705	0.0268038091	-0.0149106962	-0.0876073295	0.0222988214	-0.0944491991	0.0676981705	-0.0362710424	0.0104543184	0.0060726288	-0.0100753104	-0.117863367	0.0714204487	-0.0051843591	-0.0914105388	-0.0511307757	-0.03861736	-0.0241933838	-0.0531393781	-0.0052498181	-0.0601184944	-0.0449923765	0.0318586292	0.0757896231	0.016542621	-0.072829125	0.0794212773	0.014550925	0.0694398258	-0.1026155763	-0.0955718198	0.0091302006	-0.0994052939	-0.0222242282	0.0182264633	0.0862394621	-0.13937584	-0.0508191559	0.0654988038	-0.0936680241	-0.0730406583	0.0455957996	-0.0490430851	0.0819947018	0.0808362716	-0.0340639418	-0.0056709397	0.0058029657	-0.0586286312	0.0192304728	0.0377498364	-0.166824679	0.1098969745	0.0110156066	0.0862862172	-0.1471888231	-0.0431754403	-0.0939057119	-0.0683279302	0.0428898308	-0.0546314252	0.1066580642	-0.0169389649	0.1172381637	0.0118341277	0.0196437947	-0.0227324876	0.0771837238	0.0135318513	-0.0568238659	-0.0990283447	-0.02423	0.0054036999999999	2.919997368999997e-05	0.0005870929	0.0159188	0.0055246	3.052120516000001e-05	0.00025340819344	-0.0435127	0.0168166	0.00028279803556	0.00189335506129	-0.000304828	-0.0005500769999999	3.025847059289999e-07	9.2920109584e-08	7.9062e-06	-0.0001889998	3.572092440004e-08	6.250799844e-11	0.000602596	9.11079999999999e-05	8.300667663999982e-09	3.6312193921600005e-07	0.0	0.0	0.0
44172.80882876918	-87.7286225116477	1951237039.8229885	7696.311207791179	69425.68072450122	308.1682041429158	4819925144.06038	94967.64204466982	40641.03899785756	-53.376193576390506	1651694050.8253791	2849.0180407043117	46047.126050425664	43781.725368751766	1.250943	23.768867	0.0739402599999999	0.0426301	0.0555342835	0.0787537395	-0.0416579023	0.0259626702	-0.0159822773	0.0964732061	-0.1137853359	0.0282620206	0.0479336921	0.2003695838	0.03763682	-0.0298562514	-0.0154638544	-0.1139325501	0.0005356846	-0.0522933508	-0.0289036718	-0.0338771669	-0.0466309535	0.03761876	0.0401217042	0.0903945929	-0.1051874576	0.009696369	-0.1258669418	0.0315799359	-0.111215739	-0.0005670276	0.0444131787	0.0873300142	-0.057575021	0.0083160896	0.0813387198	0.0088447579	0.0754345739	0.0232549198	-0.115440606	0.0102438415	-0.0066668188	0.0428373968	-0.1548066324	-0.0806512523	0.0442040319	-0.0563485159	0.0592016875	-0.1046386144	-0.0055208385	-0.0520108537	-0.0919044847	0.0775306574	0.077251645	0.0654623541	0.041420879	0.0172400352	0.0241177415	0.1341284095	0.0411565712	-0.0819390209	-0.0182448469	0.0172549764	0.0091673863	0.0112025588	-0.0529102197	-0.1306006253	-0.1428709891	-0.0035395915	-0.1058609817	-0.0617427832	-0.0522090862	0.0144827017	-0.0654632438	0.0046625436	-0.0684950697	-0.0275189225	0.0341689042	0.0061892049	0.0585303849	-0.0682596445	-0.0538204701	-0.006698844	0.0682095189	0.0384514944	0.0247294853	-0.1046919506	-0.0122647601	0.0613952525	0.051171577	0.0103869787	0.0760555728	0.010161857	-0.0609896438	-0.1005848622	-0.0195772	0.0046528	2.164854784000002e-05	0.00038326675984	-0.0202542	-0.036173	0.0013084859289999	0.00041023261764	-0.0612728	-0.0177601	0.00031542115201	0.00375435601984	-0.000150841	0.000153987	2.3711996169e-08	2.2753007281e-08	-0.000143997	-0.0001519032	2.3074582170240006e-08	2.0735136009000003e-08	0.000603793	1.1970000000000904e-06	1.4328090000002165e-12	3.645659868490001e-07	0.0	0.0	0.0
44162.28250302541	-10.52632574376912	1950307195.877024	110.80353366393652	68790.65530206637	-635.0254224348464	4732154256.8877125	403257.2871385552	40579.84341524453	-61.19558261302882	1646723691.605765	3744.899331348035	45786.94506149599	43480.91933488803	1.279655	24.314417	0.11883474	0.0581387	-0.1227184556	0.0174161699	0.0316128898	-0.0914442125	-0.0824262905	-0.0409650025	0.1009123816	-0.0126724286	-0.0661341546	0.0887325884	0.0630621512	-0.0808132939	0.0710900801	0.0246373717	0.065426037	-0.0524965036	-0.0314456578	0.1302964338	0.0480476158	0.0691538829	0.0331260995	-0.1542708031	-0.0167435875	-0.0536422598	0.0233521585	0.1049194474	-0.1338121245	-0.0125797172	0.0209635947	-0.099560709	-0.1718604919	0.1517534833	-0.0587924532	0.0519643817	-0.0381486883	-0.0982277032	0.0321539515	-0.0311768687	-0.0301667585	0.0407792916	-0.1182639067	-0.0579268635	-0.0651682368	-0.0354370104	-0.1437873696	0.1098780448	0.0313013294	0.0026613439	-0.084503321	-0.0352441545	-0.0046158527	-0.0242557894	-0.0035177417	0.0810476896	-0.0281044886	-0.1237594144	0.0408017597	-0.0275216111	0.0480599395	-0.0406775967	-0.0325266606	0.0168184572	-0.0419398921	-0.0764913184	-0.0128414387	0.0380247558	0.0718656485	-0.0355550668	-0.0903738885	0.0512012163	-0.0027206258	0.104856433	0.0637366065	-0.1586593654	-0.0064152316	0.1451340023	0.1017202923	0.1074669207	-0.0973982843	-0.0800242908	-0.037738014	-0.0290989052	-0.0164316476	-0.1722775849	0.0778536382	-0.0684214439	0.0587085064	0.0966104106	0.074906629	0.0067807509	-0.0650053833	-0.1017015476	-0.0191096	0.0004675999999999	2.186497599999987e-07	0.00036517681216	0.0109655	0.0312197	0.0009746696680899	0.0001202421902499	-0.0176882	0.0435846	0.00189961735716	0.00031287241924	6.39378e-05	0.0002147788	4.612993292944e-08	4.08804226884e-09	-0.000549542	-0.000405545	1.64466747025e-07	3.01996409764e-07	0.00035286	-0.000250933	6.296737048900002e-08	1.2451017959999998e-07	0.0	0.0	0.0
44328.35535028702	166.07284726161015	1965003088.06132	27580.190597578094	69397.34354641695	606.6882443505747	4815991291.2994175	368070.6258331826	40645.2407445885	65.39732934396307	1652035595.185557	4276.810685322773	45966.72068678359	44004.09708025488	1.339769	25.456642	0.24442394	0.112451	0.0417902148	-0.0736918655	-0.0415986025	-0.0889248467	0.0711695776	0.0183752853	0.0560591875	0.1393974844	0.0118166541	-0.04301276	0.0381959935	0.0517479576	0.0621320496	-0.0309514431	-0.1587986814	0.0200156306	-0.065919485	0.0789177478	-0.122314174	0.0414992979	0.0845028584	-0.0426252569	-0.092182089	-0.0763844179	0.14772567	-0.1416691478	0.0033431224	-0.071317638	0.0794169981	-0.0498121326	0.0085198049	-0.0455504083	0.0307938628	0.0407942708	0.0051742094	-0.0907307642	-0.0072869017	-0.0201018543	-0.0102948602	0.0045203763	0.0046636016	0.0739822739	0.1238839253	0.0672148383	0.0156797713	-0.0283906431	0.0654434789	0.1087307606	-0.1514878361	-0.1258937923	-0.0774784219	-0.0135604953	-0.0248942388	-0.0525244698	0.0494077892	-0.0384611275	0.0730046626	0.1658987313	-0.0248637415	-0.0433853409	-0.089793141	0.0759831812	-0.0182245346	0.0111361946	-0.0223467455	-0.1148246712	-0.0202295616	-0.0867355752	-0.1148592513	0.0091672407	-0.0817593135	-0.1937327021	0.0837614935	-0.0877503074	0.1170846945	0.0411299472	-0.0897413532	0.0438461868	0.0680771507	0.0067890448	-0.0744788594	-0.039223351	-0.037917514	-0.0667627957	-0.0757936954	0.0426434058	-0.0772043265	-0.1258138675	0.0737372065	0.0033922301	-0.0688612056	-0.1023735181	-0.0267838	-0.0076741999999999	5.889334563999999e-05	0.00071737194244	-0.0116837	-0.0226492	0.00051298626064	0.00013650884569	-0.0850387999999999	-0.0673505999999999	0.0045361033203599	0.0072315975054399	-0.000608082	-0.0006720198	4.5161061159204e-07	3.69763718724e-07	-0.00146478	-0.000915238	8.376605966439999e-07	2.1455804484e-06	-0.000994881	-0.001347741	1.816405803081e-06	9.89788204161e-07	0.0	0.0	0.0
44394.18111135726	65.82576107024215	1970843316.5479896	4333.030820476607	69396.62207985546	-0.7214665614883415	4815891156.094282	0.5205139993458109	40665.04841487515	19.807670286652865	1653646162.5841398	392.3438021847508	45896.40690365629	44479.967583096186	1.290101	24.512907	0.0666059	0.0373092	0.0522127793	0.0983444221	-0.1943681409	-0.0787315532	-0.080006639	0.1314962173	-0.0321751968	0.1779021826	-0.0723067208	-0.0705375457	-0.0703166433	-0.0490004968	-0.0725825532	-0.05573202	-0.0592768879	0.1381078125	-0.1460579133	0.0596797491	0.0148024823	-0.0729724796	-0.0972997631	0.1008031979	-0.0046082035	-0.1242638548	0.0189220148	0.0489876932	-0.0406540012	0.0090141184	0.1274937373	0.0915295037	0.0320489728	0.0555693398	0.1240430411	0.0003540102	0.0717738835	-0.1655261053	0.0341217869	-0.1147317257	-0.081468629	-0.0973380695	0.0494161031	0.0373214584	-0.0400499814	-0.0348300377	0.0220788923	0.1128184215	-0.0300228592	0.0163999427	0.0422384423	-0.0724360295	-7.81646e-05	-0.0341441555	-0.0076135291	0.09450183	0.0562051435	0.0193673004	0.0245768593	0.0560421848	-0.0658334722	0.0715625042	-0.0987940066	0.191905802	0.1053423255	0.0033540841	-0.0241085595	-0.0031146137	0.0127829751	-0.1248203692	0.0392335652	-0.1643188012	0.0016141365	-0.1796858451	0.069417237	0.0246548932	0.0508747545	-0.0220966619	-0.076703758	0.128277726	-0.0253971006	-0.1875735821	0.0410787843	0.0786240379	-0.0364972896	-0.1029452583	-0.1280825336	0.1432960543	-0.0057516354	0.0533513493	0.072547625	-0.0	-0.072547625	-0.1025978352	-0.0235694	0.0032143999999999	1.0332367359999996e-05	0.00055551661636	0.0205185	0.0322022	0.00103698168484	0.0004210088422499	-0.103147	-0.0181082000000001	0.00032790690724	0.010639303609	-0.000809255	-0.000201173	4.0470575929000014e-08	6.548936550250001e-07	-0.00146478	0.0	0.0	2.1455804484e-06	-0.00105533	-6.044899999999996e-05	3.6540816009999956e-09	1.1137214088999998e-06	0.0	0.0	0.0
44320.73699312485	-73.44411823241535	1964327727.6137447	5394.0385029370045	69152.2770829092	-244.34499694625265	4782037425.75145	59704.47753266422	40651.69868314125	-13.349731733898809	1652560605.824908	178.21533736706485	46040.12503333647	44887.99351403422	1.382537	26.269262	0.05998997	0.0350256	-0.0795640829	-0.0685168017	-0.1961355553	0.0139359901	0.0266558409	-0.0505341373	-0.1365198417	0.1952300185	-0.0899126923	0.087419737	-0.0658729275	-0.0601849384	0.0307201843	-0.0588426498	0.0685196357	0.091026414	-0.0311447526	-0.1571939816	0.0438897674	0.039438224	0.0001798484	-0.0413407126	-0.0848729368	0.0161196946	0.0504599767	0.0187210688	-0.1133902439	-0.0324883834	0.0484756148	0.0867982817	-0.1229731275	-0.0184543662	0.1010237182	-0.0124462469	-0.0763250768	-0.0139852728	0.0002206038	-0.1014647632	-0.0254027008	-0.0676315294	-0.1283392959	-0.0464649122	-0.0055439108	-0.0400828644	0.0228205655	0.0274109304	0.0859024998	-0.064793613	0.1031111138	-0.134563376	0.007624219	-0.0671225964	-0.0014653012	-0.0139792431	-0.1309702226	0.0334674242	0.0694828584	-0.0826273239	-0.1310130433	-0.0255829588	0.0458584245	0.0307174934	0.0062052207	-0.048607865	0.132042627	-0.0003761356	-0.043129349	-0.1220035781	-0.171216692	-0.0645002168	-0.0900140447	-0.0982624668	-0.0779506033	-0.1257368861	0.0548699901	0.0709897242	-0.1017829242	0.0119139358	-0.0303844621	-0.0976279124	-0.0629273497	0.0274993316	-0.025349273	0.0249805387	0.0318970217	-0.0880031595	-0.0239373981	0.1252861641	0.0713382097	-0.0033922301	-0.0760555728	-0.1023735181	-0.0218718	0.0016976	2.8818457600000018e-06	0.00047837563524	0.0080278799999999	-0.01249062	0.0001560155879844	6.444685729439841e-05	-0.120704	-0.017557	0.000308248249	0.014569455616	-0.000809254	1.000000000015745e-09	1.0000000000314906e-18	6.548920365160001e-07	-0.000907966	0.000556814	3.10041830596e-07	8.244022571559999e-07	-0.00104725	8.079999999999936e-06	6.528639999999897e-11	1.0967325625e-06	0.0	0.0	0.0
44139.10647197793	-181.63052114691527	1948260720.144604	32989.64621210004	69288.23489031963	135.95780741042108	4800859494.216105	18484.52539584915	40623.76523021942	-27.933452921832213	1650290301.479984	780.2777921362166	46130.45496831074	44297.31092728145	1.289451	24.500551	0.05719225	0.0314531	0.0805829439	-0.1020836552	-0.081042756	0.0642181846	0.1118663506	-0.0325251938	-0.0958587522	0.0079040796	0.0057082365	-0.0124883185	0.0096091401	0.1262671045	0.0411340909	-0.0275472549	-0.0704341321	-0.0876736882	0.0051511285	-0.0421501458	-0.0125193111	-0.0301269508	0.0847197714	0.1179010225	-0.0203957773	-0.0224857647	0.0289083289	0.0124405411	0.0703262072	-0.0784581014	-0.0497646435	-0.0697961045	-0.0296511703	0.0346186279	-0.00675632	-0.1381014238	-0.0161586827	-0.0378275932	0.0598131812	-0.0531421603	-0.0396778293	-0.0370971662	-0.0499190703	-0.1417468369	-0.0301857414	0.0226852028	-0.0207232443	-0.0087385306	0.0023843495	0.0422363689	0.1188722377	0.0586914871	0.0839275581	0.0478255364	-0.0086010522	-0.1659767149	-0.0208225651	0.0535865446	-0.0031053529	0.0474720653	0.0493474525	0.0243910023	0.0382789883	-0.0678438377	0.0750756505	-0.0252533767	0.0624549066	-0.0247521292	-0.1059124378	0.0417491252	-0.043848307	0.0222085421	-0.0294297961	-0.0204240581	0.0945963346	0.0098693365	0.0873407981	-0.0164769607	-0.0986236626	-0.0066088094	-0.0106298423	-0.0622234246	0.0205347214	-0.0902884167	-0.0359891322	0.0584932295	-0.0278141247	0.1539668384	0.0148522004	0.0075834635	0.0701092912	-0.0067807509	-0.0793764193	-0.1017015476	-0.0300505	-0.0081787	6.689113369000001e-05	0.00090303255025	0.0080535799999999	2.570000000000003e-05	6.604900000000013e-10	6.48601508163984e-05	-0.103383	0.017321	0.000300017041	0.010688044689	-0.000991106	-0.000181852	3.307014990400001e-08	9.82291103236e-07	-0.000907966	0.0	0.0	8.244022571559999e-07	-0.000595765	0.0004514849999999	2.0383870522499997e-07	3.549359352250001e-07	0.0	0.0	0.0
44043.67995596536	-95.4265160125724	1939845744.0635047	9106.219958297736	69411.9873460403	123.75245572067796	4818023987.326859	15314.670296898365	40532.4555998818	-91.30963033761508	1642879956.9563897	8337.448592391918	45986.11878242135	43338.802007145256	1.374043	26.107866	0.09823568	0.0557687	0.040825765	0.0895815831	0.0237155048	0.1237576329	-0.0029608218	0.0907599433	-0.0738528002	-0.1335907616	-0.0653505053	0.0094275763	-0.1954936576	-0.0895318519	-0.0623474218	-0.010368772	-0.0583993467	-0.0784439863	0.1324851387	-0.0412324218	0.0086498734	0.0450175837	0.1121872961	0.1760758717	-0.0833380203	-0.1204033586	0.0576170611	-0.1727297274	0.0565936933	-0.0671400676	0.0406574689	0.0806108512	-0.1272033265	-0.1473810482	0.0709224364	-0.1970769154	-0.0381005236	0.1575041901	-0.0046355673	-0.0689322203	-0.0571334089	0.1118496293	0.0691721655	0.0253744029	-0.0486744689	-0.1012003604	-0.0561968422	0.0194333164	0.0474862309	-0.0748960078	0.0692965284	0.0406796818	-0.0500757697	0.0117254514	-0.0444496251	0.0403906969	0.0272321985	0.1362600486	0.0527868838	-0.0386256437	0.1598774848	-0.0237072663	0.0973299836	-0.1886981589	0.1149272655	0.1123221614	-0.1640964174	0.0852752781	-0.2112452836	-0.1817052209	-0.1242631542	-0.0229627029	0.0634070652	-0.0948871841	-0.0299799372	0.0179626184	-0.007905788	-0.0728217768	0.0492891301	0.0541160974	0.0553508493	0.0973726163	0.0095705117	-0.0580704931	-0.018585426	0.1578815228	-0.0839946109	0.0177553973	0.0217815403	-0.0305212048	0.0688612056	-0.010161857	-0.0825019948	-0.1005848622	-0.0354323	-0.0053817999999999	2.8963771239999992e-05	0.00125544788329	-0.0306968	-0.0387503799999999	0.0015015919501443	0.00094229353024	-0.0639633	0.0394197	0.00155391274809	0.00409130374689	-0.000916086	7.502000000000008e-05	5.628000400000012e-09	8.39213559396e-07	-0.000852249	5.571699999999994e-05	3.104384088999993e-09	7.26328358001e-07	-0.000758704	-0.0001629389999999	2.6549117720999993e-08	5.75631759616e-07	0.0	0.0	0.0
44017.5560423437	-26.123913621660904	1937545239.940868	682.4588629120001	68256.14438492467	-1155.8429611156316	4658901246.295684	1335972.9507605515	40542.47630623892	10.02070635711425	1643692385.041944	100.41455589550992	45787.027559456576	42826.18271981494	1.308828	24.868738	0.14621444	0.0671535	-0.1203136589	-0.0110767492	0.1010415837	-0.0103962359	-0.0585253604	-0.0964090421	0.0554427691	-0.0730168484	-0.0235544041	0.0113275412	-0.0001014284	0.0171606268	0.0302063818	0.1741367242	0.0097751247	-0.1034650651	0.0324569165	-0.085652464	0.0015791126	0.0259911319	0.0390130496	-0.0358011627	-0.043774639	0.0533621926	0.0177752483	-0.0456865099	-0.0063139441	0.0382405176	-0.0131292863	-0.0035249458	-0.0225925324	-0.0002995993	0.1372037888	0.0770157335	-0.0327006238	-0.0514698876	0.0193281415	-0.0600728023	-0.0310702089	0.1404881963	0.183709925	-0.0505570234	0.1297942105	-0.0269829781	-0.0454874569	0.0843235213	-0.007810657	0.0383749609	-0.0136390793	0.0772074055	0.1233100319	-0.007019815	0.1012884053	0.0442150688	-0.0586453091	-0.0979915199	-0.1254824001	-0.0037458286	0.0978061648	-0.0687911153	0.0111905927	-0.1115898084	-0.0678615427	-0.0220483932	0.052643787	-0.0098040178	-0.0462900612	-0.0016156028	-0.0011058043	0.1224419129	0.0554783638	-0.1670869101	0.0047365434	0.0173465072	0.0250326878	0.0454775477	0.0318267824	0.1434019438	-0.0387425014	-0.1365473455	0.0113271976	0.0261932938	-0.0731697594	-0.0012663367	-0.0427531915	-0.0179633781	0.0117993356	-0.0239408004	0.0675942939	-0.0135318513	-0.0854246103	-0.0990283447	-0.0563576	-0.0209253	0.00043786818009	0.00317617907776	0.0125916	0.0432884	0.0018738855745599	0.00015854839056	-0.0450875	0.0188757999999999	0.0003562958256399	0.00203288265625	-6.89672e-05	0.0008471188	7.1761026131344e-07	4.756474675840001e-09	-0.000926476	-7.422699999999995e-05	5.509647528999993e-09	8.583577785759999e-07	-0.000417551	0.000341153	1.1638536940900003e-07	1.74348837601e-07	0.0	0.0	0.0
44015.41521328417	-2.140829059528187	1937356776.397808	4.5831490621203415	69068.41828048657	812.2738955618988	4770446403.768251	659788.8814113025	40598.51985907949	56.04355284057237	1648239814.7480717	3140.879814994028	45925.33604535329	43264.9097963359	1.269851	24.128141	0.11755589	0.0665976	0.0592498079	-0.0697360452	0.0647546746	0.0880462754	0.1263965228	-0.0339347024	-0.0453679103	-0.0690288958	-0.0132129403	-0.0718412205	-0.050767078	0.086136049	-0.0072159896	0.0866076337	0.0192310471	-0.0148998185	0.071298918	0.0206755913	-0.1333512024	0.0198617247	0.0873340671	0.0016632208	-0.0839577581	0.0557119102	0.1507929955	-0.0534668702	0.0418677762	-0.0748271629	0.0535725261	0.0248874261	0.0115486284	-0.0037491665	0.2299261557	0.0153724877	0.0581577678	-0.0709165056	-0.0643191434	-0.0614811119	0.0790443146	0.0744861522	0.0776266304	0.0496893299	-0.1315489584	-0.0718195148	0.008144447	0.099993946	-0.0622097479	0.0021223961	0.0070732455	0.0238538471	0.1089559167	0.0326748514	0.1004101333	-0.1000437297	0.0404201802	-0.0457878631	-0.0563145677	0.0628884372	0.0820343502	-0.0556833862	0.1482411301	-0.0212236431	-0.0316746951	0.0999348053	0.0416911374	-0.111961748	-0.0447234688	-0.0886529376	0.0206869459	0.0851904407	-0.113565491	-0.1385036157	0.028922049	-0.0542337958	0.0103824278	-0.0044728368	0.0433921033	0.0056949787	0.0867985204	-0.1351191494	0.0566781889	0.0368975056	-0.0655748284	-0.06312269	-0.1357630778	0.0276523941	-0.0345228194	-0.0066635056	0.0663089027	-0.0168870486	-0.088137076	-0.0970388015	-0.0553588	0.0009988	9.976014400000022e-07	0.00306459673744	-0.0284006	-0.0409922	0.00168036046084	0.00080659408036	-0.0678949	-0.0228073999999999	0.0005201774947599	0.0046097174460099	-0.0010437	-0.0009747328	9.5010403139584e-07	1.08930969e-06	-0.000926476	0.0	0.0	8.583577785759999e-07	-0.000497968	-8.0417e-05	6.466893889e-09	2.47972129024e-07	0.0	0.0	0.0
43946.60982012094	-68.8053931632312	1931304514.68195	4734.182128346823	68497.76791530945	-570.65036517712	4691944209.379597	325641.8392767804	40519.3569278221	-79.16293125739321	1641818285.8442445	6266.769685262763	45780.3716290945	42383.49414614854	1.329206	25.25593	0.10878385	0.0650919	0.0351971055	0.1323410763	0.112293968	0.0099954699	-0.0923427065	0.0433268029	-0.0318493763	-0.1606587216	0.017565311	-0.0624744647	-0.0544146171	-0.1326156841	-0.0470055757	0.0836454814	-0.0264166333	0.0332536803	0.0018592939	0.0546788172	0.0017963298	-0.051710126	-0.0835223147	0.0048566612	0.0325761788	-0.0956363356	0.0348364732	-0.011891638	0.0392496957	-0.0432743252	0.112356876	-0.0375297433	-0.0787959549	-0.1507592183	-0.0296869718	-0.0679657163	-0.0196135496	0.1741981385	-0.0510528095	0.043026291	0.0124567893	0.0092760439	0.008305178	0.0500831517	-0.0149851731	-0.068762898	-0.0199044961	-0.002305562	-0.0417578321	-0.0536164132	0.0587036506	-0.0313828282	-0.003181129	-0.0021620233	-0.0081839581	0.117663297	0.0094371482	0.0232387792	0.004296531	0.0145914553	0.1208790234	0.0241085881	0.0482425546	0.0124744368	0.0883373926	0.0941864415	-0.038323962	-0.0027897489	0.1047100129	-0.0234358137	-0.0881875847	-0.0271298262	0.0679032419	0.048605984	-0.0837131512	-0.0172391544	-0.0366118366	-0.0818371081	-0.0481424788	0.0670151066	0.0906933796	-0.0036289697	-0.0583473411	-0.0161312437	0.0766300045	-0.0291708923	-0.0689320268	0.0132430366	-0.0196756052	-0.0414753886	0.0650053833	-0.0202237803	-0.0906327191	-0.0946249323	-0.0487449	0.0066138999999999	4.374367320999999e-05	0.00237606527601	0.013506	0.0419066	0.00175616312356	0.000182412036	-0.0667711	0.0011237999999999	1.262926439999987e-06	0.00445837979521	-0.000166257	0.000877443	7.699062182490002e-07	2.7641390049e-08	-0.000926476	0.0	0.0	8.583577785759999e-07	-0.00019262	0.000305348	9.3237401104e-08	3.7102464400000006e-08	0.0	0.0	0.0
43980.69342973038	34.08360960944265	1934301394.559929	1161.692444008891	68261.07233560667	-236.69557970277677	4659573996.406927	56024.79745083354	40464.68007535461	-54.67685246748442	1637390333.6008005	2989.5581957510576	45957.34409643783	43291.51330433841	1.443294	27.423685	0.1839556	0.0799505999999999	-0.1172986703	-0.0142533525	0.0294387249	0.1218141406	-0.0437687117	-0.1225074219	-0.0933656362	-0.0519687461	0.0686862238	-0.0813812036	0.1003774745	-0.0309235006	0.0838225865	0.1090758083	-0.1298896265	-0.106984364	0.0732408165	-0.039578275	-0.0545550442	-0.0833186577	0.0161869595	0.05553986	-0.0102192836	-0.0370690599	0.0506239176	0.0883949568	-0.0417519926	0.0651630431	0.0492382151	-0.0366719703	0.0169553046	-0.0019583492	-0.0189349621	-0.1105272166	0.0760506146	0.1554538619	0.1540487658	-0.0675864649	0.0429194301	0.0022433461	-0.0166903782	-0.0256674374	0.1092768275	0.1442320521	0.0840205347	-0.0629249049	0.0232900465	0.0952551162	-0.0149761807	0.0486300932	-0.0405605325	-0.0841425981	0.0320032003	-0.01182099	-0.1586908543	0.0588505292	-0.0007235752	0.1001381793	0.099609433	-0.0040312894	0.0310144908	-0.1200735886	-0.0745963578	-0.0105477742	-0.0919975627	-0.0267640861	0.0622015198	0.0990180896	-0.0316013431	-0.0760164973	-0.0777328912	0.0577013776	0.0379254769	0.0967900752	0.1408226547	0.020865144	-0.0987352036	-0.0392783709	-0.0395673208	0.0872652868	-0.0160578559	0.0671845162	-0.0596701718	0.0280939173	-0.0519322946	-0.0489131548	-0.0011547169	-0.1304702254	0.063684092	-0.0235383975	-0.0929054001	-0.0917972923	-0.0367189	0.012026	0.000144624676	0.0013482776172099	-0.0177182	-0.0312242	0.00097495066564	0.00031393461124	-0.103066	-0.0362949	0.00131731976601	0.010622600356	-0.00137818	-0.001211923	1.468757357929e-06	1.8993801124e-06	-0.000544127	0.0003823489999999	1.4619075780099994e-07	2.960741921290001e-07	-0.000686558	-0.000493938	2.43974747844e-07	4.71361887364e-07	0.0	0.0	0.0
43947.96637997655	-32.72704975383385	1931423748.935549	1071.0597855899164	68855.48027789088	594.4079422842042	4741077164.29902	353320.8018505418	40613.50535839613	148.82528304151492	1649456817.496471	22148.96487238703	45982.345250794846	42978.81114264441	1.311263	24.914999	0.1057678	0.0462308	0.0518520506	-0.0673910069	0.1181109142	0.1499637305	0.1173554075	-0.0266133616	0.002355007	-0.1848113277	0.0352325031	-0.0987049963	0.0459054622	0.0573111143	0.079842013	-0.0587515249	-0.1317973223	-0.1024881798	0.0115723038	0.0959582041	-0.015182071	-0.0613490869	-0.0532070822	-0.0497091389	-0.0184017293	-0.1176149744	0.0029139052	-0.0367030346	-0.0747607133	0.0884317725	-0.0863571394	-0.0143918347	0.0785076256	-0.0009303241	-0.0477840143	-0.0316422113	-0.0532643536	0.0545676691	0.0456588516	-0.091207905	-0.1224026097	0.1367683798	0.1072250891	0.0544551689	-0.0769621366	0.0553376275	0.1473055986	0.1778062257	-0.0101645031	-0.0966554438	-0.1058493301	-0.0468186907	-0.0707720979	0.0057684589	0.0241501196	-0.1141226262	0.0360466547	0.0198627786	0.1091948991	0.1243685333	0.1525350866	-0.0791304795	0.0092784203	0.0208367355	0.0133163631	0.0098642296	0.0093477055	-0.0016122244	0.0238566777	-0.0071572269	0.0225917901	0.0733282899	0.0073604918	0.0119764665	-0.0034954058	0.0633468998	-0.0646457275	0.1904251696	-0.0066196006	0.0152721522	-0.036437223	0.0454422209	0.0494438973	-0.0028848735	-0.0149651628	0.0342414092	0.0196304118	-0.0984565376	0.1069407323	-0.1720843484	0.0623453902	-0.0268272759	-0.0949495281	-0.0885682462	-0.0446068	-0.0078879	6.221896641000005e-05	0.00198976660624	-0.0326951	-0.0149768999999999	0.0002243075336099	0.0010689695640099	-0.0861001	0.0169659	0.00028784176281	0.0074132272200099	-0.000630109	0.0007480709999999	5.596102210409998e-07	3.97037351881e-07	-0.0008506479999999	-0.0003065209999998	9.395512344093866e-08	7.236020199038299e-07	-0.000422408	0.00026415	6.97752225e-08	1.78428518464e-07	0.0	0.0	0.0
43978.08484755323	30.11846757668536	1934071946.8585916	907.1220891678474	68828.17841510587	-27.3018627850106	4737318143.941646	745.3917115315467	40520.382734005616	-93.1226243905112	1641901416.9103005	8671.82317337623	45813.8470385448	42389.42009354673	1.361282	25.865395	0.1263932499999999	0.0550076	0.0380004355	0.1248009146	0.1288232737	0.0046771591	-0.0866659146	0.0727409036	0.0259532323	-0.0874808995	0.0859810105	-0.139802448	-0.0191429282	-0.0057192134	-0.1031240616	0.1566938552	-0.0700594231	-0.0118607023	-0.0213630153	-0.0212867504	0.0040420814	-0.0701966245	0.0669615528	0.0345116229	-0.1489143898	-0.0097386176	-0.0045809718	0.001627004	0.1087334393	0.0455391655	0.0273420946	0.0332267978	0.0992280217	0.1926334458	-0.0211873444	-0.0522384646	-0.0140431117	0.049273435	-0.0537034861	0.1258420314	-0.053102266	-0.0095867687	-0.0633964435	0.0687376453	-0.0865956325	-0.0472965749	0.0197599335	0.0556086028	-0.0456913654	0.0060136242	0.0132735654	-0.0347051732	0.0303948418	0.0157518755	0.0895329181	0.0774989353	0.0503835569	0.0140765151	-0.1418312896	0.0773767211	0.0953633058	0.0242928069	0.0324260923	-0.0168096229	0.0950557821	-0.0208715634	-0.0572707625	-0.0227397848	0.1138813762	-0.0725832794	0.0525065242	0.0122800395	-0.0501870947	-0.0263048254	0.0532384641	0.0312556306	0.1048869406	-0.1420005161	-0.0248667139	0.0607250551	-0.0641873287	0.0661898344	0.1070672273	0.0134950129	0.0289463333	-0.0709896752	0.1332490078	0.1013244323	0.1405844872	0.0493694222	0.0609896438	-0.030086819	-0.0967600744	-0.0849519136	-0.0680592	-0.0234523999999999	0.0005500150657599	0.00463205470464	0.00149115	0.0341862499999999	0.0011686996890624	2.2235283225e-06	-0.0620141	0.0240859999999999	0.0005801353959999	0.00384574859881	-0.000244243	0.000385866	1.48892569956e-07	5.9654643049e-08	-0.000435776	0.0004148719999999	1.72118776383917e-07	1.8990072217600002e-07	-0.000329774	9.263399999999995e-05	8.581057955999995e-09	1.0875089107600001e-07	0.0	0.0	0.0
44030.53908172362	52.45423417038546	1938688371.8271909	2751.446682401634	68354.12728394747	-474.05113115839777	4672286716.750092	224724.47495255643	40517.93079565603	-2.451938349586271	1641702715.9615712	6.012001670171848	45876.96528987042	43284.1250762249	1.402083	26.640657	0.13380845	0.0655607	-0.1115303765	-0.0296753056	0.025763311	0.0890341476	-0.0251509938	-0.1071740409	-0.0783423556	-0.0104718245	0.0460070878	-0.0473039484	0.0025175332	-0.0524810598	0.1324515177	0.0426513051	-0.0720495768	-0.0839485438	0.0166628207	-0.0546323387	-0.035001141	-0.0030629435	0.0931513911	-0.0616002253	0.0468146575	0.1068028917	0.1550753612	-0.0217757633	-0.0138581217	-0.0144896715	0.0192162109	0.0613025658	-0.1230361895	-0.050858713	-0.1062831087	0.0139894728	0.158350774	0.0356911465	0.0062986126	0.0333481732	-0.0425884024	0.0149978655	-0.0017945023	-0.0320733978	0.1263948106	-0.1830304011	0.0180955859	0.0315177236	-0.1259487996	-0.0207897391	0.0321161171	0.0477747756	0.0052748761	-0.0991737724	-0.0463481852	0.0130827399	-0.1297711573	-0.0034922676	0.0579648409	0.047377381	0.0360898735	-0.0511485487	0.0023167061	-0.1655811294	-0.0600393015	-0.0528356741	0.0287787896	-0.0933234973	0.0379582564	0.01475638	-0.0310669256	-0.0232259224	-0.0357042072	-0.0547383458	0.0449740623	-0.1192479099	0.0597674457	0.0145000927	0.055231283	-0.068949813	-0.0880945115	0.0476413353	0.0093347268	0.0185446516	0.1173764677	-0.0001864251	-0.1515789456	-0.0377952855	-0.0756196418	-0.108253617	0.0596172234	-0.0333134626	-0.0983325849	-0.0809641079	-0.0672106	0.0008486	7.201219600000083e-07	0.0045172647523599	-0.036944	-0.0384351499999999	0.0014772607555224	0.0013648591359999	-0.0990741	-0.0370599999999999	0.0013734435999999	0.00981567729081	-0.00105674	-0.000812497	6.60151375009e-07	1.1166994276e-06	-0.000688788	-0.0002530119999999	6.401507214399997e-08	4.7442890894400006e-07	-0.000413559	-8.378499999999996e-05	7.019926224999993e-09	1.7103104648099997e-07	0.0	0.0	0.0
44040.14468088965	9.605599166032334	1939534343.513693	92.26753533848108	69046.58175768526	692.4544737377873	4767430452.420714	479493.198199476	40626.86331818853	108.93252253250104	1650542023.0747728	11866.294465293844	45929.09041831388	43180.87931410845	1.265278	24.041246	0.07127905	0.0387586	0.0747006198	-0.0699671198	0.0899783278	-0.0069952846	0.1165428751	-0.0018437384	0.0601267986	-0.0697468288	-0.0323815595	-0.0547570452	0.0079326762	0.1163242692	-0.0616827699	0.0396924896	-0.0188744468	0.0183119401	0.0270666149	0.0889548523	-0.0554004423	0.0519694245	0.0240575678	0.011656713	-0.0525593612	-0.0755753601	-0.0109855731	0.0662532999	0.050912974	-0.1184645933	0.0544766867	0.091570921	0.0608880853	0.0730889421	-0.0532769541	0.0355903811	-0.0565038242	0.0234127476	0.1910173029	-0.0213085006	-0.0599676364	0.0687852264	-0.0617382197	0.0276639166	-0.1138754514	-0.188263099	0.0198539184	-0.0009690061	0.0012897806	0.0207113356	-0.0073161671	-0.1025627101	0.0021884062	-0.0133967772	0.0676888841	-0.0962795119	0.1085860746	-0.0433410896	-0.037453556	0.085810843	0.0537707281	-0.1104013524	0.1383643847	0.0747369507	-0.0422201548	0.0442649922	0.0399507585	-0.0097084252	-0.0053830463	-0.1095647783	-0.0511879487	-0.014406478	-0.0194728063	0.0441846436	-0.0388244053	-0.0870217834	-0.0575107869	-0.0872255193	-0.0424083792	-0.0068178303	-0.0171586294	-0.0608818651	0.126712855	0.1532496425	-0.0162413416	-0.034613963	0.1288402756	-0.0273500614	0.0878555661	-0.0235072036	0.0582285042	-0.0365036785	-0.0996631912	-0.0766222668	-0.0711544	-0.0039438	1.555355844000009e-05	0.00506294863936	-0.0141067	0.0228372999999999	0.0005215422712899	0.00019899898489	-0.0976987	0.0013753999999999	1.8917251599999969e-06	0.00954503598169	-0.000522883	0.000533857	2.85003296449e-07	2.73406631689e-07	-0.000436183	0.000252605	6.3809286025e-08	1.9025560948900003e-07	-0.00033757	7.5989e-05	5.7743281209999995e-09	1.1395350490000001e-07	0.0	0.0	0.0
44048.34088760739	8.196206717737368	1940256334.9508648	67.17780455988317	68429.34844831534	-617.2333093699126	4682575729.060958	380976.9581957343	40524.35163406841	-102.5116841201234	1642223075.3616228	10508.64538114396	45914.387281548064	42999.21597270707	1.301864	24.736412	0.11367197	0.0523283	-0.0002295609	0.1110523311	-0.007011429	0.0964046199	-0.0923254637	0.0103533471	-0.1225399257	-0.0510009191	-0.0334312671	-0.0837911323	-0.0234584917	-0.080378592	-0.0305224556	0.1043667368	-0.0242932737	0.0186394525	0.0227203822	-0.0168301718	0.0476041137	-0.0301495446	-0.0289202092	-0.0236817815	-0.1173132015	-0.0745635173	0.0389606423	0.0059654407	0.060644702	-0.0176144207	0.0624406462	0.0244889928	0.0017479959	0.0041059752	0.0205579466	0.0983376392	0.0051829771	-0.0265802908	-0.0313777933	0.0840426491	0.141853267	-0.0721968449	0.0489433353	-0.0020138626	-0.1097149881	0.0458995177	-0.1521427453	-0.0827579516	0.0697158397	0.0239197168	-0.1036048988	-0.1298256952	0.0925006183	-0.0133937328	-0.0298640394	0.0783578216	-0.0793967196	0.0815371522	-0.0256362211	0.0702280276	0.0658230768	0.0207072002	0.0446792454	0.0553064004	0.0655466686	0.0858050725	0.0085827165	0.097380308	0.1192098538	-0.0821241914	-0.0306171171	0.0490425145	-0.0625217707	-0.0362107352	0.065773393	0.0901420788	-0.0199245455	-0.0889965732	0.004995332	-0.0766439637	0.1027071542	-0.0192934886	-0.0971385827	-0.0045767134	0.0358171229	-0.0119597122	-0.0503555248	0.0679363719	-0.041218152	0.1184821269	0.0568238659	-0.0396539781	-0.1007486199	-0.071945376	-0.0663266	0.0048278	2.330765284000007e-05	0.00439921786756	-0.0216013	-0.0074946	5.616902916000001e-05	0.00046661616169	-0.138607	-0.0409083	0.00167348900889	0.019211900449	-0.00106174	-0.000538857	2.903668664490001e-07	1.1272918276e-06	-0.000196172	0.000240011	5.7605280121e-08	3.8483453584e-08	9.23874e-05	0.0004299574	1.8486336581476e-07	8.535431678759999e-09	0.0	0.0	0.0
44054.72735213584	6.386464528448414	1940819002.0710251	40.78692917312982	68241.9156911645	-187.43275715084744	4656959057.200004	35131.03845316856	40598.3940094932	74.0423754247895	1648229596.150053	5482.273358545472	45894.81133714546	43003.85053070207	1.310602	24.902441	0.11498353	0.0511269	-0.0884407229	-0.0695470418	0.0689891444	0.0250601523	-0.0442946651	-0.1145423933	0.0084848548	-0.0573637948	0.0552980356	-0.0099409539	0.0401565745	0.0843969863	0.0504194787	0.1287920007	0.105945942	-0.1035107536	0.0149475078	-0.0948039306	0.0522186611	0.0061782815	-0.0047620656	-0.0157150978	-0.0688139154	-0.0498604201	-0.1055332505	-0.0863529298	-0.0020587823	0.0074834897	-0.007869166	-0.0265147678	0.1273467671	0.0686580853	-0.0478871587	0.0986126527	-0.2147576683	-0.0980638257	0.0729158551	-0.0728384026	0.0463837818	0.0467657176	-0.0167721531	0.0368641119	-0.0429146113	-0.0427068594	0.0632567796	0.0381694891	-0.1487578339	-0.1293598614	-0.0521488487	-0.0166711984	-0.0674578777	0.017214096	-0.1252160047	-0.0160835349	-0.1001761572	-0.0713080403	-0.1256474271	-0.0218244683	0.0556445671	-0.0511876633	0.019983309	0.0290670553	-0.0246555637	-0.0791910051	0.0692919214	0.0157169535	-0.0955189457	-0.1061724118	0.1570999277	0.1248875664	0.0334205841	-0.0088398534	0.0647444944	0.1494442945	-0.0910600186	0.0093685911	0.003587648	0.0273612884	-0.0087720472	-0.0338013482	-0.057872751	0.0771919385	0.0815560742	-0.0387530257	0.0735819841	-0.0718918208	0.0578774714	0.0047584253	0.0554036926	-0.0427609166	-0.1015862008	-0.0669538864	-0.0826847	-0.0163581	0.00026758743561	0.00683675961409	0.00609818	0.02769948	0.0007672611922703	3.71877993124e-05	-0.124967	0.01364	0.0001860496	0.0156167510889999	-0.000495602	0.000566138	3.20512235044e-07	2.4562134240400004e-07	4.44716e-05	0.0002406436	5.790934222096e-08	1.9777232065600004e-09	-0.00024655	-0.0003389374	1.1487856111876e-07	6.07869025e-08	0.0	0.0	0.0
44112.8501682959	58.12281616006658	1945943549.970524	3378.2617583768965	69333.66868129071	1091.752990126217	4807157612.806993	1191924.5914495357	40573.08762512929	-25.306384363910183	1646175439.4364192	640.4130895739578	45917.58018140269	43621.90091723964	1.339622	25.453848	0.125937943	0.0581924	0.093887595	-0.0186775926	-0.0130098667	0.0579974018	0.1240056465	0.0424300027	-0.0129619222	-0.057522199	-0.1602081782	-0.1101602362	0.0765016936	-0.0659403769	-0.0317525252	-0.023317596	-0.002162665	0.0079297898	-0.0509870716	-0.0043438064	0.0335931348	0.048053956	0.1885113364	-0.0538266576	0.0709738643	-0.0154461102	-0.0223909141	0.1432505854	-0.0020948837	-0.0035113653	0.0482178693	0.0218857584	0.1598998952	0.033091642	0.0217042071	-0.0275075279	-0.0763787844	0.021291866	0.1309116588	0.0537027551	0.0474443218	-0.0519274691	-0.0101571602	-0.0032823781	-0.0998403564	0.0712614246	-0.0556739898	-0.1390104023	0.0655770702	0.0755341583	0.0316585596	0.0542461621	0.0003438935	-0.026532727	-0.0858275916	0.0152953017	0.0798714802	0.0509725357	0.0662763153	-0.0072152291	-0.0322767721	-0.2229296888	0.0596773155	-0.0221743326	-0.0644960298	-0.0338040736	0.1289555506	0.0434858949	0.0831624824	-0.009936017	0.0365050902	-0.0583835784	-0.0026496911	0.0637583717	-0.0096689881	0.0135499811	0.0732086127	-0.0642595091	0.0128311067	0.0320750012	0.0348545889	0.0417895905	-0.0843016884	0.0114216807	-0.109753077	-0.0189802924	0.0399395617	0.0387501569	-0.0563704346	0.0040632221	0.0539683725	-0.0458210968	-0.1021738733	-0.0616696245	-0.0624903	0.0201944	0.00040781379136	0.00390503759409	-0.0234419	-0.02954008	0.0008726163264064	0.00054952267561	-0.136437	-0.01147	0.0001315609	0.018615054969	-0.00124804	-0.0007524379999999	5.661629438439998e-07	1.5576038415999998e-06	-0.000254721	-0.0002991926	8.951621189476001e-08	6.4882787841e-08	-3.51134e-06	0.00024303866	5.90677902545956e-08	1.23295085956e-11	0.0	0.0	0.0
44081.92980103729	-30.920367258615443	1943216534.9835796	956.0691114076578	68498.54746984426	-835.1212114464579	4692051005.478507	697427.4378077994	40558.84454648715	-14.243078642139151	1645019870.9461102	202.8652892061605	45826.35280183233	42918.32392699643	1.33924	25.446585	0.120257898	0.0629942	-0.0769767736	0.0994862996	0.0250016958	0.0213785759	-0.135003807	-0.0121442764	0.0198745054	-0.0647430982	0.0454891236	-0.1396737205	0.030210395	-0.0910986015	0.0940237607	0.0899237951	-0.0831429671	0.0273365558	-0.0086818899	0.0567347772	0.0199053541	0.0063530037	0.0220811277	-0.0280763171	-0.0089799386	0.0377167818	-0.10514655	-0.0593191846	-0.0184153812	0.0164496316	-0.0690011322	-0.0206762383	0.1332719345	-0.016571972	-0.0837146683	0.0357344084	-0.0731081218	-0.0409391074	-0.0870601205	0.1510908308	0.0362610604	0.0642558785	0.1335239242	-0.0047529693	-0.0319674318	-0.0237971661	-0.0707127929	-0.0045141985	0.0051078886	0.1736361066	0.1375994444	0.0849439314	-0.0099065502	-0.0075418731	-0.1000471725	0.0959703003	-0.0405507509	-0.0196900468	0.0529992289	0.1721093103	0.065578266	-0.0145166554	-0.0585405686	0.0241505663	0.0163962943	-0.0062536014	0.0678680524	0.02936392	-0.0792091177	0.0504091103	0.0888775903	0.1391116842	0.0093726196	0.0376135305	-0.0515128798	0.0775138033	-0.1197352231	-0.0307797301	0.1074296728	0.0161125801	0.0106523927	0.0606443901	-0.0286642572	-0.06582667	-0.0002313227	0.0447283653	0.0901326055	0.1496787553	-0.0118682629	-0.0619092355	0.0525182979	-0.0488311722	-0.1025101919	-0.056115697	-0.0827172	-0.0202269	0.00040912748361	0.00684213517584	-0.00963288	0.01380902	0.0001906890333604	9.27923770944e-05	-0.122976	0.013461	0.000181198521	0.015123096576	-0.000167644	0.001080396	1.167255516816e-06	2.8104510736e-08	4.44716e-05	0.0002991926	8.951621189476001e-08	1.9777232065600004e-09	-7.91423e-05	-7.563096e-05	5.720042110521601e-09	6.263503649290001e-09	0.0	0.0	0.0
44138.710305462286	56.78050442499807	1948225747.4295225	3224.0256827572257	68748.39002697475	249.84255713049788	4726341131.301042	62421.3033535061	40670.47626468306	111.63171819590934	1654087639.5961478	12461.640507370916	46097.11546969126	43364.5002013884	1.304513	24.786737	0.09689202	0.0525151	0.0075694859	-0.0925912075	-0.0145347785	0.073161857	0.0544963394	-0.0713964022	-0.0503255722	0.0699329764	0.0212794103	-0.0082780527	-0.0450924886	0.0001527293	0.0875030479	-0.1005666302	0.0830931072	-0.0427715778	0.0141549242	-0.1104598473	-0.0014970415	0.0024552617	-0.0441304577	-0.0735081963	0.0757701141	0.0090395255	-0.0848916966	0.0017912927	0.0391818282	-0.0350152698	-0.0059685452	0.060535848	0.0880515455	0.0770019555	0.1785013398	-0.0772808527	-0.0567740074	0.0771166367	0.0507124449	0.006793541	-0.0177909437	-0.0248614225	-0.0065539129	0.1365199204	0.0362443942	-0.1205368503	-0.0071288061	0.0287845134	-0.0778191832	0.1657468176	0.0360838754	-0.0195200045	-0.0005184219	0.0615749622	0.0375282376	-0.0745539897	-0.1142033387	0.0631322302	0.0470588412	-0.1174055836	-0.0233571469	-0.0124907407	-0.0524941468	-0.0368178378	-0.0605034876	-0.0211728756	0.1161974806	0.0146831476	0.0741451462	-0.0633372449	0.0663864851	0.0012556527	0.026216183	-0.036444115	-0.1031952164	-0.0377987007	-0.1238161775	-0.0578164107	-0.018437115	-0.0201425117	0.1683657313	0.1062879453	0.1321510497	0.0688041072	-0.0460234708	-0.0238048773	-0.0150722095	0.1474559331	0.159897105	-0.0127107205	0.0510538654	-0.0517878515	-0.102594329	-0.0503163898	-0.0898811999999999	-0.0071639999999998	5.132289599999846e-05	0.0080786301134399	-0.0227811	-0.0131482199999999	0.0001728756891683	0.0005189785172099	-0.15676	-0.033784	0.001141358656	0.0245736976	-0.00102356	-0.000855916	7.32592199056e-07	1.0476750736e-06	4.44716e-05	0.0	0.0	1.9777232065600004e-09	-7.91423e-05	0.0	0.0	6.263503649290001e-09	0.0	0.0	0.0
44084.30691890747	-54.40338655481901	1943426116.5204327	2959.7284686330618	68881.04716765066	132.6571406759031	4744598658.912114	17597.916972306335	40647.26658771055	-23.20967697251035	1652200281.05241	538.6891051682773	46001.54662661061	42882.82677073759	1.208549	22.963364	0.0504124	0.029181	0.0698585284	0.0742220907	0.0270998096	0.0394206573	-0.0280900894	0.0743630801	-0.0507484926	-0.0291986609	0.1107126965	0.1011581106	0.0974913715	-0.0301998618	-0.0571149243	-0.1103493386	0.0401916799	0.0058362009	-0.0172661687	-0.0511957211	-0.0723743037	0.0602638261	-0.0219564851	-0.0411853213	-0.0957989077	0.2308705863	-0.1699470624	0.0604883277	-0.0750884626	-0.0395289179	-0.0027147228	0.0112760995	-0.0243599949	-0.0719240425	0.017651059	-0.1278118479	0.0624258508	-0.0565654904	0.1638742975	0.0459450567	0.1450021938	0.0624209953	0.1328287044	0.0336794283	0.0032218896	0.1420949604	0.0094168645	0.0562702583	0.1206623745	0.0901747796	-0.0088223477	-0.0052958757	0.0076220284	0.1063346142	-0.0534329009	0.039728645	0.0265971931	0.1029587829	0.023933674	-0.0593461612	-0.0258728715	0.0766682241	-0.0081533435	0.0577003999	-0.0680213847	-0.1149519378	0.012431998	-0.0393674134	-0.1746289466	0.0240384873	0.034682674	0.1197491136	-0.1112242971	0.1049179088	-0.0358966763	-0.0032420365	-0.067571397	-0.114051122	0.0579929475	0.0003218891	-0.1285856537	0.0237927541	-0.0664791884	0.0434023077	-0.1910104482	0.0431479112	-0.1862786321	0.0185169756	-0.0352641995	-0.00661612	0.0495754752	-0.0546879015	-0.1024260777	-0.0442970619	-0.0898811999999999	0.0	0.0	0.0080786301134399	-0.0159645	0.0068165999999999	4.6466035559999984e-05	0.00025486526025	-0.136465	0.020295	0.000411887025	0.018622696225	-0.000557544	0.000466016	2.17170912256e-07	3.10855311936e-07	4.44716e-05	0.0	0.0	1.9777232065600004e-09	-7.91423e-05	0.0	0.0	6.263503649290001e-09	0.0	0.0	0.0
44113.88638130356	29.579462396090094	1946034971.6625595	874.9445956417079	68737.30445846905	-143.7427091816062	4724817024.2162695	20661.96644286781	40615.977167368495	-31.289420342051017	1649657601.2601988	979.027825341556	45768.51413335634	43303.42347969987	1.357031	25.78463	0.192845695	0.0985444	-0.1137454824	0.0176528501	0.0165055395	-0.0530694287	-0.0651075261	-0.0391545763	0.0805942022	0.0255360611	-0.0664022971	0.0524698848	0.084758196	-0.0125724429	-0.0103422298	-0.068492715	0.014694925	-0.0364137877	0.0275556822	0.0808531783	-0.0658650856	-0.1191632203	0.0595904443	0.0368014637	0.0482897542	0.0340824066	-0.1066106416	0.0981278159	0.0730952569	0.0365414454	-0.0533568625	-0.0503596693	-0.0093808391	0.042755952	-0.0197624704	-0.0343808498	0.0721251804	-0.0576464791	-0.0139456092	0.0877784376	-0.0046208958	-0.1066712859	-0.0661940315	0.0828190408	0.0331546072	-0.0837060436	-0.0703510754	0.0716823091	0.0575949845	0.0016813032	0.0277405359	0.1524326082	-0.0434526222	0.0198365433	-0.1015405897	0.0579193911	0.039352644	-0.1128262683	0.0359421171	-0.0222611161	0.0284467545	0.0268950948	0.0145159723	-0.0456914037	-0.019662161	-0.1659884989	-0.0973821063	0.0092643683	-0.0450814902	0.0854404352	0.1655656181	-0.073149693	0.0941413578	-0.0329067132	0.0139932978	-0.0444283205	0.0001084291	-0.0263710935	-0.0597562464	0.1127132437	-0.0802341908	0.1056307602	0.0898406698	0.0119817376	-0.0329119746	-0.0608547903	-0.0630035579	0.0123981996	0.0457532485	0.0953121417	0.0480835316	-0.0575281511	-0.102005852	-0.0380840342	-0.0898525	2.869999999989548e-05	8.236899999940002e-10	0.00807347175625	0.0151844	0.0311489	0.00097025397121	0.00023056600336	-0.0790497	0.0574153	0.00329651667409	0.00624885507009	-0.000921698	-0.000364154	1.32608135716e-07	8.495272032039999e-07	-0.000393428	-0.0004378996	1.9175605968016e-07	1.5478559118399998e-07	0.00120386	0.0012830023	1.64609490180529e-06	1.4492788996e-06	0.0	0.0	0.0
44140.48265041494	26.596269111381844	1948382208.6115825	707.361530645044	69415.5507367162	678.2462782471557	4818518684.081622	460018.0139561181	40684.30980810431	68.33264073581813	1655213064.5618129	4669.349789930391	45970.51983977577	43611.468555792206	1.303943	24.775915	0.11096565	0.0625946	0.0694565102	-0.0810882874	0.0165632296	-0.01200377	0.1299550189	0.0443068581	0.0867069407	-0.001677342	-0.1401816949	0.0767917157	0.018121074	-0.0179771317	0.0594342683	-0.0634864725	0.068462821	0.1180723637	0.0092742188	0.0723389436	-0.008800203	0.0809959796	0.1006940771	0.0076974424	-0.0224337888	-0.1089077561	-0.0160392668	-0.130265309	-0.0121591373	-0.0483888753	-0.0716739584	-0.147465963	-0.0023383202	-0.0402877278	0.0059418063	0.0030933053	0.0637470154	0.0734897549	0.0123271225	0.0779974342	-0.0001409252	-0.0180984705	-0.1216151079	0.001417114	-0.0660423597	-0.0152632198	-0.0707038035	0.0977206716	-0.0797257672	-0.0348194426	-0.0957900647	-0.0542711472	-0.0956746895	-0.0421318411	-0.0215571086	-0.0542831223	0.127912703	-0.067725953	0.1375004946	-0.0235828274	-0.0601770381	-0.161954804	0.0704072729	0.0192695128	0.0439988723	0.1145175831	-0.0533684769	-0.0503490373	-0.0225965644	-0.0870299091	-0.0385234055	0.0553170761	0.0305066529	0.0753885084	0.0343325412	-0.01465414	-0.056477026	0.0228297202	0.0443052885	-0.0708419092	0.0363300661	0.1032653378	-0.0695078409	0.0708386357	0.0545319554	-0.0488593952	0.012326069	0.0727666837	0.1475361826	0.1095983233	0.0465784425	-0.0603054945	-0.1013346856	-0.0317044747	-0.0898564	-3.900000000001125e-06	1.5210000000008774e-11	0.00807417262096	-0.0212642	-0.0364486	0.0013285004419599	0.00045216620164	-0.0614509	0.0175987999999999	0.0003097177614399	0.00377621311081	-0.00171459	-0.000792892	6.28677723664e-07	2.9398188681e-06	-0.000453218	-5.979000000000005e-05	3.574844100000006e-09	2.0540655552400005e-07	0.000918255	-0.000285605	8.1570216025e-08	8.431922450249999e-07	0.0	0.0	0.0
44123.08774946413	-17.394900950806914	1946846872.546912	302.5825790883833	69137.22156199104	-278.3291747251642	4779955405.311839	77467.12950319098	40533.02602781472	-151.2837802895956	1642926198.9715054	22886.782178710637	45838.7930628765	43196.84962981211	1.248773	23.727646	0.07491079	0.0400865	0.0595668908	0.115490667	-0.0102145298	-0.0653444532	-0.0727413692	0.1147032831	-0.0105909703	0.0596662102	-0.0122821307	0.0016128539	-0.0170836455	-0.0846057282	-0.092225037	-0.0561318822	-0.0825069588	-0.0032382861	0.041703172	-0.0225633341	0.1305855064	0.0647154936	-0.034171629	-0.0665855131	0.0830824129	0.1317114308	0.0795836241	-0.0462494553	0.1564967437	-0.0066308835	0.0809381718	0.1706751761	0.1031977192	-0.0280512252	-0.0317440686	0.0444505367	0.1953974497	-0.0731779817	-0.0418902715	-0.1068358574	0.0322100565	0.0399736917	-0.0591695061	0.0905888081	-0.0135996415	0.0367570546	-0.0664527183	-0.0461641679	-0.0083640631	-0.002233478	-0.0083968833	0.0951515731	-0.0502441186	-0.0644714113	-0.0122718824	0.0836025909	0.0916668832	0.0220665669	0.0310864574	-0.020768867	0.014309964	0.104267513	-0.0652717866	-0.096316226	0.1229370064	-0.0090078009	0.0264015562	-0.0483113615	0.1013439603	-0.0372120992	0.0883303212	-0.0188562753	-0.0416916866	-0.0526669523	-0.0633004953	0.0143364326	0.0131774347	-0.1797419132	0.0871462698	-0.1433212304	-0.0495167691	-0.1134539124	0.0316732245	0.0523693063	-0.0499888868	-0.0065058297	-0.0033727328	-0.0611737493	-0.0365828391	-0.0123938526	0.0450606192	-0.0630168947	-0.1004142296	-0.0251862796	-0.101553	-0.0116966	0.00013681045156	0.010313011809	0.00734144	0.02860564	0.0008182826398096	5.389674127360001e-05	-0.0628028	-0.0013519	1.8276336100000085e-06	0.00394419168784	-0.00138574	0.0003288499999999	1.0814232249999993e-07	1.9202753476e-06	-0.000393428	5.979000000000005e-05	3.574844100000006e-09	1.5478559118399998e-07	0.000641762	-0.0002764929999999	7.644837904899998e-08	4.118584646440001e-07	0.0	0.0	0.0
44104.764831861095	-18.32291760303633	1945230280.8737712	335.7293094876586	68419.4534939943	-717.7680679967452	4681221616.416848	515190.9994357803	40607.06134336215	74.03531554742949	1648933430.9435763	5481.227948207455	45961.529005017466	43644.77163864757	1.367761	25.988508	0.10417429	0.0458061	-0.110170974	-0.0075353224	-0.056161669	0.0598167184	-0.0349991497	-0.0824257899	-0.0778046041	0.0404959542	-0.0421632413	0.1188996605	-0.0361918863	-0.0396347098	0.0517062438	-0.0642230447	0.0587517905	0.06892039	0.0535003429	-0.06220775	-0.0195587389	0.0259221339	0.0389039275	0.0397593158	0.1154129603	0.0612823565	0.1056066967	-0.0245811002	0.1890693748	0.0106031588	0.0351279778	0.0053628234	-0.0602402108	0.0990013392	-0.1246765284	-0.1284277714	-0.0141067727	-0.0145925832	0.0368423725	-0.0741567864	0.045886672	-0.0103545645	-0.0567610735	0.0691275089	-0.0125231537	0.0081779686	-0.0338796858	-0.0485029591	0.0679818145	-0.0097392304	0.0914036083	-0.0059439217	0.0156234778	-0.0755013478	0.0419706	0.0141848358	-0.1002567889	-0.0002301992	0.0749380479	-0.0695607738	-0.1057842955	0.0314290884	0.074035661	-0.0771911571	-0.0190423275	0.0482906911	-0.0119553452	-0.0706003835	0.055969381	0.0170125494	-0.0607569539	-0.0673855828	-0.0597878506	0.0670913749	0.1829811177	-0.0228056749	-0.0551424185	-0.1469969501	0.0392454429	0.0134088565	-0.0209555405	-0.0176443151	0.1145099109	0.0293601825	0.0025877861	0.0789288973	0.0858650786	-0.1148306046	-0.1118202046	-0.0299727692	0.0435304769	-0.0656593869	-0.0992467484	-0.0185579513	-0.099102	0.002451	6.007401000000043e-06	0.0098212064039999	-0.017337	-0.02467844	0.0006090254008336	0.000300571569	-0.0908758	-0.028073	0.000788093329	0.00825841102564	-0.00180063	-0.0004148899999999	1.7213371209999982e-07	3.2422683969e-06	-0.000238607	0.0001548209999999	2.3969542040999996e-08	5.6933300449e-08	0.000232036	-0.000409726	1.6787539507600002e-07	5.3840705296e-08	0.0	0.0	0.0
44111.88783109744	7.122999236344185	1945858648.0233223	50.73711812095985	68732.83369172434	313.38019773004635	4724202427.294237	98207.14832932294	40597.51418901448	-9.547154347666948	1648158158.327232	91.14815613817588	45973.66444750356	43295.145318686365	1.301225	24.724272	0.129657214	0.0788462	0.0368292894	-0.0982009536	0.0266308504	-0.0645107025	0.052600683	-0.0533632945	0.0614167041	0.0317925014	0.014708265	0.080800306	0.0077725309	0.0684940362	-0.0153753104	0.0020234931	0.0698468155	-0.1005309525	0.006511153	-0.0243988341	0.1464539507	0.11857581	-0.0728138917	-0.0933437903	0.0713835576	-0.0517225277	-0.0507533997	0.1152206621	-0.0365186904	-0.0187543352	-0.0580841186	0.0403768945	0.0547820592	-0.0371672731	0.0277467088	-0.0862395505	-0.0768648021	0.0316693584	-0.0990411038	-0.0903670597	0.017015029	0.0156062334	-0.0189771663	-0.058267314	0.0862661909	-0.0264378007	-0.0830253259	-0.0098667947	0.1610264124	0.0613422226	-0.0303183091	-0.0235628262	-0.1091861021	-0.0014783299	0.1636657146	-0.0811821492	0.0051236671	-0.0470020415	-0.0440918739	-0.0737599956	0.0446003874	0.0169863415	-0.0691926802	-0.0317386907	-0.0394146643	0.0274922322	0.153218769	0.1326119043	0.0911051467	-0.0602472929	-0.0361485363	0.0140101898	0.0585423245	0.0939815582	-0.1089432269	0.0032738794	-0.0210100286	0.0090100161	0.0681314072	0.027776574	0.0562932259	-0.0037988365	0.0752736377	-0.020422824	-0.0686396924	0.0979842863	-0.0239927259	0.0260455351	-0.0166950741	0.0138131901	0.0419884337	-0.0682300815	-0.0978351141	-0.0118484738	-0.107024	-0.0079219999999999	6.275808399999997e-05	0.011454136576	0.0104632	0.0278002	0.00077285112004	0.00010947855424	-0.109395	-0.0185192	0.0003429607686399	0.011967266025	-0.000538984	0.001261646	1.591750629316e-06	2.90503752256e-07	8.06328e-06	0.00024667028	6.084622703527841e-08	6.50164843584e-11	0.000232036	0.0	0.0	5.3840705296e-08	0.0	0.0	0.0
44139.80042129652	27.912590199077385	1948321981.2318883	779.1126916216309	69003.66016261197	270.82647088762315	4761505115.837242	73346.97733344459	40577.82686678118	-19.68732223330153	1646560033.2304685	387.59065671784873	45988.195845883536	43314.92321954097	1.214021	23.067327	0.093959064	0.0433871	0.0735374856	0.0515714069	-0.0526435736	0.0278390738	-0.0122169865	0.0773176501	-0.0718051945	0.0629516149	0.0673487393	0.0715608822	0.1222367463	0.0412130105	-0.1528605214	0.072917248	0.036948865	0.0599850473	0.0401309943	-0.1103115759	-0.0255336676	0.0328390721	-0.0157276376	0.0096802299	0.1678421713	0.0077315485	-0.0415157751	-0.0713207633	-0.0174196031	-0.0336924212	0.0690072626	-0.039168692	-0.0550335691	0.1129017859	-0.0006080551	0.1068693955	0.0215327086	0.0201177635	0.0928773971	0.0507955297	-0.1449638929	-0.0359514126	-0.0560961246	0.0303397998	0.0228514745	0.077622902	0.0413410851	-0.0543609278	-0.087276948	-0.1519071659	0.0990872239	-0.0296150571	0.0258862102	0.0331014351	-0.0605167479	0.019758423	0.0170321979	0.1043770198	-0.1620405052	-0.0305432948	-0.1154435117	0.0306878519	0.049284117	-0.0302874562	-0.0890315615	-0.0050772484	0.0472785764	-0.0340362628	0.0414655619	0.0256193557	-0.0108116783	-0.0669023982	-0.0175937532	0.0780257938	0.0058001268	0.0094590001	-0.1233515916	-0.0370033939	0.0483254492	-0.0409965301	0.0178474343	-0.0374850911	-0.0715763128	-0.0495550945	0.0636928733	-0.1095458513	0.1280641742	0.043484014	0.0136506852	-0.1113729521	0.0404349114	-0.0707261675	-0.0961827994	-0.0050871859	-0.119019	-0.011995	0.000143880025	0.014165522361	0.011262	0.0007987999999999	6.380814399999981e-07	0.0001268326439999	-0.143136	-0.033741	0.001138455081	0.020487914496	-0.00110102	-0.000562036	3.1588446529600015e-07	1.2122450404000002e-06	-0.000188062	-0.0001961252799999	3.8465125455078394e-08	3.536731584399999e-08	0.00042236	0.000190324	3.6223224976e-08	1.783879696e-07	0.0	0.0	0.0
44191.5214041158	51.72098281928629	1952890564.010425	2675.060063792908	68422.59844513437	-581.061717477598	4681651977.984104	337632.7195180159	40594.34421865765	16.517351876471366	1647900782.5428638	272.82291301117215	45833.41945353027	43431.64020079186	1.313105	24.95001	0.0615442	0.0270909	-0.1159554526	0.0115789752	-0.040728749	-0.0770125964	-0.0843239966	-0.0640848237	0.0515587182	0.0476635615	-0.0566693847	0.0458046097	0.0436436802	-0.0673380756	0.097340737	0.0148521624	0.0840755114	0.0909020183	-0.0267729255	0.0375597617	-0.0023654594	-0.0756807992	0.0421061536	-0.1119930664	0.0763311669	-0.0395570702	-0.0407348623	0.0180100576	0.035404179	-0.0668703916	-0.0326538724	0.1092685955	0.0027377338	-0.0072982344	-0.0244741662	-0.0073459186	-0.0001510033	0.0702723591	-0.1747868398	0.1273667024	-0.0724832032	-0.0760827522	0.0166577763	0.0820181326	0.0172249969	-0.0282132917	-0.0188628443	-0.0207113857	0.0083471539	-0.0740921765	0.1055975695	-0.0877072248	-0.1200025248	0.0466658956	0.0022244981	0.0792385301	-0.0478087718	-0.1065112015	0.0487476832	0.0074782098	-0.0667096174	-0.0313049606	0.026928896	0.0632403136	-0.0209195194	-0.0783306514	-0.0592467391	0.0091388358	0.1014951956	-0.0526743064	0.0481833485	-0.0255887242	0.1056243728	0.0452407153	-0.0450857021	-0.0466576225	-0.1073511398	-0.0820225112	0.071108883	-0.0516965717	0.0574525788	0.1001258181	0.0041256865	-0.071994955	0.1118756821	0.106534009	-0.0312771374	0.0389127584	-0.0656299415	0.0516310503	0.0388703345	-0.0731449155	-0.094293869	0.0016963469	-0.127986	-0.0089669999999999	8.04070889999998e-05	0.0163804161959999	0.0171342	0.0058721999999999	3.4482732839999994e-05	0.0002935808096399	-0.123274	0.019862	0.000394499044	0.0151964790759999	-0.000831328	0.000269692	7.273377486400004e-08	6.91106243584e-07	-6.1003e-05	0.000127059	1.6143989481000006e-08	3.721366009e-09	0.000282251	-0.0001401089999999	1.9630531880999992e-08	7.9665627001e-08	0.0	0.0	0.0
44241.81681551926	50.295411403458274	1957338355.1379628	2529.6284082431207	69083.75176226588	661.1533171315095	4772564757.550374	437123.7087539985	40726.23632119902	131.89210254137288	1658626324.8901503	17395.52671278402	46072.68180828784	44040.92510812337	1.3619	25.877144	0.12096335	0.0735033999999999	0.0598951103	-0.1176096689	-0.0730636311	-0.0556483575	0.0829097361	-0.0212173305	0.0387551293	0.1205898386	0.1140284026	-0.0553534038	-0.0516140617	0.168819942	0.0864660483	-0.099657775	0.0049124938	0.0691792171	0.0162657406	0.0162309894	0.029038635	-0.0185823565	-0.095340889	-0.014862881	0.0582697551	0.0873297595	-0.0022064284	-0.0147279519	-0.0644697161	0.0628316091	0.0562928975	-0.1030698843	-0.0589125423	-0.0706200891	-0.0496127816	0.0073071977	-0.0466326617	-0.0363631699	0.1089885432	0.1477771973	-0.0073866836	-0.0335352372	-0.0979632177	0.0816594282	0.0608756439	-0.0454259156	-0.0578165663	0.0469504075	-0.0326236212	0.0312463599	-0.1011322954	-0.0129998477	-0.0084842963	0.114349195	0.0154047073	-0.1400520858	0.026161375	-0.0820259122	0.0126358314	0.0573830787	-0.1014994048	0.123877937	-0.1018174637	-0.0163784386	0.0402822569	0.0381697354	0.0290260332	-0.0547946565	0.0228369071	0.032141431	0.0291288346	-0.014921843	0.0258538974	0.060311558	0.0675785319	-0.0082513928	-0.055168143	-0.0015995919	-0.0248892178	0.1652668283	-0.1164201653	0.1369265847	-0.0768749205	0.048925295	-0.0281399814	-0.1281147866	-0.1210878455	-0.0139090796	0.086766388	-0.0184344799	0.0372951309	-0.0754836805	-0.0921729699	0.0084724621	-0.12998	-0.001994	3.976036000000094e-06	0.0168948004	0.0153588	-0.0017753999999999	3.1520451599999936e-06	0.00023589273744	-0.0797622999999999	0.0435117000000001	0.00189326803689	0.0063620245012899	-0.00171094	-0.000879612	7.73717270544e-07	2.9273156836e-06	-0.000188062	-0.000127059	1.6143989481000006e-08	3.536731584399999e-08	-0.000184723	-0.000466974	2.18064716676e-07	3.4122586729e-08	0.0	0.0	0.0
44196.72438229718	-45.09243322208204	1953350446.124742	2033.327533887928	69209.54559306291	125.79383079703256	4789961201.198254	15824.08786659246	40630.06639470671	-96.16992649231544	1650802295.2382753	9248.654761537353	45932.57578817876	43344.406564565805	1.280622	24.332809	0.08963385	0.0574936	0.0694473471	0.102792235	-0.0593595738	-0.0758864759	-0.0367221423	0.1383596662	0.0009759423	0.0545428884	-0.0210615889	0.0735198181	-0.1077471273	-0.0203810519	-0.0355782399	-0.097599537	0.0107726242	0.0500384863	0.0116886532	-0.0282611608	0.0349332437	-0.0063208256	0.10928596	-0.0216005242	-0.0063070846	-0.0395935835	-0.0073534829	-0.111273852	0.0556787735	-0.0059784932	-0.0467488232	0.0531577533	0.0041604959	0.0482773246	-0.1262503989	-0.1184846977	-0.0563449924	0.0118269718	-0.0838787948	0.0319907989	0.0678587095	0.0674694291	0.0399265484	-0.0394968861	0.1336096756	0.0194372649	-0.0460847926	0.0599372465	0.0305506188	0.0108270527	-0.1059623943	0.0768187142	0.0460504721	0.0687687654	-0.0483166064	0.0475516965	0.0870872081	0.0286066079	0.0279597231	-0.0500420689	-0.0916915214	0.0414237493	0.0104437116	-0.0338853702	0.0479047135	-0.0765852923	-0.0322446783	-0.0505664206	-0.0118279366	-0.0784992513	0.0358748757	-0.0193895711	0.0453033886	0.0631056155	0.0668369381	-0.0098047348	0.0345930241	-0.0056958683	0.0883295878	0.035592687	0.0020828936	0.1280222393	0.1098047292	-0.0405985972	-0.0107340518	0.0791218301	0.1029822689	-0.0747403824	-0.0623978618	-0.0302827353	0.0357097311	-0.0777399053	-0.0898253196	0.0152115293	-0.136531	-0.006551	4.2915601000000016e-05	0.018640713961	0.0162431	0.0008842999999999	7.819864899999988e-07	0.00026383829761	-0.0780662	0.0016960999999998	2.8767552099996435e-06	0.00609433158244	-0.00144262	0.00026832	7.199562240000003e-08	2.0811524644e-06	-0.00124105	-0.001052988	1.1087837281440004e-06	1.5402051025e-06	-0.000473464	-0.000288741	8.337136508100001e-08	2.24168159296e-07	0.0	0.0	0.0
44198.257422319184	1.5330400220045703	1953485959.1695929	2.3502117090677737	68757.2081573188	-452.3374357441062	4727553673.588867	204609.1557755534	40576.336309194005	-53.730085512703226	1646439068.2768157	2886.922089202401	45837.82802106865	44126.16536415066	1.312775	24.943726	0.0741491499999999	0.0463409	-0.08002823	-0.0226086171	-0.1351107641	-0.0508852045	-0.0281744061	-0.0502220163	0.026900273	0.0995526521	-0.1083798468	0.0114143943	-0.0775531134	-0.0758158302	-0.0225394213	-0.0702474514	0.0544264909	0.0601653955	0.0368667769	0.0331100743	0.0477016548	0.0005975517	0.0574328597	-0.001522942	0.1413608028	0.0622287734	0.1518039891	0.0410136582	0.0269869674	0.0147043742	-0.013723473	0.0847095115	-0.0352462136	-0.0132446795	0.0470329483	0.0671230509	0.0382531598	-0.0491909759	0.0825334055	0.097319205	-0.06044999	-0.0020698261	0.0545830197	0.0039790909	-0.0353755459	0.0256786804	0.0219990263	-0.0241917536	0.0515389526	-0.0710744762	-0.043042803	0.1104036897	-0.0760956503	0.0756279079	0.0786462434	0.0561130258	4.11025e-05	-0.0894127339	0.0829371959	-0.0822085861	-0.1015923846	-0.0302832223	0.0192374177	-0.0985237568	0.0305357443	0.0365741068	-0.0126209283	0.0074219755	0.0320576951	0.0842620995	0.1206815065	-0.1322805244	-0.0249460179	-0.1102811496	-0.0495844683	-0.0903564483	-0.0015213902	-0.0369177478	0.03695538	-0.0221274342	-0.050968701	0.0026262471	-0.1829503169	0.0563072258	0.0587436119	0.1194950306	-0.0511159608	0.0411033755	0.0792534122	-0.1030171365	0.0341145687	-0.0799111227	-0.0872566935	0.0218840804	-0.13006	0.006471	4.187384100000006e-05	0.0169156036	0.0198923	0.0036492	1.3316660640000012e-05	0.00039570359929	-0.0887466999999999	-0.0106804999999998	0.0001140730802499	0.0078759767608899	-0.00233564	-0.00089302	7.974847204e-07	5.4552142096e-06	-0.00124105	0.0	0.0	1.5402051025e-06	-0.000647413	-0.000173949	3.0258254601000006e-08	4.19143592569e-07	0.0	0.0	0.0
44146.22063136923	-52.03679094995459	1948888796.0335305	2707.8276123692763	69398.32145129275	641.1132939739473	4816127020.25696	411026.25571012497	40621.20426778591	44.86795859190897	1650082236.1651886	2013.1337082052585	45919.44232071516	43904.78318942661	1.286173	24.438271	0.1183288999999999	0.0766704	0.0874626099	-0.0715483679	-0.061774136	-0.044376348	0.1361512669	0.0800810004	0.0701921566	-0.0558238978	-0.126324504	-0.0639694487	-0.0608629601	0.0530426251	0.0374439887	-0.0487770513	-0.0992967923	0.118981209	-0.0987977843	0.1154876298	-0.0313653023	0.0825226301	0.0219962618	0.0449983879	0.0809609968	-0.0463830204	-0.0357030585	0.0131431104	-0.0566079738	-0.0181218477	-0.0649298114	0.1412296908	-0.0212612401	0.0684399944	0.0040840042	-0.0311993274	-0.0861201843	-0.0213176166	-0.0304331182	-0.1114909464	0.0300729961	-0.0039210099	-0.1766722	-0.063204228	-0.0193109773	-0.0239944139	0.0620481742	0.0106027582	-0.0169849561	0.0355177137	0.0272848542	0.0072792543	0.0077009753	-0.0050269316	0.0571736318	-0.0522735646	0.1467853182	-0.0492365833	0.1161997574	0.0978059724	-0.0712793429	-0.1429865684	-0.0158271902	0.0653812451	0.0370695944	0.0368603381	0.0211232625	-0.040809636	0.0062178445	0.0836711274	-0.0815108693	-0.1236200678	0.0419850615	0.0113086866	-0.098621907	-0.0138748022	-0.0224833091	0.0075052224	0.0241214467	-0.0366516555	-0.0405759734	-0.0268361342	0.1408055319	0.0415404342	0.1138194472	-0.0123633344	0.115212409	-0.0237199245	0.0196733969	0.1143612717	0.0325100797	-0.0819949584	-0.0844734105	0.0284609379	-0.134926	-0.0048659999999999	2.367795599999982e-05	0.0182050254759999	0.0391598	0.0192675	0.00037123655625	0.00153348993604	-0.0984904	-0.0097437000000001	9.493968969000204e-05	0.00970035889216	-0.000991908	0.001343732	1.805615687824e-06	9.838814804639995e-07	-0.00104709	0.0001939599999999	3.7620481599999983e-08	1.0963974681000002e-06	-0.0007987549999999	-0.0001513419999998	2.290440096396973e-08	6.380095500248402e-07	0.0	0.0	0.0
44176.506513921966	30.28588255273644	1951563727.7745895	917.2346819981454	68811.7095283235	-586.6119229692558	4735051368.210366	344113.54816968815	40536.17181266622	-85.03245511968998	1643181225.2259958	7230.518423682091	45808.69177229753	43407.54439945825	1.215642	23.098124	0.0968299999999999	0.0545371	0.0031044184	0.0680032544	-0.1098076499	-0.0409444452	-0.0736683254	0.0660065577	-0.0223175912	0.0684333908	0.0004292526	-0.1647835273	-0.1448444527	0.0111493633	-0.0275729289	0.1310497396	-0.1339263066	0.1643021781	-0.0492999847	0.0583732221	0.1346116936	0.0820224039	0.0029528225	0.029661429	-0.0747425116	0.1088140426	0.0392438322	0.0087326304	0.0051330185	0.0808699356	0.0909881872	-0.0067390063	-0.0828179326	-0.0504387838	0.0455358483	0.0180493307	0.0462707009	0.0094397845	-0.0560254692	-0.0289309205	0.0665258217	-0.1200971069	-0.1075313062	0.1315469115	-0.0002896662	-0.0183987713	-0.0282660282	0.0308837454	0.0184052897	0.0772071218	-0.1477348284	-0.0385059596	0.0954410086	-0.0155556854	0.0135073204	0.0776337697	0.0355199004	-0.0274006641	-0.0761795855	0.152171001	-0.1419295014	-0.0445067349	-0.1007491598	-0.0524581442	0.1459238857	0.0883491159	0.0317043457	0.0241227264	0.033861827	0.0790211762	-0.135987721	0.0005072392	-0.1304575224	0.0051544411	-0.034204127	0.0077708507	-0.0063310131	-0.0604662734	-0.0044069968	-0.1015056274	0.0483940298	-0.0933182283	-0.016874433	0.0270393636	0.016542918	-0.1243263112	-0.0466103724	-0.0330210509	-0.033402458	0.1663569116	0.0308967027	-0.0839891338	-0.0814823178	0.034913343	-0.121109	0.0138169999999999	0.0001909094889999	0.0146673898809999	0.0150476	-0.0241122	0.00058139818884	0.0002264302657599	-0.102386	-0.0038955999999999	1.5175699359999992e-05	0.010482892996	-0.0018685	-0.000876592	7.684135344640001e-07	3.49129225e-06	-0.00095801	8.908000000000006e-05	7.93524640000001e-09	9.177831601e-07	-0.000664323	0.0001344319999999	1.807196262397312e-08	4.41325048329e-07	0.0	0.0	0.0
44198.59229295721	22.08577903524565	1953515560.679057	487.7816355936963	68625.01004555171	-186.69948277178628	4709392003.752073	34856.69686725252	40677.14729933141	140.9754866651856	1654630312.4115045	19874.08784048592	46059.95055809174	43825.02897098593	1.198829	22.778679	0.1163896	0.0709484	0.0001374956	-0.1019083322	-0.0919636307	-0.0212013178	0.0542545083	-0.0301487885	0.0366213625	0.0561250124	0.0333728891	0.0829322336	-0.0988088069	0.0999388028	-0.0150730223	-0.0467237263	0.0941024301	0.0326345711	-0.0089109499	0.0021993543	0.014207144	0.0947764311	-0.1341277848	0.0134799707	0.0216621707	0.1633608772	0.0800699793	-0.0732506146	0.0244403466	-0.0622397755	0.0143197042	0.0123471068	-0.1500764039	0.006656259	-0.0380320274	0.1013449548	-0.082893553	0.0828526676	-0.1144151452	-0.0265523526	0.1590815186	-0.1364951849	-0.0327714695	-0.0571119015	0.082455947	-0.0335047758	0.0062847795	0.0259882982	-0.0259683793	-0.022114872	0.0033307179	-0.0085445292	0.0321426782	-0.1062002387	0.009946174	-0.107665772	-0.0018342808	-0.0349674525	-0.0500387602	-0.0654329695	-0.0347719478	0.1242050343	-0.0277985573	0.0230912634	0.0015089834	0.116030431	0.1337486522	0.0536464502	-0.0525060908	0.066065232	-0.0887533927	0.0127247418	-0.0231001341	-0.0822799091	-0.0372253104	-0.0673662904	-0.0256064079	-0.1291703055	0.0703304225	0.0966055573	0.0148625988	-0.0057942855	-0.0465604589	-0.1102069843	0.0541825447	0.0177224965	-0.0553814352	-0.1137588713	0.0150482621	0.0881507837	0.0292748789	-0.0858914684	-0.0782907735	0.041213081	-0.129317	-0.0082079999999999	6.737126399999988e-05	0.0167228864889999	0.0249173	0.0098697	9.741097809e-05	0.00062087183929	-0.113806	-0.01142	0.0001304163999999	0.012951805636	-0.000679077	0.0011894229999999	1.4147270729289994e-06	4.611455719290001e-07	-0.000467241	0.000490769	2.408542113610001e-07	2.1831415208100001e-07	-0.000721969	-5.7646000000000064e-05	3.323061316000007e-09	5.212392369610001e-07	0.0	0.0	0.0
44175.54236457055	-23.049928386659303	1951478543.203968	531.2991986301223	69324.02553376934	699.0154882176284	4805820516.206703	488622.6527681294	40594.74714649823	-82.40015283317916	1647933495.888126	6789.785186931284	45920.43360290119	43691.28704121447	1.260391	23.948402	0.0898881499999999	0.0577946	0.1076414268	0.0569883579	-0.1061058179	-0.0950248804	0.0122177902	0.1201487425	-0.0202881042	0.0799751302	0.0496755288	0.0030395498	-0.0109824163	0.0410939722	-0.1844984056	-0.0207938811	0.0028084212	0.0221761177	-0.00313289	-0.0461315854	0.0637370885	-0.045376483	-0.0003015718	-0.0024233585	0.0872463845	-0.0539098315	-0.0015636574	-0.0716040357	-0.0638944025	0.0329132985	-0.0515356386	-0.0096862504	-0.0459219296	-0.0559710535	0.0845539065	-0.0363895874	0.0374823527	-0.146644259	0.0598019139	-0.0384501776	0.1569553184	-0.0040170567	-0.0644346828	0.0562290663	-0.05384638	0.1892348485	0.0682074822	-0.0026134323	-0.0880337826	-0.1959791912	0.0245805236	0.0235520284	-0.0634022082	0.0686348781	0.0428367054	0.0395544511	0.1099937639	0.0625147286	-0.1177520269	-0.0810242518	-0.1057264268	0.0141256101	-0.0256651273	-0.0820389901	0.0062656421	0.0057211688	0.017354707	-0.0243015098	0.0277190833	0.0219463403	0.078226738	-0.0493423969	0.003825455	-0.0148628033	0.0528180124	0.0373362509	-0.1396044653	0.1323454159	-0.0932091735	-0.1604292594	0.0084480833	0.0065428326	-0.0843116014	0.1213136429	0.047758502	0.0681100675	-0.1330108965	-0.0858638901	0.0057272117	0.0045403035	0.0276450517	-0.0876998819	-0.074906629	0.0473326046	-0.124066	0.0052509999999999	2.7573000999999916e-05	0.0153923723559999	0.0260777	0.0011603999999999	1.3465281599999977e-06	0.0006800464372899	-0.102391	0.011415	0.000130302225	0.010483916881	-0.00165585	-0.0009767729999999	9.540854935289995e-07	2.7418392225e-06	-0.0008589109999999	-0.0003916699999999	1.5340538889992165e-07	7.377281059208282e-07	-0.000649177	7.279200000000002e-05	5.298675264000003e-09	4.2143077732900003e-07	0.0	0.0	0.0
44109.76664522557	-65.77571934497973	1945671513.4962544	4326.445255349541	68524.79795017304	-799.2275835962937	4695647934.11204	638764.7303811706	40637.86089640588	43.113749907650345	1651435738.235634	1858.79543109942	45944.93536025613	44167.95121716805	1.500259	28.506077	0.0898384999999999	0.0468562	-0.1250410058	-0.0093809788	-0.1144188117	0.0678073896	-0.0260538834	-0.0784650399	-0.0574635289	0.0123793337	-0.1012120603	0.0538948627	-0.0767585986	-0.0150140672	0.0301306999	-0.0331752408	0.1440399258	0.0827527493	0.0092931817	-0.0155691819	0.0043492092	-0.0627605856	0.0068368662	-0.009062937	-0.0111568349	-0.0178260151	0.0129343304	-0.1141511096	-0.0515287129	0.0217118633	-0.0577823455	0.0795314606	-0.083795976	-0.0203512192	0.0542125988	-0.0571334881	0.0750633824	-0.0103729819	0.1033336171	-0.0349002285	-0.1037613599	0.0463759299	0.0894540553	0.0263853726	0.0456237268	-0.0092472741	-0.0572643547	0.0253792559	0.053478439	0.0368399959	-0.049181107	-0.1084027675	-0.0372445689	-0.0217307629	-0.1829132988	0.024750402	-0.0677017351	-0.0520641958	0.0387211961	-0.0703434698	-0.0968587499	0.0107539951	0.1018825752	0.0308524022	0.01179361	-0.0316082002	-0.0185060338	0.0135305874	-0.0305245373	-0.0437410734	-0.0739467835	0.0195543505	0.0665253912	-0.047526131	0.0202884237	-0.0239711891	-0.1079301213	0.0695762039	0.0648668172	0.0237415771	-0.0291479163	0.0324426257	0.0352140889	0.0648639134	-0.0324573291	-0.0023825402	-0.1368482438	-0.0454954744	-0.0453757471	-0.0109704441	0.0260076665	-0.0894123968	-0.0713382097	0.0532451548	-0.129883	-0.005817	3.383748900000003e-05	0.0168695936889999	0.0186549	-0.0074228	5.509795984000001e-05	0.0003480052940099	-0.102092	0.0002989999999999	8.940099999999625e-08	0.010422776464	-0.00110085	0.0005549999999999	3.08025e-07	1.2118707225e-06	-0.00031405	0.0005448609999999	2.968735093208911e-07	9.86274025e-08	-0.00107531	-0.0004261329999999	1.8158933368899988e-07	1.1562915960999995e-06	1.0	0.0	0.0
44023.19684588282	-86.56979934275296	1938041860.531347	7494.33015824451	68705.062283693	180.26433351995365	4720385583.406134	32495.229939393084	40573.14175393395	-64.71914247192763	1646179831.7848186	4188.567402301666	45954.63453847944	43010.04952552761	1.585508	30.125874	0.0869670499999999	0.0397063	0.0656091164	-0.0930400202	0.0542558935	-0.0899710524	0.0852973794	-0.028224941	0.0353396162	-0.0360781431	0.0540130359	-0.0701436305	-0.051636039	0.1431608219	0.0521938013	-0.0153364156	-0.0502866165	-0.0808204845	0.0477816869	0.1020375494	0.0078117235	-0.0902381017	-0.0207541575	-0.0858881609	0.1066640283	0.067519503	0.0262777101	-0.0640753771	-0.0304561596	-0.040834612	0.0043448331	-0.0259741512	-0.0592227484	-0.0631140257	-0.1652333867	-0.0250450085	0.0225151889	-0.0694240519	-0.0099349759	-0.0794886137	0.0171446745	-0.1247255312	0.015253539	-0.0827509534	-0.0963046653	0.0486328456	-0.0786113421	0.0432617122	0.1092115522	-0.0226759738	-0.0394999714	0.0615394349	-0.0575569165	0.1132773037	0.0212297844	-0.1419448871	0.0502879473	-0.0635661175	-0.0196288519	0.0389004181	0.0653553921	0.1054909629	-0.0156902435	-0.06283719	0.0714889385	-0.0890528605	-0.0071160168	-0.0584902143	0.0423299279	0.109170556	-0.0401831713	-0.0009016367	0.0469684288	0.0414418185	-0.0214530777	-0.0048720238	-0.0653371413	-0.0172941572	0.0094684172	-0.0459422906	-0.0356994478	0.0315651474	-0.0852914744	-0.0687019829	0.0772223191	0.0135450417	-0.0272655572	-0.0374651715	-0.0874030466	0.0160036578	0.0243631711	-0.0910271406	-0.0675942939	0.0589248775	-0.144752	-0.0148689999999999	0.0002210871609999	0.0209531415039999	0.0391819	0.020527	0.000421357729	0.0015352212876099	-0.0991528	0.0029392	8.638896640000018e-06	0.00983127774784	-0.000569199	0.000531651	2.82652785801e-07	3.239875016010001e-07	-0.000527853	-0.0002138029999999	4.5711722808999993e-08	2.78628789609e-07	-0.0008481269999999	0.000227183	5.16121154890454e-08	7.193194081288304e-07	0.0	1.0	0.0
44007.9424216556	-15.254424227219715	1936698996.1877544	232.6974585039878	69004.14303618688	299.0807524938864	4761571756.158539	89449.29651230933	40574.8978995826	1.7561456486437237	1646322339.5615523	3.084047539250285	45977.46525555346	43406.43336728471	1.442955	27.417244	0.1659141999999999	0.0797989999999999	0.0569792174	0.0573852889	-0.0588235642	0.1319226096	0.0226385999	0.050579963	-0.137803634	-0.049353998	-0.002157	0.0588427168	0.1038464416	-0.0164087237	-0.0772101022	-0.107717905	-0.0160068941	-0.0170385485	-0.0202403902	-0.0198371798	-0.0661403609	-0.0934770965	0.125037082	0.0709507401	0.03494447	0.0642669825	0.0027121424	0.1192781846	0.0550684212	0.0065325456	-0.1145500547	-0.1410164399	-0.1541415576	-0.0232493664	-0.0625144333	0.1278848702	0.0310403546	0.0155269233	-0.0474528584	0.0734007331	0.0587223581	0.1261892338	-0.0528065815	0.0344892054	-0.0404113058	0.1206816261	0.0951257827	0.0354097624	-0.0981611255	0.0163111247	-0.02461184	0.0586904128	-0.0139537678	-0.0193932406	-0.0363273793	0.0090680226	0.0198871029	0.1324467581	0.0117816562	-0.0777447846	-0.0311777164	-0.0296744047	0.0536264197	-0.0532453922	-0.0149610431	-0.0350515244	-0.053690637	-0.0192431747	0.0141901613	0.1592471043	0.0601313679	0.0561401029	-0.1067720564	0.012275919	0.147199309	-0.0718847292	-0.0919556334	0.0191817323	-0.139383568	0.0537976991	-0.0433118858	-0.0364604964	-0.0017233035	-0.1156758326	0.1127590807	-0.027267119	-0.1148020988	0.0086653424	0.0441079922	0.0070997704	0.0227120151	-0.0925423476	-0.063684092	0.0643469367	-0.129139	0.0156129999999999	0.0002437657689999	0.016676881321	-0.007198	-0.0463799	0.00215109512401	5.181120400000001e-05	-0.113803	-0.0146502	0.00021462836004	0.012951122809	-0.00168694	-0.001117741	1.249344943081e-06	2.8457665636000003e-06	-0.000968341	-0.0004404879999999	1.9402967814400002e-07	9.37684292281e-07	-0.00107532	-0.0002271930000001	5.1616659249045466e-08	1.1563131024e-06	0.0	0.0	0.0
43947.16695596857	-60.7754656870311	1931353483.455776	3693.657229475495	68171.70241882125	-832.4406173656316	4647381010.68032	692957.381440074	40509.85479462175	-65.04310496084508	1641048335.481339	4230.60550294751	45795.77132488287	42555.62946644779	1.342072	25.500406	0.1186115	0.0565897	-0.1144200603	0.0277049051	0.1003524559	-0.0094366255	-0.0415995289	-0.0782251277	0.0650715548	-0.1209613184	-0.0252929463	0.0236410273	-0.0570215249	-0.0112150139	-0.0024380815	0.0878854625	0.0714781039	-0.028462102	0.0151713569	-0.0810910444	-0.0521517649	-0.1179741192	0.0457614875	-0.0223899368	-0.0175582933	0.0346625168	-0.0414764998	-0.0078040016	0.1861775374	-0.046461053	-0.1538437221	0.019642023	-0.0202911366	-0.1047405711	-0.0242706531	0.0811183228	-0.0303121259	-0.0114290864	0.0919391929	-0.1064846242	0.0184819775	0.0206051702	-0.0438816874	-0.034080033	0.0206900167	0.004043209	-0.1130852332	-0.0960458212	-0.1012341158	-0.1559154254	-0.1369534197	0.0504284756	-0.1338264738	0.0700915142	0.030502207	0.042472746	-0.0363131914	-0.0826298591	-0.0716202051	-0.0332617967	0.0066863724	-0.0198010401	0.1209782183	-0.0568185766	-0.0066271229	-0.0180560164	0.0189714363	-0.0343796878	-0.0368285615	0.0617870877	-0.0021004403	0.0843622036	0.1733955188	0.0253525629	0.0894707244	-0.0516172283	0.0198936778	-0.029096488	-0.132632167	-0.0851367012	-0.0579515088	0.0079880716	0.1548002743	-0.0222498917	0.0875786813	0.0291141212	-0.0535756	-0.0783882919	-0.1061006375	-0.0315392795	0.0210546499	-0.0939563609	-0.0596172234	0.0694876231	-0.145209	-0.01607	0.0002582449	0.021085653681	0.012912	0.02011	0.0004044120999999	0.000166719744	-0.0837049	0.0300981	0.00090589562361	0.00700651028401	-0.000820802	0.000866138	7.50195035044e-07	6.73715923204e-07	-0.0007878209999999	0.00018052	3.2587470400036095e-08	6.206619280408425e-07	-0.00107531	1.0000000000157452e-08	1.0000000000314903e-16	1.1562915960999995e-06	0.0	0.0	0.0
43982.45498301689	35.288027048321965	1934456346.3331072	1245.2448529631026	68289.67735265676	117.97493383550318	4663480032.929961	13918.085013491353	40563.32129137116	53.46649674941	1645383034.187005	2858.66627465467	45953.44468923873	42897.21008118504	1.180399	22.428484	0.06851336	0.0351669	-0.0016647403	-0.0964561187	0.0610346879	0.0226507867	0.0477922732	-0.0682959908	0.0497060754	-0.0014763489	0.0348623653	0.0428590708	-0.0779875536	0.0001044335	-0.0188358893	-0.051355922	0.0507992155	-0.0731198943	-0.0493066431	-0.0130189978	-0.0262584818	0.0727407685	0.0250675643	0.0567097343	0.0679867329	0.0233343814	0.005567816	0.0408839458	-0.028248921	0.139277614	0.1171019676	-0.0580409528	-0.0410883294	-0.0813388577	0.0500853753	0.0003170449	-0.129211376	-0.0414546619	-0.1893429452	0.0046170182	-0.0763473806	0.0151353607	0.0551736047	-0.0129614993	-0.011583885	-0.0112618648	-0.0372986425	-0.1213184521	-0.076540877	-0.0594922186	-0.0543897348	-0.145196847	0.0143490977	3.55061e-05	-0.036688827	-0.0569988488	-0.0218144614	-0.0167230917	0.0138113054	-0.1461496835	0.0223502099	-0.0066649535	-0.0949558974	-0.057253591	0.0285275786	0.042970409	-0.0435854996	-0.0347921577	0.0551006148	0.0222025395	0.0128807149	-0.0557501235	-0.0488625337	-0.0407771038	-0.0867499085	-0.0214251899	0.0349470099	-0.0164189481	-0.0168118978	0.1843844814	0.0478453776	-0.0927151653	-0.0042461581	0.0139346329	0.0582908886	0.0690552169	0.0385982273	-0.0071632783	-0.0163194582	0.0011144619	0.0193915285	-0.0952676342	-0.0554036926	0.0743244578	-0.154167	-0.0089579999999999	8.024576399999989e-05	0.023767463889	0.00798239	-0.0049296099999999	2.4301054752099996e-05	6.371855011210001e-05	-0.0777587	0.0059461999999999	3.5357294439999983e-05	0.00604641542569	-0.000969909	-0.000149107	2.2232897449e-08	9.40723468281e-07	-0.000421487	0.0003663339999999	1.3420059955592673e-07	1.7765129116900004e-07	-0.00153346	-0.00045815	2.0990142250000005e-07	2.3514995716e-06	0.0	0.0	0.0
43921.96193626613	-60.49304675075837	1929138740.330811	3659.4087051894376	69014.59229310871	724.9149404519558	4763013949.384021	525501.6708904626	40517.743535756505	-45.57775561465678	1641687541.229338	2077.331806869377	45900.03835393658	42367.23182058205	1.236093	23.486713	0.10730386	0.0501559	0.092721898	0.0633392226	0.1084493952	-0.0147482395	0.0262571699	0.100554056	0.0038695525	-0.0627433044	0.0813363276	0.0974937125	0.0938282322	0.012748926	-0.1872772097	0.0233080264	-0.0026105804	-0.0481552944	0.0123183003	-0.0559902352	0.0165620895	0.0837786027	0.0487583463	-0.0600619179	-0.0707748592	0.0443729708	0.0213632832	0.0116252357	-0.0232589665	0.0277283531	-0.0022889697	-0.1161651286	0.0376481922	0.0001242683	-0.0156807138	0.1569966629	-0.0563787821	-0.0395829754	0.1420591258	-0.0052740049	0.0612938641	-0.0210520984	0.0071482794	0.0254479667	-0.0140142829	-0.0316745286	0.0494106139	0.1267655731	-0.0216402434	0.072066759	0.0294680102	-0.1415984477	-0.051275444	0.0275608477	-0.0310014841	0.0324656617	0.1048564507	0.0804411961	-0.124156805	-0.063918913	0.0116405299	-0.0272476391	0.0001762583	-0.0332727181	-0.0498843612	0.019368381	0.0798152767	-0.0540561105	-0.0267856706	0.018544841	0.0564821697	0.1092140241	-0.0663524148	0.0029819041	0.0807510426	0.0437624982	0.0507760484	0.0188119444	-0.0244028761	0.0524038225	-0.004185622	-0.0723879629	-0.1172468284	0.0224528999	0.0226419418	-0.0178549814	0.0334744023	-0.0865633425	0.070930017	0.0700248787	0.0177231056	-0.0964747338	-0.0510538654	0.0788362905	-0.168232	-0.0140649999999999	0.0001978242249999	0.028302005824	0.0285121	0.02052971	0.0004214689926841	0.00081293984641	-0.0836779	-0.0059191999999999	3.5036928639999995e-05	0.00700199094841	-0.000376444	0.000593465	3.522007062250001e-07	1.41710085136e-07	-0.000968341	-0.0005468539999999	2.99049297316e-07	9.37684292281e-07	-0.00133798	0.00019548	3.8212430400000016e-08	1.7901904803999997e-06	0.0	0.0	0.0
43930.49320580603	8.531269539897039	1929888233.3053696	72.78255996237503	68350.717229489	-663.8750636197074	4671820545.785565	440730.1000960705	40486.80073738549	-30.94279837101203	1639181033.9487584	957.4567710291047	45766.07414717464	42885.783502169645	1.307387	24.84136	0.1051108899999999	0.0480425	-0.0903516639	0.0468449979	0.040737411	-0.0099086028	-0.0874673919	-0.0390286521	0.0324440872	-0.0365477015	-0.0430669052	-0.0712091477	0.0973284802	-0.0774847208	0.078783946	0.1212516822	-0.0923700426	0.081646409	-0.0198326128	0.051674745	0.0605671187	0.0500899149	0.0186352401	0.0728244802	-0.024121226	0.1165501219	0.0581117297	0.0756010059	0.0999232748	0.0232347842	-0.046739128	-0.1816308209	0.0240142437	0.114703042	0.0251510388	-0.049724704	0.1411821714	-0.0334219928	-0.0361356707	0.0353708782	-0.0476966091	0.0123154348	-0.04204437	-0.0280224666	0.0017148365	0.0753716857	0.084995974	0.0724612653	-0.0595038053	-0.0526278268	0.1187597062	-0.039888076	-0.0478344713	-0.1100528965	0.0792294556	0.0865025282	-0.0208184413	-0.0696249301	0.0139791631	0.1254628918	-0.0135426305	-0.0513225372	-0.0738670188	-0.0546011889	0.0587434138	0.0964666675	-0.1098146752	0.0204704802	0.0022665645	0.1438992234	0.0607402393	0.0865566396	-0.0968175595	0.0550466171	0.1078482146	-0.0152464973	0.0822467622	-0.0124360048	-0.0128424444	-0.0802264159	0.0197387975	-0.0921619508	-0.0140022656	-0.102543767	-0.0577193091	0.0273864247	0.0555684588	0.0831942209	0.0913999682	-0.0008829531	0.0160498375	-0.0975763397	-0.0465784425	0.0830033923	-0.150119	0.0181129999999999	0.0003280807689999	0.022535714161	0.00928616	-0.0192259399999999	0.0003696367688835	8.623276754559999e-05	-0.0732482	0.0104297	0.00010877864209	0.00536529880324	-0.0008743139999999	-0.0004978699999999	2.4787453689990045e-07	7.644249705958251e-07	-0.000544176	0.000424165	1.79915947225e-07	2.96127518976e-07	-0.00111317	0.0002248099999999	5.05395361e-08	1.2391474489e-06	0.0	0.0	0.0
43939.4466821776	8.953476371571014	1930674974.735928	80.16473913628046	68471.06955542549	120.35232593648834	4688287366.063916	14484.682358322723	40560.170873042254	73.3701356567617	1645127461.2503853	5383.176806291615	45966.585494647865	42625.010346812254	1.236892	23.501894	0.12178279	0.0675157	0.0227340569	-0.0921900674	0.0966785218	-0.0149264015	0.083879342	-0.0485267577	0.0238676559	-0.0586286759	0.0487454718	0.1233840229	-0.0355142783	-0.0250978516	0.0590071423	-0.1337847019	0.0838364845	-0.1207038633	0.0563745311	0.1019143782	-0.0364810491	-0.0160406686	-0.0309238577	-0.0471330845	-0.0877746046	0.0663091459	0.1118303312	-0.0039218503	0.150194642	-0.0381812794	-0.0350533564	-0.0634864438	0.1007471991	-0.0231229299	-0.0058604105	-0.0491392925	0.0101203938	-0.054544676	-0.010029722	0.0768267858	-0.040136835	-0.0156780396	0.120687964	-0.0381512238	-0.0020883948	0.0558709599	-0.0144546291	-0.0374855623	-0.0381932344	0.0119943396	0.132022668	-0.069985279	0.0992265533	0.0681297639	0.0311904295	-0.095541884	0.0064428257	-0.0417388437	0.1308894189	-0.1002766394	0.1215579611	0.1063477733	0.0113539721	0.0471835392	-0.0312582861	0.0670401958	0.0177865599	0.0320545682	-0.0056431344	0.0396635685	-0.0206828169	0.1244583048	-0.0480130821	-0.0035371674	0.0894985354	-0.0607108973	0.0415714183	-0.053620051	-0.0673020523	-0.1009450318	0.0524245645	0.0346834353	-0.0483203059	-0.0846586882	-0.0835177586	0.061842654	0.05145041	0.0877524358	-0.1184471364	-0.0013512524	0.0143721814	-0.0985712473	-0.0419884337	0.0868075413	-0.165215	-0.0150959999999999	0.0002278892159999	0.027295996225	0.0136514	0.0043652399999999	1.9055320257599997e-05	0.0001863607219599	-0.0836999999999999	-0.0104517999999999	0.0001092401232399	0.0070056899999999	0.000184894	0.0010592079999999	1.1219215872637884e-06	3.4185791236000004e-08	-0.000902073	-0.000357897	1.2809026260900001e-07	8.137356973289999e-07	-0.00153346	-0.00042029	1.7664368410000004e-07	2.3514995716e-06	0.0	0.0	0.0
43940.90353716968	1.45685499208048	1930803003.662851	2.122426467949815	68793.45866945745	322.38911403196107	4732539955.706351	103934.7408463128	40533.3095980164	-26.86127502585441	1642949186.9686484	721.5280960145899	45894.46875588291	42737.11069369079	1.191268	22.635	0.1202407	0.0714098	0.0708153741	0.0646590088	0.0525128547	-0.0279315019	-0.0262973579	0.0850373565	0.0484238201	-0.0534056282	0.098475952	0.0451772107	0.0543629738	0.0281886229	-0.134569364	0.0333123026	0.0540280883	-0.051162048	0.0468321849	-0.1046766605	-0.0190753789	0.0710560459	-0.014375713	-0.0111713121	0.0767949984	0.0005127794	0.0868910472	-0.014774484	0.0349057814	0.1421821562	0.0125525959	-0.0842653907	-0.0315658859	0.0548465427	0.0067504815	-0.0205007247	0.0151958108	-0.0805857644	0.0201446552	-0.0722901775	-0.0958706103	0.0624874437	0.0460792433	0.0306106121	0.1097692894	-0.0493021469	-0.0111748307	-0.092060696	-0.0342691783	-0.0641733274	-0.0895657237	0.035441047	0.0957216606	-0.0480546109	0.0370320613	0.0332782883	0.0631961672	0.0550364451	-0.1482779438	-0.0966094218	-0.0157470298	0.0302682452	0.0149690144	-0.0968647912	-0.0574256485	0.0194713577	-0.1078862548	-0.0676083078	0.0731533978	-0.0112069829	0.04872052	0.004693827	-0.0312830113	-0.0229358747	0.0625688174	-0.0072105269	-0.0012138684	0.0893613188	0.0782397991	0.0776740597	-0.0189503371	-0.0468428597	0.0071666688	0.0007345621	-0.0619536721	-0.0270347637	0.0797035964	-0.036631344	-0.0310320136	-0.0851815515	0.0126905962	-0.0994583687	-0.0372951309	0.090232103	-0.152122	0.0130929999999999	0.0001714266489999	0.023141102884	0.0119284	-0.0017229999999999	2.968728999999996e-06	0.00014228672656	-0.0669481	0.0167518999999999	0.0002806261536099	0.00448204809361	-0.000889632	-0.001074526	1.1546061246760002e-06	7.91445095424e-07	-0.000999232	-9.715900000000008e-05	9.439871281000018e-09	9.984645898240002e-07	-0.000931689	0.000601771	3.6212833644100005e-07	8.680443927209999e-07	0.0	0.0	0.0
43929.63406589377	-11.2694712759112	1929812749.1633344	127.00098283858765	68282.05843470074	-511.4002347567148	4662439504.079886	261530.200109223	40531.11115728428	-2.198440732121526	1642770971.644134	4.833141652651031	45816.412394369145	42764.07901462192	1.268729	24.106817	0.07405495	0.0365691	-0.122619917	0.043162497	0.0662235281	-0.0222663164	-0.0747301535	-0.0561577912	0.0487626206	-0.0674157196	-0.0974640597	0.0477751539	0.0431739561	-0.0299251537	0.0426713332	0.0468495793	0.0697293616	0.0392767765	0.0728374148	0.1862307824	0.0461647895	-0.0363131056	-0.0144076671	-0.0370999528	-0.0508309355	-0.050576808	0.017210528	0.0353051604	-0.0222160818	0.1148983746	-0.0810805497	-0.1250129171	-0.0275366676	-0.0092073973	-0.0321258423	-0.0745248946	0.1066157704	0.1056464273	0.1061042897	0.1542066768	0.0305157046	0.048884185	0.0433449828	-0.0740179906	-0.1201813992	0.006369091	-0.0895323387	-0.2841784913	-0.0405545139	-0.0228717694	-0.0576772045	0.0652105608	0.1120105128	-0.00287665	0.0376609815	0.0555610541	-0.0351140162	-0.1030646288	0.0245081865	-0.0077620611	0.0238524814	0.0261205409	0.0596669721	0.0367866204	0.0256778041	0.0587840176	-0.1250701646	0.0828059029	0.053863438	0.1146100287	-0.0457928102	0.0752578116	0.0047206843	0.0515147114	0.0721272313	0.0353492763	0.0296471917	0.1358644906	0.1314595789	-0.021153119	-0.0190441865	0.0452641793	-0.0476212178	0.0810368023	-0.0366778218	0.0987758146	0.0718335936	-0.0147133775	0.0842991112	0.0151223305	0.0110055415	-0.1002367339	-0.0325100797	0.0932621027	-0.159581	-0.0074589999999999	5.56366809999999e-05	0.025466095561	0.028585	0.0166566	0.00027744232356	0.000817102225	-0.0550359	0.0119121999999999	0.0001419005088399	0.0030289502888099	-0.000321958	0.000567674	3.22253770276e-07	1.03656953764e-07	-0.000962944	3.62880000000001e-05	1.316818944000007e-09	9.27261147136e-07	-0.00108827	-0.0001565809999999	2.4517609560999982e-08	1.1843315929e-06	0.0	0.0	0.0
44002.22470852037	72.59064262660104	1936195779.299121	5269.401396942908	68506.20014123575	224.1417065350106	4693099457.791049	50239.50460842681	40539.04758144947	7.936424165192875	1643414378.8110242	62.98682852985743	45964.10876023626	42762.85630567732	1.304163	24.7801	0.07891275	0.0382441	0.0057793893	-0.0858370179	0.0704906122	-0.0780019873	0.0269685614	-0.0442087115	0.132690596	0.0090492338	0.1092109516	-0.004789655	-0.048196702	0.0274239016	0.1175703279	-0.0732712769	-0.0826102834	-0.0393559373	0.0356194043	0.1196186293	0.0916342234	0.1035123807	-0.0708619325	0.0048467029	0.0501484049	-0.0969153441	-3.79356e-05	0.066162136	-0.0534849311	0.2047698033	0.0793764792	-0.0670338464	0.0386110442	-0.0946834902	0.1001515907	0.1171318166	0.1075626631	-0.0683193658	0.0209518605	0.0014166475	0.0236372942	0.006759385	-0.0351907885	-0.1089673658	-0.0592526895	0.002465466	0.0223477007	0.0390569435	0.0468699057	-0.1503661535	0.0087134899	0.0460529671	-0.0495982074	0.13855471	0.023231305	-0.0878387653	-0.0048438125	-0.0477579536	0.0810003668	0.0001546807	0.020288773	0.0783818142	-0.2161494136	-0.0849843524	-0.0088419625	0.0632448253	-0.0933620534	0.0734445576	0.1005923498	0.0469866853	0.0080300881	-0.0039301192	0.0607678018	0.0042561744	-0.0324339032	0.1011982833	0.083610846	0.1191339389	0.1098887491	-0.0642265464	0.0413790774	-0.1149621964	-0.0861419238	0.0288237395	-0.0102348679	-0.0778693699	-0.049959809	-0.0038063514	-0.0082573128	0.0360052221	0.009317478	-0.1009054916	-0.0276450517	0.0958842909	-0.168763	-0.0091819999999999	8.430912399999992e-05	0.028480950169	0.0127197	-0.0158653	0.0002517077440899	0.00016179076809	-0.0606439	-0.005608	3.144966400000002e-05	0.00367768260721	-0.000894486	-0.000572528	3.27788310784e-07	8.00105204196e-07	-0.000703473	0.0002594709999999	6.732519984099996e-08	4.94874261729e-07	-0.00122142	-0.00013315	1.7728922500000016e-08	1.4918668163999998e-06	0.0	0.0	0.0
44011.5732778809	9.348569360532563	1937018582.3942804	87.39574908868825	69114.99602376833	608.7958825325768	4776882675.365512	370632.4265886191	40526.24947362589	-12.79810782358254	1642376896.398563	163.79156386404463	45811.73381743118	42702.70754847462	1.289249	24.496717	0.0603191	0.0351452	0.0953856171	0.0902234947	0.0255193867	-0.0778518743	-0.0130257775	0.1644237235	0.0728764772	0.0235122867	0.0454407822	0.0866565837	-0.0720944723	-0.0761997821	-0.0774586924	-0.0890679507	-0.0136076311	-0.0873872718	-0.0181360474	-0.0423547948	0.0032546489	-0.024700121	-0.0202250981	0.0076570344	-0.0169933811	-0.1330107822	-0.0842016624	0.0196613009	0.0318330429	0.0632345326	-0.1073599668	-0.0859578053	0.0053869935	0.0159010907	0.0573513826	0.142295884	0.0690875555	-0.0562607616	-0.0679768595	0.0733215818	0.0071700024	0.0636304066	-0.0834661352	-0.0285388147	0.0860916378	-0.1573645222	-0.0710373258	0.0228728968	0.0843309856	-0.0768880669	-0.0024110084	-0.0207611309	0.0276273089	-0.0240449912	-0.1388734255	0.0747516925	0.1284044829	0.0203075393	0.0425971463	-0.0754027295	0.0004660316	0.0005653723	-0.0365530141	-0.026600615	-0.0132750574	-0.0577055611	-0.057810444	-0.0294700894	-0.0101676532	-0.0583501656	0.0745891861	0.0193518216	0.0635758963	0.0360267395	0.0243311477	0.0332019473	-0.0091259801	0.2092891129	-0.0392067975	0.0114086294	-0.097479048	-0.0450196296	0.0551093315	-0.0330976438	-0.0433138081	-0.0620735699	0.0288102903	-0.0057423663	0.0379455413	0.0667871707	0.0076268671	-0.1014639107	-0.0227120151	0.0980872016	-0.172142	-0.0033789999999999	1.1417640999999954e-05	0.0296328681639999	0.025329	0.0126093	0.00015899444649	0.000641558241	-0.060786	-0.0001420999999999	2.0192409999999763e-08	0.003694937796	-0.000303096	0.00059139	3.497421321000001e-07	9.186718521600001e-08	-0.000596089	0.000107384	1.1531323456000018e-08	3.55322095921e-07	-0.00103642	0.000185	3.4225000000000024e-08	1.0741664163999998e-06	0.0	0.0	0.0
44042.314338840726	30.74106095982279	1939725452.3212557	945.0128289355408	68384.26194778095	-730.7340759873769	4676407282.142721	533972.2898091255	40528.46224189199	2.212768266101193	1642556251.6924646	4.896343399464481	45816.90389553004	43142.74373541785	1.302031	24.739582	0.10538516	0.0465241	-0.0978824398	0.0080891246	-0.0193508408	-0.0925760165	-0.0540748103	-0.049154854	0.0522413718	0.0736044995	-0.0576568265	0.0218255419	0.0051825965	-0.0647521982	0.0080362402	0.0662455879	0.1003500579	0.1307762529	0.1062266508	0.1395783317	0.0112515783	-0.0363278352	-0.0375838926	0.0776619579	0.0183972988	0.0092650418	-0.0849728048	-0.0054938343	-0.0129388013	0.0181200517	0.0705022866	-0.0217290394	0.0961675895	0.0068734917	-0.0231594113	-0.0819605772	0.0045737654	0.0845775338	-0.0604656766	-0.1822152155	-0.0288096253	-0.0004555936	-0.0551867853	0.0443378762	0.0375879932	0.107848793	0.0431923997	-0.0300800555	0.0533767742	0.0752160251	0.1229455347	-0.0296938661	-0.0049039408	0.1249570369	0.0391659475	0.0613496975	-0.0230923659	-0.1166448087	0.015715111	-0.0175872084	-0.0951978777	0.0242196978	0.0484060096	0.0149047348	-0.0360742566	0.0612675707	-0.1617574129	0.0521700046	-0.005576731	0.0894533947	-0.0774097776	-0.0825107086	-0.1045875258	0.0942723097	-0.0389219585	0.0960224488	-0.0282257237	-0.0346329343	-0.0724957033	-0.0627739171	0.1190406319	0.0392478118	0.0751279595	-0.0229745783	-0.0337814771	-0.0313364173	0.0583462026	-0.0306130755	-0.018569197	-0.0544378922	0.0059341712	-0.1019113804	-0.0177231056	0.0998612018	-0.167944	0.0041979999999999	1.762320399999983e-05	0.028205187136	0.00813834	-0.01719066	0.0002955187912356	6.623257795560002e-05	-0.0777162	-0.0169302	0.0002866316720399	0.00603980774244	-0.000955333	-0.000652237	4.254131041690001e-07	9.12661140889e-07	-0.0008479479999999	-0.0002518589999999	6.343295588094966e-08	7.190158107038304e-07	-0.00147365	-0.00043723	1.9117007290000007e-07	2.1716443225e-06	0.0	0.0	0.0
44044.13741975519	1.823080914466118	1939886041.05028	3.323624020690617	68772.7872620623	388.52531428134535	4729696267.792878	150951.9198374182	40589.161709977096	60.69946808510576	1647480048.3186707	3684.425425814773	45957.82812467317	43454.9919140846	1.19787	22.760443	0.087603575	0.0536245	0.0594582966	-0.0891332513	-0.0107484971	-0.0548932649	0.0872748997	-0.0026207015	0.0371020009	0.0269871101	-0.000956535	0.0320381492	-0.0116773797	-0.0094293479	0.0006273257	-0.1618096959	0.0644496153	-0.0159377248	0.1000100908	-0.0041254397	-0.1483500156	-0.0061757436	-0.001782291	0.0332846488	-0.0929813927	-0.1451815638	0.0296513568	0.062239371	-0.0493973719	-0.0236826457	0.0469848107	-0.2457994308	0.0237839568	0.0535835922	-0.0122384779	-0.0519978699	-0.1048249141	-0.0613479681	-0.1632378794	0.0146794928	0.1445113545	0.1137593169	-0.0313579231	0.1146132868	-0.0284866147	0.0325959417	0.1132681596	-0.0172548258	0.1150596975	0.0096667237	0.009051835	0.0560986304	-0.0413057162	-0.0744191077	-0.0262069607	-0.0927044727	0.0581785185	-0.0286427007	0.1339864728	-0.0458255279	0.0269510518	0.1003923881	0.0907699841	0.0747156947	-0.0313076739	0.042818705	-0.0580174795	-0.0857717974	-0.0199497474	-0.0601347788	0.0395593336	0.0467604924	-0.163183186	0.0750614668	0.0276774274	0.0880257832	0.0848748963	0.1176418144	-0.1785235723	0.1208343923	0.1405990957	-0.0150173278	-0.0416724131	-0.1369749633	0.0091608247	-0.0153641215	0.052877196	-0.0354234397	0.0779210852	0.0558235379	0.0042398529	-0.1022474116	-0.0126905962	0.1011985345	-0.170059	-0.0021149999999999	4.473224999999907e-06	0.0289200634809999	0.0310646	0.02292626	0.0005256133975876	0.00096500937316	-0.0715825	0.0061337	3.762227569000007e-05	0.0051240543062499	-3.47077e-05	0.0009206253	8.475509430000902e-07	1.20462443929e-09	-0.000996085	-0.0001481370000001	2.194457076902965e-08	9.92185327225e-07	-0.00153346	-5.980999999999999e-05	3.577236099999998e-09	2.3514995716e-06	0.0	0.0	0.0
44061.975386810125	17.83796705493296	1941457674.9878612	318.19306865287365	68662.62891261197	-110.1583494503284	4714556609.191057	12134.861953620664	40551.47505032875	-37.686659648345085	1644422128.757435	1420.2843154502016	45917.74396577194	42827.83005647271	1.196046	22.725794	0.125522665	0.0594778	0.0567279095	0.0830028315	-0.021787545	-0.0379862251	-0.0532114332	0.0776913124	-0.0441531065	0.0432832829	0.0116564822	0.0317830419	-0.0247601855	0.0168708265	-0.1263063146	0.0335708064	0.0266617043	0.072069293	0.0417521582	-0.1548581745	0.0190414273	-0.121473338	0.0433204028	-0.0224856514	-0.0365778221	-0.162663126	-0.0525631376	-0.0408764548	-0.0308393618	0.0174597082	-0.0277944619	-0.0361651156	0.0798011736	0.0495594648	-0.0523239349	-0.1427937803	0.0970358075	0.0301141976	-0.0008203073	-0.033834383	-0.061985978	-0.1245232652	-0.0444305073	-0.0263757152	-0.1131260362	-0.0086013566	0.12797029	-0.1142897839	-0.0798703354	0.0898426134	0.0480005278	0.1488184117	-0.0023996406	0.0869669666	-0.0695084335	0.0300709206	0.0179474794	0.0851373221	-0.1188313833	-0.0085464742	-0.0819914489	0.0869617251	0.1044322803	-0.0090705604	0.0778582303	-0.0741201745	-0.0295772148	-0.0342744629	0.0405940307	-0.1418181195	-0.0518167949	-0.0241264884	0.0305919403	0.0424208106	0.0181884067	0.136197735	0.0904701482	0.0383122175	-0.0720600942	-0.0497971803	0.0292980464	0.12176831	0.0192817174	-0.0708612171	0.0372263255	0.0132578863	0.0129248528	0.0942117328	0.0697279253	0.0387056214	0.0025443755	-0.1024716367	-0.0076268671	0.1020933517	-0.167533	0.002526	6.3806760000000025e-06	0.0280673060889999	0.0198394	-0.0112252	0.00012600511504	0.00039360179236	-0.118942	-0.0473595	0.00224292224025	0.014147199364	-0.000717243	-0.0006825353	4.658544357460901e-07	5.14437521049e-07	-0.0008112609999999	0.0001848240000001	3.4159910976036986e-08	6.581444101208378e-07	-0.00111258	0.00042088	1.771399744e-07	1.2378342564e-06	0.0	0.0	0.0
44066.306639388895	4.331252578769636	1941839380.83665	18.75974890109862	68250.85781631718	-411.7710962947895	4658179592.663143	169555.43574381276	40568.65267850547	17.177628176716098	1645815580.1492088	295.07090977751085	45809.843508474	43412.56552032885	1.244138	23.63958	0.097627605	0.0506696	-0.1132172138	-0.0145706236	-0.0491024475	-0.0485065688	-0.049852067	-0.0572145286	0.0199383682	0.0142382306	-0.0592148195	0.0825135818	-0.0116552174	-0.0079144266	0.1012980283	0.0084215003	0.1208022663	0.0510081582	0.0050254873	0.0781799986	0.0102563034	-0.1264161768	-0.0501068422	-0.0580330221	-0.0204750803	-0.1000256948	-0.1406976962	0.0045654847	0.0600659186	-0.0282947826	0.1857508829	-0.180375724	-0.0009689633	-0.0218985512	0.0985768233	0.0068539375	-0.0088428476	-0.0323687486	-0.0402474491	-0.1050529621	-0.0555766118	-0.0157584105	-0.0226615455	-0.1690606315	0.0657815698	-0.0641768253	0.1672560947	0.0112461355	0.031249386	-0.0025275414	0.0114920569	0.1132623399	0.0571544665	-0.0815739777	0.0452997902	0.0379366198	-0.0550837844	-0.1064391413	0.0474995416	-0.0316745424	-0.0159692355	-0.0003088871	0.0525831433	0.0926401326	-0.0162895624	-0.0846288184	-0.1102692536	0.0058444769	0.0751862272	-0.0096055683	-0.0890433871	0.0698807073	0.1499918689	-0.0040790162	-0.0266186219	0.0419012952	-0.0195980229	0.0710939395	-0.1559011718	0.0332247631	0.1577528923	-0.0911606479	0.0005416557	0.0737130069	-0.1058147451	-0.0550517181	0.0466176016	-0.0748252682	0.0939438119	-0.0626607304	0.0008482025	-0.1025838106	-0.0025443755	0.1025417406	-0.183408	-0.015875	0.000252015625	0.0336384944639999	0.0285268	0.0086874	7.547091876000003e-05	0.00081377831824	-0.105908	0.013034	0.000169885156	0.011216504464	6.25011e-05	0.0007797441	6.0800086148481e-07	3.90638750121e-09	-0.0008112609999999	0.0	0.0	6.581444101208378e-07	-0.00153346	-0.00042088	1.771399744e-07	2.3514995716e-06	0.0	0.0	0.0
44047.05341934979	-19.253220039106964	1940142914.927054	370.68648187426993	68642.82250101792	391.96468470073887	4711837080.906252	153636.31405254963	40585.63040226064	16.977723755175248	1647193395.1489034	288.2431039070419	46049.14132898783	43245.28632922971	1.197726	22.757715	0.059902205	0.0362927	0.0339789544	-0.0908464159	-0.0084243235	-0.0430976239	0.080477225	-0.0455903593	0.0020221098	0.0174726282	-0.0141228919	0.0084422986	-0.0786006894	0.1014271705	-0.0116959776	0.0110527072	0.1418925642	0.0291294796	0.0226454968	-0.0058690325	-0.0322176244	-0.0298401753	0.0139077634	0.2130077685	-0.1077010342	0.000897016	0.0473476535	0.0582775853	-0.0113381439	-0.0215451805	0.0504711674	0.0716143396	0.1634276003	-0.0100393918	0.0136622632	0.0307127517	0.0368545492	0.0397388423	0.0067178715	0.1507043521	-0.07343761	-0.1178904738	-0.0474621927	-0.1148585319	-0.0660670714	0.0575516211	-0.0338855854	0.0616437664	0.1467616989	-0.1289490569	0.0929014652	-0.0714495752	-0.0026591278	-0.1002543171	0.1321468992	-0.1239031061	-0.0252933421	-0.0288354943	-0.0620469406	-0.0637655801	-0.0170787928	0.1101813561	0.0707722595	0.067544229	0.0364765258	0.119541914	0.0160465756	0.0326407276	-0.0754370131	0.0025723097	0.0073487636	-0.0606692919	-0.0161162717	0.0050486234	-0.0156043487	0.060829543	0.135760208	-0.1008477136	-0.010461418	-0.0169671441	-0.0272844682	0.0480564779	-0.0349137891	0.0271550767	-0.03693428	-0.1277412541	0.000944505	0.2122339405	-0.0819361492	0.0381457807	-0.0008482025	-0.1025838106	0.0025443755	0.1025417406	-0.187348	-0.0039399999999999	1.552359999999999e-05	0.0350992731039999	0.00763985	-0.02088695	0.0004362646803025	5.83673080225e-05	-0.103072	0.002836	8.04289600000003e-06	0.010623837184	-0.00046276	-0.0005252611	2.7589922317321e-07	2.141468176e-07	-0.000691737	0.0001195239999999	1.4285986575976098e-08	4.78500077169e-07	-0.00153346	0.0	0.0	2.3514995716e-06	0.0	0.0	0.0
44021.272289008055	-25.781130341732933	1937872413.9429884	664.6666816974224	69356.05805616347	713.2355551455548	4810262789.089918	508704.9571237878	40469.991160147016	-115.6392421136261	1637820184.5023775	13372.434316613835	45805.67268945574	42854.58168392958	1.215044	23.086761	0.06060175	0.0284455	0.0905404516	0.0639257841	0.016201933	-0.1062941775	0.0047976549	0.1858292509	0.1319558676	0.007565495	-0.0211886767	0.0287279001	-0.1957465708	-0.0590941963	-0.1267672321	-0.0798003474	-0.0832948926	-0.1316972858	0.135998372	-0.0083965074	0.0636612701	0.1919525437	0.0590261043	0.1242693063	-0.1614934348	0.0607448517	-0.0818680931	-0.0481134844	0.0066756987	-0.0624244546	-0.0068068032	0.038744526	-0.0821780398	-0.0726260498	-0.1010287243	-0.0418723139	-0.1075823224	-0.0673858083	-0.0604653333	0.0826376374	-0.0345041703	-0.0629581331	0.1015435801	-0.0017604728	0.102880455	0.0085546563	0.0679905719	0.0693347153	-0.0015190266	0.0909324566	0.0279794382	-0.0038635597	0.0053103253	-0.0395921755	0.0848639909	0.0638712779	0.1425509988	0.0407650737	0.0150600867	-0.0747324803	0.0769782183	-0.0265421382	-0.1014799007	-0.2015752428	-0.0708159309	0.0404979122	-0.0881779706	0.1499282443	-0.2763099146	-0.1578815878	-0.0644748378	-0.0009475532	-0.0227873339	-0.0301971526	-0.0816153649	-0.0624606561	0.0112314917	-0.030605575	-0.0523139498	0.0583745917	-0.0355860374	0.0590288527	-0.0091361347	-0.0304182717	-0.0169294638	0.0349025881	0.0795381395	-0.0672304631	-0.1389515369	-0.0017994049	-0.0025443755	-0.1024716367	0.0076268671	0.1020933517	-0.189248	-0.0019	3.610000000000048e-06	0.035814805504	0.028589	0.02094915	0.0004388668857225	0.000817330921	-0.0958079	0.0072640999999999	5.276714880999994e-05	0.00917915370241	-0.000228206	0.000234554	5.5015578916e-08	5.2077978436000003e-08	-0.000942113	-0.0002503759999999	6.268814137599998e-08	8.875769047689999e-07	-0.00140862	0.0001248399999999	1.5585025599999995e-08	1.9842103044e-06	0.0	0.0	0.0
44092.75658067516	71.48429166710412	1944171182.8826723	5110.003955147611	68342.31321254071	-1013.7448436227568	4670671775.241017	1027678.6079717278	40493.71333157875	23.72217143173475	1639740819.3800786	562.7414174366123	45779.53225238193	43145.24669182549	1.322654	25.131445	0.05302283	0.0311116	-0.1120395594	0.0315074175	-0.0527355605	-0.0862943632	-0.0520256152	-0.0620262401	0.0295782581	0.0995830918	-0.1251532587	-0.0103563617	0.0043497831	-0.1017234655	0.0827676157	0.0885735167	0.0276019778	0.0759766568	-0.0057486976	0.0745598608	-0.0524628029	0.1208258546	0.0361236748	-0.0341122441	0.0166237398	-0.1199950906	-0.0766688015	-0.0257148089	-0.0391468351	-0.0346673476	0.0984115256	0.051281412	-0.0454912881	-0.1471599351	0.0482903787	0.0557492769	0.0216562632	0.0228755442	0.0828361684	-0.0165605576	0.1137250594	0.0660256447	0.1708041814	0.0284316098	0.0562020951	0.0307867771	0.1206627925	-0.0629665255	-0.0092968266	0.0914900003	-0.0794108215	0.069472878	0.2007102888	-0.0459576086	0.0698553473	0.0856493707	-0.055913448	-0.0779924653	0.0651804262	0.029550862	-0.0490977127	-0.0709412224	0.012636058	0.0562976718	-0.1098385177	0.0529691343	-0.02481934	-0.0090764798	-0.0235564235	-0.0493027288	-0.2174018958	-0.0255717517	0.0258667013	0.0048323241	-0.0716792414	0.0795384224	0.0343931853	-0.030288273	-0.030589428	0.000851645	0.0714266905	-0.0502938666	-0.0161748276	-0.036089928	-0.1242657615	0.0097436907	-0.0726848266	-0.0032594747	-0.0747593375	-0.1553035321	-0.0042398529	-0.1022474116	0.0126905962	0.1011985345	-0.18694	0.002308	5.326864000000021e-06	0.0349465636	0.0285338	-5.519999999999831e-05	3.047039999999813e-09	0.00081417774244	-0.121298	-0.0254901	0.00064974519801	0.014713204804	-2.92184e-05	0.0001989876	3.959606495376001e-08	8.5371489856e-10	-0.0007625499999999	0.000179563	3.22428709690359e-08	5.814825024998475e-07	-0.00153346	-0.0001248399999999	1.5585025599999995e-08	2.3514995716e-06	0.0	0.0	0.0
44154.4080403387	61.65145966353885	1949611749.392727	3800.902478644957	68615.36357390066	273.05036135994305	4708068118.378573	74556.49983879548	40623.59645343898	129.88312186022813	1650276588.8118598	16869.62534415887	45947.8048594116	43465.76612764246	1.23864	23.535112	0.0200841799999999	0.0120028	0.0280319674	-0.0959152681	-0.0581008413	-0.1277872352	0.0207525467	-0.0340203076	0.1071338209	0.0834314164	0.0569611941	0.0693896011	-0.0813277112	0.147077586	-0.0247484688	-0.0368956692	0.0594415645	-0.033772401	-0.0186558199	-0.0408098032	0.0556864613	0.0325833827	-0.1356101542	-0.0385008464	0.0114775019	-0.0124106153	-0.0099381701	0.0392514483	0.053870595	0.0460650782	-0.0183307545	0.0898826561	-0.0035843559	-0.0582379061	-0.0462375409	-0.0083097439	0.1032172073	0.0360048671	-0.0407683937	-0.0049909512	-0.0777982681	0.1101824169	0.1372380046	-0.030963973	0.0652414269	-0.0275185005	-0.007164236	0.0571899836	0.1173191675	-0.1169424467	0.0689101719	0.0310305603	-0.0431066971	-0.1413451818	-0.0953298831	-0.0852298673	0.0119119616	-0.0666151509	-0.0887530131	-0.0839370709	-0.0573902356	0.1028269304	-0.1043359813	0.0094678118	-0.0339325195	-0.0069306951	0.0548902943	0.0833855996	0.0581758499	-0.0459916128	0.0162880043	0.0030245508	0.134571873	-0.1180268479	-0.1410104293	0.0383205556	0.08101739	0.0566569354	0.0511066833	0.0146193662	-0.0879809183	-0.0674402425	0.0765485981	-0.028544587	-0.050063767	0.1306995554	-0.1058276364	-0.0652940565	-0.0188697502	-0.1172683303	-0.0059341712	-0.1019113804	0.0177231056	0.0998612018	-0.192823	-0.0058829999999999	3.460968899999999e-05	0.037180709329	0.0285851	5.129999999999718e-05	2.631689999999711e-09	0.0008171079420099	-0.121306	-7.999999999994123e-06	6.399999999990597e-11	0.014715145636	-0.000161094	-0.0001318756	1.739117387536e-08	2.5951276836e-08	-0.000611588	0.0001509619999998	2.27895254439698e-08	3.7403988174400004e-07	-0.00153346	0.0	0.0	2.3514995716e-06	0.0	0.0	0.0
44205.29351564092	50.88547530222422	1954107974.803965	2589.3315967332715	68959.92696457655	344.5633906758885	4755471526.959731	118723.93019406496	40551.01162640366	-72.58482703531627	1644384543.924725	5268.557115746779	45994.27985248285	43754.493905542986	1.276134	24.247519	0.12671195	0.0694087	0.0689455872	0.0661380303	-0.1695787643	0.0364442133	-0.0074168637	0.0904880741	-0.1415623678	0.1271657005	0.0227444654	0.0360674549	0.03766634	-0.0441361738	-0.0487419944	-0.0457259877	-0.0134232707	0.1080551524	0.1152922513	-0.1125174372	-0.0569265776	0.0256314968	-0.0459109827	-0.0358670144	-0.0730660227	0.0310431068	-0.1147604044	-0.0426098688	-0.0632569122	-0.0403000924	0.0452993226	0.095684172	-0.0089520158	0.0835103386	0.0422760709	-0.0148190644	0.0185099269	-0.0556687078	0.0689636747	-0.0190966406	0.0410971526	0.0329768911	0.104936365	-0.0856312576	0.0430064907	0.006117516	-0.0037963314	-0.0372943911	-0.0826485492	-0.0347357215	-0.0579020502	-0.0720951928	-0.1108983378	-0.0048062695	-0.1158936118	0.0363116043	-0.0028617349	0.1334837973	0.0179478914	0.0127750391	-0.1029976146	0.0855439867	0.0129193155	0.0859067393	-0.1288435858	0.0036137109	-0.0124200569	-0.0071046563	-0.05614087	-0.1076708485	-0.008228585	0.0474993368	-0.0801700173	-0.0418783542	-0.0339112999	0.0728396722	-0.0622149935	-0.0306918967	-0.0134625051	-0.075648318	-0.0125285844	-0.0546262076	-0.0449583688	0.0596460058	-0.0019216448	0.0606584223	-0.0118867461	-0.0312221878	0.0214913351	-0.0195144109	-0.0076268671	-0.1014639107	0.0227120151	0.0980872016	-0.182311	0.0105119999999999	0.0001105021439999	0.033237300721	0.0054619	-0.0231232	0.00053468237824	2.9832351609999995e-05	-0.185562	-0.064256	0.004128833536	0.034433255844	-0.000586547	-0.000425453	1.81010255209e-07	3.44037383209e-07	-0.0007625499999999	-0.0001509619999998	2.27895254439698e-08	5.814825024998475e-07	-0.00153346	0.0	0.0	2.3514995716e-06	0.0	0.0	0.0
44146.717879627606	-58.5756360133164	1948932699.543432	3431.105134364529	68234.83631285626	-725.090651720282	4655992886.642287	525756.4532121434	40592.95832640736	41.946700003696606	1647788265.6894443	1759.5256412001208	45874.386786730254	43752.28547098152	1.270681	24.143906	0.0784579	0.0413934	-0.0943087555	-0.0262334376	-0.1152057934	-0.0562392652	-0.0481132193	-0.0650406903	0.0021409295	0.0613975184	-0.0680685483	0.0758259777	0.0298340227	0.0304308904	0.0262386699	0.0841920315	0.159474735	0.0780733336	-0.0705367645	-0.0244945768	0.0369786644	0.0451491589	-0.031509924	-0.0477200581	0.0074867183	-0.0526300555	0.0524537859	-0.0032920253	-0.0055719618	-0.0767957675	-0.0353417111	0.0496104921	-0.0815872786	0.0509271048	0.0870811768	-0.0414807894	0.0438018434	-0.0357755994	0.0105442763	-0.0027004939	-0.1123925537	-0.0082466336	0.1100295014	0.0561229864	-0.0493293437	-0.0685086352	-0.0727239512	0.0555254231	0.0456015126	0.0300071977	0.0939110073	0.1170542366	0.0808921509	-0.0118025785	-0.1112096172	0.0259613841	-0.0665929057	-0.0658642939	-0.0862830581	-0.0364110658	-0.0913351114	-0.0370334664	0.0735709935	0.1127258143	0.006559435	-0.0592067303	0.0174856291	0.0450379354	-0.0326107942	-0.0781484932	-0.0491062612	0.0576614975	0.1124009382	-0.0827375618	-0.0013939995	-0.0845248189	-0.0291241587	0.045929239	0.1074086475	-0.0131184128	0.0291090502	-0.1240876621	-0.0290235743	-0.03580631	-0.0073454234	-0.0092607675	0.0177709767	0.1162453702	0.0011466403	0.0032852033	-0.009317478	-0.1009054916	0.0276450517	0.0958842909	-0.187062	-0.004751	2.257200100000005e-05	0.034992191844	0.0326979	0.027236	0.000741799696	0.00106915266441	-0.163211	0.022351	0.000499567201	0.0266378305209999	-0.000104149	0.000482398	2.3270783040400003e-07	1.0847014201e-08	-0.0007625499999999	0.0	0.0	5.814825024998475e-07	-0.00153346	0.0	0.0	2.3514995716e-06	0.0	0.0	0.0
44161.40137769317	14.683498065562162	1950229371.64172	215.60511544136776	69442.31645714576	1207.4801442894968	4822235314.934377	1458008.298853384	40663.11727292036	70.15894651300187	1653489106.3512745	4922.2777758142565	46107.14537904221	44405.70447749487	1.366343	25.961557	0.14659577	0.0748010999999999	0.0773324617	-0.0786953897	-0.1627481912	0.1032090273	0.1504263652	0.0278522211	-0.1376481776	0.1087882547	-0.1598003725	-0.1253824182	0.1454292311	0.088885958	0.1227024668	-0.1409627506	-0.0694518013	0.2083946936	-0.0536209296	-0.0825305154	-0.080514557	-0.0873289243	0.113068828	0.0114366356	-0.020560663	-0.0186710417	-0.0952279693	0.0661284503	0.0107369422	-0.0150019476	-0.0086987252	0.0879420034	0.0368685659	-0.006703916	-0.14932291	0.0683163459	-0.0742133131	-0.0135793356	0.0485745822	0.0063765633	-0.0018438179	0.0272348205	0.015154213	0.0020048946	0.0915397028	-0.0460920449	0.0590961462	-0.032446317	0.0273556935	-0.0261329862	0.0642786677	-0.1592537499	0.1389854596	-0.0390029611	-0.0568264067	-0.1235819724	0.0117559365	0.0892024072	0.1420311711	0.1571334727	-0.1858888434	-0.1012737009	0.1415522559	0.1257577377	-0.0117494087	-0.0970753907	-0.0150292941	0.011344837	-0.0661799613	0.0041947297	0.081819889	0.0498005831	0.0155579248	-0.013194209	-0.0323358619	0.0587647729	0.0356786834	-0.0418086761	-0.0077753614	0.069766823	-0.0717788933	-0.0165672789	0.056515211	-0.0582765821	0.0094000587	0.0660227858	-0.0023110767	-0.0697186223	-0.1175208273	-0.0522420421	-0.0110055415	-0.1002367339	0.0325100797	0.0932621027	-0.174764	0.012298	0.000151240804	0.030542455696	-0.00154632	-0.03424422	0.0011726666034084	2.3911055424e-06	-0.212685	-0.049474	0.002447676676	0.045234909225	-0.00111574	-0.001011591	1.023316351281e-06	1.2448757476000002e-06	-0.0007625499999999	0.0	0.0	5.814825024998475e-07	-0.00153346	0.0	0.0	2.3514995716e-06	0.0	0.0	0.0
44035.85706520523	-125.54431248793844	1939156707.4671853	15761.374398069136	68653.0474603013	-789.2689968444611	4713240925.586383	622945.5493798619	40585.13091940012	-77.98635352023848	1647152851.7448478	6081.871335383613	46055.80430184279	43328.27800072027	1.298567	24.673765	0.07452053	0.0359508	0.0302742707	0.1056983215	-0.0840662995	0.1424637616	-0.0563683786	0.0475776435	-0.1835625762	-0.0132389697	0.0152704495	-0.0191304117	0.0217539943	-0.018414663	0.0514886149	-0.0595634836	-0.1388875986	0.1122642915	-0.1445664402	-0.0806284002	0.0757623494	-0.158966973	-0.0565057715	-0.0127163731	-0.0389460043	0.0759109916	0.0143700267	-0.1103904638	-0.0097587791	0.0201236011	-0.0633123312	0.0518022	0.1019257459	0.0889732759	0.0208754022	0.091386735	0.0348548177	0.1067887028	0.0162469318	-0.0267794856	0.1000679684	0.0619418862	0.1108889246	-0.0259959299	-0.0792948014	0.0103672979	-0.0338244006	0.0844502502	-0.0134823769	0.0763763898	-0.0042088162	0.0818481861	-0.0219315057	-0.0244717573	0.0432373341	0.0085045154	-0.0917100516	0.17896165	0.0748183114	0.1302648681	-0.0571022836	0.0384406206	-0.0086798518	0.0841130604	0.2153593385	-0.0834682641	0.0722805633	0.0229817878	-0.0385578109	0.0619454393	-0.0411614471	0.0612164475	0.0656862117	-0.0415764764	0.0133917492	0.0338082832	-0.0364039414	-0.000729134	0.0838606639	-0.0236274662	-0.0304087838	-0.0014185237	0.0860377788	0.0355868073	-0.0524745583	0.048687807	-0.0167385565	-0.0244679644	0.1076080104	-0.0418012664	-0.0126905962	-0.0994583687	0.0372951309	0.090232103	-0.174769	-5.000000000005e-06	2.5000000000050003e-11	0.030544203361	-0.0175423	-0.01599598	0.0002558713761604	0.00030773228929	-0.19565	0.017035	0.000290191225	0.0382789225	-0.000586609	0.000529131	2.799796151610001e-07	3.44110118881e-07	-0.0007625499999999	0.0	0.0	5.814825024998475e-07	-0.00183402	-0.00030056	9.033631360000004e-08	3.3636293604e-06	0.0	0.0	0.0
43903.027631548684	-132.829433656545	1927475835.2165272	17643.658445518493	68512.5856130395	-140.46184726180218	4693974387.384067	19729.530536197843	40464.45975315825	-120.67116624187474	1637372503.1149635	14561.530362174171	45819.06171495879	42720.41322789257	1.380349	26.227684	0.1218423	0.0571562	-0.0793382461	0.0516955163	0.0281356973	0.0336956858	-0.0366157603	-0.0181473394	-0.0055656977	-0.0227164272	-0.0726383652	-0.0497816946	0.0970248344	-0.0021529253	-0.0783875452	0.1029443825	-0.0374777933	-0.0609350276	-0.0091383558	-0.0468474322	-0.0344060522	-0.1191837566	-0.0214775681	0.0152156791	-0.0153163521	0.0539436212	0.0332727754	-0.1236307427	-0.0700487875	0.0187460022	-0.0079004361	0.0911181985	0.1062406707	-0.0219254371	-0.0698682392	0.1254442317	-0.0136630143	0.1119344218	0.0695399449	0.0996793159	0.0298053249	-0.0298152785	-0.0920799716	0.0491154247	-0.0207596602	-0.0625192307	0.0034775743	0.0217267957	0.0861656715	0.0592608979	0.0626501843	0.0612407534	0.0487533281	-0.0314055313	-0.0444158607	0.0337151034	-0.0232563601	0.0009622109	-0.0895446393	0.0597183725	0.1025241064	0.0157536569	0.1159418908	0.0275933553	0.0899879458	-0.068739787	0.1339404809	0.0260938566	-0.105711077	0.0924617472	0.0978921797	-0.0535761441	0.0225289095	-0.1022702756	-0.1334092499	0.0612306424	0.0582310508	-0.0303918441	0.0053071857	-0.065962004	-0.0505521359	0.1120252552	-0.0801604225	0.0382562126	0.0749700921	0.0018676553	0.1323839913	-0.0246356053	0.0562043529	0.0606245774	-0.0143721814	-0.0985712473	0.0419884337	0.0868075413	-0.153545	0.021224	0.000450458176	0.0235760670249999	0.014769	0.0323113	0.00104402010769	0.0002181233609999	-0.168024	0.0276259999999999	0.0007631958759999	0.028232064576	-0.000586609	0.0	0.0	3.44110118881e-07	-0.0011628	-0.0004002500000001	1.602000625000801e-07	1.35210384e-06	-0.00142065	0.0004133699999999	1.7087475689999994e-07	2.0182464225e-06	0.0	0.0	0.0
43896.58250733194	-6.445124216741533	1926909955.823001	41.53962616922816	68332.71086751833	-179.87474552117055	4669359374.503858	32354.924076305862	40498.18993794327	33.7301847850249	1640103388.2497296	1137.7253656319256	46020.2127605474	42897.46423737539	1.440592	27.372345	0.1483096499999999	0.0849551999999999	-0.0090417549	-0.0754111486	0.0018206709	0.2611487705	0.0705109682	-0.1053736391	-0.1983511229	-0.0476465596	-0.0055900783	-0.0979642708	-0.0459797406	-0.0082000618	0.154681022	-0.0372326301	-0.1004681741	-0.0572569742	-0.1696343235	-0.1191990201	0.0934168243	-0.0089381537	-0.1002101135	0.085005119	-0.0222544355	-0.0453491755	0.041732367	0.0619148239	0.0469434853	0.0483613223	0.0045853612	-0.0578830177	-0.0876202311	0.0115423668	0.064914874	0.0389533894	-0.0480039876	0.1595266234	-0.0353076703	-0.0516185363	0.0201787571	0.1072117184	-0.0725238546	-0.0643043126	-0.039650943	-0.0737576759	-0.001086423	-0.1263862601	-0.1116407583	0.0944425718	-0.1425089523	-0.0962633054	0.0214337368	-0.0073654506	0.0340298169	-0.0941453388	-0.1838576878	0.1636686029	0.0887889406	0.011194696	0.0238383851	-0.0978320675	-0.0945101554	-0.0552438538	0.1180617028	0.0658235001	0.0092749814	0.0613037702	0.0677944484	0.0455782116	0.0210057292	0.0125508717	0.0483298321	0.0572957408	0.0438663301	-0.1011882066	0.0474969008	0.0691989155	-0.0183268962	0.016401591	0.0106601971	-0.0507553796	0.0705700176	0.0728530197	0.0538867781	-0.0179145926	0.0750443532	-0.0370186301	0.1374243082	0.0306351214	-0.0160498375	-0.0975763397	0.0465784425	0.0830033923	-0.14188	0.0116649999999999	0.0001360722249999	0.0201299344	-0.0496696	-0.0644386	0.0041523331699599	0.00246706916416	-0.180805	-0.0127809999999999	0.0001633539609999	0.032690448025	-0.00160568	-0.0010190709999999	1.0385057030409995e-06	2.5782082624e-06	-0.00110618	5.6620000000000064e-05	3.205824400000007e-09	1.2236341924e-06	-0.00153346	-0.0001128099999999	1.2726096099999969e-08	2.3514995716e-06	0.0	0.0	0.0
43948.02598462081	51.44347728886351	1931428987.9449053	2646.4313555698154	68714.45910525245	381.7482377341221	4721676890.127411	145731.7170131078	40529.13101636377	30.94107842049561	1642610460.9415796	957.3503338232592	45904.54763062667	42100.88871330157	1.317934	25.041752	0.1539881499999999	0.0760401	0.0743771586	0.0415570362	0.1132062751	0.0799384949	0.0006433843	0.0708059591	0.0363707621	-0.1171062372	0.0700702063	-0.0426108408	0.0979243088	0.0416893325	-0.0586696691	0.0308149275	-0.0174541225	0.0150247016	-0.0682297426	-0.0798564398	0.0132356172	0.1045292797	-0.1053785402	0.1245303705	-0.0023455034	-0.0198339614	0.0165113316	0.122800803	-0.0166756156	-0.1790922747	-0.1436337273	-0.0029403773	0.1616544447	-0.0286511407	0.0651482943	-0.0049607282	-0.0008609674	0.0688948463	0.0637562142	-0.0459872767	0.0742151521	-0.015406638	-0.0891256991	0.00295528	0.0450530692	-0.0316136534	-0.1217613551	0.0244001967	-0.0771475826	0.0200178664	-0.0688891898	-0.036342933	0.0002935812	0.0305768688	-0.0649065576	0.0183183278	0.0354393891	0.0698700058	-0.1211013803	0.0352549423	0.0110714753	0.0005010107	-0.0475534727	0.0825827816	-0.0523649954	0.0905457885	0.0568217399	0.0533124958	-0.1096902736	-0.0676678118	0.1514772898	-0.0581851913	0.0937680368	0.198491482	0.1478648324	-0.0526731033	0.1175613976	-0.0170370558	0.0388624475	-0.0751106168	-0.0035721844	0.0286711248	0.1111253864	0.1356543055	-0.0814405761	-0.0018115185	-0.0792481771	0.0216297564	-0.0332295737	0.0696790542	-0.0177231056	-0.0964747338	0.0510538654	0.0788362905	-0.153531	-0.0116509999999999	0.0001357458009999	0.023571767961	-0.0194342	0.0302354	0.00091417941316	0.0003776881296399	-0.133775	0.0470299999999999	0.0022118208999999	0.017895750625	-0.000462765	0.001142915	1.306254697225e-06	2.14151445225e-07	-0.0010154	9.077999999999994e-05	8.241008399999989e-09	1.03103716e-06	-0.00146572	6.773999999999994e-05	4.5887075999999926e-09	2.1483351184e-06	0.0	0.0	0.0
43949.39134372716	1.3653591063557542	1931548999.48408	1.864205489308584	68375.26645841816	-339.1926468342863	4675177063.259684	115051.65166644886	40528.55728704935	-0.5737293144193245	1642563955.769641	0.3291653262240681	45698.88893333752	42533.41690872676	1.177291	22.369423	0.08105422	0.0378325	-0.0259787069	0.0943492318	0.0058217105	0.0114408085	-0.0585901696	0.0224766988	0.023044998	-0.0079980318	-0.1474185693	-0.1551332113	-0.1067843026	0.0128476778	-0.0568603688	0.0972202582	-0.0442151608	0.0738912041	-0.0494005458	0.096803954	0.0263332164	-0.0844359617	-0.0003805258	-0.0069244854	-0.0320908488	-0.052350513	0.0158219207	-0.1326578596	0.1223963548	-0.0538235362	-0.1274117302	0.0334196562	0.0198553221	0.0579379363	0.0306039807	-0.0825695622	-0.0027341973	-0.0288326429	0.0209961211	0.0171516005	-0.1342296254	-0.0446494125	-0.0057567533	-0.1541068015	0.0741471811	0.0540735574	0.0444345057	0.0757214038	-0.0291554585	0.1023227699	-0.0043516201	0.0419334131	0.110772014	-0.0697532996	-0.0300655593	0.079391973	0.0507150903	-0.0604755877	-0.0916902106	0.0923288369	-0.0137993854	-0.0306449756	0.0333576175	0.0103773918	0.1498429599	-0.0051074191	0.038948201	0.0145866371	-0.050017689	-0.0207642731	-0.025633342	-0.035868231	0.0726888471	-0.1172078735	0.1153795197	-0.0844611489	-0.0416328906	0.0204708526	-0.067775771	-0.0651420044	0.0089077403	0.0855657675	0.0970200906	-0.1121919542	-0.1418192772	-0.039932104	0.0802310156	0.0038052345	-0.0521132993	0.0355588555	-0.0193915285	-0.0952676342	0.0554036926	0.0743244578	-0.169793	-0.016262	0.0002644526439999	0.028829662849	-0.00802538	0.0114088199999999	0.0001301611737923	6.440672414440001e-05	-0.115391	0.018384	0.000337971456	0.013315082881	-0.000907053	-0.000444288	1.97391826944e-07	8.22745144809e-07	-0.00110553	-9.01299999999999e-05	8.123416899999982e-09	1.2221965808999998e-06	-0.00130015	0.00016557	2.741342490000003e-08	1.6903900224999997e-06	0.0	0.0	0.0
43938.13199435447	-11.25934937268903	1930559443.1533165	126.77294829627286	68397.8137151364	22.54725671824417	4678260921.010502	508.3787855184069	40569.80968574542	41.252398696073215	1645909457.937603	1701.7603981797831	45939.44352409639	43231.86594415035	1.208519	22.96279	0.0660096699999999	0.0325871	-0.0932097366	-0.0334456471	-0.0101797817	0.0994419971	0.0187128174	-0.0726882958	-0.0997313874	-0.0366097015	0.0275234475	0.0029659484	-0.05719852	0.083436021	-0.0044933024	0.0563611799	0.0785798896	0.0640880715	-0.0288891267	-0.0734612273	-0.0481855765	-0.0044926128	0.0519774937	0.0296955964	0.0546428278	-0.0565467623	0.1239967722	-0.0193044534	-0.0930965542	-0.0621674242	0.0316536312	0.0426375194	-0.2165634926	-0.1419308836	-0.049727534	0.0117772923	0.0829547417	-0.0209090664	-0.0547279439	-0.0726702501	0.0488028567	-0.0177096798	0.0444020619	-0.0004038018	-0.0315433692	0.044851021	0.0137062378	0.0164352088	-0.0627995363	0.2168547328	0.087170264	-0.0363487412	-0.056073874	-0.0792696484	0.0751286701	-0.0470841115	-0.083990552	-0.0225660178	-0.0897276908	-0.02548699	-0.0752788603	-0.0086930329	0.1190985667	0.0074474342	0.0391536642	-0.0156547675	-0.0052600585	-0.0453710993	-0.0268972164	-0.0081795403	-0.1176690409	-0.1091281505	0.1047000526	-0.0102355735	0.0309923315	-0.0671319394	0.0272750657	0.0300188721	0.0361148331	0.0017299257	-0.0712331501	-0.0832099533	-0.1230974636	-0.0044280415	0.1137913272	-0.0001069472	-0.0915521011	-0.0040913855	-0.1178279017	0.0700781539	-0.0210546499	-0.0939563609	0.0596172234	0.0694876231	-0.169786	7.000000000007001e-06	4.900000000009801e-11	0.0288272857959999	-0.0258002	-0.0177748199999999	0.0003159442260323	0.00066565032004	-0.133786	-0.0183949999999999	0.0003383760249999	0.0178986937959999	-0.00092742	-2.0366999999999976e-05	4.14814688999999e-10	8.601078563999999e-07	-0.0007625499999999	0.00034298	1.1763528040006857e-07	5.814825024998475e-07	-0.00153346	-0.00023331	5.4433556100000015e-08	2.3514995716e-06	0.0	0.0	0.0
43818.25451847933	-119.87747587514605	1920039429.046234	14370.609222196224	68200.79255522191	-197.0211599144968	4651348105.160412	38817.337454053726	40521.0881237995	-48.721561945923895	1641958582.7367246	2373.7905984505	45941.34782064456	42239.380549614674	1.333707	25.341459	0.14207315	0.0590554	0.0309407896	-0.0889842156	0.1065211489	-0.0330700955	0.06434567	-0.0623459157	0.030210173	-0.1170399567	0.0301091578	0.0438503356	-0.0561303618	0.0169208343	0.0509238254	-0.1264257471	0.0353707076	-0.1869346105	-0.0566530849	0.143879795	0.0279205266	-0.0579503488	-0.0271107599	-0.0696761011	-0.0918093124	0.111027235	0.1947773162	0.0033649723	-0.0176154721	-0.0873497979	-0.0128514605	0.1289011507	-0.0465722316	-0.0113954367	-0.0593835239	-0.0173880477	-0.0229482099	0.0807815416	0.0639185519	-0.0985582661	-0.0569259402	-0.0200994116	-0.0128064442	-0.0158397696	-0.0967563759	0.0515130875	0.0208881507	-0.1268723947	0.0632457697	-0.0533180438	-0.0814119587	-0.1225933343	0.0478152774	0.1320472572	0.0090888146	-0.1127780909	-0.0069133949	-0.0171559774	0.0939776116	-0.0792960946	0.1902367614	0.0917316363	-0.0312116786	0.0852890204	0.0929323476	-0.0256256958	0.075211651	0.0846384419	0.0626424064	0.0481219997	-0.0438703871	-0.0282816606	-0.0993923766	-0.0535810484	0.0336493537	-0.1433558821	0.0849109918	-0.0318162678	0.0755358833	-0.1185642927	-0.0410999084	0.0759890495	0.0126891246	-0.0890409572	0.0349241522	0.0029721915	-0.0072398547	-0.0444624784	-0.0466388633	0.0345319934	-0.0227120151	-0.0925423476	0.063684092	0.0643469367	-0.182641	-0.012855	0.000165251025	0.033357734881	0.00971175	0.03551195	0.0012610985928025	9.43180880625e-05	-0.10522	0.0285659999999999	0.0008160163559999	0.0110712483999999	-0.00027785	0.0006495699999999	4.219411848999999e-07	7.72006225e-08	-0.000994064	-0.0002315140000001	5.3598732196046315e-08	9.88163236096e-07	-0.00111174	0.00042172	1.778477584e-07	1.2359658276e-06	0.0	0.0	0.0
43663.92355355346	-154.33096492586628	1906538220.090561	23818.04673494897	68297.56138029316	96.76882507125264	4664556890.494912	9364.205505670696	40387.53152934767	-133.5565944518312	1631152703.034052	17837.363921570904	45780.62883402098	41575.42699201075	1.205022	22.896351	0.194217	0.114856	0.0485881719	0.0289443301	0.1547867189	-0.0078517511	0.0231467348	0.0369093843	-0.0253082775	-0.1361707408	0.0270734628	0.0371676835	0.1932976252	-0.0832701378	-0.1370164265	-0.0248358252	-0.0321665784	-0.1848735914	-0.0877079441	0.0854687072	-0.0071220614	-0.0857757802	0.1019010344	-0.2215463669	0.0049511836	0.1339402261	-0.0137773422	0.0907511878	-0.1214525846	-0.0348728196	0.1436175096	0.0783539532	0.0556710365	0.1166703248	0.0022821481	-0.0130703958	-0.113972583	0.1530186896	0.0334907409	-0.0409272835	-0.063898684	-0.1163568123	-0.0405689419	0.017346098	-0.0694032748	0.0428596729	0.0439445419	0.0104663456	0.0500793428	-0.0138004489	-0.2009073682	-0.0414938352	0.0236082376	0.0148240499	0.0375191845	0.0408494308	0.0347095005	0.1276179357	-0.0083084573	-0.0542375807	0.2119712655	-0.0362748181	0.0325802217	0.1448972693	-0.0713258033	-0.297008247	0.1216787354	0.0039597362	0.1328527419	0.0958305379	-0.0594615045	-0.0568623801	-0.2030015411	0.0678881823	-0.0210849585	-0.0986817913	0.0350771628	-0.1245472376	0.0697416061	0.0291585185	0.0882391506	0.0669309032	-0.1204917226	0.0269611523	0.0055661496	-0.0389872488	0.0752317983	-0.1067324831	0.0223853857	0.0439566535	-0.0243631711	-0.0910271406	0.0675942939	0.0589248775	-0.183349	-0.000708	5.0126400000002e-07	0.033616855801	0.0356594	0.02594765	0.0006732805405225	0.00127159280836	-0.167389	-0.062169	0.003864984561	0.028019077321	0.00123082	0.00150867	2.276085168900001e-06	1.5149178724000002e-06	-0.000563398	0.000430666	1.85473203556e-07	3.17417306404e-07	-0.000943229	0.0001685109999999	2.8395957120999998e-08	8.896809464409999e-07	0.0	0.0	0.0
43747.69940493346	83.77585137999995	1913861203.2244155	7018.39327444384	67581.03236334487	-716.5290169482905	4567195935.295467	513413.8321288836	40408.06269623596	20.531166888293228	1632811530.8629365	421.5288137949482	45607.48423838584	41634.93153788709	1.379213	26.206112	0.1008371999999999	0.0532943	-0.1177369877	0.0450834931	0.1781051633	-0.0777592341	-0.1330397616	-0.0839213773	0.0820345837	-0.1074394491	0.0478547353	-0.0201933063	0.1420911553	-0.0969789141	0.0960527128	0.1216718885	0.0090769655	-0.1224586697	-0.0195234771	0.149852679	0.0320315323	-0.1873225671	-0.0806357238	-0.0817329784	0.0493947146	-0.0840052292	-0.1405053687	0.053271109	0.0235546202	-0.1249054093	-0.0701535182	0.1513392364	-0.084140958	0.0011168869	0.0535821127	0.0133088632	0.064442473	-0.0437814711	-0.0247325505	0.0231072503	-0.0091309705	0.0483239469	-0.110057233	0.1273559869	0.0091003724	0.1005235202	-0.0159551789	0.1957000233	-0.0338772956	0.050308892	-0.081432755	-0.0205213308	-0.090600136	-0.121343545	0.0495973218	0.104748096	-0.0842890551	-0.0925692136	0.0160599071	0.0652266715	0.2115633271	-0.030022406	0.0194071607	0.1139648218	-0.0353728532	-0.1388861918	-0.0162007501	0.0586092637	0.0978197044	0.0183066225	0.0009767291	-0.050566559	0.0945805549	0.0040556197	-0.0723430795	-0.0693898258	-0.1868907476	0.038899157	-0.1030292933	-0.1362633631	-0.0492834405	-0.0093061979	0.0234878902	-0.0371177374	-0.0774010823	-0.059527365	-0.0672554087	0.1446551371	0.0860391722	0.03574043	-0.0260076665	-0.0894123968	0.0713382097	0.0532451548	-0.199011	-0.0156619999999999	0.0002452982439999	0.039605378121	0.025624	-0.0100354	0.00010070925316	0.000656589376	-0.126062	0.041327	0.001707920929	0.015891627844	0.00101217	-0.00021865	4.7807822500000065e-08	1.0244881089e-06	-0.000432623	0.000130775	1.7102100625000004e-08	1.8716266012900002e-07	-0.00127006	-0.000326831	1.0681850256099998e-07	1.6130524036e-06	0.0	0.0	0.0
43692.44412964908	-55.25527528438397	1909029674.022506	3053.145446753054	67850.97759950122	269.94523615634535	4603755161.208015	72870.43052350506	40396.54599078384	-11.516705452122553	1631880927.9855137	132.63450447094928	45807.60968744771	41977.34288744344	1.371255	26.054895	0.1682895999999999	0.093583	-0.0014008335	-0.0768823323	0.1280365139	0.0954891676	0.0568674236	-0.1165416314	-0.0312318627	-0.1071471994	0.0685051973	-0.0333665934	-0.089126118	0.0372754185	0.0092112445	0.1813948578	0.0342552137	-0.2130538307	-0.0748146324	-0.0407603617	0.0084176609	-0.0339543982	0.0579852102	-0.003024932	0.0581970239	-0.024518824	-0.039195422	-0.0461855986	0.0409664593	0.0766474462	0.0669340977	0.0454073	-0.0302532505	-0.0055905353	0.0128160358	0.0121919816	0.0164223419	-0.0566118169	0.0209498693	0.0278451355	0.0038428477	-0.1068296375	-0.021577399	0.118452629	-0.0005684596	-0.0181899501	-0.0649789611	-0.0886673514	0.0393031083	-0.0715574344	0.0324514291	-0.002742708	0.0638269276	-0.0808461005	0.1384756211	-0.0602720276	-0.0959379126	0.0285331596	-0.1412850399	-0.0697603079	0.1829681298	-0.1900195175	0.0081286281	-0.0575752236	0.0360645621	-0.0227308621	0.0637839434	-0.0462324091	0.0547117053	0.0186254714	-0.037630534	-0.0523173033	-0.0359171433	-0.0648501294	-0.0683975333	0.0939399488	-0.0780374956	-0.0354815294	-0.0672392606	-0.0270889458	-0.0011766832	0.0171008521	0.008172888	0.0111867713	0.0030732882	-0.057312528	0.0682981975	0.1046358747	-0.045953301	0.0304003081	-0.0276450517	-0.0876998819	0.074906629	0.0473326046	-0.186082	0.0129289999999999	0.0001671590409999	0.034626510724	-0.0124219	-0.0380459	0.00144749050681	0.00015430359961	-0.108727	0.017335	0.000300502225	0.011821560529	-0.000464966	-0.001477136	2.181930762496e-06	2.1619338115600003e-07	-0.000691681	-0.000259058	6.7111047364e-08	4.78422605761e-07	-0.00153346	-0.0002634	6.937956000000002e-08	2.3514995716e-06	0.0	0.0	0.0
43699.01173630326	6.567606654185511	1909603626.7295704	43.1334571641018	68896.49478318404	1045.517183682823	4746726993.409306	1093106.181376062	40385.59908761821	-10.94690316562628	1630996613.665829	119.8346889175987	45813.74255648898	41775.36815544577	1.225026	23.276442	0.083802575	0.037355	0.0535732129	0.0655858463	0.1996692084	0.1167323663	0.0277271071	0.0749662446	-0.0296990193	-0.2515034082	0.1260499795	0.1609488049	0.0875957444	-0.0885257126	-0.0578129182	0.054678625	-0.0918238531	-0.1602245397	-0.1244068609	0.0612682312	-0.3523400043	0.2376640364	-0.1204572849	0.0925326709	0.0702383423	0.0109222976	0.0499001728	-0.0413227241	0.0080432596	-0.0723825396	0.0744208945	-0.0522645528	0.0644756103	0.0169318142	-0.0327257854	-0.0255834609	0.0039242502	-0.0586394281	0.0615220042	-0.1025076833	-0.1434258868	0.0414748904	-0.1021031254	-0.0802680796	0.0316685583	0.0466530709	-0.0951128827	-0.0446876584	-0.03390878	0.0631280159	0.0847319951	-0.084116237	0.0098802615	-0.0421542503	-0.0630592139	0.0271781221	0.0446223956	0.1065363425	0.0039067239	-0.0510449291	0.2656090141	-0.0688041352	-0.0638972221	0.0931590357	-0.1448524404	0.2472769699	-0.0410221636	-0.3249364955	-0.1023597084	0.0803953363	-0.0600519916	-0.0468747447	0.0958035413	0.0311559746	0.0517173857	-0.0595255021	0.0263686747	-0.0332942546	0.0684667371	-0.0706231119	-0.0453827543	-0.0953196952	-0.060140567	-0.0104130478	-0.037137944	-0.06815569	0.0828108396	-0.0157589921	-0.0773411087	-0.0466883407	-0.0292748789	-0.0858914684	0.0782907735	0.041213081	-0.191117	-0.005035	2.535122500000012e-05	0.036525707689	-0.00290875	0.00951315	9.05000229225e-05	8.4608265625e-06	-0.0813602999999999	0.0273667000000001	0.00074893626889	0.0066194984160899	-5.26985e-05	0.0004122674999999	1.6996449155624998e-07	2.7771319022499996e-09	-0.000432624	0.000259057	6.7110529249e-08	1.87163525376e-07	-0.00169989	-0.0001664299999999	2.7698944899999993e-08	2.8896260121e-06	0.0	0.0	0.0
43738.21768856756	39.205952264295775	1913031686.572524	1537.106692950239	67996.72663884365	-899.7681443403853	4623554833.597631	809582.7135697405	40350.7635218122	-34.83556580600998	1628184116.7932105	1213.516645024852	45493.78753490525	41332.15304280968	1.313653	24.960413	0.0697035399999999	0.0375788	-0.1042611343	0.0828238934	0.189048573	-0.0483455307	-0.1521836259	-0.0173496848	0.1587143591	-0.0764678844	-0.0142328521	-0.0095999253	0.1000242598	-0.0391439013	-0.0813908921	0.2785009249	0.0111303989	-0.057360719	0.0737746254	0.08382783	0.0066328816	-0.0599826252	-0.0393846467	0.0382628276	-0.0606012347	-0.0792393238	0.0412664688	0.0731340336	-0.0347424547	-0.0200716205	-0.0934999834	0.0407306035	0.1143266066	0.036861442	-0.0420646044	0.0216441589	-0.0371702258	-0.1173642383	0.0005044274	-0.0509481009	0.0033671919	-0.0273242698	0.0790489262	-0.0486575466	0.0954668448	-0.0784099285	0.1088975602	-0.0199898267	-0.0347011554	0.0565532868	-0.0344905649	-0.062878532	-0.0793083895	-0.041112161	0.0590192878	0.137619209	0.0293824451	-0.1318816523	-0.1710664587	0.1052303687	0.1497654436	-0.0536483152	0.0612762517	0.0152469132	-0.0805762361	0.0790006202	0.0429515773	0.0594680452	0.0294015366	-0.0284960626	0.0701240172	-0.0261080431	-0.0547736575	-0.022889974	-0.0507307158	0.0615888042	0.0900572914	0.0877046142	-0.1171256432	-0.0046819684	-0.0023305318	-0.0141857834	0.0999551885	0.0738446118	0.0857054188	0.0470674652	0.0624546212	0.0439929392	-0.0535949661	-0.0769410378	-0.0308967027	-0.0839891338	0.0814823178	0.034913343	-0.191708	-0.0005909999999999	3.4928099999997685e-07	0.036751957264	0.00656926	0.00947801	8.98326735601e-05	4.315517694760001e-05	-0.110936	-0.0295757000000001	0.00087472203049	0.012306796096	9.29591e-05	0.0001456575999999	2.1216136437759998e-08	8.641394272809999e-09	-0.000679613	-0.000246989	6.100356612100003e-08	4.618738297690001e-07	-0.00149136	0.0002085299999999	4.348476089999999e-08	2.2241546496e-06	0.0	0.0	0.0
43957.05065168714	218.8329631195811	1932222301.994989	47887.86574769595	68142.10962311686	145.38298427320842	4643347103.888876	21136.212116183968	40517.15284703753	166.3893252253256	1641639674.8302011	27685.407548939173	45933.4180883691	42257.95059507897	1.346419	25.582994	0.11331362	0.0599333	-0.0218790016	-0.0757016831	0.0642807173	0.0402713873	0.0082446691	-0.0781374417	0.0357786514	0.1251442732	0.1067680927	-0.0408206559	0.0465008298	-0.0071126327	0.1418842516	-0.0702180947	-0.1137442456	-0.0975659515	-0.1222848316	-0.0869070731	0.0861689017	0.1067420361	-0.14987189	-0.1340710057	-0.221642185	0.0437142311	0.1061447314	0.0112222067	-0.0869491033	0.0099555148	-0.0026311572	-0.0484031571	0.0496959667	0.041663138	-0.0219528963	-0.1222818957	-0.0667320753	0.0865301277	-0.0116391332	-0.0751352658	0.070080266	-0.0594790709	0.0952461174	0.0272092526	-0.0401935522	-0.1997374609	0.0614248272	-0.0820120006	-0.0314562485	-0.1401221652	0.0570732507	0.0977268485	-0.1071082601	-0.0686836137	-0.006985828	-0.0621338553	-0.1199009894	0.0744581986	0.0620274557	0.0341655154	0.0644321784	-0.0134353195	-0.257428609	0.0696988681	-0.0214595617	-7.6731e-05	0.0679826159	0.081719056	0.0543510569	-0.1792505072	-0.0405490167	0.1841528439	-0.1244567922	-0.0084713698	-0.0441930332	-0.0452507452	0.1507536359	0.0301587403	-0.0474149919	0.0411104249	0.0709022643	0.0902317129	0.1020916838	0.0769056541	0.1195769678	0.1267877637	0.0384241473	-0.0850192208	-0.0281703113	-0.0515691188	-0.0325100797	-0.0819949584	0.0844734105	0.0284609379	-0.179771	0.011937	0.000142491969	0.0323176124409999	-0.0212801	-0.02784936	0.0007755868524096	0.0004528426560099	-0.160616	-0.04968	0.0024681024	0.025797499456	-4.03831e-05	-0.0001333422	1.7780142300840004e-08	1.63079476561e-09	-0.000793686	-0.000114073	1.3012649329000004e-08	6.299374665960001e-07	-0.00126183	0.0002295299999999	5.2684020899999966e-08	1.5922149489e-06	0.0	0.0	0.0
44043.827105459466	86.77645377232693	1939858706.095606	7530.152929300792	68929.39658616653	787.2869630496716	4751261713.7330265	619820.762187975	40547.501648382095	30.34880134456762	1644099889.9255488	921.0497430520292	45807.15186821505	42706.68413721145	1.17798	22.382519	0.092329785	0.0471748	0.0739769857	-0.0692324894	0.0298304202	-0.1052593161	0.0583537814	0.034711838	0.1564639618	0.0915242741	0.1125524482	-0.1642681122	0.0907468183	0.0952620959	0.0294626187	0.0193453659	-0.0650241258	0.0029656061	0.0487504855	-0.0410379324	0.0148649407	0.1175990392	-0.030905803	-0.0461616535	-0.0111614186	0.0007295082	-0.1449134477	-0.0260315048	-0.164104678	-0.1267554651	0.151452262	0.0599134714	-0.0077351164	0.1029868314	-0.0700615043	0.0359436521	0.0261841724	-0.0916040445	-0.0361940916	0.0706511008	-0.0020183684	-0.0629488791	0.1307594374	-0.0543984122	-0.0588967382	0.085115372	-0.0775245511	-0.0080788435	-0.050759393	0.0003026778	0.0231314971	-0.0548913881	-0.0508830402	0.0840700616	0.012973416	-0.0581367264	0.0899489743	-0.0961700397	-0.0415176206	0.1276978932	-0.0054252901	0.0203305827	-0.1092863238	0.054421006	-0.1098436168	-0.1284284689	0.0209307843	0.0013548101	-0.0973735576	-0.1289328744	-0.0411875294	-0.0507878695	-0.0119383784	0.0126695927	-0.0304970563	0.0985215688	0.0576239841	-0.0940463887	0.0826018004	0.0053379986	-0.0605758341	-0.0987934209	-0.1726511271	-0.006899181	0.0811563619	-0.0001451227	0.0337653631	0.0527698931	0.0191627972	-0.0220928209	-0.0341145687	-0.0799111227	0.0872566935	0.0218840804	-0.155222	0.0245489999999999	0.0006026534009999	0.024093869284	-0.0081745099999999	0.0131055900000001	0.0001717564892481	6.682261374009838e-05	-0.153032	0.007584	5.7517056000000113e-05	0.023418793024	-0.000518249	-0.0004778659	2.2835581838281007e-07	2.685820260010001e-07	-0.000817703	-2.4016999999999984e-05	5.768162889999991e-10	6.686381962090001e-07	-0.000821889	0.000439941	1.93548083481e-07	6.75501528321e-07	0.0	0.0	0.0
44038.919151852926	-4.907953606540104	1939426400.0634384	24.08800860395002	69069.81989897191	140.42331280537474	4770640020.876416	19718.70677923612	40488.26080452128	-59.24084386081813	1639299262.974934	3509.477581341833	45970.81115281439	43640.41491213147	1.495138	28.408762	0.24893539	0.121394	0.0934316922	-0.008242934	-0.1388247799	0.193744544	0.0774189008	0.0388135469	-0.1823509906	0.0550753562	-0.069552916	-0.1585522556	0.1778348163	-0.0319451688	0.0700601552	-0.0339266632	-0.1174100848	0.0306374483	-0.0336351279	-0.0355525071	-0.0407910837	0.0274010465	0.0629891247	-0.0414571043	0.0380759324	-0.0153911716	0.0121533415	0.0529723618	0.0035061985	0.1334963757	-0.0372770516	0.129648401	0.0297383793	0.0247772616	0.1113625515	0.1084698828	-0.1179617982	0.1582999142	-0.0559317782	0.0150002711	0.0912858956	0.0019307837	0.0674907859	0.0261958234	-0.0557122594	0.2144049137	-0.1460603011	-0.0879259288	0.0629127948	-0.0261352532	0.1289547607	0.1029341292	-0.0815113437	-0.033187159	-0.1377567764	-0.0057912032	-0.0698202539	0.1968142013	0.056611997	0.1051350164	-0.102994017	-0.1678745362	-0.0407972491	0.0503452883	-0.1676110316	-0.0168583093	0.0279361148	0.1197026582	0.1406341228	0.0205661401	0.0290520906	-0.0532278186	-0.0733691098	-0.1560280068	-0.0271047023	0.0885643225	-0.0540083314	-0.0024859331	0.1083610086	0.0186960337	-0.0092045858	0.1300249594	-0.0876567676	-0.0920963035	-0.0885958276	-0.0677794189	-0.038392415	-0.0581956587	-0.0336951699	-0.0563477203	-0.0357097311	-0.0777399053	0.0898253196	0.0152115293	-0.147862	0.00736	5.416960000000008e-05	0.021863171044	-0.0724824	-0.0643078900000001	0.0041355047162521	0.00525369830976	-0.247938	-0.0949059999999999	0.0090071488359999	0.0614732518439999	-0.00151776	-0.0009995109999999	9.990222391209997e-07	2.3035954176e-06	-0.000935101	-0.000117398	1.3782290404e-08	8.744138802010001e-07	-0.00135221	-0.0005303209999999	2.81240363041e-07	1.8284718841e-06	0.0	0.0	0.0
43999.55925708713	-39.359894765795616	1935961214.8179216	1549.2013159745052	68315.84241398616	-753.9774849857495	4667054324.732591	568482.0478654361	40462.566279273786	-25.694525247490677	1637219269.904624	660.2086276939357	45888.00525180148	43009.84744812288	1.162333	22.085222	0.0412154999999999	0.0336483	0.0178875432	0.0902350359	-0.063775758	0.1649651131	-0.0714208142	0.0029849632	-0.1812518609	-0.0327131565	0.0331169735	-0.2088791027	0.0094775595	-0.0644086694	0.0341443305	0.0325872464	-0.1705686785	0.0685668855	-0.0642768407	-0.0627203627	-0.0437843551	-0.0226184553	-0.0065971006	0.0786283634	0.1286128579	-0.0594136145	-0.0254186678	0.0373348697	-0.0412051259	0.0251817381	-0.079423484	0.0457955389	-0.0538752355	0.0295505466	-0.0721824222	-0.0483401925	-0.0953772941	-0.0125443795	0.0017342941	-0.1884481582	-0.0013821498	0.1032609332	0.0432530576	0.0411548492	-0.0388254109	-0.0014663476	-0.1211563783	0.0471388592	0.0929831473	0.0210562244	-0.0153494755	-0.0543986083	0.0625849404	0.1918775159	-0.0751584846	0.0443095771	-0.096657821	0.1571330584	0.0597415412	0.1799289926	-0.0100900075	-0.0057178528	-0.0121989904	0.0193335467	0.057095821	0.0278260983	0.0530511927	-0.0274973828	-0.0067190314	-0.0319153318	-0.045003907	-0.1079620689	0.0367287254	0.0834682519	-0.013537656	0.0049802867	-0.0751393479	0.0247015374	0.0592856284	0.1579323854	-0.088736014	-0.0454424756	0.1106071289	-0.0217005359	0.0270752197	0.0542277958	-0.0985017701	-0.0193139372	-0.0013827538	0.0083367563	-0.0372951309	-0.0754836805	0.0921729699	0.0084724621	-0.147862	0.0	0.0	0.021863171044	-0.0725718999999999	-8.949999999989522e-05	8.010249999981243e-09	0.0052666806696099	-0.213545	0.0343929999999999	0.0011828784489999	0.045601467025	-0.0013831	0.00013466	1.81333156e-08	1.91296561e-06	-0.000935101	0.0	0.0	8.744138802010001e-07	-0.00135221	0.0	0.0	1.8284718841e-06	0.0	0.0	0.0
44036.7530691679	37.19381208076811	1939235620.8748684	1383.379657099492	68906.2611334487	590.418719462541	4748072823.391023	348594.2642917868	40516.68519134161	54.11891206782457	1641601778.8942804	2928.856643404928	45647.24693435199	42626.43177771935	1.402581	26.65011	0.2180081999999999	0.114134	-0.0897149256	0.0886412996	0.0013416158	-0.0554676958	-0.0888271052	0.0384042603	0.0829047673	0.02365424	0.0089079265	-0.1646774248	0.0149475369	-0.0458918688	0.014564771	-0.0028786709	-0.107072741	0.0138356249	-0.1357325372	0.060983544	0.0085304023	0.0009234108	0.0442558574	-0.1375066768	-0.0656346429	0.0836966852	0.0472228284	-0.1992884331	-0.0142746352	0.0475713315	-0.043325349	-0.0716293238	-0.072707044	0.0779972407	0.1151450515	-0.0250115648	-0.137649984	-0.0100547595	0.0364752125	0.093378669	-0.1873474919	0.0676902021	-0.0455043383	-0.0648536722	0.0786267473	0.0487235947	-0.041868114	0.0474937888	-0.0072388249	-0.0570364658	0.1054665882	0.0145377943	-0.0661547541	-0.0219244988	0.0170522172	0.0939202217	0.0626031772	-0.086469777	0.037546868	0.1073086307	0.0447096082	-0.0138088394	-0.122055936	-0.0292099208	0.0784389103	-0.0996214051	0.034893494	-0.0652667343	-0.0465640662	0.0268445803	0.0327079772	0.1036580756	0.0914809174	-0.213126801	0.1357486204	-0.1680462493	-0.0334052182	0.0150685034	0.0596207451	0.0937128272	-0.0743108882	0.1676039007	-0.0885489892	-0.0162239504	-0.1000592404	-0.0371147831	0.1126054872	-0.0534925737	0.0783050966	-0.0773006949	-0.0388703345	-0.0731449155	0.094293869	0.0016963469	-0.147813	4.899999999999349e-05	2.400999999999362e-09	0.021848682969	-0.0110102	0.0615616999999999	0.0037898429068899	0.00012122450404	-0.122284	0.091261	0.008328570121	0.014953376656	-0.000509143	0.000873957	7.638008378489999e-07	2.59226594449e-07	-0.000630888	0.000304213	9.254554936900001e-08	3.98019668544e-07	-0.00122765	0.0001245599999999	1.5515193599999976e-08	1.5071245225e-06	0.0	0.0	0.0
43993.51500796624	-43.23806120165682	1935429362.756151	1869.5299364782209	68213.04305781759	-693.2180756311136	4653019243.207676	480551.3003817044	40492.63878730792	-24.046404033688304	1639653795.959394	578.2295469513812	45699.29978703878	43164.16016033742	1.214027	23.067446	0.21396155	0.107354	-0.0738112692	-0.0272322087	-0.0573730792	0.0224020331	-0.0164972445	-0.0589542612	-0.0684472033	0.069559169	0.0198446701	-0.0210696134	-0.1004021716	-0.0392018682	0.0493604201	0.0144555758	0.0285877352	-0.0088073646	0.0790234246	-0.0192737438	0.0035560184	-0.0390516852	0.0729649349	0.0440003039	0.0286266519	-0.0637688815	-0.0016745353	-0.1509987818	-0.0574372993	0.0363852161	-0.0119063424	0.1632921166	-0.0069003982	0.0068580867	0.108849764	0.0829237341	-0.0505110415	-0.0925454025	0.0628288266	0.1591924583	0.0423258004	-0.0457340472	-0.1439988812	-0.0134635928	0.0320943032	-0.0143014411	-0.0454449326	-0.0440574569	0.0792100756	0.1152456065	-0.025555774	0.0420185785	-0.0420717463	0.0075470216	-0.0923710057	0.0325217981	-0.0470597276	-0.0535170499	0.0599280645	-4.39608e-05	-0.0231776305	0.0052203824	0.0662585666	-0.0860533094	-0.0272104224	-0.0134438409	0.0704290371	-0.057484656	0.0212802993	-0.1133067069	0.0395205652	-0.1427508616	0.0179250797	-0.1187079231	0.0694433737	0.071725401	-0.098482346	0.0194327365	0.0154623377	-0.0450123566	-0.0468778382	0.1381156075	-0.0658772424	0.0936148922	-0.0489506572	-0.166445309	0.045702296	0.0186633585	-0.0607222767	0.0678428524	-0.0404349114	-0.0707261675	0.0961827994	-0.0050871859	-0.124613	0.0232	0.0005382399999999	0.015528399769	-0.0595055	-0.0484953	0.00235179412209	0.00354090453025	-0.139414	-0.01713	0.0002934369	0.019436263396	-0.00201715	-0.001508007	2.274085112049e-06	4.068894122500001e-06	-0.000476555	0.000154333	2.3818674889000014e-08	2.2710466802500003e-07	-0.000387265	0.000840385	7.062469482250001e-07	1.4997418022500004e-07	0.0	0.0	0.0
44007.51183947691	13.996831510667109	1936661098.3017004	195.91129233800365	68272.64042777891	59.59736996132415	4661153430.980791	3551.846506306942	40527.90090776448	35.26212045655848	1642510751.989577	1243.4171390928398	45927.34597962161	43276.17321876768	1.101458	20.928545	0.1101603	0.0650604	0.0088898067	-0.1075431525	-0.0326652744	0.0043339156	0.0455356937	-0.064816432	-0.0019542741	-0.0052667415	-0.0317247008	0.0516506173	-0.0424693303	-0.0075864266	0.0800398117	-0.1121461425	0.0123639786	-0.1258439972	-0.0333074025	0.0235651041	-0.0021869406	0.0683124806	-0.0020107346	0.1400936683	-0.0887989209	-0.0375398504	0.026441342	0.0802711708	-0.0690002268	0.0015562378	-0.0281638018	0.0134199496	-0.0850260578	-0.0157127063	0.05603995	0.0209223808	0.083555948	-0.049646465	0.1087871046	0.0572813217	0.0205011238	-0.0469819511	-0.0242057148	0.0855281968	0.1091834857	0.0401111896	-0.0346274027	0.0686728985	-0.0329154615	0.0710284306	0.0466929983	0.0787816448	-0.038830131	0.0615863975	0.1763996176	-0.0764690762	-0.0555475221	-0.0040808107	0.0972807789	-0.0935590264	0.0731729412	0.0162803599	-0.0614451863	0.0006071069	-0.028565767	0.0414088148	0.0395612567	0.0719382921	-0.0661285982	0.0042239417	0.0021977672	-0.0296872881	-0.0002663163	-0.0368504432	0.0002635776	0.0023071027	0.0652336235	0.019721659	-0.0260549294	0.0045862085	-0.0698217644	-0.0339201335	0.0138395094	0.1028095463	0.0374846589	-0.0721784047	-0.1280998643	0.1240827693	0.0173718841	-0.0451683581	-0.0419884337	-0.0682300815	0.0978351141	-0.0118484738	-0.124628	-1.5000000000001124e-05	2.2500000000003368e-10	0.015532138384	-0.0377588	0.0217467	0.00047291896089	0.00142572697744	-0.133021	0.006393	4.087044900000013e-05	0.017694586441	-0.000933265	0.001083885	1.1748066932250003e-06	8.709835602249999e-07	-0.000575608	-9.905300000000004e-05	9.811496809000008e-09	3.31324569664e-07	-0.000844439	-0.0004571739999999	2.09008066276e-07	7.13077224721e-07	0.0	0.0	0.0
43955.19980763248	-52.31203184442711	1932059590.1288943	2736.548675692356	68853.40563288884	580.7652051099285	4740791467.2471285	337288.2234663773	40495.71155160313	-32.18935616134695	1639902654.0706434	1036.1546500820448	45792.22208168612	42998.41360272023	1.082745	20.572985	0.0396191499999999	0.0235703	0.0826375976	-0.0572706085	-0.0090204128	-0.0630045891	0.0856198526	0.0331756492	0.0409660468	-0.0155776092	0.0482855219	-0.1026048816	-0.0220403054	0.1150328779	-0.0547645929	0.0195017173	-0.061024282	-0.0117800704	-0.0146992077	0.0845879583	-0.0338156892	-0.0314355225	0.1526108897	-0.0632843784	-0.0575498117	0.0761667672	0.0836135721	-0.032687645	-0.1025319459	-0.0368790722	-0.012373639	0.0106901322	0.0248683518	0.0580414293	-0.0279176822	0.0344822829	0.0733055363	-0.0017325183	-0.0931483265	-0.0193671951	-0.0209334906	-0.0570549936	0.0702863394	0.0333738561	-0.005113743	-0.0951689546	0.0796972393	0.0574521678	-0.1731771572	0.0320807267	0.0200193935	-0.0515780882	0.1067920666	0.014097761	-0.0202905538	-0.0737036479	0.1262210941	-0.0477101166	-0.0560105209	0.0688392842	0.0271675371	-0.0467261822	0.0118612831	0.0082985062	0.0085045845	-0.1129384824	-0.0729306221	-0.0663190241	-0.0380378995	0.0063560006	0.0208751287	0.074138959	-0.1019491298	-0.1023280478	-0.0428903454	-0.0940431629	0.0465409601	0.0289485005	0.0758397592	0.0420091991	0.0924102082	-0.0410545073	0.0437611991	0.0394947379	0.1591060137	0.0505085198	-0.0083839221	0.0214076065	-0.0183791201	-0.0079796651	-0.0435304769	-0.0656593869	0.0992467484	-0.0185579513	-0.143331	-0.0187029999999999	0.0003498022089999	0.0205437755609999	-0.024384	0.0133748	0.00017888527504	0.0005945794559999	-0.130828	0.002193	4.809249000000002e-06	0.017115965584	-0.00103233	-9.906499999999996e-05	9.813874224999993e-09	1.0657052288999995e-06	-0.000575608	0.0	0.0	3.31324569664e-07	-0.000836537	7.901999999999952e-06	6.244160399999925e-11	6.997941523690001e-07	0.0	0.0	0.0
43966.6000082922	11.400200659714756	1933061916.2891595	129.96457508176076	68736.80988523005	-116.5957476587937	4724749033.198259	13594.568372113095	40526.4889969341	30.77744533096848	1642396310.4186208	947.2511411007532	46026.15586434279	42992.828552632745	1.235355	23.472683	0.12121565	0.0621902	0.0793066089	0.0455883908	-0.0505197899	0.1191151596	-0.0171811579	0.0671425829	-0.1332640639	-0.0187167618	0.0278882479	0.0371004601	-0.0075707911	-0.0395426324	-0.1037369377	-0.0503486205	0.0482629816	-0.0048448992	-0.0182957115	-0.0643248399	0.0645295712	-0.0291979703	-0.0514796667	0.0976360195	0.1448888915	0.0322664291	-0.0568423436	0.0266565211	-0.0573156742	0.1225253597	0.0444534128	-0.0659148425	-0.0595206698	0.0551595104	0.0442635836	-0.1461393826	-0.0566856466	0.0171868624	-0.0751722852	-0.0055121145	-0.0404207358	-0.0602863121	0.0533619601	-0.0326719491	-0.1711243039	-0.1141482003	-0.0214253039	0.1828894796	-0.0266674771	0.030329891	-0.0785785448	0.0177852263	0.0459276952	-0.0713340899	-0.0250496822	0.0183490974	-0.0443117829	0.1856315785	-0.0189804177	-0.0985443558	-0.0458674185	0.0512328558	0.0112128249	0.0145171828	0.0190440703	0.0168452282	0.0023156815	0.0297018751	-0.011307687	0.0547290267	-0.0249554878	-0.0679203184	-0.1120145843	0.1134831318	0.0481336141	0.0634173598	-0.1513478915	0.075027741	0.0872718958	0.1666423656	0.0402939278	-0.1038433142	-0.0297649348	0.0480725348	-0.0319221525	0.0681684236	0.0169571829	0.1116018586	0.0238590977	0.0254180245	-0.0450606192	-0.0630168947	0.1004142296	-0.0251862796	-0.140679	0.0026519999999999	7.033103999999935e-06	0.019790581041	-0.0672685	-0.0428844999999999	0.0018390803402499	0.00452505109225	-0.138972	-0.008144	6.63247360000002e-05	0.019313216784	-0.00179563	-0.0007633	5.826268900000003e-07	3.2242870969000004e-06	-0.000825608	-0.00025	6.25e-08	6.816285696640001e-07	-0.00117394	-0.000337403	1.13840784409e-07	1.3781351236e-06	0.0	0.0	0.0
43867.21381688716	-99.3861914050358	1924332448.056496	9877.61504199841	68495.03553160626	-241.7743536237831	4691569892.476005	58454.83807019812	40497.66908844932	-28.81990848478017	1640061201.5975437	830.5871250711041	45717.30130744332	42269.62004913744	1.203619	22.869692	0.10867815	0.0538913	-0.0064923884	0.1078611881	0.0466761779	-0.0143430372	-0.0486935047	0.044498281	-0.0055364406	-0.0740895582	-0.1378690046	-0.007946426	-0.0700922952	-0.064334181	-0.0555015457	-0.0440436396	-0.0332240044	-0.0021217842	-0.0203014737	0.0230155131	0.0428819865	-0.1576912286	0.0133801818	0.181559406	0.1515761936	0.0671884725	0.0495064843	-0.0266937398	-0.075570574	-0.0594415607	0.102770859	-0.0809689867	0.1434960364	-0.0675356863	0.0119155588	-0.0553315285	-0.0222730275	0.0285644994	-0.1015720507	0.0191272161	0.0904412826	0.0442572499	0.1360964322	0.0408704691	0.09138266	-0.1515217229	-0.0036046187	-0.0982890509	-0.0768774514	-0.008818992	-0.0606899565	-0.0120121689	0.0162033265	0.0164380732	0.087172435	0.0660721267	0.0524643621	-0.0012194361	0.0733430743	-0.0086921344	0.0560151494	-0.004651262	0.0589475109	-0.0321156935	0.1940164625	-0.0138257002	0.054545839	-0.0396569929	-0.0711767462	0.0681078892	0.0911885509	-0.1150621108	0.0108331648	0.0595918992	-0.0566520207	0.0264630576	0.03109369	0.0075868209	-0.0515037194	0.1406233343	0.1793572682	-0.0439938073	0.0521339468	0.104516421	-0.0002250936	0.0497202437	-0.0372490577	0.0065214389	-0.0368511071	-0.1339472049	-0.0465784425	-0.0603054945	0.1013346856	-0.0317044747	-0.141167	-0.0004879999999999	2.3814399999998874e-07	0.0199281218889999	-0.0254708	0.0417976999999999	0.0017470477252899	0.00064876165264	-0.117333	0.021639	0.000468246321	0.013767032889	-0.00136878	0.00042685	1.822009225000001e-07	1.8735586884e-06	-0.000498009	0.000327599	1.0732110480100003e-07	2.48012964081e-07	-0.00103332	0.00014062	1.9773984400000044e-08	1.0677502223999997e-06	0.0	0.0	0.0
43853.71838946768	-13.49542741948244	1923148616.5827355	182.12656123451845	68106.76708825325	-388.2684433530085	4638531723.213576	150752.38410376836	40396.85671080821	-100.81237764110848	1631906032.1135707	10163.135485653467	45776.408022062205	42609.03599229355	1.213961	23.066193	0.1247749999999999	0.0588807	-0.0818010177	0.0136527672	-0.006042824	0.1312162638	-0.0196024694	-0.0768775564	-0.093548214	-0.0282512057	0.039504638	0.0033471187	0.0066398458	-0.0430051171	0.117137574	0.0794992594	-0.0732175857	-0.0425150573	0.098051242	-0.0513545976	-0.0278116299	-0.0043730556	0.1170274681	0.0257674855	0.1333727469	-0.0174771005	0.0282449703	0.0493109988	0.035475848	0.0471410188	0.0788772254	-0.0839243423	-0.0387244238	0.0740983909	0.0771759804	-0.1859665031	0.0117512619	0.0220341101	0.0233496168	-0.0516660594	0.045150122	0.0071061341	0.0433910328	-0.0919384721	-0.0273507136	0.0514311424	0.0940575175	-0.0467002914	0.0618495169	-0.0766492821	0.0285610449	0.0179826545	-0.0912051067	0.0792587288	0.0948822294	0.004440613	-0.1089917813	0.0141722475	0.0509653046	0.0703813458	0.0138390348	-0.0219182358	0.0562238603	-0.1935030611	-0.0891823159	-0.0436125392	-0.060763062	-0.1069680172	0.0425761392	0.040889742	-0.095034313	-0.0741134313	-0.0209247909	0.0627727717	0.0779750754	0.052796458	0.0504189442	-0.0007001055	0.0132372755	0.0554243424	0.1115900264	-0.0627804621	0.0522512599	-0.0184738911	-0.0627567914	0.1189160834	0.0327192775	0.0564463329	-0.0001454896	-0.0092982513	-0.0480835316	-0.0575281511	0.102005852	-0.0380840342	-0.124647	0.0165199999999999	0.0002729103999999	0.0155368746089999	-0.0670595	-0.0415886999999999	0.0017296199676899	0.0044969765402499	-0.139031	-0.0216979999999999	0.0004708032039999	0.0193296189609999	-0.00188444	-0.00051566	2.659052356000001e-07	3.5511141136e-06	-0.000575608	-7.759900000000003e-05	6.021604801000004e-09	3.31324569664e-07	-0.000727213	0.0003061069999999	9.370149544899994e-08	5.28838747369e-07	0.0	0.0	0.0
43901.3595282077	47.64113874002214	1927329368.424953	2269.6781004460386	68029.8587896987	-76.90829855455377	4628061686.946345	5914.886386556377	40532.4759691748	135.61925836658338	1642881608.1917324	18392.58323990209	45825.34845959358	42414.67728531091	1.155882	21.962635	0.10967175	0.0465251	-0.0550168258	-0.0849298387	0.0815091782	8.40345e-05	-0.0047235775	-0.0988678656	0.0620390451	-0.0161552011	0.0270175198	0.050782416	-0.0426711556	-0.0246504263	0.1069542274	-0.0309465271	0.1085646072	-0.0352132623	-0.0745257178	0.0181147233	-0.0633115381	0.00391155	0.0005627657	0.0980939302	0.0404247151	-0.006409256	0.0399028335	0.0659500375	0.1165003215	-0.1139515021	0.0804913802	0.0091025215	0.0752307011	-0.1865636463	-0.071910889	-0.0445092207	-0.1491761465	-0.0221521107	-0.0057704422	-0.0255453161	-0.0362133248	0.0272565315	-0.004061047	0.0858454318	0.0435124236	0.0872992609	-0.0068157855	-0.0292032528	-0.0644170297	-0.024841635	-0.1169425841	0.1038756299	-0.0077098665	0.0393096647	-0.0394138142	-0.0143139059	-0.064243036	-0.0623571856	0.0451017506	-0.101299754	0.0319905956	-0.1068063774	-0.0468796065	0.047615627	0.0385873603	0.0531800612	-0.0902138889	-0.0311346532	-0.0343374761	-0.0456502359	0.1720017921	0.004717392	0.0417546414	0.1285920976	-0.0587950181	-0.1036761912	-0.0599839278	-0.1284650223	-0.098714937	0.0668600669	0.0083418887	0.0834227298	-0.0060699319	-0.0438237218	-0.0226983766	-0.0777132172	-0.0785027506	-0.0063388646	-0.1388719555	-0.1487986518	-0.0495754752	-0.0546879015	0.1024260777	-0.0442970619	-0.136884	-0.012237	0.000149744169	0.018737229456	-0.045117	0.0219424999999999	0.0004814733062499	0.0020355436889999	-0.115422	0.0236089999999999	0.0005573848809999	0.013322238084	-0.00140265	0.0004817899999999	2.3212160409999998e-07	1.9674270225e-06	-0.00033426	0.000241348	5.8248857104e-08	1.1172974760000001e-07	-0.00104174	-0.000314527	9.8927233729e-08	1.0852222276e-06	0.0	0.0	0.0
43927.81231133725	26.45278312954906	1929652694.4600725	699.7497352989554	68763.8115647903	733.9527750916022	4728461780.917989	538686.676064664	40446.867773899234	-85.60819527556305	1635949112.7192883	7328.763098338935	45818.519649561786	42979.00300337157	1.088958	20.69104	0.09213258	0.0393882	0.0564984307	-0.0797954211	0.0127570356	-0.0029393252	0.0816420947	0.0003938062	0.0449922425	0.0362518496	0.0848565507	-0.035301079	0.0188094962	0.0069946281	0.0307289751	-0.0085002584	-0.1108424985	-0.0371954826	0.1529988649	0.015996898	0.0216280937	0.0605159213	0.0033047315	-0.0030802475	0.1030419166	-0.0281583641	-0.1114690646	0.1428122576	0.0611598813	0.0202277613	0.0379776026	0.0248003934	0.0073419247	-0.0272136579	-0.0842346201	-0.0491006352	-0.0359536096	-0.1241660343	-0.0837681603	0.1371331685	-0.056772376	0.0796497991	-0.0531918418	0.0666743131	0.0456451735	-0.0087005962	0.0462408847	0.0631585354	0.0323333782	-0.0435501295	0.1043644791	-0.1133608537	-0.0135147393	-0.0183897788	-0.0169083875	-0.0737818768	0.075302026	-0.0466858957	0.0742489625	0.083501014	0.0320711158	0.0342054584	-0.0579967546	-0.1038858628	-0.1051084745	0.011335398	-0.0709444489	-0.0335674879	0.0464418565	-0.037458788	0.0969357929	-0.0463275153	-0.0658106714	0.1215473996	-0.08041278	0.0453107629	-0.1035488324	-0.0199523377	-0.0263942763	0.0373670381	-0.0626527585	-0.1026816599	0.0192947935	-0.1486901338	-0.0434000355	0.0392725289	0.061932457	0.0824177259	-0.0186864669	0.0249469168	-0.0510538654	-0.0517878515	0.102594329	-0.0503163898	-0.132207	0.004677	2.1874329000000136e-05	0.0174786908489999	-0.0589497	-0.0138327	0.00019134358929	0.00347506713009	-0.139628	-0.024206	0.000585930436	0.019495978384	-0.00184298	-0.0004403299999999	1.9389050889999986e-07	3.3965752804e-06	8.15476e-05	0.0004158076	1.7289596021776002e-07	6.6500110657599994e-09	-0.00117394	-0.0001322	1.7476840000000017e-08	1.3781351236e-06	0.0	0.0	0.0
43967.598529659306	39.78621832205681	1933149720.4652991	1582.9431683703692	68885.83880674878	122.02724195847986	4745258788.109377	14890.64777999339	40477.395175365695	30.52740146646101	1638419520.182718	931.922240294486	45798.355713380864	42485.24945471578	1.061121	20.162106	0.1125144799999999	0.0516115	0.073887345	0.0840649255	0.0281030706	-0.0360728444	-0.0526868409	0.1183876216	0.0008132608	0.0370559265	0.0769198979	0.056937383	0.0205824958	-0.0157890571	-0.0172345035	0.0049697522	-0.1119816998	0.0123092367	0.0787726269	-0.008655716	-0.0557024641	-0.0177707149	-0.02646993	-0.122605424	0.0296049128	-0.0349451252	-0.08839136	-0.0578928988	-0.0684895354	0.0288779688	0.0613531173	0.0327600949	0.0277194931	-0.0684541897	0.0283559913	0.0618331629	0.0262723592	0.0728604743	-0.0944431157	0.0272048743	-0.0043541373	0.0492853213	-0.0167779683	0.0118262272	-0.0234481412	-0.0594853214	0.0818709656	-0.0417922387	-0.036484835	-0.0609235083	0.0092770305	0.0536384321	-0.0660082634	-0.0133704268	0.0194261657	0.0651111568	0.0530218057	0.0383220808	-0.0099770815	0.0662834295	-0.0114340212	0.0419297661	-0.1115032256	-0.0341381937	-0.0705661009	-0.0297926091	-0.0805146152	-0.060673258	0.0637342385	-0.0056485844	0.0207136256	0.0156473772	0.0755230349	0.0101319529	-0.1184823119	0.1042454812	0.0233114089	0.0384405958	0.0306889546	0.0127966176	0.0744377206	0.0729488246	0.0437511275	0.0401138163	0.1044477894	0.0200948772	-0.0850540742	0.0188472452	0.0576098417	-0.0261853177	-0.0525182979	-0.0488311722	0.1025101919	-0.056115697	-0.143226	-0.011019	0.000121418361	0.0205136870759999	-0.0371213	0.0218283999999999	0.0004764790465599	0.00137799091369	-0.131528	0.0080999999999999	6.560999999999994e-05	0.017299614784	-0.00107847	0.0007645099999999	5.844755400999999e-07	1.1630975409e-06	-0.000152082	-0.0002336296	5.458278999616e-08	2.3128934724e-08	-0.000740738	0.000433202	1.8766397280400006e-07	5.48692784644e-07	0.0	0.0	0.0
44044.35473373475	76.75620407544193	1939905183.9110625	5891.5148640708885	68379.95135001017	-505.8874567386083	4675817746.629758	255922.11888545728	40497.84008385048	20.444908484787447	1640075051.4571269	417.9942829513337	45699.54477316819	43054.21464203019	1.110706	21.104261	0.0957781999999999	0.0408111	-0.060889942	0.0567019233	-0.0725090228	-0.0524673095	-0.0856073589	-0.0111198174	0.027168985	0.0996803312	-0.1253131081	0.0486070686	0.0728454687	-0.057909722	-0.0205969228	0.0187451176	0.0555883658	0.0483933661	0.0488903125	0.0094954755	-0.0406829733	0.002547357	-0.0026844416	0.025950664	0.0070927092	0.0300175535	0.0374868079	-0.0390559329	-0.0934187366	0.0571863598	-0.0502880939	0.0389874359	0.0882260351	-0.0291331901	0.1364126829	0.0699849524	0.0566651872	0.0584708293	0.0109498	0.0086278824	0.0820291699	0.1115854484	-0.0400994337	-0.0266455089	0.00495626	0.0206183343	-0.0216299778	0.1308002546	-0.0757909215	-0.0959687612	0.017919453	0.0187846878	0.2501045273	0.05079439	0.0192486999	0.0987841355	-0.0126015914	-0.0617468131	0.0125764794	-0.0119034751	-0.0657076634	-0.0112485294	0.0090455587	-0.0012167053	-0.0221141759	0.0941804477	0.0622863173	-0.0075570597	-0.0488208843	0.0457225892	0.1058584647	0.0004155596	-0.0911631778	-0.1286379159	-0.0661356599	0.0593414832	-0.0435656785	0.0809586223	0.0300969903	-0.0028500068	0.0524838243	0.0245365402	-0.0170699516	0.0319159448	-0.0458544746	-0.0048909874	-0.1302335949	-0.0410399609	0.0660240467	-0.0139691299	-0.0539683725	-0.0458210968	0.1021738733	-0.0616696245	-0.15063	-0.0074039999999999	5.481921599999991e-05	0.0226893968999999	-0.0488775	-0.0117561999999999	0.0001382082384399	0.0023890100062499	-0.159333	-0.0278049999999999	0.0007731180249999	0.025387004889	-0.00156415	-0.00048568	2.3588506240000007e-07	2.4465652225e-06	9.7019e-05	0.000249101	6.2051308201e-08	9.412686361e-09	-0.000982217	-0.000241479	5.831210744100003e-08	9.64750235089e-07	0.0	0.0	0.0
44054.25130676581	9.896573031059232	1940777058.1996768	97.94215775908894	68234.77091815961	-145.18043185056013	4655983962.253721	21077.35779231513	40559.204969618055	61.36488576757256	1645049107.76749	3765.649205267229	45884.00923093416	43113.78146465872	1.117982	21.242506	0.08560462	0.0410715	-0.0639021244	-0.0867708537	-0.0319797671	-0.0461953758	-0.0036026324	-0.077501917	0.0199117743	0.0687364689	0.0863403136	-0.0143619476	-0.0265600594	0.0742393845	0.1093636859	0.0648741393	0.0097755603	0.0440550916	-0.1366800681	-0.0226469865	-0.0736205075	0.0326261455	-0.0338875815	0.092628516	0.0099805432	0.132597791	-0.1809725269	0.0109455896	-0.0296268463	0.0672472636	-0.0326087768	-0.0003579283	-0.0527999059	-0.095344786	-0.1085549182	-0.0041012168	-0.0111974529	0.0195829309	-0.0307392675	0.0091043817	-0.1013256218	-0.0330830262	-0.0750780057	0.0879702557	-0.0216013822	-0.0127388097	0.102582715	0.0641023304	0.0900632906	-0.0637095544	-0.0114079982	-0.0724115193	0.0904695897	-0.0053556396	0.1570114857	-0.0455005807	-0.0762985199	-0.0544284918	-0.06356264	0.0266168062	-0.0608517336	-0.0637817734	-0.1352799588	0.0579068318	0.0540586728	0.0011605823	-0.0708843916	-0.1101549232	-0.0987689316	0.0446786033	-0.0479240969	-0.007117367	-0.0352324137	0.0784636179	-0.1292134205	0.0393053445	-0.0789839412	-0.1132826961	-0.0784963751	0.0739158351	-0.1555815318	0.056839269	0.0738387471	-0.0941819938	-0.0056531051	-0.0594958765	-0.0329073523	-0.0047055816	0.0073946042	-0.006345835	-0.0554036926	-0.0427609166	0.1015862008	-0.0669538864	-0.140631	0.0099989999999999	9.99800009999996e-05	0.019777078161	-0.0404412	0.0084363	7.117115769000001e-05	0.0016354906574399	-0.141675	0.017658	0.000311804964	0.0200718056249999	-0.0008500769999999	0.0007140730000001	5.099002493291429e-07	7.2263090592883e-07	1.25886e-05	-8.44304e-05	7.1284924441600015e-09	1.5847284996e-10	-0.00117394	-0.0001917229999999	3.6757708729e-08	1.3781351236e-06	0.0	0.0	0.0
44090.05801452118	35.80670775537146	1943933215.7238436	1282.120320278579	69006.70508448697	771.9341663273517	4761925346.617359	595882.3571435035	40606.608816304666	47.40384668661136	1648896679.560392	2247.124680687755	45932.15689875387	43634.5551911367	1.114607	21.178394	0.0680481799999999	0.0514077	0.073843473	-0.0917615079	-0.0731980287	-0.0863912309	0.0920417705	0.0144971649	0.0772896315	0.0821116367	0.0139045881	0.0226506303	-0.0023677229	0.1356069527	-0.1283441129	-0.0715652276	0.0860201309	0.1202756834	0.1274008152	0.0418148563	0.0322023577	-0.0535178065	-0.0914582347	0.1036255044	0.0304503909	0.0553822552	0.0401682141	0.1166510573	-0.0345230434	0.0309561826	-0.02995785	-0.0040885877	0.1064966261	0.0081007834	-0.0139878893	-0.0189536272	-0.1085472144	-0.0353684754	-0.0139222222	-0.0873567571	0.0709686894	-2.11279e-05	-0.0835905839	0.1004755615	0.0157426688	-0.1130313357	0.0153598431	-0.0003474404	0.0259525734	0.0111401951	-0.0269041423	0.0374814198	-0.032195529	-0.0042232118	0.0240813846	-0.113868726	0.1065469283	-0.0464675167	-0.0471156331	-0.0360070168	-0.0919166006	0.1018374943	0.0972274542	0.0238888253	-0.0130614466	0.0564569399	-0.0083007415	0.0877241841	-0.0144063253	0.0080740818	0.1548466856	-0.0733972941	-0.108363799	0.0488915789	-0.0453153112	0.0032059512	-0.0532815983	0.0289404953	-0.0968100616	0.1196620057	0.0644034983	-0.0393173708	0.1008124259	0.0400440511	-0.0041975733	-0.0371859221	-0.0270945249	-0.0727274112	-0.0512640571	0.0219678491	-0.0568238659	-0.0396539781	0.1007486199	-0.071945376	-0.140646	-1.4999999999987246e-05	2.2499999999961735e-10	0.0197812973159999	-0.0407028	-0.0002616	6.843456000000038e-08	0.0016567179278399	-0.141699	-2.3999999999996247e-05	5.759999999998199e-10	0.020078606601	-0.00179371	-0.0009436330000001	8.904432386891887e-07	3.2173955641e-06	-0.000114118	-0.0001267066	1.605456248356e-08	1.3022917924e-08	-0.000889328	0.000284612	8.100399054400003e-08	7.90904291584e-07	0.0	0.0	0.0
44031.358338679245	-58.69967584193364	1938760517.1491785	3445.651943948088	69002.87227707655	-3.8328074104210823	4761396382.486539	14.690412645378766	40525.37075899453	-81.23805731013272	1642305675.153969	6599.621955524408	45912.74481715926	43182.94151246774	1.147058	21.794991	0.0645794	0.0338799	0.0702140038	0.0785941586	-0.0941488856	0.024764046	-0.0258597934	0.1198061675	-0.06880143	0.0587485587	0.0184091827	0.1169876617	-0.021565411	-0.0588341697	-0.0609830524	-0.0908791589	0.0060836613	0.0158428725	0.0195668217	-0.0343546055	-0.0623581233	0.0483562628	-0.0210473138	-0.0443008106	-0.0585182054	0.0666193344	0.1100698199	0.0041693531	-0.0165429192	-0.0971092418	-0.0139948277	-0.0469885039	-0.0397906182	0.0396271088	-0.0963907409	0.0824209778	0.0693901578	0.037312026	-0.0776134952	0.0117053456	-0.1465436872	0.0503570786	-0.0709466803	0.0222345202	-0.0490451921	0.0196406376	-0.0294088753	-0.0131195868	0.0811953574	0.0580256703	0.0783482157	0.0505767875	-0.0681686013	-0.0712154081	0.0345156931	0.046486178	0.0447278508	0.1104526949	0.0357162744	-0.0663865448	-0.0574937015	0.0572663418	0.0006364591	-0.0104464476	-0.0086875291	0.0543761506	0.0047499581	-0.0070664311	-0.0110497969	-0.0082397011	0.016239275	0.0673674934	-0.0402332311	0.0077006991	-0.0753826985	-0.1391055303	0.057060192	0.0230253304	0.062218585	-0.0867039238	-0.0450844464	-0.0060536373	-0.0270572103	-0.1051857788	0.1277894968	-0.0951203681	0.0570278909	-0.006001628	0.0645551089	-0.041497523	-0.0582285042	-0.0365036785	0.0996631912	-0.0766222668	-0.140647	-1.000000000001e-06	1.0000000000020005e-12	0.0197815786089999	-0.0659665	-0.0252637	0.00063825453769	0.00435157912225	-0.148602	-0.006903	4.765140900000028e-05	0.022082554404	-0.00148497	0.00030874	9.532038760000005e-08	2.2051359009e-06	0.000153678	0.000267796	7.1714697616e-08	2.3616927684000002e-08	-0.0008176299999999	7.16980000001e-05	5.140603204014338e-09	6.685188168998365e-07	0.0	0.0	0.0
43987.30187567308	-44.05646300616354	1934882726.3015928	1940.9719326134568	68498.52240049878	-504.3498765777622	4692047571.051634	254368.79800400397	40436.41767093306	-88.95308806147659	1635103874.0581472	7912.651875672809	45749.616792037945	43332.73428993743	1.120025	21.281334	0.09017325	0.049899	-0.0675902506	0.0741404635	-0.0923779671	-0.0192977273	-0.0567251609	-0.0174067995	0.0003024061	0.0290334819	-0.1075320216	-0.0068890334	0.0731935087	-0.0500098801	0.0358467637	0.0146468795	-0.0898919239	0.0151661873	0.0294302503	-0.0393274161	-0.079370337	-0.0566570001	0.1232767051	-0.0170935661	-0.0226294505	0.1096724125	-0.0793080016	-0.0178645108	0.0067446312	0.0202403448	-0.1465138982	-0.089298921	-0.0955128283	0.0065967881	0.0411803845	0.0529506045	0.0752506147	0.0393456105	-0.1260330765	0.0433946553	0.0424859797	-0.0773198193	0.0116300308	0.0214162467	0.1378397059	0.0265409643	-0.0055043833	0.0293023862	0.069353288	-0.0747997032	-0.016485996	-0.1594177878	0.0359734425	0.1775310988	-0.0240214775	0.0568233786	-0.0354847119	-0.0077120489	0.0403425755	0.0764178973	-0.0151445399	-0.0157944584	-0.0254769236	-0.0611249268	-0.0181006284	-0.0478226653	0.0016663211	-0.023930416	-0.1239268235	0.158058106	0.0302866676	0.0931600598	-0.0290352052	-0.0990703473	0.0494772544	-0.0009546209	0.0522309263	-0.0043967766	0.0307048562	0.0627123032	0.0259655039	0.0221309117	-0.005532472	-0.1222976855	0.1257852792	0.077803812	-0.183122023	0.0391978526	0.1236215974	0.1322634472	-0.0596172234	-0.0333134626	0.0983325849	-0.0809641079	-0.129625	0.011022	0.000121484484	0.0168026406249999	-0.0659211	4.5400000000001e-05	2.06116000000009e-09	0.0043455914252099	-0.175552	-0.02695	0.0007263025	0.030818504704	-0.00172594	-0.00024097	5.8066540900000034e-08	2.9788688836e-06	-0.000613241	-0.000766919	5.881647525610001e-07	3.760645240810001e-07	-0.0007824019999999	3.5227999999999995e-05	1.2410119839999995e-09	6.121528896038436e-07	0.0	0.0	0.0
43928.30195540762	-58.99992026545806	1929695712.685469	3480.9905913304087	68283.71925259568	-214.80314790310516	4662666314.967305	46140.39234908326	40532.39046801123	95.97279707817506	1642874677.0513277	9210.777779008567	45939.98687784994	43428.77896623568	1.198781	22.777752	0.06275655	0.0306186	-0.0696243349	-0.0644320526	-0.0573186335	0.1373472524	0.0211976842	-0.091497493	-0.1366800319	-0.0149443294	0.0582680108	0.0199985669	-0.0499596722	0.0693334571	0.0689804721	0.0793770461	-0.0161255017	0.1088379575	-0.0181547855	-0.0926871746	0.058947726	-0.013456564	0.0522863154	-0.0286030657	-0.0912868021	0.0759091508	0.0608182984	-0.0011940813	0.0005243178	-0.0638489524	0.1259201599	-0.0432500791	-0.073863822	-0.0812655308	-0.0019616211	0.0428248751	0.0432916514	-0.0185076477	-0.0356436661	-0.0186166846	0.0612980078	0.0187948446	-0.0514949053	-0.1151794737	-0.0066573404	-0.0545658249	-0.0465654543	-0.0428478684	-0.0218380771	0.0306472632	-0.0682590484	-0.0039619563	-0.1749643225	-0.0084354669	-0.2446249195	-0.0612721265	-0.1200051006	0.0397185026	-0.0640676393	0.0606100721	-0.0731561676	-0.037815872	0.0533166112	-0.0372262692	0.1277328228	-0.0059522288	-0.0248946256	-0.0395705569	-0.0086919545	-0.0549021844	0.0136080992	0.0856295323	0.0144992706	0.0898274964	-0.0266489818	-0.1489502453	0.0312846117	-0.0261468919	0.0426896324	-0.0969279393	0.0090226673	-0.076862279	-0.1411342725	0.1123685318	0.0434534907	-0.0656895601	-0.0470153492	-0.1258426972	-0.0080597438	0.0926583225	-0.0609896438	-0.030086819	0.0967600744	-0.0849519136	-0.140735	-0.01111	0.0001234321	0.019806340225	-0.0798384	-0.0139173	0.00019369123929	0.00637417011456	-0.162206	0.013346	0.000178115716	0.0263107864359999	-0.00171572	1.022000000000002e-05	1.0444840000000042e-10	2.9436951184e-06	-0.000238244	0.000374997	1.4062275000900006e-07	5.6760203536e-08	-0.0008848499999999	-0.0001024479999999	1.0495592703999998e-08	7.82959522499823e-07	0.0	0.0	0.0
43863.95017864984	-64.35177675778687	1924046125.275075	4141.1511718840375	68571.64907369707	287.92982110139565	4702071056.686261	82903.5818794817	40487.18873282358	-45.20173518764932	1639212451.4872768	2043.1968639743748	45901.91161063525	42635.22306333516	1.224703	23.270296	0.0710027499999999	0.0348239	0.0372071052	-0.0906137113	0.0927771498	-0.0034340906	0.0962424099	-0.0391811852	0.0667361985	-0.0677394859	0.0761359473	-0.0307177821	0.0707933606	0.1360208413	0.0366190897	0.020625049	-0.1054415223	-0.0631989248	0.0476671351	-0.016146399	-0.0426858207	0.0891046047	-0.0598893071	-0.042620626	0.0210282363	-0.0537353046	-0.0645563402	-0.0644315511	0.1443829788	0.0667608059	0.0110437606	-0.0023892321	0.0014228762	0.1341280028	-0.0034744027	-0.075635282	0.1356620567	-0.0104348592	0.0548165914	0.0490732946	0.1085431804	-0.0070435671	0.0466083274	0.1176222259	-0.0694908243	-0.055828325	-0.0299999401	0.0894107074	0.0584091205	-0.0092141763	0.0371628387	-0.0090443009	-0.0609315065	0.0150957257	-0.097534096	-0.1440713205	0.0213290544	-0.0374924521	-0.049378755	0.0934615852	0.0892503998	0.038666763	-0.0418700533	-0.0536527217	-0.0396578206	0.0270578857	0.0175013765	-0.0592555395	0.0053378166	-0.0637675758	0.0056072877	0.0308284097	0.0409112533	-0.0052971522	0.1091139478	0.0802432057	-0.0908192692	-0.1019585055	0.0374454858	-0.0188937421	-0.0373358096	-0.0552361037	0.0740814487	-0.0443710532	-0.0591419942	0.0135808183	-0.0801589403	-0.0190887422	0.0795378792	0.0911031541	-0.0623453902	-0.0268272759	0.0949495281	-0.0885682462	-0.147112	-0.0063769999999999	4.066612899999992e-05	0.0216419405439999	-0.05659	0.0232484	0.00054048810256	0.0032024281	-0.141208	0.0209979999999999	0.0004409160039999	0.019939699264	-0.001632	8.372000000000002e-05	7.009038400000003e-09	2.663424e-06	-0.00023267	5.573999999999998e-06	3.106947599999998e-11	5.41353289e-08	-0.000566557	0.0003182929999999	1.0131043384893637e-07	3.20986834249e-07	0.0	0.0	0.0
43891.51765344568	27.5674747958401	1926465321.9227333	759.9656666192791	68802.15406784405	230.50499414697697	4733736404.37535	53132.552326697885	40456.88594534944	-30.30278747414559	1636759620.3950129	918.2589287032348	45852.556632781125	42493.80103168746	1.217096	23.125751	0.058824	0.0313286	0.0637095529	0.0808905272	0.0148831682	0.0828840865	-0.0235748016	0.0908383976	-0.0825968768	-0.0085717077	0.0677462707	0.064231706	0.0465848571	-0.0022889005	-0.118351265	0.064700989	-0.0062189345	0.0786796908	0.0170048875	-0.149764424	-0.0240595074	-0.0116754086	-0.0185337999	-0.0451676758	-0.1136855905	0.0208261232	0.0631994271	0.2426800032	-0.0521361608	0.0342987776	-0.0439027174	-0.0845958345	-0.0264836379	0.0212268685	0.0122587982	-0.1109068045	0.0525808176	-0.0242929378	-0.1398746651	0.014515728	-0.0277378712	0.0569930586	0.0025710687	0.0267048746	-0.1293430383	0.0297682159	-0.1585048734	0.0188817087	0.0358434212	0.0457673421	-0.0844155252	0.0096503846	-0.0152118761	0.0749192929	-0.0922001643	0.0356268069	0.0289003939	0.1165391532	-0.1269001753	-0.0147084595	-0.0400478834	0.0260592387	0.0708888772	-0.0153944376	-0.0503228711	0.0526549183	-0.0283228758	0.0104924912	0.0986990884	-0.0681920344	0.051631078	0.0894920948	-0.0469818904	0.0792222211	-0.0063443562	-0.1183875192	0.0994384805	0.0680107482	0.0532033305	0.0798107279	-0.0735030425	-0.0703900589	0.0425336364	-0.0491048873	0.0099786614	-0.0169605297	-0.0312151568	0.080648399	0.0045798931	0.1439253494	-0.063684092	-0.0235383975	0.0929054001	-0.0917972923	-0.140739	0.0063729999999999	4.061512899999987e-05	0.019807466121	-0.0659401	-0.0093501	8.742437001e-05	0.00434809678801	-0.167666	-0.026458	0.000700025764	0.028111887556	-0.00148497	0.00014703	2.1617820900000013e-08	2.2051359009e-06	-0.00013888	9.379e-05	8.796564100000001e-09	1.92876544e-08	-0.000658595	-9.203800000000002e-05	8.470993444000003e-09	4.33747374025e-07	0.0	0.0	0.0
43903.72261019282	12.204956747140386	1927536859.032756	148.96096919956764	68053.66698264454	-748.4870851995074	4631301589.784684	560232.9167104546	40396.37412501847	-60.51182033096848	1631867042.4484615	3661.6803997674097	45644.42353234553	42478.14618345235	1.296842	24.640985	0.0719305	0.0356272	-0.1238317287	0.0387876459	0.0478817572	-0.0867044303	-0.113250774	-0.077200403	0.093410848	-0.0062432922	-0.0876718758	0.0375044456	0.1442110615	-0.1033036367	0.0559630652	0.1073204851	0.0734048544	-0.050324892	0.0944789437	0.0446998022	0.0147012167	0.1171021685	0.002424631	0.0254722494	-0.1665004262	0.0360692753	-0.1595161277	0.0694711911	0.1961041094	-0.089125349	-0.0679897075	-0.0108407418	-0.0788441065	-0.0064945235	-0.0912962927	0.0241228339	0.0135022745	0.1147888519	0.0712322469	-0.0596782212	0.0314998743	-0.0594407787	-0.034366703	-0.0417617739	-0.0443887295	-0.0240639827	0.0645404552	0.0213983306	0.0102447466	-0.0714015612	-0.0423612569	0.0136496748	-0.0286081073	-0.0689244853	-0.0231421059	0.1112264817	-0.0465325907	-0.112706494	0.0020563902	-0.0142556003	0.0398063304	-0.0246291889	0.0210094027	-0.001182152	-0.1344912023	0.0286207288	-0.0753166621	0.0983891561	-0.0348810159	-0.0206292318	-0.0235386338	0.0793601717	-0.0142204854	0.0822126457	0.0160316708	0.0139330931	0.0418109283	-0.1589878423	-0.1140764824	-0.1036060778	-0.0889143685	-0.0458732731	0.052408178	-0.0511580469	0.0126317526	0.0650954301	0.0168996532	-0.1072361665	0.086157062	0.0836297629	-0.0650053833	-0.0202237803	0.0906327191	-0.0946249323	-0.140661	7.799999999999474e-05	6.0839999999991795e-09	0.019785516921	-0.0576845	0.0082556	6.815493136000003e-05	0.0033275015402499	-0.14795	0.019716	0.000388720656	0.0218892025	-0.00177824	-0.00029327	8.600729289999999e-08	3.1621374976e-06	0.000188246	0.000327126	1.0701141987600001e-07	3.5436556516e-08	-0.000401373	0.000257222	6.616315728399999e-08	1.61100285129e-07	0.0	0.0	0.0
44036.60485000828	132.88223981546616	1939222566.715773	17657.68965837506	68776.41537942793	722.7483967833832	4730195312.44361	522365.2450529508	40556.16416638963	159.79004137116135	1644802451.8911462	25532.857321397456	46005.803621386585	43364.69241085829	1.395254	26.510906	0.0824623949999999	0.0412542	0.0434285544	-0.0953750343	-0.059704058	0.0562075402	0.1106240536	-0.0344021835	-0.0222267933	0.1018407387	0.0620855285	-0.0581426425	0.0363403412	0.1391720372	0.0728720151	-0.0185000971	0.0110659939	0.0687813598	0.1213485699	0.0351339388	-0.0438649346	-0.0150012869	-0.0098863807	0.0147396758	-0.0770886669	-0.1520307928	0.0863927627	-0.0464921035	-0.0311884699	0.1638262365	-0.1226639192	-0.0331900912	-0.0319552404	-0.0140685418	0.0023838366	0.0147964326	-0.0452131862	0.0237368688	0.0615767015	-0.0413547829	0.0917872223	-0.1731223882	0.0025372966	0.0812994377	-0.0799591889	0.056840274	-0.0169214926	0.0024754787	-0.0211695052	0.0676499825	0.0243568835	0.0267711009	0.0911696666	0.0223090319	0.0268904804	-0.1395572274	-0.0253185772	0.0004795913	-0.005810708	0.0817941412	-0.0738531668	0.097025191	0.0305623022	-0.0391271123	-0.0679913105	0.1015887509	-0.0024121844	0.0544477202	0.0360433496	-0.0029214912	-0.0514043846	0.005220812	0.0762455753	-0.05683875	0.1561824433	0.0975000346	0.0018594441	0.0906797295	-0.0048215889	0.0248824732	-0.0295348763	0.1573757026	0.0130596023	0.0210466671	0.0877088162	-0.1345838912	0.0083568836	0.0436825799	-0.0696860908	0.0899852863	-0.0663089027	-0.0168870486	0.088137076	-0.0970388015	-0.134977	0.0056839999999999	3.230785599999994e-05	0.018218790529	-0.093137	-0.0354525	0.00125687975625	0.0086745007689999	-0.162592	-0.0146419999999999	0.0002143881639999	0.0264361584639999	-0.00190356	-0.00012532	1.570510240000004e-08	3.6235406736e-06	1.97531e-05	-0.0001684929	2.8389857350410012e-08	3.9018495960999996e-10	-0.000641238	-0.000239865	5.753521822500002e-08	4.111861726440001e-07	0.0	0.0	0.0
43998.415227785365	-38.18962222291884	1935860542.556615	1458.4472455292566	68965.84635840799	189.4309789800609	4756287963.931537	35884.09579734427	40477.50707142066	-78.65709496897034	1638428578.7169094	6186.93858895762	45801.7364418612	42622.75867091391	1.345496	25.565447	0.1333555749999999	0.0669172	0.0824246527	0.1008801547	0.0252351837	-0.1048812781	-0.0585138103	0.1462210419	0.0591678493	0.0018463108	0.0638257902	-0.0586839684	-0.1042582028	0.0792668777	-0.0594537473	0.0793198666	-0.0923112371	0.0628744038	-0.0056791454	-0.0382129573	0.0130665787	0.0016175808	0.0488786025	-0.0965759266	0.111133135	-0.1127915474	-0.0336724001	-0.0080306498	0.053381066	-0.0803358722	0.0446503318	-0.0052193778	0.0844078141	0.0208253581	-0.0615862505	-0.0543753699	0.0805075	0.0103089313	-0.0128856592	0.1495157792	-0.0383642956	-0.0423486336	0.0158615338	-0.1645224082	0.0941847556	0.0065196407	-0.0652842201	0.0241246895	-0.0110018041	0.0070197096	-0.0492597202	-0.000238887	0.0709734015	0.1419668344	0.0615805221	0.0428364652	0.091739685	0.0257642757	-0.135514658	0.0674416169	-0.0500162737	0.0007394881	-0.0752027877	-0.0828243719	0.0583880525	-0.0511575041	-0.0513950964	-0.1073913154	0.0338329418	-0.0526184953	0.0221121997	0.0116449795	0.2100328593	0.0665094775	-0.043970865	-0.0088243267	0.0858012601	-0.0138211716	0.0522154568	-0.0325989239	0.0919706477	0.0432516664	0.007539191	0.0741655404	0.0045704282	0.0344632508	0.0568739319	0.092268577	0.0463261652	0.0065253763	-0.0675942939	-0.0135318513	0.0854246103	-0.0990283447	-0.149986	-0.0150089999999999	0.0002252700809999	0.022495800196	-0.0475393	0.0455977	0.0020791502452899	0.00225998504449	-0.131576	0.0310159999999999	0.0009619922559999	0.017312243776	-0.00114374	0.00075982	5.773264324e-07	1.3081411876000005e-06	9.00736e-05	7.03205e-05	4.9449727202499995e-09	8.113253416960001e-09	-0.000645755	-4.516999999999998e-06	2.0403288999999975e-11	4.16999520025e-07	0.0	0.0	0.0
44015.9920007315	17.57677294613677	1937407551.8084595	308.9429472000455	68502.94825173046	-462.8981066775305	4692653919.179261	214274.6571656424	40494.50794640218	17.000874981516972	1639805173.821229	289.0297501371697	45804.0020436564	43571.14142734994	1.393182	26.471521	0.1008505199999999	0.0620169	-0.0864770671	0.0325540914	-0.1118622854	0.0033827716	-0.0426713819	-0.0190468571	9.10182e-05	0.0579281368	-0.1265403713	-0.0707506109	-0.0335045354	-0.1064327566	0.0401693331	-0.0078673545	0.0892380115	0.0569876593	0.1377298304	-0.0751555795	0.0685142365	0.1042259028	0.0015237617	0.0114062993	0.0453322324	0.011785285	0.0050923579	-0.1045732925	0.0971819125	-0.0071099858	-0.0314913246	-0.0660296849	0.0777964626	-0.0265136387	0.097473315	0.0882997033	-0.0475954502	-0.0885298326	0.0184166349	-0.0754666711	-0.0784090081	-0.0187229192	0.0922830643	-0.0258549358	0.0178723533	0.0931287779	0.0905839537	-0.0614665569	0.0295447566	0.0394074472	-0.045528228	-0.0124731026	-0.108536739	0.07101152	-0.0272668479	0.0835028609	-0.0530136862	-0.0367450774	0.0658921901	-0.0343727789	-0.072898987	-0.0086545762	0.0030822839	-0.0601940643	-0.0358261524	0.1163499716	0.100148117	0.0643253453	-0.0660663085	0.0162657743	0.1076628308	0.0445125188	0.0002834681	-0.0891963183	0.0349778424	0.1035643014	-0.0188469573	-0.020808875	-0.0408319153	-0.0813680755	0.1216274605	0.0001163569	-0.097217561	-0.0130671093	-0.0391532241	0.0365055917	0.0624776529	-0.0136592031	0.0822335943	-0.0152260672	-0.0688612056	-0.010161857	0.0825019948	-0.1005848622	-0.151272	-0.0012859999999999	1.6537959999999526e-06	0.0228832179839999	-0.0718054	-0.0242661	0.00058884360921	0.00515601546916	-0.150214	-0.0186379999999999	0.0003473750439999	0.0225642457959999	-0.00224271	-0.00109897	1.2077350609000005e-06	5.029748144100001e-06	0.00011248	2.240639999999999e-05	5.020467609599994e-10	1.2651750399999998e-08	-0.000657587	-1.1831999999999923e-05	1.399962239999982e-10	4.324206625689999e-07	0.0	0.0	0.0
43941.32446279789	-74.6675379336084	1930839995.5448809	5575.24122106685	68569.7036657675	66.75541403704847	4701804260.81117	4456.285303257768	40548.54440704418	54.03646064200439	1644184453.5300338	2919.939078714889	45974.31855808651	42886.20794782682	1.24118	23.583374	0.1118901	0.0571947	0.0150088016	-0.0907645794	0.0392020603	-0.0359848627	0.0654856969	-0.0409128037	0.0426648989	-0.0492238999	0.0317242798	0.0820045309	-0.1078697268	0.1416826688	-0.0715232398	-0.0298622696	0.105151948	-0.0599373901	0.0301103004	0.0048521455	0.1320521429	-0.0561075667	-0.0778851547	-0.0626021199	0.0554152365	-0.0013860521	0.0397757532	0.0147382566	0.0549277175	-0.1345977646	-0.0248341631	0.0087715782	0.013153623	0.0790676756	0.0909419442	-0.038309756	-0.092580313	0.1607485893	0.0446513112	0.0774704416	-0.0389423525	0.0962370132	-0.0209383854	0.0105341032	0.0411059689	0.0371725818	-0.0002099736	0.033835681	-0.2190227637	0.0569960737	0.0741918644	0.0627100041	-0.0496859633	0.0937827715	0.0119485818	-0.1232857021	0.0166248752	-0.0288969063	-0.0768134943	-0.0868246945	0.0258000458	0.1141006656	0.0307660811	-0.0239419762	0.0165180611	0.0311747982	0.1008117266	0.1577338663	0.0619864541	-0.0036756166	-0.0251358523	-0.0151316593	0.074058713	0.0424251438	0.0441177381	-0.1387530691	-0.0678363955	-0.0615404846	-0.0446009917	0.0301363686	0.0795251032	0.1042897156	0.020439521	0.0414141673	-0.0286297631	0.0459541576	0.0100677679	0.1177099432	0.1536860601	-0.1051668685	-0.0701092912	-0.0067807509	0.0793764193	-0.1017015476	-0.154348	-0.003076	9.461776000000145e-06	0.023823305104	-0.0584274	0.013378	0.000178970884	0.00341376107076	-0.123982	0.0262319999999999	0.0006881178239999	0.0153715363239999	-0.00123497	0.00100774	1.0155399076000003e-06	1.5251509008999998e-06	0.000240096	0.000127616	1.6285843456e-08	5.7646089216e-08	-0.000408861	0.0002487259999999	6.186462307599998e-08	1.67167317321e-07	0.0	0.0	0.0
43959.60276625337	18.278303455474088	1932446675.3667908	334.096377210396	68942.04677320847	372.34310744096	4753005813.279264	138639.3896587903	40460.91785331708	-87.62655372710287	1637085873.532873	7678.412918088847	45744.18260084609	42944.7193560432	1.136315	21.590862	0.10843082	0.0553381	0.0728624006	0.0611161378	-0.0260998805	-0.0407238515	-0.0180650096	0.0955436084	-0.0051627332	0.0557193123	0.0303296758	0.011072852	-0.0555014141	-0.0681787629	-0.0881293825	-0.068452557	-0.0332759591	-0.0041694082	0.0606817996	-0.0803022952	0.0706677101	0.0916600606	0.0228125433	-0.0601866009	-0.0074134053	-0.0163807388	-0.0240274433	0.0262427859	0.0641497678	-0.0134237864	-0.1374226743	0.0910591892	0.0177301863	-0.1329855034	0.0603098569	-0.1172751506	0.0237381693	-0.1180943903	-0.0899803291	-0.0031448431	-0.0221549771	0.0455091003	-0.1190450546	0.0233871081	-0.0057749995	-0.0025238595	0.016389558	-0.0903158771	-0.0871875296	-0.0061222584	0.0643755693	-0.0107129311	-0.0104830192	-0.0464647781	0.0400623892	0.0789751834	0.075272748	0.0443507235	0.0163069621	-0.0552762351	-0.0839634181	-0.0087818217	-0.0343896818	-0.1173110856	-0.0619598027	-0.0008975056	-0.0123970086	-0.0088576839	0.0315074503	-0.1483345543	0.0811656956	0.0082629806	-0.0940220994	-0.0412213686	-0.0809865144	-0.0819958414	-0.1013896291	0.0840858779	-0.1080697385	-0.1717613066	-0.0166788734	0.0134355785	0.0668006364	-0.0186621632	-0.0347744019	0.1240289062	0.0387373274	0.0758469203	-0.0733467117	0.042169651	-0.0713382097	-0.0033922301	0.0760555728	-0.1023735181	-0.122235	0.032113	0.001031244769	0.014941395225	-0.0578273	0.0006000999999999	3.601200099999991e-07	0.0033439966252899	-0.140688	-0.016706	0.000279090436	0.019793113344	-0.00202571	-0.00079074	6.252697476000002e-07	4.1035010041e-06	3.49196e-05	-0.0002051764	4.2097355116960004e-08	1.2193784641599996e-09	-0.000224543	0.000184318	3.3973125124e-08	5.041955884900001e-08	0.0	0.0	0.0
43975.6749281836	16.07216193023487	1933859985.389276	258.31438911169107	68134.54431748779	-807.502455720678	4642316129.351707	652060.2159949255	40452.78366254802	-8.134190769058478	1636427706.048912	66.16505946743615	45726.67961363684	43084.81524950951	1.242142	23.601656	0.07417922	0.038398	-0.1190599936	-0.0174753547	-0.0135911188	-0.0481474819	-0.0522369234	-0.0841609251	0.0302915824	0.0371307394	-0.0548065181	0.075501564	-0.0035512725	0.0124865267	0.0188085605	0.1012941933	0.1188619561	-0.0514425232	0.0668418548	-0.0707570061	0.0090028628	0.1115662096	0.0312874586	-0.1456726249	0.056743309	-0.0622083334	0.0171397972	0.047855258	-0.069739277	-0.0427922753	-0.0646609391	0.0292363525	-0.0381155741	-0.015017552	0.0169296679	0.030373619	0.1184841977	-0.0655225445	-0.0359623081	0.0211843834	-0.0514658921	0.0737228794	-0.0063048572	0.0215361679	-0.1032616625	-0.0780938787	0.1213125194	-0.095985144	0.1723917763	0.0386173806	-0.1007972093	-0.0028671897	0.0735644878	-0.0272858397	-0.0103709388	0.0341917366	-0.0681724731	-0.1123433043	-0.0937140188	-0.0541612744	-0.0285473541	-0.04036813	0.0642407556	-0.0794838319	-0.1021596454	-0.0353690694	0.0467840792	-0.060437378	0.0282494998	-0.1357267554	-0.0917666342	0.0436178101	0.0533518994	0.0350908481	-0.0343360216	-0.0871247719	0.0121274766	0.0919313201	0.0916644061	-0.0457193959	-0.06517644	-0.053271539	-0.0408372398	-0.0081412658	-0.0158583427	0.0331251998	-0.0259285538	0.0222459516	0.0438533953	0.0182199787	-0.072547625	0.0	0.072547625	-0.1025978352	-0.127448	-0.005213	2.7175369000000097e-05	0.016242992704	-0.0475034	0.0103238999999999	0.0001065829112099	0.00225657301156	-0.139238	0.00145	2.10250000000002e-06	0.019387220644	-0.00148497	0.00054074	2.923997476000001e-07	2.2051359009e-06	0.000291619	0.0002566994	6.589458196036001e-08	8.504164116100002e-08	-0.00057095	-0.0003464069999999	1.19997809649e-07	3.259839025e-07	0.0	0.0	0.0
44018.35323209253	42.678303908927774	1937615421.265271	1821.4376245428	68837.23078684854	702.6864693607495	4738564342.401848	493768.2742226755	40497.246174553045	44.46251200502593	1640026947.7223513	1976.9149737970747	45829.93434284011	43595.11773792112	1.291915	24.54738	0.1044661	0.0584589	0.0751494789	-0.0962978083	-0.0564020355	-0.0190504289	0.0934873262	-0.0052119175	0.0163930324	0.0486674794	0.0081348273	-0.0799324247	-0.0458204505	0.0497443828	0.0571907794	-0.0824182875	-0.067138643	0.039051806	0.0759017699	0.0996204368	0.1170676545	0.0539952599	0.031321984	0.0008344947	0.0115390743	0.0784937601	0.0766416071	-0.0009014564	0.0684077159	0.0144788018	0.145480896	0.1060924761	-0.0421303746	-0.0396920918	-0.0043010914	0.0084069675	0.0121636788	0.0071838404	0.0377329195	0.1277130984	0.0507924631	-0.0057843844	-0.0420018288	0.134987916	-0.0518191453	0.047907417	0.0486058036	0.0485226965	0.0008660058	0.0152203275	-0.0387962296	0.0416641078	0.0568372888	-0.0165834167	-0.1275103596	-0.0937832156	0.0754665499	-0.0448375924	0.1047569938	0.0708113493	-0.0332096564	0.0174173064	-0.0247717789	-0.0615858295	0.020724071	0.0111041838	-0.0272134144	0.020723018	0.0900237824	-0.037176828	0.0663184785	-0.0490504899	-0.1181215871	0.0062431751	-0.0451905877	-0.0507053193	-0.104881901	-0.1289291475	0.0565635249	-0.0537103445	-0.0334622192	-0.0049585169	-0.1271208165	0.0276117554	-0.0517010787	-0.0670510318	-0.0272773725	0.0198478877	-0.0628318588	-0.0162390464	-0.0737372065	0.0033922301	0.0688612056	-0.1023735181	-0.140896	-0.0134479999999999	0.0001808487039999	0.019851682816	-0.0580854	-0.010582	0.000111978724	0.00337391369316	-0.153513	-0.014275	0.000203775625	0.023566241169	-0.00254857	-0.0010636	1.13124496e-06	6.4952090449e-06	0.000238747	-5.2872000000000005e-05	2.7954483840000003e-09	5.700013000900001e-08	-0.0007777	-0.00020675	4.2745562500000006e-08	6.0481729e-07	0.0	0.0	0.0
43958.461033978325	-59.8921981142048	1932346296.4757907	3587.0753949511573	68599.96109654926	-237.26969029927568	4705954662.448072	56296.9059347142	40424.57176695479	-72.67440759825695	1634146002.5416782	5281.569519757587	45733.886402053526	42902.61055013389	1.310643	24.903214	0.09809125	0.0512492	0.0265822378	0.1307333736	-0.0268613471	0.0110021654	-0.0712786459	0.078098795	-0.0537340337	-0.0971239299	-0.0539876339	0.0196918933	-0.1005284718	-0.1170841266	-0.0694792058	-0.0402223398	0.0049717072	0.0372655377	-0.0028780404	0.0097635681	0.0085870369	-0.0793526251	0.0075775665	-0.0971281421	-0.0960379878	-0.0299505596	0.0323334221	0.0316785828	0.1111086121	0.0066725946	0.0865270108	-0.1202371226	-0.0946463867	0.0279149007	-0.0421364882	0.0424304427	-2.0918e-05	0.0196239723	0.0348850723	-0.1242151852	0.011531132	-0.0959821079	0.0166338334	-0.0609016512	0.1439116188	-0.0737197122	-0.0104157224	0.0281558792	0.047113077	0.0385490275	0.0063997923	0.0209204294	-0.0461820648	0.0783967608	0.0121479635	0.1003926966	0.0382956614	0.0305347646	0.0452292902	-0.0466262557	0.0347253852	0.0754275501	0.0624479473	-0.0159311992	0.0965321118	0.0051736034	-0.0512956564	0.0178351796	0.1074124873	0.0234695073	-0.0228293822	0.1114885833	0.0993035392	-0.0654329571	-0.0244930179	-0.0154191633	0.1213319858	-0.0422536543	-0.0435419594	0.0430304988	0.1028482956	-0.0658659124	0.0121761855	-0.0579351594	0.024401202	-0.055339732	-0.074303641	-0.1070138043	0.0348025887	0.0075347261	-0.074906629	0.0067807509	0.0650053833	-0.1017015476	-0.1409	-4.000000000004e-06	1.6000000000032004e-11	0.01985281	-0.045397	0.0126884	0.00016099549456	0.002060887609	-0.123996	0.029517	0.000871253289	0.0153750080159999	-0.00168898	0.0008595899999999	7.388949680999999e-07	2.8526534404e-06	0.000291619	5.2872000000000005e-05	2.7954483840000003e-09	8.504164116100002e-08	-0.000572525	0.0002051749999999	4.2096780624999975e-08	3.277848756250001e-07	0.0	0.0	0.0
43945.086508765045	-13.374525213279412	1931170628.262844	178.87792468064671	68171.89521834283	-428.0658782064274	4647407297.660714	183240.39608464	40433.164226414745	8.592459459956444	1634840769.360225	73.83035957099499	45753.85920635668	43245.65368343025	1.280878	24.337671	0.0697043	0.0555443	-0.0861953546	-0.0401816528	-0.0318585629	-0.0044662178	-0.0012813244	-0.0813176431	-0.0135511352	0.0064008801	-0.0340405058	0.0790608465	-0.0755908588	-0.0759473529	0.0615406869	-0.0146596905	0.0860186588	-0.0357389045	0.1024393736	-0.0088591014	-0.0327701596	-0.0116302952	0.0591553565	0.1380430898	0.0042103242	0.0803512528	0.0349567117	0.0519023895	0.0253026531	0.1263534368	0.0911341993	0.0240089801	0.0012151982	0.0724477344	-0.0306409618	0.0934465299	0.0200479768	-0.0292490243	0.1268981811	0.0280618654	-0.0270158217	0.0934490311	-0.0490341559	-0.0823076372	0.106504122	0.0162367983	-0.0244537537	-0.0638851684	0.0004174766	-0.0160080819	0.1174700704	-0.0565421351	0.0732289803	0.112306878	0.0582093316	0.0277727247	-0.0517552867	-0.0622274249	0.0632708693	-0.1067011525	-0.0340228241	0.012713865	0.0839606677	-0.1403414571	-0.0526311023	0.0122535983	-0.0581139294	0.0049380399	0.0223035146	0.073182876	0.00634828	-0.0768299558	0.0085536263	-0.0007204217	0.0031788602	0.0320309505	0.1058309886	-0.0405114864	0.0278493367	0.0121006784	-0.1027208838	-0.0395212382	0.0227991787	0.0959699049	-0.0145283936	-0.1338960029	0.0911063936	-0.0582597746	-0.058570724	-0.0742863836	-0.0760555728	0.010161857	0.0609896438	-0.1005848622	-0.140917	-1.6999999999989246e-05	2.8899999999963437e-10	0.0198576008889999	-0.0472883	-0.0018912999999999	3.5770156899999947e-06	0.00223618331689	-0.124002	-6.0000000000060005e-06	3.600000000007201e-11	0.015376496004	-0.00273917	-0.0010501899999999	1.1028990360999998e-06	7.503052288899999e-06	0.00012316	-0.000168459	2.8378434681e-08	1.51683856e-08	-0.000435374	0.000137151	1.881039680100002e-08	1.89550519876e-07	0.0	0.0	0.0
43903.6834563033	-41.4030524617483	1927533421.03128	1714.2127531502822	69016.88080847924	844.9855901364062	4763329836.53183	714000.6475381707	40567.56199902113	134.3977726063822	1645727086.544423	18062.761281556817	45886.24873844336	42960.555768347	1.161478	22.068977	0.04780605	0.0470036	0.0652927498	-0.0361778662	0.0382630139	-0.0175561526	0.1222451389	0.0314353736	0.0640106258	-0.0809584678	-0.1847204378	0.0538771354	-0.017676806	0.0045117861	-0.0311349847	-0.1067990733	0.0715951862	0.0924069704	-0.0614446812	0.0305738582	0.0529725703	0.0030830075	-1.6046e-05	-0.0346124102	0.0193225797	-0.1180778657	0.0283628071	0.1136423227	0.0952719711	-0.0233714531	-0.0460158804	0.0327831185	-0.0721962574	-0.0294636487	-0.0081796159	0.0150891869	-0.0487138363	0.0449887892	0.0691682256	-0.0148882553	0.1340155286	0.0092243469	0.105730575	-0.0019981227	0.0154352244	-0.0672639507	0.1137438613	0.1027866603	0.0244952011	-0.0963426055	0.0181570379	-0.0848832212	-0.0262790802	0.1852349982	0.0552636598	-0.0368220095	0.1208321696	-0.0007707329	0.078633149	-0.0755662217	-0.0253984753	-0.0986191848	0.063108059	0.0736534844	0.0375513856	0.0668667408	0.0061319495	0.101216753	0.1064667172	0.0063626279	0.0241350251	0.0242562881	0.1497375205	0.0595387289	0.0366843333	-0.0256927916	0.0260605429	-0.0404085252	-0.0011137699	0.1154593827	-0.0161562239	-0.0337315333	-0.0306774442	0.0360427522	0.0471422037	0.1047416195	-0.0533581437	-0.0683249194	0.0110658907	0.1347929096	-0.0771837238	0.0135318513	0.0568238659	-0.0990283447	-0.140929	-1.2000000000012e-05	1.4400000000028803e-10	0.019860983041	-0.0473986	-0.0001103	1.2166090000000149e-08	0.00224662728196	-0.123956	4.600000000000437e-05	2.116000000000402e-09	0.015365089936	-0.00183148	0.00090769	8.239011361000001e-07	3.3543189904e-06	0.000110094	-1.3066e-05	1.70720356e-10	1.2120688836000002e-08	-0.000467373	-3.1999e-05	1.0239360010000002e-09	2.18437521129e-07	0.0	0.0	0.0
44010.03455581277	106.35109950946936	1936883141.603834	11310.556366873052	68457.14833570847	-559.7324727707746	4686381158.257193	313300.44107408595	40506.54300799719	-61.01899102393509	1640780026.4587262	3723.317265579071	45709.482586923215	42877.46270160934	1.20283	22.8547	0.0850928	0.0396424	-0.0525300211	0.0669197171	-0.0160597337	-0.1071324127	-0.1249231433	0.0254407835	0.0832586035	0.0293265027	0.0067285076	-0.0825126528	-0.021322511	-0.0077583247	-0.1001778069	0.1045956886	0.0784325509	0.1112779817	-0.0244705977	0.1433267185	0.0795723062	0.05012509	-0.0036226019	0.071840909	-0.0465650682	0.0731654397	-0.0681698778	-0.0803739018	0.1094430698	-0.0016415904	0.0357625199	-0.0025090948	0.0600491702	-0.0769066934	-0.1612851999	0.0907887144	-0.0601648263	-0.0325295104	-0.0278106702	-0.0365555659	0.091459056	0.1127026645	-0.0036422754	0.0094643285	-0.1464369391	-0.0142659466	0.0543996554	-0.0395439004	0.1335436163	0.0391892769	-0.049777475	0.0566518298	-0.0864382694	-0.0397588879	0.0288164149	0.1052086081	0.0354795483	-0.0971560052	-0.1147070179	0.0074998565	-0.0785035371	0.005379102	-0.0092556637	0.0427207685	0.100426953	0.1321882033	-0.0208461158	0.0803001965	-0.01559283	0.0834025679	-0.0231871343	0.0251818416	-0.1191709789	0.0271663204	-0.0365529235	0.0663182853	-0.082216762	-0.1187145578	-0.0777918474	-0.0836370268	0.003946972	-0.0251521512	-0.0065233565	-0.0074357293	0.0433790584	0.0499128784	0.0786483274	-0.0739065025	0.0299285275	-0.1086712268	-0.0782907735	0.0168870486	0.0525182979	-0.0970388015	-0.152254	-0.011325	0.000128255625	0.023181280516	-0.0451223	0.0022763	5.181541690000009e-06	0.0020360219572899	-0.146459	-0.022503	0.000506385009	0.021450238681	-0.00243254	-0.00060106	3.612731236000001e-07	5.9172508516e-06	-0.000176837	-0.000286931	8.232939876100003e-08	3.1271324569e-08	-0.000559152	-9.177900000000006e-05	8.42338484100001e-09	3.1265095910400005e-07	0.0	0.0	0.0
44101.7315433382	91.69698752543628	1944962725.120672	8408.337521240015	68694.09331102403	236.94497531556408	4718878455.823676	56142.92132729327	40543.60361720597	37.06060920877644	1643783794.2691169	1373.488754925645	45894.04870915956	43717.92924904111	1.23663	23.496922	0.0984388	0.0543238	0.0301604232	-0.1087241637	-0.0731950355	-0.0861012588	0.0772079877	-0.0210049967	0.0599511814	0.0838412222	0.0511517222	-0.0495102904	-0.0578483021	0.0785343695	0.0711510019	-0.0924148607	0.0009511591	0.054223327	0.1059657779	0.1223395057	0.0643130394	0.1164861627	-0.0147612363	-0.0863995635	0.0421901809	-0.065976492	0.0199332969	-0.1321702262	0.0663325835	-0.0035652311	-0.0050946883	-0.0154542987	0.0693134369	0.0369608428	-0.0646830737	-0.0875558812	-0.0685325828	-0.0475314769	0.0530364032	0.0165316868	0.0726829412	-0.1552328283	-0.0197613516	-0.1502876538	-0.0602790855	0.0181922722	-0.1220889526	-0.0148060219	-0.0830088604	-0.0822214488	-0.1409587321	-0.0311211797	0.0597297669	-0.1126383063	-0.066717796	-0.1039410659	0.059456003	-0.0930355223	0.0986588528	0.0351702256	-0.0487694737	0.1016203753	-0.058956444	-0.0099865798	-0.0509054827	0.0529007707	0.0120516351	0.0015628386	0.0321664444	-0.0250106317	-0.0956836842	0.0728488832	0.0094354012	-0.0020597414	0.1346886193	0.0350761288	-0.0825449578	-0.0909505368	0.0612607151	-0.0331161002	0.1257247757	0.0618374524	-0.0465694258	0.0746224568	-0.0119908315	0.1164085736	0.0965181777	-0.0056554658	-0.0452136061	0.1350352533	-0.0793764193	0.0202237803	0.0480835316	-0.0946249323	-0.157609	-0.0053549999999999	2.8676024999999983e-05	0.0248405968809999	-0.0301635	0.0149587999999999	0.0002237656974399	0.0009098367322499	-0.141159	0.0052999999999999	2.808999999999999e-05	0.019925863281	-0.00160636	0.0008261799999999	6.825733923999998e-07	2.5803924496e-06	0.000402589	0.000579426	3.357344894760001e-07	1.62077902921e-07	-0.000610046	-5.0894e-05	2.5901992360000006e-09	3.721561221160001e-07	0.0	0.0	0.0
44064.97981803411	-36.75172530409327	1941722446.3637533	1350.6893128275296	68956.46881998167	262.37550895764434	4754994592.121105	68840.9077007829	40496.932527149824	-46.67109005614475	1640001544.1085255	2178.190647028773	45888.56858259862	43451.70240296239	1.187456	22.562576	0.1004124999999999	0.0614691	0.0747793439	0.0725187645	-0.1042402099	-0.0945151558	-0.0371812551	0.1117174764	-0.0599893866	0.089514034	0.114785885	0.0101422795	-0.0441516582	0.095153393	-0.1083011134	-0.0128437292	-0.042556308	0.073322744	0.0324571498	0.0344636776	0.0106687109	-0.0378547069	-0.0491708718	-0.1265372563	0.040622929	0.0782585456	0.0040691624	-0.0393832793	0.0672473924	0.1157411704	-0.1097408721	-0.0501048109	-0.1375880484	-0.1307068058	0.0947885902	0.0606474393	0.1088693241	0.0982003191	-0.0039329702	0.0265126574	-0.0992969905	0.0432424587	-0.0438785113	0.016344644	-0.0221259709	0.1188572482	0.1871649876	-0.0660020772	-0.0353432772	0.0504759627	-0.079092635	0.0186124197	0.0047201186	0.037111341	0.0546018	0.0143628874	0.0541056245	0.0683276899	-0.1175404313	0.0040432539	-0.1440545967	0.1138056828	-0.0321886608	-0.0968534166	0.0102678423	-0.0250913616	-0.0879958894	-0.0182662585	0.108683363	0.1753311626	-0.0755752265	0.0731676872	-0.007398478	-0.0828739061	-0.054560169	-0.1198549925	-0.1049912571	0.0948943659	-0.0607794916	-0.1592117991	-0.0241634524	0.0886350686	-0.0332904634	-0.0209589166	-0.0199337901	0.0416748766	-0.0251087112	-0.0047219235	0.0592607446	-0.1015164189	-0.0804403643	0.0235383975	0.0435304769	-0.0917972923	-0.15193	0.0056789999999999	3.2251040999999884e-05	0.0230827249	-0.0472244	-0.0170609	0.00029107430881	0.00223014395536	-0.156109	-0.0149499999999999	0.0002235024999999	0.024370019881	-0.00274878	-0.00114242	1.3051234564000005e-06	7.5557914884e-06	0.000314745	-8.784400000000001e-05	7.716568336e-09	9.906441502500001e-08	-0.000634234	-2.418799999999997e-05	5.850593439999982e-10	4.02252766756e-07	0.0	0.0	0.0
44010.926663710845	-54.05315432326461	1936961665.7985344	2921.7434922946595	68265.26866602199	-691.2001539596822	4660146906.044164	477757.6528338884	40524.08729960845	27.15477245862712	1642201651.466287	737.381667279814	45892.167415756776	43606.83478266513	1.303838	24.773918	0.1038755	0.0646054	-0.0946846848	-0.0424451964	-0.0707931136	0.0175108079	-0.0104525991	-0.0732371164	-0.0468270634	0.0166571365	0.0046823748	0.0712407705	-0.0057186178	0.0392572256	0.1231175491	-0.0140514956	0.083632642	0.0262427443	-0.0084672839	-0.065820121	-0.0398636749	-0.0442545825	0.0421501761	-0.035084168	-0.0281135132	0.029200518	-0.1795039712	-0.0581784226	-0.0632969866	0.0045428164	0.0841592845	-0.1066266522	-0.0209836844	-0.0206352817	0.0509572664	-0.0023152584	-0.012994256	-0.0201577529	0.1330136689	-0.1374995368	0.0241253961	-0.0423632628	0.084510369	0.0756876758	-0.0391383272	-0.015750843	-0.0395521524	-0.0708975569	-0.0301537163	0.0242651217	-0.0064199965	0.029831011	-0.0705921365	-0.1837327592	0.0298821881	-0.0249827807	-0.0939896596	-0.0371849186	0.0363869225	-0.0374381458	-0.0802045711	0.0010416958	0.0316851553	0.0042839351	-0.0290067684	-0.1251161789	-0.0570831222	-0.0596376118	-0.0995111202	0.0085418542	-0.1211185213	0.1241011155	0.0608852709	0.0581665587	-0.0032394954	0.0984797885	-0.0542804503	-0.027041761	-0.0558266385	-0.0115487544	0.0212405674	-0.012643805	0.0095764222	0.0996901075	-0.0374307013	-0.0426208913	-0.0436872599	-0.0639835757	-0.0024670602	-0.0328250343	-0.0814823178	0.0268272759	0.0388703345	-0.0885682462	-0.159466	-0.0075359999999999	5.6791295999999805e-05	0.025429405156	-0.0339077	0.0133167	0.00017733449889	0.0011497321192899	-0.172169	-0.0160599999999999	0.0002579235999999	0.0296421645609999	-0.00165536	0.00109342	1.1955672964000005e-06	2.7402167296e-06	0.000439954	0.000125209	1.5677293680999997e-08	1.93559522116e-07	-0.000513607	0.000120627	1.4550873129e-08	2.63792150449e-07	0.0	0.0	0.0
43979.19596123948	-31.730702471366385	1934169677.3971028	1006.8374793263768	69006.18145612784	740.9127901058528	4761853079.156042	548951.7625424394	40540.1574043292	16.070104720747622	1643504362.3677876	258.24826573579503	45843.11274655916	43135.34642206943	1.346424	25.58308	0.0577249749999999	0.0302044	0.101232914	-0.0514378201	0.0064375601	-0.0800404799	0.1287231852	0.0500672089	0.0808300989	-0.0177226316	-0.172088142	0.0323360363	-0.0296512974	-0.0113457825	-0.0063437906	-0.1456087987	0.0783151006	0.0784775983	0.0100727329	0.0512354406	-0.0438146563	0.0239450658	0.0878381335	-0.0942637989	-0.0316984914	-0.0361216137	-0.0582562454	0.0104628836	-0.0162282086	-0.0302761159	0.0515775153	-0.0501666497	0.0467403339	-0.0727810305	-0.025279899	0.0421241907	0.0107100707	-0.0177317016	0.0276004458	-0.0973557849	-0.091057989	-0.0604860636	-0.0600187725	-0.0416976841	-0.0707048048	0.0455540425	-0.081947073	0.1292820146	-0.0123141947	-0.1378110209	0.0777172467	0.0688846238	0.2302655305	-0.0398057869	-0.0084070969	-0.0497837848	0.1535794199	-0.054970458	0.1250254669	-0.0833017565	-0.0369087192	-0.0907274817	0.1254725428	0.0656200618	0.0044819475	-0.047777555	-0.0391756094	-0.0013375528	0.0047117188	0.019601071	-0.0024101936	0.1061021664	0.0393557897	0.0040767757	-0.1030270327	0.015337607	-0.0121369952	-0.0141508775	0.0223493702	-0.0355024356	0.0541566614	-0.0576026783	-0.0926640554	-0.1081176948	-0.0020345785	-0.0405265852	0.0246548527	0.012073973	0.0008470824	0.0980345301	-0.0825019948	0.030086819	0.0341145687	-0.0849519136	-0.157901	0.0015649999999999	2.449224999999947e-06	0.024932725801	-0.0422013	-0.0082935999999999	6.878380095999997e-05	0.0017809497216899	-0.15566	0.0165089999999999	0.0002725470809999	0.0242300355999999	-0.00190302	-0.00024766	6.133547560000001e-08	3.6214851204e-06	8.26075e-05	-0.0003573465	1.2769652106224998e-07	6.82399905625e-09	-0.000491466	2.2141000000000044e-05	4.902238810000018e-10	2.41538829156e-07	0.0	0.0	0.0
43935.99132985881	-43.204631380671344	1930371334.1374283	1866.640172739691	68294.34318696559	-711.8382691622537	4664117311.339033	506713.7214439132	40466.862450132976	-73.29495419622253	1637566956.5579822	5372.150310626359	45803.51770395384	43102.43923384032	1.356827	25.780758	0.0741809749999999	0.0425404	-0.0250342525	0.1001027753	-0.0484196476	0.0235269088	-0.0657271873	0.0383418477	-0.0809290177	-0.0378861242	-0.0143902319	0.0958794655	-0.0968986633	-0.0755318715	-0.0283915863	-0.0485749379	0.0540532893	-0.0368567206	0.0533578113	-0.0400925865	0.0479530607	-0.0946564212	-0.0072844818	-0.0369726643	0.0127951455	-0.0013704467	0.0345806264	-0.1612621745	-0.1105529413	0.1216401237	0.0610964632	-0.0568354987	0.0407609697	-0.0002243263	0.0439237061	0.1332968987	-0.0044137165	0.0512282512	-0.0134016599	-0.0609445141	-0.1072410745	-0.012099321	-0.0185562101	0.0074048047	0.0225189836	-0.0584070155	-0.0096022542	0.0601583754	0.0366975636	0.1237272137	0.089990657	0.0420194036	-0.0191452196	-0.0583364301	0.0161730075	0.0579905182	-0.0247494899	0.0404280325	0.0403048828	-0.0432266353	0.0103332222	0.0796820542	0.0806429342	-0.0022993061	0.0775658299	-0.0453528591	0.1399001463	0.0018094465	-0.0249843853	0.0169070419	-0.1261776817	0.0905294929	-0.0214095862	-0.0484526801	-0.0514175227	0.1192496778	-0.0297014042	0.088673345	3.99012e-05	0.0615415472	0.139005626	-0.0136486979	0.0394675849	-0.0398941729	0.0211396097	-0.1686654698	0.0156179571	-0.0301721764	-0.0478600536	-0.0819363197	-0.0834991166	0.0333134626	0.0292748789	-0.0809641079	-0.163438	-0.0055369999999999	3.065836899999985e-05	0.026711979844	-0.0365776	0.0056236999999999	3.1626001689999945e-05	0.00133792082176	-0.173065	-0.017405	0.000302934025	0.029951494225	-0.00127836	0.00062466	3.9020011560000006e-07	1.6342042896000002e-06	-0.00012563	-0.0002082375	4.3362856406250014e-08	1.5782896900000002e-08	-0.000570874	-7.9408e-05	6.305630464e-09	3.25897123876e-07	0.0	0.0	0.0
43889.720017084444	-46.27131277436274	1926307523.178063	2141.0343858629044	68120.67669737378	-173.66648959180748	4640426593.708123	30160.049607141373	40412.8476839539	-54.014766179076105	1633198257.926458	2917.594965380264	45864.65618398071	42733.37628670947	1.266293	24.060541	0.13160115	0.0679525	-0.0572405735	-0.052054946	0.0361963725	-0.0047440123	-0.0045018183	-0.0848747255	-0.0680165882	0.0298940423	0.0563151883	0.0250368161	0.0229747441	-0.039039119	0.081552602	-0.042406839	-0.0598584954	-0.1225102353	0.0703417172	-0.0736607503	0.0681094983	-0.0624660982	-0.0509295462	0.0959578321	-0.1235741883	-0.062379478	-0.0042288786	-0.0422115654	-0.0661678365	-0.0447052984	0.0923007492	-0.0016518276	0.0812207071	-0.0515019962	0.0699978667	0.0959941155	0.0608660068	-0.0639863341	-0.0005820782	0.1531678051	0.0509656627	-0.0049298994	-0.0891196569	0.0305064968	0.0139433722	-0.0429445954	-0.0327978122	-0.1063879899	0.0386764688	-0.0905795401	0.0040061923	0.0300844568	0.0189205302	-0.0915612053	0.0548938696	-0.0170024759	-0.1051274299	0.0396059846	0.0770149925	0.0046491724	0.075958825	0.039256715	-0.0086328743	-0.0452625959	-0.0110006192	-0.1441388189	-0.064422423	0.0620767436	-0.0817535371	-0.0534707074	-0.0423452463	-0.0143719861	-0.0211055576	-0.039887713	-0.0132502235	0.1203148045	0.1170715291	0.0490061773	-0.1003470081	-0.1106880131	-0.0486333619	-0.0755494057	-0.1239032747	0.2261036473	-0.0084581476	-0.036774978	0.1475757882	0.0041223579	0.0022583111	0.0317702503	-0.0844734105	0.0365036785	0.0243631711	-0.0766222668	-0.129432	0.034006	0.001156408036	0.016752642624	-0.0763337999999999	-0.0397561999999998	0.0015805554384399	0.0058268490224399	-0.207759	-0.034694	0.001203673636	0.043163802081	-0.001141	0.00013736	1.88677696e-08	1.3018810000000003e-06	-0.000118752	6.8779999999999975e-06	4.730688399999997e-11	1.4102037504e-08	-0.000252213	0.000318661	1.0154483292099999e-07	6.3611397369e-08	0.0	0.0	0.0
43927.18835406647	37.46833698202681	1929597876.693633	1403.8762761987182	69144.94685845888	1024.2701610850927	4781023676.059102	1049129.3628892817	40510.63245696661	97.7847730127105	1641111342.0634365	9561.861833147315	46061.33858219336	43550.97639440476	1.444024	27.437555	0.14390388	0.0637705	0.074299143	-0.0124943733	-0.0437345673	0.1954446598	0.1458164841	0.0327293652	-0.1354744887	-0.0253334601	-0.1574007158	0.0420986744	0.2003631349	-0.0108356065	0.0415165667	-0.068448115	-0.1443152695	0.0895803746	-0.132173063	-0.0399954962	-0.033494158	-0.0187946602	-0.1088632015	-0.0426110708	0.050228485	-0.0581194216	-0.0154193303	0.0463472351	0.1631067765	-0.0352029413	-0.0025509077	-0.0563725898	-0.0315627942	-0.0006429546	-0.0098203936	0.0316868564	-0.0860602759	-0.0530673428	0.0203133163	-0.0377811201	-0.0515274485	0.1466882387	0.0316256518	0.1583123354	0.0598323816	-0.02020304	-0.2304359159	-0.0668621177	0.014847565	-0.0105674471	0.1013059158	0.0284176684	0.0410157795	-0.066178981	0.0907533005	-0.0511106309	-0.0140295456	0.1888745844	0.0853921255	0.0506402557	-0.0322189235	-0.1400353044	-0.0058981479	0.0391868189	-0.0072958499	0.0584782324	0.0210434581	0.0751730973	0.0487523263	0.1042854226	-0.0222359616	0.085961139	0.2048930913	0.0570915386	0.0223931549	-0.0489641093	-0.1022241611	-0.0270020242	-0.0644972383	0.0660917074	-0.0558482952	-0.1120056283	0.0033815274	0.0152537818	-0.0338163061	-0.0225274827	0.0232373659	-0.0523787661	-0.0955611257	-0.0490241482	-0.0854246103	0.0396539781	0.0193915285	-0.071945376	-0.157841	-0.028409	0.000807071281	0.024913781281	-0.10483	-0.0284962000000001	0.00081203341444	0.0109893289	-0.226296	-0.0185369999999999	0.0003436203689999	0.051209879616	-0.00186175	-0.0007207499999999	5.194805624999997e-07	3.4661130625e-06	6.86456e-05	0.0001873976	3.511786048576e-08	4.712218399360001e-09	-0.000713299	-0.000461086	2.1260029939600006e-07	5.087954634010001e-07	0.0	0.0	0.0
43867.06526120678	-60.123092859692406	1924319414.6309743	3614.786295015196	68182.64479527179	-962.3020631870896	4648873051.278203	926025.2608141291	40430.88656637855	-79.74589058806305	1634656588.5433693	6359.407065683323	45699.83162271482	41956.20091602446	1.589038	30.192945	0.1670303199999999	0.0896054	-0.0630606092	0.0908475984	0.1074991906	-0.0551890867	-0.1073568734	0.0094998907	0.0796706195	-0.0576274924	0.0156909894	0.0057539835	0.0277467829	-0.019654218	-0.1156232603	0.0960418119	0.0735527492	0.0276928205	0.0112793598	0.008020021	-0.0928777473	0.04956016	-0.0596056748	-0.0284948985	0.0312029749	0.0141919073	0.0879011484	0.022611872	-0.0391594237	0.0272107523	0.0339827163	-0.0625928346	-0.0276137899	-0.0022858374	-0.137311286	0.0433000085	-0.1176350538	0.0385282761	0.1128343159	-0.0364015964	-0.0749085267	-0.0652275111	0.0719940136	0.0603060304	0.0577359993	0.0134662567	0.0182642188	0.0972124157	-0.0326039337	-0.0877469811	0.0099737415	0.0443237933	0.0111384469	-0.0174127932	-0.1158987197	0.072145494	0.0104442814	-0.0531715134	-0.1245112373	0.0049062578	0.0101838282	0.0467235755	0.067488204	0.022137193	-0.0015874318	0.0803550401	0.1039252531	-0.0252841682	-0.0937846184	0.0411744749	-0.0534938646	0.0056819179	0.0229029738	0.0610342342	-0.0312054242	-0.0846056087	0.0549586323	0.025285935	0.0303066992	0.1102668216	0.0015075157	0.0466725208	-0.0512265851	-0.143200096	0.0326137155	-0.0343008501	-0.0098822569	-0.0903164356	-0.0469180683	-0.1178185774	-0.0863524559	0.0427609166	0.0143721814	-0.0669538864	-0.164624	-0.0067829999999999	4.600908899999978e-05	0.0271010613759999	-0.0466269	0.0582031	0.00338760084961	0.0021740678036099	-0.160961	0.065335	0.004268662225	0.0259084435209999	-0.0014571	0.0004046499999999	1.637416224999999e-07	2.12314041e-06	0.000101579	3.293339999999999e-05	1.0846088355599995e-09	1.0318293241e-08	-0.0010099	-0.0002966009999999	8.797215320099999e-08	1.01989801e-06	0.0	0.0	1.0
43934.04036209917	66.97510089239222	1930199902.538559	4485.664139546117	68313.80915360342	131.16435833163268	4666776521.07495	17204.08889654894	40451.40851017657	20.521943798019493	1636316450.4571853	421.15017724907074	45821.554572456494	42865.04013727111	1.271089	24.151665	0.0790870649999999	0.0469253	-0.0359629972	-0.0729736814	0.0171976981	0.0473069889	0.0058188965	-0.0718569917	0.0356070529	0.042396226	0.0391088774	-0.0472887728	-0.062367774	0.0029935321	0.1316284697	0.0404631344	0.0044325418	-0.0036834459	-0.0689823378	-0.0669996211	0.0253530009	0.0680397766	0.0680550153	0.103586997	0.0455373832	0.0012326557	0.0187524582	-0.0867087667	0.0138277982	0.0334230533	-0.0284491936	-0.0670781964	0.0557828152	0.0297037176	0.0174139753	-0.169063738	0.0430158448	-0.0628069809	0.0332671775	-0.0312326896	0.0501788402	-0.1060283937	0.0110084653	-0.0813095152	0.0625951005	0.0869772531	0.0009016092	0.1531248951	-0.0438833333	0.0606234269	-0.0297478732	0.1096668527	-0.0463176137	-0.057483162	0.0246886974	-0.0201856774	-0.0851232151	-0.0490734026	0.0057489455	-0.0269959701	-0.0267964138	-0.0828160575	-0.1140038971	-0.0696256681	0.0823696795	-0.0034594181	-0.0745508227	-0.1280122451	0.0073273677	-0.0247860193	0.0302510021	-0.0260975892	0.011057779	0.0346597261	0.1006962074	0.0876417405	0.012133587	0.0019673929	0.0508279682	-0.0222196791	0.0413738998	0.0272869723	0.0456390822	-0.0533507706	-0.1064864717	-0.0067114287	0.0247246931	0.0316284397	-0.0920442047	0.0728219214	-0.0872566935	0.0458210968	0.009317478	-0.0616696245	-0.157794	0.00683	4.664890000000004e-05	0.0248989464359999	-0.0562748	-0.0096479	9.308197441000002e-05	0.00316685311504	-0.153586	0.0073749999999999	5.439062499999989e-05	0.023588659396	-0.00226532	-0.0008082199999999	6.532195683999999e-07	5.1316747024e-06	2.14657e-05	-8.01133e-05	6.4181408368900014e-09	4.6077627649e-10	-0.00122625	-0.0002163499999999	4.680732249999996e-08	1.5036890624999998e-06	0.0	0.0	0.0
43929.65633061866	-4.384031480512931	1929814705.326264	19.2197320221284	68865.94974043159	552.1405868281727	4742519033.65165	304859.2276229589	40497.53321466829	46.124704491725424	1640050196.4731617	2127.4883644489955	45814.47611768689	42343.01448919374	1.239385	23.549269	0.0850697999999999	0.0480449	0.0868220702	0.0292898215	0.08455863	-0.0832795258	0.0409149458	0.0979575456	0.0892881985	-0.0454042259	0.0098751421	0.0382550236	0.021247722	-0.0483090365	-0.0744580006	-0.1048848973	0.0381632968	-0.024495329	-0.1433999295	0.0143146185	-0.0660789698	0.0172254319	0.0712426342	-0.002040627	-0.080669913	-0.0046939336	0.0864538868	-0.0343880443	0.0001543923	0.0248565836	0.0333332203	-0.0753741775	0.1497178863	0.0801532597	0.0178019743	0.0116650081	-0.0302717437	0.0080329626	-0.0797779082	0.0301259285	0.046770232	-0.1286856725	-0.0187601764	0.0347896465	0.1849299366	0.1216483844	0.0190526178	-0.0208100538	-0.1312491478	-0.0739397223	-0.0909881132	0.0408710638	-0.1062257301	0.0440573201	-0.011970348	0.0467707079	0.1094218606	0.033658618	0.0146169165	-0.1155464234	-0.0097613578	-0.0471361663	-0.086894031	0.0763452458	-0.0393344852	-0.0628817375	-0.0082116705	-0.0425125002	-0.0335963297	0.0636289466	0.0939462407	0.0416078293	-0.0373222759	-0.0231622783	0.1822514848	0.0229915174	0.1613316488	-0.0298659335	0.0068958352	0.026729899	0.1127879186	0.1290947699	-0.0055161217	0.0291401935	0.0071158055	-0.1126498997	0.0213953442	-0.0311844945	-0.1100665449	-0.0388319534	-0.088137076	0.0488311722	0.0042398529	-0.056115697	-0.174278	-0.016484	0.0002717222559999	0.0303728212839999	-0.0344395	0.0218353	0.00047678032609	0.00118607916025	-0.153541	4.499999999998949e-05	2.024999999999054e-09	0.023574838681	-0.00152233	0.00074299	5.520341401e-07	2.3174886289e-06	2.14657e-05	0.0	0.0	4.6077627649e-10	-0.00103513	0.0001911199999999	3.6526854399999974e-08	1.0714941169e-06	0.0	0.0	0.0
43950.230451331794	20.57412071313593	1931622756.7251723	423.2944431186887	68132.04921620521	-733.9005242263811	4641976130.399409	538609.979459757	40469.4237727172	-28.109441951091867	1637774260.495768	790.1407268018033	45788.08760791866	43194.041196686754	1.322249	25.123741	0.1015994	0.0461022	-0.0573464478	0.0584546258	-0.0601453408	0.0378227623	-0.0446743167	-0.0212304674	-0.0239631282	0.0232677466	-0.0973031015	-0.0447247648	-0.0287145116	-0.081219786	-0.0251233108	-0.012803109	0.055583565	0.0489630094	-0.0068598239	-0.0365413564	-0.0385351976	-0.0253507095	0.0112649721	0.0747351755	0.0023443534	0.0051521982	0.0088304704	0.0661873474	-0.0705970357	-0.0647977635	-0.202302834	0.0146087441	0.0676381126	0.082371543	-0.0186107917	-0.0842480959	0.0936438199	-0.0538082057	0.006436181	-0.0279108446	0.0290716533	-0.0152240534	-0.0743207629	-0.0756122426	0.0461130941	-0.0164271448	-0.0040711017	0.0244170605	-0.0209039438	0.0449845357	-0.0738951832	-0.0350060954	-0.0584362836	-0.1135463787	0.0553552691	0.0564763633	-0.0378694978	-0.0116894501	0.0421425227	-0.0168169016	-0.0645810335	0.0308450056	0.1049136526	0.0056591453	0.0095817532	0.0396267444	0.1173439456	-0.0159666574	-0.0870204114	0.0071832581	-0.0069939619	-0.0868755578	-0.0748815918	0.0627038947	0.0852403128	-0.025252014	0.1081426825	0.1175952162	-0.0239773085	-0.0316230728	-0.0613853582	0.067097495	0.2197765136	-0.0956318895	-0.1216787846	-0.0120237012	-0.0207950946	0.0367257931	0.0181456652	0.0876999709	-0.0889933628	0.0517878515	-0.0008482025	-0.0503163898	-0.157794	0.016484	0.0002717222559999	0.0248989464359999	-0.0465429	-0.0121034	0.00014649229156	0.00216624154041	-0.185541	-0.032	0.001024	0.034425462681	-0.00215145	-0.00062912	3.957919744000002e-07	4.6287371025000005e-06	2.14657e-05	0.0	0.0	4.6077627649e-10	-0.00122625	-0.0001911199999999	3.6526854399999974e-08	1.5036890624999998e-06	0.0	0.0	0.0
43823.6173533776	-126.6130979541922	1920509437.9352584	16030.876573557867	67940.91710988396	-191.13210632125265	4615968217.732122	36531.48206679863	40489.94951425828	20.52574154108152	1639436011.6671846	421.3060658112794	45882.80621836304	42720.45936511286	1.170598	22.242256	0.089038285	0.0463452	-0.062295574	-0.073809473	0.0732165335	0.0160040632	0.0133052809	-0.0945241718	-0.0349927616	-0.0540713518	0.0107839183	0.1186727493	-0.0397950828	-0.0091928001	0.0411520312	-0.0373219265	0.1104712612	-0.0478592914	-0.1105783719	0.0362194088	-0.041410668	-0.0063803251	0.0879046604	0.090223096	-0.0443670882	0.085807447	-0.092510824	-0.0007475081	-0.0822611341	-0.0506643758	-0.034452595	0.0338540176	0.0701034572	0.0012681802	-0.0352407529	-0.0969007955	0.1302500156	0.1342889071	0.0575449885	-0.0100677507	-0.0340829883	0.0679960545	-0.0957809791	0.062839729	-0.0570336714	0.0657097697	-0.0682662061	0.004153147	-0.0286220413	-0.0460937432	0.020659803	-0.0733346955	0.0392287692	-0.0499031297	-0.0339033664	-0.0461851033	-0.073699841	-0.0301525967	0.0275591522	-0.1403394037	0.0331694267	-0.0576480696	0.0230732466	0.0789880068	0.0892010178	-0.086944464	-0.0797984165	-0.0395959511	-0.0851594935	0.0175309957	0.0041496188	-0.0633186962	-0.1063885482	0.1151030718	-0.0382398121	-0.0018194544	0.0197742127	-0.0480519942	0.054155784	-0.0986336478	-0.0492929696	0.0867900166	0.023376125	0.0081845828	-0.0406657	-0.0211417984	-0.023021464	-0.0316628329	0.0714051037	0.0628503853	-0.0898253196	0.0546879015	-0.0059341712	-0.0442970619	-0.157866	-7.20000000000165e-05	5.184000000002375e-09	0.024921673956	-0.0465734	-3.0500000000002747e-05	9.302500000001675e-10	0.00216908158756	-0.172141	0.0134	0.00017956	0.0296325238809999	-0.00145466	0.00069679	4.855163041000001e-07	2.1160357156e-06	-0.000420653	-0.0004421187	1.9546894488969e-07	1.76948946409e-07	-0.0008544429999999	0.000371807	1.382404452490743e-07	7.300728402488291e-07	0.0	0.0	0.0
43792.240518815626	-31.37683456197556	1917760329.657797	984.5057471295838	68592.21581076954	651.2987008855853	4704892069.831183	424189.9977752511	40495.21415807846	5.264643820177298	1639862369.7086382	27.71647455333101	45914.90644478957	42713.31403653935	1.147835	21.809742	0.0609331999999999	0.0350571	0.0679677516	-0.0661724087	0.0922731411	0.0214050841	0.1098506058	0.0010888808	0.0398947271	-0.0767871198	0.0181767571	-0.0468050505	0.0932777975	0.1587815495	-0.0780781983	-0.0267610551	-0.037105373	-0.0175406039	-0.0409606767	0.0955234113	-0.0140258734	-0.1428626934	0.0884542822	0.0668321605	-0.0098941765	0.0462378941	0.1220904351	0.0711290315	-0.1033047852	-0.0812638183	-0.0149072894	-0.0074042582	-0.0503155706	0.0142007745	-0.0209031527	0.0196405269	-0.0953079129	-0.1589199099	0.0356438562	0.0296848083	-0.1315043775	0.028895254	0.0401273845	0.0139602662	-0.0069988167	-0.0415794249	-0.018786649	-0.0804369042	0.0710833218	-0.0743438528	0.0650368724	0.2169011599	-0.0137331746	-0.1334790407	-0.0540582761	-0.1249880565	0.0965972792	-0.0128520661	-0.0423357473	0.0648063917	0.0225986845	-0.0288795193	0.1219762468	0.0673802301	0.0716848476	-0.0987328093	-0.0528804832	0.0332468322	-0.0202053595	0.0579445667	0.0386571901	-0.1184500259	-0.081145997	-0.0022409762	0.0386828224	-0.1377356052	0.0311862168	0.1103792458	0.0166483427	0.0095959634	-0.119092128	0.003253615	-0.0856106444	-0.0199754154	0.0422845635	0.0162527003	0.0791378186	0.0298194658	-0.0046282898	-0.1224636119	-0.0906327191	0.0575281511	-0.0110055415	-0.0380840342	-0.157904	-3.799999999998249e-05	1.4439999999986695e-09	0.0249336732159999	-0.0556563	-0.0090828999999999	8.249907240999996e-05	0.0030976237296899	-0.178689	-0.0065479999999999	4.287630399999998e-05	0.031929758721	-0.00200315	-0.00054849	3.008412801e-07	4.0126099225e-06	-0.000420653	0.0	0.0	1.76948946409e-07	-0.000497647	0.0003567959999998	1.2730338561592864e-07	2.47652536609e-07	0.0	0.0	0.0
43806.84498309656	14.604464280935645	1919039667.3730524	213.2903769331251	68464.65541021987	-127.5604005496716	4687409040.440149	16271.655788392662	40380.70622783688	-114.5079302415761	1630601435.4588645	13112.06608820966	45801.46044856509	41961.70183271175	1.263351	24.004646	0.0902162999999999	0.0460624	0.0364778367	0.1019603247	0.1400905827	0.0016604659	-0.082285648	0.0900158196	0.0037481594	-0.1157581452	0.015064295	0.0461277552	0.0012736556	-0.068522608	-0.0959409837	0.0248814393	-0.021019158	-0.0979007724	-0.1235052745	0.0114813674	0.0621626429	-0.1095607882	-0.1061678882	-0.0692060775	-0.0272143676	-0.0676156582	0.0255142923	0.0569594351	0.0130641267	0.0877181464	0.1058633036	0.1719970831	0.0016032557	-0.0646801558	-0.0294637559	-0.1469825769	-0.0136952923	-0.2173053261	-0.0265314263	0.0551627009	0.1007935129	0.0139023254	-0.1563776035	-0.0774230825	0.0026002613	-0.035303283	0.0329152393	-0.0436583174	-0.0457054888	0.0294715044	0.0371105557	0.013738098	0.0948615553	0.0364318901	-0.021211676	0.0731895988	0.0515826973	0.0493209411	-0.0264770598	-0.0406165581	0.123873902	0.073480002	-0.030533359	0.085725686	0.1190114767	-0.0417713719	-0.0186499414	-0.0197615734	0.1890857025	-0.0966296741	-0.080636694	-0.0682986463	-0.0089131362	0.0047084161	-0.1138954237	0.0129392833	0.0038155108	0.0856056592	-0.0530551108	0.0151987695	-0.1619677719	-0.0209251164	0.0515880061	0.0764464771	-0.077487964	0.0876567343	0.0157014462	0.0639852467	-0.0819131198	0.0467004256	-0.0914153405	0.0603054945	-0.0160498375	-0.0317044747	-0.155006	0.0028979999999999	8.398403999999907e-06	0.024026860036	-0.0465707	0.0090856	8.254812735999998e-05	0.00216883009849	-0.169427	0.0092619999999999	8.578464399999986e-05	0.028705508329	-0.00157373	0.00042942	1.844015364e-07	2.4766261129e-06	-0.000642044	-0.000221391	4.9013974881000024e-08	4.122204979360001e-07	-0.00122625	-0.0007286029999999	5.308623316089998e-07	1.5036890624999998e-06	0.0	0.0	0.0
44009.67962892353	202.83464582696612	1936851901.0404863	41141.8935477508	68020.32376068812	-444.33164953175583	4626764444.508832	197430.6147756111	40438.74538730053	58.039159463645774	1635292128.4989195	3368.544031246503	45744.11487159576	42900.04614622366	1.349093	25.633799	0.082328	0.0401294	-0.1110014175	-0.0086347793	0.0280358238	-0.0518408095	-0.1197766014	-0.096897558	0.0949690317	0.0324294423	-0.0439943396	0.0711468021	0.1036798579	-0.0807473876	0.0094865207	0.041191047	0.0735695128	-0.00463425	-0.0613688692	0.0328856055	0.0585613276	-0.0325977689	-0.1109690034	0.0659657893	0.0341980423	-0.1214425526	-0.0085034127	0.0020692274	-0.0043531183	-0.0121135666	0.0575515963	0.1147615851	-0.1981681251	0.0896630412	-0.0503382928	0.0302113039	-0.0380607764	-0.0493006472	0.0566548725	0.0930318151	0.0212797733	0.0622843896	0.038111554	-0.0350197822	-0.0233942956	0.1146550864	0.0380013653	-0.0748586176	-0.1505690927	-0.1232756414	-0.0239784185	-0.0316232494	0.0154575882	-0.0664474343	-0.0439524934	0.0850533042	-0.0709475139	-0.0894047806	0.0108126606	-0.0391751544	0.029190503	0.02378052	-0.0206157412	0.1169850357	-0.0377757281	0.064906611	-0.0264141026	0.096479365	0.0852745453	-0.1093843916	-0.020892342	-0.1473344941	-0.0162631324	-0.0736636087	0.1926702965	0.0107462385	-0.0643310142	-0.0406112766	-0.0750725152	0.0552453065	-0.2025740549	-0.0406550378	-0.1167921258	0.017734341	0.0928011815	0.1310862428	-0.005603558	-0.0289946745	0.0671956708	-0.1437836386	-0.0921729699	0.0630168947	-0.0210546499	-0.0251862796	-0.160915	-0.0059089999999999	3.491628099999997e-05	0.025893637225	-0.0465664	4.299999999998749e-06	1.848999999998924e-11	0.00216842960896	-0.199153	-0.029726	0.000883635076	0.039661917409	-0.00188256	-0.0003088299999999	9.537596889999999e-08	3.5440321535999995e-06	-0.0008558679999999	-0.0002138239999998	4.5720702975957225e-08	7.325100334238289e-07	-0.00163737	-0.00041112	1.6901965440000006e-07	2.6809805169e-06	0.0	0.0	0.0
44162.71884523	153.03921630647528	1950345735.8028333	23421.00172770013	68994.58679636604	974.2630356779264	4760253007.201287	949188.4626883684	40553.00635804521	114.26097074468272	1644546324.6756554	13055.569435517238	45887.51236652338	43569.83102419754	1.405133	26.698614	0.0822476	0.0500324	0.0764017723	-0.0938458024	-0.0578425824	-0.119183449	0.0985130732	0.0414683761	0.1435339331	0.1645053676	0.0226931667	-0.073349198	0.0544089378	0.1537806133	-0.0185025864	-0.0174576631	-0.0383786798	0.0042798022	-0.0946839809	0.0858518911	0.1005766464	-0.0498398808	0.0758692726	0.1323388653	0.0443578147	0.0093629078	-0.0347628042	-0.0662227523	-0.0900340249	-0.1637427429	-0.0090713489	0.0656368465	-0.0026636402	0.0730626671	-0.0122299498	0.0031913276	0.0259562235	-0.0314945916	-0.0727574297	-0.003648464	0.105442881	0.0670538757	0.1777208792	0.0373502498	0.0804071668	0.0065469399	0.0560046566	-0.0766955569	0.0632814478	0.029854534	0.0927494419	-0.0704557615	-0.0089009373	0.042862916	0.0396675542	-0.1007899009	0.1120267251	-0.0956677115	-0.0512255972	0.0744116504	-0.0293436013	0.0016739389	-0.0626431133	0.1272604562	0.0647801963	-0.128591304	0.0593147218	0.0522276883	-0.1292919848	-0.0552530718	0.01458379	-0.1793057396	-0.0237331102	-0.0630370938	0.0866281379	0.0718344363	0.0281179262	-0.0014342116	0.0070240951	-0.0158785466	0.0225701856	-0.0881183166	0.0448213736	0.0549073055	0.0697837596	0.0942138693	0.0234088628	-0.0200925616	-0.0733943304	-0.124540273	-0.0929054001	0.0656593869	-0.0260076665	-0.0185579513	-0.178957	-0.018042	0.000325513764	0.032025607849	-0.0318143	0.0147521	0.00021762445441	0.0010121496844899	-0.20965	-0.010497	0.000110187009	0.0439531225	-0.00110343	0.0007791299999999	6.070435568999997e-07	1.2175577649e-06	-0.0008558679999999	0.0	0.0	7.325100334238289e-07	-0.00163737	0.0	0.0	2.6809805169e-06	0.0	0.0	0.0
44125.57473528939	-37.144109940614726	1947066345.7196093	1379.6849032804737	69306.29546900447	311.7086726384296	4803362591.63695	97162.29659801164	40463.4965046912	-89.50985335401492	1637294549.3851566	8012.013847457257	45939.42043107325	43825.75795423413	1.185609	22.527479	0.0469738	0.0311979	0.081750013	0.068010776	-0.1323182831	-0.0781875149	-0.0049952646	0.1541730828	-0.0251412213	0.0909467991	0.0023559554	0.0854501479	0.0505369907	-0.0675691728	-0.1454580007	-0.0128858983	-0.0135984473	0.0240180977	-0.1169959585	0.0695028284	-0.2837635354	0.1071541761	-0.1417140378	0.0334316521	0.0810944861	-0.0476652232	-0.0181850663	-0.1141096479	0.1163658688	0.0092328717	-0.1260977903	0.0465239207	-0.0613101279	0.0449305465	0.1490569994	0.0552118969	-0.0935204747	0.0035890557	-0.010247399	0.1172653176	0.0708776782	0.0515523767	0.1029364819	-0.1713004588	-0.1338577452	0.0186294128	0.0747294788	0.0086478692	0.0531148428	-0.0408884298	-0.0191526016	0.0017901658	-0.0551577538	-0.0494599909	0.0154327155	0.0530480107	0.0383797989	0.0922135468	-0.0188736384	-0.0899361477	-9.54816e-05	0.0433656699	-0.0851826701	0.1991112548	-0.1155358791	0.1720471975	0.0429298833	-0.174906585	-0.0592684266	0.1334016883	-0.1075068873	-0.1369957578	0.0679624401	-0.1953396291	0.0375470096	-0.0046911104	-0.0689015664	0.0412886688	-0.0582864255	-0.0578382164	0.0278565964	-0.0247804268	-0.0497698432	-0.0699874803	-0.0829799438	0.1590085852	0.1326920655	0.0333281941	0.1037555257	0.0682077587	-0.0936124309	0.0682300815	-0.0308967027	-0.0118484738	-0.178918	3.900000000001125e-05	1.521000000000877e-09	0.0320116507239999	-0.036588	-0.0047737	2.2788211690000056e-05	0.001338681744	-0.202162	0.0074879999999999	5.607014399999992e-05	0.040869474244	-0.00161887	-0.0005154399999999	2.6567839359999984e-07	2.6207400769e-06	-0.000677846	0.0001780219999999	3.1691832483964414e-08	4.5947519971600006e-07	-0.00163737	0.0	0.0	2.6809805169e-06	0.0	0.0	0.0
43991.47224364613	-134.10249164325796	1935249630.163488	17983.478264930072	68277.54382761604	-1028.7516413884296	4661822991.13203	1058329.939659388	40455.71838523197	-7.778119459224399	1636665150.0651965	60.49914232196526	45740.0088459306	43250.94776946711	1.205212	22.899958	0.10124063	0.0492447	-0.0706446412	0.0585872122	-0.0414975025	-0.0967970887	-0.0656010121	-0.0040092562	0.0462313077	-0.0152718183	-0.0883925634	0.0518303509	-0.1361066173	-0.0943595086	0.0020599911	-0.042162619	0.1358451388	-0.0233798867	-0.0298745799	0.0188794755	0.0270362909	0.0451641716	-0.0795395242	-0.0036393143	0.095388886	-0.0029538914	0.0060063592	-0.0494689409	-0.0540210144	-0.1279582052	-0.1235694708	0.0227734371	-0.0051457837	0.0595578706	0.0835211102	0.1577138392	0.0430862609	0.1222658313	-0.0922939742	-0.0428388253	-0.0282146962	-0.0892084742	-0.0372658812	-0.1051413244	0.0614496244	0.0008808174	-0.0637736017	-0.0147823616	0.0968217686	0.0829255727	0.0267341634	-0.0101322889	0.0136286188	0.0686582023	0.0444492011	0.0605046824	0.0152885116	-0.1015707211	0.0763341415	-0.0786336714	0.0053985016	0.0709341656	0.0317248657	0.0765898097	0.024695178	-0.0145928143	0.1618588624	0.0270159019	-0.1029258746	0.0250415409	-0.0270922023	-0.0612081904	0.0992406727	-0.026484599	-0.0242710842	-0.021494949	0.0348615742	0.0490504174	0.1530679869	-0.0385955931	0.1015039351	-0.0446699244	0.1273679824	-0.1670854169	0.0250211059	-0.0467096779	-0.0720967875	0.0420332556	0.1003855508	0.0192220675	-0.094293869	0.0707261675	-0.0357097311	-0.0050871859	-0.189271	-0.010353	0.000107184609	0.0358235114409999	-0.00176377	0.03482423	0.0012127269950929	3.1108846129e-06	-0.182253	0.019909	0.000396368281	0.033216156009	-0.00109695	0.0005219199999999	2.724004863999999e-07	1.2032993025e-06	-0.000476678	0.0002011679999999	4.0468564223999984e-08	2.2722191568400002e-07	-0.00163737	0.0	0.0	2.6809805169e-06	0.0	0.0	0.0
43956.670972175954	-34.80127147017629	1932188922.956136	1211.128495940906	68429.44644493079	151.9026173147431	4682589140.75965	23074.40514706929	40475.327829491725	19.609444259753214	1638252162.9048274	384.5303041763684	46000.60758855735	43278.28111147643	1.252967	23.807337	0.1585507299999999	0.0678868	-0.0107700128	-0.0792613457	-0.0363484376	0.028095543	0.0672797942	-0.0612313225	-0.0830477629	0.0218721598	-0.011074966	-0.0097274402	-0.049429114	0.1104036693	0.0149980554	0.0816647866	0.0445509584	-0.0097400742	-0.1220040092	0.0015070768	0.0212543849	-0.1011456097	0.1184958105	0.0717441036	0.0928065055	0.1279670276	0.0633914708	-0.0626306842	0.0105280332	0.2725372676	-0.0109168308	-0.0172997703	-0.0529662761	0.0546824512	-0.0277544075	-0.0889679266	-0.0762340814	-0.0525715475	0.0520840321	0.0163215402	0.0117766085	-0.0019443457	0.0587068752	-0.0551933425	-0.0500917459	-0.090208228	-0.0302516398	-0.0169491346	0.0488202571	0.05966591	-0.0859684783	-0.105929109	0.0162179988	-0.0522344926	-0.0236451433	-0.1036719517	-0.0985878783	0.0473588888	-0.1180295351	-0.0656744929	-0.0382328334	-0.1106650709	-0.0074224298	-0.0432596582	0.1619370438	-0.0260938316	-0.0175835469	-0.0682644992	0.0446057747	0.1791396141	-0.0848880492	-0.0220909412	-0.0693530838	-0.1113473992	-0.0285692823	0.0742935825	-0.0611707584	0.0142237273	0.0544858275	0.1509305989	0.0017858059	-0.0165155162	0.0715407872	0.0574048861	-0.0077688649	0.0476874998	0.1039736606	0.045659122	-0.0953433774	0.0496182482	-0.0949495281	0.0731449155	-0.0404349114	0.0016963469	-0.173081	0.0161899999999999	0.0002621160999999	0.029957032561	-0.0417039	-0.03994013	0.0015952139844169	0.00173921527521	-0.223262	-0.0410089999999999	0.0016817380809999	0.0498459206439999	-0.00181121	-0.00071426	5.101673476e-07	3.2804816641e-06	-0.000327416	0.000149262	2.2279144644e-08	1.0720123705600003e-07	-0.00200208	-0.0003647099999999	1.330133840999999e-07	4.008324326399999e-06	0.0	0.0	0.0
43885.65822267281	-71.0127495031411	1925950997.63725	5042.810591995866	68728.34969844259	298.9032535118022	4723586052.271413	89343.15495994069	40441.12038268321	-34.20744680851203	1635484217.8066757	1170.14941715718	45828.452622991965	42592.81109359534	1.204612	22.888554	0.0941586	0.0417489	0.1047745498	0.0130259596	0.0625586222	-0.0503245309	0.054888332	0.0896804244	0.0183483917	-0.0946191061	-0.0276823049	0.1150280551	0.0919516889	-0.0066761587	-0.0906377143	-0.0659813033	0.0074954574	-0.1373617885	-0.0775591847	0.0296977434	0.0096479056	-0.0054101629	-0.0097435356	0.0985086564	-0.0245353659	0.0180076993	-0.1534428322	0.0303569785	-0.0040304742	0.0818937543	0.0087960701	0.0050177378	-0.0489083385	0.134477637	-0.0932437112	0.0966179315	0.1704445137	0.0278545285	0.154396864	-0.0305404582	-0.0186584709	0.0357458029	0.1464301805	-0.0297847907	-0.0546084936	-0.0200684616	-0.0404137715	-0.1116736644	-0.0631004562	0.0467690202	0.0057989786	-0.1108402292	-0.1708876698	0.0368886376	0.0002483527	0.0148360824	0.0987370241	0.0627404818	-0.012511541	-0.1097192152	0.0994146275	-0.0380788318	-0.0396306707	0.0497683392	-0.0338948184	-0.0538244946	0.0645989539	0.0435378795	-0.0694103599	0.1394861982	-0.1012982733	-0.0421149305	0.0006060438	0.0052361496	0.1033698737	0.1868970692	0.0215761356	-0.0781836562	0.0269981199	-0.0756466069	-0.1539850176	-0.0918523095	0.0557411103	0.0416405342	0.0605521948	-0.0062656971	-0.1458718533	-0.0153622785	0.1504387233	-0.1116210541	-0.0955792289	0.0754836805	-0.0450606192	0.0084724621	-0.161931	0.01115	0.0001243225	0.0262216487609999	-0.0236859	0.018018	0.000324648324	0.00056102185881	-0.200562	0.0226999999999999	0.00051529	0.0402251158439999	-0.00145261	0.0003585999999999	1.2859395999999998e-07	2.1100758121e-06	-0.000271954	5.5462000000000046e-05	3.076033444000005e-09	7.395897811599999e-08	-0.00157033	0.0004317499999999	1.864080624999999e-07	2.4659363089e-06	0.0	0.0	0.0
43881.002878170606	-4.655344502207299	1925542413.594017	21.672232434231727	68172.06306621539	-556.2866322272021	4647430182.704048	309454.8171946824	40408.09939236111	-33.0209903221039	1632814496.5029342	1090.3858018524793	45628.78608117365	42909.17870232077	1.247968	23.712351	0.0844011499999999	0.0456864	-0.0149322091	0.077370426	-0.0162642578	0.0241013709	-0.0438221295	0.0299754704	-0.0407927929	-0.0522661303	-0.0561835301	-0.0489946227	-0.1621919416	-0.1106259932	-0.0826574752	-0.0218363526	0.0567149032	-0.039196885	0.028189365	0.0032703287	0.1228214055	-0.0425856396	-0.0266709155	-0.0374106961	0.090410534	-0.0011418361	0.0661641541	-0.0088980445	0.0224892969	0.0505368499	0.0581202379	-0.0120168114	0.0246001079	-0.0683887331	-0.0055304305	0.0016870968	0.0639009525	0.0142641196	0.1180940303	-0.083295103	0.0909890703	0.0879651236	-0.043019093	-0.0587291644	0.0127592927	0.1375670845	0.1181540633	0.0237755578	0.0856752304	0.0997864967	0.0598073006	-0.1838229922	0.022206634	-0.1714526102	-0.1354214152	0.0804722974	0.0606431644	-0.0554429412	0.0571464273	-0.0416741838	0.0613904746	0.0419325382	0.0904321786	-0.0775938843	0.1151539293	0.0399917921	0.1686259239	-0.0039981984	0.1105057326	-0.0289770758	0.0381892404	-0.0666151386	-0.0687189421	0.0272513603	0.0262061881	0.0703724272	-0.0416408892	0.0684187424	-0.0436030985	-0.0805242602	-0.0388803458	-0.010106921	-0.0791846524	-0.0923598343	-0.1882982907	0.0251221058	-0.0632540647	-0.1241626284	-0.033524201	-0.0669206036	-0.0961827994	0.0777399053	-0.0495754752	0.0152115293	-0.16194	-9.000000000009e-06	8.100000000016202e-11	0.0262245636	-0.0416149	-0.017929	0.000321449041	0.00173179990201	-0.189316	0.0112459999999999	0.0001264725159999	0.035840547856	-0.00211566	-0.00066305	4.396353025000002e-07	4.476017235600001e-06	-0.000422977	-0.000151023	2.2807946529000005e-08	1.78909542529e-07	-0.0018606	-0.00029027	8.425667290000002e-08	3.46183236e-06	0.0	0.0	0.0
43805.33826004478	-75.66461812582565	1918907660.0769432	5725.134436127024	67762.42701547232	-409.6360507430654	4591746515.027213	167801.69406837528	40443.82622266549	35.72683030438202	1635703079.5291648	1276.4064035981094	45843.272966213815	42712.289360439936	1.258384	23.910257	0.07399792	0.0387709	-0.0745118458	-0.0721243972	0.1025643807	0.0285226052	-0.0103205391	-0.1161893952	0.0116026527	-0.1353123215	0.040458422	0.1073293397	-0.1350785212	-0.0157594328	0.0215318177	-0.0279564524	0.1180757867	-0.1051990819	-0.1202688729	0.0190150046	0.0528196022	0.0443926435	0.0369409546	0.0434448248	0.0338654142	-0.0041872146	0.150771538	0.0402579063	-0.0108269673	-0.0847989563	0.0485486146	-0.0698261327	0.0424135349	0.010532681	-0.0829053929	0.0230606306	0.1647678554	-0.0234329873	-0.0594416134	0.0392473703	0.0887358994	0.0147281367	0.0541659021	-0.0378062573	-0.1190965769	-0.0260230549	0.0889247059	0.0124345082	0.0060510027	0.0179392394	0.067442564	-0.0829178855	0.0277141974	0.0369073158	-0.1015313807	-0.0300911539	-0.0505954463	-0.0641544718	0.0133549073	-0.1493909442	0.0869174385	-0.0381925524	-0.0511455296	0.0237802457	0.1484858835	0.0541035156	-0.0352812253	-0.0790955891	0.041915812	-0.0771760742	0.0242006569	-0.0041014767	-0.0728906324	0.1042582697	0.1262359537	-0.0285819188	0.0459182296	0.0532123672	0.0770069206	-0.0500723317	-0.0074539033	-0.059557363	-0.0438923325	-0.0124781987	0.0490746384	0.0840068814	-0.0599549855	-0.0622988157	0.0022539075	0.0326644217	-0.0967600744	0.0799111227	-0.0539683725	0.0218840804	-0.161838	0.0001019999999999	1.0403999999998162e-08	0.026191538244	-0.0417057	-9.079999999999504e-05	8.244639999999101e-09	0.00173936541249	-0.158549	0.030767	0.000946608289	0.025137785401	-0.0018306	0.00028506	8.12592036000001e-08	3.35109636e-06	-3.21746e-05	0.0003908024	1.5272651584576004e-07	1.03520488516e-09	-0.0020455	-0.0001849	3.418801e-08	4.18407025e-06	0.0	0.0	0.0
43808.91388237832	3.575622333541105	1919220935.55364	12.785075072117936	68534.61094640676	772.1839309344359	4696992897.575336	596268.0231933577	40431.74352883053	-12.08269383496372	1634725884.7811294	145.9914903094703	45756.96290500544	42704.094217291786	1.246598	23.686312	0.0793185699999999	0.0486	0.0777591455	-0.0496608056	0.0832838035	0.0232374497	0.093807384	0.0066328608	0.0541150358	-0.0916855153	-0.091328909	-0.0251445632	-0.0078541829	-0.0030896289	-0.0120104758	-0.0538226546	0.0713865229	-0.0663720674	-0.0126846258	0.1307514231	0.006515308	-0.0194979194	0.10106342	-0.0194477887	0.0055690086	-0.1239155105	-0.0043671174	-0.0723729894	0.0838927955	0.0824191321	-0.0517314214	0.0945502697	-0.0258531957	0.0283336669	-0.0415174075	-0.0058857661	0.0203705671	-0.0090243765	-0.0891438747	-0.0513290584	0.1351632294	-0.0667358097	-0.0053253103	-0.0122530775	0.0354940501	-0.1055000627	-0.0165156253	0.0172720631	0.0571699403	-0.0152127872	0.081116367	-0.0844580185	-0.0234275929	0.0806018898	0.0435539639	-0.0379925319	0.1209354894	-0.0715014183	0.0635250163	-0.0330860181	0.0852385803	-0.0860708235	0.0943687258	0.0709218428	0.0146153906	0.0233270689	-0.0359768493	0.0427914727	0.123750855	-0.0594383152	0.0300745029	-0.0267944934	-0.0599303415	-0.0850698643	0.0536420953	0.1224903619	-0.0956581584	-0.0057432306	0.0775141278	-0.0594611346	0.0024714231	0.0377304103	0.1098756341	-0.0070645089	0.0494914498	0.0599367128	-0.0513918576	-0.0403466878	-0.069990056	0.1061135179	-0.0973108962	0.0819949584	-0.0582285042	0.0284609379	-0.168315	-0.0064769999999999	4.1951528999999775e-05	0.0283299392249999	-0.0416403	6.540000000000018e-05	4.277160000000024e-09	0.00173391458409	-0.205894	-0.047345	0.0022415490249999	0.042392339236	-0.00202684	-0.0001962399999999	3.851013759999995e-08	4.108080385599999e-06	-0.000260488	-0.0002283134	5.212700861956e-08	6.785399814400002e-08	-0.00196143	8.406999999999989e-05	7.067764899999982e-09	3.847207644900001e-06	0.0	0.0	0.0
43831.52549339816	22.611611019841803	1921202627.078413	511.2849529126312	68146.26721549267	-388.3437309140864	4643913735.405331	150810.8533402723	40421.95793393543	-9.785594895096438	1633934683.2128456	95.75786745093744	45842.62688710571	42465.08645450368	1.312411	24.936819	0.11874125	0.0563054	0.0087411785	0.1163363678	0.0436245217	0.1022513954	-0.0841574409	0.0457928651	-0.0950049907	-0.0466000672	0.087137287	-0.0385916887	-0.053961533	-0.0611770753	0.0104530151	0.0367917148	-0.0261928599	0.0350679504	-0.0315541155	-0.0152504411	-0.0249299124	-0.1416458287	0.0314615535	-0.1115167881	-0.0556363209	0.0329926774	-0.0899235716	-0.1304800755	-0.1004090654	-0.094937323	-0.0543019994	-0.1010940499	0.0038189823	-0.0483559667	-0.0702167108	-0.0579628314	0.1203582002	-0.1075855547	-0.0015224528	-0.1185869253	0.0274030068	0.0412633606	-0.0292992988	0.0475042365	-0.1337504482	-0.1051785478	-0.0875213857	-0.1895015177	-0.0671846773	-0.0626032799	0.1926379034	-0.0398265733	-0.0433597189	0.0553235528	0.0588820651	0.0531856077	-0.0220369352	0.0703307164	0.0003661712	0.0757524753	0.0342013389	0.0605115511	0.0291386271	0.0917559995	0.07893326	-0.0585179715	-0.0474569602	-0.1018830421	0.0673393215	-0.0871815626	-0.1456386025	0.109394435	-0.0864833585	0.1258545221	0.0691009822	0.0799822677	-0.0881290123	0.0150568874	-0.0333392799	-0.0969965129	-0.0065457873	0.0349648762	0.0317911068	0.0296047879	0.1618691758	0.0414884002	-0.0821445867	0.0777056856	-0.0539344407	-0.0543275577	-0.0978351141	0.0839891338	-0.0623453902	0.034913343	-0.143163	0.0251519999999999	0.0006326231039999	0.020495644569	-0.0348915	0.0067487999999999	4.554630143999999e-05	0.0012174167722499	-0.229358	-0.023464	0.000550559296	0.052605092164	-0.00164448	0.0003823599999999	1.4619916959999984e-07	2.7043144704e-06	-0.000734767	-0.000474279	2.24940569841e-07	5.39882544289e-07	-0.00155054	0.00041089	1.6883059210000014e-07	2.4041742916e-06	0.0	0.0	0.0
43862.042653668046	30.51716026988288	1923878785.7521951	931.297070937718	67829.61532980455	-316.6518856881157	4600856715.789257	100268.41670983953	40413.38005827054	-8.577875664894236	1633241287.7342188	73.57995092238474	45773.28610666625	42791.7324157991	1.273957	24.206158	0.0735885499999999	0.0412184	-0.1121955123	-0.008403219	0.0468720351	-0.0284529192	-0.0823315191	-0.1016207765	0.0533405367	-0.033466924	0.0253836458	0.0591320377	0.0437317112	-0.0759903904	0.0499142621	-0.0319785271	0.1237981909	-0.051736674	0.1256202469	0.0245705513	-0.0245671985	-0.0784808764	0.0319279366	0.0150670763	0.0493944938	-0.0210939518	0.0953366966	0.0390185651	0.0045903372	0.0630120847	-0.0306024515	0.0827442148	0.0346242918	-0.0162868903	0.0537404215	-0.0618173375	-0.1184109298	0.049876194	-0.0036849539	0.0720925409	-0.0115756493	-0.0383032801	0.1178969894	0.0644358032	0.0007956944	-0.1069728659	-0.0109518294	-0.0342035126	-0.0090062151	0.0765171447	-0.0383503179	-0.1486766757	0.0192301748	-0.021139457	0.0059282826	0.0472992654	-0.0877927214	-0.0596315929	0.0278447893	-0.0769903144	0.0375097684	0.0699075039	0.0664622354	-0.009329704	-0.0986689434	-0.0411350818	-0.0745417663	0.0641043698	0.0406419986	0.0168441207	0.0967963714	-0.0193292805	-0.0027882188	-0.0736034262	0.0717124413	0.0263051319	0.0028709984	-0.008736075	0.0460803061	0.1880659183	0.0428710994	0.0877342649	-0.0419435956	0.1016661005	0.0252767067	0.0876128355	0.0428311599	0.0547442919	-0.1124313488	0.0063480928	-0.0983325849	0.0858914684	-0.0663089027	0.041213081	-0.162019	-0.0188559999999999	0.0003555487359999	0.0262501563609999	-0.023151	0.0117404999999999	0.0001378393402499	0.000535968801	-0.211239	0.0181189999999999	0.0003282981609999	0.044621915121	-0.00164698	-2.499999999999898e-06	6.2499999999994905e-12	2.7125431204e-06	-0.000734768	-1.000000000015745e-09	1.0000000000314906e-18	5.39884013824e-07	-0.0020455	-0.00049496	2.4498540160000004e-07	4.18407025e-06	0.0	0.0	0.0
43836.71717381293	-25.32547985511337	1921657772.5768657	641.3799298917532	68431.39339881921	601.778069014661	4682855602.503958	362136.8443470141	40482.63714816046	69.25708988992119	1638843910.4696212	4796.544500020624	45961.24697357137	43250.6646431349	1.212859	23.045246	0.0654260999999999	0.0330648	0.0363586383	-0.0884736284	0.0241465638	0.0682658384	0.1205944485	-0.0413600324	-0.0273683162	-0.0952737728	0.0451539822	-0.0396501655	-0.0078712583	0.172640986	0.0100242422	0.0152130104	0.0531136336	0.0227436191	0.0824262828	-0.0133891591	-0.0844584652	-0.0985726982	-0.0872958689	-0.0894866281	-0.0644994637	-0.0298270927	0.0326263944	-0.0751746824	-0.0027042049	0.0697319708	-0.0129793523	0.0058343454	-0.0326899059	-0.0247662416	-0.0009379586	-0.0584765855	0.0179879376	-0.0692021586	0.0355204763	0.0102735966	0.0529595854	0.0254553707	-0.0361128335	0.084978504	0.1300761309	0.0190776006	-0.0849403449	-0.0299608316	0.0791879815	0.0592042243	-0.0311565595	-0.0524173923	-0.0332173317	-0.0166328169	0.183594439	-0.1554734031	0.0093577626	-0.0056696143	-0.0739320021	0.0571148039	0.0165447995	0.0892370313	0.1654988232	0.0108761404	-0.0150010289	0.017733142	0.012898638	-0.0379714155	0.0245651678	0.0409523653	-0.0496549416	0.130835725	0.0593479497	-0.0640038278	0.0124862455	0.0660217078	-0.0275638405	0.06573371	-0.0281955457	0.0427065432	-0.0385609001	0.0791236851	-0.0167771666	0.0542510662	-0.0847054345	-0.041206611	0.0430053256	0.0077228837	-0.113370805	0.0587187255	-0.0988031726	0.0876998819	-0.0701092912	0.0473326046	-0.154432	0.0075869999999999	5.756256899999973e-05	0.023849242624	-0.0354416	-0.0122905999999999	0.0001510588483599	0.0012561070105599	-0.223524	-0.0122849999999999	0.0001509212249999	0.049962978576	-0.00129032	0.0003566599999999	1.2720635559999997e-07	1.6649257024e-06	-0.000734768	0.0	0.0	5.39884013824e-07	-0.00173689	0.0003086099999999	9.524013209999998e-08	3.0167868721e-06	0.0	0.0	0.0
43746.71499406843	-90.00217974450061	1913775072.772252	8100.392358761395	68882.16479412663	450.7713953074126	4744752626.725218	203194.85082739164	40345.31213984929	-137.32500831117068	1627744211.6618702	18858.15790766309	45804.42413436297	42032.85538876909	1.240257	23.565826	0.0817316999999999	0.037804	0.091181418	0.0396999375	0.1489549038	-0.0409477312	0.0539635485	0.1102401122	0.114069468	-0.1297678623	-0.015764203	-0.030538133	-0.0683015984	0.0042869323	-0.1578501226	0.0282598679	-0.1165016356	-0.1265464986	-0.0259711105	0.1367312404	0.1317274057	0.0075947676	0.0469442364	0.1619247539	-0.0309167866	-0.0424111863	-0.1064351075	-0.0377196024	0.0325087265	-0.0267766736	0.0387539571	-0.0704800062	-0.2219214541	-0.0436139499	0.0553607431	-0.0129230696	-0.0486724734	0.0665574497	-0.0200319016	-0.0164505239	-0.0076768839	-0.0866094893	-0.0017212664	0.0627392041	-0.0123221975	0.0825522174	-0.060256762	-0.0438837273	-0.1226318407	0.015469645	0.034301333	-0.0056939933	-0.0033997817	0.0542299737	0.0013137136	0.0231560434	0.1062200219	0.083462773	-0.0499036623	-0.0180622367	0.1494497251	-0.1040306224	-0.0974956115	-0.1562196913	0.0376777194	-0.0037766807	-0.1374660968	0.2353251966	-0.1331767828	0.067100885	-0.1929162741	-0.1239588465	0.040191059	-0.0329430074	0.0307418826	-0.0649632619	-0.1299660841	-0.0438821974	-0.100961765	0.0374789476	0.0962771877	0.0173642364	-0.0699579073	-0.0043826787	0.055787149	-0.0428095628	-0.0475925096	0.0039472181	0.0323957983	0.0410589064	-0.0992467484	0.0894123968	-0.0737372065	0.0532451548	-0.156062	-0.0016299999999999	2.656899999999976e-06	0.024355347844	-0.0175104	0.0179311999999999	0.0003215279334399	0.00030661410816	-0.21133	0.012194	0.000148693636	0.0446603689	-0.00104866	0.0002416599999999	5.8399555599999945e-08	1.0996877956e-06	-0.000210848	0.00052392	2.744921664e-07	4.4456879104e-08	-0.00150294	0.00023395	5.4732602500000065e-08	2.2588286436e-06	0.0	0.0	0.0
43823.92989164003	77.21489757159725	1920536831.1473808	5962.140406992255	67950.49582654724	-931.6689675793896	4617269883.073613	868007.0651504457	40394.85154172208	49.53940187278931	1631744031.0777664	2454.152337913721	45755.81318895373	42567.28565773252	1.273874	24.204588	0.1098776	0.0500008	-0.0176871329	0.0722500805	0.0457078532	0.0789981312	-0.0804728434	0.0087562553	-0.0366660454	-0.0349260799	-0.0270443249	-0.095514517	-0.0517537243	-0.0446784334	0.0157639673	0.0375343639	-0.0879940561	0.0203247216	0.0220607398	-0.0323663818	0.1059651609	0.0046282127	0.0156206592	0.0014163731	0.0084567109	0.0185504977	-0.0477962756	-0.0169329581	-0.0910063019	-0.0163700045	-0.0437623301	-0.1117472492	0.07514767	0.0003954616	0.0314870694	-0.120110133	-0.0700895116	0.0761995706	0.1066883082	0.0695257742	0.0098243032	0.1014781796	-0.0616793535	-0.0663495823	0.0488523486	0.032273687	-0.0469168801	-0.0323850888	0.085321157	-0.0090840868	-0.151841768	0.0582317898	0.0321246359	-0.0522720729	-0.0195881881	0.0506497907	-0.0262394751	0.0285192094	0.0340458123	0.10625096	-0.0127483407	0.0194364871	0.0190037799	-0.0709416569	0.0492919777	-0.0508995603	0.0571006907	-0.0008162823	-0.0161855536	-0.0475240027	-0.0327197927	-0.0319271651	-0.0449467285	0.1203185481	0.0154067768	0.0042173084	-0.000292891	0.1312158544	0.0559267955	0.0335381048	0.0443973102	0.0582993619	-0.0075584176	-0.0003521374	-0.2380653793	-0.0181213838	0.0340527553	-0.0564522349	0.0420362649	-0.0677533693	-0.0996631912	0.0910271406	-0.0771837238	0.0589248775	-0.151376	0.0046859999999999	2.195859599999996e-05	0.022914693376	-0.0433135	-0.0258031	0.0006657999696099	0.0018760592822499	-0.222422	-0.011092	0.000123032464	0.049471546084	-0.00163448	-0.0005858199999999	3.431850723999999e-07	2.6715248704e-06	-0.000734768	-0.00052392	2.744921664e-07	5.39884013824e-07	-0.00175913	-0.00025619	6.563331610000006e-08	3.0945383569e-06	0.0	0.0	0.0
43936.796436013385	112.86654437335528	1930442081.0596783	12738.856838782576	68159.59835606678	209.1025295195432	4645730848.060342	43723.86785147142	40499.20950844046	104.35796671838034	1640185970.808554	10890.585217594578	45928.12208338563	42689.52487798492	1.215993	23.104795	0.0490209	0.0310024	-0.0632614251	-0.0573891826	0.070849751	0.0383585946	-0.0088275739	-0.0839273477	0.0614374575	0.0087347751	0.0504288597	0.0489856598	-0.0487311235	0.0799903526	0.0204218214	0.0444622297	0.1241712689	0.0260828475	-0.0759507488	0.0217619364	0.002709768	0.0724867286	-0.025589673	-0.0082428599	0.0215427899	0.0722845788	0.0379088607	0.0311338481	0.0100159613	0.0837234178	0.0568170022	0.0182079573	0.0692347211	0.0578788747	0.0157754462	-0.0708922428	-0.0334239595	0.0350632316	-0.1037726722	0.1185269136	-0.1505885937	0.0974598255	0.0530825808	0.07393714	0.0890829337	-0.0465437348	0.0537140141	-0.0598927452	0.0450903983	0.0300969678	-0.1092375038	0.0715653945	-0.0069664985	0.0130705053	-0.1342898532	-0.0596414863	-0.0522370573	-0.0429605941	-0.1258275368	-0.1074882781	-0.0336705557	-0.0382340368	-0.063226118	0.0561236245	0.0179656545	0.0369679077	-0.1195977227	-0.0051630756	0.0334080874	-0.0715197896	0.119017146	0.0692130316	-0.0382000807	-0.0143010639	-0.0847635612	-0.1262036735	-0.0063448251	-0.0173741205	0.173772522	0.1175021112	0.0119418288	0.0467871614	0.0278854294	-0.00730904	-0.0551048966	-0.0095347225	0.0845908958	0.0217115567	-0.0183322207	-0.1775393793	-0.1000523871	0.0925423476	-0.0804403643	0.0643469367	-0.157104	-0.0057279999999999	3.2809983999999806e-05	0.0246816668159999	-0.0469929	-0.0036793999999999	1.3537984359999996e-05	0.0022083326504099	-0.20869	0.013732	0.000188567824	0.0435515160999999	-0.00163448	0.0	0.0	2.6715248704e-06	-0.000217288	0.00051748	2.677855504000001e-07	4.7214074944e-08	-0.00175928	-1.4999999999997654e-07	2.249999999999296e-14	3.0950661184e-06	0.0	0.0	0.0
43996.577436484295	59.78100047090993	1935698826.124559	3573.768017302933	69119.54411390472	959.945757837937	4777511378.51402	921495.8579910512	40451.73110593972	-47.47840250073932	1636342549.467251	2254.1987040222098	45788.01975218583	42733.18868955034	1.33935	25.448687	0.0679233349999999	0.0342392	0.1089226255	-0.0300995107	0.0681672322	-0.1322830117	0.0914856666	0.0762669008	0.1767563041	0.0098623762	-0.0682416506	-0.0950216106	-0.0156912346	0.0249020933	-0.0149363347	-0.064231567	-0.0504119355	0.0925365304	-0.0871807571	0.1148600895	0.057971233	0.093402061	0.0577762268	0.0155535778	-0.04062546	-0.1130200382	-0.0433179014	0.0503243675	0.0079168061	0.1136453412	0.0945023735	-0.0224231094	0.0306775847	0.0665760243	0.053959086	-0.0148024377	0.0847438348	0.2029812043	-0.070330142	-0.0286855874	-0.0352816809	-0.0455605574	-0.028429147	-0.0032365078	0.075311011	-0.0056598831	0.0159266769	0.0497022175	0.0256145457	-0.0147809769	0.0494204171	-0.0005242036	-0.1147603165	-0.1218343721	0.0179340769	-0.0088195392	0.1677651113	-0.0594724101	0.0380293843	0.0257455021	-0.0687764424	-0.1064725017	-0.0959032026	0.0319792763	0.0069237437	-0.0108656194	-0.0888672784	0.0838010495	0.0786132584	0.0113619253	0.0038240841	-0.0136715283	0.023253879	-0.0343555595	0.0727666756	0.0841035456	0.0921977406	-0.0449126017	0.0827521164	0.0067218464	0.0377489508	0.0326417608	0.0020735933	-0.0061337447	-0.0183090825	-0.0816495721	-0.0567288661	-0.0365359877	0.0613236766	0.0485812023	-0.1004142296	0.0939563609	-0.0834991166	0.0694876231	-0.167814	-0.0107099999999999	0.0001147040999999	0.0281615385959999	-0.0184996	0.0284932999999999	0.0008118681448899	0.00034223520016	-0.196407	0.0122829999999999	0.0001508720889999	0.038575709649	-0.00163448	0.0	0.0	2.6715248704e-06	-7.32573e-05	0.0001440306999999	2.0744842542489998e-08	5.36663200329e-09	-0.00157457	0.00018471	3.4117784100000014e-08	2.4792706849e-06	0.0	0.0	0.0
44030.93902148581	34.36158500151214	1938723591.1138012	1180.718523816144	68434.82533845684	-684.71877544788	4683325319.105094	468839.8014508444	40423.48808270538	-28.24302323433949	1634058388.7726238	797.6683614154402	45805.7048957549	43218.427379984445	1.241423	23.587996	0.1118365349999999	0.0519932	0.0311841633	0.0905049212	-0.0657201554	-0.0191504016	-0.0779591419	0.0817732233	-0.0615527489	0.0822752801	0.0465743253	-0.0767261376	-0.0159196221	-0.025057748	-0.0215016129	-0.0397903787	-0.049557534	0.0924065484	0.0202307966	-0.0659328822	-0.0298474364	-0.0532478879	-0.0219206998	-0.1240814489	0.0775769518	0.0429892669	-0.0016396896	0.0737235033	-0.0193757201	0.0073701666	0.1190392822	0.0322587299	-0.0257909328	0.0499823288	-0.0786402251	-0.0302539743	0.0346913542	0.0928018839	-0.0044516889	-0.0066812015	-0.0205275791	0.1320516669	-0.0411901325	-0.1368530784	-0.047942989	0.0150870035	-0.0084110889	0.1350958524	-0.046340941	-0.001178363	-0.0681834728	0.032177276	0.0628219646	-0.1020186352	0.0928050072	0.0486242226	0.0263821166	0.0605745951	0.0288754547	0.0463060292	-0.0802843077	0.1334045695	-0.0038675829	-0.0142171668	0.0101062868	-0.087478276	-0.034694875	-0.0927865069	0.1414194265	-0.0103839614	-0.0417787833	-0.044746806	0.0211412997	0.0369586315	-0.0824594667	-0.0338235858	0.1101276517	-0.0363670644	0.0545888043	0.0437827694	-0.0363096292	-0.0156266392	-0.0232259505	-0.0632676427	-0.0819015521	0.0208845637	0.016833782	-0.0209458665	0.1148593113	-0.021101477	-0.1007486199	0.0952676342	-0.0863524559	0.0743244578	-0.143413	0.0244009999999999	0.0005954088009999	0.020567288569	-0.033491	-0.0149913999999999	0.0002247420739599	0.001121647081	-0.235455	-0.039048	0.0015247463039999	0.055439057025	-0.00203811	-0.00040363	1.629171769000001e-07	4.153892372100001e-06	-0.00015428	-8.102269999999999e-05	6.564677915289999e-09	2.38023184e-08	-0.0013913	0.0001832699999999	3.358789289999997e-08	1.9357156900000003e-06	0.0	0.0	0.0
43988.33367720657	-42.60534427923994	1934973499.6972651	1815.215361152564	68180.023870114	-254.8014683428337	4648515654.929316	64923.78826966408	40382.727047318265	-40.761035387113225	1630764643.7782102	1661.4620058294963	45728.95569452288	43120.24305270786	1.119731	21.275747	0.089593385	0.0451957	-0.1024357554	0.0101437294	-0.0209978393	-0.0855888471	-0.0597338359	-0.0384098662	0.0148735386	0.0580905909	-0.0204602164	0.1099650163	0.0595721498	-0.050096414	0.1069325317	0.0303910653	-0.0252613194	0.1068123271	0.1232003374	0.029995487	-0.0508693592	0.0306687902	0.0460698233	-0.0169706196	0.0489784921	0.0642569697	-0.0990048006	0.0355618417	0.0186113061	-0.0479271237	0.0213905393	0.0762904153	0.0900985338	-0.0782775043	-0.0110191119	0.0086442258	0.0307917146	0.0553148392	-0.1196730901	-0.1415203017	-0.0839848292	-0.0500828416	-0.0072209315	-0.0152242357	-0.0086204497	-0.0585939264	0.0692780029	-0.0672419248	-0.116948564	0.0087632632	-0.0739175326	-0.0503558621	0.0151049486	0.0120980384	0.0147827415	0.0454049449	-0.0426127635	-0.0776899429	0.052889757	0.0446493007	-0.0644904243	0.058248256	0.0121806026	-0.0532083771	-0.0993286727	-0.0595390564	-0.0761488925	-0.0640566911	-0.0208406968	0.0552446479	-0.0303877444	-0.003948425	0.0603341838	0.0212850134	-0.0736904788	-0.0227742793	0.1075776288	-0.1375176781	0.0405416568	-0.0271795327	0.1008064543	-0.0556009599	0.1174127902	0.0136484391	0.0530057278	0.0504879093	-0.0092328847	0.0478199441	-0.0604378395	0.0476880133	-0.1010554665	0.0964747338	-0.0889933628	0.0788362905	-0.17118	-0.0277669999999999	0.0007710062889999	0.0293025924	-0.00253662	0.03095438	0.0009581736411844	6.434441024399999e-06	-0.228187	0.0072679999999999	5.282382399999995e-05	0.052069306969	-0.00172508	0.00031303	9.79877809000001e-08	2.9759010064e-06	-5.58699e-05	9.84101e-05	9.68454778201e-09	3.12144572601e-09	-0.00133066	6.064000000000004e-05	3.6772096000000044e-09	1.7706560356e-06	0.0	0.0	0.0
43978.999190253184	-9.33448695338302	1934152369.7762904	87.13264668287782	68423.54237708672	243.51850697271584	4681781151.428982	59301.26323822065	40489.204586380765	106.4775390625	1639375688.0377972	11337.466324806212	45995.22131037169	43341.42033072769	1.12858	21.443892	0.1026586349999999	0.0494272	0.020252399	-0.0937619058	-0.0438284716	-0.0113623647	0.0718253867	-0.0525708122	-0.0425586201	0.0559899512	0.0316707217	0.0753484309	0.0165813515	0.1321225174	0.0310826604	-0.0028238891	0.0092435726	0.1141945041	0.0426657887	0.0266657236	0.0173629841	0.0077326199	0.0189382205	-0.0416552948	-0.1353097552	0.0434336022	0.0413836308	0.0853523663	0.0574178835	-0.0298386912	0.0638846121	0.0760782081	0.0875381763	-0.0557443263	0.0378733117	0.0718215595	0.1020208356	0.0130074887	-0.00975889	0.0025074304	-0.1453622141	-0.0064147854	0.0147848458	-0.0753595637	0.0649841798	0.0231368777	-0.0332522377	-0.0105834712	-0.1042240339	0.0422806694	0.0063767386	0.0690623115	-0.1902211304	0.044086872	0.0334211353	-0.1191758645	-0.0391997686	0.0225504845	-0.0504272181	0.039957254	-0.0623809774	0.07525533	0.0476900657	-0.0068666332	-0.0073916688	0.08156125	-0.0201395743	0.1110326482	0.0694710152	0.092268971	0.036070232	0.1535338423	0.0019855163	-0.0686289443	-0.0716530213	-0.090696752	0.1539660478	-0.1317030495	0.0212674273	-0.1262112112	0.0445840059	-0.0055933592	-0.0112448589	0.0971504092	0.012089385	-0.0496500437	-0.0356343177	0.1689464579	-0.0203234579	-0.1613181319	-0.1013346856	0.0975763397	-0.0914153405	0.0830033923	-0.174382	-0.003202	1.0252804000000068e-05	0.030409081924	-0.0313871	-0.02885048	0.0008323501962304	0.00098515004641	-0.263603	-0.0354159999999999	0.0012542930559999	0.0694865416089999	-0.00196433	-0.0002392499999999	5.724056249999994e-08	3.858592348899999e-06	-0.000184093	-0.0001282231	1.6441163373609998e-08	3.3890232649e-08	-0.00166699	-0.0003363299999999	1.1311786889999997e-07	2.7788556601e-06	0.0	0.0	0.0
43947.00457021216	-31.994620041026792	1931339210.694248	1023.6557115696731	68624.67616296824	201.1337858815241	4709346178.472262	40454.79982303478	40423.8588370826	-65.34574929816881	1634088363.2803807	4270.066951339129	45796.82332193357	42737.827553064686	1.162271	22.084036	0.06715949	0.0412866	0.0911252535	0.0591944632	0.0221190386	-0.0963844545	-0.0301395017	0.1221831622	0.028517064	-0.0052043862	0.1560216148	0.0449973857	0.0870182051	0.0671681127	-0.1262575436	0.0304009175	-0.0379836162	-0.028398331	0.0911288833	-0.080062566	0.0545885041	0.0618429959	0.0204997508	-0.0413628012	-0.0451285294	0.0307475499	-0.1156922606	-0.0209060567	-0.0771312183	-0.0342434067	0.0034849122	-0.0221342217	-0.0080238236	-0.0354780734	0.0330103553	-0.0912100066	0.0336259751	-0.0531780224	-0.0864035018	-0.0457768929	-0.1406214391	0.0284979937	0.0568004354	0.0987872775	0.0906474935	0.1675174257	-0.1635432739	-0.05610256	0.083616131	-0.0869414784	-0.1326542623	0.0073029664	0.0616224061	-0.0248716502	0.0648577055	0.0337616953	0.0807553546	0.0612759243	-0.1592761202	0.0399124593	-0.0356208004	0.0299795842	-0.0026931633	-0.0634379595	-0.0972726976	-0.1301501417	-0.0144608148	0.0469467284	-0.1141117469	-0.0291754411	-0.0319783773	0.0808078118	-0.0548107811	0.0431499235	-0.0279556115	0.0103571993	-0.0826054358	0.0218703364	0.0736342568	-0.0389205382	0.0168269466	-0.1029977937	-0.0333615979	-0.0884122186	-0.0408132094	-0.0383286962	-0.0143165196	0.1025797124	-0.0760661261	-0.0744156444	-0.1015862008	0.0985712473	-0.0936124309	0.0868075413	-0.169019	0.005363	2.8761769000000076e-05	0.028567422361	-0.00464211	0.02674499	0.0007152944901001	2.15491852521e-05	-0.26141	0.002193	4.809249000000002e-06	0.0683351880999999	-0.00138448	0.0005798499999999	3.362260224999998e-07	1.9167848704e-06	-0.000250803	-6.671000000000002e-05	4.450224100000002e-09	6.290214480900001e-08	-0.0016776	-1.061000000000009e-05	1.1257210000000189e-10	2.81434176e-06	0.0	0.0	0.0
44004.34606637232	57.34149616016657	1936382472.7290573	3288.047181886397	68110.04282878664	-514.6333341816062	4638977934.13915	264847.4686508768	40365.58073609264	-58.27810098995542	1629380108.1620133	3396.337054995443	45728.03765125607	43417.76931075014	1.246835	23.690821	0.17407604	0.0751131	-0.0568123202	0.0433980714	-0.1031929865	-0.0057668929	-0.032839712	-0.0300210991	-0.0241682991	0.0655246005	-0.0807625054	-0.0485056301	0.1390064109	-0.0295335388	0.0448629575	0.0489832669	-0.0895658797	-0.0198229645	0.0199920667	-0.0547506392	-0.0429214398	-0.0168587363	0.0365468621	-0.0138701864	-0.107808992	0.1235117593	0.0160878922	0.099907434	-0.0679827308	-0.010424625	-0.1711428521	-0.0355713453	-0.0061035815	-0.1139904035	-0.0287386618	0.0182648328	-0.0781843707	-0.0167511178	0.0571798816	0.012602189	0.0570126777	-0.1447797343	0.04342691	-0.0055445787	-0.0089783097	0.0007432666	0.1348331755	0.1147934223	0.084163149	-0.0084211529	0.0414995858	0.1012185584	0.053005399	-0.0015349127	0.0106776039	0.0432672067	-0.0483119116	0.0019578593	0.0119020041	0.105172159	-0.0166850112	-0.0470753853	0.0012890892	-0.0290566844	-0.0655114181	-0.0069896615	0.1453620219	0.0304987383	-0.0801451303	0.0817014405	0.0470796923	0.0874463063	-0.1041614086	-0.0284055155	-0.0856324343	-0.0128868485	0.0975840363	0.0565650737	-0.1528274229	-0.0185125114	-0.0259826816	0.0547013745	0.0031810512	-0.0918205771	0.0438152699	0.0609841468	-0.0880944353	0.0304170451	-0.0534088009	0.1171631257	-0.1018099433	0.0994583687	-0.0955792289	0.090232103	-0.14158	0.0274389999999999	0.0007528987209999	0.0200448964	-0.0370843	-0.03244219	0.0010524956919961	0.00137524530649	-0.297893	-0.036483	0.001331009289	0.088740239449	-0.00225425	-0.00086977	7.564998529000003e-07	5.0816430625000005e-06	-0.00050286	-0.000252057	6.353273124900002e-08	2.5286817960000005e-07	-0.00124519	0.00043241	1.8697840810000007e-07	1.5504981361e-06	0.0	0.0	0.0
43976.99192235923	-27.3541440130939	1933975818.539249	748.2491946890809	68005.61641770155	-104.4264110850927	4624763864.351558	10904.87533211277	40457.21871767879	91.637981586151	1636786546.3700993	8397.51966918375	45893.47072012007	43450.20265686588	1.133557	21.53845	0.0973035	0.0480103	-0.0541162367	-0.0895426472	-0.0293972563	0.0032436979	0.0027652061	-0.0752995106	-0.0237565126	0.0084221215	0.1017125564	0.0280745071	-0.0064352424	0.0431766324	0.159418597	-0.0244269021	0.005153275	-0.0387390525	-0.0506851481	-0.02628878	-0.0970261481	0.0243710745	-0.0641602479	-0.0589806516	-0.0192072131	-0.0026914106	-0.0141404877	-0.0665295478	-0.0122075829	-0.0454199464	-0.0169038654	-0.0519570246	0.0557679842	-0.0319987701	0.0802204508	-0.0254261705	0.1280192227	-0.0015825399	0.0948507796	-0.0178693909	-0.0267507361	0.0761520477	-0.0719132826	-0.0080692659	0.0325873655	-0.0843305007	0.0130116087	0.0309516836	0.0496838099	-0.0756344021	0.0162941852	0.0319617837	0.0540389738	0.1987773155	-0.0438401684	-0.0646334189	-0.080052998	-0.0373187593	0.0443062733	-0.0214726942	0.0247776349	-0.025008274	-0.1053629002	0.0286904648	0.0290920956	-0.0022647855	-0.0592072239	-0.1271635375	-0.0832342719	-0.0134188975	0.0634563421	0.0931228624	0.1152361648	0.0258890254	-0.0816079499	-0.0110945722	0.0413663721	0.0572493856	0.0083099442	-0.1314872389	0.0045658718	0.0524729393	-0.0047807997	0.0944415431	-0.0644103843	-0.0331163881	-0.0711028665	-0.0940281469	0.1208414419	-0.0201792061	-0.102005852	0.1002367339	-0.0973108962	0.0932621027	-0.139523	0.002057	4.231249000000014e-06	0.019466667529	-0.0236811	0.0134032	0.00017964577024	0.00056079449721	-0.261834	0.036059	0.001300251481	0.068557043556	-0.00163448	0.00061977	3.841148529000002e-07	2.6715248704e-06	-0.00050286	0.0	0.0	2.5286817960000005e-07	-0.000949274	0.000295916	8.7566279056e-08	9.01121127076e-07	0.0	0.0	0.0
43869.41866017599	-107.57326218324306	1924525893.581797	11572.006736744752	68322.23163299063	316.61521528908634	4667927335.312026	100245.19455255449	40341.64071042036	-115.57800725843116	1627447975.208645	13358.27576182997	45797.9724483873	43381.6536426665	1.034389	19.654175	0.0804826	0.0377021	0.0384939939	-0.0801753253	-0.0077244464	0.0397000311	0.0851303425	-0.0454939529	-0.06041673	-0.0452706473	0.084199193	-0.0218652195	0.0303933758	0.0500644938	0.0589477403	-0.0107889921	-0.0789598089	-0.1583367457	0.1482155852	-0.0546464355	-0.020705312	-0.0543970859	-0.0425207838	-0.0136701459	0.0099097158	-0.0486424375	-0.03835715	0.0345126576	-0.0154139888	0.1092760149	0.0054147271	0.1066674217	0.0358077529	-0.0873999506	-0.1386873235	0.0621728625	0.0078088437	-0.0092071514	-0.0181881034	-0.0332853511	-0.0080688322	0.1084684447	-0.0525522643	-0.0015359056	0.0795793834	-0.040372357	0.0039695328	0.1648684943	-0.0826641787	0.0406294325	0.0775769364	0.0102421349	0.0702024274	0.0682220978	-0.1884187507	-0.1016182338	-0.0088877183	-0.0081720377	0.0499741973	0.0611832103	0.1257059386	0.0699593483	0.0309078284	-0.1174350118	-0.0545018976	-0.0274250255	0.0131217021	-0.0423150117	0.0222758824	0.0066899576	0.1310621084	0.0092891523	0.0237023166	0.0219548873	-0.1059279645	0.130697091	-0.0733822035	0.0751973786	-0.018559605	0.0261860653	-0.1739590982	-0.0489957548	-0.025572442	-0.0200131874	0.07173133	-0.094373538	-0.0456163842	-0.0366570357	-0.0244225958	0.0825111335	-0.1021738733	0.1009054916	-0.0988031726	0.0958842909	-0.150586	-0.0110629999999999	0.0001223899689999	0.022676143396	-0.0377419	-0.0140608	0.00019770609664	0.00142445101561	-0.277471	-0.015637	0.000244515769	0.076990155841	-0.00197138	-0.0003369	1.1350161000000001e-07	3.8863391044e-06	-0.00050286	0.0	0.0	2.5286817960000005e-07	-0.00140681	-0.000457536	2.0933919129600013e-07	1.9791143761e-06	0.0	0.0	0.0
43863.81146629863	-5.607193877352984	1924033956.3509915	31.440623178224783	68668.0420144544	345.8103814637725	4715299994.098875	119584.81992811985	40350.387051196805	8.746340776444413	1628153735.1813908	76.49847697769425	45917.4346690146	42694.63045333931	1.17271	22.282385	0.04782345	0.0238488	0.0949015316	0.0718695322	0.0281217044	0.1016150279	-0.0124999116	0.121456452	-0.0501992923	-0.0986538512	0.0558274892	-0.0602719494	-0.092546786	-0.0166245718	-0.0910977589	-0.0009259571	-0.1509751966	-0.0247158689	0.1178421592	0.0525188409	0.0616949579	0.0718798366	-0.0501261505	0.130802855	-0.0799885674	-0.0473454176	0.0384128476	-0.1054080869	-0.0735924865	-0.024053029	-0.093489133	0.0249030974	-0.033688134	-0.0684655933	0.0946612673	0.0195310696	-0.0627082079	0.0654990427	-0.0604099139	-0.0421725872	-0.1110530423	-0.1118096235	-0.0075442817	0.001737947	-0.0995793126	-0.1450317734	-0.0356307426	0.0451261929	0.0320384325	-0.0661312144	-0.022549116	0.0574200021	0.0121762389	0.1285616372	-0.059439848	0.0269955879	0.0231010226	0.1693648078	-0.0212181088	0.0597273518	0.067744848	0.0001460801	-0.0286425407	-0.0980924364	0.0097115855	0.1026598017	-0.1280302869	0.164698462	-0.1690818017	-0.0989300226	-0.0543857893	-0.0466610277	0.0181936162	-0.0126823779	-0.0297040545	-0.1172578679	-0.103861652	0.1137685868	0.0677262101	0.0120778725	0.0789902354	0.0656618945	0.0240648611	0.05203392	0.0760515466	-0.0681227527	0.0363046887	-0.022147631	-0.0564781317	0.0747227088	-0.1023139614	0.1014639107	-0.1000523871	0.0980872016	-0.161188	-0.010602	0.000112402404	0.025981571344	-0.0547376	-0.0169956999999999	0.0002888538184899	0.00299620485376	-0.275447	0.002024	4.096576000000104e-06	0.075871049809	-0.00206666	-9.52800000000001e-05	9.078278400000021e-09	4.2710835556e-06	-0.000330045	0.000172815	2.986502422500001e-08	1.08929702025e-07	-0.00150275	-9.593999999999988e-05	9.204483599999976e-09	2.2582575625e-06	0.0	0.0	0.0
43896.7366429665	32.925176667864434	1926923487.9019575	1084.0672586100843	68233.28874440146	-434.7532700529409	4655781692.876864	189010.40582172535	40278.90143182994	-71.48561936686747	1622389900.5550718	5110.193776264658	45600.69325152171	42688.71530203841	1.144268	21.741962	0.07107585	0.0336638	-0.0166739317	0.0890296499	-0.0095552089	0.0381041856	-0.058218248	0.0166609946	-0.0102572872	0.0373359788	-0.0961555329	-0.1343830094	0.0637063157	-0.094600199	0.0389874453	0.0903324933	-0.1197902634	0.0019432815	-0.0374608467	-0.1975866108	0.0185157198	-0.0109349799	0.1563742327	-0.0209420919	0.1561433744	-0.0980959745	0.0604965515	0.1220540704	-0.0339767246	-0.1778936741	0.075638659	-0.0692111688	-0.0411806949	-0.0206446322	0.0013062532	0.131332901	-0.0555632267	-0.0383622518	0.0276808154	0.0101716212	-0.0001916573	-0.0539231431	-0.0404501291	0.0929681911	-0.0629854247	0.0561377883	0.0401925138	0.0815240241	0.1138228043	0.0046322327	0.02908323	0.0363239774	-0.0509252778	0.0213940645	0.0350206197	0.0960607984	-0.003348756	0.0231167935	0.0221311108	0.1204438924	-0.0226378626	-0.1184903978	-0.0217381808	-0.0874554594	-0.0278186906	-0.0533649505	0.1344639892	-0.0837814963	0.087582479	-0.1273323333	0.0960540451	-0.1264527956	0.0518028886	0.0946719042	0.0183611722	-0.0458221666	0.112126987	-0.0480073652	-0.1211031573	0.0463794824	0.1151123563	-0.0634975784	-0.0700109874	-0.19630912	0.1010751076	-0.0090361845	-0.1137726269	0.0598242873	0.0490245781	-0.0476447345	-0.1024260777	0.1019113804	-0.1010554665	0.0998612018	-0.139453	0.021735	0.000472410225	0.0194471392089999	-0.0546455	9.209999999999774e-05	8.482409999999584e-09	0.00298613067025	-0.298672	-0.0232249999999999	0.0005394006249999	0.089204963584	-0.00230709	-0.0002404299999999	5.780658489999991e-08	5.322664268099999e-06	-0.00050286	-0.000172815	2.986502422500001e-08	2.5286817960000005e-07	-0.00160998	-0.00010723	1.1498272900000007e-08	2.5920356004e-06	0.0	0.0	0.0
44017.30145742278	120.56481445628016	1937522827.5936332	14535.87448487726	68207.05456026059	-26.234184140877915	4652202291.786365	688.2324175374903	40381.05283595597	102.15140412603068	1630629428.1402676	10434.909364919638	45824.32728243704	43308.720794926296	1.174649	22.319223	0.175027	0.0798692	-0.0874889836	0.0204166182	-0.0835230964	0.1354687757	-0.039975125	-0.0687401098	-0.0982848036	0.1045801294	0.0276441544	-0.0436409762	0.1308086389	-0.0339853921	0.093090771	0.0658977533	-0.0727212923	0.0652959533	0.0505219468	-0.0570284685	-0.1449216698	-0.032059397	-0.0357625786	-0.0849782401	0.042503764	-0.0039648144	0.0516277638	0.0762718333	0.0993387926	-0.0112461434	-0.1053180544	-0.0758751305	-0.0594913612	0.0527555721	-0.0142249897	0.034410651	-0.1975034059	-0.0484860871	-0.0912121844	0.0636056485	0.0249615908	-0.093593064	0.0839706222	0.0643421115	-0.0805243736	0.0072502034	0.020742003	-0.0121314037	-0.0356701165	-0.0159854621	-0.0039837064	-0.1273445364	-0.0403964931	-0.0195285843	0.0710666645	0.0262402565	-0.1223360835	0.035004807	0.0182142992	0.100116513	-0.0330901687	-0.0130056161	0.0041934218	0.0240191194	-0.1590432381	0.0822316229	0.0388319731	-0.0789005925	0.0536172717	0.013469021	0.0464286334	0.0631531013	0.0754986392	-0.0216429601	0.0672565165	-0.1259432599	-0.0795200982	-0.0603277552	-0.1170027354	0.1700332317	-0.0124966298	-0.0346187493	0.0026413329	0.0151589801	0.139780582	0.1116067588	0.1456524567	0.0080202547	0.008340331	0.0675161181	-0.1025101919	0.1022474116	-0.1018099433	0.1011985345	-0.164235	-0.024782	0.000614147524	0.0269731352249999	-0.100632	-0.0459865	0.00211475818225	0.010126799424	-0.336346	-0.0376739999999999	0.0014193302759999	0.1131286317159999	-0.00295813	-0.0006510399999999	4.238530815999999e-07	8.750533096899999e-06	-0.00050286	0.0	0.0	2.5286817960000005e-07	-0.00229063	-0.00068065	4.632844225000001e-07	5.2469857969e-06	0.0	0.0	0.0
44024.37291988608	7.07146246330376	1938145410.989199	50.00558136991408	68332.8819854438	125.82742518321902	4669382760.43659	15832.54092823858	40386.53842069297	5.485584736998135	1631072485.6061091	30.09163990678689	45735.69157881526	43271.93799093255	1.116857	21.22113	0.1087523999999999	0.062557	-0.0757702586	-0.0362896143	-0.0528318209	0.0267666465	-0.0300765802	-0.0618786693	0.002083056	0.127018544	0.0143754501	-0.0945960402	0.0361669534	-0.0184864918	0.0819942872	0.0396447026	-0.0450760399	0.0579810469	0.0870297933	0.0082072494	0.0091556993	0.1324444948	-0.1138713425	0.0811550974	-0.0659412499	0.0825075845	0.0196406425	0.0069693306	0.025410705	-0.1166970948	0.0910305547	-0.0092276097	-0.0220000432	0.173514589	0.0257645991	-0.0072402407	-0.0708744693	-0.0623216344	0.033738326	0.0278678628	0.1171685184	-0.0200003911	-0.0372596649	-0.0448215133	0.0040556503	0.0270190695	0.0221186846	-0.0619454996	0.0132540697	0.060161992	0.0418786484	0.0512974021	0.0683768779	0.0088735352	-0.0366003602	0.0391672176	-0.0771827679	-0.0425627134	0.0379866304	0.1090538525	-0.0383870987	0.0015477041	-0.0648809634	-0.0053732705	-0.066683786	0.0709146589	0.0637387302	0.0358488416	-0.1166005548	-0.0664556313	0.060814123	-0.0267765839	0.0019121858	0.0106137865	-0.0558473186	-0.0908150096	-0.0035902782	-0.0574261681	-0.0091948085	-0.0355307744	0.01963069	-0.0646274695	-0.0185302931	0.142506886	-0.013243452	-0.092743569	0.1252802704	-0.1603606077	0.1104530986	0.0856988206	-0.1025662807	0.1024716367	-0.1023139614	0.1020933517	-0.164235	0.0	0.0	0.0269731352249999	-0.0581046	0.0425274	0.00180857975076	0.00337614454116	-0.310072	0.0262739999999999	0.0006903230759999	0.096144645184	-0.00215911	0.0007990199999999	6.384329603999995e-07	4.6617559921e-06	-0.00050286	0.0	0.0	2.5286817960000005e-07	-0.00229063	0.0	0.0	5.2469857969e-06	0.0	0.0	0.0
44022.6117387414	-1.7611811446840877	1937990344.299972	3.101759024390753	68220.94220149633	-111.93978394746956	4654096954.859903	12530.515230206162	40436.46508385048	49.92666315751558	1635107708.4774592	2492.6716940440238	45901.96726750753	43794.89050867417	1.045009	19.855982	0.1913465	0.0880084	-0.0110892791	-0.0588953775	-0.1130940354	0.0961171195	0.03412984	-0.0663788465	-0.1100474941	0.0778720873	-0.0492478099	-0.0089473084	0.0070732219	-0.0092551307	0.0254687823	0.0326179715	0.0624464693	-0.0158969423	-0.0854836205	-0.127336803	-0.0875827222	0.0567325072	-0.1056895069	-0.0266068355	-0.0359488571	0.0016489403	0.0027765823	0.0242758592	0.0754013842	0.0498318752	0.0399825831	0.1100963855	0.0679646369	-0.0295874227	0.045193952	0.0369504416	-0.0871880986	0.0119623962	-0.0121089854	0.0451904219	0.080870192	0.0032439849	-0.0692644258	0.0891739376	-0.1023926298	0.056264934	0.049058386	0.0908251776	-0.1113899121	0.0175902339	-0.0241270117	0.1290329101	0.1072409113	0.0141741883	0.0596071213	-0.033283465	-0.1210404778	0.0563395958	-0.0143269513	-0.0701983568	-0.0225419593	-0.0859370471	-0.0496110026	0.1065644016	-0.0299751262	0.1081568555	0.0839098372	-0.0412205972	0.0191983557	-0.0570062322	0.1449976748	0.0330120786	-0.0338971325	-0.0307218888	-0.1377987595	0.0052429215	-0.0664858677	-0.094960897	-0.1215816459	0.0464690647	-0.0391468879	0.0551930552	0.017118651	0.0014064401	-0.039396027	-0.0892323251	0.0151651996	0.0954966234	0.0354856604	0.0430013758	-0.102594329	0.1025838106	-0.1025662807	0.1025417406	-0.172678	-0.008443	7.12842490000001e-05	0.029817691684	-0.0921198	-0.0340152	0.00115703383104	0.00848605755204	-0.371434	-0.0613619999999999	0.0037652950439999	0.1379632163559999	-0.00306571	-0.0009066	8.2192356e-07	9.3985778041e-06	0.000316736	0.000819596	6.717376032160002e-07	1.0032169369600001e-07	-0.0022663	2.4329999999999925e-05	5.919488999999962e-10	5.136115690000001e-06	0.0	0.0	0.0
