global_signal	global_signal_derivative1	global_signal_derivative1_power2	global_signal_power2	csf	csf_derivative1	csf_derivative1_power2	csf_power2	white_matter	white_matter_derivative1	white_matter_power2	white_matter_derivative1_power2	csf_wm	tcompcor	std_dvars	dvars	framewise_displacement	rmsd	t_comp_cor_00	t_comp_cor_01	c_comp_cor_00	c_comp_cor_01	c_comp_cor_02	c_comp_cor_03	c_comp_cor_04	w_comp_cor_00	w_comp_cor_01	w_comp_cor_02	w_comp_cor_03	w_comp_cor_04	w_comp_cor_05	w_comp_cor_06	w_comp_cor_07	w_comp_cor_08	w_comp_cor_09	w_comp_cor_10	w_comp_cor_11	w_comp_cor_12	w_comp_cor_13	w_comp_cor_14	w_comp_cor_15	w_comp_cor_16	w_comp_cor_17	w_comp_cor_18	w_comp_cor_19	w_comp_cor_20	w_comp_cor_21	w_comp_cor_22	w_comp_cor_23	w_comp_cor_24	w_comp_cor_25	w_comp_cor_26	w_comp_cor_27	w_comp_cor_28	a_comp_cor_00	a_comp_cor_01	a_comp_cor_02	a_comp_cor_03	a_comp_cor_04	a_comp_cor_05	a_comp_cor_06	a_comp_cor_07	a_comp_cor_08	a_comp_cor_09	a_comp_cor_10	a_comp_cor_11	a_comp_cor_12	a_comp_cor_13	a_comp_cor_14	a_comp_cor_15	a_comp_cor_16	a_comp_cor_17	a_comp_cor_18	a_comp_cor_19	a_comp_cor_20	a_comp_cor_21	a_comp_cor_22	a_comp_cor_23	cosine00	cosine01	cosine02	trans_x	trans_x_derivative1	trans_x_derivative1_power2	trans_x_power2	trans_y	trans_y_derivative1	trans_y_derivative1_power2	trans_y_power2	trans_z	trans_z_derivative1	trans_z_power2	trans_z_derivative1_power2	rot_x	rot_x_derivative1	rot_x_derivative1_power2	rot_x_power2	rot_y	rot_y_derivative1	rot_y_derivative1_power2	rot_y_power2	rot_z	rot_z_derivative1	rot_z_power2	rot_z_derivative1_power2	motion_outlier00	motion_outlier01	motion_outlier02	motion_outlier03	motion_outlier04	motion_outlier05	motion_outlier06	motion_outlier07	motion_outlier08	motion_outlier09	motion_outlier10	motion_outlier11	motion_outlier12
57153.387988986775	n/a	n/a	3266509758.619657	91499.91707261027	n/a	n/a	8372234824.294558	55725.80839082792	n/a	3105365720.811268	n/a	62552.94106373153	56216.61089141223	n/a	n/a	n/a	n/a	-0.0289240443	-0.0009112122	-0.0170947968	-0.0472627684	0.0098632625	-0.0575998735	0.0610167028	-0.0273649266	-0.0351956663	0.0286565528	0.0018633497	-0.0445014745	0.0256960434	-0.0616418746	0.0449850426	-0.0214845929	0.0878611591	-0.0404331005	0.0216409243	-0.0137289401	0.0580036044	-0.0663960538	0.0834302129	-0.0488448309	0.0018540077	-0.0572151511	0.0216555922	-0.0852303326	0.0226186554	-0.139061151	0.0001935179	0.2281192509	-0.0586815889	0.0568653968	-0.0120226253	0.1370218904	-0.0306285803	0.0209935184	-0.0352813598	0.0287366028	-0.02932851	-0.0371370688	-0.0249591775	0.0696742094	-0.001003412	0.0281932997	-0.0005481018	0.0435474575	-0.107762782	0.0379797446	-0.0151086382	0.1302425316	-0.189176002	0.0256632959	-0.0397509647	0.0355193971	-0.0463547115	0.1511225213	-0.0058341103	0.0153487199	0.1203780544	0.1203546593	0.1203156708	0.000175242	n/a	n/a	3.0709758563999995e-08	0.0205546	n/a	n/a	0.0004224915811599	-0.0856110999999999	n/a	0.0073292604432099	n/a	0.00153122	n/a	n/a	2.3446346884e-06	0.00205339	n/a	n/a	4.2164104921e-06	0.000961798	n/a	9.25055392804e-07	n/a	0.0	0.0	0.0	0.0	0.0	0.0	0.0	0.0	0.0	0.0	0.0	0.0	0.0
57063.05270289039	-90.33528609638596	8160.463914115904	3256191983.772846	91460.37081801472	-39.546254595552455	1563.9062525362535	8364999430.168759	55618.00273944805	-107.80565137987288	3093362228.7252507	11622.058469438683	62585.83619054033	55955.29981583576	1.124823	19.71834	0.069906542	0.0369878	-0.0221831332	-0.0042798689	-0.0140964413	-0.0251350898	-0.0308287292	0.0109301925	-0.0251224691	0.0142406583	-0.0722251273	-0.0658040032	0.0148644696	0.1952351763	0.0841521669	-0.096323365	0.0228128742	-0.1454040956	-0.1109893572	0.0283916928	-0.0386013788	-0.0265866502	-0.0864619141	-0.0352441908	0.0442567804	-0.0987369344	0.0448740846	-0.0328687031	-0.1265247594	-0.0894981883	-0.094267847	-0.0577954885	-0.0017443533	-0.0860502764	-0.1193560197	0.2278354941	-0.1128176278	-0.1395149043	-0.0083764511	0.0073328699	0.0757369106	0.0661026899	-0.021967201	-0.0416175228	-0.0745758268	-0.0977428988	0.0185862686	0.1009648528	0.0238688976	0.0066170887	0.0243662127	0.1386086008	-0.1291661749	-0.0222762275	-0.0926876935	-0.1836198484	-0.0253747869	0.113869826	-0.0340822555	-0.1089052256	0.0954723815	0.1263730421	0.1203156708	0.1201052059	0.1197547036	-0.0111895	-0.011364742	0.0001291573607265	0.0001252049102499	0.0497993	0.0292447	0.0008552524780899	0.00247997028049	-0.0856369	-2.580000000010352e-05	0.00733367864161	6.656400000053414e-10	0.00141813	-0.0001130899999999	1.2789348099999985e-08	2.0110926969000003e-06	0.00194894	-0.00010445	1.0909802500000016e-08	3.7983671236e-06	0.000593912	-0.000367886	3.527314637440001e-07	1.3534010899599998e-07	0.0	0.0	0.0	0.0	0.0	0.0	0.0	0.0	0.0	0.0	0.0	0.0	0.0
57117.06746180078	54.01475891039445	2917.594180148036	3262359395.4359016	91447.26224724264	-13.108570772077655	171.83462768656858	8362601772.51597	55747.3347453328	129.33200588475302	3107765331.20819	16726.767746173788	62660.71349291872	56385.308113316125	1.118113	19.600723	0.07017995	0.0451117	-0.0192689619	0.0297169013	-0.0040788276	-0.0009094217	-0.0546791923	0.0325502811	-0.0507595861	-0.0584312759	-0.0070176091	-0.079794303	0.0054788236	-0.0690039754	0.0445760988	-0.0306166682	-0.0488375287	-0.0732783744	-0.1600748845	-0.0007976929	-0.0248375239	0.0719080851	-0.0677409744	-0.0889908443	-0.0174982177	-0.0987522325	0.0043864922	0.0859626445	0.1363695986	-0.0155811704	-0.0773189361	-0.0312546811	0.1142208178	0.1693982084	-0.0640363941	-0.0611996746	0.1224929164	0.0403333097	-0.0186912316	-0.0694036242	0.051963899	-0.0231432152	0.0399761749	-0.048968759	0.0450971418	0.0237580996	-0.0417552478	-0.0594366798	0.0224054439	-0.1408923234	-0.037082708	0.0837869845	-0.0402440582	0.1071719016	-0.0265929042	-0.1660010097	0.0533018681	0.0144381144	-0.0423450622	-0.0222957816	0.0068202528	-0.1309521028	0.120190936	0.1196068161	0.1186353847	-0.0128662	-0.0016766999999999	2.811322889999999e-06	0.0001655391024399	0.00599385	-0.0438054499999999	0.0019189174497024	3.59262378225e-05	-0.0747199999999999	0.0109169000000001	0.0055830783999999	0.00011917870561	0.001515	9.687e-05	9.383796899999998e-09	2.295225e-06	0.00186989	-7.905e-05	6.2489025e-09	3.4964886120999995e-06	0.000494214	-9.969800000000006e-05	2.44247477796e-07	9.939691204000011e-09	0.0	0.0	0.0	0.0	0.0	0.0	0.0	0.0	0.0	0.0	0.0	0.0	0.0
57141.41154344376	24.34408164297929	592.6343110400412	3265140913.177208	91314.2296338848	-133.0326133578492	17697.676216818993	8338288533.629844	55694.61869673296	-52.71604859983927	3101890551.774477	2778.981779980616	62553.73982643165	55929.25839470066	1.006778	17.648987	0.0301681999999999	0.0155579	-0.0214795801	0.0167977071	-0.0080052397	-0.0398927242	-0.0234586067	0.017709687	-0.092432204	-0.0210061063	-0.0111361686	-0.1204466671	-0.0125993809	-0.1647110897	0.0132666902	0.0712882171	-0.1218821498	0.0277750933	0.0374795235	0.0297760879	0.0123889967	-0.0100322599	0.0699397937	0.1687987456	0.049160999	-0.114895857	-0.0178095677	-0.0255482205	0.1555054054	-0.0020456934	-0.0526446174	-0.0688880325	-0.0783582674	0.0884360182	-0.0289488429	-0.1133329078	-0.0390729848	0.1126872931	-0.0196289548	-0.0285675793	0.054691054	-0.0052451323	0.0612000168	-0.0745564191	0.0357574042	0.1179150477	0.0105066616	-0.0409546073	-0.0452848033	-0.1004721114	0.0263540766	0.0125020534	-0.0534348794	0.1544692375	0.0230290768	0.0540327299	-0.0143248106	-0.0754775332	-0.0746708863	-0.0157482291	-0.022759689	-0.0633903373	0.1200039147	0.1188605229	0.1169629329	-0.0100537	0.0028124999999999	7.910156249999994e-06	0.00010107688369	0.0133677	0.0073738499999999	5.437366382249999e-05	0.0001786954032899	-0.0635835	0.0111364999999998	0.00404286147225	0.0001240216322499	0.0015434	2.8399999999999823e-05	8.065599999999898e-10	2.38208356e-06	0.00174077	-0.0001291199999999	1.667197439999998e-08	3.0302801929e-06	0.000513601	1.938700000000005e-05	2.637859872010001e-07	3.7585576900000193e-10	0.0	0.0	0.0	0.0	0.0	0.0	0.0	0.0	0.0	0.0	0.0	0.0	0.0
57259.64676010129	118.23521665752924	13979.56645805288	3278667147.0915785	92412.2177466299	1097.988112745108	1205577.895729564	8540017988.850539	55674.89916675122	-19.719529981746746	3099694397.227916	388.8598627010088	62577.7090882851	56849.40833727778	1.170899	20.52607	0.0573898	0.0320991	-0.0292746239	0.0224956852	-0.0321052399	-0.0047867279	0.0172406263	0.0032836827	0.0368337231	0.0066520823	-0.0363529831	0.0273622861	0.0135948146	-0.0360424019	0.0029879742	0.0921628152	-0.0360529809	0.0202261978	-0.0349282962	-0.0176400287	0.0128595319	0.1176849287	0.0134837107	0.0861749314	0.0032651562	-0.0802740566	-0.0144022384	0.0284427995	0.0716652419	0.1567221135	0.044008891	0.0586830115	0.0252117924	-0.0090332275	-0.0279356834	0.0432241543	-0.0063703391	-0.1110177038	-0.0372870658	0.0400142889	-0.0451598618	0.0367877114	0.0026307511	0.0487687795	0.0353160105	0.0900815422	-0.0403027738	-0.0860785256	0.0235360716	0.07166962	0.0228433329	-0.0642726046	-0.1095595053	0.0088716946	-0.0093093623	0.1257624578	0.0331126733	-0.1048282733	0.0616868191	-0.1110459551	-0.0343837174	-0.0795111444	0.1197547036	0.1178678731	0.1147451459	-0.0228453	-0.0127915999999999	0.0001636250305599	0.0005219077320899	0.037244	0.0238763	0.0005700777016899	0.001387115536	-0.0739779	-0.0103943999999999	0.00547272968841	0.0001080435513599	0.0017195	0.0001761	3.101121000000007e-08	2.956680250000001e-06	0.00177122	3.045000000000001e-05	9.272025000000006e-10	3.1372202884e-06	0.000513601	0.0	2.637859872010001e-07	0.0	0.0	0.0	0.0	0.0	0.0	0.0	0.0	0.0	0.0	0.0	0.0	0.0	0.0
57026.99381492675	-232.65294517454456	54127.39289838965	3252078023.5676937	92909.51972273285	497.3019761029427	247309.2554358918	8632178855.108883	55594.92236328125	-79.9768034699664	3090795392.5792694	6396.289093273629	62793.47251866533	56609.20311092454	1.159747	20.330566	0.0714933	0.0348551	-0.0177713322	0.0300344383	-0.0649660396	0.1497079042	-0.0840105173	-0.038152386	-0.0484731084	0.049487641	-0.0246172151	-0.0663363712	-0.0043172647	-0.0332674072	-0.0927547725	-0.0490563577	0.0112938496	0.1218425299	-0.0509060322	0.1130498315	-0.0131297406	0.084299214	-0.014603551	-0.0378190491	0.0608983855	-0.036851864	-0.0959773038	0.0925720967	-0.0078197295	0.0352887774	-0.0632225988	0.0018281272	0.0291546922	-0.1085362088	0.164009674	-0.1787061828	0.0932573039	0.0284608755	-0.0008385532	-0.0543085688	0.1004394101	0.0266652878	0.0200272219	0.1925364839	0.0140259129	0.0694975446	0.0311376277	-0.0163093612	-0.0804272331	0.1061089978	0.098832402	-0.0486572391	0.0414105307	-0.0433632272	0.1224945318	-0.0804327364	-0.000429854	-0.1391330118	0.0179595126	-0.1151231849	-0.1586500326	-0.1322450787	0.1194434321	0.1166309242	0.111992364	-0.0158982	0.0069470999999999	4.826219840999997e-05	0.00025275276324	0.0214959	-0.0157481	0.00024800265361	0.0004620737168099	-0.0856635	-0.0116856	0.00733823523225	0.00013655324736	0.00125942	-0.00046008	2.116736064000001e-07	1.5861387364e-06	0.00205339	0.00028217	7.96199089e-08	4.2164104921e-06	0.000513601	0.0	2.637859872010001e-07	0.0	0.0	0.0	0.0	0.0	0.0	0.0	0.0	0.0	0.0	0.0	0.0	0.0	0.0
57085.62932506931	58.63551014256518	3438.1230496788644	3258769075.4392133	91443.44818474264	-1466.0715379902103	2149365.754504981	8361904215.915711	55618.89125279018	23.96888950892753	3093461064.1897	574.5076642911763	62357.8849388085	56040.03983590262	1.308382	22.936169	0.0685083	0.0415061	-0.0327792784	-0.0169447736	0.0146111865	-0.18574221	0.1024678287	-0.1260573167	-0.0007019598	0.0573294569	-0.0694547963	0.0198037684	0.0428283729	-0.0434603299	-0.038560755	0.162310186	0.0688053592	-0.1869935716	0.0460597061	0.0372784155	-0.0163883142	-0.1101973882	-0.1264869022	-0.0279126053	0.0633183397	0.1149400047	0.0144184645	0.0290436193	0.0188320723	-0.0741789386	0.1267846872	-0.0404712111	-0.0491602774	-0.1430634771	0.0162174155	-0.0894897808	0.0228738434	-0.0073822671	-0.0294608339	0.1039471798	-0.017119428	0.0786145879	0.0393781721	-0.0579444429	0.0466958093	0.1005521375	-0.0233000385	-0.0847841485	0.086749243	0.0838068031	-0.0178970762	0.2419863183	0.083875889	-0.0636412961	0.041377883	-0.1183818462	0.0358881528	0.0492972435	0.0309331079	-0.0236396081	0.0023086622	0.1271592806	0.1190702613	0.1151522399	0.1087174221	-0.0087859	0.0071123	5.0584811290000026e-05	7.719203880999999e-05	0.0115756	-0.0099202999999999	9.841235208999996e-05	0.00013399451536	-0.0856525999999999	1.090000000010527e-05	0.0073363678867599	1.1881000000229488e-10	0.000689434	-0.000569986	3.24884040196e-07	4.753192403560001e-07	0.00159408	-0.0004593099999999	2.109656760999999e-07	2.5410910464000003e-06	0.000513601	0.0	2.637859872010001e-07	0.0	0.0	0.0	0.0	0.0	0.0	0.0	0.0	0.0	0.0	0.0	0.0	0.0	0.0
57077.1611490958	-8.46817597351037	71.71000431833829	3257802324.8398514	92007.7158471201	564.2676623774605	318397.9948049238	8465419775.404394	55610.42911044034	-8.462142349839269	3092519825.84731	71.60785314894326	62500.74937846367	56636.04927990972	1.187192	20.811689	0.0765816699999999	0.0363042	-0.0217342325	0.0099279552	0.0081975908	0.0300447267	-0.0090470158	-0.0395597296	0.122632705	0.0609158991	-0.0668882076	0.0561354525	-0.0137044816	-0.0683843889	-0.028889384	0.0669502396	-0.0461252406	-0.0682184524	-0.0106084389	-0.0373313672	-0.2064964545	0.0155880788	0.1056221381	-0.0201026108	-0.0769784484	-0.1148998879	-0.0509416292	0.0561248849	-0.0750911117	0.0138710916	0.1837390354	0.092183934	-0.0266786734	0.0212517744	-0.0711142229	0.0419570935	0.0702526045	-0.0732705585	-0.0226805811	0.0636024544	-0.0155759226	0.007140693	-0.0109580129	0.1630968673	-0.0232983385	0.0630569851	-0.027492985	-0.0979608652	0.0443303373	0.0340527266	-0.0525706614	0.0347266058	0.0595422333	0.0759573002	0.0152120898	0.1247561393	0.0019812131	0.0652980151	0.1609126852	-0.1422513803	0.149387187	-0.0235326079	0.1186353847	0.1134348849	0.1049355893	-0.0167277	-0.0079418	6.307218724000004e-05	0.00027981594729	0.00505663	-0.00651897	4.24969698609e-05	2.5569506956900005e-05	-0.062457	0.0231955999999999	0.003900876849	0.0005380358593599	0.00120462	0.0005151859999999	2.65416614596e-07	1.4511093444e-06	0.0018574	0.0002633199999999	6.933742239999993e-08	3.44993476e-06	0.000513601	0.0	2.637859872010001e-07	0.0	0.0	0.0	0.0	0.0	0.0	0.0	0.0	0.0	0.0	0.0	0.0	0.0	0.0
57290.72628370413	213.56513460832505	45610.06672027199	3282227318.114307	91295.42588082109	-712.2899662990094	507356.9960902439	8334854786.760497	55754.16517223011	143.73606178977207	3108526934.052317	20660.05545883317	62349.11975638854	55969.82269417899	1.196809	20.980274	0.0359193499999999	0.0199048	-0.0362024526	0.0145718342	0.0109977088	-0.1330637004	0.0624292218	0.0276063255	0.099940763	0.0068029997	-0.0671487491	0.1630158867	0.0226762951	0.0773995754	0.2232233407	-0.0314332442	-0.0663832396	0.045763416	-0.1258800347	0.1162131044	-0.0625344883	-0.0787938511	0.0304723247	-0.0982579278	0.0035834219	0.0612692454	-0.1027903171	-0.021748104	-0.0865392017	-0.0548237547	0.0976849655	0.1305832985	0.0055487277	-0.0716569656	0.1774505274	0.0513430298	0.1020574666	0.0749042643	-0.054300079	0.1146527568	-0.1102441691	-0.0316665097	-0.0883337424	-0.0212608355	-0.1569229025	-0.0327546388	0.0850616372	0.0677028302	0.180915132	0.0765096384	-0.0026749556	-0.0377221821	0.0285800405	0.1036390681	0.0198487116	-0.008711255	0.0862992727	-0.0397317234	-0.0615917471	0.0135853613	0.0926114594	-0.014257853	0.1181390277	0.1114824189	0.1006644984	-0.0167419	-1.4199999999998936e-05	2.0163999999996974e-10	0.00028029121561	0.00635348	0.0012968499999999	1.6818199224999989e-06	4.03667081104e-05	-0.058716	0.003741	0.003447568656	1.3995081000000007e-05	0.0015067	0.0003020799999999	9.125232639999997e-08	2.27014489e-06	0.00163925	-0.0002181499999999	4.7589422499999935e-08	2.6871405625e-06	0.000416485	-9.7116e-05	1.73459755225e-07	9.431517456e-09	0.0	0.0	0.0	0.0	0.0	0.0	0.0	0.0	0.0	0.0	0.0	0.0	0.0
57539.6133845717	248.88710086757052	61944.78897826424	3310807108.4459825	92068.30336243872	772.8774816176301	597339.6015916101	8476572484.038044	55853.128037489856	98.96286525974574	3119571911.572236	9793.648700418593	62486.76321871152	57604.00073379205	1.408267	24.687164	0.18263333	0.125095	0.0264960568	-0.0127085494	-0.0179037005	-0.0272751944	0.0918653144	0.1047993867	0.1436609551	-0.0421703187	0.0386161419	0.1556873905	-0.0080348013	0.0713470187	-0.0001613697	-0.0132793341	0.0695368266	0.1109043741	-0.0202765576	0.1134038231	0.0666358587	-0.0266160806	-0.0428329923	0.1173256184	-0.0971375434	0.1108299683	-0.0865848236	-0.0730867022	-0.1868794604	-0.080083332	0.1509526925	0.1628151011	-0.0262498381	0.1276423269	-0.0963613132	-0.1343585606	-0.0067209531	-0.0398554046	-0.0308771245	0.0480636347	-0.1769383106	-0.1086268883	-0.1154463576	0.0187313066	-0.0259777778	-0.0604462121	0.0492956823	0.0593645643	0.0634727427	0.1414696734	0.0359446031	-0.2025807026	0.0379810948	-0.1190890491	0.0885810707	0.1207626168	-0.0639329703	0.0679656889	-0.0856254739	-0.0519651101	0.1378578187	0.1123844098	0.1175814474	0.1092988885	0.0959240631	-0.0173964	-0.0006544999999999	4.283702499999985e-07	0.0003026347329599	-0.00267895	-0.00903243	8.158479170489999e-05	7.176773102499999e-06	-0.17574	-0.117024	0.0308845476	0.013694616576	0.00174326	0.00023656	5.5960633600000016e-08	3.0389554276e-06	0.00222105	0.0005817999999999	3.3849124e-07	4.9330631025e-06	0.000116397	-0.000300088	1.3548261609e-08	9.0052807744e-08	0.0	0.0	0.0	0.0	0.0	0.0	0.0	0.0	0.0	0.0	0.0	0.0	0.0
57726.47450983968	186.86112526798388	34917.080136417164	3332345859.3351703	92048.60377604168	-19.69958639703691	388.0737042143217	8472945457.118714	56122.98333502435	269.85529753449373	3149789258.423421	72821.88160743014	62874.8665890548	58174.82238433216	1.478215	25.913368	0.080501095	0.0458832	0.0377269301	0.0304490866	-0.0325359795	0.0024005599	0.0544297129	0.0192167734	0.1566591606	-0.263439787	0.1146821132	0.0210197019	0.0800715555	0.1399738212	0.1284205977	0.1264543248	-0.102051993	0.1370412813	0.0249778123	-0.1524319624	0.1409819259	-0.2307649521	-0.0709684956	0.0864971886	-0.156541542	-0.0290302779	0.0918270156	-0.0559582331	0.1252647882	-0.0962909538	0.0270030352	-0.0620173174	0.0714335082	-0.074794814	0.0531110621	0.0049820108	-0.1151585212	-0.1385230481	-0.0332578595	-0.1509470606	-0.1572608422	-0.1227970667	-0.0881602967	-0.2359335778	-0.0397691254	-0.0852986051	-0.0231961026	0.0819955645	0.1442825926	-0.1077985324	0.298928247	-0.0394341787	0.0343529225	-0.0419335653	0.0093858124	0.062004233	0.0518491641	0.1801867097	0.1009121637	0.0414115383	-0.1138731409	-0.0167665201	0.1169629329	0.1068888195	0.0907363855	-0.0184103	-0.0010139	1.0279932100000033e-06	0.00033893914609	0.0192825	0.02196145	0.0004823052861025	0.00037181480625	-0.155391	0.020349	0.024146362881	0.000414081801	0.00106797	-0.00067529	4.560165841000001e-07	1.1405599208999998e-06	0.00225009	2.9040000000000145e-05	8.433216000000081e-10	5.0629050081000005e-06	7.719209999999998e-05	-3.920490000000002e-05	5.958620302409997e-09	1.5370241840100016e-09	0.0	0.0	0.0	0.0	0.0	0.0	0.0	0.0	0.0	0.0	0.0	0.0	0.0
57318.21511732929	-408.2593925103938	166675.7315729558	3285377784.236436	92387.17038143384	338.56660539215954	114627.34628677028	8535389251.088086	55899.54754083807	-223.43579418627635	3124759415.270416	49923.55412365204	62903.25328471367	57378.45040930923	1.55123	27.19334	0.1753808949999999	0.10298	-0.010675557	0.012166939	-0.022212029	0.1411684047	-0.0831700998	-0.0320883495	0.0897995789	-0.1325801232	0.0558599927	-0.0011756961	0.0115037448	0.0050845382	0.10428346	-0.0664369606	0.0290993593	-0.0423326728	0.007474848	0.1262027936	-0.0193414885	-0.0769021744	-0.1631465986	0.0509214917	-0.0073945972	-0.0627635145	0.0296856942	-0.0062073363	0.0973211205	-0.008095497	0.0019144996	0.0096209083	0.0241905861	0.0153940596	-0.0999036385	-0.0481461015	-0.0723715649	0.0807343525	0.0006081345	-0.135332651	0.022195562	-0.0976672295	-0.0581316638	-0.0375198836	-0.0683395471	-0.0300410758	-0.0246534537	-0.0323235371	-0.0158895094	0.1412964907	0.1050920201	0.0265700788	-0.042035896	0.0599590584	-0.0179750371	-0.0760165614	0.02228129	0.0669153389	-0.0589765585	-0.0024453994	0.102163632	-0.0631619416	0.1162838046	0.104257207	0.0851256531	-0.0266038	-0.0081935	6.713344224999999e-05	0.00070776217444	0.0414033	0.0221207999999999	0.0004893297926399	0.0017142332508899	-0.0616577	0.0937332999999999	0.00380167196929	0.0087859315288899	0.000822233	-0.0002457369999999	6.038667316899995e-08	6.76067106289e-07	0.00190557	-0.00034452	1.1869403040000005e-07	3.6311970249e-06	0.000513601	0.0004364089	2.637859872010001e-07	1.9045272799921002e-07	1.0	0.0	0.0	0.0	0.0	0.0	0.0	0.0	0.0	0.0	0.0	0.0	0.0
57099.31407722437	-218.90104010491632	47917.66535901418	3260331668.0895133	91442.73176317402	-944.4386182598246	891964.3036605266	8361773192.311794	55800.115278764206	-99.4322620738676	3113652865.1233745	9886.77474112629	62628.66010429495	56414.15748409349	1.116936	19.58009	0.0640022	0.0302713	-0.0240436552	0.0055928607	0.0060439308	0.0639051488	-0.1144809143	-0.1192743403	-0.0485258087	-0.0636405457	0.0219236039	-0.0318862519	0.0020544704	0.0422871597	0.0997912089	-0.1400072238	0.0894437699	0.0261960037	0.0852097565	-0.1641042161	0.0820729677	-0.0181737421	0.0599367599	0.0539476672	-0.0629217293	-0.0280423859	-0.1620259728	0.0782764736	-0.1079820148	-0.0340186592	0.0011524472	-0.0108832501	0.093110128	-0.0601503757	-0.0135216076	-0.0065222371	0.0377721774	0.034572323	-0.0081416882	-0.0748319327	0.0893053407	-0.0481098612	-0.0130536204	-0.0873461572	-0.0919181096	-0.0456786778	0.0027063841	0.0590628044	-0.0186781052	0.0771436158	-0.0511127037	-0.0848701238	-0.0718543799	-0.1116641086	-0.0499857662	0.1046195369	-0.1536855987	0.1133453981	0.0805497823	0.0763286015	0.0840135268	-0.0924956969	0.1155444146	0.1014095056	0.0791180255	-0.0184873	0.0081164999999999	6.587757224999998e-05	0.00034178026129	0.023443	-0.0179603	0.0003225723760899	0.0005495742489999	-0.0485154	0.0131423	0.00235374403716	0.00017272004929	0.000688659	-0.000133574	1.7842013476000004e-08	4.74251218281e-07	0.00163925	-0.00026632	7.092634240000001e-08	2.6871405625e-06	0.000417833	-9.576800000000004e-05	1.74584415889e-07	9.171509824000009e-09	0.0	0.0	0.0	0.0	0.0	0.0	0.0	0.0	0.0	0.0	0.0	0.0	0.0
57064.72465799011	-34.58941923426028	1196.4279229634149	3256382800.2922244	91140.13946844362	-302.5922947303916	91562.09683020416	8306525022.327355	55653.81113661729	-146.304142146917	3097346694.030267	21404.902009345296	62408.88587015087	55936.21221649793	0.945711	16.578478	0.056641899	0.0329517	-0.0323399267	0.0117235665	0.0154805084	-0.0231464866	-0.0963311788	-0.1015189358	-0.0583116569	0.0023420614	-0.0450500291	-0.0983415673	0.0289040213	0.0048718673	0.0020951409	0.0832931138	-0.0661958316	0.0031229318	0.0208805793	-0.1675342622	-0.1280275039	0.1049184572	-0.2004950298	0.0802371218	0.0112219633	0.0201095479	0.0118112112	0.0135796067	-0.0301017391	0.1012298867	-0.1235537119	0.0158032849	0.0939723836	0.0753313239	0.0226192149	-0.0916895453	0.1825076148	-0.0294578151	-0.0338472148	-0.0079346789	0.098768732	0.0107270347	0.0348743558	-0.0709254175	0.0230533423	0.0437624095	-0.0888872219	-0.0661502856	0.0866865216	-0.064379185	-0.0345964087	-0.0007818821	-0.0741734652	-0.1511787169	0.1069225517	-0.0268235157	0.053518992	-0.0014409066	0.023917366	0.0078555578	0.0430186534	-0.2201546232	0.1147451459	0.0983516175	0.0727415132	-0.0184935	-6.199999999997874e-06	3.843999999997364e-11	0.00034200954225	-0.000816499	-0.0242594989999999	0.000588523291731	6.666706170010001e-07	-0.0391093	0.0094061	0.00152953734649	8.847471721000001e-05	0.000474875	-0.000213784	4.5703598656000006e-08	2.2550626562500003e-07	0.00163925	0.0	0.0	2.6871405625e-06	0.000172215	-0.0002456179999999	2.9658006225e-08	6.032820192399998e-08	0.0	0.0	0.0	0.0	0.0	0.0	0.0	0.0	0.0	0.0	0.0	0.0	0.0
57029.670063539794	-35.05459445031738	1228.8245920762222	3252383267.556207	91060.68546262255	-79.45400582106959	6312.93904101456	8292048436.922679	55610.22892146916	-43.58221514812613	3092497560.698205	1899.4094772175545	62323.98031480912	55705.20975042849	0.91374	16.018026	0.047867199	0.0278625	-0.0247088555	0.0073538355	0.0282270381	-0.03239003	-0.0659024736	-0.0620456996	-0.0695345405	0.0637425741	-0.0887932352	-0.0112499466	0.0015721164	-0.0608488293	-0.0040008941	0.0367918031	0.0108442514	-0.0154560545	-0.0074833382	-0.0344193559	0.0169673605	0.0596432906	0.1433647735	-0.1088008977	-0.0242944511	0.0045431901	0.0124335197	-0.0184138457	-0.0247735845	-0.1337406135	0.1013914273	-0.0899724095	-0.0394417616	-0.045324233	0.0378820308	0.1526733713	0.1020510998	0.0354318176	-0.0214876416	0.0694939432	0.0685632412	0.0510804356	0.0062339563	-0.0049192151	-0.0366233881	0.045915908	-0.0156586735	-0.054406651	-0.0153614799	-0.0910524831	-0.0843247526	-0.0949885919	0.0287499885	0.0375691955	-0.0517585493	0.0078101434	-0.0696984403	0.0238642275	0.0015620577	0.0936466829	0.0186579096	0.0983229539	0.1138864128	0.0950898807	0.0660258464	-0.0216739	-0.0031804	1.011494416e-05	0.00046975794121	0.003479	0.0042954989999999	1.8451311659000995e-05	1.2103441e-05	-0.0351346	0.0039746999999999	0.00123444011716	1.579824008999998e-05	0.000886196	0.000411321	1.6918496504100004e-07	7.853433504160001e-07	0.00163925	0.0	0.0	2.6871405625e-06	-0.000144796	-0.0003170109999999	2.0965881615999995e-08	1.00495974121e-07	0.0	0.0	0.0	0.0	0.0	0.0	0.0	0.0	0.0	0.0	0.0	0.0	0.0
57060.25004612474	30.579982584946265	935.1353348956168	3255872135.326278	91390.1204197304	329.4349571078492	108527.39096465045	8352154110.332824	55560.86490462662	-49.36401684254088	3087009708.95017	2436.80615883066	62425.75999653633	55983.540344362846	0.8788899999999998	15.407093	0.056237775	0.0292685	-0.0177904801	0.017072979	0.0335337752	0.0021621582	-0.0565705641	0.029325394	-0.0386525709	0.1050789544	-0.0513554819	0.0024522937	-0.0121204058	-0.023041852	-0.0634710028	0.0382278445	-0.0258650326	0.0397093351	0.0123967511	0.1018008765	0.0306987095	-0.0354599193	-0.1624500841	0.0273917005	-0.0625762821	0.098784859	0.0035980867	0.0303216695	0.0100896752	-0.0129956957	-0.0947885448	0.0070314719	0.1181954193	0.0485627143	0.1226476109	0.017573926	0.0164619618	0.0036727801	0.014431228	0.0742082918	0.0522756527	0.0522335716	0.032148379	0.0319672239	0.0396744258	0.034447276	0.0602063055	-0.0605974251	-0.0206094923	-0.0320958782	0.0358990944	0.0048079088	-0.0270887049	0.0424497972	0.0332315937	-0.0816862602	-0.0091482992	0.0491570647	0.0230451984	0.0055259869	-0.0814614137	-0.006878697	0.1129686603	0.0916310555	0.0590023366	-0.0184729	0.0032009999999999	1.0246400999999992e-05	0.00034124803441	0.00101242	-0.00246658	6.0840168964e-06	1.0249942564e-06	-0.0533721	-0.0182374999999999	0.0028485810584099	0.0003326064062499	0.000473417	-0.000412779	1.70386502841e-07	2.24123655889e-07	0.00163925	0.0	0.0	2.6871405625e-06	8.90789e-05	0.0002338749	7.93505042521e-09	5.469746885001e-08	0.0	0.0	0.0	0.0	0.0	0.0	0.0	0.0	0.0	0.0	0.0	0.0	0.0
57207.71604799382	147.46600186907745	21746.221707250752	3272722775.4278893	91297.3289598652	-92.7914598651987	8610.255023914782	8335202275.205842	55654.933283025566	94.06837839894432	3097471598.738027	8848.859814606976	62452.72354525862	56105.852741973256	1.00457	17.610281	0.0362231	0.0248755	-0.0166866832	-0.0126023964	0.0172008328	-0.0780533443	0.0068351983	0.0237753409	-0.0743142886	0.0509510176	-0.0384107149	-0.0505019631	-0.0037352937	0.0686697655	-0.0707657664	0.0013849674	0.0901765609	0.0054716461	-0.0069362378	-0.0375219839	0.0382123577	0.0512020377	0.021372531	0.0559671094	0.0591490533	-0.0981093843	0.1815524533	0.0060128842	-0.0164984803	0.0134290794	-0.0236752516	0.08088741	0.0344671262	-0.0772938538	0.001210092	0.0323263444	-0.0251915707	0.13465761	-0.0082247693	0.0634277558	0.0075703816	0.0556707184	0.0631992122	-0.0463755173	0.0971491333	0.0017394043	0.0279903347	0.0192652829	0.0003179628	-0.0422834987	0.0675461927	-0.047122254	-0.0186748228	-0.1065456353	0.0061906985	-0.1326511819	-0.044307144	-0.1189118906	0.0139207172	-0.0109819402	0.0540179207	-0.0203702089	0.111992364	0.087982311	0.0517037307	-0.00015162	0.01832128	0.0003356693008383	2.29886244e-08	0.00226754	0.00125512	1.5753262144000005e-06	5.141737651600001e-06	-0.0533305	4.159999999999581e-05	0.00284414223025	1.730559999999651e-09	0.000412765	-6.0652000000000015e-05	3.678665104000002e-09	1.70374945225e-07	0.0013678	-0.00027145	7.368510250000008e-08	1.87087684e-06	8.90789e-05	0.0	7.93505042521e-09	0.0	0.0	0.0	0.0	0.0	0.0	0.0	0.0	0.0	0.0	0.0	0.0	0.0	0.0
57290.05136524074	82.33531724692148	6779.104466151205	3282149985.4319224	92004.87565104169	707.5466911764815	500622.32019478735	8464897143.563643	55758.26530159294	103.33201856737288	3108984149.442823	10677.506061207892	62654.79415505696	56437.08972255162	1.008566	17.680342	0.0694082899999999	0.0335583	-0.0157304929	-0.0057518578	-0.0081346041	-0.0075721531	0.0003159299	0.1191815284	-0.045895234	-0.007741349	0.0015864741	0.1094061568	-0.0825926259	-0.0918402104	-0.1380381129	-0.0596229996	0.1155825657	0.1231592574	0.167158615	-0.0209237102	-0.0064013615	-0.034022078	0.0165760338	-0.0040011699	-0.1321563209	0.0303488793	0.1664682772	-0.0259477865	-0.1040183127	0.0434761864	0.004834426	-0.1126215767	0.0843079711	-0.0485787945	0.1198741497	0.0877938126	-0.0974763713	-0.0207956904	0.0014750889	0.0070716811	-0.0514617182	-0.0085937488	0.0232279069	0.0532821642	0.0699225427	0.0135246996	0.1810332013	-0.0176872032	-0.214096138	-0.0328927031	0.0651485378	-0.0049138234	0.0512911821	-0.1230372174	-0.0540384979	0.0372269244	-0.0181502547	0.0675836733	0.1480143885	0.0914780616	-0.0467649696	0.0811759738	0.1109580299	0.0841512098	0.0441640581	-0.0183679	-0.0182162799999999	0.0003318328570383	0.00033737975041	0.0234199	0.02115236	0.0004474223335696	0.00054849171601	-0.0368269	0.0165036	0.00135622056361	0.00027236881296	0.000552366	0.000139601	1.9488439201e-08	3.05108197956e-07	0.00123668	-0.0001311199999999	1.7192454399999995e-08	1.5293774224e-06	8.90789e-05	0.0	7.93505042521e-09	0.0	0.0	0.0	0.0	0.0	0.0	0.0	0.0	0.0	0.0	0.0	0.0	0.0	0.0
57196.93637147767	-93.11499376306892	8670.402063496365	3271489530.282865	92231.2075903799	226.33193933821167	51226.14676459593	8506595653.57975	55813.59187297078	55.32657137783826	3115157037.7625494	3061.029500427032	62743.89008813116	56334.08859520737	0.939211	16.464539	0.0210546	0.0129801	-0.0140433916	-0.0144948146	-0.0380840128	0.065434145	-0.0446122114	0.0718139865	-0.0530738673	-0.068104571	0.0483419486	-0.0624531375	-0.0674234737	-0.0130453751	-0.0555226909	0.011734078	0.0235358657	0.0154921132	0.012276169	-0.141063667	0.102264605	-0.1460923169	0.0941273834	-0.0087646008	-0.122594049	0.0185191802	-0.0753798861	-0.0331214672	-0.013462717	0.0116160168	-0.0356114198	0.2101630337	-0.1313804641	0.0229597448	-0.0843345443	0.0750615565	0.0498226438	-0.0421845581	0.0049054014	-0.0932233825	0.0345220988	-0.0437438496	0.0703559041	-0.0180441918	0.0406438071	-0.0468392036	0.0261207464	0.0665745752	-0.0846236881	-0.1070049369	0.0296693539	-0.012821301	0.1155904683	-0.0585913078	-0.095934859	0.1490680874	-0.0059865576	0.0728989778	-0.0113303548	0.0095019979	0.1563024908	0.0535340904	0.109866194	0.0801456922	0.0364184723	-0.0173474	0.0010205	1.0414202500000011e-06	0.00030093228676	0.018795	-0.0046249	2.1389700010000013e-05	0.000353252025	-0.0368104	1.6500000000002624e-05	0.00135500554816	2.7225000000008656e-10	0.000371212	-0.000181154	3.2816771716e-08	1.37798348944e-07	0.00110998	-0.0001267	1.6052889999999996e-08	1.2320556004e-06	8.90789e-05	0.0	7.93505042521e-09	0.0	0.0	0.0	0.0	0.0	0.0	0.0	0.0	0.0	0.0	0.0	0.0	0.0	0.0
57094.90508723752	-102.03128424014722	10410.382963693712	3259828186.920661	91782.49021139706	-448.7173789828376	201347.28620122743	8424025509.405197	55717.71044921875	-95.88142375202732	3104463257.70298	9193.24742071583	62643.187371074506	56170.0581836934	0.94721	16.604765	0.05902417	0.0335421	-0.0156342415	0.0250908074	-0.0245112392	0.0433207162	-0.0753317965	0.0299176274	-0.0911882986	-0.0169405493	-0.0014305534	-0.134180272	-0.0404031945	-0.0722060531	-0.0535233801	-0.0126365614	-0.0320723154	0.0461045279	0.04642706	0.0682202566	-0.033473733	0.1303371392	0.0781471509	0.0307624994	-0.1232183245	0.1300137619	-0.0717992401	-0.068692668	0.034029759	0.0973705219	-0.0165207733	-0.1565570264	-0.0782767996	0.041475195	0.0630497822	-0.0048289716	-0.0138937469	-0.1475432971	-0.0065974043	-0.0585528841	0.0901116855	-0.0283068837	0.0682901951	0.0352532605	0.0301635794	0.0215638283	-0.0264064909	-0.0259056961	-0.0106771245	-0.0651939989	-0.0694203893	-0.0063253557	-0.0293045931	0.0138548978	0.0884665023	0.1113287258	-0.0454190988	-0.0392818485	-0.0175288107	0.077063132	-0.1630274642	0.0722064242	0.1087174221	0.0759740605	0.0285030867	-0.00328798	0.01405942	0.0001976672907364	1.08108124804e-05	0.0233918	0.0045968	2.113057024000001e-05	0.00054717630724	-0.0208042	0.0160062	0.0004328147376399	0.00025619843844	0.000406391	3.517899999999998e-05	1.2375620409999987e-09	1.65153644881e-07	0.000657924	-0.0004520559999999	2.04354627136e-07	4.328639897760001e-07	8.90789e-05	0.0	7.93505042521e-09	0.0	0.0	0.0	0.0	0.0	0.0	0.0	0.0	0.0	0.0	0.0	0.0	0.0	0.0
57062.39406253464	-32.51102470288606	1056.9667272316676	3256116816.1479883	91572.17526041668	-210.31495098037703	44232.3786058784	8385463281.924469	55748.48797686688	30.7775276481334	3107893911.7068715	947.2562081316158	62543.29334013239	55652.78623974859	0.936939	16.424711	0.074253532	0.0411974	-0.0179946643	0.0055134345	-0.0100639107	-0.0194003075	-0.0491993456	0.0090129405	-0.0985666509	-0.0469012546	0.0065329141	-0.1378004611	-0.0014458002	0.0123036388	-0.0957428763	-0.0681323438	-0.067994906	0.0724024698	-0.004396661	0.0021895236	0.0413886449	-0.1186334122	-0.0549109543	-0.1172398288	0.1185751793	0.158195079	0.1245077701	0.0042682572	-0.1124879318	-0.0901361453	-0.0969061798	0.1163095702	-0.0527206639	-0.0709656642	-0.1068111175	0.0637937349	0.0928876889	0.0960363155	-0.0134615428	-0.0415385981	0.0582236813	-0.0191372412	0.0663223572	-0.0685093088	0.0679946453	0.0421379361	-0.0308768331	0.1723007654	-0.0456835399	-0.002879902	0.023573784	-0.0809796566	0.1347395584	-0.0505757543	0.0403518679	0.0113925377	0.1297781442	-0.0010915297	-0.0932370005	0.0888985509	0.0341085945	0.128719495	0.1075123095	0.071644961	0.0204548066	-0.000125213	0.003162767	1.0003095096289e-05	1.5678295369e-08	0.00487826	-0.01851354	0.0003427511633316	2.37974206276e-05	-0.00395541	0.01684879	1.5645268268100002e-05	0.000283881724464	0.000493085	8.669400000000001e-05	7.515849636000001e-09	2.43132817225e-07	3.00493e-05	-0.0006278747	3.942266389000901e-07	9.0296043049e-10	8.90789e-05	0.0	7.93505042521e-09	0.0	0.0	0.0	0.0	0.0	0.0	0.0	0.0	0.0	0.0	0.0	0.0	0.0	0.0
57133.83603192643	71.44196939179528	5103.954990578214	3264275219.723055	91791.18708639704	219.01182598035663	47966.179919250026	8425622026.729942	55757.48196530032	8.993988433438062	3108896795.1107907	80.89182794081765	62679.99630734298	55785.23787247016	0.8922759999999998	15.641757	0.0423230174	0.0239692	-0.0131374057	0.0146699011	-0.0119877663	-0.0241317326	-0.0059654798	0.08411761	-0.0881911889	0.0009260182	-0.0066596327	0.0018909874	-0.1171379539	0.0573997521	-0.0084529812	0.0566018808	0.0603927405	0.0237544813	-0.073691317	-0.172859106	-0.0612291145	-0.0216627532	-0.0867807753	-0.0005638122	0.0093127577	-0.0346163492	0.0896049193	-0.00752266	0.0714003692	0.0609586795	-0.0444257731	0.127865845	0.0176187417	0.1527546428	0.0679005536	0.119680114	0.0419864559	0.0457175152	-0.0096607132	-0.0014590147	-0.0142141482	0.019157905	0.1070824497	0.0066334756	0.0516136201	-0.0765790653	0.051238791	0.0066680946	0.0163221356	-0.0810044317	-0.0032408953	-0.0434327849	0.0145278392	-0.1383883283	-0.0867815796	-0.0189360872	0.0573322548	0.056583931	-0.1221071502	-0.0880174146	0.0138470697	-0.0759773669	0.1062514807	0.0671673664	0.0123111568	-7.465559999999998e-05	5.055740000000001e-05	2.556050694760001e-09	5.573458611359997e-09	-0.00333758	-0.00821584	6.750002690560001e-05	1.11394402564e-05	-0.00404342	-8.800999999999948e-05	1.63492452964e-05	7.745760099999907e-09	0.000558299	6.521399999999996e-05	4.252865795999995e-09	3.11697773401e-07	-0.000224109	-0.0002541583	6.459644145889e-08	5.0224843881e-08	-0.000270921	-0.0003599999	7.339818824099998e-08	1.2959992800001e-07	0.0	0.0	0.0	0.0	0.0	0.0	0.0	0.0	0.0	0.0	0.0	0.0	0.0
57240.92556357552	107.08953164908598	11468.167788820589	3276523559.374793	91605.34171262255	-185.84537377448575	34538.50295337832	8391538630.2863455	55657.69299792005	-99.78896738027106	3097778789.8507185	9957.838010820802	62572.18249692118	56133.905532836914	0.983635	17.243296	0.1456554744	0.0771805	0.0006885889	0.0015721923	-0.005238483	-0.0742365041	0.0625227386	0.0722131315	-0.0504232881	0.0696608255	-0.0295619937	0.0537086724	0.0149973574	0.1038779962	-0.0305963394	0.1357888442	-0.0348188285	0.1663884224	-0.1060372901	0.0008633322	0.1788911621	0.0542710613	-0.0371300929	0.07678114	0.0173136085	0.2233838331	0.0755693459	-0.1436915444	0.0233781539	0.2057767527	-0.0214115722	0.0446912653	-0.1424034764	0.0376542024	-0.150835035	-0.0595802591	-0.0638159019	0.0548956324	0.0077238861	0.0541020168	-0.0391464212	0.1148041313	0.0199286317	0.0284699368	0.0817041839	-0.0507709884	0.0628521983	0.0182244202	0.0565701017	-0.1063541674	0.1599169711	-0.1785670147	-0.0197623933	-0.1372635475	0.0112137608	0.048763017	0.0854058681	-0.0752998214	-0.1824891842	0.0712183677	-0.0924914922	0.1641933023	0.1049355893	0.0625505571	0.0041101067	-0.00243436	-0.0023597044	5.56820485537936e-06	5.9261086096e-06	-0.0106547	-0.00731712	5.35402450944e-05	0.0001135226320899	-0.0466307	-0.04258728	0.0021744221824899	0.0018136764177983	0.00124017	0.000681871	4.649480606410002e-07	1.5380216289000005e-06	0.000683414	0.000907523	8.235979955290001e-07	4.670546953960001e-07	7.5124e-06	0.0002784334	5.6436153760000005e-11	7.752515823556e-08	0.0	0.0	0.0	0.0	0.0	0.0	0.0	0.0	0.0	0.0	0.0	0.0	0.0
57383.194656063744	142.2690924882263	20240.49467742349	3292831028.935703	92182.44725796569	577.1055453431327	333050.8104657946	8497603582.467626	55733.47512302151	75.78212510146113	3106220249.288458	5742.930484893505	62615.81422125154	56665.02831467609	1.062266	18.621706	0.204203049	0.152733	0.0190853033	-0.003149044	-0.0175123306	-0.0190484886	0.096756594	0.1457215522	-0.0349991456	0.061956649	0.0096231622	0.1268843756	-0.117422927	0.0039828257	-0.2343657719	-0.0356596138	0.0230754456	-0.0266773049	-0.0791047556	0.0471479138	0.0625471031	0.0741303124	-0.1426223601	-0.0045098463	-0.0826274119	-0.0828182278	-0.0502201994	0.0115982143	0.0301552031	0.0212890729	0.014605526	-0.0428197045	0.0361258741	-0.008422001	-0.1267577992	0.0618337222	-0.1900317161	-0.1458134723	0.0002006533	0.0465229221	-0.0969908802	0.0358277093	0.0842947671	0.1572747628	0.1449387258	-0.03787532	0.0529437215	0.0058565831	-0.0939658889	0.0241412815	-0.0300700762	-0.0199741882	-0.0880902059	-0.0953634339	0.0349112602	-0.0818766561	0.04891053	0.1245000939	-0.0246265344	-0.0951920244	-0.0426056172	0.0092993007	0.103565317	0.0578041022	-0.0041101067	-0.000135386	0.002298974	5.285281452676e-06	1.8329368996000003e-08	-0.0200913	-0.0094366	8.904941955999999e-05	0.0004036603356899	-0.0392091	0.0074216	0.0015373535228099	5.508014656e-05	-0.00151292	-0.00275309	7.579504548100001e-06	2.2889269264e-06	-0.000182847	-0.000866261	7.50408120121e-07	3.3433025409e-08	8.90789e-05	8.156649999999999e-05	7.93505042521e-09	6.653093922249999e-09	0.0	0.0	0.0	0.0	0.0	0.0	0.0	0.0	0.0	0.0	0.0	0.0	0.0
57560.28843459751	177.09377853376645	31362.20639536672	3313186804.67406	93158.66425398285	976.2169960171595	952999.6233127668	8678536725.586302	55882.58981204343	149.114689021917	3122863844.1011	22235.19048210301	62588.977067618536	57111.56122150032	1.469477	25.760189	0.148222311	0.0953481	-0.0378686269	-0.1154085015	-0.0877766383	-0.0147888686	0.1456083331	0.0706309081	0.0749699576	-0.0118514748	0.023610245	0.2192488026	-0.111459219	-0.1386049589	-0.0929505537	-0.0594479562	0.2366150253	-0.0678720696	0.0117147583	0.055594595	0.0027094071	-0.0280229772	0.1286789318	-0.1173372508	0.010757248	-0.0950716773	-0.0068215353	0.1803332777	0.0059782256	0.152197072	-0.1398925127	0.0255171843	0.0370744045	-0.189795586	-0.0074343013	0.0146066535	-0.0550781017	-0.1034354484	-0.0519680657	0.039243096	-0.1930257044	-0.0867905615	0.0164793456	0.2393991893	0.0063900735	-0.0336437559	-0.084820853	-0.1211283106	-0.1250166462	-0.0262001047	-0.1508793005	-0.0274525694	0.0877280035	-0.0792556536	-0.0738098771	-0.2261958268	-0.1386899846	-0.0804411942	0.2341173047	0.118866421	0.0125786329	-0.0840537581	0.1021413741	0.0529378395	-0.0123111568	0.0137061	0.013841486	0.0001915867346881	0.00018785717721	-0.0203123	-0.0002209999999999	4.884099999999954e-08	0.0004125895312899	-0.0321171	0.0070919999999999	0.00103150811241	5.029646399999992e-05	-0.00309769	-0.00158477	2.5114959529e-06	9.5956833361e-06	-4.62786e-05	0.0001365684	1.865092787856e-08	2.1417088179600003e-09	0.000909097	0.0008200181	8.26457355409e-07	6.724296843276099e-07	0.0	0.0	0.0	0.0	0.0	0.0	0.0	0.0	0.0	0.0	0.0	0.0	0.0
57413.140101073775	-147.14833352373535	21652.63205881245	3296268656.265526	91500.12347579656	-1658.540778186289	2750757.51290678	8372272596.086017	55963.37458781453	80.7847757710988	3131899295.256045	6526.179996386711	62737.37690309421	56988.48972902882	1.417434	24.84787	0.1358357199999999	0.0805831	0.0063057905	-0.0884574828	0.0231005854	-0.0170056237	0.0251423029	-0.0032687948	0.1460954861	-0.0550236672	0.0849209739	0.153055589	-0.0481047474	-0.0138690193	0.075819514	-0.0710515382	0.1206421218	0.0900919141	0.1250089323	0.0652695681	-0.1562891412	0.11856069	0.0819220104	0.0388766443	0.2500793048	0.0957860981	-0.0117814827	0.082522432	-0.0230145959	-0.003656502	0.1075855629	-0.0938453969	0.0470718403	0.1306434505	-0.0137085723	-0.0529319815	0.0257100779	-0.0493170189	0.0101911997	-0.0247437531	-0.1133066699	-0.0662480035	-0.0677450466	-0.0028373339	-0.0897144182	-0.0666790508	0.143599491	-0.0664799327	-0.0206013084	0.1484332758	-0.2466395098	0.0092723375	0.0752570863	0.0367722238	-0.0122051134	0.0280346493	-0.1214697999	-0.0769015351	0.0237763963	-0.0686080074	-0.1662938204	-0.0248389313	0.1006644984	0.0479618551	-0.0204548066	0.024735	0.0110289	0.0001216366352099	0.000611820225	-0.0297715	-0.0094592	8.947646464000001e-05	0.0008863422122499	-0.0355279	-0.0034107999999999	0.00126223167841	1.163355663999999e-05	-0.00430542	-0.0012077299999999	1.4586117528999994e-06	1.85366413764e-05	-0.000911002	-0.0008647234	7.4774655850756e-07	8.299246440039999e-07	0.00107538	0.0001662829999999	1.1564421443999995e-06	2.7650036088999976e-08	0.0	0.0	0.0	0.0	0.0	0.0	0.0	0.0	0.0	0.0	0.0	0.0	0.0
57485.27488757293	72.13478649915487	5203.427423278656	3304556828.899823	92031.3372778799	531.2138020833372	282188.10352383496	8469767041.154885	55978.48798954951	15.1134017349832	3133591117.596139	228.4149120029932	62896.19904652864	57187.4144336934	1.322907	23.190786	0.29499715	0.201892	0.0320459629	-0.0036931	-0.010336488	0.0470048045	0.0217147126	0.0740489427	0.0159406404	-0.1287538238	0.0999330195	-0.0168577515	0.0331656777	0.0077308519	0.0258312518	-0.0557970963	-0.0124343334	-0.0225029559	0.0656835006	-0.0531576778	-0.1240939082	0.0111838502	0.0180610194	-0.0183556458	-0.0410919961	-0.0323825125	9.74917e-05	0.0247461143	-0.0458410735	-0.0532125444	-0.0845879465	0.1127689573	-0.10056842	-0.1706875334	0.0366736855	-0.1071709486	-0.1025024823	-0.0303054993	0.0354881242	-0.1327311743	-0.0222237309	-0.0583372947	-0.0152952867	-0.1383734944	-0.0092011111	-0.051709753	0.0502029032	0.0478437078	-0.1199037682	-0.1009543813	-0.0598436026	0.1223937178	0.0308266234	-0.0141106882	-0.0136131675	0.0053663749	0.0304783823	-0.0228607272	0.0243990068	-0.1026211403	0.0919345052	-0.0066857648	0.0991354553	0.0428864624	-0.0285030867	0.0141251	-0.0106099	0.00011256997801	0.00019951845001	-0.035202	-0.0054304999999999	2.9490330249999972e-05	0.0012391808039999	-0.0713794	-0.0358514999999999	0.00509501874436	0.0012853300522499	-0.000687347	0.003618073	1.3090452233329e-05	4.7244589840900004e-07	-0.000432394	0.0004786079999999	2.29065617664e-07	1.8696457123600001e-07	0.000309956	-0.0007654239999999	9.6072721936e-08	5.858738997759999e-07	0.0	0.0	0.0	0.0	0.0	0.0	0.0	0.0	0.0	0.0	0.0	0.0	0.0
57388.14766818613	-97.12721938679896	9433.696745811378	3293399492.785537	92337.98792126226	306.650643382367	94034.6170868196	8526304013.347176	55932.91285765016	-45.5751318993498	3128490740.7414865	2077.0926476431314	62844.70934998461	57039.811688481546	1.347353	23.619339	0.172832677	0.0940559	-0.0029282321	-0.1030797554	-0.0178619722	0.0993791222	-0.0413848233	0.0900346122	-0.0472854016	-0.127925222	0.1166237978	-0.171805407	0.003886848	-0.0248688344	-0.0129076965	-0.1487801073	-0.1037244705	0.0275707054	0.0473097562	-0.0290357601	0.1163590299	0.0245045356	0.0526819014	-0.0649840288	0.2613977591	0.0164502039	-0.0364370009	-0.1212557139	0.0064134864	0.0295402771	0.0556962979	0.0313904186	-0.1619899923	0.0074375322	0.0780498012	0.0017501966	-0.0333564299	0.014813947	0.0135999951	-0.1418758399	0.0255650414	-0.1148513759	0.0390818055	-0.0510127317	0.0319883767	0.0312376453	-0.064083626	0.1944903576	-0.0763675884	0.0720642906	-0.0345467603	0.0197857699	0.0253290026	0.164585548	-0.0833967517	0.1435233332	0.0755131297	-0.1908761573	-0.1297809249	0.0532342891	-0.068037378	-0.0904030611	0.0975550372	0.0377221809	-0.0364184723	-0.000125267	-0.014250367	0.0002030729596346	1.5691821289e-08	-0.0204181	0.0147838999999999	0.0002185636992099	0.00041689880761	-0.0393178	0.0320615999999999	0.00154588939684	0.0010279461945599	-0.00221586	-0.001528513	2.336351991169e-06	4.9100355396e-06	-0.000740279	-0.000307885	9.479317322500002e-08	5.480129978410001e-07	-8.838219999999998e-05	-0.0003983382	7.811413276839997e-09	1.5867332157924e-07	0.0	0.0	0.0	0.0	0.0	0.0	0.0	0.0	0.0	0.0	0.0	0.0	0.0
57314.99562618003	-73.15204200609878	5351.2212496620405	3285008723.6290364	92638.7208103554	300.7328890931385	90440.27058230597	8581932593.378975	55904.58846768466	-28.324389965498995	3125323011.741181	802.2710669176602	62819.1965786638	57355.55831477788	1.277971	22.403046	0.129770097	0.0911689	0.0441562482	0.0361912821	-0.0209305229	0.1097879349	-0.04405632	-0.0250114742	-0.0391370975	-0.0693277524	0.0746812714	-0.0429643548	0.0431375741	-0.1447930896	-0.0113090242	-0.0280488091	-0.0404923958	-0.0671185548	-0.0728177487	0.1381400757	-0.0289497843	-0.023060343	0.1868764478	-0.0388647417	0.035852192	0.0825097421	-0.0154490699	0.046298606	-0.0757627309	0.111101322	0.0633952816	-0.1521024154	0.0659560498	-0.0315199804	0.1496030049	0.051432696	-0.0052719164	-0.0745094087	0.0207658546	-0.1034482416	0.0156991055	-0.0942785299	-0.0737949418	0.0852627223	0.0401975827	0.129505568	-0.0839769242	0.0109397402	0.0938681679	0.0315813064	-0.047212192	0.0305101898	-0.0192728244	0.1219397702	0.0779704892	0.0201844349	-0.1009657294	-0.1260757386	0.1692177137	0.0659570457	-0.0697236604	0.0074181715	0.0959240631	0.0324797145	-0.0441640581	0.0135326	0.013657867	0.0001865373309896	0.00018313126276	-0.0077761899999999	0.0126419100000001	0.0001598178884481	6.046913091609845e-05	-0.0642742	-0.0249564	0.00413117278564	0.00062282190096	-0.000670897	0.001544963	2.386910671369e-06	4.501027846090001e-07	-0.000740279	0.0	0.0	5.480129978410001e-07	-6.30668e-05	2.5315399999999985e-05	3.97742126224e-09	6.408694771599992e-10	0.0	0.0	0.0	0.0	0.0	0.0	0.0	0.0	0.0	0.0	0.0	0.0	0.0
57178.8734232481	-136.1222029319324	18529.254131042188	3269423565.951828	91313.61524203431	-1325.105568321087	1755904.7671955512	8338176328.570281	55775.036246956166	-129.55222072849574	3110854668.349274	16783.77789568488	62610.22046547876	55902.48059437032	1.2524	21.954798	0.0631543	0.0372548	0.0282616524	0.0190368514	0.0210220306	0.0504664362	-0.0347394773	-0.0555107764	0.0647627831	-0.0085807568	0.0447063703	-0.0945032177	0.035949221	0.0317937939	0.0324601391	-0.0046808342	-0.0860817571	-0.118723319	0.0328410056	-0.0963814369	0.1265879709	-0.0475787159	0.0306101599	-0.0331582491	-0.1961648401	0.03174378	-0.1604886816	0.0982396828	-0.2033568236	0.1711566426	0.0232135648	-0.1007414134	0.0321823697	0.0028547774	0.0258813296	0.0611937365	-0.0191152612	0.0421944735	0.0406481275	-0.0547604503	0.0704794581	-0.0207958427	-0.0152023827	-0.0024297718	-0.0283999074	0.0093801069	-0.1067014413	0.0271780839	0.0877979355	-0.0560880603	-0.0464321395	0.0449591002	-0.1465567285	0.028697514	0.002855493	0.148709071	-0.007443361	0.1306837006	0.1277440499	0.1407447632	0.0545733933	0.0194042688	0.0942433782	0.0271699288	-0.0517037307	0.0141847	0.0006520999999999	4.25234409999999e-07	0.00020120571409	-0.0265602	-0.0187840100000001	0.0003528390316801	0.0007054442240399	-0.0544546	0.0098196	0.00296530346116	9.64245441600001e-05	-0.00115423	-0.0004833329999999	2.3361078888900003e-07	1.3322468929e-06	-0.000740279	0.0	0.0	5.480129978410001e-07	0.000131572	0.0001946388	1.7311191183999998e-08	3.788426246543999e-08	0.0	0.0	0.0	0.0	0.0	0.0	0.0	0.0	0.0	0.0	0.0	0.0	0.0
57128.72716026538	-50.14626298272197	2514.647691132311	3263691466.952043	91927.35396752453	613.7387254902133	376675.2231663513	8450638407.470548	55695.26395723417	-79.77228972199373	3101962427.265988	6363.618207489706	62443.24283693812	56195.89756257972	1.21722	21.338079	0.0985038	0.0689905	-4.09811e-05	-0.0434545319	0.0005042252	-0.0167037754	0.0181193839	-0.1048220686	0.0299312696	0.0765792105	-0.0342043337	-0.0077102382	0.0663099855	-0.1598161053	0.0794578921	-0.0233266485	-0.0564145464	-0.107516219	0.0093640353	-0.0095653955	-0.0164005672	0.1988218552	0.0889342452	0.0996022415	0.0781467963	0.0284468039	0.0210155451	-0.0345065493	0.0871715593	-0.1026129139	0.0654651113	0.127569385	0.2374913088	0.0039822035	-0.0712304707	-0.0092980666	-0.1873249866	0.0713417324	0.0104009935	0.0686347892	0.0394835699	0.0214451363	-0.0328092378	0.0027467192	-0.1048223308	0.1180784254	-0.1122145846	0.0042884317	-0.0193770481	-0.0449360489	-0.0919524425	0.0399416675	-0.1083271823	0.0308740008	0.0706489335	0.0087268962	-0.067028726	-0.1081718407	-0.0253205714	-0.0465410011	-0.0708622783	0.0273053122	0.0925138536	0.0218038294	-0.0590023366	0.0209192	0.0067344999999999	4.535349024999999e-05	0.0004376129286399	-0.0214805	0.0050796999999999	2.5803352089999995e-05	0.0004614118802499	-0.022072	0.0323826	0.000487173184	0.00104863278276	-0.00224037	-0.00108614	1.1797000996000004e-06	5.019257736900001e-06	-0.000740279	0.0	0.0	5.480129978410001e-07	0.000131572	0.0	1.7311191183999998e-08	0.0	0.0	0.0	0.0	0.0	0.0	0.0	0.0	0.0	0.0	0.0	0.0	0.0	0.0
57042.69239456609	-86.03476569928898	7401.980908931552	3253868755.621088	91574.0676930147	-353.2862745098246	124811.19175703112	8385809873.844839	55704.42139940138	9.157442167204865	3102982563.442086	83.85874704570169	62425.33288850831	55722.25784513512	0.981007	17.197224	0.02743626	0.0154642	0.001517885	-0.0283286785	0.0198088325	0.0194620279	-0.0215966814	-0.0570515497	0.0206734645	0.081458448	-0.0155628261	0.0571138141	0.0397603565	0.0334329171	0.1541332751	-0.087562644	-0.0782863534	0.0249796319	-0.0724902216	-0.0536336131	-0.064192416	-0.03317547	0.1311997846	-0.0952075639	0.0861954708	-0.003113074	0.0121145947	0.1676791234	0.07220024	-0.2003368502	-0.1043117731	-0.1184000312	-0.1133073472	0.0135538387	-0.2550418613	-0.2228626197	-0.0142955405	0.0010041438	0.0168746654	0.0567573968	0.0400074633	0.0399731175	-0.0380007075	0.029009506	-0.1949473809	-0.0683098835	-0.0571333593	0.0492657572	-0.012495807	-0.0801103177	-0.1025603988	-0.0235276519	0.0425932297	0.1116328784	-0.071673705	-0.017268028	0.1002375688	-0.0013495754	0.0764160448	-0.0675909385	-0.0242579483	0.0465549728	0.0907363855	0.0163925382	-0.0660258464	0.0175226	-0.0033965999999999	1.1536891559999995e-05	0.0003070415107599	-0.0262619	-0.0047814	2.286178596000001e-05	0.00068968739161	-0.00925459	0.01281741	8.56474360681e-05	0.0001642859991081	-0.00224037	0.0	0.0	5.019257736900001e-06	-0.0008690959999999	-0.0001288169999998	1.6593819488974228e-08	7.553278572158261e-07	0.000131572	0.0	1.7311191183999998e-08	0.0	0.0	0.0	0.0	0.0	0.0	0.0	0.0	0.0	0.0	0.0	0.0	0.0	0.0
57013.548003461285	-29.144391104804527	849.3955328698092	3250544655.942984	91593.01647518382	18.948782169114565	359.0563456925541	8389280667.023294	55594.28496601055	-110.13643339082772	3090724520.8819866	12130.033960052237	62446.80990705819	55703.26355503628	0.979218	17.165871	0.07319826	0.0463921	-0.0080703544	-0.0525908085	0.0356327412	-0.0113035337	0.0087041067	-0.082728353	0.0085287107	0.146274469	-0.0497902306	0.0161406788	-0.0197382313	0.040610374	-0.0410250555	-0.1300266123	-0.1141784306	0.075876773	0.2187813438	0.1360852979	-0.0375902836	-0.0324733553	-0.0693013953	0.1346698669	0.0493820469	-0.0616650156	-0.1460357165	-0.0141429634	0.1741421109	0.0841134299	-0.0125088442	0.0002375478	0.0653851948	-0.0584781467	-0.0023876337	0.0042438513	-0.0247705706	0.105517167	0.0456122673	0.0900018951	0.0655540088	0.0980326742	0.0031722824	0.0255700503	-0.1017043245	-0.0663637925	0.0528538174	0.0291391992	-0.101154062	0.0924887784	0.0123164696	-0.0124895703	0.0656297338	0.1380349802	0.2101421856	-0.0295525754	-0.1373187793	0.0466144854	-0.1136990495	0.0732474407	-0.0687873087	-0.2076997108	0.0889118951	0.010947271	-0.0727415132	0.023369	0.0058464	3.418039296000002e-05	0.000546110161	-0.0262807	-1.8799999999999373e-05	3.5343999999997634e-10	0.00069067519249	-0.0144558	-0.0052012099999999	0.0002089701536399	2.7052585464099995e-05	-0.00308754	-0.00084717	7.176970088999999e-07	9.532903251600002e-06	-0.000740279	0.0001288169999998	1.6593819488974228e-08	5.480129978410001e-07	0.000398222	0.00026665	1.58580761284e-07	7.11022225e-08	0.0	0.0	0.0	0.0	0.0	0.0	0.0	0.0	0.0	0.0	0.0	0.0	0.0
57163.68159504806	150.13359158677486	22540.095322744517	3267686493.500036	91733.17071844362	140.15424325980712	19643.21190372919	8414974610.059123	55680.18171672078	85.89675071022793	3100282636.0070467	7378.251782575043	62482.264197198274	55847.79605513592	1.0327	18.103405	0.01549285	0.0103102	-0.0042079559	-0.064516574	0.0385866505	-0.0371693362	0.043545975	0.0138090152	-0.0495661479	0.1141386768	-0.0280111884	0.015431781	0.0998972757	-0.0086160337	0.057926539	0.0012134982	-0.1049475709	0.0713115798	-0.0097319325	-0.0350395431	-0.1279989388	-0.0220288013	-0.0186813273	-0.0360868746	0.0473197072	0.0170350424	0.0183366112	-0.0491232312	-0.0818752327	0.1356050535	-0.1019443569	-0.0867694576	0.0064723729	0.0210458163	0.2450480124	-0.160316748	-0.0073450464	0.103008657	0.0268133031	0.094678405	0.0217804382	0.0945214446	-0.0265703709	-0.0288605263	-0.049859935	-0.0424847995	0.0613699831	0.0151885653	0.0250694362	-0.1110884094	-0.0015763467	0.0840858344	0.0569730134	0.1124679102	0.060105057	-0.0965281921	0.0291326454	-0.1201380819	0.0134632006	0.040550522	-0.0800334997	-0.2189952831	0.0870413278	0.0054793138	-0.0791180255	0.0189961	-0.0043729	1.9122254410000022e-05	0.0003608518152099	-0.0262823	-1.6000000000009065e-06	2.5600000000028996e-12	0.00069075929329	-0.0160684	-0.0016126	0.00025819347856	2.6004787600000016e-06	-0.00291725	0.00017029	2.8998684100000007e-08	8.5103475625e-06	-0.0007402799999999	-9.999998999438847e-10	9.999997998877795e-19	5.48014478399852e-07	0.000378398	-1.9823999999999992e-05	1.4318504640400004e-07	3.929909759999997e-10	0.0	0.0	0.0	0.0	0.0	0.0	0.0	0.0	0.0	0.0	0.0	0.0	0.0
57255.25572137752	91.57412632946216	8385.820613004295	3278164307.7203336	92512.6060278799	779.4353094362741	607519.4015960203	8558582274.06972	55705.68768389813	25.50596717735607	3103123640.336	650.5543616523652	62785.83387276786	56571.02460314692	1.2086	21.18696	0.0524302199999999	0.0257956	0.0106788433	-0.0515800684	-0.0112610498	0.059309857	0.0470986109	0.1325149627	-0.1116310874	0.0521188347	-0.0321320331	0.0479680361	-0.0263748121	-0.0938862833	-0.0742479317	0.0710368911	-0.0881910466	-0.0578891531	0.0713514368	-0.0450091383	0.0005424212	0.0968996563	-0.0059840075	-0.1504045826	-0.0564290712	-0.1222738038	0.0254687911	-0.061240272	0.0346844267	-0.0862810276	-0.1776328565	-0.0046454081	-0.0425281855	-0.0841863268	-0.1044483155	-0.0265580245	-0.0157977895	-0.0060928732	0.0306424748	-0.0089940753	0.0149880699	0.0501042495	0.0550023613	0.132032472	-0.0057313427	0.0201294723	-0.0246005994	-0.0950217707	-0.1852955691	-0.1634671929	0.0458036461	0.0871729235	0.0316832425	0.0576354266	-0.0191454808	-0.0605856448	0.0954297011	0.0285749668	-0.13133734	0.0460091505	0.0876385979	0.0760964777	0.0851256531	0.0	-0.0851256531	0.0139632	-0.0050328999999999	2.533008240999998e-05	0.00019497095424	-0.0312462	-0.0049638999999999	2.464030320999997e-05	0.0009763250144399	-0.0276721	-0.0116037	0.00076574511841	0.00013464585369	-0.00291725	0.0	0.0	8.5103475625e-06	-0.00107351	-0.00033323	1.1104223290006662e-07	1.1524237201e-06	9.50336e-05	-0.0002833644	9.03138512896e-09	8.029538318736e-08	0.0	0.0	0.0	0.0	0.0	0.0	0.0	0.0	0.0	0.0	0.0	0.0	0.0
56986.853539108655	-268.40218226886645	72039.73144668981	3247501476.287821	91703.43373161764	-809.1722962622589	654759.8050383369	8409519758.169188	55638.49251724838	-67.19516664975527	3095641849.591904	4515.190421088382	62464.30277767088	56234.90617625957	1.293796	22.680473	0.0865545149999999	0.0484542	0.0033397353	-0.0363704831	0.0430383143	-0.0943000254	0.0402476266	-0.1562995926	-0.0787516099	0.1093878402	-0.0292214678	-0.0173251002	-0.0420291206	0.1441513836	-0.1436576209	0.1469921134	0.1201432657	-0.0826910814	0.1243858184	0.0795059475	-0.186486709	0.0478761585	-0.0966395242	-0.0407005867	0.1131342457	-0.0299230174	0.06456503	-0.0619807726	0.0268609037	-0.2029735866	-0.0043270269	0.005664296	0.0206771515	-0.0557239353	0.0507705652	0.0734379198	0.0545729449	0.07050692	0.0135115248	0.0976358227	0.0307002439	0.1166115541	0.0832056686	-0.0333177785	0.1305042638	-0.0777085707	0.0198143916	-0.1245785874	0.0433327928	0.2434954408	-0.1230374214	0.115403451	0.1202891281	0.0078171034	0.069000369	-0.1025875433	0.0318673011	0.0204047404	-0.073191793	-0.0147545712	-0.0562579134	0.0806670914	0.0831658636	-0.0054793138	-0.0907363855	0.017198	0.0032348	1.0463931040000007e-05	0.000295771204	-0.0378832	-0.006637	4.404976900000001e-05	0.00143513684224	-0.00279769	0.02487441	7.827069336099999e-06	0.0006187362728481	-0.00357597	-0.0006587199999999	4.339120383999998e-07	1.27875614409e-05	-0.000820821	0.0002526889999999	6.385173072099997e-08	6.73747114041e-07	-2.97235e-05	-0.0001247571	8.8348645225e-10	1.556433400041e-08	0.0	0.0	0.0	0.0	0.0	0.0	0.0	0.0	0.0	0.0	0.0	0.0	0.0
57373.0209167772	386.167377668542	149125.24357539837	3291663529.116954	91804.76142769608	101.3276960784424	10267.301992565188	8428114220.796194	55874.00074827516	235.5082310267826	3121903959.618253	55464.126881364406	62615.28783770782	57070.13046734868	1.433517	25.129797	0.1684078999999999	0.0900046	0.0555215803	-0.0335252715	0.0390634549	-0.0811296967	0.093777611	0.0969197421	-0.091003135	0.0116972458	0.047289084	0.0849299537	-0.1113932364	0.1534485479	-0.0479179629	-0.0395782677	0.0522289221	-0.0916643737	0.105779005	0.0079961333	0.0031282528	-0.1591170275	0.0030591814	0.0939892307	0.2351047569	0.1284871348	0.1821490441	-0.0525382553	0.0970385388	0.0447239799	0.0669743831	0.1119416125	-0.0753464412	-0.079592644	0.0617582041	-0.1877304825	-0.0449971477	-0.0224802034	0.0056163236	0.0569511908	-0.133918594	0.0052770043	0.0575114393	0.0109750788	0.1370647904	-0.1235424123	0.1155271022	0.0963579806	0.0349313899	0.1589822783	0.0366120135	0.1091192109	0.0058762306	-0.0903424683	0.0181892265	0.0211858484	-0.0308011514	-0.214991766	0.006156092	0.0476257793	0.0366306613	0.0248911101	0.0811629751	-0.010947271	-0.0959240631	0.00819338	-0.00900462	8.108318134440002e-05	6.71314758244e-05	-0.0561164	-0.0182331999999999	0.0003324495822399	0.00314905034896	-0.0719054	-0.0691077099999999	0.0051703865491599	0.004775875581444	-0.00476684	-0.0011908699999999	1.4181713568999993e-06	2.27227635856e-05	-0.00102898	-0.000208159	4.333016928100003e-08	1.0587998404000005e-06	-7.19419e-05	-4.22184e-05	5.17563697561e-09	1.7823932985600003e-09	0.0	0.0	0.0	0.0	0.0	0.0	0.0	0.0	0.0	0.0	0.0	0.0	0.0
57616.36702565119	243.3461088739932	59217.32870411336	3319645749.2345457	92461.48111213236	656.719684436277	431280.74392608326	8549125489.449209	55987.17363154424	113.17288326907874	3134563611.2486825	12808.101507436522	62720.31629656712	57526.84904760244	1.193595	20.923933	0.205837666	0.142194	0.0546189996	-0.0049675512	0.0264918635	-0.0002333596	0.1137638364	0.0828760686	0.0696775813	-0.0475267654	0.0930958262	0.1207646028	0.0337893222	-0.0155438081	-0.0192574998	-0.0706237719	0.0039298809	-0.1111740827	-0.1015512078	-0.0205716211	0.0041410836	0.0394820597	0.0330917014	0.0573026158	-0.0047419179	0.0497775037	0.0762799494	-0.0774460898	0.20803271	-0.1617135941	-0.039055363	-0.2254320056	-0.1915264059	0.0692549078	0.0237745727	0.1240472556	0.0599388573	0.003093024	0.0383459023	-0.004615616	-0.1555072615	-0.0683029167	-0.0892713514	0.0514348976	0.0641335884	-0.0087315719	0.025590438	0.0480911838	0.0765136263	-0.0159345777	-0.0375642619	0.1450546288	-0.0378662672	0.0442324255	-0.0377674445	-0.017085492	0.0448985376	-0.0722054545	-0.0064736328	0.0400494667	-0.1072129505	0.0472383557	0.0791180255	-0.0163925382	-0.1006644984	-0.000139011	-0.008332391	6.9428739776881e-05	1.9324058121e-08	-0.0257051	0.0304112999999999	0.0009248471676899	0.00066075216601	-0.0851270999999999	-0.0132216999999999	0.0072466231544099	0.0001748133508899	-0.00229364	0.0024731999999999	6.116718239999998e-06	5.2607844496e-06	-0.000485152	0.000543828	2.957488935840001e-07	2.35372463104e-07	-1.15244e-05	6.04175e-05	1.3281179535999998e-10	3.65027430625e-09	0.0	0.0	0.0	0.0	0.0	0.0	0.0	0.0	0.0	0.0	0.0	0.0	0.0
57442.55439380017	-173.81263185101852	30210.830990977694	3299647055.284692	91926.4537377451	-535.0273743872531	286254.2913437179	8450472896.797791	55900.62284395292	-86.5507875913172	3124879634.3418717	7491.038832677308	62742.00076489378	57115.64538487026	1.193665	20.925161	0.050224914	0.023721	0.0637205959	0.0290697493	0.0254826104	0.0714889493	0.0386574911	0.0179653408	0.2152359644	-0.0249511957	0.0864207097	-0.0152996386	0.0118378388	0.0964784366	0.101585983	-0.0056431957	0.1097633227	-0.1148051658	-0.134730587	-0.0067364891	-0.1224253367	-0.0321894979	-0.0782697451	0.0487442895	0.0363813841	0.0619502622	-0.0459237483	-0.0470497568	-0.0177391006	0.0523489724	0.0721692263	0.0165045856	-0.108488917	-0.0152725417	-0.0027771367	-0.0339774102	0.0003939788	-0.1267661979	0.0699988147	-0.039848595	-0.0186480774	-0.1113459197	-0.1206359904	-0.0172523014	-0.04786357	-0.0819946326	-0.0145932749	0.030411306	0.1209796471	0.100917747	-0.0332694241	0.1038530508	0.0247540492	-0.0414038916	-0.0149763707	-0.0109878687	0.0188834023	0.0584658668	-0.0648645192	-0.1694337441	0.0335476962	0.067538375	0.0770320745	-0.0218038294	-0.1049355893	-0.000149245	-1.0233999999999996e-05	1.0473475599999994e-10	2.2274070025e-08	-0.0094928	0.0162123	0.00026283867129	9.011325183999998e-05	-0.10055	-0.0154229000000001	0.0101103025	0.00023786584441	-0.00242427	-0.00013063	1.7064196900000018e-08	5.8770850329e-06	-0.00055152	-6.636800000000003e-05	4.404711424000004e-09	3.041743104e-07	-0.000186116	-0.0001745916	3.4639165456e-08	3.048222679056e-08	0.0	0.0	0.0	0.0	0.0	0.0	0.0	0.0	0.0	0.0	0.0	0.0	0.0
57271.604664512975	-170.94972928719653	29223.80994336578	3280036700.848264	91823.13926164217	-103.3144761029398	10673.88097242492	8431488903.862931	55766.5040330763	-134.11881087662186	3109902972.0711155	17987.85543095906	62674.37185190887	57223.80006383779	1.158551	20.309591	0.10384714	0.0540538	0.0667304793	0.0462625532	0.0180499066	0.0779743304	-0.0256755149	-0.131614356	0.1239021552	0.0197757257	0.0102044289	-0.0757057773	-0.0097281465	0.049434527	0.0849304547	0.0037146807	-0.0141424819	-0.0484454593	-0.08745765	0.125879847	0.006695126	0.0580325444	0.0121928648	-0.0989178003	-0.0810771095	-0.0113013144	-0.0255997619	-0.1267815077	0.0066731746	0.0731161493	0.002051264	0.0067383569	-0.1442016854	0.0241969829	-0.0786624355	-0.0126085005	-0.0969399233	0.0338186508	0.0346007982	-0.032301305	0.086329665	-0.029310793	-0.0615368518	0.036294688	-0.0905195752	-0.0416620176	-0.1016766207	0.0159194924	0.0559422284	0.0746313372	0.0318049574	-0.0350714896	-0.0244307705	0.0353772847	0.0256056635	0.037541748	0.0797065155	0.0230848323	-0.1098929123	-0.0238313319	0.0030324495	0.1538337203	0.0749062032	-0.0271699288	-0.1087174221	-0.000157375	-8.129999999999992e-06	6.609689999999986e-11	2.4766890625e-08	-0.00950591	-1.3110000000000205e-05	1.7187210000000535e-10	9.036232492809998e-05	-0.0593174	0.0412326	0.00351855394276	0.00170012730276	-0.00179492	0.00062935	3.960814225000001e-07	3.2217378064e-06	-0.000952174	-0.0004006539999999	1.60523627716e-07	9.06635326276e-07	-0.000407978	-0.0002218619999999	1.6644604848399997e-07	4.922274704399999e-08	0.0	0.0	0.0	0.0	0.0	0.0	0.0	0.0	0.0	0.0	0.0	0.0	0.0
57137.866303329065	-133.73836118391046	17885.949252158087	3264735765.697107	91728.78344822304	-94.3558134191262	8903.019525984957	8414169712.890997	55687.09739625609	-79.40663682021113	3101052816.420112	6305.41397109691	62535.23013970136	56391.55962231694	1.064307	18.657488	0.063500175	0.0311764	0.0448691253	0.028329005	0.0383619182	0.0716161214	-0.0269720754	-0.1124904295	0.0654175469	0.0595769574	-0.007658937	-0.1245002439	0.0923250611	0.0825006946	0.0497771365	0.0267740452	-0.1052531997	-0.068748376	0.0308150989	0.1148556392	0.0710251958	0.040331554	0.1304245844	-0.0698218525	-0.1026221566	-0.0658064996	-0.2114918434	-0.0119167153	-0.0469581021	-0.0048996288	0.0035132132	0.0003736233	-0.0354701163	0.1101858876	-0.0087918594	0.0973919001	0.0180395805	0.0727912062	0.0418372243	-0.00714492	0.1377856271	0.0327733314	-0.0560730953	0.0043774466	-0.0928473472	-0.0564980264	-0.1154852968	0.0198816379	0.024109123	0.0325333205	-0.0199567024	-0.0271374994	-0.0422606968	0.160500592	0.068538316	0.1513462765	0.0277422049	0.048819261	-0.0879345728	0.0267801934	0.0480137576	0.0845221797	0.0727415132	-0.0324797145	-0.111992364	0.00962171	0.009779085	9.5630503437225e-05	9.25773033241e-05	-0.0336641	-0.02415819	0.0005836181440761	0.00113327162881	-0.0653204	-0.006003	0.00426675465616	3.603600900000002e-05	-0.00172233	7.258999999999998e-05	5.269308099999997e-09	2.9664206289e-06	-0.00112892	-0.000176746	3.123914851600003e-08	1.2744603664e-06	-0.000186116	0.0002218619999999	3.4639165456e-08	4.922274704399999e-08	0.0	0.0	0.0	0.0	0.0	0.0	0.0	0.0	0.0	0.0	0.0	0.0	0.0
57168.81473939295	30.948436063881672	957.8056948001718	3268273378.707032	91452.38640471814	-276.39704350489774	76395.32565824833	8363538979.117875	55681.37246981534	-5.724926440751005	3100415240.1223097	32.774782752009976	62519.74081838824	56632.91264075454	0.956718	16.771441	0.07443969	0.0474252	0.0628626157	0.072433789	0.0530845603	0.016198388	-0.0089181385	-0.1381808972	0.0171089412	0.0702395194	-0.0334088819	-0.0600090328	0.0905713107	0.072151897	0.1114673387	-0.0592812123	0.023771531	0.0689202753	-0.0062108193	-0.0520368951	0.0633276516	-0.051466022	0.1452230989	-0.0924821124	0.0029900257	0.0275275165	0.0310786975	-0.0749805702	0.0900732542	0.0615245952	0.0341471379	0.0124988572	0.0032789854	-0.0213085574	0.0071951739	0.033671695	0.029344679	0.0623031115	0.0418629002	0.0389322105	0.0964046078	0.0496438352	-0.1179449717	-0.0687680397	-0.1014835954	-0.0286347246	-0.0459244781	0.0506373957	0.0511318169	-0.024299948	0.049105502	-0.1252489148	0.0592612087	-0.0030664266	-0.0995145426	0.0399822637	-0.0037865885	-0.0816383142	-0.029456236	0.1217973926	0.0405904153	0.0257214496	0.0705391264	-0.0377221809	-0.1147451459	0.017223	0.0076012899999999	5.7779609664099976e-05	0.0002966317289999	-0.0266032	0.0070609	4.985630881000002e-05	0.00070773025024	-0.0931474	-0.027827	0.00867643812676	0.000774341929	-0.00110543	0.0006169	3.805656100000001e-07	1.2219754848999995e-06	-0.00115103	-2.210999999999988e-05	4.888520999999948e-10	1.3248700609e-06	-0.000186116	0.0	3.4639165456e-08	0.0	0.0	0.0	0.0	0.0	0.0	0.0	0.0	0.0	0.0	0.0	0.0	0.0	0.0
57138.310226363385	-30.50451302956208	930.5253151707224	3264786495.5241427	91443.95935202208	-8.427052696060855	71.01521714218653	8361997701.974266	55648.3399705763	-33.03249923903786	3096737741.48084	1091.1460059770368	62436.07974811422	56191.29487746881	0.976341	17.115427	0.08768509	0.0409172	0.0550190733	0.0581260238	0.0613383894	-0.0102485232	-0.0222303949	-0.0992725336	-0.0265799114	0.1194305082	-0.0167175496	-0.0399251324	0.0580076106	-0.0476211422	-0.104570007	0.0573236151	-0.062969493	0.011557413	0.0570971527	0.0947268689	0.0182256141	-0.066712774	0.0044781315	-0.0184266216	0.0434117679	0.0080728809	-0.0272997238	-0.0917005134	-0.1251212128	0.0017053365	0.0470396832	-0.0078053159	-0.0396479633	0.0785653483	0.0147979886	0.0279605836	0.1121423621	0.0398243298	0.0394398642	0.0910468721	0.0516506892	0.0777776785	-0.0321615216	-0.0099479275	-0.0095906428	0.0588203315	-0.0531220786	0.0161382668	-0.058639254	0.0370326556	0.04814842	-0.0785982742	0.066794232	0.0286306663	0.1209099179	0.0774092905	-0.0913054502	0.008990995	-0.045995612	-0.0959523573	-0.0158338007	0.0842913953	0.068300184	-0.0428864624	-0.1169629329	0.00740791	-0.0098150899999999	9.633599170809998e-05	5.48771305681e-05	-0.0181368	0.0084663999999999	7.167992895999998e-05	0.00032894351424	-0.0598522	0.0332952	0.00358228584484	0.00110857034304	-0.000728012	0.0003774179999999	1.4244434672399994e-07	5.30001472144e-07	-0.00137785	-0.0002268199999999	5.1447312399999984e-08	1.8984706225e-06	-0.000304046	-0.0001179299999999	9.244397011600001e-08	1.3907484899999994e-08	0.0	0.0	0.0	0.0	0.0	0.0	0.0	0.0	0.0	0.0	0.0	0.0	0.0
57182.1853647836	43.87513842021872	1925.0277713933529	3269802323.092472	91727.58759191175	283.62823988967284	80444.9784629138	8413950325.431843	55638.69461495536	-9.645355620938062	3095664338.456263	93.03288505436149	62461.95058497537	56609.94043220987	1.007351	17.659046	0.07559879	0.0334731	0.0429897699	0.0386058096	0.0538954988	0.0220918049	0.0168007126	-0.0032492776	0.0192822328	0.1273815504	-0.0090046281	-0.0180975347	0.010337873	0.027554413	-0.0094967555	0.0041069391	0.0642096318	-0.0089766289	-0.0390475577	-0.0145599573	0.2020610485	0.0307052957	0.0223315498	0.1481122117	0.0999124694	0.0405847317	0.1253475116	0.0628147464	-0.0362945451	-0.1484996186	-0.0122292754	-0.0379270413	0.0248748411	0.0192834442	0.0773567783	-0.0051430484	0.125658565	-0.2189612844	0.0524845485	0.0963480426	0.0438546754	0.0337506864	0.0025077897	0.0226671065	-0.0280636829	-0.0198592755	-0.0188236314	0.001683953	-0.0688800793	0.0721628704	0.0970499778	-0.0292051024	-0.0957516094	-0.1054322861	-0.0827499682	0.0746360649	-0.0748876714	-0.0908234582	0.0206921428	-0.1871945785	-0.1598825268	0.1302588809	0.0660258464	-0.0479618551	-0.1186353847	0.0229302	0.01552229	0.0002409414868441	0.00052579407204	-0.0266154	-0.0084786	7.188665795999998e-05	0.00070837951716	-0.0787651999999999	-0.0189129999999998	0.0062039567310399	0.0003577015689999	-0.00113218	-0.000404168	1.63351772224e-07	1.2818315524e-06	-0.00124625	0.0001315999999999	1.731855999999999e-08	1.5531390625e-06	-0.000186116	0.0001179299999999	3.4639165456e-08	1.3907484899999994e-08	0.0	0.0	0.0	0.0	0.0	0.0	0.0	0.0	0.0	0.0	0.0	0.0	0.0
57089.07176535155	-93.11359943205024	8670.14239919231	3259162115.02946	92085.56482843138	357.9772365196259	128147.70186622816	8479751249.771238	55628.1953125	-10.49930245536234	3094496113.725647	110.23535204917766	62657.46462823276	57087.11935547809	1.075106	18.846794	0.10982174	0.0653892	0.0467272885	0.048335534	0.0336258531	0.0699369376	-0.0374787507	-0.0914956305	-0.0367070274	0.1320547719	-0.033763359	-0.0312514922	0.0215725273	0.0357921937	0.0214370463	0.1586387269	-0.035193886	0.0656679557	0.038364427	0.0916414963	0.1086087524	0.0991334721	0.0004942345	-0.1637385804	-0.0525537611	0.0291417889	0.1241925919	0.1862438473	0.0571707882	0.0562590784	0.0471443132	-0.0768019169	-0.0163609538	0.0592468244	0.096159285	0.0737647898	0.0213393423	-0.01882982	0.0660059548	0.0284269357	0.1102718585	0.082556861	0.0297964952	0.050595962	-0.05651104	-0.0108423615	0.0001655627	-0.1746378674	-0.0480783458	0.0071954978	0.0817924824	-0.0745905021	-0.0604685178	0.0205165873	0.0074489997	-0.0738886189	0.1844029224	-0.0271700398	0.1295427506	-0.0073488	-0.0774811033	0.091983274	0.0637172922	-0.0529378395	-0.1197547036	0.00867766	-0.01425254	0.0002031348964516	7.53017830756e-05	-0.0401657	-0.0135502999999999	0.0001836106300899	0.00161328345649	-0.0544243	0.0243408999999998	0.00296200443049	0.0005924794128099	-0.0021262	-0.00099402	9.880757604e-07	4.52072644e-06	-0.00140579	-0.00015954	2.545301160000004e-08	1.9762455241e-06	-0.000186116	0.0	3.4639165456e-08	0.0	0.0	0.0	0.0	0.0	0.0	0.0	0.0	0.0	0.0	0.0	0.0	0.0	0.0
57109.98445325376	20.91268790220784	437.34051529514994	3261550324.2508864	91469.62344515932	-615.9413832720602	379383.78762709897	8366692013.19924	55672.46004971591	44.26473721591174	3099422807.987214	1959.366960793721	62436.3149005157	56055.09564790531	1.183578	20.748331	0.07496041	0.0438075	0.024329677	0.0153809642	0.0603526955	-0.113563886	0.0615075599	-0.0571585055	-0.1380110232	0.0853476488	-0.0449663774	0.0061759095	0.0538602654	0.0439001597	-0.0684489214	0.1598913049	-0.0527947821	-0.0103940703	0.0210086404	-0.0167372452	0.0224453097	0.0890008525	0.0085543726	-0.0725907819	-0.1181451631	0.0531276488	-0.0857856539	-0.0084508156	0.0297717741	-0.1038167366	0.0016615054	0.0146324498	-0.0466608548	-0.0975691071	0.087483523	0.125442786	-0.0783962045	0.0876031563	0.0260962462	0.0970836714	0.0119714743	0.0995106614	0.0364634047	-0.0932894084	0.0808899167	-0.0258733046	-0.0209480233	-0.0896541661	0.0188498394	-0.1007973472	-0.0375461313	-0.0116355723	-0.0050912567	0.007665446	0.1037859506	0.0579981587	0.1735601176	0.043137557	-0.0026729789	0.1246560174	0.023075372	0.0585659992	0.0613757178	-0.0578041022	-0.1203156708	0.0191715	0.01049384	0.0001101206779456	0.00036754641225	-0.0353134	0.0048522999999999	2.354481528999997e-05	0.00124703621956	-0.0465941	0.0078302	0.00217101015481	6.131203204000003e-05	-0.00133503	0.0007911699999999	6.259499688999998e-07	1.7823051009000002e-06	-0.00128367	0.00012212	1.491329440000002e-08	1.6478086689e-06	-6.37246e-05	0.0001223914	4.06082464516e-09	1.4979654793959998e-08	0.0	0.0	0.0	0.0	0.0	0.0	0.0	0.0	0.0	0.0	0.0	0.0	0.0
57319.45976570367	209.47531244991117	43879.9065259879	3285520467.832122	91742.97383578432	273.3503906249971	74720.4360548385	8416773248.233406	55832.60283076299	160.14278104707773	3117279538.857723	25645.71032149228	62682.01255772783	56979.08754066935	1.011267	17.727684	0.06437712	0.0345254	0.0392321349	0.0134890282	0.0446655493	-0.029360218	0.0420002289	0.1099852873	-0.0339802854	0.0201538973	0.042478836	0.010058676	-0.0330729676	0.0487265577	-0.0802012134	0.1122848912	0.0715844341	0.0475426864	-0.1030782448	-0.018063009	0.0206926248	0.1053646453	0.1544778489	0.0147607818	-0.0492017834	-0.0957761044	0.1108806382	-0.0126307548	-0.0244053454	-0.046128485	0.0718993414	0.0067092988	0.0469372478	-0.0577013988	0.0527430972	-0.0366679813	0.0146440996	-0.1199097933	0.0408233302	0.0263767881	-0.0430032662	0.0403790073	0.0458848537	-0.0088692884	0.1388700658	-0.0309656162	0.0414446819	-0.0009049821	0.0261606902	-0.0565134775	0.0554304431	-0.0792730429	-0.0027744912	0.0145547875	-0.1716909283	0.0456170634	-0.0298727684	-0.0695462441	0.1297801516	-0.1102215278	-0.0691867599	0.0776528654	0.0590023366	-0.0625505571	-0.1203156708	0.01237	-0.0068015	4.6260402250000006e-05	0.0001530169	-0.0339947	0.0013186999999999	1.7389696899999974e-06	0.00115563962809	-0.0751415	-0.0285474	0.00564624502225	0.00081495404676	-0.00146673	-0.0001317	1.7344890000000002e-08	2.1512968929e-06	-0.000983571	0.000300099	9.005940980100004e-08	9.674119120409998e-07	-0.000186116	-0.0001223914	3.4639165456e-08	1.4979654793959998e-08	0.0	0.0	0.0	0.0	0.0	0.0	0.0	0.0	0.0	0.0	0.0	0.0	0.0
57369.95620685769	50.49644115402043	2549.8905692214485	3291311875.1767693	91706.00816482842	-36.965670955891255	1366.4608292192222	8409991933.527577	55848.9625925832	16.359761820211133	3119106622.667757	267.6418068140379	62681.12768723061	56883.60278077418	0.925379	16.222052	0.04838255	0.0271769	0.0295424146	-0.0063991596	0.0205178951	-0.0253971134	0.0247090931	0.080360447	-0.0333564367	0.0032839208	0.0523725142	-0.0731425148	0.0376480854	-0.0277813556	-0.0891495369	0.0179770793	-0.088700065	-0.0413792803	0.0734356022	0.0179776543	0.0614505493	-0.0745717888	0.1730629568	-0.1045454101	-0.0968009329	0.1589837542	0.1368313018	-0.0514309885	0.1013995055	-0.0478515588	-0.0486135989	0.0082262341	0.1417698976	0.0202980468	0.0005979312	-0.0547087743	-0.1229368179	-0.0499590243	0.047487482	-0.0079814123	-0.0101162333	0.0107287303	0.0342223772	-0.0858515592	0.0709357546	-0.0117432144	-0.0644793214	0.0598054263	-0.0674812544	-0.19200773	0.0045506408	0.0276137201	0.1081279331	0.098984401	0.0212489268	-0.0450744716	-0.0260783276	-0.0156747015	0.0909311495	0.0921919728	-0.0972338965	0.2037135778	0.0565983786	-0.0671673664	-0.1197547036	0.0158386	0.0034686	1.2031185960000003e-05	0.00025086124996	-0.0378084	-0.0038136999999999	1.454430768999997e-05	0.0014294751105599	-0.0984317	-0.0232901999999999	0.0096887995648899	0.0005424334160399	-0.00157565	-0.0001089199999999	1.1863566399999997e-08	2.4826729225000004e-06	-0.000983571	0.0	0.0	9.674119120409998e-07	6.1165e-05	0.000247281	3.741157225e-09	6.1147892961e-08	0.0	0.0	0.0	0.0	0.0	0.0	0.0	0.0	0.0	0.0	0.0	0.0	0.0
57317.761200344	-52.19500651369162	2724.318704964311	3285325749.01966	92099.8775658701	393.86940104168025	155133.10507693194	8482387447.648264	55861.497831270295	12.535238687094534	3120506939.953016	157.1322089424315	62840.08143953972	57354.36783525409	1.049501	18.397938	0.0729810519999999	0.0407298	0.0244393006	0.0016200583	0.0191537845	0.0403116265	-0.0148196848	0.028870246	-0.056162362	-0.0171430133	0.0453783418	0.0333553507	-0.0853672185	0.0695504274	-0.1301568562	-0.0382118563	0.0828021469	-0.0439668126	-0.0773210698	-0.0221252488	-0.0170005301	0.0197592295	-0.0069556661	-0.0352249461	-0.0487749411	-0.0323671626	-0.0521463874	0.0528354097	-0.0156441731	0.03077953	0.0331024952	0.0342652077	0.0310068576	0.0405010731	-0.0172066511	0.0099896546	0.0120332593	0.1081449522	0.0296447212	-0.0274456464	-0.0281471924	-0.0248813373	0.0341195344	0.0514929573	0.0890779579	-0.0910492836	-0.0324973325	0.0131836953	-0.0702891322	0.069422116	-0.021326659	-0.0381683968	0.0273053078	-0.0354620502	-0.0597535699	-0.0242617497	0.0385733192	0.0861542574	-0.0002833108	-0.0203442411	-0.0117131602	-0.0270601219	0.0541650896	-0.071644961	-0.1186353847	-0.000164927	-0.016003527	0.0002561128764397	2.7200915329e-08	-0.0267162	0.0110922	0.0001230369008399	0.0007137553424399	-0.064955	0.0334767	0.004219152025	0.0011206894428899	-0.00171797	-0.00014232	2.0254982400000013e-08	2.9514209209000003e-06	-0.000983571	0.0	0.0	9.674119120409998e-07	-4.46875e-05	-0.0001058525	1.99697265625e-09	1.1204751756250004e-08	0.0	0.0	0.0	0.0	0.0	0.0	0.0	0.0	0.0	0.0	0.0	0.0	0.0
57205.05845459055	-112.70274575344956	12701.908900366694	3272418712.793122	91529.30705422796	-570.570511642145	325550.70875557914	8377614049.827145	55789.18120941558	-72.31662185471214	3112432740.017009	5229.69379647743	62696.39345270166	56279.65967852534	1.085781	19.033922	0.240838802	0.160342	0.0044498381	-0.0204474793	0.0236503317	0.0152407039	-0.0429107216	-0.0360259701	-0.0203684611	0.034376098	0.0409451385	-0.0260523184	-0.0616814329	0.1747593578	0.0191574224	-0.1044018016	0.1530595177	0.0577953552	0.1496246921	0.0421491792	-0.0204710702	0.0416362206	0.0577791033	0.0643824006	-0.0216650552	0.0513534696	-0.0801077013	-0.015228292	0.0944898434	-0.0306750828	-0.1657897363	-0.0596223472	0.0868794996	0.0005939404	-0.0473005517	0.0788287069	0.0770713359	-0.0355449268	0.0180750806	-0.0226623086	0.0666384696	0.0263107923	0.0411640055	-0.0580361057	0.0039191242	-0.2526252103	0.0487126781	-0.0315352528	-0.0274669353	0.0979084443	-0.1823431398	-0.1204326321	0.0073811279	-0.0154418365	0.0647379351	-0.052600767	-0.1760157472	-0.0040801622	-0.0818824538	0.0923047853	-0.0963943164	-0.019235116	0.0517037307	-0.0759740605	-0.1169629329	0.00267267	0.002837597	8.051956734408998e-06	7.143164928899999e-06	-0.0607193	-0.0340030999999999	0.0011562108096099	0.0036868333924899	0.00209373	0.06704873	4.3837053129e-06	0.0044955321946129	-0.00415577	-0.0024377999999999	5.942868839999997e-06	1.7270424292899997e-05	-0.00114333	-0.0001597589999999	2.5522938081e-08	1.3072034888999995e-06	-0.000186116	-0.0001414285	3.4639165456e-08	2.000202061225e-08	0.0	0.0	0.0	0.0	0.0	0.0	0.0	0.0	0.0	0.0	0.0	0.0	0.0
57374.74126594428	169.68281135372672	28792.25646890441	3291860935.334049	91824.775390625	295.4683363970398	87301.53781323429	8431789375.538731	55831.6823191457	42.501109730117605	3117176750.586006	1806.3443282914973	62765.47066271552	57591.55513929299	1.27057	22.273306	0.18167076	0.119704	0.0470589715	0.0201980354	0.0562679441	-0.0219041659	0.0350841713	-0.0249847804	-0.0096616938	-0.0003693566	0.0219837611	-0.0187830249	0.0912779994	0.174692068	0.1521880296	0.1255555773	-0.0078329944	0.0096799741	0.0375439252	0.0051388917	0.1063664013	0.0359079297	0.0568564909	0.178660186	-0.1114462657	-0.1225946536	-0.0505850647	0.1076577121	-0.1018091507	0.0614369521	0.1347496808	-0.1308756959	0.048765118	-0.0141618785	-0.0638022574	-0.0338089023	0.0673709623	0.1486757203	0.0381347927	0.0166181504	-0.0160555035	0.085125231	-0.011067477	-0.1614772726	0.0699801263	-0.1144851329	-0.0199891949	-0.1034955074	0.1507657346	0.0835533844	0.0839729963	-0.0747534051	-0.2511942372	0.0863866934	-0.0156347472	0.108533445	-0.0423472858	-0.0138778964	0.176748595	0.0217465484	0.0969803838	-0.1333283303	0.0492155773	-0.0801456922	-0.1147451459	0.0173864	0.01471373	0.0002164938505129	0.00030228690496	-0.065737	-0.0050177	2.517731329000007e-05	0.004321353169	-0.105779	-0.10787273	0.0111891968409999	0.0116365258776529	-0.00353713	0.0006186399999999	3.827154495999997e-07	1.25112886369e-05	-0.00100851	0.0001348199999999	1.8176432399999976e-08	1.0170924201e-06	0.000141756	0.000327872	2.0094763536e-08	1.07500048384e-07	0.0	0.0	0.0	0.0	0.0	0.0	0.0	0.0	0.0	0.0	0.0	0.0	0.0
57205.09360289224	-169.64766305204105	28780.32957901885	3272422734.115662	93013.9833716299	1189.2079810049036	1414215.622085759	8651601102.657845	55703.41555270901	-128.26676643668907	3102870504.2377844	16452.363372124146	62795.41118091903	57306.12786695519	1.235861	21.664854	0.1628369999999999	0.11588	0.037730052	0.0161118907	-0.0296898749	0.140555163	-0.0292331449	-0.1186580198	0.059538646	0.0760204339	-0.0424001418	-0.0075679836	-0.0327265988	-0.0845495753	-0.0675879503	-0.0032979572	0.0254073494	-0.0103760323	-0.0228155268	-0.0922144302	0.0326597856	-0.1330434007	0.0654296601	0.111055316	-0.0114651062	-0.0982687171	0.1032258119	0.0791953916	0.0097061064	0.3280610138	0.0478569428	-0.0684187324	-0.1374038748	-0.0450916467	-0.1113043932	-0.0349378906	0.0292928231	0.0900867845	0.0308042498	-0.0013354032	0.0581260686	0.0157164747	-0.0196098378	0.2470577278	-0.0118304257	0.0963468684	-0.0778043098	-0.0823022696	0.0281124603	-0.0304292801	0.2001607027	-0.0482228592	0.0987255968	-0.1272622278	0.0058543324	0.0891413822	-0.0449376508	-0.0644941541	0.1300931342	0.1249290501	0.2221731241	-0.1370419602	0.0467019189	-0.0841512098	-0.111992364	0.0212842	0.0038978	1.519284484e-05	0.0004530171696399	-0.0378459	0.0278911	0.00077791345921	0.00143231214681	-0.131123	-0.0253439999999999	0.0171932411289999	0.0006423183359999	-0.0015821	0.00195503	3.8221423009e-06	2.50304041e-06	-0.00116172	-0.0001532099999999	2.3473304099999997e-08	1.3495933584e-06	0.000135914	-5.841999999999989e-06	1.8472615396e-08	3.412896399999987e-11	0.0	0.0	0.0	0.0	0.0	0.0	0.0	0.0	0.0	0.0	0.0	0.0	0.0
57632.75170052781	427.6580976355762	182891.4484732801	3321534068.574692	92054.10696997547	-959.87640165443	921362.7064530568	8473958610.039687	55923.32676161729	219.91120890827733	3127418476.0866203	48360.9398035	62651.82762276786	57423.36884092993	1.798269	31.523966	0.10016705	0.0635519	0.0628448237	0.1133220875	-0.0039781541	-0.122584529	0.1561580813	-0.0945106529	0.1161936538	-0.0461055316	0.0260761405	0.1183841512	0.2926101812	-0.3328110822	0.1303571608	0.2589484953	0.220655216	-0.0520559331	-0.0490126712	-0.0741757243	-0.0036130827	-0.0650869965	-0.1732828428	-0.1468013615	0.1007977671	0.1151646108	-0.1391895655	-0.053136204	0.0233795364	-0.1235541535	-0.070529203	0.099637927	0.0565628209	0.0527915534	-0.0430942323	0.0522777721	-0.0294937036	-0.0151953032	0.00011722	0.0543633874	-0.1745557553	0.0275746394	-0.1859631131	-0.1992188362	-0.0133171535	0.3736452286	-0.1058932713	-0.2278644509	0.115908683	-0.0083579753	-0.0871480873	0.0733616437	0.1191720031	-0.1422393879	-0.1345915594	-0.0830737847	0.0140044687	0.068815809	-0.168732162	0.0199030604	-0.0398810392	0.0627583823	0.0441640581	-0.087982311	-0.1087174221	0.0268235	0.0055393	3.068384449000001e-05	0.00071950015225	-0.0431022	-0.0052562999999999	2.7628689689999983e-05	0.00185779964484	-0.133131	-0.002008	0.017723863161	4.03206400000004e-06	-0.000640379	0.000941721	8.86838441841e-07	4.100852636409999e-07	-0.00119723	-3.55100000000001e-05	1.260960100000007e-09	1.4333596729000002e-06	0.000905952	0.000770038	8.20749026304e-07	5.92958521444e-07	0.0	1.0	0.0	0.0	0.0	0.0	0.0	0.0	0.0	0.0	0.0	0.0	0.0
57790.95481373409	158.2031132062766	25028.225028157973	3339794458.283056	91839.9885646446	-214.118405330868	45846.69150143387	8434583499.554052	56043.984057934256	120.6572963169674	3140928149.085989	14558.183154520477	63101.24597637008	58485.2810330138	1.588594	27.848324	0.19127205	0.10041	0.1002930179	0.127556778	0.0440684175	-0.026151102	0.0725109119	0.160809413	0.0061300227	-0.081810534	0.0907757432	0.1198035496	0.1089422032	-0.1019250878	-0.0371815157	-0.0302796728	0.1061828423	0.038647425	0.0524280818	0.0114737057	0.0885589557	-0.1473137156	-0.082268589	-0.0296828913	-0.0086088836	-0.1602599549	-0.0094482728	-0.1175427968	-0.0899454007	0.0385098064	0.0413102667	0.0343874967	-0.0100167488	0.0458496919	0.0540988541	0.0568131267	-0.0685592655	0.1310120056	0.0722361292	-0.0686377113	-0.1344806739	0.0247160814	-0.1344841398	-0.1208222048	0.1050339277	0.1225434952	0.1501726096	-0.0641152642	-0.0803679681	-0.011039769	0.1318239144	0.0644006591	0.0310341472	0.0225668182	-0.1586377321	-0.0882675698	-0.0533890462	0.0605045583	-0.0625438291	0.1559056017	0.121663426	-0.0886922568	0.0416033102	-0.0916310555	-0.1049355893	0.0250864	-0.0017371	3.0175164100000063e-06	0.0006293274649599	-0.0212432	0.021859	0.000477815881	0.00045127354624	-0.195104	-0.061973	0.038065570816	0.003840652729	0.000421229	0.001061608	1.1270115456639995e-06	1.77433870441e-07	-0.00167197	-0.0004747399999999	2.2537806760000002e-07	2.7954836809000003e-06	0.000328241	-0.000577711	1.07742154081e-07	3.337499995210001e-07	0.0	0.0	1.0	0.0	0.0	0.0	0.0	0.0	0.0	0.0	0.0	0.0	0.0
57667.61023210566	-123.3445816284293	15213.885817092258	3325553269.8820577	92701.76039368872	861.7718290441117	742650.6853340336	8593616380.088875	56024.83229758523	-19.151760349028336	3138781833.972549	366.789924466614	63125.72605257081	58044.0110621861	1.312846	23.014421	0.1365316	0.0667587	0.0955208995	0.1409869269	-0.0261428034	0.1038987697	0.0127822252	0.1289046694	-0.0008546959	-0.137949418	0.1108122293	-0.0886068647	0.0650136283	-0.06104116	0.0078262366	-0.0467205368	-0.116795784	-0.0662591923	-0.1417073664	0.0627354168	-0.0029313061	0.1161715913	-0.1712828131	0.0132611319	-0.1209937074	-0.1571108319	0.1237106035	0.0528512057	-0.0132684097	0.0490919009	0.0339450329	0.0714610758	-0.1214390214	-0.0695180572	0.2042936418	-0.1693062501	0.0107881637	0.0501447836	0.0367549069	-0.1670211648	-0.0110275441	-0.1093161766	-0.0518338591	-0.0484348562	0.0440778492	0.0678186394	-0.0235948634	0.0595725339	-0.0934189397	-0.0625404474	0.118570664	0.0288622634	-0.1639094974	0.0296224588	0.1143930792	-0.1168210432	0.138061646	-0.0297353252	-0.1416147519	-0.1871893607	0.0425783374	-0.0269084774	0.0390210022	-0.0950898807	-0.1006644984	0.0466762	0.0215898	0.00046611946404	0.00217866764644	-0.0144067	0.0068365	4.6737732250000005e-05	0.00020755300489	-0.158646	0.0364579999999999	0.025168553316	0.0013291857639999	0.00140094	0.000979711	9.59833643521e-07	1.9626328836e-06	-0.00197859	-0.00030662	9.401582440000004e-08	3.9148183881e-06	0.000474856	0.000146615	2.25488220736e-07	2.1495958225e-08	0.0	0.0	0.0	0.0	0.0	0.0	0.0	0.0	0.0	0.0	0.0	0.0	0.0
57450.92371369421	-216.6865184114504	46953.047261275824	3300608635.556712	92592.4290134804	-109.33138020831392	11953.3506982549	8573357910.616407	55980.99606838474	-43.83622920048947	3133871920.8085074	1921.6149905178456	63053.38423260468	57640.35539202009	1.174238	20.584604	0.07935837	0.05255	0.0486378436	0.0855681714	-0.0405078636	0.1033046999	-0.0612179324	0.0364789991	-0.063122981	-0.1328574457	0.104715767	-0.0818097957	0.0141973932	-0.1158586914	-0.0958710737	-0.0224696655	0.0331815744	-0.0517014351	0.0241173771	-0.050221669	-0.0094547541	0.0614576111	-0.0301133205	0.1257260285	-0.0591398087	0.0765850908	0.0306259093	0.1461318604	0.0086005372	-0.0571025912	0.137985478	0.1421145593	-0.0858046714	0.0034803006	0.05654502	0.0466238962	-0.0958242325	0.0290485702	0.0060117123	-0.1695417582	0.0153213474	-0.1159160826	0.0110065505	0.0010246968	0.0936059612	0.0799571214	-0.0217694423	0.0313630677	-0.0539830848	0.0173750399	-0.0719251927	0.0294799195	-0.0675684508	-0.1521928334	0.0585882937	0.0963256485	-0.009985397	-0.0300280447	0.0767532264	-0.1337391025	0.0495060467	0.0435590261	0.0364184723	-0.0983516175	-0.0959240631	0.0467021	2.590000000000231e-05	6.708100000001195e-10	0.00218108614441	-0.00905643	0.0053502699999999	2.8625389072899987e-05	8.201892434490002e-05	-0.11601	0.042636	0.0134583201	0.001817828496	0.000932386	-0.000468554	2.1954285091600007e-07	8.69343652996e-07	-0.00182022	0.00015837	2.508105690000004e-08	3.3132008484e-06	0.000474856	0.0	2.25488220736e-07	0.0	0.0	0.0	0.0	0.0	0.0	0.0	0.0	0.0	0.0	0.0	0.0	0.0	0.0
57305.90548517871	-145.0182285155024	21030.28660177448	3283966803.476235	92166.40248161764	-426.0265318627644	181498.605851015	8494645746.403534	55844.22913073255	-136.76693765218806	3118577927.205758	18705.19523475749	62886.03650034637	57003.35150794205	1.00744	17.660603	0.1246354699999999	0.0739150999999999	0.0230030619	0.0516863474	-0.0183419772	0.0772533376	-0.0492897867	-0.0227633088	-0.0508587689	-0.0449738496	0.0663850617	-0.1300495817	0.0308472013	-0.0884200608	-0.0290795434	-0.1332239537	0.0228249694	-0.0362297677	-0.1779281046	-0.148930589	0.0364390071	0.1429457859	-0.0340724452	-0.1204811589	0.08291861	-0.1112889555	0.0577590241	-0.0132591469	-0.0041441733	0.0026793348	-0.0217846241	-0.0223998591	-0.0243503139	-0.0168036425	0.0320572031	-0.0405928011	0.0068068393	-0.1888871383	0.0237858707	-0.1145303192	0.0835256189	-0.0447300392	0.0244442284	0.0262152901	0.0048478557	0.084299454	-0.1020093959	0.1121122997	0.0067039637	-0.0958355691	-0.0836297872	0.0451208655	-0.0724991815	-0.1232404677	-0.1293597962	-0.0528051005	0.0630267284	-0.0873930531	-0.0488292483	-0.0685171161	-0.0599301114	-0.0821292874	0.0337970692	-0.1014095056	-0.0907363855	0.046758	5.589999999999762e-05	3.1248099999997333e-09	0.002186310564	-0.0308688	-0.0218123699999999	0.0004757794850168	0.0009528828134399	-0.127682	-0.0116719999999999	0.0163026931239999	0.0001362355839999	-0.000187018	-0.001119404	1.2530653152160002e-06	3.4975732324000004e-08	-0.00111772	0.0007025	4.9350625e-07	1.2492979984e-06	0.000474856	0.0	2.25488220736e-07	0.0	0.0	0.0	0.0	0.0	0.0	0.0	0.0	0.0	0.0	0.0	0.0	0.0	0.0
57175.8092817061	-130.0962034726108	16925.02215798695	3269073167.018029	92000.6257276348	-165.77675398283463	27481.93216108528	8464115134.276339	55735.14585024351	-109.08328048903786	3106406482.9479165	11899.162082250108	62676.49009775247	56699.00040536997	0.983668	17.24387	0.06317935	0.0396119	-0.0057676723	-0.0020517103	-0.0031643427	0.0189562638	-0.044087749	-0.0211320202	-0.0804837369	0.0226737523	-0.0056279051	-0.0639197435	-0.025793243	-0.0603852387	-0.0375828621	-0.0839802482	-0.0611658002	0.0119962258	-0.1478522206	-0.0550412041	-0.0343290233	-0.0939165496	-0.045738201	0.0790199747	-0.068626994	0.0514875823	-0.1169661656	-0.0262350921	-0.0373673841	0.012432193	-0.0877915492	0.0888699935	0.0045099643	-0.1220804553	-0.1590579312	-0.0583163667	0.1212277333	-0.1236370218	0.000231868	-0.0125058332	0.0636815649	-0.0366379161	0.0505555082	0.0805850063	0.0263006051	0.0454034196	-0.115747531	0.0912635682	0.0290434646	-0.1211873783	-0.0142585674	-0.0741803338	0.0450583889	-0.0665866589	0.0581821198	-0.003649801	-0.1125814849	0.1007324189	-0.0532547639	-0.0730159947	0.0743882908	-0.0872164723	0.0311581515	-0.104257207	-0.0851256531	0.0340754	-0.0126826	0.00016084834276	0.0011611328851599	-0.032395	-0.0015262	2.3292864400000057e-06	0.001049436025	-0.102745	0.0249369999999999	0.010556535025	0.0006218539689999	-0.000653669	-0.0004666509999999	2.17763155801e-07	4.27283161561e-07	-0.0011037	1.4020000000000005e-05	1.9656040000000007e-10	1.21815369e-06	0.000474856	0.0	2.25488220736e-07	0.0	0.0	0.0	0.0	0.0	0.0	0.0	0.0	0.0	0.0	0.0	0.0	0.0	0.0
57094.022871345296	-81.7864103608008	6689.016919705305	3259727447.6337	91933.2450291054	-67.3806985294068	4540.158534310804	8451721541.5815325	55703.47237723215	-31.67347301136033	3102876834.8810654	1003.2088926013712	62601.77240224754	56446.325097344845	0.941571	16.505898	0.0632264	0.0276325	-0.0133391072	-0.0209353191	0.0100334329	0.0066792968	-0.0233770539	-0.0038297936	-0.0812994531	0.0603058834	-0.0453362377	0.0078508983	-0.0376938212	0.1022063102	-0.059021671	-0.0129433063	-0.0234530161	0.1098235186	-0.1320986796	-0.1466729582	-0.0600583042	-0.0065661613	-0.0579580939	-0.0499450058	-0.0084211533	0.0563254997	-0.0615376962	-0.1197673186	0.0927143847	0.0324243411	0.047769402	0.1357635314	0.160008565	0.1405206112	0.0418086176	0.0398585083	0.0077521599	-0.0830514342	-0.0018634336	0.0310680232	0.0573347228	0.0166755102	0.0479441574	0.0854833902	0.0015178602	-0.0697023948	-0.0127359307	0.0905409379	0.1201168047	-0.1460924967	-0.0823714883	-0.0653306213	0.0657633022	-0.1109257939	-0.0029247823	-0.0334796883	-0.0103476843	0.1346076072	-0.0662258865	-0.0086534179	-0.0330817912	-0.0976145276	0.0285030867	-0.1068888195	-0.0791180255	0.0301144	-0.0039609999999999	1.5689520999999993e-05	0.0009068770873599	-0.0237637	0.0086313	7.449933969000003e-05	0.0005647134376899	-0.12515	-0.022405	0.0156625225	0.000501984025	-0.00096223	-0.000308561	9.520989072100004e-08	9.258865729e-07	-0.00122631	-0.00012261	1.50332121e-08	1.5038362161e-06	0.000608267	0.000133411	3.69988743289e-07	1.7798494921e-08	0.0	0.0	0.0	0.0	0.0	0.0	0.0	0.0	0.0	0.0	0.0	0.0	0.0
57201.82054670203	107.79767535673454	11620.338812315937	3272048273.8571024	92020.79883578431	87.55380667891586	7665.669063968971	8467827418.375884	55778.793051187095	75.32067395494232	3111273754.2471576	5673.203925026726	62751.50111703356	56412.631003181305	0.985985	17.284489	0.0502614	0.0236451	-0.0115677031	-0.0212340032	0.0100149803	-0.0267815808	0.0598100042	-0.0054708513	-0.0236771835	0.069381696	-0.0336967984	0.1460111468	-0.1411902852	0.0832823539	-0.0127511499	-0.0794568347	0.0607764994	-0.135526798	-0.007363115	-0.1602985414	-0.0553040505	0.0029525638	0.0631821363	0.0279571478	-0.0499390392	-0.1339615941	-0.072066197	-0.2057893384	0.0103080059	0.0257766831	0.0170492476	-0.0552851785	0.0609717543	0.083606986	0.0620167321	-0.0930391483	0.1115989836	0.0316017655	0.0145120333	0.0618720703	-0.0623481293	0.0593028327	0.0376156721	0.1390477319	-0.0019597836	-0.1061823742	0.0438239825	0.036476158	0.0867454493	-0.1117528677	-0.0509854832	0.145401198	-0.0013380981	-0.0278230967	-0.1102932686	0.0055918596	-0.2200138407	0.1056290747	-0.043972649	0.1157949783	0.0797365476	-0.0693827273	0.0258332508	-0.1092988885	-0.0727415132	0.0378016	0.0076871999999999	5.909304383999997e-05	0.0014289609625599	-0.0345362	-0.0107725	0.00011604675625	0.00119274911044	-0.14072	-0.01557	0.0198021184	0.0002424249	-0.000855662	0.000106568	1.1356738624000005e-08	7.32157458244e-07	-0.00127596	-4.965000000000004e-05	2.465122500000004e-09	1.6280739216e-06	0.000776683	0.000168416	6.03236482489e-07	2.8363949056000004e-08	0.0	0.0	0.0	0.0	0.0	0.0	0.0	0.0	0.0	0.0	0.0	0.0	0.0
57277.43473869612	75.61419199409283	5717.506030919533	3280704530.245593	92104.20778952206	83.40895373774401	6957.053563625121	8483185092.535456	55730.8565721388	-47.93647904829413	3105928374.2643065	2297.906023547542	62675.456824391935	56688.074218407455	1.025445	17.976231	0.0534817	0.0272555	-0.0289007537	-0.0341000638	-0.0249220321	-0.0285439807	0.06190101	-0.03545056	0.1007921732	0.0815353168	-0.0469125687	0.1180275764	0.0188396619	-0.0401854651	-0.011149104	0.0232744192	-0.0895681234	-0.0682947509	-0.041204619	0.0425234699	-0.0955794406	-0.0137653994	-0.1127450558	0.0990273909	0.0074247248	-0.0680734822	0.0664301151	0.0340416128	-0.0612197586	0.0643372186	-0.0457447506	-0.1440909303	-0.0001853975	-0.0915671079	-0.0440425104	0.0253738326	-0.2005051074	0.1302227906	-0.0159944123	0.1023832004	-0.0820960865	0.0384098004	-0.0420022574	0.1533591444	-0.0379292773	0.0789165466	-0.0448590193	-0.0365234623	0.0049251041	0.0064003194	0.0618368824	0.0452692299	-0.0812829869	0.014929099	0.047588596	-0.0539427694	0.065908327	0.0602373427	0.0017366219	-0.1282200335	0.04492846	0.0017331194	0.0231500272	-0.1114824189	-0.0660258464	0.0339299	-0.0038716999999999	1.499006088999999e-05	0.00115123811401	-0.0237712	0.010765	0.000115885225	0.00056506994944	-0.119569	0.021151	0.0142967457609999	0.000447364801	-0.000844288	1.1373999999999976e-05	1.2936787599999946e-10	7.12822226944e-07	-0.0011037	0.00017226	2.9673507600000013e-08	1.21815369e-06	0.000606437	-0.0001702459999999	3.67765834969e-07	2.8983700515999998e-08	0.0	0.0	0.0	0.0	0.0	0.0	0.0	0.0	0.0	0.0	0.0	0.0	0.0
57250.76758678486	-26.667151911264227	711.1369910584433	3277650389.276056	91805.6741115196	-298.5336780024518	89122.35690167156	8428281799.070541	55787.19101308847	56.33444094967126	3112210681.13082	3173.5692371119985	62620.389453125	56514.772925614336	0.9297	16.297806	0.07310145	0.0430021	-0.0431678215	-0.0541402677	-0.0055928681	-0.0289413516	0.0438704914	-0.0053339893	0.116291676	0.0476169944	-0.0617701494	0.1383609455	0.0605684156	0.0026410811	0.1300087723	-0.0826369299	0.0223695967	0.1056880676	-0.0881285646	0.0402918614	0.0638517926	-0.0192950576	0.0404007812	0.0001524945	-0.0426313708	0.0868733099	0.1009327442	-0.0127221939	0.0444998878	0.0315588457	0.0652186138	0.0887717504	0.1600738381	-0.0094508473	-0.0863328164	0.1653996553	0.0805716072	-0.1535624746	-0.0278127192	0.0860413258	-0.0562250234	0.0034863062	-0.0646546539	0.0828168024	-0.1070659684	-0.0352994329	0.0262677626	0.0120594317	0.0109335952	-0.070479037	0.0240308288	-0.0902023947	-0.0351490738	0.0109069747	-0.0720299289	-0.0588323215	-0.0169787653	-0.026182346	0.0325981395	-0.0179155092	-0.0396295742	0.0335565136	0.0204548066	-0.1134348849	-0.0590023366	0.0167797	-0.0171501999999999	0.0002941293600399	0.00028155833209	-0.0274315	-0.0036603	1.3397796090000012e-05	0.00075248719225	-0.131403	-0.0118339999999999	0.017266748409	0.0001400435559999	-0.00016673	0.000677558	4.59084843364e-07	2.77988929e-08	-0.0011037	0.0	0.0	1.21815369e-06	0.000474856	-0.000131581	2.25488220736e-07	1.7313559561000006e-08	0.0	0.0	0.0	0.0	0.0	0.0	0.0	0.0	0.0	0.0	0.0	0.0	0.0
57365.86551849247	115.0979317076126	13247.533883370252	3290842526.685764	91833.22987898283	27.55576746322913	759.3203204875572	8433342110.006105	55856.3545746246	69.16356153613015	3119932346.3661866	4783.598244362061	62732.071442041255	56988.47422802984	1.00203	17.565769	0.06192245	0.0327707	-0.0279857238	-0.0289672638	0.0071356414	-0.0261838197	0.0403353808	0.0281347621	0.1144401396	-0.0075496937	-0.0278352307	0.1285670879	0.0585848244	-0.0386444806	0.1846831111	0.0335303183	-0.0464997423	0.0459538185	0.0163686089	-0.0881479146	-0.0882725394	-0.0197885517	0.001672421	0.1120833782	-0.0352125322	0.0349780769	-0.0393254217	0.023257996	-0.0318962869	-0.0173519425	0.1231528057	-0.020598005	-0.0730803199	-0.1588767811	0.0206550789	0.0316930657	-0.0196401924	-0.045717989	-0.0150919887	0.0425179224	-0.0776699858	-0.0030114378	-0.0812987627	-0.0381540203	-0.1716492209	-0.0240402937	0.1029322884	-0.0285426853	0.0252489004	-0.0653115825	0.0543019831	0.0525161925	0.0253327636	0.0026469305	-0.0184366863	0.114443106	-0.034489177	-0.0227002921	0.0283218938	-0.1245170997	0.0385638101	-0.0498355719	0.0177489858	-0.1151522399	-0.0517037307	0.0287788	0.0119990999999999	0.0001439784008099	0.00082821932944	-0.0237855	0.003646	1.3293316e-05	0.00056575001025	-0.14818	-0.016777	0.0219573124	0.000281467729	-0.000718017	-0.000551287	3.039173563690001e-07	5.155484122890001e-07	-0.00106498	3.87199999999999e-05	1.4992383999999923e-09	1.1341824004000005e-06	0.000474856	0.0	2.25488220736e-07	0.0	0.0	0.0	0.0	0.0	0.0	0.0	0.0	0.0	0.0	0.0	0.0	0.0	0.0
57396.78713500231	30.921616509840533	956.1463675816426	3294391173.420767	91777.00936734068	-56.22051164215373	3160.745929305542	8423019448.412939	55878.20498300528	21.850408380676527	3122373792.122756	477.440346402339	62676.0746690271	57121.39800209513	1.125563	19.731319	0.0842642499999999	0.0531083	-0.0387531054	-0.0559606952	-0.0251834059	-0.0581595592	0.054442978	0.0261488583	0.0253697695	-0.0609681112	0.0050345118	0.0133615097	0.0093496954	-0.0116153625	0.1243750243	0.0239498378	-0.0339356785	-0.053524278	0.1727880111	0.0990956413	0.0409481024	-0.0166602052	-0.0290426016	-0.018026697	0.0559334533	0.0290567559	-0.0383528885	-0.062989166	-0.1823001534	0.070424407	-0.0833308747	0.0239909289	0.0991769118	0.0163516348	-0.0171292331	-0.1081736319	0.0583887775	-0.0785693726	-0.0340340487	0.0074333028	-0.0600581371	-0.0311218615	-0.0053077423	-0.1439677647	-0.1333067424	-0.014531551	-0.0629220887	0.0470820927	-0.0516868178	0.045142752	0.0921608026	0.0490380364	0.000356444	-0.0304330205	0.0817501254	-0.0343243774	-0.1397368974	-0.0677581846	0.0408390035	0.0706096356	0.0409328472	0.0469045865	0.0150339668	-0.1166309242	-0.0441640581	0.0215291	-0.0072497	5.255815009000002e-05	0.0004635021468099	-0.0238645	-7.899999999999921e-05	6.240999999999875e-09	0.00056951436025	-0.164794	-0.0166139999999999	0.027157062436	0.0002760249959999	0.000106421	0.000824438	6.796980158440001e-07	1.1325429241e-08	-0.000682987	0.000381993	1.4591865204900004e-07	4.6647124216900004e-07	0.000474856	0.0	2.25488220736e-07	0.0	0.0	0.0	0.0	0.0	0.0	0.0	0.0	0.0	0.0	0.0	0.0	0.0	0.0
57346.975896651056	-49.81123835125618	2481.1594660856545	3288675644.4910774	92499.97156096814	722.9621936274634	522674.33341463393	8556244738.779916	55879.50228287338	1.297299868099799	3122518775.381651	1.6829869477717556	62878.97091190733	57883.53795623001	1.383739	24.257177	0.2406278	0.153039	-0.0327820252	-0.0178509234	-0.0508561368	0.0435700054	-0.0702852112	0.0075918954	0.0401276888	-0.0829001399	0.0305931276	-0.0528855263	-0.0291058321	0.0521696907	0.0330487036	-0.0722494406	0.0245935719	-0.0195273168	0.086662903	0.174298852	0.0457591832	0.0942036075	-0.0859481224	0.0550445541	-0.0048528429	0.0192303885	-0.1230568656	0.1975958289	-0.0296396218	-0.1102977586	-0.0436238631	-0.011995959	-0.167837341	0.2360424417	0.0113892823	-0.0373192019	0.0831215074	-0.1010886605	-0.0555793348	-0.0603023334	0.0002317991	-0.0909640338	0.0441195301	-0.0211264271	0.0076006229	-0.026051163	-0.061975265	-0.0437519849	-0.1110035714	0.2529713461	-0.0355957004	-0.0194717134	-0.1374307629	0.0798763266	0.0245283218	0.0457815055	0.0529193917	0.0230841901	0.0431771959	-0.1218019714	-0.0306791792	-0.0466209357	0.0123111568	-0.1178678731	-0.0364184723	0.0288092	0.0072801	5.299985601000002e-05	0.00082997000464	-0.0399881	-0.0161236	0.0002599704769599	0.0015990481416099	-0.0837826	0.0810114	0.0070195240627599	0.0065628469299599	-0.00201571	-0.002122131	4.503439981161001e-06	4.0630868041e-06	-0.00128511	-0.0006021229999999	3.625521071289999e-07	1.6515077120999997e-06	0.000474856	0.0	2.25488220736e-07	0.0	0.0	0.0	0.0	0.0	0.0	0.0	0.0	0.0	0.0	0.0	0.0	0.0	0.0
57088.01501149987	-258.96088515118754	67060.74003828655	3259041457.953234	93230.16786917891	730.1963082107686	533186.6485246358	8691864200.91528	55789.02780032468	-90.4744825486996	3112415622.9054	8185.631992454948	63310.88680341749	57529.06142764967	1.216022	21.31708	0.06331733	0.0426435	-0.0503007882	-0.0257225269	-0.0888289935	0.1698460493	-0.1440822563	-0.0586540678	-0.0655946878	-0.0679633372	-0.0129091233	-0.1859767997	-0.1120764743	0.0520961292	-0.0279958794	0.1669073611	0.1303334444	0.0109085132	0.1535109236	-0.004736868	-0.0426310116	-0.0444967142	-0.0549473034	0.0226348971	0.1691371855	-0.0483036817	0.0336665285	-0.0308741603	-0.0664072578	0.059665478	-0.0470378311	0.0756004611	-0.0917420122	0.0929808061	0.0471966987	0.1195653134	-0.0852050208	-0.0797370025	-0.0074243283	-0.1894833165	0.1693504752	0.0934098622	0.1848652094	-0.007293156	0.0359796377	-0.0059140731	0.2050086258	-0.2211520781	0.0110418126	0.1896615013	0.0236408819	0.0888670548	0.1031124414	-0.0560054634	-0.205398029	0.0715418534	0.0852626073	-0.0885012911	-0.057460086	-0.0510955537	0.1412584606	0.0337948597	0.0095819668	-0.1188605229	-0.0285030867	0.0289334	0.0001242	1.5425640000000347e-08	0.00083714163556	-0.0744058999999999	-0.0344177999999999	0.0011845849568399	0.0055362379548099	-0.083835	-5.2400000000008e-05	0.007028307225	2.7457600000008374e-09	-0.002186	-0.00017029	2.8998684100000007e-08	4.778596e-06	-0.00128511	0.0	0.0	1.6515077120999997e-06	7.06874e-05	-0.0004041686	4.9967085187599994e-09	1.6335225722596e-07	0.0	0.0	0.0	0.0	0.0	0.0	0.0	0.0	0.0	0.0	0.0	0.0	0.0
57051.06849767568	-36.946513824186695	1365.0448837608185	3254824416.7264824	91075.16694240196	-2155.000926776949	4644028.99440951	8294686033.586388	55747.13351638596	-41.8942839387164	3107742895.293763	1755.1310267377908	62424.84078663793	56205.05731403585	1.563522	27.408813	0.24511678	0.135058	-0.0775624812	-0.0896360642	0.0094667254	-0.1524448607	-0.0140489502	-0.0662616687	-0.1036654356	-0.0035857239	-0.0377333966	-0.09648709	-0.0635610281	0.1190710951	-0.0187756425	0.0138165457	-0.0733793917	-0.0032805975	-0.1240187032	-0.0035871352	-0.0028351639	-0.052978192	-0.0674446024	0.1138620463	0.0730198479	-0.07113338	0.0025644751	0.1237587847	-0.1132924479	-0.0524844214	-0.1968273816	0.0348112573	0.166899518	0.039138579	-0.0097241173	0.0894259254	-0.0642822812	0.1329491098	-0.0635092441	0.0664283858	0.027521592	-0.0135548541	0.1002033216	-0.079220805	0.0772042527	-0.0558785099	-0.0551176218	0.1271072875	0.1004246167	-0.0397520964	-0.020942758	-0.0394093624	-0.0836971497	0.0064385716	0.1050383294	-0.1085258764	0.0399990434	0.1076911269	0.0601508085	-0.0770701709	0.0436269105	-0.0935696915	0.0068478111	-0.1196068161	-0.0204548066	0.014032	-0.0149014	0.00022205172196	0.0001968970239999	-0.0170984	0.0573074999999999	0.0032841495562499	0.00029235528256	-0.142795	-0.05896	0.020390412025	0.0034762815999999	-0.000571085	0.001614915	2.607950457225e-06	3.2613807722500005e-07	-0.000667747	0.0006173629999999	3.811370737689999e-07	4.45886056009e-07	0.000117367	4.6679600000000006e-05	1.3775012689e-08	2.1789850561600006e-09	0.0	0.0	0.0	1.0	0.0	0.0	0.0	0.0	0.0	0.0	0.0	0.0	0.0
57378.06017016965	326.9916724939685	106923.55388040276	3292241788.8916087	91711.1934129902	636.0264705882291	404529.6712889195	8410942997.234896	55833.34840452516	86.21488813919859	3117362794.0610924	7433.006936854526	62709.15261410868	57265.06095880002	1.272911	22.314356	0.094034995	0.0459649	-0.0308588888	-0.0017654601	0.0079151193	-0.0719835905	0.0293280089	0.0341681162	0.0824181445	-0.0101787934	-0.0639443423	0.1283417293	-0.0076945396	0.0358033736	0.0477016857	-0.0630556469	-0.0477348213	0.0430472575	0.0331219331	0.0301914579	0.0817238976	0.0024090189	0.0129502681	-0.0394658356	0.0191054828	-0.0702010982	0.0212346116	0.0241672814	-0.0490705712	-0.1283437361	0.0396430917	0.0544386274	-0.0360787582	-0.0506406729	-0.0288299577	0.0945220831	0.1410588654	0.0456782172	-0.0564581246	0.0701052932	-0.0984698226	-0.0021839018	0.0005523805	0.0419742262	0.0240915608	0.0081998152	0.0632557202	0.0138493137	0.0387268948	0.0647938906	-0.0035625159	-0.0236818227	-0.1130978802	0.0840640467	-0.0703983107	-0.0298107655	-0.0019749861	-0.0322451829	0.0687582888	0.1011622159	0.1295264441	-0.0531487884	0.0041101067	-0.1201052059	-0.0123111568	0.028972	0.01494	0.0002232036	0.000839376784	-0.0340911	-0.0169927	0.00028875185329	0.00116220309921	-0.148877	-0.006082	0.022164361129	3.699072400000005e-05	-0.00017775	0.000393335	1.5471242222500002e-07	3.15950625e-08	-0.00130982	-0.000642073	4.1225773732900005e-07	1.7156284323999998e-06	3.23691e-05	-8.49979e-05	1.04775863481e-09	7.224643004409999e-09	0.0	0.0	0.0	0.0	0.0	0.0	0.0	0.0	0.0	0.0	0.0	0.0	0.0
57441.52288309865	63.46271292900201	4027.515932308919	3299528551.129546	91294.08410692404	-417.1093060661515	173980.17320698642	8334609792.922121	55807.45665077111	-25.891753754047382	3114472217.827697	670.3829124602269	62541.01233162716	56994.62964489995	1.126366	19.745386	0.039354295	0.0232654	-0.0595369694	-0.0344134082	-1.68989e-05	-0.0620770125	0.0042599334	0.0624850587	0.15214651	-0.0163634691	-0.046652483	0.091880627	-0.0340588849	-0.0702835543	-0.0158535338	0.0064317306	-0.064171306	0.0818293844	-0.0115464531	-0.1016846425	-0.2190891833	0.022653044	-0.1006584344	-0.0135946504	-0.0331639578	-0.0289320319	-0.0522907375	-0.0135090542	0.0549689846	0.1224794781	-0.0259175526	-0.1133587821	-0.0358829442	-0.0262639155	-0.1537435935	0.1130321416	0.0401977898	-0.0674283657	-0.056837952	0.0667268964	-0.0677055812	-0.056364304	-0.0136807982	0.0090099581	-0.1102033459	0.0478445968	0.0267802531	-0.0260913796	0.0034186887	-0.1026567408	-0.1203076781	-0.0127436639	0.1061024739	-0.0011413689	0.0616796601	0.0231911552	0.0602035439	0.0896285664	0.0514317245	-0.0709247562	0.0006059159	-0.1100512145	0.0013702723	-0.1203546593	-0.0041101067	0.0288769	-9.510000000000074e-05	9.04401000000014e-09	0.00083387535361	-0.0237636	0.0103275	0.00010665725625	0.00056470868496	-0.148872	5.000000000005e-06	0.022162872384	2.5000000000050003e-11	0.000129103	0.000306853	9.4158763609e-08	1.6667584608999997e-08	-0.00124761	6.221000000000004e-05	3.870084100000005e-09	1.5565307120999995e-06	0.00024184	0.0002094709	5.84865856e-08	4.387805794681e-08	0.0	0.0	0.0	0.0	0.0	0.0	0.0	0.0	0.0	0.0	0.0	0.0	0.0
57309.03013341212	-132.4927496865348	17554.328719498768	3284324934.8323383	92226.85735294118	932.7732460171392	870065.9284853505	8505793217.19976	55877.12158837257	69.66493760145386	3122252717.0017715	4853.203531014459	62834.31836514778	57232.938809624495	1.17668	20.627411	0.05726185	0.0311421	-0.076791747	-0.0588507082	-0.0575788255	0.0412247859	-0.0464257857	-0.0444958772	0.1344263182	-0.0595237622	-0.0311870513	0.1006232488	-0.027345179	0.0321092491	0.0071313779	-0.0936151953	-0.0145466671	0.0900605167	0.1291299234	0.0360511699	-0.0380704898	-0.055879182	0.0015616454	-0.087691905	-0.0487011791	0.0253609156	-0.021379125	-0.0575258873	0.0497157469	-0.0698497886	-0.0628309484	-0.0897318213	0.0539815616	0.0184022332	-0.1054973123	-0.1858196864	-0.075793604	-0.0071437407	-0.0655688838	-0.013286497	-0.0297367402	-0.0496583601	-0.0731062925	0.0385418268	-0.1382009326	-0.0618862398	-0.0018277107	0.0054425219	-0.1066512567	0.0610669558	0.0102216461	-0.0556655488	0.0922176427	0.0657795299	-0.010786304	0.0033748695	0.0092680629	0.1376395961	0.0145322826	0.0712178802	-0.0960657464	0.0711928808	-0.0013702723	-0.1203546593	0.0041101067	0.0235147	-0.0053622	2.875318884000001e-05	0.00055294111609	-0.0118161	0.0119475	0.00014274275625	0.00013962021921	-0.123105	0.0257669999999999	0.015154841025	0.0006639382889999	0.00013175	2.647000000000017e-06	7.006609000000091e-12	1.73580625e-08	-0.00119957	4.8039999999999845e-05	2.307841599999985e-09	1.4389681849e-06	0.000474856	0.000233016	2.25488220736e-07	5.4296456256000004e-08	0.0	0.0	0.0	0.0	0.0	0.0	0.0	0.0	0.0	0.0	0.0	0.0	0.0
57189.336110791344	-119.69402262077348	14326.659051142233	3270620164.7930627	91593.8537990196	-633.0035539215751	400693.4992773444	8389434053.756178	55809.56551846591	-67.55606990665547	3114707603.359939	4563.82258123292	62763.72908520628	56367.10558814224	1.177519	20.642115	0.1654359	0.106774	-0.096567711	-0.0774729616	-0.0283261958	0.0189534561	-0.0941947179	-0.0345976916	-0.0032946282	-0.0566380926	-0.0646389165	-0.0005995486	-0.0614756976	-0.0061020755	0.181321598	0.0294265219	-0.0082357707	0.1290667653	0.0307768227	-0.0942354683	-0.1303483162	0.2189483402	0.066950326	-0.0010225483	0.050349783	0.0899178581	-0.1037077388	0.1346124856	-0.0603222382	-0.0690710326	-0.1234861079	0.0448198908	0.0036481259	0.0799243991	0.0144120022	-0.1315314979	-0.2224402325	-0.003550468	-0.0653766477	-0.0319964353	0.0604233203	-0.0255534733	0.0355548288	-0.0516482921	-0.1781608612	-0.0810743365	0.1491695562	-0.0707284582	0.0094382436	-0.1460928716	-0.1980742762	-0.0040974841	-0.0657541179	-0.0106860221	-0.0441679658	0.0096247256	0.0611311691	-0.0233169147	0.0226077491	-0.0393813738	-0.0376511665	-0.024401211	-0.0041101067	-0.1201052059	0.0123111568	0.028912	0.0053973	2.913084729000001e-05	0.000835903744	-0.0543162	-0.0425001	0.0018062585000099	0.00295024958244	-0.101845	0.02126	0.010372404025	0.0004519876	-0.00150243	-0.0016341799999999	2.6705442724e-06	2.2572959048999995e-06	-0.00149096	-0.0002913899999999	8.490813209999994e-08	2.2229617216e-06	0.000474856	0.0	2.25488220736e-07	0.0	0.0	0.0	0.0	0.0	0.0	0.0	0.0	0.0	0.0	0.0	0.0	0.0	0.0
57257.34263553396	68.00652474261733	4624.887407568223	3278403285.682935	92240.66150428922	646.8077052696171	418360.2075961479	8508339634.748864	55756.09087104302	-53.474647422888665	3108741669.220007	2859.5379170022534	62999.74294084821	57045.50149956528	1.260339	22.09396	0.1362187	0.0720511	-0.1225005217	-0.1540567854	-0.0525665999	0.0104097902	-0.06695687	0.0318297961	-0.1699980674	-0.0263568449	-0.081585879	-0.0687020131	0.0253148247	-0.1355487373	0.1101833588	-0.0240896662	-0.0052118183	-0.0709939279	0.1060426197	-0.0776617281	0.113285876	-0.0148390976	-0.1310529704	0.0546985311	-0.0265584799	0.0255582806	0.0655340015	-0.0250399703	-0.0025398526	-0.0172047074	-0.0259955878	0.0976543823	0.0858360613	-0.1999723188	-0.1100213271	-0.1757975915	0.1280930837	0.0179006295	-0.0571265969	-0.0463582572	0.0803066611	0.0339994599	0.0565794362	-0.0084940723	-0.0694122679	0.0707702659	-0.0028826755	-0.0509169152	-0.0731700828	-0.0110105699	0.1611138879	0.169580985	-0.0570388009	-0.0923170934	0.0121020213	-0.0700985667	-0.0539035192	-0.1091932931	-0.0310872631	0.1599603499	0.0281702096	-0.0934748306	-0.0068478111	-0.1196068161	0.0204548066	0.0289467	3.469999999999862e-05	1.2040899999999044e-09	0.00083791144089	-0.0278656	0.0264506	0.00069963424036	0.00077649166336	-0.131636	-0.0297909999999999	0.017328036496	0.0008875036809999	-0.000675219	0.0008272109999999	6.842780385209998e-07	4.55920697961e-07	-0.000914963	0.000575997	3.31772544009e-07	8.371572913689999e-07	0.000670496	0.00019564	4.4956488601600003e-07	3.8275009600000007e-08	0.0	0.0	0.0	0.0	0.0	0.0	0.0	0.0	0.0	0.0	0.0	0.0	0.0
57079.55290448264	-177.78973105132172	31609.188467301312	3258075359.7756324	92209.4279488358	-31.233555453422014	975.534986261988	8502578602.651541	55678.5827097707	-77.50816127232247	3100104572.5687766	6007.515063816349	62698.92483643781	56962.07761853276	1.265843	22.190443	0.08728455	0.0413381	-0.1215138862	-0.0977035431	-0.0513421798	-0.1299220686	-0.0275985577	-0.2170698586	-0.0701045407	0.0033976134	-0.1161817537	-0.0553567082	-0.0335705523	-0.0122246793	-0.1408256441	0.1876601835	-0.0811165044	0.0207436319	0.0400122255	-0.0065918832	0.0107746252	-0.1938705354	-0.0869115834	-0.0822474287	-0.0067617548	-0.0151102524	-0.087416116	0.0248506712	0.0431404343	-0.0570730386	0.1728107946	-0.0861659513	0.1067990282	-0.0427172837	-0.0033470622	-0.1169642944	0.0614935415	-0.0283731507	-0.0993353462	0.0802385557	0.0077441088	0.0824693418	0.1381313643	-0.0601375282	0.0874233667	0.153350306	-0.0952128736	-0.0861602362	0.0254645508	0.1604202896	0.1627013141	0.0516887546	0.1312725258	0.0471154526	0.0252363702	0.0766126471	0.0580895778	0.198740019	0.0717336429	0.1039593142	-0.1362844427	-0.0683958769	-0.0095819668	-0.1188605229	0.0285030867	0.0288823	-6.439999999999918e-05	4.1473599999998946e-09	0.00083418725329	-0.0337135	-0.0058479	3.419793441e-05	0.00113660008225	-0.1054	0.026236	0.0111091599999999	0.000688327696	-0.000241231	0.000433988	1.88345584144e-07	5.8192395361e-08	-0.00138806	-0.000473097	2.2382077140900002e-07	1.9267105636e-06	0.000474856	-0.00019564	2.25488220736e-07	3.8275009600000007e-08	0.0	0.0	0.0	0.0	0.0	0.0	0.0	0.0	0.0	0.0	0.0	0.0	0.0
57477.67732450689	398.12442002425087	158503.05381964613	3303683390.6201334	91979.92085631128	-229.5070925245236	52673.50551906024	8460305840.733286	55836.74514255276	158.16243278206093	3117742108.1143894	25015.355143539942	62689.80548703048	57044.61248984824	1.462682	25.641071	0.066434545	0.0389019	-0.117407753	-0.1699241487	-0.0493859451	-0.1243230945	0.0474866306	0.208073913	-0.1197669448	-0.0519825009	-0.0852956998	0.0852024998	-0.1491563161	-0.0335146386	-0.0502362946	0.0290066793	-0.0835101761	-0.048976216	-0.0917862317	-0.117546112	0.1207101897	-0.0325417439	0.0684366981	0.0172869862	0.0723489022	-0.0639223553	0.0123931773	0.0195006478	-0.0633885573	-0.1673483019	-0.0866581976	0.0730901606	0.0185947014	0.089786768	-0.0463574469	0.0234113617	0.0407801123	0.0532567222	-0.1265988252	0.0840705419	-0.1572354067	-0.0016886763	0.1572487277	0.0006831941	0.0402962571	-0.0350720965	0.0123869461	0.1174497471	-0.0444671527	-0.0775983293	0.0304029809	-0.0220131702	0.0237275502	0.0522390424	-0.0659243269	0.0522476049	0.0144805544	-0.0928275163	-0.0802312517	-0.1100517917	0.0969687695	0.0005338103	-0.0123111568	-0.1178678731	0.0364184723	0.0288543	-2.8000000000000247e-05	7.840000000000137e-10	0.00083257062849	-0.0240734	0.0096401	9.293152801000004e-05	0.00057952858756	-0.139273	-0.033873	0.019396968529	0.001147380129	-9.31071e-05	0.0001481239	2.1940689751210004e-08	8.668932070409999e-09	-0.00151559	-0.00012753	1.6263900900000012e-08	2.2970130481e-06	0.000292641	-0.000182215	8.5638754881e-08	3.3202306225e-08	0.0	0.0	0.0	0.0	0.0	0.0	0.0	0.0	0.0	0.0	0.0	0.0	0.0
57547.59175234605	69.91442783916136	4888.0272200773015	3311725316.494688	91957.95896139706	-21.961894914216828	482.3248282231029	8456266216.345985	55925.0538377638	88.30869521103887	3127611646.75678	7798.425649876159	62800.02742841749	57604.49123074279	1.216278	21.321562	0.088874055	0.045845	-0.1409979219	-0.1502205179	-0.0458100545	-0.0584746879	0.0031329056	0.1685330231	0.036174896	-0.1133187183	-0.0327233674	0.0492922416	-0.1870242182	-0.0179805539	0.0168781465	-0.0810189875	-0.0868396557	-0.1347997452	0.1012617956	0.1306350416	0.07393544	-0.0531752673	-0.0222905875	0.0366035868	-0.160441344	-0.0573776479	0.2001496204	0.1587517812	0.11865365	-0.0818093455	0.0926248653	0.0488890742	0.0863142082	0.0903897439	-0.0704772907	-0.0823809505	0.1024684163	-0.0284236171	-0.1019799896	-0.0052912208	-0.0934063137	-0.1470543904	0.0961067416	-0.0067517925	-0.0247168271	-0.0801210975	0.0676603349	-0.0056365491	-0.1660925976	0.0241390064	0.1162950127	0.0946900303	-0.1302289182	0.0365065271	0.1546593535	-0.0071556635	0.0744248508	0.0785153888	0.1070318507	0.0611086341	0.0245244641	0.1314966683	-0.0150339668	-0.1166309242	0.0441640581	0.0185303	-0.010324	0.000106584976	0.00034337201809	-0.0305208	-0.0064474	4.156896676000003e-05	0.00093151923264	-0.128821	0.010452	0.0165948500409999	0.000109244304	0.000693957	0.0007870641	6.1946989750881e-07	4.81576317849e-07	-0.00118965	0.00032594	1.0623688360000002e-07	1.4152671225e-06	0.000172632	-0.000120009	2.9801807424000003e-08	1.4402160081e-08	0.0	0.0	0.0	0.0	0.0	0.0	0.0	0.0	0.0	0.0	0.0	0.0	0.0
57442.59757771354	-104.99417463251302	11023.77670676264	3299652016.475141	92193.6818091299	235.72284773284628	55565.26094328263	8499674965.52309	55937.563197544645	12.509359780844534	3129010976.479301	156.48408212661082	63037.36201412408	58042.81035629584	1.349532	23.657532	0.17931095	0.0976439	-0.0684651888	-0.1221488661	-0.0511231649	0.0750146084	-0.088289556	0.130507122	-0.0515829888	-0.1304966416	0.0246896404	-0.0286306448	-0.1444658554	0.0864481578	0.0796811374	-0.0946284376	-0.0732399972	-0.0207312615	-0.0541844551	0.1412163783	-0.1662421295	-0.2415795589	0.0523198963	-0.0922625831	0.0405629222	0.0769910663	0.0209587411	0.070993313	0.1743651757	0.0911675157	0.0401616927	-0.0345835898	0.1367606772	0.0349701879	0.0303536145	0.1029720965	0.0180524374	0.1092045582	-0.0483731615	-0.1193502504	-0.0010472847	-0.1599004543	0.0642747156	0.063623493	-0.0278405711	-0.0836894405	0.054012916	0.0617902145	0.114640692	0.069585161	0.0667229266	0.0212319822	0.1833692179	0.1808045563	0.0990113864	-0.1383039999	0.0552310169	0.009301302	0.0506981393	0.099850987	-0.0010788446	-0.073052331	-0.0177489858	-0.1151522399	0.0517037307	0.0268701	0.0083398	6.955226404000003e-05	0.00072200227401	-0.043185	-0.0126642	0.00016038196164	0.001864944225	-0.218164	-0.089343	0.047595530896	0.007982171649	-0.000164338	-0.000858295	7.36670307025e-07	2.7006978244000004e-08	-0.00140841	-0.0002187599999999	4.785593759999996e-08	1.9836187281e-06	0.000474856	0.000302224	2.25488220736e-07	9.133934617600003e-08	0.0	0.0	0.0	0.0	0.0	0.0	0.0	0.0	0.0	0.0	0.0	0.0	0.0
57380.61324047074	-61.98433724280039	3842.058063429212	3292534775.8524857	93230.2497702206	1036.5679610906957	1074473.1379597215	8691879472.217718	55945.30142172281	7.738224178167002	3129876751.1674204	59.88011343156837	63374.38816964286	58186.63426189812	1.51092	26.486685	0.48566982	0.319118	-0.0106172009	0.0769168162	-0.09540046	0.1584597648	-0.0565487136	-0.0144507297	0.0088996959	-0.1338224417	0.0625495887	-0.1046928568	-0.0478741283	0.0388724973	-0.0518531334	-0.068403612	0.0075849256	-0.0144526354	-0.2662770868	0.0528731824	-0.0458674302	-0.1044364228	0.0579321988	0.0290991039	0.0071660441	0.1723958406	-0.0078312178	0.0364891271	-0.0606790698	-0.0017323764	-0.013211012	-0.1701994164	0.1474495123	-0.1311472003	-0.0789318332	0.0487071672	-0.0704681463	0.0678521242	-0.0036033086	-0.2324490224	0.094189242	-0.027625908	-0.036656587	0.1494969888	0.0725540358	0.0584918347	0.0541877945	0.1769438859	0.2876221673	0.0454992961	0.1283151879	0.0236019814	0.0974718619	-0.0386335265	0.0341163985	-0.1192793631	-0.0926551859	0.0563367093	0.0504121888	0.0844068846	-0.1155006621	0.0794435661	-0.0204548066	-0.1134348849	0.0590023366	0.0119263	-0.0149438	0.00022331715844	0.00014223663169	0.00039827	0.04358327	0.0018995014238929	1.586189929e-07	-0.308692	-0.090528	0.095290750864	0.008195318784	0.00517586	0.005340198	2.8517714679204e-05	2.67895267396e-05	-0.000462102	0.0009463079999999	8.954988308639998e-07	2.13538258404e-07	0.000920645	0.000445789	8.47587216025e-07	1.98727832521e-07	0.0	0.0	0.0	0.0	1.0	0.0	0.0	0.0	0.0	0.0	0.0	0.0	0.0
57234.39432089331	-146.21891957742628	21379.97244238985	3275775893.279505	91813.6714307598	-1416.5783394608006	2006694.1918295196	8429750261.595518	55783.37463220373	-161.92678951907874	3111784885.356791	26220.28516395603	62605.61604929957	57472.99898606904	1.470765	25.782761	0.23317392	0.132059	-0.0452021198	0.0417030372	-0.0199845609	-0.1735092849	0.0709445542	-0.1882816615	0.1150890593	-0.0533545579	-0.0419834191	-0.0832196369	0.0352351214	0.0044029616	0.0801579547	0.0153820332	0.0327408965	-0.1095468711	0.0183566312	0.011150773	0.0569949077	-0.0786515804	-0.1399932453	-0.0626221017	0.0467713387	0.1971929078	-0.057026748	-0.0443667355	0.1408463347	0.0632236313	0.0646421022	-0.0901944992	0.0405198079	0.0752929693	0.1116112717	0.0070885499	-0.0402146395	0.002174421	-0.0716825958	0.051587939	-0.0249709364	-0.0292207568	-0.0156062693	-0.1840271837	0.0431552242	0.0922985638	-0.1077521961	0.064370333	0.1419993896	0.1176697134	-0.0496420486	0.1380892361	-0.027661966	-0.0578667115	0.0441196266	0.0329377667	0.0713926006	0.0218865626	-0.0345794763	0.1171581586	-0.1101178076	-0.0114273222	-0.0231500272	-0.1114824189	0.0660258464	0.0263237	0.0143973999999999	0.0002072851267599	0.0006929371816899	-0.0102146	-0.01061287	0.0001126330096368	0.00010433805316	-0.222008	0.086684	0.049287552064	0.007514115856	0.00367959	-0.00149627	2.2388239129e-06	1.35393825681e-05	-0.000949636	-0.000487534	2.3768940115600002e-07	9.01808532496e-07	0.000474856	-0.000445789	2.25488220736e-07	1.98727832521e-07	0.0	0.0	0.0	0.0	0.0	0.0	0.0	0.0	0.0	0.0	0.0	0.0	0.0
57493.56389934624	259.1695784529293	67168.87039546906	3305509889.8482094	90785.99850643384	-1027.6729243259615	1056111.6393926735	8242097524.810207	55871.59537971794	88.22074751420587	3121635170.274919	7782.900291965261	62760.43114031712	57624.36717467016	1.380105	24.193489	0.1359226	0.071984	-0.0103896938	0.0195276762	0.0358025995	-0.1238728281	-0.0182399048	0.1378475133	-0.0072702338	-0.0499092753	0.0041971086	0.0486161133	-0.0179321239	-0.0022921863	0.0577543812	0.0139007839	-0.0746364394	0.0480543789	0.1306977585	0.1892494638	0.0527375187	0.0543438101	0.0589860458	0.0225353017	0.0914786806	-0.0346876963	-0.0396980677	-0.0433506708	-0.0099950271	0.0629125242	-0.0740948154	0.2893509851	-0.0010186822	0.0307724782	0.0885569881	0.1090819222	-0.0856897593	0.0100706706	-0.0271357382	0.0359958942	-0.079126269	0.0001694196	-0.0016794592	-0.1590818045	0.1005806178	0.0117938109	0.1437818627	-0.047515543	-0.050239867	0.0349906768	0.0018439663	-0.0686370863	-0.0740571637	0.1527565272	0.0075135675	0.0239168805	-0.0243635115	-0.1071898243	-0.0791126987	0.0661793595	0.143501931	0.0185558726	-0.0258332508	-0.1092988885	0.0727415132	0.032326	0.0060023	3.6027605290000026e-05	0.001044970276	-0.0101982	1.6400000000001483e-05	2.6896000000004857e-10	0.0001040032832399	-0.276519	-0.054511	0.076462757361	0.002971449121	0.0031363	-0.00054329	2.951640241000001e-07	9.83637769e-06	-0.00110835	-0.0001587139999999	2.5190133795999972e-08	1.2284397224999998e-06	0.00128071	0.0008058539999999	1.6402181041e-06	6.494006693159999e-07	0.0	0.0	0.0	0.0	0.0	0.0	0.0	0.0	0.0	0.0	0.0	0.0	0.0
57642.91916119403	149.35526184779155	22306.99424162238	3322706129.42395	91781.89070925245	995.8922028186062	991801.279634896	8423915462.16516	55824.00162337662	-47.5937563413172	3116319157.246756	2265.1656426766717	62816.41536714901	58167.7813951142	1.323601	23.202959	0.07857265	0.0430425	-0.0559332806	-0.0955768962	-0.0271879282	-0.019918119	-0.0273285299	0.2005299633	0.0408436779	-0.0724459088	-0.0221102562	0.0124788157	-0.0603533474	0.0794430727	-0.0827605124	0.1264362125	-0.1028357313	0.1590628737	0.0630101648	0.0240454017	-0.0400869298	-0.0395395536	-0.0428739168	-0.1839265216	0.0028098799	-0.1815900545	-0.1338380728	-0.0818638626	0.1486613421	-0.0784536511	-0.0131821581	-0.126105484	-0.0209004281	-0.121919965	0.0502117587	-0.0489203335	-0.0711784395	-0.073749165	-0.0612792865	-0.0119299513	-0.0509816301	-0.0317053372	0.0474030273	-0.0371028456	0.0003472051	-0.0705197815	-0.0116536825	-0.0241909959	-0.0359671521	0.026242963	0.1229384946	-0.0462095556	0.1176925907	0.1435769314	0.014114797	0.0398765629	0.1194945243	0.0902007303	-0.0131694668	-0.0104563094	-0.1710884726	-0.1443857563	-0.0285030867	-0.1068888195	0.0791180255	0.0285746	-0.0037514	1.4073001960000015e-05	0.0008165077651599	0.00483415	0.01503235	0.0002259715465225	2.33690062225e-05	-0.276529	-1.000000000001e-05	0.076468287841	1.000000000002e-10	0.00239014	-0.00074616	5.567547456000001e-07	5.712769219599999e-06	-0.00125353	-0.00014518	2.107723240000005e-08	1.5713374609000005e-06	0.000976472	-0.0003042379999999	9.53497566784e-07	9.256076064399999e-08	0.0	0.0	0.0	0.0	0.0	0.0	0.0	0.0	0.0	0.0	0.0	0.0	0.0
57532.740038189455	-110.17912300457829	12139.439146057992	3310016176.301888	92232.87386642156	450.9831571691175	203385.8080502249	8506903021.65923	55832.96969485593	8.968071479306673	3117320504.9467006	80.42630605795377	62926.46695274015	59140.85152301399	1.749032	30.66083	0.3522635	0.261745	0.0204875745	0.1857618904	-0.027107928	0.0715317407	-0.088561046	0.0693571511	0.0513746589	-0.0737077245	0.0128554344	-0.0583239638	0.1096898671	-0.1028699286	0.0218029305	-0.0947949134	0.1943992903	0.2233440473	-0.018558426	0.2310793968	-0.0156107447	-0.0222895088	-0.0493601846	-0.0273016233	-0.0486176855	-0.2353906994	0.0234484216	-0.0172420034	-0.0752262611	0.0844838091	-0.0275729911	0.0045161442	-0.0172056579	-0.0030605405	-0.0636338372	0.0193257435	0.0691244581	-0.0936637707	-0.0145943114	-0.07809792	0.0373194863	-0.0975779308	-0.1822079622	-0.0053093839	0.022890548	0.126123055	0.0533947192	-0.0489722797	-0.0562264006	0.0815173398	-0.0034100066	-0.2357652067	-0.0369999849	0.0424170289	-0.0188802735	-0.2302396546	-0.1036720731	-0.031468291	0.0884488953	-0.0352733999	-0.0051774578	-0.021331656	-0.0311581515	-0.104257207	0.0851256531	0.0446862	0.0161116	0.00025958365456	0.00199685647044	0.0630178	0.0581836499999999	0.0033853371273224	0.00397124311684	-0.31724	-0.040711	0.1006412176	0.0016573855209999	0.00694642	0.00455628	2.0759687438400003e-05	4.82527508164e-05	-0.00144164	-0.0001881099999999	3.5385372099999924e-08	2.0783258896e-06	0.000975717	-7.550000000000699e-07	9.52023664089e-07	5.700250000001055e-13	0.0	0.0	0.0	0.0	0.0	1.0	0.0	0.0	0.0	0.0	0.0	0.0	0.0
57327.41271754239	-205.32732064706212	42159.30860410148	3286432248.887441	91589.35078890932	-643.5230775122473	414121.95129083376	8388609177.933884	55799.6241502638	-33.345544592128135	3113598055.3107038	1111.925344145606	62956.643132312194	58164.84982748226	1.330871	23.330399	0.18937935	0.126526	0.0207673248	0.2615377556	-0.0294472735	0.0156128905	-0.0952533376	-0.0853078953	0.1028960403	-0.0341514151	-0.0443283789	0.0250941305	0.1995237033	-0.0790001601	-0.0342700541	0.0007856155	0.0532430563	0.1163792419	-0.0889560328	0.0766580654	0.0363858094	-0.0584101797	0.0823493508	0.1251854252	0.1238899773	-0.1098348188	-0.0763039031	-0.0286129871	-0.0315047255	-0.1124506025	0.0546823202	-0.0353946903	0.018134105	0.0645879922	-0.008664282	-0.0718544489	0.0986891089	0.061438702	-0.0180145666	-0.0618595172	0.0591516207	0.0412407036	-0.2256775785	0.0556593163	0.0578823245	0.1661657091	0.0944970803	-0.0064507697	0.0665756933	0.0492381	-0.0399799	-0.1332579388	-0.0451424172	0.1193300777	-0.1165028926	0.0213975922	-0.0654052432	0.0842618627	-0.0613022995	-0.0799892353	-0.0025534227	-0.0064497621	-0.0337970692	-0.1014095056	0.0907363855	0.0336856	-0.0110006	0.0001210132003599	0.00113471964736	0.0564925	-0.0065252999999999	4.257954008999997e-05	0.00319140255625	-0.28509	0.03215	0.0812763081	0.0010336225	0.00937923	0.00243281	5.918564496100003e-06	8.796995539290002e-05	-0.00144164	0.0	0.0	2.0783258896e-06	0.000614458	-0.0003612589999999	3.77558633764e-07	1.3050806508099998e-07	0.0	0.0	0.0	0.0	0.0	0.0	0.0	0.0	0.0	0.0	0.0	0.0	0.0
57061.37003838221	-266.0426791601858	70778.70713472956	3255999950.6571827	92533.8703661152	944.5195772058796	892117.2317251735	8562517164.933012	55691.03225826907	-108.59189199472894	3101491073.991566	11792.199006994875	63064.78533135776	57470.66468255179	1.218287	21.356789	0.10355055	0.06957	0.0089891281	0.2196024967	-0.0508161958	0.1322883346	-0.1279106567	-0.1232104148	0.0288768123	-0.0125176586	-0.0713565912	-0.1048104854	0.1287763266	-0.0162870444	-0.0811445771	-0.1770127456	-0.0461254212	0.1256262652	0.0580140353	-0.1308150053	-0.0971992336	0.0092724243	0.0435001881	-0.0146648895	0.060653779	0.1239810854	0.0618242301	-0.0563662924	-0.096617363	0.0538285859	-0.0134432951	0.0186067877	-0.0087744057	-0.0228518882	0.0006306362	0.0874033523	-0.0065491901	0.1182715514	0.0014454112	-0.1019739514	0.1777636778	0.1260212488	-0.1554174922	0.0577169954	-0.0424686419	0.1109832168	0.1558063741	0.173926719	-0.0561313998	-0.0107876918	-0.0792782702	-0.0326587326	0.1179079801	-0.0637654437	-0.0226334454	0.0400834382	0.0250755051	-0.0585599498	-0.0126369645	0.0519616012	0.0744811481	0.0264588358	-0.0364184723	-0.0983516175	0.0959240631	0.0324373	-0.0012483	1.558252890000002e-06	0.00105217843129	0.0532274	-0.0032651	1.066087801e-05	0.00283315611076	-0.269606	0.0154839999999999	0.072687395236	0.0002397542559999	0.00823286	-0.00114637	1.3141641769000016e-06	6.77799837796e-05	-0.00195586	-0.0005142199999999	2.644222083999999e-07	3.825388339599999e-06	0.000603985	-1.0472999999999993e-05	3.6479788022500003e-07	1.0968372899999984e-10	0.0	0.0	0.0	0.0	0.0	0.0	0.0	0.0	0.0	0.0	0.0	0.0	0.0
56962.06941045361	-99.30062792859826	9860.614707013909	3244677351.521334	91534.34998468138	-999.5203814338164	999040.992901602	8378537227.11814	55619.61671190138	-71.41554636769433	3093541763.178819	5100.1802629963	62409.36449161022	56637.99263498734	1.444131	25.315872	0.0967815	0.068834	-0.017565251	0.1883744344	0.0075312618	-0.1909763826	0.012316144	-0.1632574844	-0.0500232865	0.0692638102	-0.0778607508	-0.017817342	0.098571949	-0.0863738708	-0.0509708015	-0.097209251	-0.0528166921	-8.27477e-05	0.0837128927	-0.0937892841	-0.1645281902	0.0909223674	-0.1168076954	0.0856379943	-0.0618521662	0.0570398104	-0.0369139587	-0.0102385223	-0.1109802476	0.0508650732	0.0606886132	0.0629418253	0.0604794972	0.0458679472	0.0005488801	0.1375322616	0.0377520095	0.0492783958	-0.047209263	0.1200636257	0.0532008794	0.0720236805	-0.0690697795	-0.11941359	-0.0107455351	0.1626839752	0.0455467256	0.0749796324	-0.0206995757	-0.033031911	-0.1778149944	0.0627471976	-0.0527287563	-0.2197740303	0.2701821443	0.0558391984	-0.0184468833	0.0302787126	-0.0075661859	0.0685689401	0.0994097359	-0.1166620832	-0.0390210022	-0.0950898807	0.1006644984	0.043822	0.0113846999999999	0.0001296113940899	0.001920367684	0.0398831	-0.0133443	0.00017807034249	0.0015906616656099	-0.261397	0.008209	0.0683283916089999	6.738768100000035e-05	0.0070248	-0.0012080599999999	1.459408963599999e-06	4.934781504e-05	-0.00195586	0.0	0.0	3.825388339599999e-06	0.000672795	6.880999999999999e-05	4.52653112025e-07	4.734816099999998e-09	0.0	0.0	0.0	0.0	0.0	0.0	0.0	0.0	0.0	0.0	0.0	0.0	0.0
57136.51618811433	174.44677766071982	30431.678236208616	3264581482.1146507	91096.30142463236	-438.048560049021	191886.5409610208	8298536133.247476	55679.80620307427	60.18949117289594	3100240818.811908	3622.7748476521183	62570.435070620384	57298.5213192064	1.2367	21.679567	0.05091355	0.0275417	-0.0064283187	0.1149226063	0.0302045353	-0.1025254536	-0.0302534451	0.082388754	-0.0434708469	0.0463507616	-0.0732393855	0.0168331343	0.0603869063	-0.022763618	-0.1351321894	-0.0441557189	0.1140198311	0.0632984934	-0.0587968022	-0.0060936176	-0.0755438176	-0.103387352	-0.1003954138	0.0144990041	0.0790083305	-0.1392770644	-0.0410435949	0.0673593787	0.0413630461	0.0100714372	0.1439451658	-0.0564559689	-0.0984482853	-0.0234567379	-0.0189546966	-0.0165463633	-0.0546471465	0.0054101354	-0.039299151	0.1111463466	-0.0155841787	0.0427168453	-0.0206791014	-0.0716115545	0.0944506903	0.0577075872	0.0292661422	0.055899957	-0.1076457945	0.1132469221	-0.0208603884	-0.0770730913	0.1243993899	-0.004493756	-0.0528520065	-0.0478894624	-0.0376593823	0.0650360294	0.0148488334	-0.2064997173	0.0468167876	-0.1489009896	-0.0416033102	-0.0916310555	0.1049355893	0.0405447	-0.0032772999999999	1.074069528999998e-05	0.00164387269809	0.0347845	-0.0050985999999999	2.5995721959999942e-05	0.00120996144025	-0.263475	-0.002078	0.069419075625	4.3180840000001006e-06	0.00709811	7.331000000000004e-05	5.374356100000006e-09	5.0383165572100005e-05	-0.0023847	-0.00042884	1.839037456000002e-07	5.68679409e-06	0.000365752	-0.000307043	1.33774525504e-07	9.4275403849e-08	0.0	0.0	0.0	0.0	0.0	0.0	0.0	0.0	0.0	0.0	0.0	0.0	0.0
57099.4182228067	-37.09796530762833	1376.259029965995	3260343561.38299	91958.54923406865	862.2478094362887	743471.2848776784	8456374777.234628	55694.73382964692	14.92762657264393	3101903376.355217	222.8340350923052	62869.53482431496	57760.08848764848	1.072733	18.805189	0.0293785	0.014868	-0.0075970386	0.1416391651	0.0028039597	0.0372087921	-0.07936444	-0.0057994019	-0.0327690989	0.0352383873	-0.0558432876	0.0600043852	-0.0108129539	0.0509365148	-0.1336076801	0.0552309478	-0.0411562153	0.0894337597	0.0793646742	0.0093516919	-0.0186929548	-0.0314398576	-0.010555599	0.1925956163	-0.0550544798	0.080793409	-0.0736587874	0.2281468704	0.1569015147	0.0048444871	-0.0678748403	0.1362285533	-0.2525366469	0.0388344233	0.0520516443	0.0553697002	-0.023772322	0.0207784371	-0.0054045708	-0.024016455	0.0757632988	0.0824918165	0.0070221666	0.0608748051	0.0887954796	-0.0848841198	0.1760359597	-0.1245281462	-0.1161795178	-0.04123134	-0.0467559914	-0.1097125353	0.0104456076	-0.0351962087	0.163230586	0.1270129173	0.119554532	0.1151192133	-0.0259812192	-0.0792829139	0.123346194	-0.0042523021	-0.0441640581	-0.087982311	0.1087174221	0.0350066	-0.0055381	3.0670551610000044e-05	0.0012254620435599	0.0340164	-0.0007681	5.899776100000011e-07	0.00115711546896	-0.256058	0.007417	0.065565699364	5.5011889000000106e-05	0.00698195	-0.00011616	1.3493145600000133e-08	4.87476258025e-05	-0.0023847	0.0	0.0	5.68679409e-06	0.000562698	0.000196946	3.166290392040001e-07	3.878772691600001e-08	0.0	0.0	0.0	0.0	0.0	0.0	0.0	0.0	0.0	0.0	0.0	0.0	0.0
57229.87289260306	130.45466979635967	17018.420871677234	3275258351.3035026	91628.41642156865	-330.1328125	108987.67388916016	8395766695.924391	55784.809227881495	90.07539823457772	3111944940.591132	8113.577367117769	62720.07563885468	57039.17772758639	1.20943	21.201513	0.09572705	0.0471192	-0.031116958	0.04083056	-0.0019142739	-0.1059627813	0.0471643256	0.0769861717	-0.1027834909	-0.0241995253	0.030386056	-0.0186285678	-0.0843712104	0.0367293868	-0.0864740222	0.1045028824	0.1009512761	0.0909462887	0.061788862	-0.0170666325	-0.1510074746	0.0709136335	0.1677592897	-0.0536236155	-0.1238368095	0.1111427696	0.0252080165	-0.0227696812	-0.0901525332	-0.0579990265	0.0381472116	-0.0154661485	0.0222176286	-0.103177925	0.0107909093	-0.091366949	0.2339262427	0.0936665753	-0.0345507773	0.0295750883	-0.0586493319	-0.0035464476	0.0864835418	-0.0977547518	0.1046706485	-0.0552029521	0.0372024647	-0.0080701266	0.0499161358	-0.032572217	-0.1254464464	-0.0859493753	0.1485008412	-0.0303702102	0.164882164	0.0933580223	-0.0803204283	-0.0370502832	0.0939830378	0.0658982786	-0.0653695536	0.0683447743	-0.0467019189	-0.0841512098	0.111992364	0.044224	0.0092174	8.496046276000001e-05	0.001955762176	0.0263729	-0.0076435	5.842309225000002e-05	0.00069552985441	-0.268785	-0.0127269999999999	0.072245376225	0.0001619765289999	0.00623195	-0.0007499999999999	5.624999999999997e-07	3.88372008025e-05	-0.00197922	0.00040548	1.6441403040000012e-07	3.9173118084e-06	0.0007300009999999	0.0001673029999998	5.32901460000854e-07	2.799029380896653e-08	0.0	0.0	0.0	0.0	0.0	0.0	0.0	0.0	0.0	0.0	0.0	0.0	0.0
57315.552450274816	85.6795576717559	7340.986602827746	3285072552.6802034	91527.27803308824	-101.13838848040903	10228.97362441414	8377242624.146236	55886.52469308036	101.7154651988676	3123303642.2702813	10346.035860622049	62830.57360779711	57540.94230458785	1.003517	17.591829	0.0462809	0.0249039	-0.0214181236	0.0362529625	-0.0075856357	-0.0592925089	-0.0083032963	0.1014578396	-0.0347168134	-0.0919230401	0.0499313117	-0.0731644765	-0.078177187	-0.0689403228	-0.0643093371	-0.0274815661	0.0521278936	-0.0325454861	-0.076761567	-0.0348268496	0.0459740196	0.105864752	0.123804444	0.0953166125	0.0242003641	0.0134873409	-0.10052981	-0.0921197277	0.034620174	-0.1563577764	0.0938994499	-0.0194129219	0.0398104312	-0.0632733048	0.0352625802	0.0412921006	-0.0405130405	0.1768668758	-0.0522225922	-0.0255863952	-0.0507115219	-0.1027832642	0.0683632862	-0.027644337	0.118682882	0.0627840446	-0.0049225002	0.0688697459	-0.0106722979	-0.0221160521	-0.0735865102	-0.0239970074	-0.0844656802	-0.0036719454	-0.0348713587	0.1075089352	-0.1091216152	-0.0447944258	-0.0888266491	-0.0503162656	-0.0780381892	0.0486214619	-0.0492155773	-0.0801456922	0.1147451459	0.0417614	-0.0024626	6.064398760000012e-06	0.0017440145299599	0.0357781	0.0094051999999999	8.845778703999998e-05	0.00128007243961	-0.260121	0.008664	0.067662934641	7.506489600000009e-05	0.00582779	-0.0004041599999999	1.6334530559999984e-07	3.3963136284100006e-05	-0.00205608	-7.686000000000021e-05	5.907459600000032e-09	4.2274649664e-06	0.000696039	-3.396199999990005e-05	4.84470289521e-07	1.1534174439932108e-09	0.0	0.0	0.0	0.0	0.0	0.0	0.0	0.0	0.0	0.0	0.0	0.0	0.0
57255.44321809861	-60.10923217620439	3613.119792812845	3278185778.1009145	92008.01580116422	480.7377680759819	231108.80165467653	8465474971.667285	55874.66167182427	-11.863021256089269	3121977816.9408283	140.7312733224258	62951.0225287677	57418.30066490952	0.934617	16.383991	0.0710031999999999	0.034193	-0.0279445651	0.0035470288	-0.0331522467	0.0231878849	-0.0352544677	0.0707504742	-0.0260858714	-0.0680417036	0.0375342375	-0.0186946481	-0.0281278741	0.0786110197	-0.0819778722	-0.000950733	0.1165026078	-0.1272915669	-0.1175177527	-0.0481711538	-0.0315989472	0.1424299323	-0.0022965554	-0.016027184	-0.0618045166	0.1217634076	0.0706276482	0.0625239025	-0.0462483678	-0.0612913793	0.129862856	-0.0466934322	-0.0220516281	0.0625532282	0.0175498349	-0.1637776228	0.0135407404	0.0327539973	-0.0287659687	-0.0608662519	-0.0188330121	-0.0783219696	-0.0003954646	0.049396751	0.06914795	-0.066567334	-0.0632958669	0.0420694594	0.0571048293	-0.0281154236	-0.0845513736	0.0543350812	-0.0631109949	-0.1566903497	-0.0042839459	-0.0572152954	0.0569218644	-0.0089431766	0.0742339324	-0.0876948505	-0.0673446643	0.1165182073	-0.0517037307	-0.0759740605	0.1169629329	0.0363242	-0.0054371999999999	2.956314383999996e-05	0.00131944750564	0.0255242	-0.0102539	0.00010514246521	0.00065148478564	-0.275017	-0.014896	0.075634350289	0.000221890816	0.00627582	0.0004480299999999	2.007308808999995e-07	3.93859166724e-05	-0.00238562	-0.00032954	1.0859661160000008e-07	5.691182784400001e-06	0.0007267909999999	3.075199999990003e-05	5.282251576808547e-07	9.456855039938512e-10	0.0	0.0	0.0	0.0	0.0	0.0	0.0	0.0	0.0	0.0	0.0	0.0	0.0
57170.158353897816	-85.28486420079571	7273.508061748165	3268427006.209752	92029.23212316175	21.21632199753367	450.132319103031	8469379565.178787	55811.5087890625	-63.15288276177307	3114924513.3116007	3988.286601122255	62923.73032346829	57537.19646855568	0.967845	16.966486	0.0694024999999999	0.0398871	-0.0237451918	0.0232703767	-0.053413697	0.0511853855	-0.0834060883	-0.0034094797	-0.0466171064	-0.0717256603	-0.006390667	-0.072064467	-0.0401290513	-0.0094976861	0.0012923307	-0.053399971	0.1171322132	0.0230630416	0.0293268744	0.0181348612	0.0264791169	0.1215747309	-0.0561610914	0.0092055833	-0.0766362436	0.0602208904	0.0613501531	-0.2128833971	0.013568936	0.0211112919	0.0052025068	-0.0283907223	-0.0078660971	0.0251713268	-0.1303034175	0.0948026655	0.0918517307	-0.0409715776	-0.0361341076	-0.086560649	0.0750269483	-0.0655299452	0.0030587591	0.0204700268	-0.0104443703	0.0017967409	0.0341177027	0.0209423926	0.0031318517	0.0202714144	-0.1121756303	-0.0231094285	-0.0681619976	-0.0919991789	-0.0479934877	-0.0171865771	-0.0290079768	-0.0261090915	-0.0415959546	0.0771803377	-0.0188476456	0.1629280538	-0.0541650896	-0.071644961	0.1186353847	0.0418002	0.005476	2.998657600000002e-05	0.00174725672004	0.0358108	0.0102865999999999	0.0001058141395599	0.0012824133966399	-0.274482	0.000535	0.075340368324	2.862250000000082e-07	0.00556531	-0.0007105099999999	5.048244600999989e-07	3.09726753961e-05	-0.0025134	-0.0001277799999999	1.6327728399999912e-08	6.317179559999999e-06	0.000950599	0.0002238080000001	9.03638458801e-07	5.009002086404477e-08	0.0	0.0	0.0	0.0	0.0	0.0	0.0	0.0	0.0	0.0	0.0	0.0	0.0
57129.207391856486	-40.95096204133006	1676.9812921104551	3263746337.22175	91912.91704963236	-116.31507352938934	13529.196330147248	8447984320.572599	55703.137650923294	-108.37113813920588	3102839544.157708	11744.30358158684	62785.42632774015	57214.00583458725	1.019287	17.868275	0.1053501299999999	0.0588563	-0.0229062452	-0.0438178362	-0.0282257863	0.0265532304	-0.0533831925	-0.0209552186	-0.0499204649	0.0176558525	0.004103449	-0.1088234507	-0.0214101284	-0.1249255979	-0.0483165731	0.1446851011	0.0410790812	0.0937980523	-0.1319894568	0.0296219987	-0.0445203913	-0.0656209987	0.0975418394	-0.0252529086	0.0545649713	-0.042907824	0.1301893584	-0.0789309656	-0.1672414844	-0.0082744057	-0.0265520603	-0.0154555706	-0.0420221309	0.0479409356	-0.0275983919	-0.1457411236	-0.0424804887	-0.0538171262	-0.0129898198	-0.0209544088	0.0739242647	-0.0476388348	0.0553149411	0.0263512642	0.0121742334	0.1233827548	-0.0649146938	-0.0221616626	0.0866780268	-0.113887828	-0.0098553171	-0.1008740755	0.1290460049	-0.0046893811	-0.0515733041	-0.0887899147	-0.0580455038	-0.0656761946	0.0501537783	-0.1068221963	-0.006474107	0.111553094	-0.0565983786	-0.0671673664	0.1197547036	0.0395612	-0.002239	5.0131210000000215e-06	0.0015650885454399	0.00968264	-0.0261281599999999	0.0006826807449855	9.375351736959998e-05	-0.286502	-0.0120199999999999	0.0820833960039999	0.0001444803999999	0.00512102	-0.0004442899999999	1.9739360410000001e-07	2.6224845840400005e-05	-0.00250944	3.959999999999901e-06	1.5681599999999215e-11	6.2972891136e-06	9.95896e-05	-0.0008510094	9.91808842816e-09	7.2421699888836e-07	0.0	0.0	0.0	0.0	0.0	0.0	0.0	0.0	0.0	0.0	0.0	0.0	0.0
57002.06592176183	-127.14147009465523	16164.953417830113	3249235519.348881	91707.63695618873	-205.28009344363815	42139.91676422882	8410290676.088112	55574.6045746246	-128.53307629869232	3088536673.625885	16520.75170280546	62600.42988088824	56708.58002269511	1.088928	19.0891	0.11389663	0.0821848	-0.0303018966	-0.0407315152	-0.0103007212	-0.018283616	-0.0387469526	-0.051030413	-0.0132968801	0.0838002989	-0.0864573461	-0.0505218956	-0.1476100413	0.1463522663	0.1015655154	0.0435261581	-0.0320614943	-0.0946798258	-0.0654813585	0.0333846277	-0.0904546239	0.0644854388	-0.0820757989	0.0172226555	-0.1018792623	-0.0345401183	0.123774374	0.0155239203	-0.0832990242	0.0266595598	0.0182906105	0.056014273	-0.0750163955	0.1119506039	0.0076333256	-0.0151077226	-0.0463172913	0.0436541563	-0.0219990256	0.0524932059	0.0949040309	-0.0018186955	0.1038669163	0.0890230307	0.0050309508	-0.1187305633	-0.0316690203	-0.0019268949	0.1732423138	-0.0680204952	-0.0214526678	-0.0156641111	-0.1180068704	0.0026290496	0.0489164198	-0.1302279039	0.0096177307	0.0733845333	0.0268859504	-0.0443040596	0.137128829	0.0295258153	-0.0590023366	-0.0625505571	0.1203156708	0.0389581	-0.0006030999999999	3.6372960999999444e-07	0.00151773355561	0.0277994	0.01811676	0.0003282169928975	0.00077280664036	-0.293839	-0.007337	0.086341357921	5.383156900000056e-05	0.00656129	0.0014402699999999	2.0743776728999987e-06	4.30505264641e-05	-0.00278924	-0.0002798	7.828804000000011e-08	7.7798597776e-06	0.000136315	3.67254e-05	1.8581779225e-08	1.3487550051599999e-09	0.0	0.0	0.0	0.0	0.0	0.0	0.0	0.0	0.0	0.0	0.0	0.0	0.0
57113.89530355926	111.82938179742632	12505.810633194546	3261997036.7459283	91645.8413526348	-61.79560355392459	3818.6966185938177	8398960237.232307	55638.22466010552	63.62008548092126	3095612043.3283744	4047.515276599728	62614.169525958285	56724.47457026268	1.033689	18.120745	0.148759968	0.0988429	-0.0355026096	-0.099600685	-0.0067827942	-0.0147092242	-0.0188822324	-0.0124360173	0.0383033887	0.0910521926	-0.0450338558	0.0449190275	-0.1411555433	-0.0393695326	0.0596188157	-0.0263377657	-0.1208268275	0.0177694832	0.0171027024	-0.0278746121	0.0154175691	0.1000565363	0.0780028565	-0.0296070275	-8.24745e-05	-0.0357265505	0.0246538569	-0.1417373446	-0.0203192668	0.012153465	-0.2046210855	0.0570876476	-0.0748426346	-0.0514609078	0.0178786696	-0.0835595983	-0.0397120782	-0.1611976266	-0.0096766189	0.0909252055	-0.0088558496	-0.0011953848	0.077264711	0.1147972716	-0.1092221621	-0.0064616778	-0.0774020472	0.0580185284	0.0262538707	-0.1146146986	-0.0083719109	-0.0520277056	-0.0414200707	0.0768184854	-0.0390666947	0.0380717102	-0.0819374951	-0.0379055411	-0.1145040922	0.0224051298	-0.0473555586	0.024116094	-0.0613757178	-0.0578041022	0.1203156708	0.0511747	0.0122165999999999	0.0001492453155599	0.0026188499200899	-0.000922418	-0.028721818	0.0008249428292251	8.508549667240001e-07	-0.294038	-0.000199	0.086458345444	3.960100000000189e-08	0.00487334	-0.0016879499999999	2.849175202499999e-06	2.3749442755600004e-05	-0.00267261	0.0001166299999999	1.3602556899999989e-08	7.142844212100001e-06	0.000484186	0.000347871	2.34436082596e-07	1.2101423264100001e-07	0.0	0.0	0.0	0.0	0.0	0.0	0.0	0.0	0.0	0.0	0.0	0.0	0.0
57131.85026811648	17.95496455722605	322.3807522512436	3264048315.058481	91288.78214613973	-357.05920649507607	127491.27694289335	8333641745.725359	55623.39586292614	-14.8287971793834	3093962167.3237886	219.89322578728908	62613.63376981989	57238.41004343617	1.013828	17.772575	0.0617346479999999	0.0421948	-0.010975997	-0.0324553863	0.0228318352	-0.0507421096	0.0031910129	-0.0679704161	0.0788810631	0.0975956947	-0.0387790812	0.0234210469	-0.0296518187	-0.1446675221	0.1127147246	0.0676363525	-0.0795051845	0.0456389075	-0.1440216105	0.0639266824	0.1691841574	-0.0414746673	0.02322707	-0.0647277532	0.0815959513	-0.0341656459	-0.0511718242	0.1099277437	0.0891858487	0.1118954123	-0.0416721782	-0.0070597414	-0.0740297665	0.0305854109	0.1341765579	0.0899549651	0.0348126191	-0.0176776036	0.0054217786	0.1011412511	-0.0033618394	-0.0100523193	0.0258291423	0.0577970368	-0.0404568097	0.1112777955	-0.0891155431	-0.0691737279	0.0190780871	-0.0315751978	0.0419365568	-0.0946210651	-0.082676084	0.1312433618	-0.1438647198	0.0176467654	0.091703075	-0.0443567529	-0.04337559	-0.104670082	-0.1099004062	-0.0494145178	-0.0637172922	-0.0529378395	0.1197547036	0.0510834	-9.129999999999556e-05	8.335689999999187e-09	0.00260951375556	0.00945693	0.010379348	0.0001077308649051	8.943352502490002e-05	-0.29392	0.000118	0.0863889664	1.3924000000001649e-08	0.00555825	0.0006849099999999	4.691017080999993e-07	3.08941430625e-05	-0.00301062	-0.0003380099999999	1.142507600999998e-07	9.0638327844e-06	0.000484186	0.0	2.34436082596e-07	0.0	0.0	0.0	0.0	0.0	0.0	0.0	0.0	0.0	0.0	0.0	0.0	0.0	0.0
57185.35368744011	53.503419323627895	2862.615879319959	3270164676.35762	91158.61132046569	-130.1708256740385	16944.44385666092	8309892417.875735	55704.94406326096	81.54820033482247	3103040793.0910325	6650.108977848339	62637.58864685961	57098.40618018326	1.034002	18.126242	0.04645145	0.0310602	0.0045215846	-0.0144478013	0.035874761	-0.0488894759	0.0072651932	-0.0479042075	-0.0141346331	0.0521961759	-0.0277446514	0.0588925373	0.0668141351	0.0061639727	0.0299587186	-0.1104364718	-0.0855678143	0.126798849	0.1246438628	-0.1166900206	0.0503383467	0.0339746007	0.0692864493	-0.1052414955	0.0424307935	-0.0744493506	0.0257492431	-0.0037610529	0.0239299973	0.059491938	0.0700971885	-0.0848674274	-0.0888191941	0.0169341473	-0.0212584742	0.0133755404	0.0916600444	-0.1388062653	0.0139415942	0.0742821568	0.0025499534	0.0548415845	-0.0389363302	-0.0410010937	-0.1333141107	-0.01403442	0.0531288177	0.0867063524	-0.1145276787	-0.0722935569	-0.0071916172	-0.0138013152	-0.0264800507	0.0047930835	-0.0667385141	0.097040184	-0.0055351121	-0.0658704892	0.0989833152	0.0621743573	-0.0996073385	-0.0698908445	-0.0660258464	-0.0479618551	0.1186353847	0.0453759	-0.0057075	3.2575556250000046e-05	0.00205897230081	0.00962583	0.0001688999999999	2.8527209999999863e-08	9.26566031889e-05	-0.290867	0.003053	0.0846036116889999	9.32080900000017e-06	0.00502919	-0.0005290599999999	2.799044835999996e-07	2.5292752056100003e-05	-0.00278924	0.0002213799999999	4.900910439999989e-08	7.7798597776e-06	0.000484185	-1.000000000015745e-09	2.34435114225e-07	1.0000000000314906e-18	0.0	0.0	0.0	0.0	0.0	0.0	0.0	0.0	0.0	0.0	0.0	0.0	0.0
57226.53076017173	41.17707273161796	1695.5513187449549	3274875822.844881	91458.77121629902	300.1598958333343	90095.9630666781	8364706832.395327	55729.22388012378	24.279816862821463	3105746394.280959	589.5095068921495	62714.67989628233	57459.80114640216	1.101167	19.303652	0.05233867	0.0265372	4.84973e-05	-0.0507933634	0.0239894208	-0.0726163103	0.0250464244	-0.0271738414	-0.0596123202	0.0320272857	-0.0307547564	0.040400711	0.0879310201	0.0213843761	0.1046416482	0.0142731118	0.0922483979	-0.0578764167	0.1076114793	-0.1348949554	0.0645593269	0.0358169812	-0.0215728909	0.1193921162	-0.1142108619	-0.0981356069	0.1195185948	-0.0404004432	-0.0758671807	-0.1438181403	0.0456085683	-0.0043105812	-0.0777004079	0.0168322266	0.2376059643	-0.0232169688	-0.1822600244	-0.0724243097	0.0005075062	0.0685792546	-0.0150104693	0.0418657223	-0.0239660829	-0.1346197765	-0.0708071574	-0.0335461893	0.0399206111	-0.0187201386	-0.1038579978	-0.0508902849	0.0957520492	0.11127946	-0.185873188	-0.1330851993	-0.083144212	-0.0207768105	-0.0697091302	0.0067413839	0.0504589125	-0.0586809705	0.0324702537	0.0509271227	-0.068300184	-0.0428864624	0.1169629329	0.044435	-0.0009408999999999	8.852928099999897e-07	0.001974469225	0.0123348	0.0027089699999999	7.3385184608999985e-06	0.00015214729104	-0.274632	0.016235	0.0754227354239999	0.0002635752249999	0.00486525	-0.00016394	2.6876323600000145e-08	2.36706575625e-05	-0.00299296	-0.0002037199999999	4.150183839999987e-08	8.957809561599999e-06	0.0007656009999999	0.0002814159999999	5.861448912008469e-07	7.919496505594374e-08	0.0	0.0	0.0	0.0	0.0	0.0	0.0	0.0	0.0	0.0	0.0	0.0	0.0
57305.14802126729	78.61726109556184	6180.673742167742	3283879989.7393546	91730.4844898897	271.713273590678	73828.10304536263	8414481784.749895	55844.16722681615	114.9433466923656	3118571013.256607	13211.972948841352	62928.41109432728	57357.9752821319	1.119042	19.617006	0.0201644499999999	0.0118753	0.0131411896	-0.0631113591	0.0109656282	0.0191705131	-0.0017806362	0.1067426949	-0.0497526567	-0.0300210922	0.0328893399	0.013956207	0.014332035	-0.0655642285	-0.0103243742	-0.0426056767	-0.0189737619	0.0033790692	0.0066226484	0.0167280961	-0.0721170903	-0.0453909818	0.1304696412	0.0375648355	-0.111097473	0.114617515	0.0423353663	-0.1093525785	0.1473166483	-0.027970835	-0.0140073843	0.0003053511	-0.1449747596	0.1332198442	0.0731699251	0.1231234697	-0.0038471596	-0.0951324751	0.0206805628	-0.0390114576	-0.0197056137	-0.0198480019	0.0054358026	-0.036498048	0.0115392406	-0.0561371686	0.0652706908	-0.0391149255	-0.0892390483	-0.1188583323	-0.0585623731	0.0401035112	0.1346446643	0.156220363	0.0214973948	0.0470929375	-0.0278787653	-0.0325626025	-0.0794451982	-0.0418384053	0.0178355596	0.0395089835	-0.0705391264	-0.0377221809	0.1147451459	0.0421323	-0.0023027	5.302427290000022e-06	0.0017751307032899	0.0115873	-0.0007474999999999	5.587562499999999e-07	0.00013426552129	-0.273603	0.001029	0.0748586016089999	1.0588410000000044e-06	0.00494909	8.383999999999996e-05	7.029145599999992e-09	2.44934918281e-05	-0.00278923	0.0002037299999999	4.1505912899999856e-08	7.779803992900001e-06	0.000799736	3.413500000009999e-05	6.39577669696e-07	1.165198225006826e-09	0.0	0.0	0.0	0.0	0.0	0.0	0.0	0.0	0.0	0.0	0.0	0.0	0.0
57347.60626812955	42.45824686226115	1802.7027266167088	3288747944.684412	93090.93059129902	1360.446101409325	1850813.594839831	8665921358.354052	55801.63241299716	-42.53481381898746	3113822179.9552555	1809.2103866159264	63186.79565309421	57887.95979732202	1.15179	20.191071	0.0466888799999999	0.0232406	0.0073940574	-0.088042984	-0.0599060345	0.158677366	-0.0158184022	0.1105909374	-0.1122796186	-0.0160761801	0.0408544666	-0.0526528914	-0.0303528411	-0.0330030678	-0.0990819338	-0.0205448561	-0.1183649939	-0.1000560388	-0.0107101046	-0.0034580146	0.0645283047	0.0615137774	-0.034034374	0.0945727135	0.176825043	0.154189117	-0.0625393795	-0.0051242406	-0.0423095295	0.0680107136	0.0265142401	-0.1087234891	0.0102579833	-0.0894284561	-0.1200156531	0.0330489416	-0.0880100125	0.0205913331	0.0304179349	-0.1160465721	0.0373292196	0.0196701858	0.0932989078	0.128081833	-0.0175490766	0.0504790509	0.0774151855	0.0371419411	-0.0150659902	0.0309793371	0.0801230572	0.211124677	0.1030791564	-0.0266291432	0.0751621609	0.0904204662	0.0386985874	-0.1736043998	-0.151797532	0.0233828078	-0.049049404	-0.0091345421	-0.0727415132	-0.0324797145	0.111992364	0.040725	-0.0014073	1.9804932900000008e-06	0.0016585256249999	0.00150197	-0.01008533	0.0001017138812089	2.2559138809000003e-06	-0.28301	-0.0094069999999999	0.0800946600999999	8.849164899999997e-05	0.0046584	-0.0002906899999999	8.450067609999982e-08	2.170069056e-05	-0.0030071	-0.0002178699999999	4.7467336899999915e-08	9.04265041e-06	0.000806961	7.225000000000026e-06	6.51186055521e-07	5.220062500000039e-11	0.0	0.0	0.0	0.0	0.0	0.0	0.0	0.0	0.0	0.0	0.0	0.0	0.0
57140.22997429336	-207.3762938361906	43004.92724523406	3265005881.5151334	92484.54831495098	-606.3822763480421	367699.46506903326	8553391677.020502	55681.98568765219	-119.64672534497367	3100483530.119903	14315.338885775564	62634.87846607528	57398.04357055742	1.297937	22.753057	0.05351808	0.0222482	0.0121541544	-0.0736236107	-0.0396191275	-0.1278731308	0.1441921225	-0.1530235727	-0.086292822	0.0333530247	0.0272971486	-0.0202166702	-0.0783027962	-0.0969223422	-0.1097627433	0.0916622403	-0.0122420735	-0.1696592348	0.0372200415	0.0174800675	0.1681546924	0.0529237822	-0.0166845665	-0.0590376511	0.0344205312	0.1219549986	-0.157351751	0.0417185167	0.0827794935	0.028548417	0.0371539309	0.0421431784	-0.0623009967	-0.0614647129	-0.0163406883	0.0593233338	-0.0009124427	-0.1213816848	0.0015204349	0.0742132401	-0.0574854827	-0.0089248194	0.1507668231	0.0038086988	0.0940187351	0.0626025816	-0.2526987497	-0.0267155596	-0.0525853754	0.1270041497	-0.1039584719	0.0596993913	-0.0411287926	-0.0072424421	-0.0121521132	0.1493516532	0.0475166875	-0.0236609174	0.0219172279	0.0240888585	-0.0723199514	0.0921033691	-0.0749062032	-0.0271699288	0.1087174221	0.0511358	0.0104108	0.00010838475664	0.00261487004164	0.0105907	0.00908873	8.26050130129e-05	0.00011216292649	-0.272214	0.0107959999999999	0.074100461796	0.0001165536159999	0.00491144	0.00025304	6.402924160000019e-08	2.4122242873600003e-05	-0.00291904	8.806000000000005e-05	7.754563600000009e-09	8.520794521599999e-06	0.00068361	-0.000123351	4.673226321e-07	1.5215469201000013e-08	0.0	0.0	0.0	0.0	0.0	0.0	0.0	0.0	0.0	0.0	0.0	0.0	0.0
57424.26124362544	284.03126933208114	80673.76195839321	3297545779.376143	91756.94370404413	-727.6046109068557	529408.4698129168	8419336717.907123	55714.38426466112	32.39857700893481	3104092613.990319	1049.6677922038791	62733.18588025323	57423.28405123925	1.214067	21.282799	0.06731286	0.0316417	0.0112101428	-0.119434397	0.0173203051	-0.0295459421	0.0819373621	0.0645185141	0.0794756	0.0763969863	-0.0398104718	0.0681003515	-0.1035065818	-0.0365885587	0.0599555607	0.0164788926	-0.1047259893	-0.1538604295	0.0771948876	-0.1869276526	0.1084335738	-0.0716834738	0.0972539987	-0.015053589	0.0547864249	-0.0387973191	0.0113226501	-0.0710292132	-0.0224442143	0.0525647135	-0.0036880964	0.0260130597	0.053567147	-0.0415927747	0.0436483127	0.0825718343	0.0888664714	0.0722959696	-0.0018375099	0.0906579888	-0.0947297212	0.030888602	0.0720169276	0.144083361	-0.0378943349	-0.0016231867	-0.09104888	0.0063364735	0.0236870394	0.00481376	0.0294639579	0.092047848	-0.0580345018	0.0322546739	-0.1112616622	0.1891972802	-0.0498880663	-0.085514035	-0.0816085532	0.1167720698	0.1230372013	-0.0479623571	-0.0770320745	-0.0218038294	0.1049355893	0.0410646	-0.0100712	0.00010142906944	0.00168630137316	0.00490374	-0.00568696	3.23415140416e-05	2.40466659876e-05	-0.253523	0.018691	0.064273911529	0.000349353481	0.00465043	-0.00026101	6.81262201000004e-08	2.1626499184899995e-05	-0.00321048	-0.00029144	8.493727360000002e-08	1.03071818304e-05	0.000578786	-0.000104824	3.34993233796e-07	1.0988070976e-08	0.0	0.0	0.0	0.0	0.0	0.0	0.0	0.0	0.0	0.0	0.0	0.0	0.0
57510.30673754351	86.04549391807086	7403.827023604769	3307435381.046343	91668.16619178922	-88.77751225490647	7881.446682170068	8403052692.965488	55791.62945160308	77.24518694196013	3112705916.8649845	5966.818905698367	62767.01950142395	57466.44974097427	1.042897	18.282167	0.14220613	0.0899729999999999	0.0170496834	-0.0885521498	0.0522057818	0.0355152296	0.0577673381	0.0834227472	0.1284131233	0.0370134085	0.0223770393	0.1273805211	-0.0979723052	0.0295766491	0.0237437082	-0.0671880245	0.0448659038	-0.1306349599	-0.0719095779	0.0396372122	0.0848736323	0.0142423004	-0.0437335679	-0.0198073555	0.0987486807	-0.0219570412	0.0936602918	-0.1255497308	-0.1372147883	0.0653128718	0.0627123947	-0.0762314248	-0.0090051615	0.0283260246	0.1503279766	-0.0037208094	-0.0333339562	-0.0140469363	0.0435535898	0.0437419205	-0.0692185677	-0.062137355	-0.0094446505	0.105233398	-0.0550700551	-0.0890106663	0.051186263	-0.0030589348	0.0688079558	0.0142862678	0.1033271216	0.1693313209	-0.096852462	-0.0336757145	-0.058480229	-0.1034729534	-0.0750126352	0.0089355466	-0.049298935	0.0790175358	-0.0627124554	0.0649785419	-0.0791180255	-0.0163925382	0.1006644984	0.0510853	0.0100207	0.00010041442849	0.00260970787609	-0.00422434	-0.00912808	8.332184448640001e-05	1.78450484356e-05	-0.28215	-0.028627	0.0796086225	0.000819505129	0.00620568	0.00155525	2.418802562500001e-06	3.85104642624e-05	-0.00301554	0.0001949399999999	3.8001603599999925e-08	9.0934814916e-06	0.000440369	-0.0001384169999999	1.9392485616100002e-07	1.9159265888999984e-08	0.0	0.0	0.0	0.0	0.0	0.0	0.0	0.0	0.0	0.0	0.0	0.0	0.0
57568.04924278039	57.74250523687806	3334.19691103089	3314080293.619188	92210.19371170342	542.0275199142052	293793.8323443441	8502719824.34987	55792.45713271104	0.8276811079558684	3112798272.905399	0.6850560164670538	62713.40884005542	58062.157570103234	1.159648	20.328825	0.18270159	0.0957177	0.0320531268	-0.1257694105	-0.0020370048	0.0280857775	0.0770426203	0.0008996299	0.1397917597	0.031074839	0.0304979496	0.1530418546	-0.0952570808	0.0162494868	0.163494806	-0.0033230341	0.0957896793	0.0738313739	-0.0974440525	-0.0445356253	0.1490988994	0.0562124365	-0.13139944	-0.1030016705	-0.0747317442	0.1926268128	-0.0894517703	0.0839997293	0.0579763213	0.0142250022	-0.1369389868	-0.0221040861	-0.024747833	-0.2385438291	0.0466811477	-0.0052855541	0.0185072312	0.094653434	0.0150498672	0.0624705583	-0.1124248509	-0.0950459755	0.0331922389	0.0254601756	-0.2148353078	-0.0918839617	-0.0434606968	-0.0586680603	-0.012706557	0.0157930785	0.1180234025	-0.0863260853	0.0426483046	-0.1612023827	-0.0146341192	-0.0049715755	0.1103939724	0.0037215918	-0.1565911119	0.0468705237	-0.2249341058	-0.0280631771	-0.0811629751	-0.010947271	0.0959240631	0.0341428	-0.0169425	0.0002870483062499	0.00116573079184	0.031468	0.03569234	0.0012739431346756	0.000990235024	-0.269307	0.0128429999999999	0.072526260249	0.0001649426489999	0.00453659	-0.0016690899999999	2.7858614281e-06	2.05806488281e-05	-0.00276821	0.00024733	6.117212890000001e-08	7.662986604100001e-06	0.000868424	0.000428055	7.54160243776e-07	1.83231083025e-07	0.0	0.0	0.0	0.0	0.0	0.0	0.0	0.0	0.0	0.0	0.0	0.0	0.0
57338.16729049201	-229.88195228837867	52845.71198791641	3287665428.232448	92067.68417585784	-142.50953584558738	20308.967806924757	8476458469.505504	55747.04445895901	-45.41267375202733	3107732965.9091525	2062.310937308072	62884.82288812346	58250.41534813083	1.189855	20.85836	0.0970599	0.0463229	0.0670318298	-0.102284163	0.0418346899	0.1099553307	0.0108762234	-0.0135503446	0.0891550683	0.0679633985	0.0233211033	0.0435296087	0.1043974888	0.0721509977	0.1572636956	-0.047195213	-0.051068534	-0.1845884203	0.0721498512	0.1059257104	-0.0399594879	0.1388576514	-0.0427797013	0.0137399618	-0.0877306952	0.0167961077	0.0591030838	-0.0854640991	-0.0414997891	0.0026763312	-0.0403623516	-0.1081220076	-0.0870340905	-0.0825933365	-0.0142433328	0.0071168158	-0.1358336542	0.0629813971	0.0749111671	-0.012998657	0.0461814803	0.0215553011	-0.0770084245	0.0392234195	-0.1732257228	-0.1277464804	-0.027040965	-0.0731349108	-0.0405607468	0.0276768295	0.0355657317	0.1298140948	-0.1429770513	0.0041761693	0.1164132041	-0.0707305638	-0.0310263485	0.0111902506	-0.0996780543	-0.0125040537	0.0550015339	0.1664068313	-0.0831658636	-0.0054793138	0.0907363855	0.01983	-0.0143128	0.00020485624384	0.0003932289	0.0313243	-0.0001437	2.0649690000001022e-08	0.00098121177049	-0.283764	-0.0144569999999999	0.080522007696	0.0002090048489999	0.00505535	0.00051876	2.691119376000001e-07	2.55565636225e-05	-0.00317435	-0.0004061399999999	1.6494969959999978e-07	1.00764979225e-05	0.000430396	-0.000438028	1.85240716816e-07	1.9186852878400005e-07	0.0	0.0	0.0	0.0	0.0	0.0	0.0	0.0	0.0	0.0	0.0	0.0	0.0
57266.56932055999	-71.59796993202326	5126.269298386907	3279459961.7465024	91672.9770067402	-394.7071691176389	155793.74935286035	8403934713.278317	55759.54648817979	12.502029220777333	3109127024.567483	156.30073463717022	62788.54176801109	57976.74116692835	1.087746	19.068373	0.09791953	0.054377	0.0655418211	-0.1183672436	0.0760370256	0.1079586304	-0.0207079672	-0.0557763475	-0.0419638088	0.0336292041	0.0597095422	-0.0675373052	-0.0240645264	0.0220226433	0.1071095174	0.0983618369	0.1980330311	-0.1269868956	0.1392136926	0.0218828947	0.1064618473	0.1076755338	0.1304060122	-0.0896806783	0.1081994686	-0.0217282564	0.0675758076	0.0993544189	-0.0284566127	0.0714003878	-0.0417303222	-0.0189255099	0.0432582995	-0.0751030191	-0.1102802975	0.0864970177	0.0010499363	0.126853857	0.0871197383	-0.0342124252	0.0898941674	-0.0253138455	0.0524869373	-0.0719037633	-0.09292172	-0.0682582372	-0.0378699882	-0.1756838706	-0.0036475311	0.0642159677	-0.0515524031	0.0084117312	0.0180602125	-0.0461408494	-0.1327676457	-0.0511166992	-0.0333007001	-0.1902016175	0.1000976558	0.150531111	0.0988760819	0.1134339636	-0.0851256531	-0.0	0.0851256531	0.0349201	0.0150901	0.00022771111801	0.00121941338401	0.00930387	-0.02202043	0.0004848993373849	8.656199697690002e-05	-0.301238	-0.0174739999999999	0.090744332644	0.0003053406759999	0.00422089	-0.00083446	6.963234916000006e-07	1.7815912392099997e-05	-0.00314211	3.2239999999999786e-05	1.039417599999986e-09	9.8728552521e-06	0.000430396	0.0	1.85240716816e-07	0.0	0.0	0.0	0.0	0.0	0.0	0.0	0.0	0.0	0.0	0.0	0.0	0.0	0.0
57190.88300167483	-75.68631888515665	5728.41886638562	3270797098.511259	91226.78088235292	-446.19612438727927	199090.9814182284	8322325550.156832	55689.41352348823	-70.13296469156194	3101310778.5900736	4918.632736427873	62652.79923799261	57552.464607581314	0.992945	17.406492	0.03941165	0.0278186	0.075742505	-0.1237928582	0.1015205345	0.0272237002	-0.000747166	-0.0763705868	-0.1107886934	0.0706379531	0.0746071515	-0.1258674646	0.0033897957	-0.0007222557	0.1105908038	0.0063343729	0.0179060478	-0.0634581423	0.0105441549	0.0488137192	-0.0665436566	-0.0261694184	-0.150382593	-0.0991099177	0.0246243199	-0.1538804193	0.0400310239	0.1213213403	0.1119513373	-0.0177000191	0.0654477647	-0.0269005672	0.0405490245	0.0004826429	0.0098898248	0.1564882432	0.0002741228	-0.0812566994	0.0957115293	0.0097057842	0.0796547405	-0.0361867877	0.0784735871	-0.0980969315	-0.072509574	-0.0170172535	-0.0876910489	-0.0909911634	-0.0272383042	0.054954599	0.0056229525	0.0331378188	-0.0147692241	0.0332475035	0.0290843607	-0.217728157	0.0409496884	0.0806928818	0.0023413462	-0.0092930555	0.0396681713	-0.0849771795	-0.0870413278	0.0054793138	0.0791180255	0.0349056	-1.4500000000000624e-05	2.102500000000181e-10	0.00121840091136	0.00503822	-0.00426565	1.8195769922500003e-05	2.5383660768400005e-05	-0.276723	0.024515	0.076575618729	0.000600985225	0.00405865	-0.00016224	2.6321817600000043e-08	1.6472639822499995e-05	-0.0031922	-5.009000000000003e-05	2.509008100000003e-09	1.019014084e-05	0.000430396	0.0	1.85240716816e-07	0.0	0.0	0.0	0.0	0.0	0.0	0.0	0.0	0.0	0.0	0.0	0.0	0.0	0.0
57190.15576092738	-0.7272407474520151	0.5288791047545656	3270713915.959135	91142.9530637255	-83.82781862742559	7027.10317583256	8307037893.176469	55698.36047204748	8.94694855925627	3102307359.2741413	80.04788852197785	62677.19144617842	57519.34451670744	0.958468	16.80212	0.05113001	0.0320128	0.0762478138	-0.1378719957	0.1037147491	0.0495408861	-0.0223479528	-0.0603913513	-0.0929769338	0.0562638517	0.0512874311	-0.0780167219	-0.1070442963	0.033716666	0.0461152683	0.1978051066	0.112402991	0.0546593717	-0.0084738802	-0.0968807258	0.1095987491	-0.1363111666	0.0573476559	-0.0485327046	0.0219759384	-0.0838998807	-0.136752464	0.0584595242	-0.0757859968	0.0061826867	-0.0399082014	-0.0632798355	0.0049393412	0.1275807085	-0.0265056643	-0.1344005807	-0.1333542751	0.0824980888	0.0887126149	0.0012541973	0.0746278713	-0.0124196209	0.1387009826	-0.0642375544	0.0096613676	-0.0592166115	-0.070050157	-0.1083587922	0.042736118	-0.0350177771	0.0217215179	-0.0962548929	0.0993072163	0.0362566071	-0.227949004	0.0356369928	-0.0071167927	0.1432236928	0.0465166	-0.0031143599	0.0546656336	-0.0146374674	-0.0889118951	0.010947271	0.0727415132	0.0293039	-0.0056017	3.1379042890000015e-05	0.00085871855521	0.00607648	0.00103826	1.0779838276e-06	3.692360919040001e-05	-0.282531	-0.0058079999999999	0.0798237659609999	3.373286399999977e-05	0.00457119	0.00051254	2.626972516000006e-07	2.0895778016100003e-05	-0.0031922	0.0	0.0	1.019014084e-05	0.000169295	-0.000261101	2.8660797025e-08	6.817373220100001e-08	0.0	0.0	0.0	0.0	0.0	0.0	0.0	0.0	0.0	0.0	0.0	0.0	0.0
57272.85406499181	82.69830406442634	6839.0094951323135	3280179812.7498484	91494.01877297794	351.06570925244887	123247.13221292496	8371155471.230041	55739.43149477476	41.07102272727934	3106884223.3606887	1686.8289078646962	62697.64459859914	57808.04671755421	1.519539	26.637789	0.2771177599999999	0.199901	0.1162602637	0.0560372256	0.0712873959	0.0300648835	0.0139851624	0.004273277	-0.131007265	0.0530155287	0.0551602511	-0.0624804797	0.0758494671	-0.0303473901	0.0574649349	0.1275218141	-0.101499626	0.140841005	0.0091993532	0.1667910701	-0.0611993815	0.0040396931	0.0882007058	-0.0532332327	-0.1246171591	0.004003266	0.2356312696	-0.158418594	0.0559808077	-0.0095639654	0.0523355796	0.0292690187	0.0071837674	-0.1107052313	-0.1565153574	-0.018401053	-0.0803637271	0.0424822216	0.0886263053	0.0216373355	0.0006546599	0.0032547252	-0.0118652765	-0.074454295	0.0112792205	0.0484610938	-0.0321532641	-0.1154291967	0.022631166	-0.1007025025	0.0863622438	-0.2594317404	-0.0094987168	0.1313208822	0.1279151216	-0.0440275526	0.0444551524	-0.1132053596	0.0353436606	0.0764687969	0.0888853081	0.1705876318	-0.0907363855	0.0163925382	0.0660258464	0.044369	0.0150650999999999	0.0002269572380099	0.001968608161	0.0530147	0.0469382199999999	0.0022031964967683	0.0028105584160899	-0.278258	0.0042729999999999	0.077427514564	1.8258528999999757e-05	0.0081493299999999	0.0035781399999998	1.2803085859599276e-05	6.641157944889835e-05	-0.00362559	-0.00043339	1.8782689210000008e-07	1.31449028481e-05	-3.60038e-05	-0.0002052988	1.2962736144400002e-09	4.214759728144e-08	0.0	0.0	0.0	0.0	0.0	0.0	1.0	0.0	0.0	0.0	0.0	0.0	0.0
57426.510913963	153.65684897119354	23610.427235756182	3297804155.751512	92214.07095588236	720.0521829044155	518475.14610541385	8503434882.256506	55832.75438184862	93.32288707386031	3117296461.863837	8709.161251800488	63099.91266404326	57954.42418276728	1.789707	31.373873	0.59942901	0.45753	0.1130326662	0.111914739	0.0601361189	0.1020187182	0.0832510918	0.0518784127	-0.0333364333	0.0549569429	0.1197636733	0.0759212985	0.2812111392	0.0401029006	-0.2944965507	-0.1885985588	-0.1605340712	-0.0219437762	-0.0617144994	0.0757356218	0.1032786062	0.0230908574	-0.0100088247	-0.0389155633	-0.0859962559	0.0263118392	0.0271920339	0.0735215049	-0.1121069742	-0.1342107041	-0.0602857265	0.0637923239	0.0269533543	0.0596574953	-0.0344441087	0.0502383996	-0.0668162952	0.08403509	0.1482113566	-0.0566378922	-0.0318357445	0.1980941318	-0.2557312765	0.118447126	0.2898801862	0.0600451049	0.0656706476	0.2189086105	-0.1230144719	0.0103555845	-0.0633374185	0.0145013541	-0.1735435071	0.1742354383	0.0497818571	-0.0690438743	0.1202022952	0.101110919	0.0844969771	0.1409298305	0.044470505	0.0735050666	-0.0925138536	0.0218038294	0.0590023366	0.0286453	-0.0157237	0.00024723474169	0.0008205532120899	0.0559247	0.00291	8.468100000000016e-06	0.00312757207009	-0.442976	-0.1647179999999999	0.1962277365759999	0.0271320195239999	0.0158806	0.0077312700000001	5.977253581290159e-05	0.00025219345636	-0.00356331	6.228000000000006e-05	3.878798400000007e-09	1.26971781561e-05	-0.000564	-0.0005279962	3.180960000000001e-07	2.787799872144401e-07	0.0	0.0	0.0	0.0	0.0	0.0	0.0	1.0	0.0	0.0	0.0	0.0	0.0
57359.06362949216	-67.44728447084344	4549.136182490879	3290062180.45213	91817.32316942402	-396.7477864583343	157408.80605958804	8430420833.998449	55776.61673726664	-56.137644581984205	3111030974.655933	3151.4351392131807	62761.62145070043	57834.489857950015	1.574011	27.592686	0.3468296	0.255834	0.1567004535	0.0776222795	0.1136946341	0.0388133212	0.1555254786	-0.0979390768	0.086749153	0.1051193541	0.1273578393	0.1331099259	0.0514055006	0.0493338254	-0.155298652	-0.0919302321	-0.0261863942	0.0229384162	-0.0469551788	-0.0939823545	0.0218467789	0.0595709111	-0.035949712	-0.0244980216	0.0431774751	-0.0058116864	-0.1568246186	-0.0122407398	0.0725534977	0.0844917746	0.076894811	0.0906853182	0.1462675248	0.0332805134	-0.0217478569	-0.0971375901	-0.1939356449	0.0060747463	0.1553430582	0.0549390506	-0.0998034977	0.0686223085	-0.0828827949	0.1152971896	0.1009818125	-0.0078388489	-0.0357905965	0.1137472401	-0.0101367816	0.0255907305	-0.1158809007	-0.0030241142	-0.0604519357	-0.0558773345	-0.0478178824	0.1061781372	0.1010622961	0.0732016767	-0.0209045183	0.0763783238	-0.1046985979	-0.1425390198	-0.0942433782	0.0271699288	0.0517037307	0.0345766	0.0059313	3.518031969e-05	0.00119554126756	0.0539753	-0.0019494	3.800160360000015e-06	0.0029133330100899	-0.388341	0.0546349999999999	0.150808732281	0.0029849832249999	0.0113031	-0.0045775	2.095350625000001e-05	0.00012776006961	-0.00427332	-0.0007100099999999	5.041142000999995e-07	1.82612638224e-05	-0.000165232	0.000398768	2.7301613824e-08	1.590159178240001e-07	0.0	0.0	0.0	0.0	0.0	0.0	0.0	0.0	1.0	0.0	0.0	0.0	0.0
57415.11927888392	56.05564939176111	3142.235828732048	3296495921.808468	91840.1203929228	22.79722349878284	519.7133992534566	8434607713.786555	55777.15079646916	0.5340592025240767	3111090550.9720607	0.2852192318006527	62778.37767857143	58110.63550147232	1.163405	20.394686	0.1192286	0.0790482	0.1732835586	0.0650002748	0.0905703195	0.0608857872	0.1571055505	-0.0707196141	0.1193584293	0.1296002964	0.1410013565	0.1479234354	0.1750986883	0.0319722726	0.0081740245	-0.0096416445	0.0004766855	-0.0268543107	-0.0229004036	-0.0577993039	-0.0704900058	-0.0940183585	0.0528741826	-0.0655346097	0.0859801881	0.0273194852	0.1208480628	0.095694815	-0.0018990315	0.0932805329	-0.124011053	0.0341926612	0.1134835436	0.2085632623	0.0140351004	0.0042181098	-0.0885390008	-0.071570325	0.1723929338	0.0520893601	-0.0899258372	0.0423530718	-0.1829076227	0.0241495345	-0.0563059373	-0.0197979619	-0.0561281085	0.0435557675	-0.0255550996	-0.0373236595	-0.0130183812	0.065335535	0.0987679586	-0.0561545835	-0.072898971	-0.0051428036	0.1615009552	-0.0009566232	0.0818976225	-0.1135696044	-0.0593407419	-0.0045881164	-0.0959240631	0.0324797145	0.0441640581	0.0312801	-0.0032965	1.0866912250000006e-05	0.00097844465601	0.0561697	0.0021944	4.815391360000027e-06	0.00315503519809	-0.398104	-0.009763	0.158486794816	9.531616900000044e-05	0.00987505	-0.00142805	2.0393268025000003e-06	9.75166125025e-05	-0.00487241	-0.00059909	3.589088281000001e-07	2.37403792081e-05	-0.000217586	-5.235400000000001e-05	4.7343667396e-08	2.7409413160000006e-09	0.0	0.0	0.0	0.0	0.0	0.0	0.0	0.0	0.0	0.0	0.0	0.0	0.0
57190.8897873895	-224.22949149442135	50278.86485584679	3270797874.673332	91892.81893382352	52.69854090071749	2777.136213064594	8444290171.604475	55758.35388976258	-18.79690670658601	3108994028.496001	353.3237017360983	62867.13841209975	57982.34114728655	1.094036	19.178633	0.0670775999999999	0.0377035	0.1866228293	0.0492739253	0.1097433161	0.1453984257	0.0794043643	-0.0648534543	0.0825001706	0.0919045194	0.1272052106	-0.0367918929	0.1115322823	0.0467882555	-0.022033595	-0.0585210972	0.0528185777	-0.0441278979	-0.0226797207	-0.1305915762	-0.1581757291	0.0166079021	0.0602258989	-0.044233806	-0.0184928678	-0.0780164372	-0.0518656078	-0.0585303781	0.0546053685	-0.0239846378	0.094555208	0.0497047827	0.0099709462	-0.0520170434	0.0677717803	-0.0644097141	0.0695881384	0.0316130778	0.1774399745	-0.0375127874	0.0569463605	0.0214097648	-0.1306259898	0.0550009378	-0.0243540033	-0.0562962307	-0.0436129443	0.0126353995	-0.002904748	0.0466514293	-0.0823943037	0.0818112205	0.1109225485	-0.0403731362	-0.0560971771	0.0428660126	0.0703709084	-0.0340146961	-0.0051376125	-0.0569350192	0.0533647881	-0.0542676621	-0.0975550372	0.0377221809	0.0364184723	0.034249	0.0029689	8.814367210000021e-06	0.001172994001	0.0669474	0.0107777	0.00011615881729	0.00448195436676	-0.367501	0.0306029999999999	0.135056985001	0.0009365436089999	0.0096162	-0.0002588499999999	6.700332249999984e-08	9.247130244e-05	-0.0050427	-0.00017029	2.8998684100000007e-08	2.542882329e-05	-0.000192166	2.542000000000001e-05	3.6927771556e-08	6.461764000000004e-10	0.0	0.0	0.0	0.0	0.0	0.0	0.0	0.0	0.0	0.0	0.0	0.0	0.0
57145.13607222997	-45.75371515952429	2093.4024508988828	3265566576.71368	92253.70655637256	360.8876225490385	130239.87610909728	8510746373.389298	55773.27586622362	14.921976461046144	3110658300.8498826	222.6653815040152	62959.53892972598	57729.92415584642	1.013988	17.775383	0.08900055	0.0554546	0.1942786177	0.0748173852	0.1004615413	0.158910844	0.0859380029	-0.1262315695	-0.0077534153	0.0696127107	0.1531980364	-0.0837685092	0.119351356	0.113992683	-0.0004361525	-3.5341e-06	0.031885225	0.0620111771	-0.0102450273	0.0106865143	-0.1235790339	-0.0066259455	-0.0332567673	-0.1089787306	-0.0232359962	0.0769555596	0.0659581461	0.1088944503	0.1013104596	0.0450196266	0.087245006	0.0528012342	-0.011414274	-0.0814477428	0.1394197251	-0.0595976132	0.0823866576	-0.023984518	0.1885576586	-0.0759492346	0.0746095678	0.069004432	-0.0819336238	-0.0376131506	-0.0708093369	-0.0862662344	0.0218680966	0.0119798021	0.055172135	0.063273919	-0.0328991951	-0.0075106013	0.1429376192	-0.05535772	0.0548994506	-0.0714702021	0.1542975524	-0.1027484254	0.1067949633	0.010759756	-0.0575445844	-0.080987438	-0.0991354553	0.0428864624	0.0285030867	0.0343785	0.0001294999999999	1.67702499999994e-08	0.00118188126225	0.0510317	-0.0159157	0.00025330950649	0.00260423440489	-0.361878	0.005623	0.1309556868839999	3.16181290000005e-05	0.00874751	-0.00086869	7.546223161000002e-07	7.65189312001e-05	-0.00462131	0.0004213899999999	1.7756953209999985e-07	2.13565061161e-05	-0.000135599	5.656699999999999e-05	1.8387088801e-08	3.1998254889999987e-09	0.0	0.0	0.0	0.0	0.0	0.0	0.0	0.0	0.0	0.0	0.0	0.0	0.0
57011.30698366755	-133.82908856242284	17910.224945448816	3250289123.9859805	91357.32389705884	-896.3826593137201	803501.8719183367	8346160629.632118	55655.63641436688	-117.63945185673948	3097549864.688201	13839.040633154123	62611.03927849831	57103.19474026427	1.085033	19.020821	0.0788810499999999	0.038867	0.2020924783	0.0488483813	0.1767591733	0.056400583	0.0946145895	-0.103642757	-0.1112564923	0.1203924495	0.1390134101	-0.1240753923	0.1391017558	0.1094782001	-0.0130790214	0.0797241472	0.0801412692	-0.0230680186	0.0153596144	-0.0164678886	-0.0924619773	-0.07222126	0.1499317674	-0.0181908521	0.0617668384	0.0153558745	-0.0097220952	0.2225684915	0.0477294577	-0.0117188949	0.0065207629	0.158996291	-0.0933288383	-0.0344553324	-0.192565888	-0.0003041248	-0.0136016365	-0.048239078	0.2001873589	0.0259450515	0.0841024114	0.0272494025	-0.0366232264	-0.1233266166	0.0437881777	-0.0616218116	-0.0903774231	0.0004367702	0.0532977201	0.0570094442	-0.0097120109	-0.0006006229	0.1407581978	-0.0564920945	0.05233246	0.0811940793	0.0793122104	-0.1147846769	0.1754783109	-0.0998424328	0.0632946405	0.0138623604	-0.1006644984	0.0479618551	0.0204548066	0.0299766	-0.0044019	1.9376723610000003e-05	0.0008985965475599	0.0554262	0.0043945	1.931163025000002e-05	0.00307206364644	-0.332909	0.0289689999999999	0.110828402281	0.0008392029609999	0.00915609	0.00040858	1.6693761640000034e-07	8.383398408810001e-05	-0.0049792	-0.0003578899999999	1.2808525209999974e-07	2.479243264e-05	-0.000191442	-5.5843e-05	3.6650039364e-08	3.118440649e-09	0.0	0.0	0.0	0.0	0.0	0.0	0.0	0.0	0.0	0.0	0.0	0.0	0.0
57187.40647193344	176.09948826589243	31011.029767509182	3270399458.986135	91636.72172181372	279.3978247548803	78063.14447775879	8397288767.921127	55651.97103921469	-3.665375152195338	3097141880.5495906	13.434975006330998	62717.40365032328	57494.301080571386	1.014594	17.786003	0.096725	0.0494554	0.2134500212	0.0534828721	0.1475335034	0.07477314	0.1242218123	-0.041610706	-0.042157734	0.1576126185	0.1231409728	-0.0100735796	0.0959730991	0.1617610084	0.036599003	-0.1216368531	-0.063060671	0.0324377166	0.1095013783	-0.1603262322	0.1066482337	0.0649027874	-0.1290593375	0.0174276109	0.0275144309	0.0267413973	-0.0629476339	0.0611298421	0.029939197	0.013247446	0.0871847558	-0.1130791848	-0.0081907001	-0.0513719118	-0.0243690828	-0.0096403377	0.0610891831	-0.0916619682	0.2129787978	0.0401004435	0.033717828	0.1237191005	-0.050526737	-0.0633360828	-0.0333509546	-0.1274772271	0.0298946942	0.0871241478	-0.0522022473	0.0291255204	0.0228190445	0.0573900391	-0.1384405273	-0.1189297255	-0.0359620658	0.092218845	0.0122166134	0.0287026146	0.0273573669	0.0470243179	-0.0732257307	-0.1443635087	-0.1021413741	0.0529378395	0.0123111568	0.0344154	0.0044388	1.970294544e-05	0.00118441975716	0.0496819	-0.0057443	3.299698249000001e-05	0.00246829118761	-0.341557	-0.0086479999999999	0.116661184249	7.47879039999998e-05	0.0084011699999999	-0.00075492	5.699042064001507e-07	7.057965736889833e-05	-0.00461193	0.0003672699999999	1.3488725289999958e-07	2.12698983249e-05	0.000244246	0.000435688	5.9656108516e-08	1.89824033344e-07	0.0	0.0	0.0	0.0	0.0	0.0	0.0	0.0	0.0	0.0	0.0	0.0	0.0
57150.39141958588	-37.01505234756041	1370.1141002926377	3266167239.411876	91260.31346507352	-376.4082567402074	141683.1757422019	8328444813.743479	55598.53580306412	-53.4352361505662	3091197183.444603	2855.324462466777	62557.69802955665	57315.68416791644	1.114721	19.541256	0.1303135499999999	0.0704469	0.2170204921	-0.0103121568	0.1732596852	0.0154217591	0.1442153054	-0.0223616291	-0.0679052022	0.2247905036	0.1199573419	-0.0291364013	0.0124248098	0.0139938143	-0.0623714411	0.0066904633	0.0440886754	0.0159786322	0.0160393387	0.0434112471	0.2003893737	-0.0030438907	-0.0314956565	0.0121167086	-0.0094336157	-0.0678419092	0.0467839817	-0.0885427656	0.1164602233	-0.0332921957	0.0738067311	-0.0219111162	0.1087757669	0.0720216603	-0.0693689594	-0.191026313	0.0762835256	0.0611470304	0.2183969792	0.125155372	-0.0024291681	0.0508732702	0.0201108944	-0.0026972046	0.0823382291	-0.0405039334	-0.1668377192	0.0373083749	-0.0769338185	0.0480348987	0.1686264876	-0.0817099409	-0.0328119359	-0.0656842091	0.0162565496	-0.0712753785	-0.0673104567	-0.0169779391	-0.0342427205	0.0902739926	-0.0613343733	-0.0160819577	-0.103565317	0.0578041022	0.0041101067	0.0345437	0.0001282999999999	1.646088999999945e-08	0.0011932672096899	0.0367106	-0.0129712999999999	0.0001682546236899	0.00134766815236	-0.37094	-0.0293829999999999	0.1375964835999999	0.0008633606889999	0.00940777	0.0010066	1.0132435600001988e-06	8.850613637289999e-05	-0.0044314	0.0001805299999999	3.259108089999997e-08	1.9637305960000003e-05	-0.000325243	-0.000569489	1.0578300904900003e-07	3.243177211210001e-07	0.0	0.0	0.0	0.0	0.0	0.0	0.0	0.0	0.0	0.0	0.0	0.0	0.0
57556.65461562116	406.263196035281	165049.78445280116	3312768490.541905	92107.17218903186	846.858723958343	717169.698344353	8483731168.659964	55849.937189275566	251.40138621144436	3119215484.0460258	63202.65698903579	62823.18106623307	57978.99873102928	1.341267	23.512653	0.1148301999999999	0.0585733	0.2193944028	-0.0095186686	0.0974476413	0.0584456283	0.2042002685	-0.0011502676	-0.0514079842	0.0831372877	0.2143467976	0.0687249468	0.0391705742	-0.1365568142	-0.0157653455	-0.0407040088	0.0339201786	-0.1243442631	0.0669773744	0.1212531711	-0.0161339119	-0.0500244288	-0.0732287721	0.1194811165	-0.0935356447	-0.030552506	-0.0216102063	-0.0942414626	0.0067405396	-0.0325256132	-0.2532082034	0.0494287402	-0.0649592973	-0.0587904439	0.0146062908	0.0094987574	0.211751892	0.0506251264	0.1931119098	0.0139735102	-0.1469105123	-0.028891145	-0.0125183487	-0.0327414667	0.0248380389	0.0637173839	-0.1279981376	-0.0371842589	-0.1593136475	0.0076328175	0.0108284987	-0.0834791823	0.076115461	0.009337094	0.15944088	-0.1130154544	-0.2480252119	0.0028247254	-0.2095819731	-0.0986389484	0.1033491546	0.0659076063	-0.1049355893	0.0625505571	-0.0041101067	0.0126944	-0.0218492999999999	0.0004773919104899	0.0001611477913599	0.0137734	-0.0229372	0.00052611514384	0.00018970654756	-0.36143	0.00951	0.1306316448999999	9.044010000000035e-05	0.0089864	-0.0004213699999999	1.775526768999992e-07	8.075538496e-05	-0.00369897	0.00073243	5.364537049000001e-07	1.36823790609e-05	-0.000268369	5.6874e-05	7.202192016100002e-08	3.2346518759999997e-09	0.0	0.0	0.0	0.0	0.0	0.0	0.0	0.0	0.0	0.0	0.0	0.0	0.0
57391.89980072148	-164.75481489967933	27144.1490326276	3293830162.7360544	91793.4423483456	-313.72984068625374	98426.41293702216	8426036058.159048	55857.72173041802	7.784541142456874	3120085076.9128137	60.59908079860377	62907.08401564424	57853.18621433803	1.424467	24.971155	0.17779495	0.111615	0.2711025761	-0.0846583455	0.1665161943	0.1018560523	0.1562554677	0.1054846347	-0.0571727609	0.0668140221	0.292622933	-0.071187037	-0.0838510547	0.0933754222	0.0086208445	0.0222757335	0.0018843634	-0.095256902	-0.0124046197	0.0465888768	-0.0947373221	-0.2477585145	0.0853431451	0.0013562815	-0.0707995694	-0.0916748422	-0.1522665773	-0.1389495471	-0.1181259876	-0.0106550836	-0.1579290931	0.0206074077	0.0194123837	0.0481545627	0.1025457021	-0.0038323074	-0.0187961267	-0.0905693245	0.2486089044	-0.0331909892	-0.1011559419	-0.0571338661	0.1241100767	-0.0159022338	0.1487524825	-0.113958004	-0.1521451177	0.0761179051	0.0877720026	-0.0214531721	0.0448815022	0.0952173471	0.1745740938	0.1802612219	-0.0631530826	-0.0170236379	-0.2042897783	0.0612219905	0.0061281799	-0.147799042	0.1289155758	-0.0344977726	-0.1062514807	0.0671673664	-0.0123111568	0.014606	0.0019115999999999	3.654214559999998e-06	0.0002133352359999	0.0144939	0.0007205	5.19120250000001e-07	0.00021007313721	-0.397134	-0.035704	0.157715413956	0.001274775616	0.00692349	-0.00206291	4.255597668100001e-06	4.79347137801e-05	-0.00352332	0.00017565	3.08529225000001e-08	1.24137838224e-05	-0.0008189859999999	-0.0005506169999999	6.707380681958362e-07	3.0317908068889e-07	0.0	0.0	0.0	0.0	0.0	0.0	0.0	0.0	0.0	0.0	0.0	0.0	0.0
57845.76844969759	453.8686489761094	205996.7505233988	3346132927.5360293	93414.06854319852	1620.6261948529136	2626429.263443434	8726188201.79339	56195.79811155641	338.07638113838766	3157967725.394807	114295.63948362836	63612.06512757851	57485.25074973593	2.639371	46.268642	0.55191895	0.371697	0.1504568672	0.1745549293	-0.0051637016	0.2153692285	0.160050418	0.0534924403	0.1522839487	-0.1191734987	0.2568200496	0.1273229423	0.0298869017	0.0002993757	-0.0343190767	0.3221173805	-0.098003635	0.0451706539	-0.0231342442	0.0319202279	-0.0746549655	0.11802159	0.016353642	0.3008455785	0.0714293739	0.0398675052	0.0023513717	-0.0128228815	-0.0043944538	0.0115743874	-0.157838103	-0.1734640117	0.177598372	0.0121615552	-0.0182137791	0.1114834685	0.1729709781	-0.0547991916	0.1793247238	-0.2522948184	-0.1779657728	0.112201209	-0.0019308696	-0.0347602754	0.0776897092	-0.0082056801	0.192979311	-0.3472385164	0.1949688978	-0.2243883372	-0.0372982521	0.05124925	-0.1208081577	0.0459571559	0.1414310597	0.1226873915	-0.1377480428	0.0396313394	-0.0399296731	-0.0598141181	-0.1838501746	-0.0444871073	-0.1075123095	0.071644961	-0.0204548066	0.0144995	-0.0001064999999999	1.134224999999978e-08	0.00021023550025	0.0715794	0.0570855	0.0032587543102499	0.00512361050436	-0.0339302	0.3632037999999999	0.00115125847204	0.1319170003344399	0.00913421	0.00221072	4.887282918400001e-06	8.34337923241e-05	-0.00380259	-0.0002792699999999	7.799173289999992e-08	1.44596907081e-05	-0.000959459	-0.000140473	9.20561572681e-07	1.973266372902809e-08	0.0	0.0	0.0	0.0	0.0	0.0	0.0	0.0	0.0	1.0	0.0	0.0	0.0
58356.666101082665	510.8976513850721	261016.41019078263	3405500478.4332504	99174.55885416668	5760.490310968162	33183248.62275807	9835593123.918571	56433.62636972403	237.8282581676176	3184754185.237612	56562.28038304297	64020.63571043719	55255.98993352773	3.952532	69.288567	1.17503925	0.8358959999999999	-0.2692990034	0.1418224397	-0.8038328479	0.0516727525	0.3350614831	-0.1117106423	-0.0860696153	-0.4653099471	-0.0907827062	0.1935929318	0.2098959733	0.2641553842	-0.1874573412	0.1407482684	-0.182804515	-0.0873913012	0.0881785713	-0.0446827167	0.050014434	0.1171059113	0.0263830308	-0.1551584314	0.1666285222	-0.1134156916	0.0225181885	0.0167799093	-0.0604764282	0.1270107025	-0.0067008317	-0.013891985	-0.0194926529	-0.0374132955	-0.0527268008	0.0085668482	0.1108538168	-0.0438026532	-0.3645225111	-0.4405814932	-0.3036921318	0.5691089929	0.019716202	-0.0008638992	-0.1400208419	-0.0980438459	-0.289939436	0.0426192364	-0.0397528461	0.0356439653	-0.0292646999	-0.0859621604	0.024594683	-0.0312048221	0.0320927916	-0.0521115529	-0.0121450393	-0.0552446332	0.0537664076	-0.0458658238	0.0388335497	0.0100633004	-0.1087174221	0.0759740605	-0.0285030867	0.0196349	0.0051354	2.637233316e-05	0.00038552929801	-0.10414	-0.1757194	0.0308773075363599	0.0108451396	0.741774	0.7757042000000001	0.550228667076	0.6017170058976401	0.00641003	-0.00272418	7.421156672400002e-06	4.1088484600899993e-05	-0.00482157	-0.00101898	1.0383202404e-06	2.32475372649e-05	-0.000333014	0.000626445	1.1089832419600001e-07	3.92433338025e-07	0.0	0.0	0.0	0.0	0.0	0.0	0.0	0.0	0.0	0.0	1.0	0.0	0.0
57164.46115061794	-1192.204950464722	1421352.6439125903	3267775618.640508	89696.30460324755	-9478.254250919126	89837303.64506648	8045427059.478568	55914.6752295556	-518.9511401684285	3126450906.0266786	269310.285882112	61973.825863993225	51724.20445755939	2.72429	47.757278	0.32388448	0.22009	-0.2286811588	0.1951515532	0.0486177984	-0.2859522921	-0.2076917054	0.1921128116	0.2024205826	-0.1550802709	-0.2146478229	0.0307185484	0.0952952037	0.0765532613	-0.0320548693	-0.0108703191	0.1616705588	-0.1131053432	-0.0130688122	0.0398628463	-0.0120076609	0.1073678213	0.0712225115	-0.0678935099	-0.0929077081	0.0854070371	0.0263273918	-0.0625293383	0.1008251551	0.1986424801	-0.2027670215	0.1153664571	0.023193643	0.0186909788	0.0531825333	-0.1349389973	0.0703425162	0.0985796629	-0.273764843	0.0967394276	0.0015630927	-0.2262005119	-0.258232785	-0.0655738065	0.2617321734	-0.2726721434	-0.1204492136	-0.1126772256	-0.0208941316	-0.1309668247	-0.1255428151	-0.0005184169	0.0214017357	-0.0285455476	0.0432954035	-0.0892967949	0.0882951344	-0.2358610384	-0.0486336461	0.0813628188	0.0445163033	-0.049455944	-0.109866194	0.0801456922	-0.0364184723	0.0472891	0.0276542	0.00076475477764	0.00223625897881	-0.00182227	0.10231773	0.0104689178723529	3.3206679529e-06	0.741392	-0.0003819999999999	0.5496620976640001	1.45923999999995e-07	0.00987088	0.00346085	1.1977482722500004e-05	9.74342719744e-05	-0.0048433	-2.1730000000000187e-05	4.721929000000082e-10	2.345755489e-05	-0.000721045	-0.000388031	5.19905892025e-07	1.50568056961e-07	0.0	0.0	0.0	0.0	0.0	0.0	0.0	0.0	0.0	0.0	0.0	1.0	0.0
57230.84132776576	66.38017714781745	4406.327918175626	3275369199.0839014	92346.37694929534	2650.0723460477893	7022883.439287234	8527853335.661346	55836.36221590909	-78.31301364651154	3117699345.5062	6132.928106398702	62425.178815809726	53165.401788766045	1.586368	27.809303	0.23202032	0.119474	-0.2220533889	0.275001457	-0.100226182	-0.0442225788	-0.1856710398	0.0591174261	0.3108771186	-0.0807673392	-0.2315849192	0.076449326	0.1250356344	0.0038430511	-0.0092052309	-0.0435238232	0.1328269062	-0.185849353	-0.0340868656	0.010337568	0.0338912672	-0.1056792525	0.0865937227	0.0514913448	-0.0126159742	-0.0401113505	-0.0959641013	-0.0355856085	0.1473559828	0.0753172542	-0.0403236234	-0.0170693087	-0.1225811835	0.0697588438	-1.2328e-06	-0.0558939796	-0.029190415	0.0763417227	-0.2253842539	0.0403006754	0.0628436319	-0.0812587446	-0.2831543701	0.0941439967	0.0955992898	-0.105787486	-0.0987028531	-0.1507249922	-0.0718141425	0.0384435558	0.1248683285	0.1077083092	0.0648844284	-0.0092642957	-0.0695588512	0.1707822017	0.0109093271	0.0145934794	-0.1377892935	-0.0246701581	0.050899347	-0.0719158258	-0.1109580299	0.0841512098	-0.0441640581	0.0393258	-0.0079633	6.341414688999999e-05	0.00154651854564	0.0605271	0.06234937	0.0038874439393969	0.00366352983441	0.735287	-0.006105	0.5406469723690001	3.727102500000033e-05	0.0112089	0.00133802	1.7902975204000015e-06	0.00012563943921	-0.00568265	-0.00083935	7.045084225e-07	3.22925110225e-05	0.000213638	0.000934683	4.5641195044e-08	8.736323104889999e-07	0.0	0.0	0.0	0.0	0.0	0.0	0.0	0.0	0.0	0.0	0.0	0.0	1.0
56861.46720753442	-369.3741202313395	136437.24069667602	3233226452.993512	91956.63835784314	-389.73859145220194	151896.16966714637	8456023338.075149	55749.66195718344	-86.7002587256502	3108024808.340226	7516.934863094684	62460.85193965517	52677.407179563874	1.344936	23.576963	0.3286735950000001	0.166432	-0.1804385046	0.1752008584	-0.0421600001	0.0092209435	-0.235840701	0.0022264742	0.2095733988	-0.0420827085	-0.1987339903	0.0161025225	0.0811412153	0.0402661435	-0.0377591121	0.039629831	0.1445523625	-0.0116680864	-0.1444413085	0.073518071	-0.0151599447	-0.0204014932	0.0660854479	0.0433248128	-0.1809794245	0.0437494552	-0.0155727289	0.0535757352	0.0268896228	0.0703526077	0.0106451159	-0.0117210484	0.0692195362	0.024648982	-0.0398839419	-0.0225920228	-0.0329020339	-0.0034274907	-0.1665514951	0.0108295073	0.1408421468	-0.0832167462	-0.1751262455	0.1606282931	0.1083846888	-0.0675036757	-0.0649268032	-0.1821455546	0.0937246495	0.0250633815	0.0648283984	-0.0005013433	0.0063133596	-0.046043393	0.0271558944	0.0702645487	0.0213422781	0.0957656541	0.0347201689	0.0582264043	0.0017814348	0.0555407277	-0.111992364	0.087982311	-0.0517037307	0.0271896	-0.0121362	0.00014728735044	0.00073927434816	0.0363497	-0.0241774	0.00058454667076	0.00132130069009	0.643604	-0.091683	0.4142261088159999	0.008405772489	0.00859355	-0.00261535	6.840055622500004e-06	7.38491016025e-05	-0.00679486	-0.0011122099999999	1.2370110840999994e-06	4.61701224196e-05	-7.23419e-05	-0.0002859799	5.23335049561e-09	8.178450320401e-08	0.0	0.0	0.0	0.0	0.0	0.0	0.0	0.0	0.0	0.0	0.0	0.0	0.0
56940.56262304952	79.09541551509756	6256.084755505935	3242227671.829424	92146.35169270834	189.7133348651987	35991.149425675016	8490950130.276293	55780.10598873782	30.4440315543834	3111420224.114825	926.8390572842922	62527.13164447352	52938.70881671516	1.345336	23.583977	0.2655462249999999	0.15532	-0.164426443	0.0785130191	-0.0698183851	-0.0058480214	-0.1286320763	-0.0619492955	0.0684070999	-0.0110055131	-0.2027696991	0.0302322652	0.066243202	-0.0327650227	-0.0331987227	-0.0193632151	-0.0404968473	-0.0451827409	-0.0415995395	0.0869643767	-0.1015834978	-0.0353845922	0.0826866824	0.1190145109	0.0275671006	0.0130477117	-0.0253963862	-0.0944808911	0.046212248	-0.0753037595	0.0459953371	-0.0331042858	-0.0022915789	0.0887536669	0.0494122223	-0.0155440931	-0.0288103618	-0.072193417	-0.1316364105	0.0159388805	0.0945557704	0.0654526865	-0.0824967434	0.1105321702	-0.0469834167	0.0062108202	0.0901057642	-0.0491941561	0.0493584542	-0.0649980779	0.0175763767	0.125041425	0.05497801	0.0984817899	0.1003210559	0.0452683184	-0.1253692786	0.1195721654	-0.1166397519	-0.0311898565	-0.0427749083	0.0630424848	-0.1129686603	0.0916310555	-0.0590023366	0.0294295	0.0022398999999999	5.017152009999998e-06	0.00086609547025	-0.00967473	-0.04602443	0.0021182481568249	9.36004005729e-05	0.554737	-0.0888669999999999	0.307733139169	0.0078973436889999	0.00616067	-0.00243288	5.9189050944000006e-06	3.79538548489e-05	-0.00667557	0.00011929	1.4230104100000049e-08	4.45632348249e-05	-5.6214e-05	1.61279e-05	3.160013796e-09	2.6010915840999997e-10	0.0	0.0	0.0	0.0	0.0	0.0	0.0	0.0	0.0	0.0	0.0	0.0	0.0
56651.61858436238	-288.9440386871356	83488.65749283292	3209405888.228073	91036.25170036763	-1110.099992340707	1232321.992994838	8287599123.652689	55661.01696935877	-119.08901937905466	3098148810.063245	14182.194536664856	62128.4706338516	52163.57726141482	1.217216	21.338003	0.07904012	0.044554	-0.1547554043	0.0648041736	-0.0155415777	-0.1584350687	-0.172706244	-0.0718800681	-0.0050998409	0.0442941569	-0.1851259075	-0.1157542247	0.047858253	-0.0306276622	0.04763921	-0.0615588915	0.0202053137	-0.0552398325	0.0008442537	0.0601821488	0.0032901614	-0.0996076572	0.0717828001	0.2662528537	0.0874463704	-0.0178191711	0.0240911862	0.0168196548	-0.0508271158	0.0597339685	0.0415017526	-0.019441074	-0.0170121735	-0.1467205855	-0.0408411146	0.0444801665	0.0769500177	-0.174011777	-0.1354829199	0.1128048194	0.155655018	0.0331529451	-0.0386404701	-0.0665810353	-0.0002116517	0.0483877286	0.05651456	0.0977486583	0.0644168735	0.0024120005	0.1765179967	0.0714160798	-0.0002779211	-0.0295468059	0.1278158766	0.0452653056	-0.2498218379	-0.1713909284	0.0870457762	-0.1357925203	-0.0019551471	0.0079192439	-0.1138864128	0.0950898807	-0.0660258464	0.0233581	-0.0060714	3.6861897960000016e-05	0.00054560083561	-0.00697546	0.0026992699999999	7.286058532899996e-06	4.86570422116e-05	0.573532	0.018795	0.328938955024	0.000353252025	0.00607023	-9.04399999999998e-05	8.179393599999962e-09	3.68476922529e-05	-0.00742968	-0.00075411	5.686818921000008e-07	5.52001449024e-05	0.000128725	0.000184939	1.6570125624999998e-08	3.4202433721e-08	0.0	0.0	0.0	0.0	0.0	0.0	0.0	0.0	0.0	0.0	0.0	0.0	0.0
56769.890487312245	118.27190294986212	13988.243027381604	3222820465.9414253	91257.87233455882	221.6206341911893	49115.70549930495	8327999263.030637	55734.762581168834	73.7456118100672	3106363759.9792576	5438.415261241124	62302.13976677955	52487.53053314832	1.021722	17.910961	0.09935271	0.0502951	-0.1362931774	0.0453098062	-0.0291713771	-0.1242977496	-0.1381746148	-0.0020719623	-0.0418315292	-0.0186983697	-0.1712926271	-0.0725937007	-0.043894735	-0.0413412569	-0.046768979	-0.0078411864	-0.0188156169	-0.0063849077	0.030773324	-0.0020677728	0.0110467538	-0.0739731781	0.0295601496	0.08483785	0.052327729	0.0411540826	-0.1126186921	-0.013635206	-0.0733995309	-0.0625444995	0.0611293914	-0.021899758	0.087554108	-0.0867588372	0.0978448913	-0.0533605553	-0.1462364593	-0.0815784938	-0.1268356045	0.0765468121	0.0761186035	0.0403222081	0.0471546669	-0.0744302839	0.0213972853	0.0651911755	0.0696648983	0.0950225204	-0.0124857378	0.0084158502	0.0262312418	0.0907066658	-0.002823931	0.0317553174	-0.067877924	0.0391230738	-0.1511692702	0.0797571997	0.0513243053	-0.0845977011	-0.0727676879	0.0595283099	-0.1147451459	0.0983516175	-0.0727415132	0.0265005	0.0031424	9.87467776e-06	0.00070227650025	-0.0100685	-0.0030930399999999	9.566896441599994e-06	0.0001013746922499	0.537451	-0.036081	0.288853577401	0.001301838561	0.00537202	-0.00069821	4.874972041000004e-07	2.88585988804e-05	-0.00717968	0.00025	6.250000000000013e-08	5.15478049024e-05	-6.37904e-05	-0.0001925154	4.0692151321599995e-09	3.7062179237160006e-08	0.0	0.0	0.0	0.0	0.0	0.0	0.0	0.0	0.0	0.0	0.0	0.0	0.0
56704.40568146412	-65.48480584812205	4288.25979696624	3215389623.6880608	91519.8146829044	261.94234834557574	68613.79385679495	8375876479.5931635	55735.364961698455	0.6023805296208593	3106430907.413724	0.3628623024663069	62379.97966056035	52492.20489888094	0.8720409999999998	15.287026	0.0320449199999999	0.0163631	-0.1322910578	0.0281716758	-0.0303807757	-0.0934194643	-0.1344977495	-0.021954265	-0.052972595	-0.0276318246	-0.1552702356	-0.1306362921	0.0219588535	-0.017888945	0.0087748518	-0.0916157586	-0.0521868131	0.0109809652	0.0307131264	0.0009827881	0.0336476682	0.0128845151	0.0335270622	-0.0129047634	0.0812457376	-0.0704377613	0.0356386667	0.1114764693	0.0335098508	-0.0527184139	-0.050176262	0.0579767099	0.2116760246	-0.0536050001	0.1224916286	-0.0148871768	-0.0701924142	-0.1739586273	-0.1183108602	0.0324347115	0.1175283955	0.0204551629	0.036271008	-0.066511285	0.0117861338	0.0478914683	0.0134124187	0.0901097062	-0.1039148653	-0.0277491382	0.0551468817	0.0501295338	-0.0644029337	0.1265933868	-0.1378799953	-0.0862004957	-0.0603531803	-0.0275951411	0.0989310643	-0.0579077269	-0.1053363536	-0.0423780605	-0.1155444146	0.1014095056	-0.0791180255	0.0346653	0.0081648	6.666395904000005e-05	0.00120168302409	-0.0133339	-0.0032654	1.066283716e-05	0.0001777928892099	0.54363	0.0061789999999999	0.2955335768999999	3.818004099999919e-05	0.0052608	-0.0001112199999999	1.23698883999999e-08	2.7676016640000003e-05	-0.00717968	0.0	0.0	5.15478049024e-05	0.000113704	0.0001774944	1.2928599615999998e-08	3.150426203136e-08	0.0	0.0	0.0	0.0	0.0	0.0	0.0	0.0	0.0	0.0	0.0	0.0	0.0
56726.66282571203	22.25714424790931	495.3804700722425	3217914275.34202	91826.09674479166	306.2820618872647	93808.70143391423	8432032043.383838	55715.5427150974	-19.822246601055667	3104221700.0378428	392.9214603130629	62243.55081203818	52634.04992040517	0.85309	14.954808	0.0680658449999999	0.0383215	-0.1217030787	0.0120924807	-0.0398097634	-0.0535032971	-0.1429755626	-0.0532934331	-0.0434340664	-0.004122958	-0.152664128	-0.0803622872	-0.0341645002	-0.0270013491	-0.0260225601	0.0370832139	-0.0386247859	-0.0369764533	0.0808260181	0.0562884609	-0.0646137444	-0.0615021266	0.0151656818	-0.0533827499	-0.1617134316	0.0647319827	0.0154224663	0.0069847446	-0.1203974678	-0.106905157	-0.0654000112	-0.0254027372	0.0503934405	0.0598815952	-0.0298539068	-0.0447922964	-0.0671976096	-0.1019960497	-0.1222068009	0.0544990409	0.126278079	-0.0066082835	0.0259993901	-0.0294735445	0.0003103953	0.0143392098	0.0429602496	0.0264082167	-0.042729377	-0.0324728929	-0.0198009164	0.1168486787	0.0510067991	0.1093657106	0.0133932546	0.0105994561	0.0083883256	0.0869451852	0.1717877824	-0.052322386	-0.0360661693	0.1441513018	-0.1162838046	0.104257207	-0.0851256531	0.0381213	0.0034559999999999	1.1943935999999955e-05	0.0014532335136899	-0.028182	-0.0148481	0.0002204660736099	0.0007942251239999	0.5385	-0.0051299999999999	0.28998225	2.631689999999967e-05	0.00464357	-0.00061723	3.8097287290000093e-07	2.15627423449e-05	-0.00707683	0.0001028499999999	1.0578122499999962e-08	5.00815228489e-05	-5.88509e-05	-0.0001725548999999	3.46342843081e-09	2.9775193514009995e-08	0.0	0.0	0.0	0.0	0.0	0.0	0.0	0.0	0.0	0.0	0.0	0.0	0.0
56766.83061168416	40.16778597213124	1613.4510299029434	3222473057.695642	91758.04453890932	-68.05220588234079	4631.102725452498	8419538737.604466	55763.2265181108	47.68380301340221	3109537431.7101355	2273.745069820946	62360.57103217365	52179.16466413225	1.018861	17.860807	0.132013505	0.0741021	-0.1281547303	0.0100472483	-0.0456595176	-0.091443315	-0.1157067096	-0.011514465	-0.0655895377	-0.0389732371	-0.1153682967	-0.1166449356	0.0403290836	0.0544599118	0.0445525376	0.0332424299	0.0326506245	0.0355065143	0.0131457144	-0.1328706571	-0.0715845441	-0.0033535573	-0.0180173265	0.0270835669	-0.0606997222	-0.0528988565	-0.0052680159	-0.0232254267	0.1341939951	-0.0705862932	-0.0099478718	0.1208546226	-0.0365188907	0.0019030355	-0.021399652	0.0954497386	-0.0123950235	0.0524936548	-0.1149952651	0.0264637216	0.0977056116	0.0215695505	0.0116717217	-0.1363703432	0.0707651493	-0.0661811517	0.0055944652	0.0220417895	0.0316832262	-0.0926649709	-0.0198529015	-0.0145811361	0.0420934996	0.0225661388	-0.0870781063	0.005106848	0.0747147955	-0.0105542093	-0.0668027091	-0.085190464	0.0222295872	-0.0821157972	-0.1169629329	0.1068888195	-0.0907363855	0.0396692	0.0015479	2.395994410000015e-06	0.00157364542864	-0.0443473	-0.0161653	0.00026131692409	0.00196668301729	0.576032	0.037532	0.331812865024	0.001408651024	0.00478755	0.00014398	2.0730240400000045e-08	2.29206350025e-05	-0.00585331	0.00122352	1.4970011904000013e-06	3.42612379561e-05	-0.000226717	-0.0001678661	5.1400598089000004e-08	2.817902752921e-08	0.0	0.0	0.0	0.0	0.0	0.0	0.0	0.0	0.0	0.0	0.0	0.0	0.0
57076.5030725927	309.67246090853587	95897.03304514868	3257727202.995684	92285.2219898897	527.17745098038	277916.0648221709	8516562197.723222	55725.03105976055	-38.19545835025201	3105279086.611278	1458.8930385858362	62328.76417795567	52721.00871930803	1.135633	19.907852	0.08253525	0.0482896	-0.1345620581	-0.0064838406	-0.0788710965	-0.1089962397	-0.0344642707	0.0790896207	-0.0631975359	0.0282008721	-0.148906322	0.018507703	-0.026095904	0.0125806473	-0.0102115698	-0.0859808245	-0.0300336458	0.0806139998	-0.1238072568	-0.0116435984	0.1291653314	-0.058486893	-0.0934778943	-0.0168723886	0.0287370806	0.0397009562	0.0766026654	0.030149836	-0.0415491247	-0.1129265512	-0.1086065458	-0.0608963455	-0.0698779851	0.068750125	0.1514043291	-0.0221745727	0.1575779644	0.0125085538	-0.1336448996	0.0875875577	0.0079200705	0.0395206986	0.0082783981	0.0453296755	0.0741922152	-0.0015686687	0.0683976344	0.0926021543	0.0085742331	-0.0126435353	0.0607516539	-0.0524222465	-0.0046261373	-0.003134396	-0.1020079149	-0.0828910587	0.1053372726	-0.0438634013	-0.0631918985	0.0441619312	-0.0217612525	-0.0576831621	-0.1175814474	0.1092988885	-0.0959240631	0.0243424	-0.0153268	0.00023491079824	0.00059255243776	-0.0443806	-3.33e-05	1.1088899999999995e-09	0.00196963765636	0.552371	-0.023661	0.3051137216409999	0.000559842921	0.00471006	-7.74899999999995e-05	6.004700099999923e-09	2.2184665203600004e-05	-0.00514708	0.0007062299999999	4.987608128999993e-07	2.64924325264e-05	-0.00031328	-8.656299999999998e-05	9.81443584e-08	7.493152968999996e-09	0.0	0.0	0.0	0.0	0.0	0.0	0.0	0.0	0.0	0.0	0.0	0.0	0.0
57254.6561808682	178.15310827550277	31738.529988223007	3278095654.3894296	92209.94410232845	-75.27788756125665	5666.760355685198	8502673791.354536	55917.426871956166	192.3958121956166	3126758627.980565	37016.14855041097	62642.32969519705	53781.95591879085	1.411729	24.747862	0.2815246899999999	0.152692	-0.0443269348	-0.0543972434	-0.0021850669	-0.0451036713	-0.0002366156	0.0584710671	0.0340524405	-0.0091088987	0.0027319692	0.1225568393	-0.1857551107	0.0508673322	0.0127000528	0.0537056354	-0.009566494	0.1705444928	-0.1869624379	0.0639743292	0.0475084938	0.0889445015	0.049172571	0.0274275152	0.0495313452	-0.0111349558	-0.0804513616	0.0570636705	-0.0469136862	-0.0520731246	-0.0003667613	0.0060429807	-0.1100449168	-0.0573101376	0.0677463161	0.0319911814	-0.0709655466	0.0396240408	-0.0203344561	0.0305927429	-0.0902610165	-0.0186300596	0.10816389	0.0864996426	0.0198058511	0.0359676413	0.2538190748	0.0460176069	0.2180966744	0.0586523778	0.005522161	-0.0953833782	-0.0853530643	0.0207631443	-0.0528862393	-0.0023037758	0.0776310437	-0.0110978538	0.026743401	-0.0447044353	-0.0841813207	0.029367087	-0.1181390277	0.1114824189	-0.1006644984	-0.00681839	-0.03116079	0.0009709948334241	4.64904421921e-05	-0.0656524	-0.0212718	0.00045248947524	0.00431023762576	0.414658	-0.1377129999999999	0.171941256964	0.0189648703689999	0.00324895	-0.00146111	2.1348424321000008e-06	1.05556761025e-05	-0.0054158	-0.00026872	7.221043840000004e-08	2.9330889640000003e-05	-0.000215528	9.7752e-05	4.645231878399999e-08	9.555453504e-09	0.0	0.0	0.0	0.0	0.0	0.0	0.0	0.0	0.0	0.0	0.0	0.0	0.0
57301.948982755406	47.292801887204405	2236.6091103423646	3283513357.2223034	91583.91131280638	-626.0327895220689	391917.0535567831	8387612811.351984	55915.69441203328	-1.7324599228886657	3126564881.5798893	3.001417384415401	62461.05321928879	54306.39580912687	1.226728	21.504755	0.14660943	0.0900733	-0.0356115194	-0.0044853497	-0.0089167059	-0.1241988652	0.0018386431	-0.0294288486	0.0459199467	-0.0312424124	0.0027415338	0.0271678919	0.0177477026	-0.0663676998	0.0368070351	-0.0497315499	0.0976385199	0.1950747771	0.0970591202	-0.1124758893	0.0321661057	-0.0654617779	-0.0577540339	0.0090170871	-0.0600808919	0.0131038167	0.1692867629	0.1131583837	-0.1055167303	0.0097859223	-0.0314696848	-0.1085334822	-0.0551770131	0.1295516906	-0.053675457	0.0689424102	-0.1260859391	0.0436889934	-0.0327771762	0.027018342	-0.0381750377	-0.0433703813	-0.0447618346	-0.104547234	-0.092354602	0.0857932945	0.1155273595	0.0547751844	-0.0696907326	0.0017511656	0.0206172421	-0.070710336	0.0745865326	-0.129069068	-0.0524845212	-0.0551265105	-0.0139623668	0.0780790591	0.1346492746	-0.0074494338	-0.0374311367	0.054927923	-0.1186353847	0.1134348849	-0.1049355893	0.00755584	0.01437423	0.0002066184880929	5.7090718105600005e-05	-0.0211622	0.0444902	0.00197937789604	0.00044783870884	0.3959	-0.018758	0.1567368099999999	0.000351862564	0.00451603	0.0012670799999999	1.6054917263999996e-06	2.03945269609e-05	-0.00546351	-4.771000000000029e-05	2.2762441000000274e-09	2.9849941520100004e-05	-0.000150578	6.494999999999998e-05	2.2673734084e-08	4.218502499999997e-09	0.0	0.0	0.0	0.0	0.0	0.0	0.0	0.0	0.0	0.0	0.0	0.0	0.0
57178.72169816972	-123.227284585686	15184.963666361644	3269406215.0367446	92087.6815257353	503.7702129289246	253784.42743445403	8480141088.785251	55890.462059912745	-25.2323521205326	3123743749.270546	636.6715935345458	62629.62745343288	54246.52101845255	1.155682	20.2593	0.04611213	0.0245165	-0.0305926963	-0.0372541093	-0.0252090485	-0.0051513285	-0.0543510275	0.0258675222	0.0158505746	-0.0662002176	-0.0128382154	-0.02320062	-0.0999908815	-0.0791718621	-0.0707455529	-0.1072862845	0.1062259119	0.0509549211	0.1792312184	0.0165959998	0.0133430572	0.0230208759	-0.1337505166	-0.1347681062	-0.0829555073	0.0687860007	-0.1281529731	0.0532510004	-0.0387389795	-0.0451816483	0.0717501013	-0.0819288035	-0.015162844	0.0056960685	-0.0222720202	-0.0081694757	0.0220349429	0.0043426174	-0.0258591592	-0.0562684139	0.0264694429	-0.0848254	0.0626112234	-0.0247141838	-0.0221444303	0.0270135312	-0.0072103659	-0.0014646382	-0.2440014611	0.0967345288	-0.1135567277	-0.0113542399	-0.0157873413	-0.0138863955	-0.0296071353	0.0143207135	-0.033530974	0.2623400832	-0.0110208775	0.1041693684	-0.0684747511	-0.0012682173	-0.1190702613	0.1151522399	-0.1087174221	-0.00912125	-0.01667709	0.000278125330868	8.319720156249999e-05	-0.00922966	0.0119325399999999	0.0001423855108515	8.518662371560001e-05	0.405089	0.009189	0.1640970979209999	8.443772100000005e-05	0.00453079	1.4759999999999948e-05	2.178575999999984e-10	2.05280580241e-05	-0.005312	0.00015151	2.2955280100000163e-08	2.8217344e-05	-0.000150578	0.0	2.2673734084e-08	0.0	0.0	0.0	0.0	0.0	0.0	0.0	0.0	0.0	0.0	0.0	0.0	0.0	0.0
57142.19121417307	-36.5304839966484	1334.476261029385	3265230016.757118	91815.75167738972	-271.92984834557865	73945.8424212494	8430132256.084094	55855.10000253653	-35.3620573762164	3119792196.293356	1250.4751018788206	62703.22677801724	54319.754859208086	1.090319	19.113483	0.22170068	0.147693	-0.0131452593	-0.021150937	-0.0086000568	0.0405941061	-0.1458395457	-0.0218377064	-0.1068940473	-0.0422077007	-0.0129454771	-0.1403639557	-0.0559782621	0.0601259493	0.0429403914	-0.0211979851	0.1605049411	0.1970172993	-0.0815693041	0.095858104	0.0737787314	0.1578893978	-0.1245075081	0.0059000884	0.0993925384	-0.090269697	-0.0342987664	-0.1775678974	0.0676320196	-0.0307905678	0.0622108511	-0.0064181795	0.0591367935	-0.1179448786	-0.0286234528	0.0793210745	-0.0217992472	0.1313283463	-0.0144905048	-0.0840236667	0.1262779365	-0.0221275961	0.0802764452	-0.0481984287	0.0133371787	0.0223339355	0.0577246047	-0.0617683891	0.0537210571	0.1320472945	-0.0219013801	-0.2169096703	-0.107145957	-0.0693391811	-0.0772740267	-0.1321830818	-0.076733424	0.0053487204	-0.2082273591	0.084473662	-0.038331672	-0.0788556168	-0.1194434321	0.1166309242	-0.111992364	-0.00834151	0.0007797399999999	6.079944675999988e-07	6.95807890801e-05	-0.0571869	-0.04795724	0.0022998968684176	0.00327034153161	0.413484	0.008395	0.170969018256	7.04760250000007e-05	0.00206449	-0.0024663	6.082635689999999e-06	4.2621189601e-06	-0.00563777	-0.00032577	1.0612609290000027e-07	3.17844505729e-05	-0.000649882	-0.0004993039999999	4.2234661392400004e-07	2.493044844159999e-07	0.0	0.0	0.0	0.0	0.0	0.0	0.0	0.0	0.0	0.0	0.0	0.0	0.0
57144.357664253286	2.166450080214417	4.6935059500610565	3265477612.860103	91988.25772824755	172.50605085783172	29758.337582564825	8461839559.878496	55858.30639965503	3.206397118505265	3120150393.8377423	10.280982481558867	62546.750894781406	54040.49626228177	1.148754	20.137859	0.21150684	0.13832	0.0020751273	-0.089574088	0.0193273158	0.0350081311	-0.0515148716	0.0132948655	-0.1176905034	-0.0112679742	0.0010461109	-0.0841180839	-0.095492142	-0.1031587174	0.0274666369	0.0033349016	-0.0130078718	0.0005198291	0.0131183063	-0.1273494359	-0.0653656996	-0.0227236507	-0.129131465	-0.0629562806	0.0175039749	0.0951066283	0.042349465	-0.0417047482	-0.0758255325	0.0408930008	-0.0163462184	-0.1748379376	-0.1074780074	0.1033113086	-0.0938260091	-0.0015321507	0.0125966455	0.0471679574	-0.0081583715	-0.0153221424	0.0408332574	-0.0783715515	0.1225451293	0.0226797992	-0.0291282695	0.1328572488	-0.041323393	0.0399517193	0.052970199	-0.0597393785	-0.0958941074	0.0158538367	-0.0096286338	-0.0990568448	0.0315192518	-0.0037036584	0.0448536322	0.0560531389	-0.0551318625	0.1042690998	0.0176334473	-0.023662784	-0.1197547036	0.1178678731	-0.1147451459	-0.00396112	0.00438039	1.91878165521e-05	1.5690471654400002e-05	-0.0420822	0.0151046999999999	0.0002281519620899	0.00177091155684	0.322095	-0.091389	0.103745189025	0.008351949321	0.00375028	0.00168579	2.8418879241e-06	1.40646000784e-05	-0.00580806	-0.00017029	2.8998684100000007e-08	3.3733560963600004e-05	-0.000806457	-0.000156575	6.50372892849e-07	2.451573062500001e-08	0.0	0.0	0.0	0.0	0.0	0.0	0.0	0.0	0.0	0.0	0.0	0.0	0.0
57406.97587960399	262.6182153507034	68968.32703398842	3295560879.641434	92513.09378063724	524.8360523896845	275452.88188798766	8558672520.864981	55822.573356331166	-35.733043323867605	3116159696.1229744	1276.850385185399	62412.02409367303	54582.35766159369	1.165006	20.422762	0.11192314	0.067247	0.0044054978	-0.138492078	-0.0150458295	-0.1302942368	0.1359969371	-0.1281036659	-0.0416066278	0.0755835316	0.0013481169	0.0952747661	-0.1047919508	0.0235067064	0.0789562855	0.0432880087	-0.1590914779	-0.0482681657	-0.0229934744	0.1181637977	-0.0540073449	0.0068743228	-0.1043605543	-0.1206169218	0.0917533259	0.0222635955	-0.0374533292	-0.0970747114	-0.1571077528	0.0078364128	0.1955288267	0.1174554297	-0.0678375862	0.0453000872	-0.1945570303	-0.0209843973	0.0094702107	-0.0955039389	-0.0047838607	0.1059247874	-0.1000671072	0.0614132124	0.1449083403	0.0244217079	-0.1226523323	0.1111726445	0.0700245179	0.1148020971	0.1849056961	0.1573720327	-0.1518445589	-0.0491787847	-0.0490765352	0.0928086073	0.0235448556	-0.0752265026	0.1384221231	-0.0371503904	-0.0480319043	0.0340174613	0.2141448507	0.0915310526	-0.1200039147	0.1188605229	-0.1169629329	-0.0072970099999999	-0.0033358899999998	1.112816209209933e-05	5.324635494009854e-05	-0.0423763	-0.0002940999999999	8.649480999999913e-08	0.0017957508016899	0.310272	-0.011823	0.096268713984	0.000139783329	0.00262016	-0.00113012	1.2771712144e-06	6.865238425599999e-06	-0.00516515	0.00064291	4.1333326810000003e-07	2.6678774522500004e-05	-0.000650084	0.000156373	4.22609207056e-07	2.445251512900001e-08	0.0	0.0	0.0	0.0	0.0	0.0	0.0	0.0	0.0	0.0	0.0	0.0	0.0
57685.63275494917	278.6568753451793	77649.65417713879	3327632226.3388643	92249.17150735292	-263.9222732843191	69654.96633556281	8509909643.793014	55982.96854707792	160.39519074675627	3134092767.343116	25726.61721468833	62575.229597059726	55122.89819485411	1.304441	22.867083	0.0438870899999999	0.0256021	0.0184123463	-0.1837417736	0.021678269	-0.0485823449	0.0482280107	0.1091494945	-0.0120027394	-0.0097051632	0.0440767222	0.1088680313	-0.1096444702	-0.1190905017	0.0034428443	-0.0210432761	-0.1200067529	0.0523703205	-0.0124906809	-0.0582843868	-0.1400061973	-0.1025755595	0.0202376327	0.0421895773	0.0451887133	-0.0031371708	0.0466801262	0.081432455	-0.0053032259	-0.1267817864	-0.0271288221	0.0062220823	-0.1217238566	-0.1399677196	0.0520142477	0.0651422111	0.0430107774	0.1694559495	0.0173717428	0.0415382719	-0.1291265328	-0.0668453246	0.0610539067	-0.0121445426	-0.1200082411	0.1267139499	0.1665824455	0.0448010792	-0.0259216923	-0.0259248202	0.0698217028	0.0154470888	0.1230243348	-0.0471670228	0.1494577612	0.0355800908	0.1029636112	-0.0473720019	0.041174071	0.0033996685	0.1038967399	-0.0579996672	-0.120190936	0.1196068161	-0.1186353847	-0.0224043	-0.0151072900000001	0.0002282302111441	0.0005019526584899	-0.0423896	-1.3300000000000811e-05	1.7689000000002158e-10	0.00179687818816	0.294816	-0.0154559999999999	0.086916473856	0.0002388879359999	0.00259586	-2.429999999999967e-05	5.90489999999984e-10	6.738489139600001e-06	-0.00494443	0.00022072	4.8717318400000286e-08	2.44473880249e-05	-0.000671274	-2.1190000000000036e-05	4.506087830760001e-07	4.4901610000000136e-10	0.0	0.0	0.0	0.0	0.0	0.0	0.0	0.0	0.0	0.0	0.0	0.0	0.0
57742.28691761637	56.65416266720422	3209.694147522036	3334171698.4763308	92967.15135569852	717.9798483455961	515495.0626303652	8642891231.193356	56073.72553520698	90.75698812905466	3144262695.397723	8236.83089425737	62829.3853294335	56071.16389446648	1.273712	22.328398	0.11793815	0.055637	0.0360559976	-0.1533457803	-0.0039073555	0.101305464	0.0559008901	0.1790680421	-0.0208530535	-0.0834957468	0.1083308764	0.0427801558	-0.1695313908	-0.1940601824	0.0778575499	0.0031336209	-0.1348035737	-0.0050979654	0.0431515091	-0.0001506297	-0.0058785749	0.0458682874	-0.0274846081	-0.0892998376	-0.0443208042	-0.0013804666	0.1233871243	0.102232413	-0.0498626291	0.0857311594	0.1869906815	0.1198097709	0.1062709686	0.0994547929	0.0036972457	0.0024179481	0.0403413144	0.1117579905	0.0363907353	-0.0827424361	-0.1136709709	-0.1867422173	0.1044062734	0.0647929733	-0.1121958716	0.1375832995	0.0465071361	-0.0385103073	-0.0884607322	-0.041389623	-0.016692483	-0.001423845	-0.0754832979	0.0249713337	0.0743716674	0.0027630085	0.1310160065	-0.0310710343	0.1008906621	0.0449667289	0.0918294213	-0.0006802747	-0.1203156708	0.1201052059	-0.1197547036	-0.0143533	0.0080509999999999	6.481860099999999e-05	0.00020601722089	-0.0235959	0.0187937	0.00035320315969	0.00055676649681	0.262457	-0.032359	0.068883676849	0.001047104881	0.00283032	0.0002344599999999	5.497149159999986e-08	8.0107113024e-06	-0.00544691	-0.00050248	2.524861504000005e-07	2.96688285481e-05	-0.000233525	0.000437749	5.4533925625e-08	1.9162418700100001e-07	0.0	0.0	0.0	0.0	0.0	0.0	0.0	0.0	0.0	0.0	0.0	0.0	0.0
57420.11325253212	-322.1736650842504	103795.87047381874	3297069405.933615	93033.66320465686	66.51184895834012	4423.8260518570505	8655262489.277523	56045.59537971794	-28.13015548903786	3141108761.4670606	791.3056478374469	62903.53638777709	55337.12670450016	1.203141	21.091278	0.0575545	0.0315418	0.0567966286	-0.1561093144	0.0091440672	0.1634976276	0.0038358998	0.0343676721	-0.0364465537	-0.0915753635	0.1416398171	-0.0371599504	-0.123449798	-0.1040280453	0.0876265354	-0.0238828927	-0.0382245406	0.0203112753	-0.0218777378	-0.0648939624	0.0166901806	0.0803121376	0.0526552368	0.0686770509	-0.0443999224	-0.0809280831	-0.07842975	-0.0633105526	0.1642299852	0.0300546298	0.0909481804	0.0876128557	0.0567351492	-0.0108995929	-0.0111247345	0.0090049629	5.73695e-05	-0.0229719619	0.0597829315	-0.1109292431	-0.0491258345	-0.2041421758	0.0988930394	0.0625011786	-0.0668997707	0.0773150016	-0.0613005935	-0.0200555652	0.0027211435	-0.0006648129	-0.0151418121	-0.0613339764	-0.1096634828	-0.0205911398	0.0200792494	0.1100432748	-0.043586151	0.0061119532	-0.0066344571	0.015898319	0.0181724662	-0.0764146951	-0.1203780544	0.1203546593	-0.1203156708	-0.0150478	-0.0006945	4.823302500000009e-07	0.00022643628484	-0.0297137	-0.0061178	3.7427476839999993e-05	0.00088290396769	0.252399	-0.010058	0.063705255201	0.000101163364	0.00291196	8.164000000000001e-05	6.665089600000002e-09	8.4795110416e-06	-0.00565029	-0.0002033799999999	4.1363424399999816e-08	3.192577708409999e-05	-0.000762189	-0.000528664	5.80932071721e-07	2.794856248960001e-07	0.0	0.0	0.0	0.0	0.0	0.0	0.0	0.0	0.0	0.0	0.0	0.0	0.0
