global_signal	global_signal_derivative1	global_signal_power2	global_signal_derivative1_power2	csf	csf_derivative1	csf_derivative1_power2	csf_power2	white_matter	white_matter_derivative1	white_matter_derivative1_power2	white_matter_power2	csf_wm	tcompcor	std_dvars	dvars	framewise_displacement	rmsd	t_comp_cor_00	t_comp_cor_01	t_comp_cor_02	t_comp_cor_03	t_comp_cor_04	c_comp_cor_00	c_comp_cor_01	c_comp_cor_02	c_comp_cor_03	c_comp_cor_04	c_comp_cor_05	c_comp_cor_06	w_comp_cor_00	w_comp_cor_01	w_comp_cor_02	w_comp_cor_03	w_comp_cor_04	w_comp_cor_05	w_comp_cor_06	w_comp_cor_07	w_comp_cor_08	w_comp_cor_09	w_comp_cor_10	w_comp_cor_11	w_comp_cor_12	w_comp_cor_13	w_comp_cor_14	w_comp_cor_15	w_comp_cor_16	w_comp_cor_17	w_comp_cor_18	w_comp_cor_19	w_comp_cor_20	w_comp_cor_21	w_comp_cor_22	w_comp_cor_23	a_comp_cor_00	a_comp_cor_01	a_comp_cor_02	a_comp_cor_03	a_comp_cor_04	a_comp_cor_05	a_comp_cor_06	a_comp_cor_07	a_comp_cor_08	a_comp_cor_09	a_comp_cor_10	a_comp_cor_11	a_comp_cor_12	a_comp_cor_13	a_comp_cor_14	a_comp_cor_15	a_comp_cor_16	a_comp_cor_17	a_comp_cor_18	a_comp_cor_19	a_comp_cor_20	cosine00	trans_x	trans_x_derivative1	trans_x_derivative1_power2	trans_x_power2	trans_y	trans_y_derivative1	trans_y_power2	trans_y_derivative1_power2	trans_z	trans_z_derivative1	trans_z_derivative1_power2	trans_z_power2	rot_x	rot_x_derivative1	rot_x_power2	rot_x_derivative1_power2	rot_y	rot_y_derivative1	rot_y_derivative1_power2	rot_y_power2	rot_z	rot_z_derivative1	rot_z_derivative1_power2	rot_z_power2	motion_outlier00	motion_outlier01	motion_outlier02	motion_outlier03	motion_outlier04	motion_outlier05	motion_outlier06
75741.3010869656	n/a	5736744690.346376	n/a	105269.1582071273	n/a	n/a	11081595669.637196	74822.28154438405	n/a	n/a	5598373815.507074	79458.75261773003	70625.80095009005	n/a	n/a	n/a	n/a	-0.0970936625	-0.0979234197	0.0124286663	-0.1910217572	0.0548715395	-0.1378757263	0.060364618	0.183788276	-0.1381681693	0.0629874655	-0.0810784552	0.1810137489	-0.0671499823	0.0048223572	-0.1328500972	0.1299271557	-0.0400681246	-0.0249469385	0.1060317145	-0.0044559866	0.0481091363	-0.0992346334	0.0600715564	-0.0935300296	0.1333777238	-0.164826669	0.0341342441	-0.0297329942	0.0487928401	-0.1347053873	-0.159401108	0.0066438985	0.1360006373	-0.1073858552	0.0060320509	0.0726709403	-0.0199270846	0.0510467786	-0.1353865165	0.0440807653	-0.0979873444	0.0460015539	-0.1135888217	0.0325515781	0.1126569023	-0.0926370003	0.1804411525	-0.0771890595	0.1388396048	-0.0641518116	0.2051131548	-0.1575930508	0.0135767379	-0.0992447961	0.0359448763	-0.037756882	0.1086635421	0.1490484942	-0.0308034	n/a	n/a	0.00094884945156	-0.134668	n/a	0.018135470224	n/a	0.000158423	n/a	n/a	2.5097846929000006e-08	0.00167488	n/a	2.8052230144e-06	n/a	0.00140844	n/a	n/a	1.9837032336e-06	0.000683493	n/a	n/a	4.6716268104900006e-07	0.0	0.0	0.0	0.0	0.0	0.0	0.0
75316.27419155865	-425.026895406947	5672541158.098043	180647.86181926783	106497.49257572362	1228.334368596319	1508805.321074918	11341715924.916307	74844.27864583333	21.99710144927667	483.87247216976976	5601666046.015142	80034.11957284433	71744.92074392801	1.36209	26.118528	0.292322477	0.1378	-0.0783983544	0.060802296	-0.1710025789	-0.3282389854	-0.1733151386	-0.2501401445	0.2065602933	0.1329857493	0.2257032564	-0.1101736137	-0.307246885	-0.1927013827	-0.204474166	-0.0001911919	-0.1896247095	0.234729024	0.1910136055	0.0067933433	-0.0126572425	0.0920310318	0.0287245499	-0.106035462	0.0291969205	-0.0419133229	-0.1419927775	0.0298243853	-0.1586996668	-0.1827240807	0.1307109245	0.0339879634	0.0453066134	-0.0501607795	-0.1933554145	-0.0653396389	0.0250595253	-0.1750756452	0.1356510819	0.2653557817	-0.0093761792	0.2358674303	-0.2869585559	0.0190364472	0.002531191	-0.1597268614	0.0023712853	-0.0819487941	-0.0382521837	-0.1090467446	-0.1082721489	-0.0102195049	-0.0349732147	0.0268671423	-0.3746293297	0.0263989705	-0.1878918034	0.006285723	0.174679597	0.1488669016	0.0234692	0.0542726	0.00294551511076	0.00055080334864	-0.0719065	0.0627615	0.0051705447422499	0.00393900588225	0.0319225	0.031764077	0.0010089565876619	0.0010190460062499	0.000218347	-0.0014565329999999	4.7675412409000004e-08	2.121488380089e-06	0.000172998	-0.001235442	1.526316935364e-06	2.9928308004e-08	0.000862004	0.000178511	3.1866177121e-08	7.430508960159999e-07	0.0	0.0	0.0	0.0	0.0	0.0	0.0
75130.88989263745	-185.38429892119893	5644650616.059612	34367.33828650444	104176.539822938	-2320.952752785626	5386821.680663176	10852751449.480186	74913.26873867754	68.99009284420754	4759.632910652376	5611997833.113321	79936.31386899595	68702.09707521094	1.350415	25.894655	0.25190825	0.125805	0.034265849	-0.0343483518	-0.1609831945	-0.080385033	-0.3085129553	-0.0313147232	0.1014842056	0.2698734575	0.3679065568	-0.0757110399	-0.1631111644	-0.1399730979	-0.2763613544	0.0010779786	0.040472904	0.3352049216	0.190308794	-0.1513500785	0.1061251706	-0.0480031736	0.1114650841	-0.2488604754	0.0160497887	0.071648522	0.0457840981	-0.1884567473	0.0797345592	0.0467364357	-0.0639965565	0.0789335075	-0.1505676905	-0.0123541691	-0.0312068904	0.0619985066	0.0687957759	-0.0267351643	0.104561558	0.3443625826	0.1071494089	0.1759163729	-0.356226627	-0.0749827179	-0.1573496317	0.0035317565	-0.1520188518	0.2013268668	0.0436881967	-0.0996720711	-0.1331160537	0.0218486927	0.1518825879	-0.2159185717	0.1082239318	0.0180266066	0.0709194482	-0.0216462944	-0.089345772	0.1485039376	-0.0036429	-0.0271121	0.00073506596641	1.327072041e-05	-0.182907	-0.1110004999999999	0.0334549706489999	0.0123211110002499	0.0641534	0.0322309	0.00103883091481	0.0041156587315599	0.00126581	0.001047463	1.6022749561e-06	1.097178736369e-06	0.000578319	0.000405321	1.64285113041e-07	3.34452865761e-07	0.000683493	-0.000178511	3.1866177121e-08	4.6716268104900006e-07	0.0	0.0	0.0	0.0	0.0	0.0	0.0
75116.957422008	-13.932470629457384	5642557292.339762	194.11373784069264	104002.68514264216	-173.8546802958299	30225.449860765224	10816558516.87956	74576.64151947464	-336.62721920289914	113317.8847082767	5561675460.324228	79342.10173882378	67564.01750725387	1.276209	24.471725	0.210560219	0.121777	-0.0705909668	-0.202252696	-0.1272007357	0.0271156717	-0.0755688544	-0.0657277988	-0.0205049667	0.258390736	0.0103039137	-0.1067297916	-0.0497314598	-0.0942978654	0.0211949288	0.0998477436	-0.1230949599	0.2806651111	0.1690757153	0.0996874419	0.0543654461	-0.1215151481	-0.0931465627	-0.0215623975	-0.0431184824	-0.0278701442	-0.0057204078	0.132767402	0.1273762386	-0.0453445488	-0.1198999457	-0.0861858886	0.1392024904	0.0447988593	-0.0854459705	-0.0214132308	-0.0830921619	-0.0842154689	0.0736607266	-0.0253194869	-0.0289243357	0.2295012342	-0.209312063	-0.0376284548	-0.1919628031	-0.0509520339	-0.0534337457	0.0192050162	0.1060364877	0.2842238582	0.0998045584	0.1204282189	-0.0160104488	0.12910161	0.0831114523	-0.0356035072	0.0754922749	0.0126374975	0.0609507998	0.1479600444	0.000945769	0.004588669	2.1055883191561e-05	8.944790013609999e-07	-0.0953191	0.0875878999999999	0.00908573082481	0.0076716402264099	-0.0242783	-0.0884317	0.00782016556489	0.00058943585089	0.000944437	-0.000321373	8.91961246969e-07	1.0328060512900001e-07	0.000749848	0.000171529	2.9422197841000005e-08	5.62272023104e-07	0.00078963	0.000106137	1.1265062769000016e-08	6.235155369000001e-07	0.0	0.0	0.0	0.0	0.0	0.0	0.0
75209.80904628149	92.85162427349132	5656515376.778125	8621.424130225603	104109.50264952613	106.81750688396278	11409.979776905437	10838788541.931688	74492.96426630435	-83.67725317028817	7001.882698124501	5549201725.180897	79355.79470666956	67542.05783813867	1.146092	21.9767	0.234756319	0.114094	0.0557547485	0.01583237	-0.2195469166	0.1389523587	-0.0346252628	0.1402250083	-0.0391650217	0.1085269987	0.1667542647	0.0058933276	0.0863068014	-0.0773680898	0.1486537031	0.0734921596	-0.0140546305	0.2681224641	0.0143605272	0.1083217029	0.0959725283	-0.165019719	-0.1039737035	-0.0570417329	0.1185566663	-0.0035177271	0.0839131243	0.0276187247	0.0877753504	0.0888395788	0.0877781065	0.1207933634	0.141580455	0.0421884003	0.0381695906	0.0753462495	-0.0462846781	0.0893875568	-0.0290032931	-0.1448377669	0.0104942439	0.0732783689	-0.2848450651	-0.0575864168	-0.1437906205	0.0383816179	0.1478824789	0.0018698266	-0.0672735614	0.0970189021	0.0654855507	-0.0151632521	-0.1343371664	-0.1155736536	0.0680136842	0.0251334102	0.0921293296	0.0756338556	-0.0181506492	0.1472358847	-0.0125185	-0.013464269	0.0001812865397043	0.00015671284225	-0.170405	-0.0750859	0.029037864025	0.0056378923788099	0.0281145	0.0523928	0.00274500549184	0.00079042511025	0.000329208	-0.000615229	1.08377907264e-07	3.78506722441e-07	-1.3234900000000002e-23	-0.000749848	5.62272023104e-07	1.7516257801000006e-46	0.00027844	-0.00051119	2.613152161e-07	7.752883360000003e-08	0.0	0.0	0.0	0.0	0.0	0.0	0.0
75685.74053094641	475.9314846649213	5728331319.717744	226510.77809535625	104835.75750032018	726.2548507940519	527446.1083018905	10990536050.66594	74533.20396286232	40.23969655796827	1619.2331790773635	5555198492.969635	79379.01218894676	68297.06075271395	1.121219	21.499756	0.089802013	0.0426502	0.0164833963	0.0108492862	-0.0438047278	0.1730002776	-0.1084663879	0.1226416726	-0.171262658	-0.0526386197	0.0987253464	-0.0502472255	-0.1797775938	-0.0038587589	0.1871856704	0.1148897903	-0.0781045655	0.1978299972	-0.048103468	-0.2258572339	0.0536108287	-0.163909774	0.1870419929	0.1058949753	-0.1957945309	0.0172611939	-0.0588856802	0.0960338797	-0.0553251456	-0.0644980341	0.0689810511	-0.1184951315	0.1093806462	-0.0310642005	0.1130007589	0.0989544177	-0.0440633714	-0.0560538626	-0.0341204441	-0.1429199736	0.0853555505	0.2598225346	-0.0431062918	-0.2381328168	-0.042572895	0.2754242254	0.0762803786	0.1480882549	-0.0324540328	-0.0659766513	0.0628612753	-0.0059966534	0.0944741465	0.1532391876	-0.1019474695	-0.1124996407	0.0268673086	-0.0413982398	0.0202639752	0.1463323407	0.000148708	0.012667208	0.0001604581585152	2.2114069264e-08	-0.150099	0.0203059999999999	0.022529709801	0.0004123336359999	0.0081507899999999	-0.0199637100000001	0.0003985497169641	6.643537762409836e-05	0.0007406119999999	0.0004114039999999	5.485061345438519e-07	1.6925325121591772e-07	0.000116472	0.000116472	1.3565726784000002e-08	1.3565726784000002e-08	6.90141e-05	-0.0002094259	4.3859207590810026e-08	4.762945998809999e-09	0.0	0.0	0.0	0.0	0.0	0.0	0.0
75861.36244105629	175.62191010988315	5754946311.413306	30843.05531064389	105034.73539558786	198.9778952676861	39592.20280515826	11032295639.62116	74783.62159759963	250.41763473731407	62708.99178743085	5592590059.25297	79374.09445167825	68154.85298200707	1.505113	28.86104	0.170453338	0.0873705	0.0362056898	-0.1195918128	0.1302588867	-0.0211923594	0.2244064585	0.1252395078	-0.0264601975	-0.0047775662	-0.1343939041	0.1606276383	-0.2766779562	-0.0461882414	0.0209576178	-0.0938426152	0.1003484689	-0.2914721662	-0.0689116429	-0.1922762448	0.1667810727	0.2274958511	0.1849734455	0.0850545078	0.107535962	0.1315455203	0.0574749353	-0.118149744	0.0680117769	-0.1209674241	-0.0066947716	-0.0333632963	0.0480551265	0.0316979289	-0.0418435967	0.0941663521	-0.0663224496	-0.0926848304	-0.11618156	-0.0008220768	-0.0231491358	-0.0917586102	0.2397828294	0.1220306995	-0.0601013218	0.079690626	-0.0257005627	0.2273146788	-0.1843628213	-0.2101094235	-0.1217201501	0.2226472436	0.2073221937	-0.0768571471	0.0461193758	0.1292997157	-0.014490747	0.1042496614	0.1348754466	0.1452505133	-0.0382963	-0.0384450079999999	0.00147801864012	0.0014666065936899	-0.198101	-0.0480019999999999	0.039244006201	0.0023041920039999	0.043318	0.0351672100000001	0.0012367326591841	0.001876449124	-2.24155e-05	-0.0007630274999999	5.0245464025e-10	5.822109657560974e-07	-0.0	-0.000116472	1.3565726784000002e-08	0.0	0.000166297	9.728290000000002e-05	9.463962632410004e-09	2.7654692209000006e-08	1.0	0.0	0.0	0.0	0.0	0.0	0.0
75806.7113465868	-54.65109446948918	5746657485.184732	2986.7421267130308	104623.41422659453	-411.3211689933378	169185.10406204592	10946058804.429585	74845.80284759964	62.18125000000873	3866.507851563586	5601894203.901754	79795.55345504195	69537.11588094379	1.346844	25.826189	0.31805923	0.166816	-0.0423354905	0.1277850803	-0.0787397128	-0.1125937351	0.0595517566	-0.0490576932	-0.1099283507	0.005450343	0.2125355352	0.0301813763	-0.0044721947	0.0527748521	-0.0904700763	-0.0351378283	0.0093023686	-0.2047050995	0.0910689066	-0.0092498526	-0.0548476299	0.1106409518	-0.1265672991	-0.1554681276	-0.054643603	-0.0019268239	0.0442370474	0.0310993705	0.1813247857	0.0110329791	0.0264656912	-0.1595998875	-0.0493315544	0.0016438616	-0.1763962082	0.0337999799	0.0989959941	0.0327792402	0.089024905	0.0288373535	-0.0380618709	-0.1136072875	0.0413707893	0.0375117015	0.1543658889	-0.2709593428	-0.0777094108	0.0968642666	0.0275149182	0.0552041308	0.0527800024	-0.018289666	0.1164554451	-0.0365203012	0.0371994693	0.1739008748	0.1305569473	0.0659545135	0.2138475552	0.1439917206	-0.020907	0.0173893	0.00030238775449	0.0004371026489999	-0.108052	0.090049	0.0116752347039999	0.008108822401	-0.0531647	-0.0964827	0.00930891139929	0.00282648532609	0.00110277	0.0011251855	1.2161016729000005e-06	1.26604240941025e-06	0.00108309	0.00108309	1.1730839481e-06	1.1730839481e-06	9.18079e-05	-7.44891e-05	5.548626018810001e-09	8.428690502410002e-09	0.0	0.0	0.0	0.0	0.0	0.0	0.0
75601.95265773879	-204.75868884801457	5715655245.662977	41926.120658758045	105081.50273757684	458.0885109823139	209845.08389399352	11042122217.58737	74671.62714560688	-174.17570199276088	30337.175164671047	5575851900.572535	79604.30956759982	69723.44770909069	1.033841	19.824255	0.147469178	0.0807851	-0.0787232862	-0.0427795629	0.0035558067	-0.1225253237	-0.0690057742	-0.1201630878	0.0850848608	0.0508435837	0.1767914601	0.0793106535	-0.0443806768	0.0809554881	0.0361217489	-0.0204772532	-0.0122832362	-0.1708108629	0.1854971834	-0.1714671301	0.0081610909	0.1254955301	-0.0191597815	0.0259811103	-0.0876020673	-0.1921094589	0.0829884077	0.174458352	0.1408110233	-0.1021925643	0.0704014943	0.1475823005	0.0808959807	-0.0861809463	-0.0411476301	0.0707772034	-0.1019514462	0.1086972464	0.0523535617	0.0174428602	0.0260191861	0.0894832131	0.0815058883	0.2379314352	0.1250047883	-0.1794861735	0.0132398749	0.2145102746	-0.1363121786	0.1582614268	0.0281926835	-0.0795004845	0.0839056165	0.0228406754	-0.0156149004	-0.0002854632	-0.0111630792	0.1588258154	0.0604439459	0.1425574961	-0.0371399	-0.0162329	0.00026350704241	0.00137937217201	-0.108079	-2.6999999999999247e-05	0.011681070241	7.289999999999592e-10	0.000280683	0.053445383	0.0028564089640166	7.8782946489e-08	0.000405374	-0.000697396	1.64328079876e-07	4.863611808160001e-07	0.000477691	-0.000605399	3.665079492010002e-07	2.28188691481e-07	-0.000160675	-0.0002524829	6.374761479241e-08	2.5816455625e-08	0.0	0.0	0.0	0.0	0.0	0.0	0.0
75700.5363307419	98.58367300311512	5730571200.761974	9718.740582785127	104994.9425308978	-86.56020667904522	7492.669380319026	11023937957.06653	74642.70353260869	-28.92361299818731	836.5753888689098	5571533190.656914	79466.84922507957	68653.43070653306	1.057964	20.28681	0.208662353	0.0901888	-0.0101129653	-0.0750321487	0.0471303904	-0.0685027991	0.0504567673	-0.043630315	0.0351910633	0.141816156	-0.0200850296	0.1504286299	0.0024228833	-0.0594094415	0.0725662857	0.0654451759	0.0990988635	-0.1557179085	0.2152645057	0.0204882179	0.013588151	0.1147586671	-0.0259694446	0.0246363371	0.042530367	-0.1960519732	0.0260975353	0.1379542169	-0.1656513015	0.1076250452	-0.1100496497	-0.2713205765	-0.0212517675	0.0271916715	-0.0261724848	-0.0392745331	-0.1821327344	-0.1353102158	0.0081104544	-0.0874626847	0.00669789	-0.0287635754	0.0092697452	0.2003071043	-0.0065775119	-0.051803638	-0.2495928133	0.0886970922	-0.0503384841	-0.0478929629	0.0976692035	0.0602376469	0.0522307486	0.1203728525	-0.1562834517	0.27398716	0.2502385637	0.0783708245	0.0088400103	0.1409495873	0.00620682	0.04334672	0.0018789381347584	3.85246145124e-05	-0.0506532	0.0574257999999999	0.00256574667024	0.0032977225056399	-0.0371431	-0.0374237829999999	0.001400539534031	0.0013796098776099	-0.000419433	-0.000824807	1.75924041489e-07	6.80306587249e-07	0.00023925	-0.000238441	5.6854110481e-08	5.72405625e-08	0.000185398	0.000346073	1.19766521329e-07	3.4372418404e-08	0.0	0.0	0.0	0.0	0.0	0.0	0.0
75636.67055967543	-63.86577106647019	5720905933.352872	4078.836713914781	105122.17478067368	127.23224977588688	16188.045383033668	11050671630.618504	74537.60906363225	-105.09446897644376	11044.847409440696	5555855164.922873	79246.74460720486	68686.78373309514	1.064956	20.420895	0.16935862	0.0918533	0.0085495925	0.0189056506	-0.0459140904	0.0593608996	0.1542374135	0.0740183522	0.0251839108	0.0158989994	0.0685494614	0.1723697555	0.0726466105	-0.0518947445	0.1569068633	-0.0198305281	0.087825535	0.0010568804	0.1616333902	-0.0373399326	0.2158557264	0.0579808015	-0.0250475183	-0.0090015216	0.0549133519	0.0600250917	0.0199582586	0.0858711036	-0.0712715043	0.0031312668	0.1672996606	0.073862885	-0.0122931587	-0.1509369032	0.1224319588	0.1105859403	0.0411095553	-0.1017872419	-0.0877270944	-0.119588831	-0.0028009317	-0.0365718031	-0.0176062821	0.2332914905	-0.0040793042	-0.0335929063	0.2299624519	0.205348544	-0.0297383296	0.0221324832	-0.0397009869	0.1310662747	-0.0798356781	-0.0092071583	-0.0656705946	-0.0547465538	-0.0194011178	-0.0911997378	-0.12802417	0.1391699531	-0.0105809	-0.01678772	0.0002818275427984	0.00011195544481	-0.0534413	-0.0027880999999999	0.0028559725456899	7.773501609999971e-06	0.0214757	0.0586188	0.0034361637134399	0.00046120569049	-0.00109104	-0.000671607	1.1903682816e-06	4.510559624489999e-07	0.000663607	0.000424357	1.80078863449e-07	4.40374250449e-07	-0.000541918	-0.000727316	5.28988563856e-07	2.93675118724e-07	0.0	0.0	0.0	0.0	0.0	0.0	0.0
75774.85079918764	138.18023951220675	5741828013.639148	19093.778591650826	105569.7090524142	447.5342717405146	200286.92438231283	11144963469.411385	74616.32523777174	78.7161741394957	6196.236071159413	5567595991.988933	79675.93305483217	69117.36452813896	1.196605	22.945293	0.27767646	0.172794	-0.0445242363	-0.0541397384	0.112677433	-0.0488628452	-0.1481094951	-0.1257856405	-0.0255451693	-0.0699470014	0.0390301007	-0.1598427268	0.0161830673	-0.0279283637	0.1138219318	0.156630495	-0.0952887311	-0.0387575263	-0.0426271241	0.0370686591	0.0055062287	0.1011619821	0.0626027343	0.1547282419	0.0160278534	-0.0362513198	0.0435078393	-0.0642907974	0.0828331489	0.1943494917	0.1362355582	-0.1550093989	-0.0930062295	0.0704017921	0.1939145767	-0.0904737599	-0.079888987	-0.0860388697	0.0843871404	-0.1146547201	-0.0099673979	0.1320608278	0.1033753887	0.015613553	0.1453992819	0.1313100523	-0.0401611279	-0.0669811073	0.0365821704	-0.0494648295	0.1335943981	0.1467399011	0.0481723974	0.046363261	0.0804087137	0.0838348711	0.1635232047	0.0562392028	-0.0987781831	0.1372207617	-0.0106218	-4.089999999999997e-05	1.672809999999997e-09	0.00011282263524	0.00563979	0.0590810899999999	3.18072312441e-05	0.003490575195588	-0.116311	-0.1377866999999999	0.0189851746968899	0.0135282487209999	-0.000164829	0.0009262109999999	2.7168599241e-08	8.578668165209999e-07	0.000713903	5.029600000000002e-05	2.5296876160000022e-09	5.09657493409e-07	9.69304e-05	0.0006388483999999	4.081272781825599e-07	9.39550244416e-09	0.0	0.0	0.0	0.0	0.0	0.0	0.0
75830.55264197604	55.70184278840316	5750272713.9875	3102.6952900239808	105902.14488745516	332.4358350409602	110513.58441938052	11215264291.763544	74725.18709805254	108.86186028079828	11850.904623796048	5583853586.838958	79506.34654043692	69534.78214891693	1.195667	22.927303	0.16527151	0.0921773	-0.0977508185	-0.1121797684	0.0121047587	0.0319478624	0.1243289596	-0.0232759645	0.0269627991	0.0389238401	-0.1586147434	0.0683469897	0.0939671525	-0.0612622674	0.0288565019	0.0521875488	0.06735771	-0.0924200177	-0.0416610141	0.0299444889	0.0697233195	-0.1261848905	0.0191903835	0.0657037387	0.0354010533	-0.1109830633	0.1002471515	0.1887491356	-0.0995008066	0.023943202	0.0107935525	0.1553813186	0.0986096619	0.1150421407	-0.0268666415	0.1481591584	0.1578306124	-0.0080398809	-0.0041620626	-0.0765496805	-0.0664995583	-0.0910007997	0.0011117581	0.1337534842	-0.0840801919	0.062503401	0.0235684643	-0.0160552842	-0.0259112879	0.1771914879	0.1255397056	-0.0722866845	0.0250541868	0.0813796538	0.0008384143	-0.0045089509	-0.1720659291	-0.1956248042	-0.0685288258	0.135104388	-0.0105809	4.089999999999997e-05	1.672809999999997e-09	0.00011195544481	-0.0498953	-0.0555350899999999	0.00248954096209	0.003084146221308	-0.059912	0.056399	0.0031808472009999	0.003589447744	-0.000541615	-0.0003767859999999	2.93346808225e-07	1.4196768979599998e-07	0.000663607	-5.029600000000002e-05	2.5296876160000022e-09	4.40374250449e-07	-0.000541918	-0.0006388483999999	4.081272781825599e-07	2.93675118724e-07	0.0	0.0	0.0	0.0	0.0	0.0	0.0
75662.40368948327	-168.1489524927747	5724799332.070332	28274.070224417403	105204.7435402792	-697.4013471759536	486368.6390428349	11068038063.37592	74611.86533627717	-113.32176177536894	12841.821691873469	5566930448.958759	79563.89463161892	69416.21811059648	1.259707	24.155306	0.178724775	0.0980618	-0.0314332517	0.1004326131	-0.209301602	-0.0428676137	-0.0250204288	-0.057527789	-0.122116205	-0.0131980164	0.0759003855	-0.0200354539	0.2336737396	-0.0686110975	0.1103618402	0.1146802517	-0.0331021464	-0.0232999162	0.0762187471	0.0849077624	-0.1479914394	0.0437253756	0.0618252332	-0.1405922699	-0.0145033236	-0.0129785711	0.0596284246	0.0159432472	2.2996e-05	0.1170107632	0.0511260645	0.0225094409	-0.0936901986	-0.1683173628	-0.1943058248	-0.0919718809	0.113082367	-0.019409178	0.099468008	-0.1723965097	-0.054051696	-0.024710454	-0.0896118794	-0.014422517	0.2070447126	-0.1093427281	-0.0125717948	-0.0530259652	-0.0111792481	0.0231082745	-0.0481596711	-0.0975495814	-0.0608830308	-0.0558612339	-0.0126531949	0.1184717326	-0.0134338317	0.051389012	-0.0251125738	0.1328234104	-0.0106003	-1.939999999999928e-05	3.76359999999972e-10	0.00011236636009	0.0298835	0.0797788	0.00089302357225	0.00636465692944	-0.0924832	-0.0325712	0.00106088306944	0.00855314228224	-0.000280849	0.0002607659999999	7.8876160801e-08	6.799890675599999e-08	0.000230996	-0.0004326109999999	1.8715227732099998e-07	5.3359152016e-08	9.18125e-05	0.0006337304999999	4.0161434663025005e-07	8.42953515625e-09	0.0	0.0	0.0	0.0	0.0	0.0	0.0
75815.59979961276	153.19611012948735	5748005172.975041	23469.048158806017	105516.18400998977	311.4404697105638	96995.1661735366	11133665088.03002	74778.1230298913	166.25769361412677	27641.620685888847	5591767683.87356	79666.89811197917	69801.90120147412	1.235429	23.689764	0.203581515	0.126276	-0.022087633	0.0191300951	0.048293948	0.1224262685	-0.1358298448	-0.0397073694	0.1274272211	-0.0549166326	0.0732100178	-0.1040490386	0.0336938833	0.0121598059	-0.0383358772	0.0188561029	-0.0514293883	0.016883502	0.0387567095	0.0194590075	-0.0980272433	0.0024657274	0.2115382242	-0.0118208131	0.024871263	0.0185162289	0.0625256935	0.1160066431	-0.1816862832	-0.0699528027	0.0956457161	0.0506991056	-0.1275647708	-0.0686567588	0.1326481802	0.0209447548	0.0549061114	0.0028071296	-0.0031070449	0.0763984126	0.0511780885	0.0740357569	-0.0167654897	0.0787400677	0.1473899256	0.1480141482	-0.0166662093	-0.048555071	-0.0704541476	0.1301185853	0.0134410053	-0.0197811121	-0.0315275231	0.0108223984	-0.086720214	0.0719902916	-0.0929604171	-0.0895358548	-0.074616299	0.130380608	-0.00839902	0.00220128	4.8456336384e-06	7.05435369604e-05	-0.0603117	-0.0901952	0.00363750115689	0.00813517410304	-0.00839524	0.08408796	0.0070707850169616	7.04800546576e-05	-0.000333015	-5.2165999999999975e-05	1.10898990225e-07	2.721291555999997e-09	0.000230996	0.0	0.0	5.3359152016e-08	-0.000397963	-0.0004897755	2.3988004040025e-07	1.58374549369e-07	0.0	0.0	0.0	0.0	0.0	0.0	0.0
75594.43349800656	-221.16630160619388	5714518375.884537	48914.53296616192	105718.28199843108	202.09798844131	40843.59693202387	11176355148.699797	74721.49470108695	-56.62832880434871	3206.76762317343	5583301770.364565	79554.01369538484	68371.39664956726	1.265722	24.270643	0.16107304	0.0917273	-0.0361880916	-0.1834486206	-0.1042865472	0.0012719038	-0.011211129	-0.0457374296	-0.0564326734	0.0340351341	-0.1377813549	-0.1458198752	0.0411745842	-0.2436413774	-0.0351085954	0.0245954821	-0.150897831	-0.1473799088	-0.0219978635	0.1453655324	-0.0171112244	-0.0074964478	-0.0923424873	-0.1815549686	-0.0795018397	-0.065954084	-0.0119025947	-0.0867878793	0.0743671972	-0.1663376263	-0.1390115671	0.0786818717	-0.0415784448	0.0177056731	0.1791520097	0.106081405	-0.0269554969	0.0184739269	0.0319445772	-0.0411710462	-0.1618694358	0.0354053757	0.0840792196	-0.1037964295	-0.0599458894	-0.1692456748	-0.1299433752	-0.1410176326	-0.0171996136	0.0478885336	-0.0523739805	-0.0447886144	0.1915197519	-0.0322647078	0.0719145556	-0.034551543	-0.0378507908	-0.1879767588	-0.1193818758	0.1277789568	-0.0255209	-0.01712188	0.0002931587747343	0.0006513163368099	0.0116517	0.0719634	0.00013576211289	0.0051787309395599	-0.062308	-0.05391276	0.0029065856908176	0.003882286864	-0.000340301	-7.286000000000011e-06	1.15804770601e-07	5.3085796000000166e-11	0.000123952	-0.0001070439999999	1.1458417935999995e-08	1.5364098304e-08	-0.000150793	0.00024717	6.10930089e-08	2.2738528849e-08	0.0	0.0	0.0	0.0	0.0	0.0	0.0
75882.06313550624	287.6296374996746	5758087505.700954	82730.80836819421	105062.74019034964	-655.5418080814416	429735.0621426856	11038179376.304909	74644.51945765398	-76.97524343297118	5925.188101565173	5571804285.064084	79557.14534053096	69849.49089670742	1.252308	24.013422	0.10100043	0.0509942	-0.0448624751	0.1496618997	-0.1005036464	0.1283200293	0.0188652099	0.0500407709	-0.0721982925	-0.0409621324	0.0529594592	0.0167437966	0.1005680873	0.0155643315	0.0560321415	0.0949575369	0.0494958196	0.0163816028	0.0009302505	0.2573328631	0.0130156698	0.0688688233	0.0949338374	0.0493869608	-0.0686917068	0.0307095456	-0.2066844735	0.0006432339	-0.1048094955	0.1139824883	0.0670806416	0.1091771763	0.1050852073	-0.0399278712	-0.1509906509	-0.0413623867	-0.0654947747	-0.1023996831	0.0280161507	-0.097626033	-0.002503888	-0.0924356392	-0.1323490753	0.0208999918	0.1443648652	0.0705019447	0.0594947004	-0.167297233	0.0466535858	-0.0301441584	-0.1999565859	0.0646525458	-0.1044760273	0.1999866361	-0.0654148965	0.0229933346	-0.0209845726	0.0881198569	-0.03919373	0.1250216267	-0.00351117	0.0220097299999999	0.0004844282146728	1.23283147689e-05	-0.030383	-0.0420347	0.000923126689	0.00176691600409	-0.0767144	-0.0144064	0.00020754436096	0.00588509916736	-0.00058479	-0.0002444889999999	3.419793441e-07	5.977487112099998e-08	0.000230996	0.0001070439999999	1.1458417935999995e-08	5.3359152016e-08	-0.000250252	-9.9459e-05	9.892092681000002e-09	6.262606350400002e-08	0.0	0.0	0.0	0.0	0.0	0.0	0.0
75736.30933942251	-145.75379608372168	5735988552.356698	21244.16907281512	105526.43422611424	463.694035764609	215012.1588036705	11135828320.478416	74725.41953691123	80.90007925724785	6544.822823828984	5583888324.967394	79512.39582971644	69102.42217724453	1.147552	22.004686	0.0996346603	0.0561919	-0.0088930025	-0.1019239625	0.0315776511	0.1197262572	-0.1140269263	-0.0179458287	-0.0336397762	-0.1301815444	-0.0278099751	-0.2127139025	-0.0044447673	0.0627488	-0.016357293	0.0346660578	-0.1628925436	-0.0065232971	-0.0605889183	-0.0374446483	-0.0072167267	0.0680801704	0.0997606987	0.1082660024	0.1595807075	-0.2026760779	-0.0437141263	-0.1876194755	-0.0639197667	-0.0567409484	-0.043959785	0.1141787877	0.0340551551	-0.0987959976	-0.0936490244	-0.1966966015	-0.0133244941	0.1983014933	-0.0426028978	0.0375045443	-0.1026810147	0.1270506607	0.0623201439	-0.0311777303	0.0931504727	0.1402920474	0.003505442	-0.1270210495	-0.2780679993	-0.188859901	-0.1204259119	-0.0105938827	0.0157368753	-0.0783564841	-0.0260619775	-0.0605489585	0.0256200874	0.0891653811	0.0327987164	0.122111977	-0.0105975	-0.0070863299999999	5.021607286889999e-05	0.0001123070062499	-0.0154402	0.0149428	0.0002383997760399	0.00022328727184	-0.027322	0.0493924	0.00243960917776	0.0007464916839999	-0.00062668	-4.189000000000005e-05	3.927278224e-07	1.7547721000000041e-09	2.893940000000001e-07	-0.000230706606	5.3225538052039244e-08	8.374888723600006e-14	-0.000541918	-0.0002916659999999	8.506905555599996e-08	2.93675118724e-07	0.0	0.0	0.0	0.0	0.0	0.0	0.0
75831.34174026329	95.03240084077696	5750392390.128597	9031.157209562109	104895.38012695312	-631.0540991611197	398229.2760680523	11003040771.977991	74557.70902400362	-167.71051290760806	28126.81613973297	5558851974.90799	79385.01861888744	69829.82080599236	1.144418	21.944593	0.1273855103	0.0694345	-0.0231869736	0.0055908446	-0.0340334621	0.0077550254	0.0604664673	0.0282716275	-0.0513884816	0.0387406606	-0.0568881498	-0.0212112801	0.1715272491	-0.0156374756	0.1871859818	0.1169140928	0.0065154813	-0.012972318	-0.0624599659	0.0469071577	-0.1124773088	-0.047575195	-0.0268675333	-0.0056470925	-0.0677886284	-0.142293034	-0.1107570095	-0.1037617239	0.1125008496	0.0440092598	0.0247757311	-0.0086308761	-0.0702039615	-0.1217503424	-0.1098903607	0.1827206779	0.0300837586	0.1341141369	0.0160178494	-0.2233436117	-0.0060765554	-0.0020491311	-0.0075002794	0.0460378096	0.0148617675	-0.0316508745	-0.0446762432	-0.132975827	-0.0100647351	-0.0735534533	-0.0072479401	-0.1157461187	0.0095726418	0.1410388089	0.1920918263	-0.1465449611	0.0512949407	-0.0324458217	0.0919972318	0.1190535526	-0.0106387	-4.119999999999992e-05	1.697439999999993e-09	0.0001131819376899	0.00103773	0.01647793	1.0768835529e-06	0.0002715221770848	-0.0623355	-0.0350135	0.00122594518225	0.00388571456025	-0.000331339	0.000295341	1.09785532921e-07	8.7226306281e-08	0.000230996	0.000230706606	5.3225538052039244e-08	5.3359152016e-08	0.000449092	0.00099101	9.821008201000002e-07	2.01683624464e-07	0.0	0.0	0.0	0.0	0.0	0.0	0.0
75784.90457653493	-46.43716372836207	5743351761.674505	2156.4101751347057	105767.12126584911	871.7411388959881	759932.6132436744	11186683940.864832	74613.92708899456	56.218064990942366	3160.47083132582	5567238115.641796	79411.27927426939	69082.39345619747	1.149048	22.033384	0.24275488	0.132698	0.0651644835	0.0707963847	-0.0197275251	0.180001675	-0.0265598415	0.1020079015	0.0202653596	-0.1633483526	-0.0056705331	-0.0461020323	0.0609690698	-0.004719149	0.0977797871	0.0038451819	0.1557618758	0.0364285206	-0.0890153477	-0.193851185	-0.1034380975	-0.0557792535	-0.0588411029	-0.0928373052	0.0340387905	-0.1313931214	-0.2322379405	0.0588151334	-0.1803698386	0.0262864439	-0.0455562613	0.1289139187	-0.1402702216	0.2240913866	-0.0726347076	0.0445135851	-0.1127915189	0.1347646677	-0.0795812912	-0.058507526	0.1388518666	-0.0480222667	0.0012202834	0.0312680418	-0.0228291521	0.1565491581	0.0753326521	0.0374931763	-0.2252382779	-0.0623065634	-0.0903564475	-0.2705173059	-0.1793793008	-0.0014517774	-0.0305550577	0.0226195058	0.0877689349	-0.3124120441	0.1827460862	0.1158500799	-0.0105671	7.159999999999979e-05	5.126559999999971e-09	0.00011166360241	-0.0555491	-0.05658683	0.00308570251081	0.0032020693294488	0.0333301	0.0956656	0.00915190702336	0.00111089556601	-0.00106917	-0.000737831	1.1431244888999998e-06	5.44394584561e-07	-0.000197316	-0.000428312	1.8345116934400006e-07	3.8933603856e-08	-0.000193382	-0.000642474	4.12772840676e-07	3.7396597924e-08	0.0	0.0	0.0	0.0	0.0	0.0	0.0
75865.54996993096	80.64539339602925	5755581672.240091	6503.679476000318	105214.10036581072	-553.0209000383911	305832.11587927217	11070006915.786892	74669.89869225543	55.97160326087032	3132.8203715922696	5575593770.71169	79449.68570692274	68850.73689639683	1.170884	22.452097	0.21126953	0.112706	0.0400955129	-0.0812362161	0.1391393975	0.0934403906	-0.0234643211	0.0291228622	-0.0040127966	-0.0555104095	-0.130427458	-0.1648252874	-0.0213497056	0.0915252208	0.0954657636	-0.0661196089	-0.0225601401	-0.1469983877	0.0091096696	0.0377060503	0.0206488943	-0.0227705353	-0.0461694083	0.0076870913	-0.0950705607	0.1439833958	0.094486526	-0.0236331595	-0.0483450053	0.1693803943	0.1797052143	0.0959558972	-0.0406326848	0.1415903323	-0.0624512965	-0.1033929479	0.0209657431	0.0101661321	-0.0738977734	-0.0719204264	-0.0357469346	-0.0062788562	0.1144432793	-0.0382758697	0.0568854551	0.003408338	-0.0887112211	0.0352647064	0.1442678716	0.1025554635	0.0008415896	0.0382708737	-0.0387675925	-0.0387424387	-0.0458826721	0.0752530178	0.0596126862	-0.052841933	-0.1063549871	0.1125054616	-0.00673139	0.0038357099999999	1.4712671204099991e-05	4.53116113321e-05	0.00566488	0.0612139799999999	3.20908654144e-05	0.0037471513474403	-0.0158134	-0.0491435	0.00241508359225	0.0002500636195599	6.52288e-05	0.0011343987999999	4.254796349439999e-09	1.2868606374414396e-06	0.000230996	0.000428312	1.8345116934400006e-07	5.3359152016e-08	0.000185434	0.000378816	1.4350156185600001e-07	3.4385768356e-08	0.0	0.0	0.0	0.0	0.0	0.0	0.0
75741.54820437661	-124.00176555434882	5736782124.3959055	15376.43786059569	104766.20685114626	-447.8935146644653	200608.6004784876	10975958097.977163	74667.93564877717	-1.963043478259351	3.853539697536572	5575300614.049929	79309.9429578993	69163.42424814067	1.111146	21.306595	0.09854299	0.0500124	0.0606145531	0.025532929	-0.0794011489	-0.0248292271	0.1122655462	0.0494488788	-0.0505998168	0.016811708	-0.0157302412	0.0051219256	0.1008571252	0.0830221789	0.0848884421	-0.1395574227	-0.0304508705	-0.1061473853	2.432e-05	0.1523969753	-0.1146099566	-0.06749934	-0.0516293091	-0.0363092107	-0.0495023632	0.0550946997	0.0603610939	-0.0158826124	-0.1142862849	-0.0266355268	0.0422980969	0.1461709144	-0.0796222878	-0.1252621408	0.2281019493	0.0051586547	0.0874750102	-0.0806219351	-0.1123188268	-0.0867996927	-0.0572874849	-0.0615222076	0.037173462	-0.0593883738	0.0663831451	-0.1287820228	-0.0221983915	-0.0603046486	-0.0104425215	0.0972713566	-0.0258258367	-0.0540700445	-0.0123111334	-0.0963208719	0.0037467955	-0.0233246754	-0.0591746805	-0.0156407912	-0.1527138554	0.1090237728	-0.0105602	-0.00382881	1.4659786016100002e-05	0.00011151782404	0.00564021	-2.4670000000000077e-05	3.18119688441e-05	6.086089000000035e-10	0.0254501	0.0412634999999999	0.0017026764322499	0.00064770759001	0.000305782	0.0002405532	9.3502631524e-08	5.786584203024e-08	-0.000218155	-0.0004491509999999	2.0173662080100002e-07	4.759160402499999e-08	-0.000193382	-0.000378816	1.4350156185600001e-07	3.7396597924e-08	0.0	0.0	0.0	0.0	0.0	0.0	0.0
75940.21499727311	198.66679289650347	5766916253.832065	39468.4945997822	105119.1336329726	352.926781826347	124557.31333030191	11050032255.746752	74810.13808310688	142.20243432970892	20221.53232929518	5596556760.013518	79788.74525824653	69500.23629373165	1.032397	19.796551	0.136450405	0.0761366	0.0155057117	0.0557337259	0.0375715413	0.0688252212	-0.0803629439	0.01098708	-0.0273465045	-0.0914703457	0.0887448223	-0.0510406429	0.0003508044	0.1018248509	-0.0275647899	-0.0768723897	-0.0710097077	0.0720086491	-0.1473798833	0.0054144357	0.0440461684	-0.0070858952	0.0295296439	0.1724134874	-0.1001239713	0.035125505	0.0682932377	-0.1281413259	-0.1183369797	0.0702755094	-0.0517062464	-0.031918632	-0.2498246601	0.1605451221	0.0093943304	0.2873146808	0.0003035116	0.0049062206	-0.0058616714	0.0657164402	0.049800165	-0.0159493016	0.0457854298	-0.1483029938	0.1915343642	0.0996883255	0.0939707403	-0.0293344217	0.098224772	-0.1260919948	0.1444054583	0.0064474834	0.1082118592	0.0280043503	0.1235357702	0.0012570699	-0.0536492359	-0.1205302349	-0.0463395066	0.1054092553	-0.010586	-2.5799999999999434e-05	6.656399999999707e-10	0.000112063396	-0.0472752	-0.05291541	0.00223494453504	0.0028000406154681	-0.0251514	-0.0506015	0.00256051180225	0.00063259292196	9.67791e-05	-0.0002090029	9.36619419681e-09	4.368221220841e-08	0.000230996	0.0004491509999999	2.0173662080100002e-07	5.3359152016e-08	-0.000193382	0.0	0.0	3.7396597924e-08	0.0	0.0	0.0	0.0	0.0	0.0	0.0
75908.56181123502	-31.653186038092823	5762109756.250088	1001.9241863621146	105458.47387695312	339.34024398052134	115151.80118475977	11121489712.456003	74759.5462352808	-50.59184782608645	2559.535066457888	5588989753.305087	79533.79656123409	69137.1696029549	0.956643	18.343945	0.109672105	0.0707052	0.0253709027	-0.0728455705	0.0880906695	0.040457792	0.0856345998	0.0652242513	-0.102231691	-0.0019586458	-0.1874788464	-0.0488598378	-0.1072136363	-0.0464003558	-0.0161002409	-0.0297017942	-0.0665071084	-0.0676596563	-0.0994640247	0.2634718926	-0.0636632528	-0.0315538533	0.0388265084	0.0246628538	-0.1252308	0.1090901362	-0.1876174726	0.0927963293	0.0646634128	-0.0836553546	-0.0666629205	-0.0634391568	-0.1914937352	0.2630613146	-0.1125046179	-0.056800594	0.0250113875	-0.00579921	-0.0333032633	-0.0413441417	-0.0455828004	-0.0248322352	0.1136111969	-0.1860706627	-0.0102966981	-0.0236495389	-0.126987634	-0.1846602371	0.092024904	0.1359276382	-0.1193884367	0.1510288569	0.0165842677	0.1619953608	0.0034763822	0.0995365234	-0.0705808413	-0.060081165	0.1905759476	0.1016663129	-0.010586	0.0	0.0	0.000112063396	0.0138417	0.0611169	0.00019159265889	0.00373527546561	-0.0325715	-0.0074201	5.5057884010000033e-05	0.00106090261225	-0.0007259229999999	-0.0008227020999999	5.269642019288548e-07	6.768387453442455e-07	0.000230996	0.0	0.0	5.3359152016e-08	-0.000193382	0.0	0.0	3.7396597924e-08	0.0	0.0	0.0	0.0	0.0	0.0	0.0
76059.77754476051	151.21573352548876	5785089760.158455	22866.198065651624	104746.50131675844	-711.9725601946848	506904.9264701741	10971829538.101677	74936.32233355979	176.7760982789914	31249.78892274363	5615452404.879171	79617.33417787905	69741.50360895603	1.048934	20.113653	0.127667735	0.0739123	0.0484876812	0.1696676865	0.014462683	0.0439543051	0.1128290119	0.0948969811	-0.0544829108	-0.0437020404	0.0184154493	0.0788359771	0.0531233409	0.2319692905	-0.2014792805	-0.0804878163	0.2153190107	0.06168361	-0.0241601132	0.16830685	0.0558301028	0.0121632675	-0.0329031142	0.1483083783	-0.0049458767	-0.1386893453	-0.1449285611	0.081065402	0.0644006094	-0.0079814929	-0.1211486969	-0.0938671223	-0.1295433188	-0.0291249985	-0.0525651271	0.0100616704	-0.0993444779	-0.0003428294	-0.0113666515	0.1368531376	0.0055196377	-0.2810340855	-0.0795584872	-0.0179994671	0.0207598696	0.0332597667	0.037080923	-0.0625028211	-0.0406110703	0.0435453082	-0.0085365849	0.1616559886	-0.0024122598	0.2184457986	0.0450155237	-0.0849539348	0.0505192196	-0.0436584121	0.1819809765	0.0977995057	-0.0105859	9.999999999940613e-08	9.999999999881224e-15	0.00011206127881	-0.0550806	-0.0689223	0.00303387249636	0.00475028343729	-0.0166103	0.0159612	0.00025475990544	0.00027590206609	-0.000195364	0.0005305589999998	3.8167092496e-08	2.814928524808939e-07	-9.41277e-05	-0.0003251237	1.0570542030169e-07	8.86002390729e-09	-0.000193382	0.0	0.0	3.7396597924e-08	0.0	0.0	0.0	0.0	0.0	0.0	0.0
75916.8449401699	-142.93260459060548	5763367345.669801	20429.72945505437	106011.45586257684	1264.9545458184002	1600110.002986635	11238428774.103077	74865.01014492754	-71.31218863224785	5085.4282475213	5604769744.000103	79701.11284089265	69929.09956820721	1.111788	21.318905	0.137833785	0.0702501	0.0146147316	-0.0400493298	0.0807253067	0.0043204082	-0.1260693584	-0.0567409472	0.0219026362	-0.1484532256	-0.064501146	-0.1156390822	0.0173537045	0.0738121594	-0.1533454914	-0.0871707751	-0.0663531486	-0.0398870907	0.0601422166	0.0296185499	-0.1292275617	0.1747555182	0.145397549	0.0217486069	0.0156347769	0.025010458	0.0337063003	-0.1566297643	0.1395000495	0.0506583416	0.0332195797	-0.003279795	0.0198379261	-0.1437207029	0.0177801879	0.1479139884	-0.0559454464	0.1022529316	-0.0034618434	0.180571105	-0.0120851214	0.0375569972	0.1238832619	0.0018074797	0.1610671401	-0.0130490175	-0.0391178888	-0.0679480691	-0.0446088333	-0.0106745438	-0.076344745	0.112820533	0.0915349637	-0.1140202959	0.1330366963	-0.1207722722	0.0681769188	0.0023427153	-0.0441054305	0.0938135449	0.0008608	0.0114467	0.00013102694089	7.4097664e-07	0.00401125	0.05909185	1.60901265625e-05	0.0034918467364225	-0.0186543	-0.0020439999999999	4.1779359999999886e-06	0.0003479829084899	-0.000746811	-0.000551447	5.57726669721e-07	3.040937938090001e-07	0.000230996	0.0003251237	1.0570542030169e-07	5.3359152016e-08	0.000235072	0.000428454	1.83572830116e-07	5.525884518399999e-08	0.0	0.0	0.0	0.0	0.0	0.0	0.0
75977.12219100836	60.27725083845144	5772523096.427414	3633.346968641594	106472.83669393572	461.3808313588816	212872.2715454127	11336464953.653503	74770.47139379529	-94.53875113224784	8937.575465645095	5590623392.45036	79615.8294261791	70533.22418988044	1.052711	20.186075	0.1097455175	0.0598105	0.03086133	-0.0389903331	0.1026086915	-0.0954728358	0.0051189766	-0.0402290716	0.1318499237	0.0145030201	-0.2194867693	0.1279089844	0.1026974547	-0.0003494293	-0.0349998766	0.0141717906	0.1460849612	0.0421381066	-0.1491427563	0.0976445059	-0.2084192639	-0.0254906421	-0.0307693422	-0.0587876608	0.1806868568	-0.0485315936	0.0002365784	0.0183747073	0.1532832558	-0.0757021087	0.0374798912	-0.1847811292	0.1494340087	-0.0015060939	-0.0016761312	0.1263219222	0.0208140157	0.0693787239	0.0037482934	0.0351512386	0.0683745672	-0.0436528334	0.067390908	0.1116311654	-0.211774285	0.0387776879	-0.1750426483	-0.2016641753	0.0930295164	0.0067746091	-0.0094362385	-0.0380786347	-0.1134373614	-0.0284870587	0.150973321	-0.034075062	0.1331816835	0.1359292802	0.1104289531	0.0897132868	0.00508113	0.00422033	1.7811185308899996e-05	2.58178820769e-05	-0.034629	-0.03864025	0.001199167641	0.0014930689200625	-0.0364521	-0.0177978	0.00031676168484	0.00132875559441	7.924129999999998e-06	0.00075473513	6.279183625689996e-11	5.696251164561169e-07	0.000230996	0.0	0.0	5.3359152016e-08	8.06438e-06	-0.0002270076199999	5.15324595380644e-08	6.503422478440001e-11	0.0	0.0	0.0	0.0	0.0	0.0	0.0
75813.54424189303	-163.57794911532255	5747693490.517472	26757.74543677505	105079.0100617956	-1393.826632140117	1942752.680463061	11041598355.566942	74583.51973505435	-186.95165874094528	34950.92270599086	5562701416.069242	79289.22937825522	68962.11813904915	1.08797	20.862186	0.1496108005	0.077444	0.0529586587	0.0075881303	-0.0826465605	0.1193473357	0.1698973112	0.1470004336	-0.085658485	-0.0444476669	-0.0493681931	-0.0047698645	0.0780134848	-0.0761251833	0.1079839786	-0.0880683217	-0.0633570098	-0.0737531281	-0.0506373758	0.1130662593	-0.0166255644	0.0741546908	-0.158307265	-0.0449598147	-0.0282994493	0.0002352717	-0.0136356014	-0.0132034233	-0.0087337301	0.0167673783	-0.016752066	0.1643505272	-0.0398640884	-0.1676907624	0.1196573015	-0.0262991841	0.036805404	-0.2075650322	-0.1166503632	-0.1008194884	-0.0453455194	-0.0394575142	0.0187110812	-0.1239827665	-0.0229055073	-0.1422222846	0.0970898037	-0.0503064019	-0.0970813071	0.0262162787	-0.0542746882	-0.0177152918	0.0035212094	-0.0649325376	0.039880578	0.0130318485	-0.069459158	-0.0325956323	-0.139916917	0.0855037268	-0.00396809	-0.00904922	8.18883826084e-05	1.5745738248099997e-05	0.00161234	0.03624134	2.5996402756e-06	0.0013134347249955	-0.0033285	0.0331236	0.00109717287696	1.1078912249999998e-05	-0.0009839	-0.00099182413	9.6805921e-07	9.83715104850257e-07	-5.47593e-05	-0.0002857553	8.165609147809e-08	2.99858093649e-09	-0.000138289	-0.00014635338	2.14193118374244e-08	1.9123847521e-08	0.0	0.0	0.0	0.0	0.0	0.0	0.0
76027.30199288325	213.75775099021848	5780150648.31707	45692.37610839625	105173.87046138576	94.86039959015034	8998.495410402995	11061543027.828352	74620.11777060688	36.59803555253893	1339.4162063049037	5568161976.099241	79480.15956759983	70291.79437366595	1.132056	21.707554	0.10755216	0.0519119	0.1096040712	0.1204271201	0.1280744201	-0.0293417592	-0.0721472235	0.0353267922	0.0520358771	-0.1186627934	-0.0003303382	-0.0267613133	0.0512087775	0.248922462	0.1230372058	-0.0665520295	-0.0449359218	0.0014680953	-0.1141503323	-0.0515861416	-0.149547506	-0.0905135524	0.0942751242	0.0800995954	-0.0590820232	0.2511120719	-0.1332488041	-0.0285922734	0.0675599913	0.1360471939	-0.0549288505	-0.145936926	-0.0394972332	-0.0469147414	-0.0053986077	0.0691698523	0.1643619299	-0.0488849665	-0.0731103051	-0.0613928066	0.1152725184	0.0132596894	0.0797444221	-0.0527420189	0.1860940374	0.1025527189	-0.0028041316	-0.0272979135	0.2773384264	-0.1153987473	0.0404595413	-0.0698964293	-0.0608482144	0.0387851732	0.150843126	-0.0778055454	-0.1151372304	-0.0392593856	0.0693571914	0.0811899937	-0.00486322	-0.00089513	8.012577169000001e-07	2.36509087684e-05	-0.0346206	-0.03623294	0.00119858594436	0.0013128259410436	0.00851527	0.01184377	0.0001402748878129	7.250982317290001e-05	-0.000272969	0.0007109309999999	7.451207496100003e-08	5.054228867609999e-07	9.76551e-05	0.0001524144	2.323014932736e-08	9.53651855601e-09	0.000169972	0.000308261	9.5024844121e-08	2.8890480784e-08	0.0	0.0	0.0	0.0	0.0	0.0	0.0
75938.57075739492	-88.73123548833246	5766666528.675875	7873.23215128591	106242.8065685835	1068.936107197747	1142624.401271074	11287533947.56945	74681.87316009964	61.75538949275506	3813.728131401882	5577382178.701211	79465.29560727719	69760.68424982908	1.137041	21.803144	0.0921828439999999	0.0561005	0.0354468794	-0.1244108134	0.1039521329	-0.0039980622	0.0710009857	-0.0177612781	0.1376919924	0.0025789071	-0.205413629	-0.0818238777	-0.0165991695	-0.0606391852	0.0782511082	-0.094126366	-0.1214040567	-0.0721801378	-0.1441222929	0.0821977624	0.0613060555	-0.0584607032	0.0294621134	0.0267658012	0.1962370395	-0.0274042278	-0.0190724147	-0.0256571431	-0.1432698923	-0.0833947537	-0.0689796835	-0.0803870729	0.0600191815	0.032183104	0.0159257859	-0.1431353738	0.2809352097	0.1399069196	-0.1279121207	-0.0274912259	-0.0423011811	0.0497813395	0.1231171744	0.0650860122	-0.1046383715	0.0342159992	0.0380009022	-0.1774878891	0.1329119799	-0.025626091	0.0458152691	-0.0493141845	-0.0077978199	0.0394626365	-0.1392364221	0.1089642857	-0.1710803482	-0.0438762525	-0.0791471212	0.0767773431	0.000453424	0.005316644	2.8266703422736e-05	2.05593323776e-07	-0.0378494	-0.0032287999999999	0.0014325770803599	1.042514943999998e-05	0.0183884	0.0098731299999999	9.747869599689998e-05	0.00033813325456	-0.00119361	-0.0009206409999999	1.4247048320999997e-06	8.475798508809997e-07	-9.36353e-05	-0.0001912904	3.6592017132160006e-08	8.767569406090001e-09	-0.000193382	-0.000363354	1.3202612931599997e-07	3.7396597924e-08	0.0	0.0	0.0	0.0	0.0	0.0	0.0
76034.74946399567	96.17870660075278	5781283126.05259	9250.343603393683	105460.98762487192	-781.8189437115798	611240.8607462903	11122019910.813389	74766.02680027173	84.15364017209504	7081.835154214447	5589958763.498951	79647.98706687645	70730.22176254418	1.223497	23.46097	0.096192139	0.0627678	0.1144160855	0.2005513812	-0.0322320717	-0.0495076029	0.013169654	0.1036420657	0.0022984482	-0.0314937004	0.0519181272	0.077257613	0.1358243531	0.0107502053	-0.0068810582	-0.0712702448	0.1285613168	0.0276456752	-0.0836203496	0.0251247149	-0.2238998099	-0.0557519952	-0.0861312525	0.0776407183	0.0013698021	0.0959762881	0.0759791858	0.036629802	0.0243922393	0.0281597171	0.0917632924	-0.1004780524	0.0758191981	0.1200964594	-0.0548064866	-0.1059068062	-0.0185287818	-0.0125492736	-0.0251094195	0.0005713341	0.0987617203	-0.1511688222	-0.0082025613	-0.0358242755	0.0331227678	-0.0121601269	-0.0220899989	-0.0770322731	0.0263141312	-0.0302392773	0.0804756919	-0.136384679	-0.1724777848	-0.0284043022	-0.0632311916	0.0273835742	0.030299626	0.2630405745	0.1051996015	0.0722711511	-0.0105589	-0.011012324	0.0001212712798809	0.00011149036921	-0.0507063	-0.0128569	0.00257112885969	0.00016529987761	0.00272627	-0.01566213	0.0002453023161369	7.432548112899999e-06	-0.000136879	0.001056731	1.8735860641e-08	1.116680406361e-06	-0.00017012	-7.64847e-05	5.84990933409e-09	2.89408144e-08	-0.000193382	0.0	0.0	3.7396597924e-08	0.0	0.0	0.0	0.0	0.0	0.0	0.0
75989.36078625772	-45.388677737952094	5774382952.704042	2060.132066799668	105553.76508068648	92.77745581456112	8607.656307422838	11141597322.70875	74966.15476675724	200.1279664855101	40051.20296962546	5619924360.5134	79696.59629358363	69401.63140940793	1.280432	24.552702	0.1118134	0.0725187999999999	0.0643355097	-0.0793463388	0.1448770497	0.1460253258	-0.0034746658	0.0807376669	0.1159344705	-0.093237365	-0.0640654646	-0.0365737803	-0.1240091878	0.0627507908	-0.2621850112	-0.1875480343	-0.0306962001	0.0114459754	-0.0799794672	0.0499428188	0.0147810143	0.0825907256	-0.0064546455	-0.0390118946	-0.0430416278	0.1992324699	-0.0631488939	0.1379470383	-0.0142638946	0.137619746	-0.015416238	-0.0245023918	0.1340263685	0.015805154	0.1550992812	-0.1654125812	-0.000265755	0.1446952124	-0.0690333394	0.2837456242	0.0044528643	-0.0662877271	0.1481461557	-0.0926963869	-0.0453978921	-0.0461847411	0.1471567491	-0.0253158374	0.0796620483	0.207648841	-0.0798630408	0.1355749571	-0.1738863833	0.017947632	-0.0348872909	0.0873904543	0.09879951	-0.0221008154	-0.1228675149	0.0676769079	-0.00407063	0.0064882699999999	4.209764759289999e-05	1.6570028596900004e-05	-0.0736547	-0.0229484	0.00542501483209	0.00052662906256	0.0426058	0.0398795299999999	0.0015903769130208	0.00181525419364	-0.000986823	-0.0008499439999999	9.73819633329e-07	7.224048031359999e-07	-0.00017012	0.0	0.0	2.89408144e-08	-0.000193382	0.0	0.0	3.7396597924e-08	0.0	0.0	0.0	0.0	0.0	0.0	0.0
76067.40900983218	78.04822357445664	5786250713.469097	6091.52520312837	105293.15959192497	-260.60548876151734	67915.22077262934	11086649456.85058	74911.14622961957	-55.0085371376772	3025.9391580272118	5611679829.435446	79809.35058503327	70236.96071290104	1.26384	24.234552	0.13315252	0.0748843	0.1380552743	0.1488195736	0.0392239746	-0.0984394222	0.1771341882	0.1507235494	-0.0770014477	-0.0216808888	0.0268649176	0.1268929164	-0.0516385108	0.0080180261	-0.1598645728	-0.1232998796	0.2022722898	0.0068220748	0.0576224501	0.0748661002	-0.039246504	-0.0230662872	-0.073450177	0.0671123394	-0.0895288307	0.1064977969	-0.0465475563	-0.0080111965	-0.1807173581	-0.0139491141	0.1073918353	-0.0736060661	0.2061127531	0.0631855817	-0.0684820706	0.0607055495	0.0963808941	0.0530928546	-0.0222260715	0.1181664218	0.0694599299	-0.2662862808	-0.044678482	-0.1968041816	-0.0160909883	-0.1545491128	-0.0817467883	-0.0161034916	0.0632622484	-0.0819651027	-0.0143190278	0.065183473	-0.1377686818	0.0804035139	-0.2070954743	-0.0640308039	0.0034766812	0.0498608473	-0.1578586613	0.0630002108	-0.0105813	-0.00651067	4.23888238489e-05	0.00011196390969	-0.0126941	0.0609606	0.00016114017481	0.00371619475236	0.0183864	-0.0242194	0.0005865793363599	0.00033805970496	-0.000764378	0.0002224449999999	5.84273726884e-07	4.948177802499997e-08	-0.00017012	0.0	0.0	2.89408144e-08	0.00041341	0.000606792	3.68196531264e-07	1.7090782810000004e-07	0.0	0.0	0.0	0.0	0.0	0.0	0.0
76055.30512970679	-12.103880125388969	5784409438.372804	146.50391408978606	106882.33145892034	1589.1718669953698	2525467.2228495493	11423832778.094513	74890.60748414855	-20.53874547101441	421.8400655231149	5608603089.344808	79821.56025481048	70658.2298580076	1.178276	22.59383	0.127707465	0.0606739	0.0454175954	0.016705845	0.2175493476	-0.0615934283	-0.0472103255	-0.0237084395	0.2034140471	-0.2277549287	-0.0132036846	0.1593551053	-0.1017666117	0.0930207569	-0.224623787	-0.0782119503	0.1064242504	0.1216113564	0.0230768455	-0.0934369609	-0.1055257544	0.1338592148	-0.0785182942	0.0425946105	0.0700113774	0.1782695088	0.0777154208	0.044078697	0.0776570444	0.1375757173	0.0220596045	-0.088842755	0.161760529	-0.0262530546	0.1248331814	0.1111923982	-0.1365673288	0.0606020054	0.0016889714	0.2814089519	0.1289575965	-0.0687816318	0.0602533138	0.1069721114	0.0178439801	-0.0085685201	0.0280884222	-0.048076595	0.0033638662	0.0016349521	0.0570275361	0.1220967504	-0.2185095697	-0.0844781294	0.2296315188	-0.1836511354	0.1569465871	-0.099636356	-0.0055432213	0.0582467576	0.0166525	0.0272338	0.00074167986244	0.00027730575625	-0.0600766	-0.0473825	0.00360919786756	0.00224510130625	0.0184096	2.3200000000001e-05	5.382400000000462e-10	0.00033891337216	-0.000428236	0.000336142	1.8338607169600006e-07	1.12991444164e-07	-5.16947e-05	0.0001184253	1.4024551680090003e-08	2.67234200809e-09	-0.000193382	-0.000606792	3.68196531264e-07	3.7396597924e-08	0.0	0.0	0.0	0.0	0.0	0.0	0.0
75871.878361861	-183.4267678457836	5756541926.157032	33645.379162351	106126.50129674692	-755.8301621734136	571279.2340510887	11262834277.488426	74680.60092844203	-210.00655570652447	44102.753439717584	5577192155.033216	79619.67290581597	70103.9494243284	1.080953	20.727644	0.183735635	0.0836214	0.0663124165	-0.0645299309	0.1027743965	-0.204173599	0.1130436566	0.0028070483	0.0940470629	0.0523837586	-0.1041859039	0.0991151105	0.0394380227	-0.0820148974	0.0544687854	-0.053328737	0.0987880195	-0.0154093201	-0.1138215837	-0.1020068003	-0.0922924731	-0.0001474125	0.0545749322	-0.0558904306	0.110220646	0.028265556	0.109650024	-0.1538768328	-0.0704115185	0.0185089131	-0.3011734322	0.1489182571	0.1877619814	-0.1030129378	-0.0199852497	0.1137859212	-0.0817113386	-0.0781091249	-0.0269302124	-0.0174534207	0.0607502739	-0.0372285257	0.067748648	0.0385880277	-0.1195089945	-0.0524981627	-0.08365025	-0.0691947328	-0.0818980466	-0.1795759073	-0.104401634	-0.112655382	0.0003753081	-0.1749499983	0.0211095877	-0.0986683596	-0.0003466371	0.1047607934	-0.2083619542	0.0534223397	-0.00691885	-0.02357135	0.0005556085408225	4.78704853225e-05	0.0086087	0.0686853	7.410971569000001e-05	0.00471767043609	-0.0220221	-0.0404317	0.00163472236489	0.00048497288841	-0.0010671	-0.000638864	1.1387024100000005e-06	4.081472104960001e-07	-1.1216e-05	4.04787e-05	1.6385251536899994e-09	1.2579865600000002e-10	0.000148221	0.000341603	1.16692609609e-07	2.1969464841e-08	0.0	0.0	0.0	0.0	0.0	0.0	0.0
75862.22513313513	-9.653228725874214	5755077202.150479	93.18482483404313	105987.81443311348	-138.68686363344025	19234.04614448045	11233416808.308098	74686.137109375	5.536180932977004	30.64929932265813	5578019076.320362	79602.8919514974	69931.73178481648	1.016296	19.487816	0.18946695	0.0970565	0.1214943622	0.0890267716	0.0819649145	-0.0659836774	0.0352381122	0.0655872222	0.1507141405	-0.0238896515	0.0273782892	0.0963264595	0.013700205	-0.0098066881	0.0121164761	-0.1014925431	0.1690363937	0.0857155327	-0.0541001133	-0.1515289444	0.1087668589	-0.0656052005	-0.1788902919	-0.0013749221	0.1108096637	-0.0054836946	0.0390333757	-0.1444998716	-0.0166532387	-0.0297705973	0.0750948279	0.0323835048	-0.1128833912	-0.0189412621	-0.0499206139	-0.1255457932	-0.1840919029	-0.1943056467	-0.0564326082	0.0498047798	0.1456492797	-0.1175931569	-0.0589385753	0.0788185941	-0.0222283404	-0.0250031507	0.1262287854	0.097669402	0.04716326	-0.1445332171	0.0752325548	-0.0877362771	-0.039102909	-0.057055158	0.0080757015	-0.1208059137	-0.088970514	0.06727691	0.1167122519	0.048532835	-0.0105837	-0.00366485	1.34311255225e-05	0.00011201470569	-0.0722686	-0.0808773	0.00522275054596	0.00654113765529	0.0254571	0.0474792	0.00225427443264	0.00064806394041	-0.000108332	0.000958768	1.1735822224000002e-08	9.19236077824e-07	-0.00017012	-0.000158904	2.5250481216e-08	2.89408144e-08	0.000179461	3.1240000000000006e-05	9.759376000000003e-10	3.2206250521000004e-08	0.0	0.0	0.0	0.0	0.0	0.0	0.0
75784.78064696066	-77.44448617447051	5743332977.707943	5997.648438827754	105346.01135854251	-641.8030745709693	411911.1865287493	11097782109.15417	74608.62219769022	-77.5149116847897	6008.561533500746	5566446506.237673	79446.17352792245	69457.94616764357	0.980143	18.794571	0.09965616	0.0538132	0.0888375586	-0.0906639241	0.1321305867	-0.0353458859	-0.0072041591	0.041116137	0.1029595138	-0.0521955239	-0.0647322018	-0.0736754739	-0.0034014564	0.0964299675	0.1231800911	-0.133794237	-0.1074218384	-0.0358320441	-0.0685490272	-0.1662167783	0.1154481911	0.0286648337	0.1139946892	-0.0142300052	-0.1251193675	0.062952478	0.0493050606	-0.0050025679	0.0574935044	-0.1263231921	-0.0054663551	-0.0839709785	0.2698171953	0.0719139676	-0.1773676526	-0.0179057362	0.0939834274	0.0732475103	-0.0929294331	-0.025596786	0.0454755499	0.1667785031	0.2081293372	0.0159603999	-0.0518566377	-0.0152341301	0.0763158022	0.0681684388	0.1331187982	0.0058780374	-0.052445994	-0.0340305953	0.1020999674	0.03353769	-0.1673413319	-0.103937506	-0.0666353922	0.1704597808	-0.0818593998	0.0435842004	-0.0105957	-1.1999999999999858e-05	1.4399999999999658e-10	0.0001122688584899	-0.026284	0.0459846	0.000690848656	0.00211458343716	-0.00201231	-0.02746941	0.0007545684857481	4.049391536099999e-06	-0.000392543	-0.000284211	1.5409000684900004e-07	8.077589252100001e-08	-0.00017012	0.0	0.0	2.89408144e-08	0.000419053	0.000239592	5.7404326464000003e-08	1.7560541680900005e-07	0.0	0.0	0.0	0.0	0.0	0.0	0.0
75829.65295992604	44.87231296538084	5750136268.02282	2013.5244708630855	105334.42173491932	-11.589623623192892	134.31937572727074	11095340402.229843	74626.92555480072	18.30335711050429	335.0128815146481	5569178017.761768	79485.27375849971	69785.43371660198	0.998757	19.151491	0.05773564	0.0345339	0.105113375	0.0858960332	-0.016893835	-0.0476299188	0.1327282533	0.1060875635	-0.0174220459	-0.0277060284	0.0005120183	0.0504649978	0.0817835045	-0.0316691846	0.1104930729	-0.0927081185	0.0805057329	-0.0119659642	-0.1477587229	0.0028313071	0.0813028199	0.0244955708	-0.0843663709	-0.0173475208	-0.0337292307	0.0119539812	-0.08586503	-0.1428613699	-0.004797236	-0.0572770692	-0.0048017311	-0.0327869802	0.0862309101	-0.0834151489	-0.0752071969	-0.0528650199	-0.0466665653	0.0104817128	-0.0743008309	-0.115460841	0.0629632887	-0.0815178093	0.0407341068	-0.0555369614	-0.0690727266	-0.0949030783	0.0725125816	-0.0137267671	0.0186121208	-0.1208776107	-0.0662738205	-0.0473989644	0.0164972011	0.0170112038	-0.0483522253	-0.0527857646	-0.0257654501	0.1443240028	-0.0176167514	0.0385824652	-0.0071185	0.0034771999999999	1.209091984e-05	5.067304225e-05	-0.0162929	0.0099911	0.0002654585904099	9.982207921e-05	-0.0362643	-0.0342519899999999	0.00117319881896	0.00131509945449	-0.000584693	-0.0001921499999999	3.41865904249e-07	3.692162249999997e-08	-0.00017012	0.0	0.0	2.89408144e-08	0.00042721	8.15700000000001e-06	6.653664900000016e-11	1.8250838410000002e-07	0.0	0.0	0.0	0.0	0.0	0.0	0.0
75788.44571420351	-41.20724572252948	5743888503.774773	1698.037100036924	105311.48799708633	-22.933737832994662	525.9563309925309	11090509504.160458	74625.52447350543	-1.4010812952910785	1.9630287960145256	5568968902.945758	79600.44257722078	69846.89245201608	0.97472	18.690588	0.0782328999999999	0.048063	0.0939874718	0.040553612	0.1040187142	-0.0374310031	-0.1207668739	0.0182353822	0.06487451	-0.0996265491	0.0879126877	-0.1303810919	-0.0445288391	0.138703367	0.0824860484	-0.0841227585	-0.0698020744	-0.0097545771	0.1036638337	-0.1717026137	-0.0804583303	-0.1969471321	-0.2259832181	0.0119231468	-0.1927551563	0.1246492907	0.1291019792	0.0040241096	-0.0025628397	-0.0770307164	-0.034425762	-0.1213138799	-0.0143163381	0.0533699899	-0.1417683134	-0.2428345939	-0.1452594456	0.0685027782	-0.014719579	-0.0222680894	0.0950928789	0.1029310708	0.0936116848	-0.0746467932	0.1304415259	-0.1014096246	0.0127734746	0.1582441196	0.1736069148	0.1401171527	0.1805558696	-0.1533988043	-0.1458964946	-0.0961278442	-0.126022821	-0.1557589085	-0.0457565935	0.0907635249	0.0893418215	0.0335337233	-0.00784394	-0.00072544	5.262631936000011e-07	6.15273947236e-05	0.00765791	0.02395081	5.8643585568100005e-05	0.0005736412996561	-0.0142307	0.0220336	0.00048547952896	0.00020251282249	-0.00119602	-0.0006113269999999	1.4304638403999997e-06	3.7372070092900005e-07	-0.00017012	0.0	0.0	2.89408144e-08	0.000408076	-1.9134000000000024e-05	3.6610995600000087e-10	1.66526021776e-07	0.0	0.0	0.0	0.0	0.0	0.0	0.0
75822.32858045709	33.8828662535816	5749025511.362801	1148.0486255580986	106282.04774750255	970.5597504162288	941986.2291280124	11295873673.402412	74731.54269134963	106.01821784420464	11239.862514861228	5584803473.029013	79632.60183015047	69314.38936260798	1.026955	19.692204	0.16150913	0.0778799	0.1755156926	-0.105435094	0.1248061212	-0.0669146137	0.0293194807	0.0804619334	0.2428019234	0.055171107	-0.1529081641	0.0610583782	0.0268061975	-0.0750153057	0.0071854105	-0.128213992	0.2048058019	-0.0027600371	-0.0607855999	-0.106619063	-0.0523013113	-0.0725136842	-0.1257226966	-0.1340688461	-0.02565754	-0.0700429808	0.0680723161	-0.0073386097	0.0254325285	-0.1303511674	0.08507931	-0.0577158212	-0.218746809	0.0327759315	0.070093097	0.0225763824	0.1240003594	0.1241305498	-0.1044033694	0.0538271693	0.1851993729	-0.0592502627	0.0752702097	0.0840822206	-0.1903566227	-0.0295207501	-0.0940064713	0.0453679745	0.1355268954	0.0108315356	0.0874846317	-0.1582242574	0.0093359369	-0.0304350203	-0.0152456581	0.026669584	-0.0451242929	-0.0495067129	-0.0274774075	0.0284441256	0.00367498	0.01151892	0.0001326855179664	1.35054780004e-05	-0.0571603	-0.06481821	0.0032672998960899	0.0042014003476041	0.0254929	0.0397236	0.0015779643969599	0.00064988795041	-0.000717102	0.0004789179999999	5.142352784039999e-07	2.2936245072399999e-07	-0.00017012	0.0	0.0	2.89408144e-08	-2.1974e-05	-0.00043005	1.8494300250000005e-07	4.82856676e-10	0.0	0.0	0.0	0.0	0.0	0.0	0.0
75780.87419236609	-41.45438809100597	5742740893.359216	1718.4662919997377	105417.28910252303	-864.7586449795199	747807.5140668153	11112804841.724922	74675.16673460144	-56.37595674819022	3178.2484992738146	5576380526.840526	79426.41309859665	69540.70090558715	1.087684	20.856705	0.12259041	0.0592186	0.1313624002	0.058952845	-0.0918355236	0.0863694154	0.1378123004	0.1901543373	0.0071297167	-0.0160661128	-0.0535745321	0.0296858551	0.1130400161	-0.0175915434	0.0022692563	-0.1265991138	0.0066535232	-0.0154606541	0.0180599935	-0.0551403871	0.071922508	0.0912910831	0.0107622565	-0.0554621583	-0.0432140129	-0.0372432363	-0.0775180912	0.0061638903	-0.0981363335	-0.1351959628	-0.051973602	0.1821802607	-0.0007313587	0.0836130654	0.2034760679	-0.2261801486	0.1926321665	-0.059763855	-0.1501347456	0.0329557822	0.0205138089	-0.0509953665	0.0130070809	-0.0406233442	-0.0324883578	-0.1084141296	0.1203981016	0.0594711599	-0.1412759582	-0.0292702966	-0.057861813	-0.0220199044	0.0699880899	-0.0042909368	-0.0999661727	0.0987739328	-0.1267744395	-0.1335690478	-0.2058611646	0.0233198732	-0.0105326	-0.01420758	0.0002018553294563	0.0001109356627599	-0.00964007	0.04752023	9.29309496049e-05	0.0022581722592528	0.0366345	0.0111416	0.00012413525056	0.00134208659025	-0.00114621	-0.000429108	1.3137973641e-06	1.84133675664e-07	-0.000564024	-0.000393904	1.55160361216e-07	3.18123072576e-07	-0.000193382	-0.000171408	2.9380702464000004e-08	3.7396597924e-08	0.0	0.0	0.0	0.0	0.0	0.0	0.0
75730.10337522099	-50.77081714509404	5735048557.221658	2577.675873580575	105763.90784291751	346.61874039447866	120144.551192655	11186004202.205149	74699.46039402173	24.29365942029108	590.1818880290974	5580009383.158022	79657.6164541739	69527.91377745214	1.051123	20.155634	0.0864908699999999	0.0475181	0.2014113907	0.0317516662	0.0770550732	-0.0115690107	-0.1878972533	0.0650634359	0.0960268199	-0.1265502982	0.0463997228	-0.1320812999	0.0109477418	0.0700519561	-0.0138738327	-0.0752359588	-0.1055648301	0.0873840884	0.0014965755	-0.175258513	-0.05426794	0.0598893654	-0.0951325815	-0.0008727524	-0.0264682368	-0.0956877221	0.1390636106	-0.0829588203	-0.0888348727	0.1557618876	-0.1884353052	-0.0276642624	-0.0983712857	0.1403407134	0.0291560522	-0.0198850541	0.1442284219	0.0845083735	-0.0537931143	0.0913936245	0.1348709774	0.1079840842	0.0524317524	-0.0826550221	0.0907827112	-0.0031452548	0.0358815961	-0.001192121	0.0148264731	-0.0640026139	0.2073893619	-0.0681664048	0.0840641992	-0.1474476423	0.0069070377	-0.0007203007	0.0838561769	-0.1552331765	-0.0566963635	0.0181672091	-0.010583	-5.040000000000079e-05	2.5401600000000803e-09	0.000111999889	-0.0081983	0.00144177	6.721212289000001e-05	2.0787007329000007e-06	0.0124717	-0.0241627999999999	0.0005838409038399	0.00015554330089	-0.000955621	0.0001905889999999	9.13211495641e-07	3.632416692099996e-08	-0.00017012	0.000393904	1.55160361216e-07	2.89408144e-08	0.000438843	0.000632225	3.997084506250001e-07	1.9258317864900001e-07	0.0	0.0	0.0	0.0	0.0	0.0	0.0
75747.20049815594	17.097122934952495	5737638383.307837	292.3116126528786	106119.05935819032	355.1515152728098	126132.59880057284	11261254759.067122	74627.37014266304	-72.0902513586916	5197.004340959336	5569244374.410035	79416.8591498481	69226.0536046308	1.164039	22.320835	0.052428615	0.030571	0.0877574167	-0.1116588258	0.0797256366	0.1350530632	0.0786478202	0.1360442908	0.0968384295	-0.0308604611	-0.2276973113	-0.0503973903	-0.0295189722	-0.0863074318	0.0668449355	-0.1273960597	0.033364817	0.0890694647	-0.0820510423	-0.1150321352	0.0904886547	0.206829376	0.0255086628	0.1120516365	-0.1086310337	-0.1071161014	-0.1635733473	-0.0129670358	-0.0063336541	-0.003806195	-0.2062461676	-0.0425689503	0.07529541	-0.0649215114	0.0928142816	-0.1258725816	-0.1194778944	-0.1350815306	-0.1446371765	0.0031433686	0.0896050397	0.0481904407	0.0773722017	-0.0230166178	-0.1538933514	-0.0537702015	0.0859786535	0.0129008597	-0.0908526874	-0.1202513401	-0.0436333476	0.0915519656	0.0836710852	0.2445929683	-0.0004831938	-0.0608905757	0.0804665212	-0.1113869833	0.0213857968	0.012992411	-0.0105631	1.989999999999978e-05	3.9600999999999117e-10	0.00011157908161	-0.0112242	-0.0030258999999999	0.00012598266564	9.15607081e-06	0.0212864	0.0088147	7.769893609e-05	0.00045311082496	-0.00122239	-0.000266769	1.4942373121e-06	7.116569936100001e-08	-0.000258717	-8.859699999999999e-05	7.849428408999999e-09	6.6934486089e-08	-1.71533e-05	-0.0004559963	2.0793262561369e-07	2.9423570089e-10	0.0	0.0	0.0	0.0	0.0	0.0	0.0
75722.55099186562	-24.649506290326823	5733904728.715689	607.5981603568617	105054.44391969776	-1064.6154384925612	1133406.0318767084	11036436187.276922	74591.37053328805	-35.99960937499418	1295.9718751521689	5563872558.034272	79320.62004575376	68786.58564645937	1.314135	25.198978	0.096535715	0.059577	0.2459152359	0.1151909963	-0.0804861429	0.086039449	0.0269834036	0.2143983974	-0.0619620266	-0.0553518621	0.0630541972	-0.0602532804	0.0973661751	0.0338166974	0.1250082314	-0.1796974115	0.089929593	0.0015250221	-0.0795370424	0.0078312452	0.0730147476	-0.0242638538	-0.1446546213	-0.0242243733	0.0225295851	0.1184292655	-0.0349043019	0.1996969637	0.0945304405	0.0856631626	-0.0683510838	0.1053485305	0.0297067108	-0.1582605932	0.0249269568	-0.0343590814	-0.0809364206	0.0845776719	-0.1452916948	-0.1105471683	0.0927658254	-0.0465606912	-0.0129540463	-0.1586264766	-0.0715513128	-0.085119811	0.0808094708	0.1316659492	0.0678381907	0.0541216011	-0.0985155393	0.1129722387	-0.0944691239	-0.0894584748	0.0815052779	0.0456154497	-4.43033e-05	0.0675951856	0.0882145954	0.0078017837	-0.0105677	-4.599999999998702e-06	2.1159999999988065e-11	0.0001116762832899	0.0107789	0.0220030999999999	0.0001161846852099	0.0004841364096099	-0.0347753	-0.0560617	0.00314291420689	0.00120932149009	-0.0013506	-0.0001282099999999	1.82412036e-06	1.6437804099999977e-08	-0.000323832	-6.511500000000003e-05	4.239963225000004e-09	1.0486716422400001e-07	0.000158848	0.0001760013	3.097645760169e-08	2.5232687104000003e-08	0.0	0.0	0.0	0.0	0.0	0.0	0.0
76855.22371118363	1132.6727193180122	5906725411.696082	1282947.4890872606	107587.87118180071	2533.427262102952	6418253.69236646	11575150025.431746	74876.3988111413	285.02827785325644	81241.11917599315	5606475098.925083	80802.20505190249	75410.86105480214	3.21423	61.633923	0.891431978	0.6534	-0.4275878924	0.4342787625	0.3694773313	0.1562728979	-0.1388067504	-0.3398788355	-0.2163386283	-0.5850585917	0.0314161396	0.2214286061	-0.0453087354	-0.4369412884	-0.2269694136	0.5704082263	0.2074791299	-0.0798553963	-0.3267572399	-0.181702399	-0.0500079376	0.1408189808	-0.2394863469	-0.0523605708	-0.2130864933	0.0654779262	0.0051167554	0.0116074653	0.053324703	-0.0815529078	-0.0502175305	0.0901414412	-0.0850884271	-0.084111006	-0.0308501487	-0.1579953754	0.0513516822	-0.0958630747	0.7259091532	-0.0939975514	0.3071841839	-0.1757584549	0.2717631303	-0.1958552484	-0.2014308791	-0.0062984864	0.1652572785	-0.0139645133	-0.121294442	0.0500356962	0.0090954883	-0.0221285422	0.0796389639	-0.052642333	-0.0416621565	0.0606787812	-0.0459697597	-0.0405557518	0.0128656052	0.0026016511	0.0340716	0.0446393	0.00199266710449	0.00116087392656	0.0917952	0.0810163	0.00842635874304	0.00656364086569	-0.68633	-0.6515547	0.42452352709209	0.4710488689	-0.00195003	-0.00059943	3.8026170009e-06	3.593163249e-07	0.00119297	0.001516802	2.300688307204e-06	1.4231774209e-06	-9.35356e-06	-0.00016820156	2.82917647864336e-08	8.74890846736e-11	0.0	1.0	0.0	0.0	0.0	0.0	0.0
76203.12130759358	-652.1024035900482	5806915697.019823	425237.5447679181	104811.35493444224	-2776.5162473584787	7709042.471845609	10985420123.193628	74898.11012794384	21.71131680253893	471.3812773002093	5609726900.737604	79501.18138020833	72717.19443442753	2.16443	41.503662	0.398687822	0.226905	-0.4783180796	-0.0676990857	-0.0571262188	-0.0069567719	0.1773863243	-0.3081125368	-0.2900145806	0.2001744383	-0.210716631	0.0337506351	0.1123991332	0.1806500851	-0.229403203	0.2057341996	-0.2009373605	-0.1542248539	-0.0044008693	-0.0417112566	0.2803923277	-0.0297219778	-0.2667665828	0.1069402746	0.0547064513	-0.0824151533	0.0442786832	-0.1469931284	-0.0636764599	0.1452262717	0.1160540268	-0.0921075219	0.2080029296	-0.0481119557	-0.0360417135	0.0798688381	0.2086006851	0.136647641	0.1981376154	0.0803142073	-0.5246062287	-0.1060978428	0.0562691988	0.0795268805	-0.096579844	0.0158352453	0.2396983614	0.1220126383	0.0878810648	-0.2532606145	0.3000426291	-0.0391240583	-0.1469753915	0.019466546	-0.0574534374	-0.1678810343	0.1820812766	0.0077405872	-0.0779513655	-0.0026016511	0.144555	0.1104833999999999	0.0122065816755599	0.020896148025	0.103449	0.0116538	0.010701695601	0.00013581105444	-0.527214	0.159116	0.025317901456	0.2779546017959999	-0.00339663	-0.0014466	1.1537095356899998e-05	2.09265156e-06	0.000400625	-0.000792345	6.278105990250001e-07	1.60500390625e-07	-0.000119101	-0.00010974744	1.20445005865536e-08	1.4185048201e-08	0.0	0.0	1.0	0.0	0.0	0.0	0.0
76123.0467992263	-80.07450836728094	5794718253.997197	6411.926890261746	105319.48674036244	508.13180592020217	258197.932187726	11092194287.25338	74957.56497961956	59.45485167572042	3534.8793877819157	5618636547.673889	79708.60567581742	70254.40058135171	2.229884	42.758778	0.3810739599999999	0.250988	-0.0212789108	0.0822877524	0.0425964071	0.0625163547	0.013085525	0.0766498712	-0.2152799991	0.0244331519	0.0149340902	0.198653295	-0.2331605498	0.0297863572	-0.2292887551	-0.0090517684	0.0544312667	-0.1895817487	0.0500729267	-0.0769782124	0.11691341	-0.3370078671	0.1517428085	0.2045662664	-0.0690542062	-0.0556207315	0.1643320118	0.1703837461	-0.1482470625	0.1720801278	-0.0782549892	0.1413788178	-0.0662255598	-0.1057867724	-0.1477195761	-0.0274689395	0.0013253664	-0.1457517859	-0.0182196871	0.1643263312	-0.1610093948	-0.2125988126	-0.0307920454	-0.2096307408	0.1108431422	0.3425939897	-0.1636341354	0.29087775	-0.0583200723	0.078938906	0.1398276416	-0.1005176793	0.0543038239	-0.001123126	-0.0453450588	0.2499113455	-0.140336846	0.0269271899	-0.1247995058	-0.0078017837	0.137047	-0.0075079999999999	5.63700639999998e-05	0.018781880209	0.100845	-0.0026039999999999	0.010169714025	6.780815999999975e-06	-0.27227	0.2549439999999999	0.0649964431359999	0.0741309529	-0.00194845	0.0014481799999999	3.7964574025e-06	2.0972253124e-06	0.00121204	0.000811415	6.58394302225e-07	1.4690409616e-06	-5.83368e-05	6.07642e-05	3.6922880016399998e-09	3.40318223424e-09	0.0	0.0	0.0	1.0	0.0	0.0	0.0
75999.68409713745	-123.36270208885252	5775951982.864687	15218.35626666298	104765.02976514472	-554.4569752177194	307422.5373675827	10975711461.691658	74782.05320991848	-175.51176970108645	30804.38130360721	5592355482.291079	79375.78605233652	70793.10001323622	1.204453	23.095783	0.0681891349999999	0.0444134	-0.1689567856	-0.0796087387	0.0763553553	-0.0169066675	0.1703737027	-0.0572355273	-0.2050898118	0.1258137138	-0.1103147977	0.0395631435	-0.3467900131	0.1363839532	-0.0938865659	0.0764091686	-0.0145317608	-0.1987650563	0.141659597	0.0165159832	0.0181546114	-0.2501733938	0.0117563885	0.0435706226	0.1103135887	-0.0451337849	-0.1461446234	0.032765927	0.0455739655	-0.2171975905	0.0171523357	-0.0923995526	0.1056823949	0.0399095651	0.0920801235	-0.0322455395	-0.1679714933	0.0183667122	0.0364549728	0.0184002037	-0.2530225384	-0.0538714552	0.059178008	0.019019018	-0.1256316602	0.1206544448	-0.1983533537	0.134691017	-0.0562511514	0.1311841045	-0.0692174774	-0.046506605	-0.076434428	0.119948338	-0.1196251219	-0.1689530355	-0.046934854	-0.0169256529	0.2036835082	-0.012992411	0.0938409	-0.0432061	0.0018667670772099	0.00880611451281	0.103174	0.0023289999999999	0.010644874276	5.424240999999989e-06	-0.283422	-0.0111519999999999	0.0001243671039999	0.080328030084	-0.00190028	4.816999999999994e-05	3.6110640784e-06	2.320348899999994e-09	0.00106662	-0.00014542	2.1146976400000016e-08	1.1376782243999998e-06	-2.18861e-05	3.64507e-05	1.32865353049e-09	4.7900137321e-10	0.0	0.0	0.0	0.0	0.0	0.0	0.0
76239.83983278688	240.15573564943043	5812513177.728996	57674.77736531911	104615.32533339204	-149.70443175267428	22411.41688639111	10944366294.61146	74867.52870244565	85.47549252716999	7306.059822762293	5605146854.011523	79513.39858398438	71022.04057294098	1.277395	24.494471	0.302579885	0.137046	-0.0953090764	0.1677004633	0.0057464605	0.0419957457	0.1756243455	-0.013800714	-0.1508433993	0.0297100181	0.0765683846	0.2181740588	-0.1134903747	0.2603207888	-0.1135230295	-0.0001087949	0.1149731585	-0.1715417338	-0.044401905	0.2102573509	0.0963301991	-0.2163721903	0.0969535425	-0.2778793979	0.1006585253	0.0040716274	-0.0360685127	-0.1186107887	0.0326620401	0.1316523726	0.0490785455	-0.0334217803	-0.0809281733	0.0469419696	0.0244739169	0.0543347204	-0.2669492253	-0.0176238985	0.011307865	0.0491655925	-0.1437274219	-0.2563461231	-0.1098814628	0.0027795662	0.0488279544	0.1536895541	-0.0300911102	0.0082488223	0.2084245759	0.0294042123	-0.265072388	-0.1597922848	0.0567187769	-0.1119656281	0.1136998071	0.0238059695	0.0601392248	-0.0093595264	0.160753865	-0.0181672091	0.0434673	-0.0503736	0.00253749957696	0.00188940616929	0.0127292	-0.0904448	0.00016203253264	0.00818026184704	-0.328585	-0.045163	0.002039696569	0.107968102225	-0.000841224	0.001059056	7.07657818176e-07	1.1215996111360002e-06	6.26892e-05	-0.0010039308	1.00787705118864e-06	3.9299357966399995e-09	-0.000290869	-0.0002689829	7.235180049241e-08	8.460477516100001e-08	0.0	0.0	0.0	0.0	0.0	0.0	0.0
76031.10326612668	-208.73656666019812	5780728663.864419	43570.95426108735	105523.73176549692	908.4064321048792	825202.2458895162	11135257965.716543	74819.29496150362	-48.23374094202882	2326.493765262747	5597926898.536481	79675.84845739295	71099.21684924669	1.520041	29.147293	0.21992796	0.123644	-0.2876546019	-0.1402214615	0.0596634137	0.0364731987	0.0340129216	-0.2188439133	-0.1552384818	-0.0337939552	-0.0519090289	-0.0946828639	-0.1068228553	0.0843992107	-0.1493435482	0.0974710999	-0.1366036035	-0.103629294	0.0049082016	-0.0202156805	-0.0025106532	-0.1519617455	0.1547286259	-0.0045448454	-0.060830918	0.2670209691	-0.0246875403	-0.0323670171	0.0218014088	-0.0372201391	-0.2090598378	0.119150711	-0.0002057169	-0.0097604772	0.0857034949	-0.0699035682	-0.0388678892	-0.056594316	0.1347397682	0.1022892073	-0.1967275031	0.0583840349	0.0825799049	-0.1019800015	0.038884163	0.0644379355	-0.0515895569	0.0318340851	0.0268886782	-0.0052999438	-0.2565991459	0.0036298874	-0.0432136454	-0.0056578499	0.0421631984	-0.0753258785	-0.1062321386	0.0471170642	-0.1756238358	-0.0233198732	-0.0129599	-0.0564272	0.0031840288998399	0.00016795900801	0.0196316	0.0069023999999999	0.0003853997185599	4.764312575999999e-05	-0.339968	-0.0113829999999999	0.0001295726889999	0.115578241024	-0.00126465	-0.0004234259999999	1.5993396225e-06	1.7928957747599997e-07	-0.00211107	-0.0021737592	4.72522905958464e-06	4.4566165449e-06	-0.000597991	-0.0003071219999999	9.432392288399997e-08	3.57593236081e-07	0.0	0.0	0.0	0.0	1.0	0.0	0.0
76109.87622025883	78.77295413214597	5792713258.26312	6205.178302705172	105779.67995965676	255.9481941598351	65509.47809368065	11189340692.367409	74706.71471354166	-112.58024796195969	12674.312231176327	5581093223.290502	79665.5241012008	72403.47479463005	1.846855	35.414062	0.1279889209999999	0.0551405	-0.0127506694	0.1769446907	-0.0596684673	-0.2878163527	0.1091698528	-0.0408550216	-0.0210502682	0.0739414754	0.0393103567	0.3698447605	0.0876835391	0.0526266156	-0.0360020435	0.1386100896	0.0185622791	-0.0122673796	-0.0122769067	0.1646234239	0.0833543839	0.0055556244	-0.1072321334	0.1341577135	0.075453392	0.0345362562	0.142173568	0.0316709525	0.0539152409	-0.0776466659	-0.0697578629	-0.0637941737	0.0281867922	-0.0028596463	0.0935300923	0.0834716351	0.2075761347	-0.0013442041	0.0791563371	-0.0535639301	-0.0334701096	-0.1300573084	-0.1243538702	0.0494884344	-0.003500784	0.0157180394	-0.0217526629	-0.1110107458	0.0601402122	-0.0044457566	0.2132514295	0.1360828407	0.0980994164	-0.0467866232	0.0176684891	0.1559112267	-0.1328688089	0.154165196	-0.1668232578	-0.0284441256	0.000986931	0.013946831	0.0001945140949425	9.74032798761e-07	0.00251726	-0.01711434	6.3365979076e-06	0.0002929006336355	-0.300265	0.0397029999999999	0.0015763282089999	0.090159070225	-0.000982561	0.0002820889999999	9.65426118721e-07	7.957420392099994e-08	-0.00155015	0.00056092	3.1463124640000016e-07	2.4029650225e-06	-0.000296505	0.0003014859999999	9.089380819599997e-08	8.791521502500002e-08	0.0	0.0	0.0	0.0	0.0	1.0	0.0
75991.92088615093	-117.95533410790084	5774772039.967021	13913.46084450652	106724.02739177766	944.3474321209068	891792.0725533508	11390018022.72091	74659.37364696559	-47.34106657607481	2241.1765845603472	5574022073.35722	79651.18741952402	71515.4778491237	1.51028	28.960121	0.221453841	0.107342	-0.1778666078	-0.0636520758	-0.0172462977	-0.0978604523	-0.0137958319	-0.1684514688	0.1240424703	0.0027189472	-0.0051909998	0.178749488	-0.0461214987	-0.0229862036	-0.0367382949	0.0810804011	-0.0286710835	0.1515679094	-0.2073446349	-0.0392334544	0.2219993958	0.0846906081	0.1102061387	-0.0355819861	0.2077876366	-0.0159198244	0.0658369563	0.4534922061	0.114065271	-0.0908983939	0.0395546923	-0.0238538747	-0.0921732539	0.0645090545	0.0296370135	0.0066622482	-0.037687991	-0.062049678	0.0914620284	0.0713869715	-0.0180204852	0.0585227151	-0.0827503902	0.203564438	-0.0512402657	0.1288824704	0.3262238118	-0.0326415364	0.0817831953	0.0635481146	0.0086395387	0.0375612242	0.0777534949	0.0512069107	0.0977637882	0.2466476926	-0.2762813533	0.0068708938	0.1495564586	-0.0335337233	-0.0273952	-0.028382131	0.0008055453601011	0.00075049698304	-0.0495185	-0.05203576	0.00245208184225	0.0027077203187776	-0.208745	0.0915199999999999	0.0083759103999999	0.043574475025	-0.000352083	0.000630478	1.23962438889e-07	3.975025084840001e-07	-0.00161601	-6.586000000000005e-05	4.337539600000007e-09	2.6114883201e-06	-0.000590486	-0.0002939809999999	8.642482836099998e-08	3.48673716196e-07	0.0	0.0	0.0	0.0	0.0	0.0	1.0
75951.0067979038	-40.91408824712562	5768555433.61523	1673.9626170935828	106010.01910700565	-714.0082847720187	509807.8307230801	11238124151.0677	74582.47880434783	-76.89484261775215	5912.816821208872	5562546144.600994	79732.44315682871	71655.11256628536	1.401879	26.881495	0.3226754999999999	0.176308	-0.0921891165	-0.0434611002	-0.0236834894	-0.2857559529	-0.1002762688	-0.2689161129	-0.0464578087	0.1052923693	-0.1291293839	-0.0234114153	0.1910360053	-0.015792896	0.0796393998	0.2685213963	-0.0555512491	-0.0352535133	-0.0165387044	-0.0098597945	-0.0461235786	0.006044348	0.084692616	-0.0043995918	0.1048964215	0.1786095827	-0.0665529353	-0.0256264777	-0.1731351716	-0.1638668878	-0.1145254844	-0.2246564832	0.0572311079	0.1100800274	0.0309108783	0.156179621	-0.0312033342	-0.1193796739	0.2102949016	-0.1307501725	-0.0685068639	0.1406215345	0.0462199992	0.1071423057	-0.1079033458	0.0913565143	-0.1152067522	-0.0831966726	0.1231289426	-0.1954049322	-0.0409536083	0.110398624	-0.087599459	-0.0021276245	-0.0680280142	0.0134000736	-0.0771552587	-0.0166316067	0.0123561055	-0.0385824652	-0.0305668	-0.0031716	1.005904656e-05	0.00093432926224	0.0383994	0.0879179	0.00147451392036	0.0077295571404099	-0.355358	-0.146613	0.021495371769	0.126279308164	-0.000758176	-0.000406093	5.74830846976e-07	1.6491152464900004e-07	-0.00270334	-0.0010873299999999	1.1822865288999998e-06	7.308047155599999e-06	-0.000384449	0.000206037	4.2451245369e-08	1.4780103360099997e-07	0.0	0.0	0.0	0.0	0.0	0.0	0.0
76025.1544468072	74.14764890339575	5779824108.660888	5497.873837901245	105414.25808865907	-595.7610183465731	354931.19098134583	11112165808.382423	74582.70613111413	0.2273267662967555	0.0516774586749397	5562580053.840129	79500.99392361111	71606.49438216008	1.429556	27.41221	0.231535	0.133271	-0.1254000559	0.0994258131	-0.1116742856	0.0735726344	0.0511713816	-0.0179381388	0.0221804142	0.1113603072	0.0427637353	0.1062864137	0.1577627582	-0.0072690872	0.0970433666	0.1469602791	0.1469559884	0.0586103701	0.0781156652	0.0201663511	-0.0159663934	-0.1071464316	0.0387466229	0.0276156612	0.1809142516	0.0698775437	0.0007244937	-0.0878420939	0.0037301883	0.0496348096	-0.0053848397	0.1047833817	0.0313035985	-0.1932821381	-0.0976173002	-0.1053217414	0.0666015138	0.1129592087	0.0268366067	-0.1143621613	0.018358143	-0.0600135965	-0.1769581388	0.1475052009	-0.0353542511	0.1523617815	-0.045263997	0.0190169953	0.0174417621	-0.0033172394	-0.0741079219	-0.0393512639	-0.1499184922	-0.0507352452	0.0625449962	-0.0022962499	-0.1201952842	0.1273722898	-0.1910881847	-0.0435842004	-0.0134865	0.0170803	0.00029173664809	0.00018188568225	-0.0422147	-0.0806141	0.00178208089609	0.0064986331188099	-0.252242	0.1031159999999999	0.0106329094559999	0.063626026564	-0.000679623	7.855300000000009e-05	4.61887422129e-07	6.170573809000014e-09	-0.00223376	0.0004695799999999	2.2050537639999986e-07	4.9896837376e-06	-0.00031809	6.635899999999999e-05	4.403516880999999e-09	1.011812481e-07	0.0	0.0	0.0	0.0	0.0	0.0	0.0
75759.79250038504	-265.3619464221556	5739546159.701397	70416.96260895497	105640.03556048284	225.7774718237633	50975.46678313024	11159817113.220078	74741.54612205616	158.8399909420259	25230.14272246287	5586298716.715447	79614.11769386574	70075.63112983175	1.398525	26.817173	0.1546748	0.0793084	-0.031483947	-0.1687709514	-0.0978628122	-0.0296378837	-0.1721499914	-0.1028644968	0.0231906925	-0.0137244522	-0.0241636864	-0.160946408	0.0512786258	0.0172520556	-0.0535679252	-0.0332678743	-0.1523702753	-0.0803047679	-0.0146324602	-0.0294425165	-0.0778397497	0.0099746543	0.1109524024	0.157301752	0.0580794623	-0.1199424311	-0.1386110559	0.0114647201	0.0583373043	-0.0734495757	0.0586148058	0.004896383	-0.1509561454	-0.0534419388	-0.0935336047	-0.1316954359	0.0111368169	0.0732494881	-0.0019192016	0.0920212011	-0.1261926453	0.1253660339	0.1107679149	-0.0241311134	0.0986628364	0.034653486	0.0046975516	-0.0226439711	-0.1866766405	-0.0074498549	-0.0667165723	-0.0471280367	-0.038861725	0.1365675931	-0.0014856526	0.0069216006	-0.1115526246	0.1808004212	0.0640204068	-0.048532835	0.0139562	0.0274427	0.00075310178329	0.00019477551844	0.0175084	0.0597231	0.00030654407056	0.00356684867361	-0.239247	0.012995	0.000168870025	0.0572391270089999	-0.00152614	-0.000846517	2.3291032996e-06	7.165910312890001e-07	-0.00202153	0.0002122299999999	4.504157289999995e-08	4.0865835409e-06	-0.000349623	-3.153300000000004e-05	9.943300890000023e-10	1.22236242129e-07	0.0	0.0	0.0	0.0	0.0	0.0	0.0
75743.71081908971	-16.081681295327144	5737109728.645888	258.62047328447494	105201.938024302	-438.0975361808378	191929.45120772047	11067447764.069078	74732.3680027174	-9.178119338757824	84.23787459648035	5584926827.293579	79626.76583025897	70222.58579341274	1.198841	22.988178	0.14376829	0.0713636	-0.0652057791	-0.0086919021	-0.1697902475	0.0801177452	0.014408831	0.029343592	-0.1173495353	0.1015529907	0.0011452537	0.0107651657	0.1538297215	-0.1110190997	-0.0633234114	0.0318203974	0.057599555	-0.0776831249	0.068373214	-0.0159792704	0.0094766441	-0.1579564676	0.0164578986	0.0075934661	-0.0247844061	-0.2332063737	-0.1771525203	-0.0270509356	0.1650273315	0.0734563564	0.0322494724	0.0600594946	0.0365790275	0.046285783	0.2049587251	-0.020938226	0.0919879558	0.1100315972	0.0707527431	-0.0167498205	-0.0845113325	-0.082782995	-0.0915437584	-0.0631597206	-0.0944202254	-0.1106905646	-0.0922020263	0.0976330869	-0.1294221273	0.0634550252	-0.0094370884	-0.1396348075	0.0595126936	0.2351749778	0.1588088662	-0.0633332788	0.0352303527	0.0146673875	-0.0892154558	-0.0534223397	0.0305882	0.016632	0.000276623424	0.00093563797924	0.0417496	0.0242411999999999	0.0017430291001599	0.0005876357774399	-0.289023	-0.0497759999999999	0.0024776501759999	0.0835342945289999	-0.00110182	0.0004243199999999	1.2140073124000005e-06	1.8004746239999999e-07	-0.00170458	0.00031695	1.0045730250000005e-07	2.9055929764e-06	-2.85112e-05	0.0003211118	1.0311278809924001e-07	8.128885254399998e-10	0.0	0.0	0.0	0.0	0.0	0.0	0.0
75697.62312561831	-46.08769347140333	5730130146.868144	2124.075489514033	105382.74210745389	180.80408315188836	32690.116484394952	11105522334.086134	74484.38328804348	-247.98471467391937	61496.4187119052	5547923353.800171	79538.10207338686	70446.8898265924	1.057269	20.273479	0.07120579	0.0405873	-0.0832263772	0.0491555195	-0.0996924506	0.1046229809	-0.2009852929	-0.1111212935	-0.1154668519	-0.0039392696	0.0784095894	-0.1428657254	0.0618632093	-0.0077516978	0.0869757688	0.1371283502	-0.0635342664	-0.0296496091	0.1996215477	-0.1525541851	-0.1059146726	0.1776746477	-0.1422754202	0.1431913519	0.1875541442	0.2648794439	-0.1876851727	0.0725222455	-0.0510422305	-0.0508540239	0.0459586015	0.2522084247	-0.052003477	0.1883785829	0.0563706422	0.1012612929	-0.0158869607	0.2068078467	0.1140352368	-0.0961246767	0.0200622572	0.1398120201	0.0315686008	0.0457371333	0.1498580834	-0.052155822	-0.0513259313	0.1804968978	-0.09415626	-0.0665278248	-0.0260226037	0.2015399526	-0.4144531876	-0.1219495274	0.1375901674	0.0042072621	-0.1721893458	-0.1624206183	0.0177809866	-0.0582467576	0.0304639	-0.0001243	1.54504900000002e-08	0.00092804920321	0.0417673	1.7700000000002436e-05	0.00174450734929	3.1329000000008624e-10	-0.32512	-0.036097	0.001302993409	0.1057030144	-0.00126829	-0.0001664699999999	1.6085595241e-06	2.7712260899999986e-08	-0.00206729	-0.0003627099999999	1.315585440999999e-07	4.2736879441e-06	-0.000198667	-0.0001701558	2.895299627364001e-08	3.9468576889e-08	0.0	0.0	0.0	0.0	0.0	0.0	0.0
75808.50669072507	110.88356510676384	5746929686.677709	12295.16501078594	105724.25018010374	341.5080726498564	116627.76368501956	11177617076.145166	74666.83992300724	182.45663496376076	33290.42364229904	5575136984.087988	79534.89410083913	69878.66563026322	1.114828	21.377195	0.13262251	0.0733836999999999	-0.0315967554	-0.1392639995	-0.0027450882	0.0159147339	-0.020609656	-0.0768914782	0.0964256742	0.1013836631	-0.0956556966	0.0109442188	0.0163395871	-0.085758214	-0.0488667079	-0.0118234115	0.0028265001	-0.069956177	0.0826661536	0.0619909678	-0.0377645673	0.0118145039	0.0583850304	0.0020483108	0.1053456816	-0.0202024667	-0.080141001	0.1065081678	0.066977101	0.0594138946	-0.1647949304	0.0424296045	0.0229833528	0.0226248731	-0.0279589165	-0.1738238563	0.0789622199	-0.0376393369	-0.0038276693	0.0510074958	-0.0560125066	-0.0218194743	0.0104641423	0.1402386066	-0.0125188454	-0.0285296693	-0.1485789317	-0.0773350859	0.0460448865	0.0375856181	-0.0107083024	0.0313524048	-0.0193160207	0.0683358404	0.0738533319	0.0441754855	-0.0771051074	-0.1770925107	-0.0584367317	-0.0630002108	0.0224318	-0.0080321	6.451463041e-05	0.0005031856512399	0.00688394	-0.03488336	4.73886299236e-05	0.0012168488048896	-0.261253	0.063867	0.004078993689	0.068253130009	-0.00109241	0.00017588	1.1933596081000002e-06	3.09337744e-08	-0.0017624	0.0003048899999999	9.295791209999997e-08	3.10605376e-06	-0.000234698	-3.603100000000001e-05	1.2982329610000003e-09	5.5083151204000013e-08	0.0	0.0	0.0	0.0	0.0	0.0	0.0
75634.5290169336	-173.9776737914799	5720581979.61337	30268.230977894596	104643.53785780608	-1080.712322297666	1167939.1235660145	10950270015.398094	74439.4219825634	-227.4179404438328	51718.91963571467	5541227545.098145	79355.16009566696	70624.3267203446	1.21996	23.393141	0.20998461	0.0965836	-0.1145143921	0.0869072118	-0.2352178573	0.070066556	0.0022332673	-0.042351622	-0.132705641	0.0758850932	0.1568379744	-0.0181355558	0.1184721913	-0.0050264396	0.1053955366	0.1002401425	-0.1194355574	0.0053399454	0.0760647753	-0.0340224196	0.1033623923	-0.0138900187	-0.0673186169	-0.0236058117	0.052150247	-0.0606951456	-0.0278381674	-0.1089018109	0.1328789516	0.3194516143	-0.0732700233	0.1068588839	0.0243870314	0.2969754427	0.0911263819	-0.1244737907	-0.1898317703	-0.0548596984	0.0660998191	-0.1543521801	-0.1158996173	0.0421851378	-0.1470333072	0.012244585	0.1278461527	-0.0549314695	0.0888960654	0.0792239203	-0.094769516	-0.0088940922	-0.0319598138	-0.0666959114	-0.0331209297	0.0033595887	0.1909963898	0.0655225653	0.1619107003	-0.1697568101	0.0392923182	-0.0676769079	0.0304882	0.0080564	6.490558096000003e-05	0.00092953033924	0.0734948	0.06661086	0.00540148562704	0.0044370066699395	-0.322607	-0.0613539999999999	0.0037643133159999	0.1040752764489999	-0.00211684	-0.00102443	4.4810115856e-06	1.0494568249e-06	-0.00219247	-0.00043007	1.8496020490000026e-07	4.806924700900001e-06	-0.000209931	2.4767e-05	6.13404289e-10	4.4071024761e-08	0.0	0.0	0.0	0.0	0.0	0.0	0.0
75593.15193722291	-41.37707971068448	5714324619.804068	1712.0627253843377	105199.279008709	555.7411509029189	308848.2268069009	11066888303.952202	74612.04187613225	172.61989356884442	29797.62765571917	5566956792.925713	79462.63616174768	69965.99212066748	1.063057	20.38448	0.2010709999999999	0.107124	-0.057817891	-0.1316405571	-0.0858747991	0.055490068	-0.1296173035	-0.0684241909	0.0443982495	-0.010907684	0.1016713875	-0.1028408052	0.0013029629	-0.0180417717	0.0006745248	0.0231679619	-0.206430757	-0.0226669433	-0.0220860008	-0.0099058912	-0.264131138	0.1116421882	-0.0029672517	-0.0317060043	-0.003401614	-0.0526515574	0.1174781746	0.0498616522	0.135620664	-0.0044701809	0.1441806915	0.1100360105	0.1129453258	0.0374210298	-0.1378256277	0.082388465	-0.0521055067	-0.125845779	-0.006408668	0.0460089309	-0.0615265294	0.1548391646	0.0953601135	0.0666911544	0.1125232238	-0.0411685865	-0.0171850983	-0.1707274876	-0.185533993	0.1413783594	0.0432495207	-0.1043415866	-0.0042770538	-0.1177443601	0.1109223955	-0.0021274774	-0.0281196507	0.1174282047	0.0489665335	-0.0722711511	0.0199942	-0.010494	0.000110124036	0.00039976803364	0.0214883	-0.0520065	0.0004617470368899	0.0027046760422499	-0.244055	0.0785519999999999	0.0061704167039999	0.059562843025	-0.00257337	-0.00045653	6.622233156900001e-06	2.084196409000001e-07	-0.00265978	-0.0004673099999999	2.183786360999999e-07	7.0744296484e-06	-0.000486461	-0.00027653	7.646884089999999e-08	2.36644304521e-07	0.0	0.0	0.0	0.0	0.0	0.0	0.0
75728.77660207254	135.6246648496308	5734847605.646609	18394.04971557468	105380.62736936477	181.3483606557711	32887.22791253563	11105076624.76091	74524.49558990037	-87.54628623188182	7664.352232994581	5553900442.92908	79450.21898871528	69987.30966749975	1.039781	19.938139	0.18921965	0.101245	-0.0056839947	-0.0125465416	-0.112025766	0.0352739119	-0.0306361348	0.0462041974	-0.0989046298	0.0835581371	0.0202256143	-0.0477736232	0.0214996325	-0.1501248434	0.129944206	0.0869583455	0.0477338074	0.082352678	0.0258766651	0.0611370933	0.041393716	0.0246958007	0.1567502415	0.0262919546	0.157048215	0.1444832379	0.0854444388	-0.1653854553	0.2061546913	-0.1108807037	-0.1124420237	-0.0471639192	-0.0783689965	0.1356396282	-0.0182297769	-0.1077371055	0.0525794463	-0.0016522861	0.0085450869	-0.1546436564	0.0244194297	0.0310174806	-0.0860785184	-0.0174973419	-0.110111572	0.0245807538	-0.1518103052	-0.0368901589	0.0377620956	-0.1216767727	-0.0326953894	0.1505425337	0.168221712	-0.1156348682	0.1401786524	-0.0634847611	-0.1390860287	0.0017321717	0.0204803012	-0.0767773431	0.0304855	0.0104912999999999	0.0001100673756899	0.0009293657102499	0.0364358	0.0149474999999999	0.0013275675216399	0.0002234277562499	-0.301869	-0.057814	0.003342458596	0.091124893161	-0.00149782	0.00107555	2.2434647524e-06	1.1568078025000004e-06	-0.00222873	0.00043105	1.858041025000001e-07	4.9672374129e-06	0.000126276	0.000612737	3.75446631169e-07	1.5945628176000003e-08	0.0	0.0	0.0	0.0	0.0	0.0	0.0
75895.97337096209	167.1967688895529	5760198773.925787	27954.75952710657	105293.69714955814	-86.93021980662888	7556.863115628813	11086762659.422869	74556.80735394021	32.311764039841364	1044.0500953663854	5558717522.812553	79526.65203540944	70128.74464683574	1.022113	19.599354	0.15359575	0.0845637	-0.0170535269	0.0212405433	-0.0002800339	0.1293456165	0.0380468337	0.0652064254	-0.0542639711	-0.0237032414	0.0647389754	-0.0082202361	-0.0772337553	-0.016729207	0.0491652709	0.0204336908	0.091806536	0.0284476291	0.1805811451	0.1781083504	0.0066919954	-0.0046155243	0.0085690725	0.0728586763	-0.1357335796	0.0437379462	0.1576552717	-0.0425714681	0.15336651	-0.1953261028	0.0166837183	-0.0316235196	0.007625877	-0.0111233812	-0.0113194396	-0.0332358735	0.0969482498	-0.1818723999	0.0124425917	-0.0688583246	0.0375545389	-0.0817757444	-0.1061469352	0.0197437128	0.1420563044	0.0296416524	-0.0025677797	0.0327308921	0.0637134268	0.1207727012	0.0034683935	0.1139474022	0.1098805001	-0.0013393676	-0.0173665801	-0.2757494171	-0.1452414153	0.002986744	0.0528455914	-0.0811899937	0.0252286	-0.0052568999999999	2.7634997609999983e-05	0.00063648225796	0.0110883	-0.0253474999999999	0.00012295039689	0.0006424957562499	-0.234255	0.067614	0.004571652996	0.054875405025	-0.00172942	-0.0002316	2.9908935364e-06	5.3638559999999993e-08	-0.00163092	0.00059781	3.573767961000001e-07	2.6599000464e-06	-0.000151861	-0.000278137	7.736019076900001e-08	2.3061763320999995e-08	0.0	0.0	0.0	0.0	0.0	0.0	0.0
75921.63568722717	25.662316265079426	5764094765.424047	658.5544760889601	105350.95641889729	57.25926933914889	3278.623925253196	11098824018.376396	74595.72958559783	38.9222316576197	1514.9401172094135	5564522872.407636	79401.90721661603	70729.49074069972	1.080112	20.711502	0.1656631999999999	0.0927617	0.0190298019	-0.008968899	0.0454160466	-0.0066161304	-0.0601932267	0.0431897993	-0.1156742774	-0.0061118795	-0.0347079865	-0.0642075318	-0.0775105962	-0.0864473008	0.1048867737	0.0564484065	0.1186656257	-0.0057335214	0.1706623962	0.0211802443	-0.1170104508	-0.1816654406	-0.0154416181	0.0588830809	-0.0200368487	-0.0324421494	0.1549013421	-0.1393119231	-0.0464751816	-0.1370125034	-0.0090945613	-0.0220015689	0.1003038655	-0.0178479871	0.0957391126	-0.0831434588	-0.062435529	0.1491027073	-0.0152358867	-0.1523451238	-0.0018346899	-0.0392568732	-0.0302466742	-0.0493941935	-0.0332214234	0.0948933193	-0.2488041949	0.0435488206	-0.0503178974	0.0773779897	0.1076099341	-0.0133440518	0.0210828218	-0.1191386264	-0.188712234	-0.2634621561	0.0280179029	-0.0081806047	0.0248909389	-0.0855037268	0.0306283	0.0053997	2.9156760090000004e-05	0.00093809276089	0.0737364999999999	0.0626481999999999	0.0054370714322499	0.0039247969632399	-0.290525	-0.0562699999999999	0.0031663128999999	0.0844047756249999	-0.00139385	0.0003355699999999	1.9428178225e-06	1.1260722489999993e-07	-0.00175847	-0.00012755	1.6269002500000037e-08	3.0922167409e-06	0.000211925	0.0003637859999999	1.3234025379599998e-07	4.4912205625e-08	0.0	0.0	0.0	0.0	0.0	0.0	0.0
76109.30249368121	187.66680645404267	5792625926.07467	35218.83024465911	106046.0306536565	695.0742347592168	483128.1918261108	11245760617.396255	74690.06891417572	94.3393285778875	8899.908916526621	5578606394.404318	79591.34182942708	71237.15726199807	1.172768	22.488207	0.19679285	0.092896	-0.0521906698	0.085710543	0.033016477	0.1344960861	0.0378146819	-0.0066295784	0.0541929774	-0.1477162911	-0.0022916174	-0.004065332	-0.0003225825	0.0433246567	-0.0258687464	0.056004132	0.1627386101	0.0254671147	-0.0013434674	0.006423293	-0.219399938	0.0984634777	0.1845174187	0.0202409195	-0.0054851769	-0.1061536744	0.3320297898	0.1194510182	-0.0566220835	-0.0471377181	-0.0315934595	0.1234844963	-0.0109582748	0.0703273016	0.1202448181	-0.0026201869	-0.1044092987	0.1365776369	-0.0121399128	0.0157547816	0.0718145476	-0.0820288383	0.0216507408	0.1252935912	0.0094179739	0.2417779361	-0.0003935202	-0.1028963016	-0.2738277871	0.2821666102	0.0203057306	0.0220637503	0.0613646488	-0.2688306655	-0.1141967648	-0.1270305317	0.1544944012	-0.0259409324	-0.017897448	-0.0897132868	0.0117946	-0.0188337	0.00035470825569	0.00013911258916	0.018719	-0.0550174999999999	0.0003504009609999	0.0030269253062499	-0.244591	0.0459339999999999	0.0021099323559999	0.059824757281	-0.00193274	-0.00053889	3.7354839076e-06	2.904024321e-07	-0.00227796	-0.0005194899999999	2.6986986009999985e-07	5.189101761599999e-06	-0.000269848	-0.000481773	2.3210522352900002e-07	7.281794310399999e-08	0.0	0.0	0.0	0.0	0.0	0.0	0.0
75813.16558572369	-296.13690795752336	5747636076.128359	87697.06825464267	105582.2579605853	-463.7726930712088	215085.1108385216	11147613196.055576	74601.96559103261	-88.10332314310654	7762.195548858652	5565453270.045613	79496.42817563657	71209.54959989077	1.225235	23.494284	0.1623824549999999	0.0896731	-0.0322705825	0.0050333148	-0.1425985914	-0.1347298324	-0.0156288513	-0.0883654275	-0.0326753323	0.0755813504	-0.0044445725	0.0032713303	0.1482289165	-0.0183591954	0.0396947269	0.0750976527	0.0921788018	0.0394251847	0.0648390715	0.0840340726	0.0492120729	0.0865165679	0.0080690845	-0.228187534	-0.1322798565	0.0188482123	-0.0815119194	-0.0875108016	-0.1698320171	-0.1444617565	0.1550337473	0.1037226873	0.0741707419	0.1256142057	0.1209921385	-0.0300305405	-0.0148062518	0.0970044212	0.0733402871	-0.1021495673	-0.0347477845	-0.0455544364	-0.1412026844	0.0288669457	0.0047430523	-0.1415306278	0.0169433083	-0.0539905559	-0.056589252	0.020894778	-0.1854167176	-0.0376156726	0.05132256	-0.0304941845	-0.1525703007	-0.0926302986	0.1013949406	-0.0940920944	-0.0544088522	-0.0938135449	0.0278737	0.0160791	0.0002585374568099	0.00077694315169	0.0948799	0.0761609	0.00900219542401	0.00580048268881	-0.285081	-0.0404899999999999	0.0016394400999999	0.0812711765609999	-0.00198099	-4.825000000000012e-05	3.924321380100001e-06	2.328062500000011e-09	-0.00202393	0.0002540299999999	6.453124089999987e-08	4.0962926449000005e-06	2.09211e-05	0.0002907691	8.454666951481e-08	4.3769242520999987e-10	0.0	0.0	0.0	0.0	0.0	0.0	0.0
75808.20618152875	-4.959404194945819	5746884124.461173	24.595689968846184	106196.75552718366	614.4975665983657	377607.25935531285	11277750884.500414	74676.71356997282	74.74797894021322	5587.260355646558	5576611549.611763	79683.21262026187	70924.13472100486	1.100914	21.110394	0.1821918034999999	0.11152	-0.0223136638	0.0304905336	-0.0593193283	0.0265042	-0.1074856268	-0.0770054866	0.2175612223	-0.0184515321	0.1241000169	-0.0232376875	0.0717725042	0.0152581107	-0.0464101206	-0.019770702	0.0568534015	0.0971679138	0.0486183566	0.0087957906	-0.2191492308	-0.0528954145	0.0540999437	0.1814910645	-0.064859891	-0.1297602282	0.000328065	-0.0859611342	-0.0043283263	-0.1169429262	-0.1642005769	0.0841909946	0.1442519557	0.0062884115	-0.0193896091	-0.0313844099	0.0055706738	-0.0987230107	-0.001044813	0.0892504026	0.109054661	0.0252202389	-0.0682373122	0.0904400451	0.0342943402	0.0228530348	-0.0547958745	-0.1427102946	-0.1242333481	0.0961413963	0.1400645875	-0.0425693663	0.0299262523	0.1194702512	-0.0496503272	-0.1858406729	-0.1260361722	0.0542989838	-0.0943977649	-0.0977995057	0.0164885	-0.0113852	0.00012962277904	0.00027187063225	0.00526094	-0.08961896	2.7677489683600004e-05	0.0080315579914816	-0.217344	0.0677369999999999	0.0045883011689999	0.047238414336	-0.0018423	0.00013869	3.39406929e-06	1.9234916100000038e-08	-0.00213917	-0.0001152399999999	1.3280257599999992e-08	4.5760482889e-06	5.83823e-06	-1.508287e-05	2.274929674369e-10	3.4084929532899996e-11	0.0	0.0	0.0	0.0	0.0	0.0	0.0
75714.32723203291	-93.8789494958328	5732659348.199361	8813.257158441123	105249.06808321593	-947.687443967734	898111.491454097	11077366332.385422	74531.22086730073	-145.49270267209795	21168.126530831498	5554902883.970364	79396.9369656033	69087.67529348985	1.259295	24.147409	0.1256560934999999	0.0625616	0.0627406663	-0.0809459659	-0.1389805254	0.1446184358	-0.0274845781	0.1573035117	-0.128992945	0.0277134578	0.0229302925	-0.1189858346	0.0579213125	-0.2308047085	0.0387624417	0.0486122756	-0.1445507647	0.0968586836	0.0710505415	0.0283609384	-0.0275772069	-0.0388492118	-0.1867065654	0.1159180714	-0.026340843	0.0433359189	-0.0373328698	0.0638164481	-0.0899674289	0.0048013456	-0.1895251156	0.0341809264	-0.1910960201	-0.1565255223	-0.0406987337	0.1723748242	-0.0889052558	0.1561191295	-0.0251641006	-0.0684886183	-0.0471526441	0.1119744772	-0.086787659	-0.2692308815	-0.0111497409	-0.051413932	-0.0610659909	0.0308187005	-0.128482482	0.0298239777	0.0839271315	0.1272017732	-0.1392296246	0.0130642359	-0.0012859162	0.1144680256	0.0897242261	-0.0309485657	-0.0445670967	-0.1016663129	0.0187625	0.002274	5.171076000000008e-06	0.00035203140625	0.0553697	0.05010876	0.00306580367809	0.0025108878287376	-0.23209	-0.0147459999999999	0.0002174445159999	0.0538657680999999	-0.00255649	-0.0007141899999999	6.535641120099999e-06	5.100673560999996e-07	-0.0025292	-0.00039003	1.521234009e-07	6.396852640000001e-06	7.21649e-05	6.632667000000001e-05	4.399227153288901e-09	5.207772792010001e-09	0.0	0.0	0.0	0.0	0.0	0.0	0.0
76219.78835354785	505.4611215149344	5809456136.659628	255490.9453631352	105379.57339227396	130.50530905803316	17031.63569233275	11104854488.337654	74662.63121037137	131.41034307064547	17268.678265944738	5574508499.255921	79384.98261176216	70795.67516790205	1.271749	24.386211	0.1074972149999999	0.0558615	0.0672138877	0.0750489019	0.1030059404	0.1423246421	0.046267689	0.1323024733	-0.0606059506	-0.0590331603	-0.1329904476	-0.0815316732	-0.1160095464	0.0426384821	-3.37619e-05	-0.0429828498	0.0993296531	0.1090773284	-0.0911679536	0.1116978614	0.0754609447	0.0682998246	0.0461526802	0.0026584287	0.0530994083	0.0319570452	0.0338690861	0.008564658	-0.0474653658	-0.0424061003	-0.0964899197	-0.0173627483	-0.0401114532	-0.100652846	-0.1051127784	-0.1145423255	0.0061403646	0.1883040506	-0.0994956734	-0.0073348527	0.0550141134	-0.0603706215	-0.0341731561	-0.0828820561	-0.1068111564	0.1603839847	-0.0200054325	-0.0735839112	0.0153858813	0.023391706	-0.0551356719	0.214023819	-0.020885656	-0.0746354055	-0.0920584502	0.0380197965	0.1066150105	0.0028659441	0.1136503634	-0.1054092553	0.0224949	0.0037324	1.3930809760000002e-05	0.00050602052601	0.00676539	-0.04860431	4.57705018521e-05	0.002362378950576	-0.223773	0.0083169999999999	6.917248899999986e-05	0.050074355529	-0.00210217	0.0004543199999999	4.4191187089e-06	2.0640666239999987e-07	-0.00212574	0.00040346	1.627799716e-07	4.518770547600001e-06	0.000151255	7.909009999999998e-05	6.255243918009997e-09	2.2878075025e-08	0.0	0.0	0.0	0.0	0.0	0.0	0.0
75866.1689864202	-353.61936712764145	5755675596.676067	125046.65680775366	104838.68191678407	-540.891475489887	292563.588257627	10991149226.048628	74560.2574388587	-102.3737715126772	10480.389093729837	5559231989.348884	79444.85612792968	71012.51425187183	1.278445	24.514608	0.1490062099999999	0.0798093	-0.0159547386	0.0586188052	-0.1255169057	-0.062487023	0.0462717311	-0.0613947662	-0.1163028449	0.0366896497	0.0165903829	-0.1053229454	0.106615284	0.1608851245	0.023823897	-0.0265764674	-0.160399421	-0.0173712596	0.023430683	0.1581389604	-0.0539591599	0.0307593239	-0.1386408454	-0.0212082641	-0.0474952276	0.1428519253	0.0703374041	-0.005350504	-0.0534447561	0.1330991363	-0.1043436281	-0.0338987276	0.0551045188	-0.1185089876	0.1055286805	-0.0630658448	-0.1340203379	-0.0416591324	0.0189915426	-0.0345328008	-0.1313699736	0.0375305033	-0.0254676123	-0.1061941417	0.1588173823	-0.1430253919	0.0372483139	-0.0989411742	0.0951613931	-0.0046546987	0.0180997629	0.0396083065	-0.0701289551	-0.1193534861	-0.0236901097	0.0193963505	0.0939524522	0.0467620429	-0.0353769575	-0.1090237728	0.0293156	0.0068206999999999	4.652194848999999e-05	0.00085940440336	0.0809595	0.07419411	0.00655444064025	0.0055047659586921	-0.245862	-0.0220889999999999	0.0004879239209999	0.060448123044	-0.00268075	-0.00057858	7.1864205625e-06	3.347548164e-07	-0.00227472	-0.0001489799999999	2.2195040399999984e-08	5.1743510784e-06	0.000341743	0.000190488	3.6285678144e-08	1.1678827804900001e-07	0.0	0.0	0.0	0.0	0.0	0.0	0.0
75922.26264249571	56.09365607550717	5764189964.7561	3146.4982519172822	106350.75204918032	1512.070132396242	2286356.085284789	11310482461.426231	74630.60671422101	70.34927536231407	4949.02054400269	5569727458.53273	79599.19517324942	71691.1645622457	1.154923	22.14604	0.1046752	0.0567863	0.019260809	0.0065239329	0.0592151009	-0.0618199866	-0.1316872568	-0.0867174273	0.1902678735	0.0087008732	-0.0063396911	0.0394196837	0.0697255518	0.1005667268	-0.0078126981	0.0893605047	-0.0822618979	-0.0073298513	-0.079742187	0.0161695553	-0.0435143652	0.0845863992	0.1673328495	-0.0861577484	-0.0326601941	-0.0069787739	0.1606801573	0.0197914921	-0.0999808556	0.1336053149	0.1287038776	0.0165104429	0.0300231404	-0.0246697731	0.1128833842	-0.1119483153	-0.0356436263	-0.0667759083	0.0261411422	0.0388748223	0.0265954168	0.096564321	0.0450198613	0.162894763	-0.0141452494	0.1217359193	0.0237067371	-0.1416618033	0.0877339506	0.0936942811	-0.0117245883	-0.025224603	0.0373738409	-0.0556212018	-0.0268357061	0.1050943128	0.0792174342	0.0610420869	-0.1784676461	-0.1125054616	0.0246323	-0.0046833	2.193329889000001e-05	0.0006067502032899	0.0280052	-0.0529543	0.00078429122704	0.00280415788849	-0.228046	0.017816	0.0003174098559999	0.052004978116	-0.00234607	0.0003346799999999	5.5040444449000005e-06	1.1201070239999997e-07	-0.00209661	0.00017811	3.17231721e-08	4.3957734921e-06	0.000270101	-7.164199999999996e-05	5.132576163999995e-09	7.295455020100002e-08	0.0	0.0	0.0	0.0	0.0	0.0	0.0
75697.9877851656	-224.2748573301069	5730185354.723082	50299.2116304398	105213.503670114	-1137.24837906631	1293333.8756889496	11069881354.541094	74693.93718297101	63.33046875000582	4010.748272095464	5579184251.89362	79330.3401936849	69402.06957721201	1.243623	23.846895	0.1057501999999999	0.0646942	0.0435716854	-0.10823012	-0.1994045373	0.0668603067	0.1053714475	0.1346467849	-0.0180943161	0.0774919448	-0.0253639433	-0.0303627886	0.0472075457	-0.1573111257	-0.0568163752	-0.1238976062	-0.0880694209	0.0440090804	-0.1693800803	0.0238360226	0.0576438951	-0.0181483067	-0.1315424745	0.1987260742	-0.0751531528	-0.1855801883	-0.0461585837	-0.1802147617	0.0973418242	-0.1949749319	0.1777892646	0.0406423369	0.052780364	0.0247688602	0.1513860955	0.0580635143	-0.1187452751	-0.1862720253	-0.1162521535	0.0540042614	-0.0941385486	-0.015835779	-0.0254621802	-0.1324845015	-0.1204441339	-0.1237269843	0.1558590915	-0.0582720403	-0.2140269079	-0.0369340213	0.1263672111	-0.0297702948	0.1289970616	0.1365224526	0.082683355	-0.0809593408	-0.000174331	0.1794146898	0.0456158563	-0.1158500799	0.0296035	0.0049712	2.471282944000002e-05	0.00087636721225	0.0434455	0.0154402999999999	0.0018875114702499	0.0002384028640899	-0.191484	0.036562	0.001336779844	0.0366661222559999	-0.00316782	-0.00082175	1.00350835524e-05	6.752730625e-07	-0.0022289	-0.0001322899999999	1.7500644099999934e-08	4.967995209999999e-06	0.000291595	2.1493999999999994e-05	4.619920359999998e-10	8.502764402500002e-08	0.0	0.0	0.0	0.0	0.0	0.0	0.0
75941.35912133705	243.3713361714472	5767090025.195883	59229.60726987555	105899.03601274334	685.5323426293326	469954.5927908606	11214605828.42831	74568.01717617754	-125.92000679347257	15855.848110868175	5560389185.586709	79642.52223126446	71707.34605591733	1.220187	23.397486	0.0846713499999999	0.062713	0.0612905384	0.0751900099	0.0648204958	-0.0692673103	-0.1793615615	-0.0585981287	0.0685091476	-0.0571087149	0.0447687588	-0.0865018092	0.0124731936	0.0975476323	0.0982639082	0.0875740133	0.1015211705	0.0571385365	0.0257459976	-0.01448887	0.0454605196	0.1152805826	0.1360753224	0.1315088588	-0.2605998775	-0.0090846034	-0.1572429359	0.0014874363	0.0107673288	0.1836628874	0.0865923074	-0.1232556364	-0.0119780978	-0.1772339224	0.0894796546	-0.0152825331	-0.0551413076	0.1952070068	0.0157866773	-0.0502596388	0.1170994755	0.0943056729	0.0080327037	0.0451407753	0.0870970534	0.1393131829	-0.0291450635	0.0155216458	0.0403165328	-0.0989868821	-0.0145444618	0.1261466479	-0.0014415463	0.2213751538	-0.0229244553	-0.0435635425	0.2565572919	0.1383756616	-0.1263459534	-0.1190535526	0.0317199	0.0021164	4.479148960000004e-06	0.00100615205601	0.0424254	-0.0010200999999999	0.00179991456516	1.040604009999992e-06	-0.240763	-0.049279	0.002428419841	0.057966822169	-0.00264027	0.0005275499999999	6.9710256729e-06	2.783090024999999e-07	-0.00222426	4.639999999999766e-06	2.1529599999997823e-11	4.9473325476000005e-06	0.000404522	0.0001129269999999	1.2752507328999993e-08	1.63638048484e-07	0.0	0.0	0.0	0.0	0.0	0.0	0.0
75827.63438963749	-113.72473169956356	5749830137.128534	12933.314600137715	104880.01445232454	-1019.021560418798	1038404.9405983618	10999817431.519804	74611.82660212863	43.80942595108354	1919.265802163472	5566924668.906109	79304.8558702257	69747.26237066019	1.073542	20.585522	0.14195611	0.0756833999999999	0.0508354816	-0.056489814	-0.0545229685	0.1314422996	0.0741810699	0.1191629456	0.005889207	0.0699292354	-0.0054956443	-0.0303854612	0.0284940594	-0.0175559993	0.0706133504	-0.0703630595	0.0670776539	0.0400795306	-0.0968324118	0.1040849031	0.1724774124	-0.0537370893	-0.0658656451	0.1544002065	0.0740489866	0.051900402	-0.0153997021	0.0457190886	0.1801096027	-0.0645448418	0.0659174717	0.2363437083	-0.0370553275	0.044566116	-0.0967452733	0.0747401856	0.0527981249	-0.0440768605	-0.1167928597	-0.0659065654	-0.0204231682	-0.0722021358	-0.0560976658	-0.0267722789	-0.1248933983	0.0062470558	0.1838332327	0.0230556617	-0.0626011821	0.120100439	0.0175019061	0.1136000413	-0.033935394	0.00041024	0.1458267465	-0.0072745086	-0.163346756	0.1287500769	0.0255416225	-0.122111977	0.0203981	-0.0113218	0.00012818315524	0.0004160824836099	0.00832969	-0.03409571	6.938373549610001e-05	0.0011625174404041	-0.186529	0.054234	0.002941326756	0.034793067841	-0.00283749	-0.0001972199999999	8.051349500099998e-06	3.8895728399999873e-08	-0.00230296	-7.870000000000012e-05	6.193690000000019e-09	5.303624761600001e-06	-0.00016565	-0.000570172	3.25096109584e-07	2.74399225e-08	0.0	0.0	0.0	0.0	0.0	0.0	0.0
75794.58730262148	-33.04708701600612	5744819464.37471	1092.10996024348	105170.94465211962	290.93019979508244	84640.38115280659	11060927599.019209	74537.05890511775	-74.76769701087323	5590.208516309743	5555773150.224994	79500.68318956163	70770.36543526339	0.993693	19.054398	0.20793916	0.0984846	-6.48823e-05	0.0392054186	-0.0181466177	0.0566120301	-0.1514742792	-0.0432049023	0.0015955325	-0.0101883279	0.1177301583	-0.1445422745	0.0440533149	0.0805374591	0.0518820533	-0.0421527878	-0.0927795344	0.0221872243	0.0590754962	-0.0645908418	-0.0206255376	0.0191359145	-0.1152377567	-0.0640936841	-0.1746076209	-0.0769557345	0.0105440869	0.1339371575	0.0844810332	0.0235236951	-0.0013851871	-0.0861957163	-0.0476086836	0.0275396922	0.0675965543	0.1034753351	0.0972464642	-0.0388964539	0.0200121017	-0.0126721504	0.0460684642	0.1248771252	0.038448717	-0.0447501022	0.0999727136	-0.0829848341	0.0396908616	0.108935005	0.0416446347	0.0604008251	0.0973281244	-0.023175001	0.0603565306	0.0225588673	0.0160478682	0.0558835537	0.0720961882	0.0200533469	0.0680702019	-0.1250216267	0.0217647	0.0013666	1.8675955600000069e-06	0.00047370216609	0.0637684	0.05543871	0.00406640883856	0.0030734505664641	-0.261341	-0.0748119999999999	0.0055968353439999	0.0682991182809999	-0.00323679	-0.0003993	1.04768095041e-05	1.5944049e-07	-0.00181301	0.00048995	2.400510025000001e-07	3.2870052601000003e-06	0.000471537	0.000637187	4.06007272969e-07	2.2234714236900002e-07	0.0	0.0	0.0	0.0	0.0	0.0	0.0
75740.92579453967	-53.66150808181556	5736687840.213964	2879.557449614756	105416.13104348104	245.1863913614216	60116.366508836174	11112560684.176369	74669.45875792572	132.39985280796827	17529.721023571663	5575528071.2015705	79465.18508572048	69695.72611909946	1.044114	20.021229	0.24302566	0.121679	0.0909617925	-0.1249601616	-0.0261653455	0.0518406262	0.0365876922	0.1236428075	0.1264870788	0.0876056587	-0.016352476	0.0249691902	-0.0805386785	-0.1099887558	0.0121897047	-0.061108264	0.0209426951	0.0457362196	-0.0212222505	-0.0973668142	-0.0978372541	-0.0432786275	-0.0204018418	0.0915275357	0.2606027472	-0.1066506368	0.0364092269	0.0955985311	-0.0065182171	0.1408050626	0.0892257647	-0.1933952451	0.0218207415	0.038527098	0.0672969411	-0.1768295825	0.1307067087	-0.0151096272	-0.1147498966	0.0254825647	0.0418273719	0.0004850211	-0.0213459555	0.0682384893	-0.1587937586	0.0080399231	-0.1013133078	-0.0465168197	-0.0968159192	-0.0457850721	0.2437448512	0.0059255208	-0.0922844597	0.0197540374	0.0487335314	0.2199549452	0.0449395417	0.0491403858	0.0420852861	-0.1277789568	0.0118079	-0.0099568	9.913786624000004e-05	0.00013942650241	0.00982054	-0.05394786	9.644300589160002e-05	0.0029103715985796	-0.175661	0.0856799999999999	0.0073410623999999	0.030856786921	-0.00367762	-0.00044083	1.35248888644e-05	1.943310889000001e-07	-0.00269291	-0.0008799	7.742240100000001e-07	7.251764268100001e-06	-7.655299999999998e-05	-0.00054809	3.004026481e-07	5.8603618089999984e-09	0.0	0.0	0.0	0.0	0.0	0.0	0.0
75961.7515865053	220.82579196563165	5770187704.08994	48764.030397248425	105540.18146852589	124.050425044843	15388.507953806213	11138729904.409374	74686.21143568841	16.752677762691746	280.65221222058653	5578030178.616355	79674.67890082466	70650.87374594575	0.975183	18.699453	0.16787577	0.0945827	0.076931585	0.073607254	-0.0081825426	0.048317231	-0.0582822072	0.0756914078	-0.0057890613	-0.0514563783	0.0794266127	-0.0958051647	-0.033615409	0.0705739088	-0.0749276134	-0.0540223797	-0.0117242838	0.0830554947	-0.0547823372	0.0164717629	-0.0348105017	0.0580021673	0.072678864	0.0721959143	-0.0165558664	0.0771083438	0.0151713979	-0.0542319748	0.1942132518	0.1325868395	0.182909416	0.2075154279	0.0494210346	0.1260744063	-0.185190147	0.0238712775	0.0268898843	-0.0555894972	-0.0067279223	0.0825135178	0.0826476305	-0.014024912	-0.0429339052	-0.1535131011	0.0647389633	0.0054473542	0.0334432913	0.0121189753	-0.0246439336	-0.0487663292	-0.0155532528	0.0208104872	-0.008020299	-0.0088820017	0.1851127252	0.0564314988	-0.0327587956	0.0821632639	0.0293425195	-0.130380608	0.0118635	5.5600000000001135e-05	3.091360000000126e-09	0.00014074263225	0.00145372	-0.00836682	2.1133018384e-06	7.000367691240001e-05	-0.223395	-0.047734	0.002278534756	0.049905326025	-0.00251208	0.00116554	6.310545926399999e-06	1.3584834916000002e-06	-0.00209053	0.00060238	3.6286166440000004e-07	4.370315680900001e-06	0.000389914	0.000466467	2.17591462089e-07	1.52032927396e-07	0.0	0.0	0.0	0.0	0.0	0.0	0.0
75935.96762515637	-25.7839613489341	5766271179.168796	664.8126628433275	105892.83269163038	352.6512231044908	124362.88515709332	11213292015.457624	74677.95250792573	-8.258927762683015	68.20988778921628	5576796590.7760105	79595.7291793258	70727.21474994997	1.004163	19.255163	0.0826247799999999	0.046481	0.0144503894	-0.1245394449	0.05893054	-0.0433788775	0.0962061238	0.014977406	-0.0078963583	0.0311930221	-0.1029842116	-0.0827977739	-0.1512088959	-0.0912815068	-0.0356110857	-0.0767507507	-0.1801453602	8.48044e-05	-0.0902396509	-0.142710103	-0.1404823539	-0.1663993422	-0.0273941794	0.0799857159	0.1268179027	-0.0082387648	0.000167996	-0.0016249676	0.0211547193	-0.0199583098	0.0355757198	0.0020852117	-0.2100520543	-0.1968701949	-0.0793376646	0.1291000539	-0.0392730331	-0.1139847525	-0.0420265289	0.0400320227	-0.0676347404	0.0914871152	0.0953271132	-0.1486697842	-0.0472636921	-0.012469532	-0.1206234216	-0.0589164448	-0.0617489346	-0.1471162946	0.1206467413	-0.0787036664	-0.0069188553	-0.0504111096	0.1331977786	0.0208655947	-0.1992454609	-0.0236749905	0.1159177034	-0.1328234104	0.0183032	0.0064396999999999	4.146973608999997e-05	0.0003350071302399	0.0414483	0.03999458	0.00171796157289	0.0015995664293764	-0.228456	-0.0050609999999999	2.561372099999982e-05	0.0521921439359999	-0.00303586	-0.00052378	9.2164459396e-06	2.7434548840000015e-07	-0.00214499	-5.445999999999967e-05	2.9658915999999637e-09	4.600982100099999e-06	0.000434264	4.435000000000002e-05	1.9669225000000013e-09	1.88585221696e-07	0.0	0.0	0.0	0.0	0.0	0.0	0.0
76007.66514956925	71.69752441288438	5777165161.489044	5140.535006936151	105778.44633308786	-114.38635854251334	13084.239020616413	11189079708.641949	74735.25015285326	57.2976449275302	3283.020114241327	5585357615.409554	79756.06564489294	71725.83814623007	1.122365	21.521725	0.08451615	0.0448213	0.0382757195	0.1372840782	0.0174361842	-0.1347349281	-0.0936757682	-0.0414136983	0.0831617302	-0.0955973616	0.1237386435	0.1205427588	0.0453522374	0.1325176877	-0.0599214214	-0.0212663518	0.1324923355	-0.0351277158	0.1600453465	-0.1244549357	0.0971851297	-0.1387458003	0.2151754716	0.037619288	-0.2086895998	0.0553710933	-0.081747579	-0.0861896832	0.1204170134	0.0227809357	0.0974888465	-0.0403430649	-0.0463586336	-0.0073229055	0.0938583311	0.0865526512	0.0826993359	0.0690307508	0.058649031	0.0837907977	0.1198355817	-0.0221707449	-0.0034423732	0.0514321849	0.116207886	0.0227975631	-0.0457606564	0.2407840851	0.1096814204	0.0218182305	-0.0833594511	-0.0877329154	0.0966403844	0.1949295466	0.0848161042	-0.1719748216	-0.0154204186	0.1168331645	-0.0905198649	-0.135104388	0.0193264	0.0010232	1.046938240000004e-06	0.00037350973696	0.0138602	-0.0275881	0.0001921051440399	0.00076110326161	-0.237407	-0.008951	8.012040100000025e-05	0.056362083649	-0.00242927	0.00060659	5.9013527329e-06	3.679514281000002e-07	-0.00227747	-0.00013248	1.7550950400000096e-08	5.1868696009000006e-06	0.000634271	0.000200007	4.0002800049000016e-08	4.022997014410001e-07	0.0	0.0	0.0	0.0	0.0	0.0	0.0
75770.86557124756	-236.7995783216902	5741224069.416069	56074.04029333029	106922.7279072746	1144.281574186738	1309380.321023279	11432469743.13308	74690.52884397646	-44.72130887680396	1999.9954676545049	5578675098.992879	79651.46166992188	70751.10287563523	1.157352	22.192604	0.10887535	0.0584004	0.0038507262	-0.204894822	0.0179804939	-0.109844268	-0.0218681617	-0.0959399891	0.1870865642	0.0435890513	-0.1863905451	-0.0053130533	-0.0072756428	-0.0802950149	-0.1033169364	-0.0669028382	-0.0575763444	-0.0729508931	0.0553460946	-0.162633204	-0.0746681269	-0.0173555663	-0.0311572122	-0.1926429232	0.1253633109	-0.0035903509	-0.2802054666	0.0483927553	0.0318110819	0.072632761	-0.1226449835	0.008670875	0.1648101632	-0.0245048365	0.0750201845	0.1194860519	0.0226571914	-0.0938630336	-0.0141955706	0.1606021889	-0.0322124393	0.0934762031	0.1060446882	0.1325051788	-0.1713914296	-0.1430576148	-0.0605417187	0.0283359821	-0.0009686198	-0.0282023063	-0.0890381785	-0.1440106227	-0.1448071788	0.117953627	0.0906790599	0.0662655168	0.0143819952	-0.09005048	-0.0861973459	-0.1372207617	0.0118642	-0.0074622	5.568442884000001e-05	0.00014075924164	0.0623493	0.0484891	0.00388743521049	0.00235119281881	-0.216301	0.021106	0.000445463236	0.046786122601	-0.00280661	-0.00037734	7.877059692100002e-06	1.4238547560000025e-07	-0.00214499	0.00013248	1.7550950400000096e-08	4.600982100099999e-06	0.00050773	-0.000126541	1.6012624681000022e-08	2.577897529e-07	0.0	0.0	0.0	0.0	0.0	0.0	0.0
75759.33120832502	-11.534362922539003	5739476265.132689	133.0415280288425	105699.3731989626	-1223.3547083120066	1496596.7423491543	11172357494.653572	74585.85893342391	-104.66991055254766	10955.79017507833	5563050352.836611	79678.94171097367	71280.56455734726	1.18179	22.661207	0.0782731799999999	0.0508914	0.1026260738	0.130869052	-0.1402927184	-0.1054999568	-0.0932392229	0.0247389323	0.0758116541	0.0299762465	0.1635310196	0.0487949405	0.1114602657	-0.0581890086	0.0160625862	-0.0020224058	0.073540801	0.0853145445	-0.0556146313	0.0157276192	-0.1732048042	0.0346130657	0.0088473309	-0.1049854773	-0.0031894852	-0.1767903345	-0.0723327999	-0.0145443125	-0.0431899297	0.0946278519	0.1146935982	-0.0510103811	0.0306974059	-0.0254190899	0.0769190389	-0.0139621494	0.1366891749	-0.205251671	0.0274279609	0.0180072486	0.1468351718	-0.0148540722	-0.1319246959	0.0183922551	0.0519060193	-0.0401336692	0.0095073994	-0.1069355418	-0.0089650212	-0.067459207	-0.0135645708	-0.2457228626	0.0146003509	0.0979138485	0.0316826997	0.1282015808	0.0544557277	0.1058863357	-0.0807375124	-0.1391699531	0.00700592	-0.00485828	2.3602884558400003e-05	4.90829150464e-05	0.0147309	-0.0476184	0.00021699941481	0.00226751201856	-0.207916	0.008385	7.030822500000005e-05	0.0432290630559999	-0.00288442	-7.780999999999977e-05	8.3198787364e-06	6.054396099999964e-09	-0.00240269	-0.0002577	6.640929000000003e-08	5.772919236099999e-06	0.00049501	-1.271999999999992e-05	1.6179839999999794e-10	2.450349001e-07	0.0	0.0	0.0	0.0	0.0	0.0	0.0
75620.95288436326	-138.37832396176236	5718528515.139088	19148.560542466457	104595.646104156	-1103.7270948065998	1218213.499810217	10940249183.945845	74475.58672441123	-110.2722090126772	12159.960080535566	5546613017.945298	79249.08918909144	69052.34743673188	1.47272	28.239902	0.15757678	0.0789123999999999	-0.0033901998	-0.1326252141	0.0259446157	0.2299741654	-0.0391736812	0.0515430449	-0.0504184729	0.0542527702	0.0041857162	-0.1545183561	-0.1174954407	0.0272352965	0.1426240489	-0.0204047641	-0.0896431535	-0.0481827275	-0.0866080284	-0.0596343204	0.1234987591	-0.0518460435	0.0981578692	-0.3153277518	-0.1167243053	-0.0201031898	0.0143842421	0.1641970049	0.2038487796	-0.0200802302	-0.1133598705	-0.0390240013	0.0209257164	-0.1800630485	-0.0511542126	-0.0700056532	0.0487443897	0.1079017786	-0.055301678	-0.0835269229	-0.0453440995	0.1597389415	0.0920495869	-0.0097739446	-0.1203926914	0.0152726467	0.1243503644	0.1626377584	0.16759715	0.2142255784	-0.2438712439	-0.1063362306	0.0937830599	-0.0220978555	0.0627328375	0.0835000434	0.1386748786	0.0711279196	0.001204889	-0.1409495873	0.0268968	0.01989088	0.0003956471071744	0.0007234378502399	0.0580397	0.0433088	0.00336860677609	0.00187565215744	-0.261428	-0.053512	0.002863534144	0.068344599184	-0.00285708	2.733999999999983e-05	8.1629061264e-06	7.474755999999906e-10	-0.00174221	0.00066048	4.3623383039999993e-07	3.0352956840999994e-06	0.000624492	0.000129482	1.6765588324e-08	3.899902580640001e-07	0.0	0.0	0.0	0.0	0.0	0.0	0.0
75793.74321290318	172.79032853992248	5744691510.223507	29856.49763693435	105018.14191574349	422.4958115874906	178502.71080897236	11028810131.43524	74583.46726109601	107.88053668478096	11638.210195396372	5562693588.68698	79362.49283854167	70749.42839332018	1.3256	25.418818	0.0647796599999999	0.0359782	0.0743568079	0.0911181398	-0.1283330251	-0.0057704554	0.1275479965	0.1455316343	-0.1087469856	0.0347187672	0.0908199352	0.0802782462	-0.0230595254	-0.0257430986	0.0662880682	-0.0139817829	-0.001168902	0.0107588234	-0.0386211193	0.0118045433	0.0550816346	0.0189023697	-0.0791436914	-0.0906911297	0.1511388559	0.027692076	0.0454835993	-0.0793724582	-0.1911593574	-0.0069709981	0.0548118334	-0.0840207568	0.0305530634	-0.1997138036	-0.0670701316	0.0818442342	-0.0770838596	-0.04618234	-0.0755956538	-0.0805237797	-0.0221517277	-0.0566944147	-0.0735202287	-0.0455229789	-0.014323015	-0.0198102075	0.0780253049	-0.0054919212	-0.0005455805	-0.1531595876	-0.0062540687	0.0302356447	-0.0483621277	-0.1714820233	-0.186356977	0.1118523672	0.0565494647	0.0224742605	0.0750791169	-0.1425574961	-0.00101926	-0.02791606	0.0007793064059236	1.0388909475999998e-06	0.0493741	-0.0086656	0.0024378017508099	7.509262336000004e-05	-0.257915	0.0035129999999999	1.234116899999992e-05	0.066520147225	-0.00284065	1.6430000000000004e-05	8.0692924225e-06	2.6994490000000006e-10	-0.0022124	-0.0004701899999999	2.210786360999999e-07	4.894713759999999e-06	0.000631572	7.079999999999912e-06	5.012639999999876e-11	3.988831911839999e-07	0.0	0.0	0.0	0.0	0.0	0.0	0.0
75865.34856961027	71.60535670709214	5755551113.588468	5127.3271091499055	106067.46255443136	1049.3206386878735	1101073.8027763271	11250306612.7357	74742.55803894928	159.090777853271	25309.87559795882	5586449982.205702	79675.61755823206	70481.07747100537	1.248472	23.939865	0.14846361	0.0847867999999999	-0.0214044166	-0.1116148555	0.1479269892	0.0265559268	-0.0951253033	-0.0801646879	0.0018921907	-0.0871977866	-0.0480735097	-0.0715462156	-0.0965070442	0.0905921947	-0.0839699866	-0.004288656	-0.0825901341	0.024863105	-0.0892210739	0.0453248437	0.0879658805	0.0030717445	-0.0182607688	0.0141528211	0.0054477968	0.1605391815	-0.0209827355	0.054259688	-0.1447948862	-0.1473409537	0.2247405531	-0.0807949811	-0.0836799447	-0.1574299679	0.0220163572	-0.0523047674	-0.2145761092	0.1695102934	0.0371744515	0.1013786524	-0.0391501624	0.0902876162	0.1359386185	-0.006835816	-0.0745880171	0.0540010324	0.1231678915	-0.0371446651	0.0787529832	0.0398068946	-0.0874678827	0.139973069	-0.1085260228	-0.04389988	-0.1194406452	-0.0349704998	0.0551935474	0.0339623287	0.0393632773	-0.1439917206	0.0117853	0.01280456	0.0001639567567936	0.00013889329609	0.0278786	-0.0214954999999999	0.00077721633796	0.0004620565202499	-0.310448	-0.0525329999999999	0.002759716089	0.096377960704	-0.0019169	0.00092375	3.67450561e-06	8.533140625000002e-07	-0.0022257	-1.3300000000000376e-05	1.7689000000001003e-10	4.953740490000001e-06	0.000927133	0.000295561	8.735630472100005e-08	8.59575599689e-07	0.0	0.0	0.0	0.0	0.0	0.0	0.0
75804.77273297572	-60.57583663455444	5746363569.098099	3669.431983976227	105824.95494204662	-242.50761238473933	58809.94206454698	11198921088.486198	74587.53538269928	-155.0226562500029	24032.023950806568	5563300434.465417	79533.8851779514	70874.5313568278	1.297877	24.88723	0.12715615	0.0815685	0.0078490315	0.0065099601	0.0055826144	-0.1513314395	0.1797704482	0.0148187734	0.0033264086	0.0277652645	0.0100540862	0.1690379529	0.030665638	-0.021482662	0.0571788846	-0.067730374	0.0654405101	-0.1051546041	0.311449383	0.0093150373	0.0926649898	0.2130854297	-0.0882793447	0.0351223308	0.1079316075	0.0538413175	0.0884331764	-0.0020035944	0.0532241456	-0.0641813316	-0.0857893655	-0.0997579965	-0.2095948041	0.0250465243	0.0010120865	0.0367499601	0.0330784065	-0.079297831	-0.0166359884	-0.0588480078	-0.0006739623	-0.0850779807	-0.0022899983	0.1901796953	0.0353594682	-0.2280767522	-0.1110406551	0.1063037343	0.0115162144	-0.0242083888	0.0662771636	0.2720974289	0.1326427472	-0.1279694572	-0.0264322447	-0.0805586826	-0.1491027256	-0.0708806884	0.0733106424	-0.1452505133	-0.0049308	-0.0167161	0.00027942799921	2.431278864e-05	0.0933588	0.0654802	0.00871586553744	0.00428765659204	-0.316305	-0.005857	3.430444900000001e-05	0.100048853025	-0.00120322	0.00071368	1.4477383684000005e-06	5.093391423999999e-07	-0.00221602	9.680000000000192e-06	9.370240000000372e-11	4.9107446404e-06	0.000868436	-5.869700000000002e-05	3.4453378090000023e-09	7.54181086096e-07	0.0	0.0	0.0	0.0	0.0	0.0	0.0
75789.3057310698	-15.467001905912184	5744018863.197571	239.22814795749116	106007.95051949924	182.995577452617	33487.381367216745	11237685573.3446	74567.34485394022	-20.19052875906345	407.6574515705684	5560288918.566444	79652.70184371383	69841.04386688526	1.217203	23.340275	0.34340819	0.169451	0.0346164462	-0.0251496476	0.1018658439	0.0015726074	-0.0212228455	-0.0083237477	0.1195903163	-0.0579039663	0.1171042973	0.0653995519	-0.059196108	-0.0307396325	0.0123396203	0.0144596294	0.13221208	0.0997027819	0.1459201817	0.0511365707	0.0571782565	0.1050454813	-0.0176138589	0.0547470215	0.0020299163	-0.0133744719	-0.1814544113	-0.0512810854	-0.0683285325	0.0917658905	-0.0457186064	-0.0456044316	-0.0674041779	-0.0655900413	-0.0539117151	0.0388164935	0.2540900144	-0.0828820066	0.01282836	0.0376970833	0.1632721428	-0.0265903278	-0.0861635218	0.1130667327	0.1251079751	-0.0292297526	-0.0374538391	0.03469573	-0.0173740294	-0.1464771468	-0.0040305333	0.0891636969	-0.0075506682	0.2149518495	-0.0330781015	0.0192663195	-0.0019311946	-0.1662851907	-0.0841981887	-0.1463323407	-0.0609364	-0.0560056	0.00313662723136	0.00371324484496	0.00724717	-0.08611163	5.25214730089e-05	0.0074152128212569	-0.251519	0.064786	0.004197225796	0.063261807361	-0.00270982	-0.0015065999999999	7.3431244324e-06	2.2698435599999995e-06	-0.00249118	-0.00027516	7.571302559999999e-08	6.2059777924e-06	-7.990319999999998e-05	-0.0009483391999999	8.993472382566399e-07	6.384521370239997e-09	0.0	0.0	0.0	0.0	0.0	0.0	0.0
75919.3722881406	130.06655707079335	5763751088.625291	16917.309268249945	105507.50734823258	-500.4431712666556	250443.36766742717	11131834106.837353	74584.1480638587	16.803209918478387	282.34786356445045	5562795142.411596	79410.4180944372	70645.96647170157	1.009969	19.366493	0.27042909	0.129168	0.0118065187	0.0181438106	0.0874002077	-0.0521217177	0.1041667006	0.0483128487	-0.0420881645	0.054051758	-0.0133055493	0.0897602968	-0.1385327474	-0.0472373596	0.0554046051	-0.006468605	0.0410415035	0.0234566294	-0.0610136482	-0.0204482716	0.1536509496	0.0022251341	-0.0337925339	-0.0780026226	-0.1416560745	-0.0140496197	0.1424032339	-0.0716495516	-0.1754540584	0.0498428855	-0.0999830384	-0.0221697565	0.0782378539	0.1239514357	-0.1599100832	0.0389293567	0.0551138256	-0.0765531228	-0.0228311679	-0.0717116794	0.0077273702	-0.0400714909	-0.0148191361	-0.0376047281	-0.0348697589	-0.0333161751	0.0112673579	0.0498859269	0.112925027	-0.0240595529	0.0098632241	-0.0062005566	0.1337662161	-0.0059874158	-0.1168379998	0.0091332653	0.1012707089	-0.1879451929	-0.0853028716	-0.1472358847	-0.01774	0.0431964	0.00186592897296	0.0003147075999999	0.0908824	0.08363523	0.00825961062976	0.0069948516971529	-0.317182	-0.065663	0.004311629569	0.100604421124	-0.00261681	9.301000000000014e-05	6.847694576099999e-06	8.650860100000026e-09	-0.00180881	0.0006823699999999	4.656288168999998e-07	3.2717936161000006e-06	0.000703406	0.0007833091999999	6.135733028046399e-07	4.947800008359999e-07	0.0	0.0	0.0	0.0	0.0	0.0	0.0
75978.89531828048	59.52303013988421	5772792533.786224	3542.9911170335645	105880.7608302382	373.2534820056171	139318.16182931754	11210735513.990105	74600.30189085145	16.153826992755057	260.9461265118619	5565205042.206174	79493.11570909288	71192.62213232474	0.931949	17.870428	0.1593270515	0.0867957	-0.0330958178	0.0236678871	0.0408398585	-0.0533422389	0.1121726982	-0.0305294704	0.0178821093	-0.0371560143	-0.0025379873	0.0589202423	0.0039144819	0.047229097	0.0456572717	-0.0127481249	0.0019532202	-0.0546496955	-0.0937785863	0.1262785442	0.0980808362	0.1046803544	0.1256400444	-0.1304147874	-0.0191126875	-0.1558693407	0.0309414889	-0.0153589406	-0.0732259664	0.0575551842	-0.1147073972	-0.0056795327	0.0588130964	0.0935594915	-0.0944068221	0.2490835645	-0.0649581203	0.0870853188	-0.0170711704	-0.0151197872	-0.0448336026	-0.0553652196	-0.0287331541	0.0877542439	0.1329573084	0.0460874996	0.1505828688	-0.0991293601	0.0440905453	-0.0606531907	-0.1341959332	-0.0945857015	0.19463434	-0.0225895813	-0.0345488335	0.0425636499	0.1377275931	-0.119087317	0.0193248543	-0.1479600444	-0.00943869	0.00830131	6.891174771609999e-05	8.908886891609999e-05	0.0194065	-0.0714759	0.00037661224225	0.00510880428081	-0.288181	0.029001	0.000841058001	0.083048288761	-0.00278346	-0.00016665	7.7476495716e-06	2.777222250000013e-08	-0.0019449	-0.0001360899999999	1.8520488099999988e-08	3.78263601e-06	-4.83083e-06	-0.0007082368299999	5.015994073684488e-07	2.33369184889e-11	0.0	0.0	0.0	0.0	0.0	0.0	0.0
75937.7069422568	-41.188376023681485	5766535335.648077	1696.48231946818	105729.87707719646	-150.88375304173678	22765.906931959813	11178806906.759071	74607.77261662138	7.470725769933779	55.81174352955265	5566319734.813479	79497.29029586227	71013.29492422	0.960524	18.418369	0.1157076814999999	0.0668305	0.0192338377	0.0173382294	0.0783117561	-0.0638756739	-0.0356441177	0.0020459977	-0.0356233294	0.0154403887	-0.0734649535	-0.0361983104	-0.0067604452	-0.0139039691	0.0717368651	-0.0176205335	-0.0040334139	-0.1248180175	0.0226767824	-0.1374785175	-0.0499741788	-0.0777947444	0.0445330871	-0.1693765384	0.0916437355	0.0351722619	-0.1028699184	-0.0463699302	-0.0679508252	-0.0064425067	0.2429960521	-0.0705875989	-0.059392333	0.0910399276	-0.1817734749	-0.0404021191	-0.0282894369	-0.1112082567	-0.0281205169	-0.0626750697	0.0173843739	0.038413438	0.0768426437	0.0059405442	-0.0133266618	0.0045152849	-0.1244249929	0.1007067114	0.0795143364	-0.1020181799	-0.0894004794	-0.1820695657	-0.1080650021	-0.058166583	-0.0812697103	0.0991751555	-0.0589193148	-0.0229771121	0.1661561612	-0.1485039376	0.0168889	0.0263275899999999	0.000693141995208	0.0002852349432099	0.0725703999999999	0.0531638999999998	0.0052664629561599	0.0028264002632099	-0.293645	-0.0054639999999999	2.985529599999966e-05	0.0862273860249999	-0.00261604	0.00016742	6.8436652816e-06	2.802945640000005e-08	-0.00198787	-4.297000000000003e-05	1.8464209000000027e-09	3.9516271369e-06	0.000399823	0.00040465383	1.637447221336689e-07	1.59858431329e-07	0.0	0.0	0.0	0.0	0.0	0.0	0.0
75951.58048103462	13.873538777814248	5768642577.567079	192.4750782195156	105629.17077036374	-100.70630683272611	10141.76023588718	11157521717.634665	74739.44029098732	131.66767436593364	17336.376472933538	5585983935.010058	79672.80118543837	71018.32618151556	0.910899	17.466801	0.1226998499999999	0.0593477	0.0055111575	0.0370613726	0.0478360403	-0.0513132946	0.0537405626	0.0002737344	0.039415663	-0.0419054709	0.0357820343	0.0103094119	0.0065815021	0.0431290264	-0.0958214199	-0.0727305229	-0.1043935828	0.0484901445	0.0327392342	0.1333123226	0.0470818217	0.1384875454	0.0141098654	0.0317634553	-0.1360953777	-0.1215859147	0.0811225358	0.0006098882	-0.0994866822	-0.0492690336	0.00358062	0.0113377847	-0.02618579	0.1029338167	-0.1859568886	-0.0181937355	-0.1437503779	0.1627848251	-0.0050625721	0.0934295992	0.0048216259	-0.0022120698	-0.0286140081	-0.0244518256	0.1814502458	-0.0465620494	0.0754659055	-0.1131454602	-0.0034847385	0.0385408561	0.0312078404	0.0592120012	0.1003070237	-0.0120504506	-0.1633961342	-0.0084612033	0.0471468324	0.0070301025	0.1886927168	-0.1488669016	-0.0121325	-0.0290213999999999	0.0008422416579599	0.0001471975562499	0.0377499	-0.0348204999999998	0.00142505495001	0.0012124672202499	-0.264688	0.028957	0.000838507849	0.0700597373439999	-0.00293724	-0.0003211999999999	8.627378817599999e-06	1.0316943999999986e-07	-0.00216848	-0.0001806099999999	3.261997209999996e-08	4.7023055104e-06	0.000496032	9.6209e-05	9.256171680999998e-09	2.46047745024e-07	0.0	0.0	0.0	0.0	0.0	0.0	0.0
75786.32804395145	-165.25243708316702	5743567518.385422	27308.36796192608	105609.08741835297	-20.08335201076989	403.3410279884948	11153279345.337318	74659.56187160326	-79.87841938405472	6380.561883294929	5574050178.859756	79511.7921802662	70473.00438358792	0.94426	18.106491	0.0997459319999999	0.0520814	0.0264321058	-0.1087850201	0.1267445713	-0.0570042244	-0.0163466188	0.0252045699	0.0393201434	0.050296262	-0.0440143426	0.006140701	-0.1056695231	-0.0230987821	-0.0669523382	-0.0644834543	-0.085193147	0.0336267812	-0.0541643523	0.0161344889	-0.0806812009	-0.0642944178	-0.0413053101	-0.0963739185	-0.0488287471	-0.0042534891	0.0390834043	0.1268098249	-0.1273673566	-0.0209185645	0.0024152623	-0.0421441923	0.0172770329	0.1091099294	0.0724515757	0.1293648827	0.0703515986	-0.0315612416	-0.0361030811	0.0657956967	-0.0122097518	0.0426551382	0.0354750145	-0.0439420764	-0.0273561036	-0.0243689834	-0.0406857677	-0.076175624	0.0551293234	0.0551236934	0.1110836264	-0.0543842888	0.015182787	0.0489088181	-0.0593917937	0.0348063304	0.0274818318	-0.2684947203	0.1020563021	-0.1490484942	-0.000368068	0.011764432	0.0001384018602826	1.35474052624e-07	0.078074	0.0403241	0.006095549476	0.00162603304081	-0.254962	0.0097259999999999	9.459507599999917e-05	0.065005621444	-0.00351632	-0.00057908	1.23645063424e-05	3.3533364640000005e-07	-0.00205541	0.0001130699999999	1.2784824899999962e-08	4.224710268100001e-06	0.000429554	-6.647799999999997e-05	4.419324483999996e-09	1.84516638916e-07	0.0	0.0	0.0	0.0	0.0	0.0	0.0
