global_signal	global_signal_derivative1	global_signal_power2	global_signal_derivative1_power2	csf	csf_derivative1	csf_derivative1_power2	csf_power2	white_matter	white_matter_derivative1	white_matter_derivative1_power2	white_matter_power2	csf_wm	tcompcor	std_dvars	dvars	framewise_displacement	rmsd	t_comp_cor_00	t_comp_cor_01	t_comp_cor_02	t_comp_cor_03	t_comp_cor_04	c_comp_cor_00	c_comp_cor_01	c_comp_cor_02	c_comp_cor_03	c_comp_cor_04	w_comp_cor_00	w_comp_cor_01	w_comp_cor_02	w_comp_cor_03	w_comp_cor_04	w_comp_cor_05	w_comp_cor_06	w_comp_cor_07	w_comp_cor_08	w_comp_cor_09	w_comp_cor_10	w_comp_cor_11	w_comp_cor_12	w_comp_cor_13	w_comp_cor_14	w_comp_cor_15	w_comp_cor_16	w_comp_cor_17	w_comp_cor_18	w_comp_cor_19	w_comp_cor_20	w_comp_cor_21	w_comp_cor_22	w_comp_cor_23	w_comp_cor_24	w_comp_cor_25	w_comp_cor_26	w_comp_cor_27	w_comp_cor_28	w_comp_cor_29	w_comp_cor_30	a_comp_cor_00	a_comp_cor_01	a_comp_cor_02	a_comp_cor_03	a_comp_cor_04	a_comp_cor_05	a_comp_cor_06	a_comp_cor_07	a_comp_cor_08	a_comp_cor_09	a_comp_cor_10	a_comp_cor_11	a_comp_cor_12	a_comp_cor_13	a_comp_cor_14	a_comp_cor_15	a_comp_cor_16	a_comp_cor_17	a_comp_cor_18	a_comp_cor_19	a_comp_cor_20	a_comp_cor_21	a_comp_cor_22	a_comp_cor_23	a_comp_cor_24	a_comp_cor_25	a_comp_cor_26	a_comp_cor_27	a_comp_cor_28	cosine00	cosine01	cosine02	cosine03	trans_x	trans_x_derivative1	trans_x_derivative1_power2	trans_x_power2	trans_y	trans_y_derivative1	trans_y_power2	trans_y_derivative1_power2	trans_z	trans_z_derivative1	trans_z_power2	trans_z_derivative1_power2	rot_x	rot_x_derivative1	rot_x_derivative1_power2	rot_x_power2	rot_y	rot_y_derivative1	rot_y_power2	rot_y_derivative1_power2	rot_z	rot_z_derivative1	rot_z_derivative1_power2	rot_z_power2
48311.84903149463	n/a	2334034756.841929	n/a	78393.9041936184	n/a	n/a	6145604214.71822	47423.80107179752	n/a	n/a	2249016908.097424	55105.18539473284	49628.565788435626	n/a	n/a	n/a	n/a	-0.0281599007	-0.0720836549	0.1149111217	0.0214208179	0.0799390511	0.0236241618	0.0805583736	-0.062846393	0.0132548956	0.0934456357	-0.1007026819	-0.0696222209	0.0505040788	-0.0603669212	0.0214943025	-0.0386139313	0.021448808	-0.0313790394	0.1363747963	-0.0780455713	0.049848897	-0.0753880891	0.0869790151	-0.0310403569	0.0072637849	-0.0556731276	0.1263861841	-0.07254682	0.0851312469	0.0229025574	-0.1370148394	0.1100964454	-0.0153989373	0.0762428702	-0.0655821982	0.1518285016	-0.1057603772	0.1583875453	-0.0268203569	0.0329463513	-0.012067815	-0.0545368284	-0.0314055599	0.0139583398	0.0311428454	0.1282083927	-0.0698010168	0.0234129989	-0.0133613668	0.090860903	-0.0646720059	0.0675670252	-0.0867982202	0.134312715	-0.0370513464	0.0269096566	-0.0294070225	0.0320372092	-0.0679329067	0.0893986271	-0.0303661696	0.048613616	0.1270867874	-0.0467549092	0.0108770702	-0.0371490346	0.020086698	-0.0026780334	0.0183068784	-0.0410978436	0.102594329	0.1025838106	0.1025662807	0.1025417406	-0.0168939	n/a	n/a	0.00028540385721	-0.0325804	n/a	0.00106148246416	n/a	-0.00961448	n/a	9.24382256704e-05	n/a	0.00110531	n/a	n/a	1.2217101961e-06	-0.0	n/a	0.0	n/a	0.0	n/a	n/a	0.0
48379.602847469	67.75381597437081	2340585971.6788306	4590.579579088905	77963.23358394938	-430.6706096690177	185477.17403268343	6078265790.865452	47467.72860036803	43.927528570508	1929.627766312797	2253185258.4781966	55105.71083100048	49577.23329342504	0.958525	14.760242	0.0420535199999999	0.0221778	-0.0211916962	-0.0259421225	0.1245789268	0.0465516253	0.1505244961	0.0185099334	0.0190491726	-0.0964004748	-0.0091928436	0.064132892	0.0407322746	0.008697853	-0.0290878494	-0.0123413875	0.0384232118	-0.0545127007	0.0793947163	-0.0856134646	0.0421418416	-0.0942878432	-0.0370417247	-0.0293843895	-0.1646085202	-0.0639796495	0.0226690283	-0.0957797431	-0.0234760299	0.0142342277	0.0003115069	0.0457303831	0.0487563684	0.0702771229	-0.0467558352	-0.0813236692	0.0426301387	-0.0297406577	-0.0620326766	-0.0811260776	0.0236615673	0.0598141432	-0.0395024963	0.0067379752	-0.0426015771	0.004221039	0.0352569624	-0.0318730694	-0.1132825221	-0.0545739031	0.0567255155	0.1029673121	-0.0603912953	0.0616867576	0.0110299203	-0.0481333611	0.1248179173	0.0470215833	0.047767808	-0.0238625656	-0.0881926729	0.0411540709	-0.0431247531	-0.0233766805	-0.0309276105	-0.0469962421	-0.0113721961	0.0483287669	0.0636309206	0.0189012864	-3.44194e-05	-0.0537441633	0.1025662807	0.1024716367	0.1023139614	0.1020933517	-0.0174044	-0.0005105	2.6061025000000054e-07	0.00030291313936	-0.0450335	-0.0124530999999999	0.0020280161222499	0.0001550796996099	-0.0125278	-0.00291332	0.00015694577284	8.487433422400003e-06	0.00119127	8.595999999999994e-05	7.389121599999991e-09	1.4191242129e-06	-0.000330965	-0.000330965	1.09537831225e-07	1.09537831225e-07	-0.000106607	-0.000106607	1.1365052449e-08	1.1365052449e-08
48354.56246829104	-25.040379177960855	2338163711.499861	627.0205893760557	78265.94380915379	302.7102252044133	91633.48044330662	6125557960.337618	47439.515762203	-28.21283816502546	795.9642373259171	2250507655.752307	55126.2329106317	49783.907607432535	0.98204	15.122357	0.0437902	0.0215999	0.0121733646	-0.0292167717	0.1538272336	0.0146651857	0.079257265	-0.0445835956	0.0604062722	-0.0827879474	0.0012268033	-0.0009066813	0.0696409585	0.0107211827	0.0190754589	-0.0670162017	-0.0468754744	-0.0185787421	0.0797585664	-0.0434742342	-0.1016338738	-0.1457643624	-0.0064267727	0.0795232057	-0.0619710732	-0.1000342237	0.0151291508	-0.0307936929	-0.0011374943	-0.0413065391	0.0538921145	-0.0172000403	-0.1290459198	-0.0878827658	0.0701366368	0.0442428449	0.1106601624	0.1086514503	0.0301786279	-0.1211416139	0.0068577718	-0.1100523371	0.0927100766	0.0486460688	-0.0482992037	-0.0272294994	-0.0313111137	-0.0035795061	-0.0810164419	-0.0621073028	0.0545860308	0.1672503014	-0.0124758789	-0.0025651875	-0.0651021265	0.0808744892	0.0992887252	-0.0720550686	0.0402967439	-0.0820350424	-0.0852316412	0.097342742	0.0384747457	-0.0919845863	0.0794236145	-0.0319231403	-0.0671569658	0.0402200653	0.0189228049	0.0190452186	-0.0843684009	0.0614131014	0.1025101919	0.1022474116	0.1018099433	0.1011985345	-0.0113152	0.0060892	3.7078356640000016e-05	0.00012803375104	-0.0396647	0.0053688	0.0015732884260899	2.882401344e-05	-0.0168888	-0.0043609999999999	0.00028523156544	1.9018320999999988e-05	0.000823947	-0.0003673229999999	1.3492618632899994e-07	6.78888658809e-07	-0.000416459	-8.549399999999998e-05	1.73438098681e-07	7.309224035999996e-09	0.0	0.000106607	1.1365052449e-08	0.0
48228.90756995014	-125.65489834090113	2326027525.390794	15789.153477062197	78618.14653862847	352.2027294746804	124046.76264941489	6180812965.169259	47454.20317342459	14.687411221588263	215.72004839203683	2251901398.8246603	55166.91526442308	49497.61276844808	1.057944	16.291185	0.05910808	0.0290778	-0.0417703312	-0.07642313	0.1541558151	-0.0318574387	0.019009369	-0.0840625835	0.0578872616	-0.0326447697	0.0205163642	0.1105529607	0.0459145405	0.0267900154	-0.0449400188	0.0052743516	-0.0319651862	0.0041926238	-0.0481466916	-0.1810819174	0.0852318328	-0.1720558858	0.0578136218	-0.0972557874	-0.0575965238	0.1353733331	0.0921253841	0.0072436255	0.0106429857	-0.130367372	-0.0705832972	0.0605421913	-0.0443652375	0.0622012196	0.0613997335	0.0276994571	0.075215103	0.044038571	0.069768349	0.0882496666	0.0524461512	0.0696132893	0.0286369215	0.0579911307	-0.0108390266	0.0071636473	-0.0690736511	0.0210644838	-0.1066711221	0.0581910199	0.0369858138	0.0143250052	0.000810768	0.0956774235	-0.0636340186	-0.0461609318	0.1740613629	0.1067514973	-0.084411256	0.0192514644	-0.0017932879	0.1456436167	0.0042061783	0.0193766506	0.0672678715	-0.0891263942	-0.0884844679	-0.1132180385	0.0968294106	0.0017192761	-0.0354004629	0.0583701259	0.1024260777	0.1019113804	0.1010554665	0.0998612018	-0.00391551	0.00739969	5.47554120961e-05	1.5331218560099997e-05	-0.0169329	0.0227317999999999	0.00028672310241	0.0005167347312399	-0.00696641	0.00992239	4.85308682881e-05	9.84538233121e-05	0.000983085	0.000159138	2.5324903044000025e-08	9.664561172250005e-07	-0.000194513	0.000221946	3.7835307169e-08	4.9260026916e-08	0.0	0.0	0.0	0.0
48125.23854759752	-103.66902235262388	2316038585.263166	10747.266195548827	78252.9432421175	-365.2032965109684	133373.44778247827	6123523126.054063	47390.35350351885	-63.84966990574321	4076.78034707237	2245845605.188481	55131.239336736246	48919.95206528043	1.074792	16.550631	0.0360802399999999	0.0195948	-0.1006187628	-0.0727004754	0.1022884795	-0.0232953798	-0.0137311813	-0.0424691186	0.0248896177	0.044110979	-0.0193376711	0.1068210542	-0.0122655021	-0.0438472289	0.1303355858	0.0700827722	-0.0597789943	0.0619525945	0.0815030005	-0.0568222738	-0.0803738823	0.1192044852	0.0182324991	0.1035776099	0.0365233564	0.0479078025	0.0546482628	-0.0698776643	-0.0778390906	0.002520141	-0.0729262905	-0.0892380052	0.0046918878	-0.05378476	0.0310151136	-0.08373709	0.0237175281	0.1406565454	0.2419485999	0.1785664847	0.1706933557	0.0984357961	-0.1140815862	0.0542614666	0.0692418535	0.0350341922	-0.0131825889	0.160633643	0.0486217582	-0.082322725	0.0317748052	0.059996606	0.1240667967	-0.0628384597	0.04761932	-0.0354211621	0.0846548924	0.026748818	-0.0823102517	0.0315674473	0.0821637172	0.0782447413	-0.0664160942	-0.1564539182	0.0303782826	-0.0386468353	0.022211028	0.0504224513	-0.0755319601	-0.1245408636	0.089049617	0.0669455186	0.1023139614	0.1014639107	0.1000523871	0.0980872016	-0.0052603	-0.00134479	1.808460144100001e-06	2.767075609e-05	-0.0302221	-0.0132891999999999	0.00091337532841	0.0001766028366399	-0.00805926	-0.00109285	6.49516717476e-05	1.1943211225000005e-06	0.00118488	0.0002017949999999	4.0721222024999935e-08	1.4039406143999998e-06	-0.000399786	-0.000205273	1.5982884579600002e-07	4.2137004529e-08	0.0	0.0	0.0	0.0
48197.17968955104	71.9411419535245	2322968130.026871	5175.527905577162	78385.20882686492	132.26558474742342	17494.184908577845	6144240962.831223	47369.44298004907	-20.910523469778127	437.2499917801419	2243864128.24012	55049.00299910236	48997.070650725385	1.161778	17.890118	0.0429000061999999	0.0224279	-0.1038608321	-0.0304884838	0.0681061545	0.1023102794	0.0049647493	0.0962912389	0.09321794	0.0647350092	-0.0469043029	0.0214828301	-0.0704548731	0.033485023	-0.089691468	0.0428443776	-0.0966074155	0.0341574054	-0.1277938327	0.038430997	0.0596922688	-0.0541070259	0.0205417026	-0.0078902231	-0.0160806705	0.0229187337	-0.0402969438	-0.0194009351	-0.0642149583	0.0341773737	0.0360699576	-0.0345166377	-0.0236513575	-0.1290121532	-0.2091747867	0.0437298576	-0.0530350356	-0.0323944696	0.0660809573	0.053855631	-0.0761768878	-0.0461753448	0.024281723	-0.0926996919	0.0317348489	0.0259831567	-0.1109542024	0.0093458579	-0.0329967435	0.093540444	0.082689899	0.0176198272	-0.0377688225	-0.0026090259	0.0961107516	0.0501760413	-0.0921132231	-0.0001089295	0.0681043907	0.0395798837	0.0044316407	-0.1109530024	-0.0769352405	-0.0906589805	-0.0102294083	0.0526772007	0.0102743439	0.0134432676	0.1168869698	0.0324201555	0.0352916487	0.1213462841	0.1021738733	0.1009054916	0.0988031726	0.0958842909	-1.66998e-05	0.0052436002	2.7495343057440044e-05	2.7888332003999995e-10	-0.0114867	0.0187354	0.00013194427689	0.00035101521316	0.000987066	0.009046326	9.74299288356e-07	8.183601409827601e-05	0.00114069	-4.418999999999994e-05	1.9527560999999952e-09	1.3011736761e-06	-0.000317289	8.2497e-05	1.00672309521e-07	6.805755009000001e-09	7.08066e-05	7.08066e-05	5.01357460356e-09	5.01357460356e-09
48467.58837162442	270.4086820733792	2349107122.5612226	73120.85534066186	77889.59456730231	-495.6142595626152	245633.4942817993	6066788941.858729	47404.114269918646	34.67128986957687	1202.0983412202236	2247150049.7155046	54961.66985721458	49803.112582943846	1.246182	19.189859	0.0498783308	0.0353088	0.0135275307	0.0286770352	-0.007530502	0.142626322	0.0899544176	0.1149442386	-0.0243860445	-0.0858625857	-0.0123878392	0.0533658245	-0.0726749686	0.0030236958	-0.1227504768	-0.0357346849	0.0495628227	-0.0418310891	-0.056207407	-0.0309331329	-0.0815151493	0.0871455377	0.0344612473	0.0537664379	-0.0085566039	0.0671565481	-0.1120978708	-0.1403336866	-0.0469171932	0.0576252816	-0.0056752707	0.0688022557	-0.0031461648	0.0435896606	0.0319973869	-0.1226066723	0.0319973996	-0.011223175	-0.0267454703	-0.0112426773	-0.0042736986	-0.009370916	0.0418597349	-0.0961610007	-0.0203285792	0.0014941322	0.0561475763	-0.057182723	-0.1146908178	0.0205617226	0.0959296872	0.0179601343	0.0715900285	0.0313211751	-0.0214979043	-0.0205583058	-0.1040553573	0.0727605604	0.0531305259	-0.0107730694	0.1095673726	0.074381193	0.0275528427	-0.2274529554	-0.1548177214	0.1309023455	0.0350942219	0.0953777556	-0.0168494858	0.027849482	-0.0378874187	0.0018725442	0.102005852	0.1002367339	0.0973108962	0.0932621027	-1.6015e-05	6.847999999999972e-07	4.689510399999962e-13	2.5648022500000005e-10	-0.0185774	-0.0070907	0.00034511979076	5.027802649e-05	-0.0330118	-0.033998866	0.00108977893924	0.0011559228892859	0.00114069	0.0	0.0	1.3011736761e-06	-0.000422244	-0.000104955	1.78289995536e-07	1.1015552025e-08	0.0	-7.08066e-05	5.01357460356e-09	0.0
48430.28041309507	-37.30795852935262	2345492060.89102	1391.8837696278947	78076.035796791	186.44122948868608	34760.3320532529	6095867365.741789	47446.52169825026	42.40742833161494	1798.3899777010572	2251172421.2625327	54987.650736748416	50381.901245650246	1.325621	20.41313	0.076567795	0.0445573	0.0625517627	-0.0937728109	-0.0587707077	-0.0274122386	-0.0277445517	0.0154678429	0.0065554283	-0.0365618757	0.124607132	-0.0140490251	-0.0269036858	-0.0588029596	-0.0530458262	-0.0354002222	-0.0330735518	-0.0317965679	-0.0633941298	-0.1353186751	0.147402984	0.0794480146	0.0069028992	-0.0052360034	0.0667633401	-0.0055166376	-0.0790866615	0.0469299232	0.0239787908	0.0772625736	0.0056799127	-0.0021036447	-0.0871356217	0.1197688211	0.0516700423	-0.0522060151	0.1473025854	-0.0673711771	-0.1846286701	0.0232430768	-0.1753249443	-0.0087032312	-0.1139242037	-0.0139462753	-0.1222823055	0.0439930452	-0.0121352005	-0.0237832473	0.0750024197	-0.032795474	-0.0105543271	-0.1414522738	0.0220785885	0.0748979547	-0.2412470466	0.0125476071	0.1583022706	0.0483885967	0.1215254127	0.0524730709	0.0822162167	-0.0495855027	-0.049145327	0.0760882066	-0.0171873302	0.0984755614	-0.0583069486	-0.0514494739	-0.0636106893	0.0181978268	0.0895949663	-0.0772309006	0.1018099433	0.0994583687	0.0955792289	0.090232103	0.00366508	0.0036810949999999	1.3550460399024998e-05	1.34328114064e-05	0.0186815	0.0372589	0.00034899844225	0.0013882256292099	-0.0330142	-2.3999999999996247e-06	0.00108993740164	5.759999999998198e-12	0.0012722	0.00013151	1.7294880100000013e-08	1.61849284e-06	-0.0008409859999999	-0.0004187419999999	7.072574521958318e-07	1.7534486256391622e-07	-0.000162256	-0.000162256	2.6327009536e-08	2.6327009536e-08
48293.457174527706	-136.82323856736184	2332258005.8679414	18720.59861206121	78426.05810896898	350.02231217798544	122515.6190224231	6150646590.511379	47463.36756279055	16.84586454028613	283.78315210966963	2252771260.400558	55135.12655945716	50030.57410947309	1.136031	17.493649	0.08826857	0.0417339	0.0166213732	-0.0446236255	-0.0958430462	-0.0274274672	-0.1203553645	-0.0805477444	-0.024089408	0.0518999245	0.1528007865	-0.0155784144	0.0243851997	-0.0213951914	-0.0359441378	0.0173310256	-0.0412756377	-0.0504179215	-0.027937144	-0.0363057748	0.0639075335	0.0395666926	0.0878000339	0.0912409208	0.0249401489	0.0537050687	-0.008213255	-0.017138788	-0.0857823865	-0.0811055	0.0394976243	0.0250385372	0.0831292741	-0.0149330339	-0.0228313586	0.0011520961	0.1517726133	0.0321260654	-0.0111152128	0.0715894573	-0.0109060452	0.0930900629	0.0785753436	0.06473106	-0.056098171	0.1152920204	-0.0332076569	-0.0166974417	0.0478391699	-0.0560454584	-0.0285744298	-0.127880185	0.1075777527	-0.1300774698	-0.1479738956	-0.0077164845	0.0956181944	0.0877249508	-0.0997886052	-0.1515718942	0.0494080177	0.0269054099	-0.0139733845	0.0166764269	-0.0017326428	0.006909601	0.0003564636	-0.0514408693	0.1034450408	-0.0102278336	0.0715101065	-0.0428815541	0.1015862008	0.0985712473	0.0936124309	0.0868075413	0.0132057	0.00954062	9.102342998440004e-05	0.00017439051249	0.0287505	0.0100689999999999	0.0008265912502499	0.0001013847609999	-0.0182119	0.0148023	0.00033167330161	0.00021910808529	0.00117165	-0.00010055	1.0110302500000006e-08	1.3727637225e-06	-0.00034239	0.0004985959999999	1.1723091209999999e-07	2.485979712159003e-07	0.000315731	0.000477987	2.2847157216900003e-07	9.968606436099999e-08
48259.68303495636	-33.774139571345586	2328997006.6344547	1140.6925037847318	78061.26519797267	-364.7929109963152	133073.86791316554	6093561124.308218	47329.07722107438	-134.29034171616513	18033.8958782444	2240041550.598422	54976.68358804467	49644.13537757574	1.030847	15.873922	0.05951102	0.0313531	-0.028314087	-0.0573559826	-0.1128972468	-0.0240664748	-0.0830449497	-0.0120770257	-0.0075668506	0.1012481442	0.0211165654	-0.0808788978	-0.066655808	0.0013718868	0.0884952511	0.1138845576	-0.1495620607	0.0225707183	0.1666208757	0.0672551096	-0.0046510961	0.0878863957	0.0238347364	-0.0749122555	-0.0519266579	0.0586876345	-0.0263702401	0.1320157965	0.1474465888	0.1105235128	-0.0650173957	0.0361312893	0.0670366569	-0.0204125888	-0.0972444714	-0.0231330602	0.0090664966	0.0556231527	0.0322992588	-0.030547724	-0.0772522328	0.1168208589	0.050506171	0.002361142	0.0212032758	0.0367291866	-0.0114366333	0.1147302626	0.1541600197	-0.1961441477	0.0716583514	-0.0017185668	0.0289980418	-0.1140545326	-0.0145426015	-0.0831493644	0.0012952977	0.0009130075	-0.1569549433	0.0300977175	0.0177497882	0.0013389836	0.0699083107	0.0840935376	0.1807130767	0.1298735161	-0.0421266516	-0.0192262366	0.0705916183	0.0141104307	0.0549505387	0.0285415347	0.1013346856	0.0975763397	0.0914153405	0.0830033923	0.00478196	-0.00842374	7.095939558760001e-05	2.28671414416e-05	0.00540627	-0.0233442299999999	2.9227755312900003e-05	0.0005449530742928	-0.0145197	0.0036921999999999	0.00021082168809	1.3632340839999998e-05	0.0008970929999999	-0.0002745570000001	7.538154624905491e-08	8.047758506488205e-07	-0.000301705	4.0685e-05	9.1025907025e-08	1.6552692249999994e-09	0.000149956	-0.0001657749999999	2.748135062499999e-08	2.2486801936e-08
48376.34349545681	116.6604605004468	2340270609.990426	13609.663044176305	78297.65200422826	236.38680625559937	55878.72217172227	6130522309.375231	47355.65290466813	26.57568359375	706.2669584751129	2242557862.027404	54973.89091026656	49999.58723922796	1.0733	16.527658	0.0424659435	0.0216596	0.0198396823	-0.0748653888	-0.0262038702	0.0236305402	-0.0124978036	0.083436032	0.080539102	0.0421182211	-0.016333751	-0.083595162	-0.0485933473	0.0712678726	-0.1442390002	-0.0258566501	0.0005229742	-0.0347929338	-0.1298643351	-0.0677334678	-0.0147526868	0.1094911426	-0.1450873345	-0.0081179113	-0.1247085499	0.0030083978	0.0680457878	0.0706022221	-0.0027268047	-0.0141365233	0.0400827872	-0.0099065578	-0.1144809847	0.0378711688	0.0866408216	-0.0683594938	-0.0509380605	0.1130241625	-0.0037757296	0.0190426817	0.1166784813	0.0367959331	0.0441660748	-0.0913143465	-0.0084486659	-0.0039659465	-0.0929904047	-0.0467993389	-0.0190923098	0.0829290921	0.0442725156	-0.0662612066	0.0194034074	0.0618132633	0.0079556614	-0.1826316746	0.0645397845	-0.0050861637	-0.0637844422	0.0070473672	0.0147898542	-0.156088515	-0.0335376767	0.0427939202	0.0010085778	0.0182444784	0.1116203998	0.1798783942	0.0301376974	0.0194993586	-0.009066427	0.0523303821	0.1010554665	0.0964747338	0.0889933628	0.0788362905	9.04865e-05	-0.0046914735	2.200992360120225e-05	8.18780668225e-09	0.0228111	0.01740483	0.00052034628321	0.0003029281073289	-0.00749661	0.00702309	5.61991614921e-05	4.93237931481e-05	0.000793718	-0.0001033749999998	1.0686390624979322e-08	6.29988263524e-07	-0.00015091	0.0001507949999999	2.27738281e-08	2.2739132024999997e-08	0.000137195	-1.2760999999999995e-05	1.6284312099999986e-10	1.8822468025e-08
48494.56221573471	118.21872027790232	2351722564.4957647	13975.665824144911	77989.89776195676	-307.75424227150506	94712.67363610824	6082424152.920468	47411.26994689437	55.61704222623666	3093.255385994992	2247828517.977289	54965.20385147882	50421.58623654561	1.024512	15.77637	0.082172063	0.0422029	0.0766584361	-0.0698017439	-0.0330365411	0.0389330833	0.0904992963	0.0597882036	0.012616851	-0.0957934868	0.0334091725	0.0597457676	-0.0208233344	0.0453607911	-0.1201797356	-0.0158627736	-0.0280124723	0.0422626175	0.118071192	0.0570865247	-0.094050393	-0.1186226459	0.0497613355	-0.0524524744	-0.0439180035	-0.039255257	-0.1198785243	-0.0216938888	0.0555384733	-0.0492818565	0.0276310577	-0.0257065929	0.0513824966	0.0426754224	0.0722219108	0.0071540304	-0.0750249547	0.0296739595	-0.0580757028	0.0806295896	0.0224612145	-0.0335786509	0.0316116537	-0.0605325877	-0.0534536477	0.0199417258	-0.0081835482	-0.0647882991	-0.0672935567	-0.0488725683	0.1273030731	0.034962737	-0.0196049012	-0.0389250209	0.0140750399	-0.0037273478	0.0050413469	-0.1100824406	-0.0774390156	-0.0406173204	0.0073817256	0.1006910994	0.0938946841	0.0029764226	-0.0932268986	-0.0237437596	-0.0122514423	-0.0767056036	0.0375765077	0.0513024282	-0.0305716961	-0.0885548173	0.1007486199	0.0952676342	0.0863524559	0.0743244578	8.24985e-05	-7.987999999999992e-06	6.380814399999987e-11	6.8060025022500006e-09	0.00539289	-0.01741821	2.90832625521e-05	0.0003033940396041	-0.0329236	-0.0254269899999999	0.0010839634369599	0.00064653182046	0.0012371	0.000443382	1.9658759792400009e-07	1.5304164100000002e-06	-0.000295182	-0.000144272	8.7132413124e-08	2.0814409984e-08	-6.15285e-05	-0.0001987235	3.949102945225e-08	3.7857563122500014e-09
48533.28081813856	38.718602403852856	2355479346.9722967	1499.1301721076402	78172.71224658377	182.8144846270152	33421.13578944117	6110972939.987189	47420.02892561984	8.758978725469206	76.71970831322214	2248659143.306622	54956.81280238255	50738.57206066415	1.091648	16.810194	0.075900343	0.0483045	0.1343902551	0.0188946914	-0.0328271873	0.0863717007	0.01303736	0.0512784303	0.0612456167	-0.0568069193	-0.0153546447	-0.1007412278	-0.0010707062	0.0172696593	-0.0636259877	-0.050352271	0.0228947098	0.0129051766	-0.0036795965	0.0976034922	-0.0911170062	-0.014308297	-0.0605659754	-0.057938914	-0.0070101119	0.0352497396	-0.0646018837	0.0587558437	0.0452854749	-0.0489944953	-0.022647781	-0.126208164	-0.0049269319	-0.0512537438	-0.011721072	0.0546208119	-0.042914765	-0.0987439183	-0.0347150528	0.1568294332	-0.0703911351	0.0798590571	-0.0506179651	-0.0760908213	-0.0859676616	-0.0830621373	-0.0096430902	-0.1055346181	0.0339964227	-0.0334278001	-0.0397091772	0.0017725198	-0.0668224432	-0.0314621647	0.026304511	-0.0350601846	-0.0691020243	-0.1250230025	-0.0581867914	0.0283196487	-0.0729807746	0.0131030066	0.1238584186	0.0216134123	-0.0642134975	0.023939168	0.0037504029	-0.0631893901	-0.0369184531	-0.102335301	0.021944561	0.0443950931	0.1004142296	0.0939563609	0.0834991166	0.0694876231	8.98665e-05	7.368000000000001e-06	5.428742400000002e-11	8.07598782225e-09	0.00541579	2.2900000000000177e-05	2.93307813241e-05	5.24410000000008e-10	-0.0145691	0.0183544999999999	0.00021225867481	0.0003368876702499	0.000468973	-0.000768127	5.900190881290001e-07	2.1993567472900002e-07	-8.080499999999998e-05	0.000214377	6.529448024999997e-09	4.595749812900001e-08	-0.000229336	-0.0001678074999999	2.8159357056249988e-08	5.2595000896e-08
48526.91063739765	-6.370180740916112	2354861056.009977	40.57920267193855	78274.03419718862	101.3219506048481	10266.137674371275	6126824429.502654	47474.00589569344	53.97697007359966	2913.5132983262733	2253781235.784335	55043.06586994888	50706.88100196805	1.08492	16.706598	0.0776670385499999	0.0415325	0.1109975404	0.1085501095	-0.0618332865	0.0600281717	-0.0345050639	-0.0172881803	0.0242777138	-0.048207657	-0.0240593977	-0.0362315201	0.0668724895	-0.0138408483	-0.0920591879	-0.0599676941	0.0727977508	-0.1082790163	-0.0571387697	0.055884142	-0.0559533191	0.030943109	-0.0383231642	-0.0679739452	0.0557959647	0.0828034488	0.0410822325	-0.0085689328	-0.0859333251	0.0290449823	-0.0715037816	-0.0651788428	0.0271713294	-0.0597025584	-0.0496344315	-0.0259263624	-0.0203471225	0.0958514028	0.0708443493	0.0432674689	-0.0342710923	-0.0929134991	-0.013506705	-0.0111492739	-0.0989657661	-0.0914254127	0.0070098658	-0.0881619018	-0.0013271667	0.0443823494	-0.0819408548	0.0212321075	0.055879764	-0.0326502174	0.0137823004	-0.1491849036	-0.0691346329	0.0930362511	0.0144094878	-0.095424251	0.0136976939	-0.01367662	0.0213446741	0.0817085949	-0.0176713289	0.0569165862	-0.0905196733	-0.0085181618	-0.0671506218	-0.0381375678	0.0604397046	0.1292702834	0.1000523871	0.0925423476	0.0804403643	0.0643469367	3.13145e-05	-5.855200000000001e-05	3.4283367040000006e-09	9.8059791025e-10	0.0210348	0.01561901	0.00044246281104	0.00024395347338	-0.0333679	-0.0187987999999999	0.0011134167504099	0.0003533948814399	0.000999689	0.000530716	2.81659472656e-07	9.99378096721e-07	-0.00018414	-0.000103335	3.39075396e-08	1.0678122225000006e-08	4.26531e-07	0.000229762531	5.2790820651525966e-08	1.8192869396100001e-13
48529.83604252224	2.9254051245952724	2355144986.3140907	8.55799514300828	78066.62043395777	-207.4137632308557	43020.469177585466	6094397225.979632	47444.75866800104	-29.24722769239452	855.4003276907687	2251005125.06486	55023.329441029695	50998.77592608189	1.110021	17.093117	0.13520794605	0.0728368999999999	0.067942247	0.1244632693	-0.1208338757	-0.0446417164	-0.0239003842	-0.0056521003	-0.0455031243	0.0299915614	-0.043784346	-0.0976903493	-0.0087491613	-0.0737188867	0.0774758141	-0.0290132123	0.0563714393	0.1230163079	-0.0602964973	0.0572494168	0.0110369194	0.1194290278	-0.0455680474	0.0242652383	-0.057909439	0.0437901428	0.032825614	0.0555928759	0.0287339007	0.0356136569	-0.077538356	0.074702548	0.0573584936	-0.0733031948	-0.0212405966	0.0421454943	-0.0606581657	-0.214640838	0.0878468923	-0.0785701642	-0.0723478598	0.0024810479	0.0808038676	-0.014988367	-0.0240546271	-0.0784225454	0.059545517	-0.0022352036	0.2144475253	0.0066402956	-0.1101441149	0.0427109248	-0.0368929975	0.0085499975	-0.0360385587	-0.00272094	0.0413940567	0.0004485469	0.1503284945	0.116946855	0.0963092789	-0.0619751171	0.1338122011	-0.0197918781	0.0235739424	-0.0008980156	0.0612913679	0.0051062763	-0.0460482098	0.0033101857	0.0199614592	0.0397595063	0.0996631912	0.0910271406	0.0771837238	0.0589248775	-0.00689053	-0.0069218445	4.791193128218025e-05	4.74794036809e-05	-0.0123395	-0.0333742999999999	0.00015226326025	0.0011138439004899	-0.00390904	0.02945886	1.52805937216e-05	0.0008678244324996	5.74647e-05	-0.0009422243	8.877866315104899e-07	3.30219174609e-09	-0.000249516	-6.537599999999996e-05	6.2258234256e-08	4.274021375999996e-09	-0.000301032	-0.000301458531	9.087724591267796e-08	9.062026502400001e-08
48527.965557864525	-1.870484657716588	2354963441.1852856	3.498712854753142	78247.46837022569	180.8479362679209	32705.97605236597	6122666306.349469	47524.033538061725	79.27487006068259	6284.505023138108	2258533763.726816	55255.98341650438	50756.38357157479	1.203778	18.53688	0.0800866759	0.0419599	0.0449867521	0.0154195974	-0.0674253733	-0.1409154815	0.0499972351	-0.0969314842	-0.1003163578	-0.0059295644	0.1090944897	0.0423938854	0.0796939882	-0.0455060371	-0.0073014499	0.0526717025	0.1251378175	-0.0533247765	0.0797925151	-0.0726220419	0.0853543143	0.0128965649	-0.0222505279	0.004666509	0.0078014653	-0.1427699254	-0.0662481944	0.0999617107	-0.028217876	0.0195041862	-0.0623391492	-0.0179640056	0.0697194366	0.024573205	-0.0837127736	0.0152124123	0.0847600799	-0.0206932844	0.1082842986	0.0537028069	-0.124523758	-0.0397265912	0.0819799717	0.0970499632	-0.0038772352	0.087018403	0.0521794157	-0.0684406465	-0.0211513865	-0.0095320986	-0.0676122093	0.0476302411	-0.0426487485	0.1301691111	0.0171640742	0.0157246796	0.0081894658	0.0725449543	0.0025699974	0.0077106567	-0.0718661983	-0.0049974287	0.0226686341	0.0684418887	0.0511568928	-0.0207522577	0.1135021227	-0.0174407545	-0.1219932517	0.0191567521	-0.003146395	-0.0620453927	0.0992467484	0.0894123968	0.0737372065	0.0532451548	1.34809e-05	0.0069040108999999	4.76653665073188e-05	1.8173466481e-10	0.0198818	0.0322213	0.00039528597124	0.00103821217369	-0.00101989	0.00288915	1.0401756121e-06	8.3471877225e-06	0.0003777	0.0003202353	1.0255064736609005e-07	1.4265729000000002e-07	0.000119997	0.0003695129999999	1.4399280008999998e-08	1.36539857169e-07	-0.000229336	7.169600000000003e-05	5.140316416000004e-09	5.2595000896e-08
48438.32125113978	-89.64430672474555	2346270965.62862	8036.10172816026	78409.46005194333	161.99168171764177	26241.304945709755	6148043425.637297	47481.87003647986	-42.16350158186833	1777.7608656442133	2254527982.161164	55171.62244781524	50419.38685787817	1.147534	17.670784	0.0811721017999999	0.0496771	0.0404327182	-0.0436664671	-0.0409145945	-0.1006198296	-0.0075322216	-0.0315260315	0.0100905902	0.1222401355	0.0778619267	-0.0440277987	0.0479560697	-0.0296044743	-0.0257462744	0.0703147766	-0.0437705919	-0.070810028	0.0073616568	0.0554337055	0.0014069599	0.0017883544	-0.0332603056	-0.0008565709	0.0990533039	0.023396268	0.0437870789	0.1082729913	-0.0855929389	0.056127469	-0.0072311254	-0.0072250702	0.0912903971	0.0318873794	0.0449192373	-0.141917536	0.0151706323	-0.1300984223	-0.0435955558	0.0718148935	-0.0722500877	-0.12385859	-0.0540944421	0.0436378974	-0.040247514	0.0483537829	-0.0801649844	-0.020801395	0.1178295149	-0.0594950629	-0.0189192833	0.0050102711	0.0962012669	0.0406188747	0.0007876327	0.0042417345	-0.0352656465	-0.0027914114	0.0928904793	-0.0328347727	0.0191557964	-0.0580056758	0.0835209296	0.151673563	-0.0833912302	0.0018446557	-0.0177164996	-0.1136091447	-0.1375868325	-0.0359957468	-0.0595302268	0.107629901	0.0988031726	0.0876998819	0.0701092912	0.0473326046	4.62547e-05	3.27738e-05	1.07412196644e-09	2.1394972720900004e-09	-0.0172513	-0.0371331	0.00029760735169	0.00137886711561	-0.000998192	2.169800000000012e-05	9.96387268864e-07	4.708032040000051e-10	-4.75266e-05	-0.0004252266	1.8081766134756e-07	2.25877770756e-09	-0.000334467	-0.000454464	1.1186817408900003e-07	2.0653752729600006e-07	-0.000229336	0.0	0.0	5.2595000896e-08
48355.48410059053	-82.83715054924687	2338252842.602464	6861.993511118591	78928.17710608478	518.7170541414525	269067.3822571866	6229657141.289486	47513.74256682593	31.8725303460742	1015.8581906614208	2257555732.7066064	55249.81465661514	50539.408979524174	1.201072	18.495213	0.086462489503	0.0468022	0.0527894591	-0.0882720421	0.0438228171	-0.0601883792	-0.1187332792	-0.0515460727	0.1253020598	0.0814169903	-0.0115671549	-0.0018944869	0.0286689431	-0.0578017439	-0.0880602256	0.0337143848	-0.0879109574	-0.0432739157	-0.1247609894	-0.056689813	-0.0143188053	-0.052026421	-0.0574217729	0.0184779555	0.0670157795	-0.0112375463	0.0056049114	-0.0019250958	-0.0671555937	-0.1354161561	-0.0504907321	-0.0034843668	0.0215022422	-0.0135814052	-0.0333372471	-0.0196445911	0.0519617854	-0.0669460557	-0.1179194845	-0.1596595026	-0.0051580494	-0.1087539843	-0.0030245361	0.0282958997	-0.0515873513	0.0104426865	-0.1563483982	0.0129803458	0.000629498	0.0858783208	-0.0887839157	-0.1199136475	0.0507921139	0.1410082959	0.0322945743	-0.0431991964	0.0028524435	-0.0321258809	0.0701399062	0.0838495593	0.0366438715	-0.0757432326	0.0588173328	0.0372520211	-0.0326423191	-0.1309947221	-0.135418585	-0.0177765781	-0.103750074	0.0229152589	-0.12281357	-0.0149664309	0.0983325849	0.0858914684	0.0663089027	0.041213081	5.27197e-07	-4.5727503e-05	2.0910045306150084e-09	2.7793667680900005e-13	0.0120761	0.0293274	0.00014583219121	0.00086009639076	0.0227746	0.0237727919999999	0.00051868240516	0.0005651456394752	-0.000103045	-5.55184e-05	3.08229273856e-09	1.0618272025e-08	0.000199075	0.000533542	3.9630855625e-08	2.84667065764e-07	-0.000152065	7.727099999999999e-05	5.970807440999998e-09	2.3123764225e-08
48233.3641827572	-122.1199178333336	2326457420.386485	14913.27433162015	78029.04146540379	-899.1356406809937	808444.9003428209	6088531312.009704	47324.07549393079	-189.66707289514304	35973.598540611514	2239568121.3552604	55022.62892146422	49560.45729951151	1.15606	17.802073	0.0502996199029999	0.0314264	0.0091043893	-0.0569689983	0.0188482553	0.0719530082	-0.0734095551	-0.0214153652	0.041779325	-0.0112145734	-0.0693574287	0.1466301779	0.0167299629	0.093647804	-0.0045732027	0.014056245	-0.0900661096	0.0172017745	0.0182153737	-0.0007499828	-0.0962461321	0.0564333917	-0.0218311896	-0.0354107748	0.0060550504	0.0339020833	0.0761263942	0.0951942034	0.0299056525	0.0503108385	-0.0061688285	0.0593108991	-0.0197657698	-0.01848077	0.0355776181	0.0091061737	-0.0867193083	-0.1423068463	0.0549400356	-0.1116370051	0.1034674339	-0.056876691	-0.0341578435	0.0178193169	0.0366981184	-0.0187354703	-0.0854304523	-0.0065444602	-0.0857311314	-0.0859091341	0.0305086519	-0.0725390168	-0.0785741303	0.0023127207	-0.0066937333	-0.0864132419	-0.0119039411	-0.1209313841	0.0240841756	0.0985594707	0.0259957346	-0.0742655819	0.0929240799	-0.0189182019	0.0114581774	-0.0071371247	0.0460266795	-0.0336752776	0.0141733366	0.033007603	-0.0132469571	-0.0278743848	0.0978351141	0.0839891338	0.0623453902	0.034913343	7.242099999999999e-06	6.714902999999999e-06	4.5089922299408986e-11	5.244801240999998e-11	0.0165584	0.0044823	0.00027418061056	2.0091013290000012e-05	0.0183022	-0.0044723999999999	0.00033497052484	2.000236175999998e-05	0.000434756	0.000537801	2.89229915601e-07	1.89012779536e-07	-1.26171e-05	-0.0002116921	1.5919121241e-10	4.4813545202410015e-08	-0.000229336	-7.727099999999999e-05	5.970807440999998e-09	5.2595000896e-08
48227.30450900104	-6.059673756157281	2325872900.2039123	36.71964603106129	78053.45241445453	24.410949050739877	595.8944335578179	6092341433.815517	47277.0658614734	-47.00963245738967	2209.9055437788643	2235120956.4700933	54844.69235904029	49674.273162442005	1.13001	17.40093	0.09456009076	0.048115	0.015654351	0.0606847183	-0.0201301159	0.1445013061	-0.0850395389	0.0433845681	0.0402246882	0.0072334736	-0.0960274193	0.0080802833	-0.099012934	0.0299764015	0.1354052498	-0.1323614096	0.0582511189	-0.0126293897	-0.019684866	0.0327035641	0.0437261145	0.0788283944	-0.0454696758	0.1222609932	0.1194623917	0.0193561852	0.0490912197	-0.0454732049	0.0513218675	-0.139694238	-0.0230177928	0.1779559877	0.0663352048	0.0717332167	0.112326081	0.1669250431	-0.0252553502	0.0323711438	0.027604336	-0.0749840619	0.0570596054	-0.0234864286	0.0552606307	-0.0987486854	0.0419911493	-0.1286147162	-0.0072114449	0.0371008936	0.041333582	-0.0775944654	-0.1925865395	-0.09981806	-0.1179899009	0.0253354624	0.0366558266	0.0179678991	-0.0222987612	0.0567567395	-0.051224944	-0.0373104087	0.0970636533	0.0321919296	-0.032363575	-0.1112243527	0.0661909273	-0.1569197874	0.0833068263	-0.0635121145	-0.0579272384	0.021396818	0.0590340249	-0.0547242772	0.0973108962	0.0819949584	0.0582285042	0.0284609379	-8.298659999999998e-06	-1.5540759999999996e-05	2.415152213775999e-10	6.886775779559996e-11	0.00183398	-0.01472442	3.3634826404e-06	0.0002168085443364	-0.00101635	-0.01931855	1.0329673225e-06	0.0003732063741025	-0.00037396	-0.000808716	6.54021568656e-07	1.398460816e-07	0.000199074	0.0002116911	3.9630457476000006e-08	4.4813121819210014e-08	-3.97115e-05	0.0001896244999999	3.595745100024999e-08	1.57700323225e-09
48330.21401194796	102.9095029469172	2335809586.440691	10590.36579678156	77541.41101905522	-512.041395399312	262186.3906024746	6012670422.826057	47401.27261831741	124.20675684401068	15427.318445707191	2246880645.836048	54982.48328337999	49857.71669452784	1.155206	17.788918	0.04620333094	0.0236317	-0.0147366856	0.1332010257	-0.0877367874	0.0450592619	-0.0118379424	0.0385036114	-0.1010305174	-0.0666748811	-0.0788362756	0.0317407459	-0.0727210013	-0.040143739	0.076739071	-0.0365088946	0.2149043051	-0.0185904643	0.0092923189	-0.0534451648	-0.1458839733	0.0230499102	0.0142139663	-0.0153115676	0.011478206	-0.0877260233	0.0446481192	0.0370389629	0.1872226784	-0.1535156104	-0.0019106739	-0.0700795018	0.1128957469	0.0045651772	0.068426925	0.1661586607	-0.0696691115	0.0112981173	-0.1273068116	-0.1358191982	0.1342876393	-0.0183378744	0.0301315789	-0.0249448201	0.0673700575	-0.0333233708	0.1582294866	0.0722235518	-0.0723656852	0.0099040222	-0.0462584082	-0.0892943924	0.0574792065	0.0048187845	0.0968229254	0.0079693182	-0.006470692	-0.0975978667	0.0584256909	0.034810248	0.026167769	0.0461606185	0.0774473171	0.0206223889	0.149401811	-0.2123220678	0.0701535497	0.1141935199	0.0066165759	0.1601782017	0.0517143679	-0.027360104	0.0967600744	0.0799111227	0.0539683725	0.0218840804	6.70728e-06	1.5005939999999996e-05	2.2517823528359992e-10	4.4987604998399985e-11	-0.0034971	-0.00533108	1.222970841e-05	2.8420413966400004e-05	0.00324497	0.00426132	1.05298303009e-05	1.81588481424e-05	-0.000208378	0.000165582	2.7417398724e-08	4.3421390884e-08	-0.000177638	-0.000376712	3.1555259044e-08	1.4191193094400005e-07	-0.000229336	-0.0001896244999999	3.595745100024999e-08	5.2595000896e-08
48433.67299933991	103.458987391954	2345820680.2069883	10703.762072168496	77872.06531067989	330.654291624669	109332.26056981164	6064058555.750793	47432.45896823347	31.186349916060863	972.5884210869892	2249838163.773152	55038.98831928554	50504.70971919564	1.112486	17.131075	0.0370899003199999	0.0242685	0.0271902879	0.0924392532	-0.0526169054	-0.066451797	0.0670571776	0.0377942187	-0.0846778712	-0.0375072398	-0.0610204	-0.0957189681	0.0429526148	-0.0368364623	0.0323695942	-0.0315807629	0.1144815322	0.0217169661	0.0789847253	0.1092460925	0.0185476398	0.0462555177	-0.0270467561	-0.0120015335	0.0807329247	-0.0729133867	-0.0182589133	0.0873115342	-0.1035264941	-0.0191361382	0.1322761364	-0.0367362876	0.1047437356	-0.0642440311	0.0531489359	-0.0588877693	-0.0354322471	0.0926450847	-0.0244961765	-0.134714778	-0.0109911585	0.0209942456	-0.1478337045	-0.0085620335	0.0131486542	-0.0605755096	0.1080873922	-0.0561303588	0.0731042873	0.0330190651	0.0190970241	0.0411142833	0.0002795183	0.0561297757	0.1083169946	0.1326702055	-0.1304645423	-0.0634121522	0.0288136717	-0.0794831149	-0.0164184786	-0.1118416083	-0.0770729609	0.0936841894	-0.0248945422	-0.0515747674	0.1497176078	-0.0508898491	0.017685058	-0.0363194202	0.0094310474	0.0449631815	0.0961827994	0.0777399053	0.0495754752	0.0152115293	1.88076e-05	1.210032e-05	1.4641774410239998e-10	3.5372581776e-10	-0.0255341	-0.022037	0.00065199026281	0.000485629369	-0.00103428	-0.00427925	1.0697351184e-06	1.83119805625e-05	-0.00037396	-0.000165582	2.7417398724e-08	1.398460816e-07	-0.000227287	-4.9649e-05	5.165938036900001e-08	2.4650232009999998e-09	-0.000229336	0.0	0.0	5.2595000896e-08
48353.67441580725	-79.99858353266609	2338077829.5098925	6399.773367232954	78178.93888083837	306.873570158481	94171.38806181218	6111946484.533861	47481.96334662319	49.50437838971993	2450.68347975257	2254536843.250068	55283.10595180136	50520.87576400557	1.060246	16.326643	0.0688126577	0.0329733	0.0479145582	0.1035684585	0.0447787293	-0.1203906635	-0.0285766443	-0.1137519429	-0.0444628739	-0.0955814259	0.0088321433	-0.0501043621	0.0919821612	-0.0259178094	0.0200777894	-0.0797364353	0.0569954433	0.1002411358	-0.0110394059	0.0859809889	-0.0808251775	-0.0457156203	0.0287918849	-0.0072061305	0.014682443	0.0421911044	0.0793393848	0.0076391274	0.0363955384	0.0737567269	0.1726189403	0.0585249947	-0.022269099	-0.0562951866	0.0244204995	0.0608686655	-0.0790095101	0.0946756192	-0.0081000951	0.0875951827	0.0091817954	0.0211124243	-0.0618615507	0.1088119085	0.002275208	-0.0551953906	0.103010291	-0.0159069597	-0.0546123036	0.1524651544	0.0223991557	-0.0499406118	0.0458178288	-0.050542801	0.0541306611	0.1524977471	-0.0869913838	-0.1240099492	0.0238763196	0.0226745425	-0.0696648973	0.0603408975	-0.070626793	0.0119894028	-0.0131863014	0.0591803621	0.0403487203	0.0269094246	0.066359752	-0.0526517647	0.084518428	0.1136669393	0.0955792289	0.0754836805	0.0450606192	0.0084724621	-2.39551e-05	-4.27627e-05	1.8286485112899998e-09	5.738468160100001e-10	-0.0143367	0.0111974	0.00020554096689	0.00012538176676	-0.017431	-0.01639672	0.0003038397609999	0.0002688524267584	-8.12918e-05	0.0002926682	8.565467529124e-08	6.608356747240001e-09	2.49197e-05	0.0002522067	6.2099144809e-10	6.360821952489002e-08	4.93046e-05	0.0002786406	7.764058396836001e-08	2.43094358116e-09
48161.39790138167	-192.27651442557544	2319520247.815211	36970.25799964852	77859.1400124608	-319.79886837756203	102271.31621556924	6062045683.479975	47393.38974528667	-88.57360133651673	7845.282853720199	2246133391.548644	55064.04638243975	49533.549277759535	1.115618	17.179316	0.061371179	0.0307403	-0.0441509836	0.1200983535	0.0936124098	-0.0765218303	-0.05783587	-0.0466766453	-0.0223108531	0.0818673635	-0.1529296079	-0.0673737318	0.0695226819	0.0723129291	0.0242153006	-0.0313777512	-0.0039710381	0.0097368161	0.127771366	0.0766421465	-0.1308634031	-0.0251121704	0.1489150493	0.0736295512	0.0285742904	-0.0212557342	0.0102369495	-0.081165623	0.0732895885	0.0658841836	-0.0714687734	-0.0359206672	0.0781625107	-0.0685920056	-0.1398649269	0.1519360426	-0.0666284596	-0.0030132637	0.0070855935	-0.0216100653	-0.1019627861	-0.1690551737	-0.0499931319	0.0493065682	0.0777457657	-0.1161564329	-0.0143692526	-0.018728419	0.0653182851	-0.0098921255	0.0886105	0.0771435195	0.1170065013	0.0089109257	0.0433537931	0.005068711	-0.1020229479	-0.0853088182	-0.013744972	0.0507237082	-0.0451281098	0.1377756902	-0.0241761443	-0.0954297507	0.1142672479	0.0908771151	-0.0512109312	0.0458687224	0.0648591887	0.1046224019	0.0003985481	-0.0590446161	0.0949495281	0.0731449155	0.0404349114	0.0016963469	-1.06811e-05	1.3274e-05	1.76199076e-10	1.1408589721e-10	-0.0255298	-0.0111930999999999	0.00065177068804	0.0001252854876099	0.0027772	0.0202082	7.71283984e-06	0.00040837134724	-0.00025288	-0.0001715881999999	2.9442510379239997e-08	6.39482944e-08	0.000173823	0.0001489033	3.0214435329e-08	2.217219275089e-08	-0.000229336	-0.0002786406	7.764058396836001e-08	5.2595000896e-08
48129.40794410182	-31.989957279853115	2316439909.049772	1023.3573667668272	77867.00421776994	7.864205309131648	61.8457251441744	6063270345.850201	47354.26845380294	-39.1212914837306	1530.4754473550124	2242426740.7948365	55124.02758527568	49140.67383652066	1.095767	16.873631	0.0202434289	0.011736	-0.1084892851	0.102117431	0.0779999823	-0.0543974032	-0.0042179849	-0.0443669449	-0.0512661355	-0.0263642128	-0.0855691152	0.0704655421	0.0514104216	0.0843843687	0.0679782484	-0.0437121791	0.064764098	-0.0107569546	-0.0814582714	0.1039190997	0.067543441	-0.1900320342	0.1726057014	0.0522759902	-0.0598700666	0.0835887621	0.0313842139	0.0213179108	-0.0248557392	0.0503602171	0.0052382678	-0.0286848419	-0.0395197056	-0.048216442	0.0260187483	-0.0674390452	-0.1171886301	-0.0169821185	0.1059018803	-0.0055275978	-0.0385662407	0.0555007011	0.025087313	0.0517391093	0.1105037685	-0.0564487847	0.0439920218	-0.0115874801	-0.0828209372	0.1529114504	-0.0203486269	0.0423238131	-0.003784257	-0.000501029	-0.044982801	0.1212549206	-0.1156719508	0.0549138817	0.0373022579	-0.0941029804	-0.0513425033	-0.017008126	-0.1299477492	-0.0528554824	-0.0388230476	-0.0528569577	-0.0766480752	-0.0723237478	0.1506934718	-0.1089647046	-0.1013054474	0.0245759575	0.094293869	0.0707261675	0.0357097311	-0.0050871859	-0.00409102	-0.0040803389	1.664916553885321e-05	1.67364446404e-05	-0.025523	6.79999999999778e-06	0.000651423529	4.623999999996981e-11	0.0132152	0.010438	0.00017464151104	0.0001089518439999	-0.000219351	3.352899999999997e-05	1.124193840999998e-09	4.8114861201e-08	9.29862e-05	-8.083680000000001e-05	8.646433390439998e-09	6.534588234240002e-09	-0.000229336	0.0	0.0	5.2595000896e-08
48104.642395383096	-24.76554871872213	2314056619.9876885	613.3324033393993	77633.41546083949	-233.58875693044683	54563.707364311376	6026947196.115312	47279.78255746384	-74.4858963391016	5548.148753439389	2235377838.681062	54997.45922590068	48846.99963285621	1.116165	17.187725	0.05009082	0.0319201	-0.152682586	0.0815538546	0.0034284228	-0.0099982622	0.0595545466	0.0412987174	-0.115014831	0.0188679698	-0.0923780929	0.0003605657	-0.0465158404	0.058049324	0.1780922489	0.0203876646	0.0890557872	-0.1060116885	0.0761470715	-0.0130468255	0.0022209817	-0.017547631	-0.0756788272	0.052841623	0.0138313999	-0.0681437246	-0.019067783	0.0165739024	-0.0636053818	0.0879513146	0.1413221567	0.0004641408	-0.1524973298	-0.0369342309	-0.0751601622	-0.0549039457	0.1142481493	-0.0994590055	0.0101861855	-0.028082767	-0.0827056039	-0.0135781222	-0.0159104594	-0.0107666989	0.1780021863	-0.0192626661	0.1412474095	0.0790601844	0.0086372111	-0.0530763164	0.0137598683	0.1582153434	0.0441641937	0.0681426402	-0.0508993065	-0.0072783735	-0.010329437	-0.0326133216	0.0646918396	-0.0474434276	-0.0443055738	-0.1513909204	-0.0914514579	0.1264211684	-0.0725034408	0.0042816674	0.0430780345	0.0074593943	-0.0206057655	-0.064993792	-0.0907484019	-0.0237819347	0.0936124309	0.0682300815	0.0308967027	-0.0118484738	-0.0198576	-0.01576658	0.0002485850448963	0.00039432427776	-0.0526929	-0.0271699	0.00277654171041	0.00073820346601	0.015814	0.0025988	0.000250082596	6.75376144000001e-06	-0.000229625	-1.0274000000000004e-05	1.0555507600000007e-10	5.2727640625000014e-08	0.000173823	8.083680000000001e-05	3.0214435329e-08	6.534588234240002e-09	-0.000229336	0.0	0.0	5.2595000896e-08
48197.9628432085	93.3204478254047	2323043622.235307	8708.70598233408	77714.29534190189	80.87988106239936	6541.555160667867	6039511700.488354	47287.10215166581	7.319594201966538	53.57645928146216	2236070029.902077	54977.915743670885	49076.72954695922	1.070678	16.487274	0.05043455	0.0353671	-0.1465262063	0.0494260772	-0.0151770725	-0.0120092339	0.0878515554	0.0668433037	-0.1337813266	0.041631849	-0.0359843672	-0.0605498633	-0.0143450204	0.1038767339	-0.0006403412	0.119165926	-6.27674e-05	0.1154992196	-0.0805353714	-0.0217500737	0.0711386267	0.0145939711	-0.1150321174	-0.0242664507	0.0033497327	0.060552523	0.0416446773	-0.0484506074	0.0920504588	0.0612604737	0.0014272792	-0.0198502245	0.0784317206	0.1120280636	-0.0062651181	0.0110568018	0.0149783774	-0.0359848994	0.0307997749	0.0583848341	-0.019593037	0.0760908558	0.0067581252	-0.0339237412	0.1291346234	0.0524518592	0.0425435331	-0.1076862602	-0.0439479922	0.0939941687	-0.0089387471	-0.0234667558	-0.0567424547	-0.0599580224	0.0822128159	-0.0179377308	-0.0090557937	0.0205786392	-0.0118921587	0.262263739	-0.0660689277	-0.0648903829	-0.1615222253	0.0133619043	-0.0391317397	-0.0083129619	-0.084293817	-0.0369087458	-0.0560167488	-0.0967318518	-0.0400212704	0.0108734454	0.0929054001	0.0656593869	0.0260076665	-0.0185579513	-0.0110404	0.0088171999999999	7.774301583999998e-05	0.00012189043216	-0.018871	0.0338219	0.0003561146409999	0.00114392091961	0.0152353	-0.0005787	0.00023211436609	3.348936900000017e-07	-0.00037396	-0.000144335	2.0832592225e-08	1.398460816e-07	0.000173823	0.0	3.0214435329e-08	0.0	-0.000229336	0.0	0.0	5.2595000896e-08
48323.566471938175	125.6036287296738	2335167076.567827	15776.271550061738	77897.8380078825	183.5426659806108	33687.91023527005	6068073166.302303	47452.61416096333	165.5120092975194	27394.22522170215	2251750590.709257	55140.76048639849	49472.04107452792	1.088067	16.755056	0.1224234599999999	0.0652745	-0.0737210191	-0.0124375538	-0.0602321611	-0.0284389675	0.092416501	0.0317546579	-0.1024536092	0.0277052721	0.131818007	0.0048660575	-0.0257196171	-0.0854196022	0.0817870986	0.1565721827	0.0861959722	-0.0105751484	-0.0080288229	0.1287046097	0.1255205869	0.022584114	0.0647659591	0.0384997879	0.0943248837	0.029216153	-0.0476308494	0.0197292312	0.012037345	-0.0480562427	-0.0996592416	-0.1109738828	-0.0936745126	-0.0890196547	0.0885701699	0.0890851798	-0.0045172643	-0.1020765633	0.0756068098	-0.0810330409	0.1069120074	0.0280568267	0.0644809487	0.0087903034	0.0246055203	0.1459526927	0.0758345238	0.0339342159	0.0239364308	0.0249038578	-0.0482368961	0.0196637514	-0.109313698	-0.1010045711	0.0483870768	-0.031307574	-0.2104034311	0.087517898	-0.0172178836	-0.0054057083	0.0307061921	-0.0208619069	-0.0801414073	-0.0574495516	-0.0064883043	0.0021443275	-0.008966789	-0.0405314315	-0.0583639412	0.009633534	-0.0396874389	-0.0008529392	0.0921729699	0.0630168947	0.0210546499	-0.0251862796	-0.00440148	0.00663892	4.4075258766400005e-05	1.93730261904e-05	-0.00404026	0.0148307399999999	1.6323700867600003e-05	0.0002199508489475	-0.0239993	-0.0392346	0.00057596640049	0.00153935383716	0.000341991	0.000715951	5.12585834401e-07	1.1695784408099998e-07	-0.000288157	-0.0004619799999999	8.303445664899999e-08	2.1342552039999998e-07	-0.000285789	-5.645300000000001e-05	3.186941209000001e-09	8.1675352521e-08
48354.8211354185	31.25466348032205	2338188727.038316	976.853989268177	78282.43776601703	384.5997581345291	147916.97395713828	6128140062.590329	47389.581853693184	-63.032307270143065	3973.0717597977305	2245772468.267886	55027.87098915227	49773.70371989288	1.094303	16.851078	0.0865875729999999	0.041499	-0.007893425	-0.029009691	-0.1210706269	-0.0238653882	-0.0383378019	0.0404649308	-0.0086693585	0.1021104884	0.1149636914	-0.1512878369	-0.0130997635	-0.0016568303	-0.0422380918	0.0577442183	-0.1141965809	0.0646239222	-0.0404937288	0.0368766317	-0.0989298414	0.0428972964	-0.1005266281	0.1116961133	-0.0699670474	0.0542577668	-0.0834222923	0.0509623856	-0.063346773	0.1316732599	-0.143522902	-0.0849166161	0.0468345425	0.0159570631	0.0967243857	0.039621844	0.043531881	-0.070400759	-0.067743055	-0.0141593743	0.1128732997	-0.0121781946	-0.0061983041	-0.0238185829	-0.0261772234	0.058752533	-0.0697945691	-0.0224459935	0.1295905936	0.0047787418	0.0304654604	0.0186874798	-0.0512167601	-0.1417384141	-0.0304302032	-0.0578944053	0.0025621673	-0.0202793029	-0.0305330873	-0.0036611301	0.0750861727	-0.0073574688	0.0364086493	-0.0459587503	-0.2330454524	0.0856220613	0.0179568099	-0.0378259996	-0.0707524789	0.1060888059	0.0317936504	0.0221723353	0.0914153405	0.0603054945	0.0160498375	-0.0317044747	-0.00236729	0.00203419	4.1379289561e-06	5.604061944100001e-06	-0.0241496	-0.02010934	0.00058320318016	0.0004043855552356	-0.0132668	0.0107325	0.00017600798224	0.00011518655625	-0.000137438	-0.0004794289999999	2.2985216604100003e-07	1.8889203844000003e-08	-3.13914e-06	0.0002850178599999	9.8541999396e-12	8.123518051897959e-08	-0.000595573	-0.0003097839999999	9.596612665599997e-08	3.54707198329e-07
48368.84964098978	14.02850557128113	2339545615.592677	196.7989685634657	78480.66775873656	198.2299927195272	39295.13001358381	6159215211.857191	47481.51624241348	91.93438872029948	8451.931829375126	2254494384.6785755	55153.66663750609	49960.26896061127	1.110412	17.099142	0.078829072	0.0483268	0.0578689112	-0.1079242519	-0.0494108066	0.0408019137	-0.0970102563	0.0337663277	0.1145326803	-0.0043444	0.0306173812	-0.1071641771	0.0003382942	-0.0399909862	-0.1294843888	-0.0186448373	-0.0258386747	0.0893005692	-0.1353347723	-0.0404639592	0.0318435658	0.0506710333	0.0108438926	-0.1059537642	-0.039279461	0.0260878324	0.0427257199	-0.0350320088	-0.0577201949	0.0380326076	0.0725130842	0.0468794194	0.0447287729	0.0678901112	0.0194654087	-0.0051436136	0.034363025	-0.0201436622	0.0696802998	-0.1636554644	0.0923688077	-0.1161901285	0.0631798455	-0.0297193121	-0.0993530359	0.0015341184	-0.0866177513	-0.0147803764	0.0280916036	0.1357301037	0.0255741387	-0.1408445459	-0.07116986	0.0192789156	0.033529469	-0.1152631055	0.0971044496	0.0081807461	-0.0774142296	-0.0840229725	0.0514699202	-0.0405470249	-0.0283824899	0.0422885446	0.0157594454	0.008545733	0.0449630371	0.0538781931	0.0359853772	0.0010972508	-0.0547504754	0.0790991573	0.0906327191	0.0575281511	0.0110055415	-0.0380840342	0.00146646	0.00383375	1.4697639062500005e-05	2.1505049316e-06	0.00922268	0.03337228	8.50578263824e-05	0.0011137090723984	-0.0152689	-0.0020020999999999	0.00023313930721	4.0084044099999984e-06	-5.70171e-05	8.04209e-05	6.46752115681e-09	3.25094969241e-09	5.84748e-05	6.161393999999999e-05	3.4193022350399997e-09	3.796277602323599e-09	5.4811e-05	0.0006503839999999	4.2299934745600006e-07	3.004245721e-09
48387.37675858798	18.527117598205223	2341338229.5775404	343.25408649772567	78159.84328009492	-320.8244786416326	102928.34609567536	6108961101.568999	47448.83506989282	-32.681172520664404	1068.0590373254302	2251391949.4898906	55146.52697860881	50248.01979058278	1.173002	18.062958	0.050518295	0.0264858	0.0968354662	0.0404685911	0.0162028646	0.0783538882	0.0129626037	-0.0179124832	0.0225870126	-0.0791187061	0.0184103504	-0.0088349288	0.0320941608	-0.0102143238	-0.0195462717	-0.0377409668	0.0031671147	-0.0041663743	0.0116722542	0.0051891789	0.0033091216	0.0338717697	0.1514573644	-0.1214837782	0.0043368127	-0.0948995234	-0.0522542747	-0.000130187	-0.1159719676	0.0492047467	0.0393911951	0.0703115702	-0.0238226598	-0.0726069864	-0.0619237344	-0.0716713598	-0.0900002919	-0.0447971698	-0.0393045541	0.0274530574	0.0048107286	0.0495504407	0.0363610237	0.0146066696	-0.0706771519	-0.0361832383	0.0257292791	-0.0039885065	-0.101210943	-0.035819159	-0.0156708331	-0.0504618891	-0.0086824718	-0.0818215134	0.0421652634	0.0834147916	-0.0300032959	0.0173086987	-0.0244938667	-0.1054380813	-0.1572214443	-0.0045173571	0.1099268624	0.0649858693	-0.0588576047	-0.0226380852	0.0261907282	-0.0014602195	0.0640170035	-0.0210784602	0.0748526524	-0.0499039256	0.0898253196	0.0546879015	0.0059341712	-0.0442970619	0.00777266	0.0063062	3.976815844e-05	6.04142434756e-05	-0.0140227	-0.02324538	0.00019663611529	0.0005403476913444	-0.0206914	-0.0054224999999999	0.0004281340339599	2.9403506249999982e-05	9.15987e-05	0.0001486158	2.208665600964e-08	8.390321841689998e-09	8.14037e-05	2.2928900000000003e-05	6.62656237369e-09	5.257344552100002e-10	-8.45286e-05	-0.0001393396	1.941552412816e-08	7.14508421796e-09
48328.069261688055	-59.30749689992808	2335602278.5625176	3517.379188534979	77835.1565405186	-324.68673957632564	105421.4788567047	6058311593.687035	47389.146480339616	-59.6885895532032	3562.7277228507583	2245731204.1350846	55109.79883573211	50255.09963282956	1.147252	17.666437	0.052598355	0.0270901	0.0346261382	0.1060425664	0.0257615309	-0.0514762485	0.002904876	-0.0709839636	-0.0553195316	-0.0256087992	-0.0978479582	-0.0249241586	0.0720600482	0.0530514485	0.0157922623	-0.0576355498	0.0341509251	0.1297419202	0.005852882	-0.0843474462	-0.0242441316	0.0015523539	0.021702502	0.0829875028	0.0045293779	-0.2539617855	0.0382516179	-0.1533000257	-0.050421318	-0.0080436627	0.1021248431	0.0162460201	-0.02500102	-0.0824189313	0.0411407493	-0.0945802363	-0.0025748311	0.0425209458	-0.0231324131	-0.0482106089	-0.067120895	0.0255001295	-0.161510257	0.0648773061	0.0343975827	-0.0930229791	0.0655905302	-0.0289494022	0.012075972	-0.0127017385	0.0963859295	0.014629521	0.1002465663	-0.0771936216	0.0452417776	0.0940140159	0.1055568966	0.0289949148	0.1359632358	0.0498412086	-0.0770902789	-0.0242857008	-0.0291654788	-0.0123250285	0.0300414687	0.0140544402	0.0427875539	0.0024100342	0.09041801	0.0723806189	-0.1341522499	-0.0621604588	0.0889933628	0.0517878515	0.0008482025	-0.0503163898	-0.00122521	-0.00899787	8.09616645369e-05	1.5011395441e-06	-0.0353576	-0.0213349	0.00125015987776	0.00045517795801	-0.0179357	0.0027557	0.0003216893344899	7.593882489999999e-06	-7.87103e-05	-0.000170309	2.9005155481e-08	6.1953113260900005e-09	0.000187901	0.0001064973	3.5306785801e-08	1.134167490729e-08	-0.00019792	-0.0001133914	1.285760959396e-08	3.91723264e-08
48266.346380138246	-61.722881549809244	2329640192.887485	3809.714106811783	77986.22627548163	151.06973496303544	22822.06482180177	6081851488.690621	47404.94558287061	15.799102530996606	249.61164078494335	2247228865.714924	55160.93583784688	50109.10894162374	1.094306	16.851128	0.048146085	0.024809	-0.0150557056	0.0535000587	0.0135835876	-0.1027181885	-0.0352124907	-0.0812763158	-0.0587650126	0.0506445958	-0.0534465593	-0.0372337733	0.0808079685	0.0460357887	0.0257983458	0.0447533297	-0.0348639109	0.0160738248	0.0358267857	0.0696417462	-0.0219157456	-0.020039378	0.0933795482	0.0411577914	-0.1440824802	0.0591304167	0.0196804732	-0.0635174767	0.0464438527	-0.0194895755	-0.0046428578	0.0177547362	-0.091141976	0.1535141987	0.0007235507	-0.0180528185	-0.141748753	0.0332683254	-0.1472941166	-0.0858723362	-0.1074592222	0.0019309218	-0.0810359213	0.0829055611	0.0700782719	-0.0093485575	-0.0156513501	-0.0294382895	0.0686650898	0.0239213892	0.0667504788	-0.0241519547	-0.050717902	-0.0027970784	-0.0171569226	-0.0134382737	-0.0634626122	-0.0424046338	-0.0275607347	0.0096052581	0.0013154106	-0.0149455727	0.0302054592	-0.0171488781	0.0002088597	0.0544804785	-0.1888530061	0.0080530659	0.0308485555	-0.0356359871	-0.0092006808	-0.1792149923	0.088137076	0.0488311722	-0.0042398529	-0.056115697	-0.00204971	-0.0008245	6.798002500000002e-07	4.201311084100001e-06	-0.0171645	0.0181931	0.0002946200602499	0.00033098888761	-0.0127209	0.0052147999999999	0.00016182129681	2.7194139039999987e-05	-0.000358056	-0.0002793457	7.803402010849e-08	1.28204099136e-07	0.00027458	8.667900000000001e-05	7.53941764e-08	7.513249041000002e-09	-8.5671e-05	0.000112249	1.2599838001e-08	7.339520241e-09
48226.93995144342	-39.4064286948269	2325837737.080129	1552.866622480477	78256.68465081765	270.45837533602025	73147.73278939961	6124108692.537519	47421.14049586777	16.19491299715446	262.27520698540246	2248764565.9288297	55114.89676964156	49659.33726881269	1.106048	17.03194	0.0803233169999999	0.0344081	-0.0422247173	-0.0732554303	-0.0230018383	-0.0538566053	-0.0724156277	-0.0248011779	-0.0211120243	0.0919863986	0.0755197057	0.1105986955	0.01666543	-0.0056619479	0.0355883038	0.1366737793	-0.0167554711	-0.04297226	-0.0180043058	0.0421460708	-0.028302908	-0.0055873968	-0.0756193105	-0.1147319282	-0.0224502584	-0.0028248426	0.0135088314	-0.0785542589	-0.0400111053	0.021744437	0.1396491911	0.1263839588	0.0053742873	0.1137631946	-0.0054771827	0.0015083525	0.0716174838	-0.0309576225	-0.043268994	0.1343768907	0.0317905661	-0.0069645666	0.2014513737	0.0252996026	0.0372235039	0.1115921447	-0.0654124938	-0.0206855288	-0.0079167277	-0.0405373502	-0.1744070202	-0.0508414319	0.0386766118	0.08270313	0.1055772068	0.0018031379	-0.0110683314	-0.0444106606	0.0381700302	-0.1109849074	-0.028767608	0.064963487	-0.0272333686	0.0145374026	-0.1063115134	0.0326750387	-0.0497938774	0.0541953197	-0.0323717277	-0.0476372004	0.0713705531	-0.0365702684	0.0872566935	0.0458210968	-0.009317478	-0.0616696245	0.00405667	0.00610638	3.72878767044e-05	1.6456571488900002e-05	-0.00267203	0.0144924699999999	7.139744320900001e-06	0.0002100316867008	0.00907093	0.0217918299999999	8.228177106489999e-05	0.0004748838547488	-9.41014e-05	0.0002639546	6.967203086116e-08	8.85507348196e-09	-3.13914e-06	-0.00027771914	9.8541999396e-12	7.712792072233964e-08	0.000131308	0.000216979	4.7079886441000007e-08	1.7241790864000002e-08
48227.59772088042	0.6577694369989331	2325901181.92707	0.4326606322498934	78289.66436701949	32.97971620183671	1087.6616807536907	6129271546.700562	47332.50366412706	-88.6368317407032	7856.487941029731	2240365903.114602	55118.2764080757	49426.29645308449	1.076731	16.580494	0.04974663	0.0293089	-0.0286225327	-0.0590375083	-0.027009087	0.0953040352	-0.0936199447	0.0223686162	0.0784221183	0.0163161751	-0.0411182313	0.0509013618	-0.0509489671	0.0437226732	-0.0208119124	-0.0393655371	-0.0428626147	-0.0462984867	0.0185255586	0.0601279066	0.0306258075	-0.0327379181	-0.005307055	0.0495779645	0.038223996	-0.0703812032	-0.0016839693	0.0854418063	-0.0175770009	-0.0218242952	0.0053654306	-0.0678941803	0.0122630805	0.0790288811	-0.1429551943	-0.0285448883	-0.0996767473	-0.0031680386	-0.1154691617	-0.033192387	0.0647814864	0.2108083591	0.0233399982	-0.0260742886	0.0360651341	-0.0220327434	-0.0390611696	0.0603680336	-0.0812502016	-0.035530394	0.1334168935	-0.0367700877	-0.0668842267	-0.0619197572	0.0845964746	-0.0064733537	-0.0651736269	-0.0272127503	0.0197475883	-0.034448937	-0.0391370607	-0.0684373378	-0.0556774906	0.0183578821	0.0030857643	0.0182680264	0.0697925528	-0.0374860567	-0.0216396121	0.1318701115	-0.0637695271	-0.0422812946	0.0863524559	0.0427609166	-0.0143721814	-0.0669538864	-0.00301529	-0.00707196	5.0012618241600006e-05	9.0919737841e-06	-0.0188762	-0.01620417	0.0003563109264399	0.0002625751253889	0.0135203	0.00444937	0.00018279851209	1.979689339690001e-05	-0.000112485	-1.8383600000000005e-05	3.379567489600002e-10	1.2652875225e-08	-3.13914e-06	0.0	9.8541999396e-12	0.0	-0.000290731	-0.000422039	1.7811691752100006e-07	8.452451436100001e-08
48320.664569944754	93.06684906433657	2334886624.4811144	8661.438394764004	77781.21820396505	-508.4461630544392	258517.50072478145	6049917905.292824	47296.62604919938	-35.87761492768186	1287.2032528990203	2236970835.637805	54896.87461774282	49922.51523933244	1.160999	17.878126	0.05820102	0.0367333	-0.0190307989	0.1111872754	-0.1057559605	0.0486426439	-0.0458428917	0.0796469885	-0.05459958	0.0198552169	-0.0772694462	-0.0830522063	-0.0555449951	0.0894084904	-0.0787172803	-0.1157373335	0.0663573934	0.0696944943	-0.0116804663	0.0315298195	-0.002754604	0.0976029951	-0.0619992906	-0.1211924476	0.067813983	-0.0077187645	-0.0161488292	-0.1059220106	-0.1170663749	-0.0229319099	0.0217291615	-0.0021002968	0.0574429791	-0.0694320249	-0.1189003407	0.0590713944	-0.0425697089	-0.0315346836	0.0502365673	-0.0311477711	0.0868873657	0.0160090107	-0.1492171033	-0.0791739745	0.0534988697	-0.0950893668	0.025535429	-0.0804348883	0.0431745786	0.0686943368	0.0552973696	-0.1634230685	0.0295845032	0.0253481187	0.1069335211	0.0308181585	0.0328232023	0.0184126009	0.0457990172	-0.0648991994	0.0104455338	0.0482116199	-0.0656165519	-0.0112975254	0.0071958495	0.0291692857	0.0914862543	0.1158317671	-0.0198873028	0.0141158193	0.0574639572	-0.0071485164	0.0854246103	0.0396539781	-0.0193915285	-0.071945376	0.00386603	0.00688132	4.73525649424e-05	1.4946187960899998e-05	-0.0180754	0.0008008	0.0003267200851599	6.412806400000014e-07	-0.00288665	-0.01640695	8.3327482225e-06	0.0002691880083025	-0.000794724	-0.000682239	4.654500531210001e-07	6.315862361760001e-07	-3.13914e-06	0.0	9.8541999396e-12	0.0	-0.000290731	0.0	0.0	8.452451436100001e-08
48396.35487947762	75.6903095328671	2342207165.620337	5729.022957181232	77609.07427912886	-172.14392483618576	29633.53085800637	6023168410.463342	47541.16182286287	244.53577366349052	59797.74460120188	2260162067.467634	55192.14434297408	50041.00079372356	1.227258	18.898449	0.055725241	0.0348954	0.0120148064	-0.0356772071	-0.0873295379	-0.0763685622	0.0510720426	-0.0289336847	-0.1639721743	-0.0617717187	0.1251324251	0.1271679727	-0.017430725	-0.1714624446	0.0414214573	0.1784691329	0.0851168682	0.0749238397	0.0214759263	0.0451629635	0.0817261322	0.0201956329	-0.1151790552	-0.2008672891	0.1117716154	-0.0579169129	-0.0237769181	-0.0059326027	0.0174218325	-0.0071743873	-0.0531183427	-0.0650789994	-0.1358997647	0.1395001759	0.1284941612	0.0317133651	0.0251523742	0.0376427835	-0.0079080396	0.0019986007	-0.0076794095	0.0522330425	-0.0001336339	0.0555665146	-0.0231345548	0.1834424844	0.1622928218	0.0315967926	0.0022850643	-0.066210403	-0.074217299	-0.1543013523	-0.0705047055	0.0977156339	0.1369296543	0.0205690511	0.0920258614	-0.0565783816	0.0680143043	0.0340377513	0.0722320647	0.095926552	-0.0754205479	0.1251029053	0.0990874653	0.0392134609	-0.0419591511	0.032541971	-0.0922942475	-0.0565686222	0.018207188	-0.055371042	0.0844734105	0.0365036785	-0.0243631711	-0.0766222668	0.0108009	0.00693487	4.809242191690001e-05	0.00011665944081	-0.00979016	0.00828524	9.584723282559998e-05	6.864520185759999e-05	-0.0008177259999999	0.0020689240000001	6.686758110758364e-07	4.280446517776416e-06	-0.000164943	0.000629781	3.966241079610001e-07	2.7206193249e-08	0.000135804	0.00013894314	1.8442726416e-08	1.93051961530596e-08	-0.000290731	0.0	0.0	8.452451436100001e-08
48306.17158185613	-90.1832976214937	2333486212.895725	8133.02716988691	78240.83848566309	631.7642065342225	399126.0126578157	6121628806.939618	47476.98512961648	-64.17669324639428	4118.647956041789	2254064116.997824	55270.242815086414	50110.78491157632	1.118618	17.225504	0.060591794	0.0459414	0.0207332397	-0.0098641776	-0.0190250669	-0.0914906599	-0.0699848321	-0.0993586095	-0.0381402434	0.0504196105	0.0821413188	-0.1034858374	0.0592926815	-0.0878894665	0.031585024	0.115119749	-0.0803772111	-0.0656730769	-0.1364317278	0.0714990629	0.1456107425	0.0281011081	0.0825772244	0.0180690311	-0.0183710475	0.0603291315	-0.1802990241	-0.1559908527	0.0996436773	0.0547534799	-0.0375885529	-0.1436048318	0.0607540128	-0.0386836997	0.0845048615	0.0077462167	-0.0801693213	-0.0339000454	0.0073857079	-0.0064605013	0.0574261336	-0.029213026	-0.0563490834	0.1176735376	-0.0271177543	0.1124946475	-0.0286776295	0.013302789	0.0612943777	0.0123099248	0.0277504883	-0.0822546542	-0.1857380897	-0.136461392	-0.044016393	0.0322085928	-0.1566108731	0.1835362363	0.093579853	0.0682909498	0.0457883204	0.115947337	-0.029991877	0.0615152033	-0.0422983643	-0.079156239	0.000891629	0.036339537	0.0205843918	0.0381244518	-0.0353185637	-0.1029370283	0.0834991166	0.0333134626	-0.0292748789	-0.0809641079	0.010801	9.999999999940613e-08	9.999999999881224e-15	0.000116661601	-0.0286789	-0.01888874	0.00082247930521	0.0003567844987876	-0.00199248	-0.0011747540000001	3.9699765504e-06	1.380046960516235e-06	-0.000965013	-0.00080007	6.401120049000001e-07	9.31250090169e-07	0.00012531	-1.0493999999999998e-05	1.57025961e-08	1.1012403599999996e-10	-0.000290731	0.0	0.0	8.452451436100001e-08
48205.12349213906	-101.04808971707098	2323733930.892377	10210.716435469223	78551.75170985943	310.913224196338	96667.03298016232	6170377696.687403	47458.44645451317	-18.53867510330747	343.68247458599217	2252304139.8758936	55309.18600330148	49857.260100118976	1.014328	15.619549	0.09454928	0.0558612	-0.0365593301	-0.0273796832	0.0023975165	-0.0727309436	-0.0999955593	-0.0959727975	0.0079694704	0.1116617476	0.0634245036	-0.0219050797	0.0949480086	-0.0009866124	0.0147934935	0.1324745554	-0.1375099956	0.1618924482	-0.004803379	0.0737963022	-0.0064347774	-0.1128913469	0.0619749603	-0.0298521583	0.0180665253	-0.0815286364	-0.0657089781	-0.0309127792	0.1046984009	-0.0986414082	-0.0509345823	0.0187630924	-0.0226810601	0.0262653472	-0.0505051003	-0.1148920531	-0.0882866012	0.0089379727	-0.0262019446	-0.0596541762	0.1266088133	0.0012803283	0.0258670832	0.1191707054	0.0312253615	0.0988619013	-0.094504034	0.0038054618	-0.0267565185	0.0173320201	-0.0061601671	-0.0615206222	-0.0841976034	-0.1269180094	0.1903204538	0.06376454	0.0243247493	-0.0630794428	-0.1420807074	-0.0824074582	0.0237496596	-0.0054524821	0.1018247841	-0.0120375021	0.0548764923	-0.1094949666	-0.0686416322	0.0285677796	-0.0507420953	0.1279700718	-0.0821979046	-0.1006348709	0.0825019948	0.030086819	-0.0341145687	-0.0849519136	0.0107929	-8.100000000000468e-06	6.561000000000758e-11	0.0001164866904099	0.0167692	0.0454481	0.00028120606864	0.00206552979361	0.0169536	0.01894608	0.00028742455296	0.0003589539473664	-0.00043824	0.000526773	2.77489793529e-07	1.920542976e-07	0.000201477	7.6167e-05	4.0592981529000003e-08	5.801411889000001e-09	-0.000290731	0.0	0.0	8.452451436100001e-08
48212.400492629335	7.277000490277715	2324435561.2616854	52.954736135502095	78203.42229327677	-348.3294165826519	121333.38245681064	6115775258.380579	47325.75083935951	-132.69561515365783	17608.126281007673	2239726692.5091376	55094.6927051637	49207.14636257121	1.148418	17.684399	0.0607886	0.0543339	-0.0889663639	-0.0482123125	-0.079868384	0.0265101895	-0.0454497291	0.0832233166	0.0255809124	0.1634848514	0.0109361106	0.0125869491	-0.0653297822	-0.0456145244	0.1704005662	0.0090274557	-0.1830156842	-0.0212957828	0.0739516323	0.0185012143	-0.0123614434	0.0532352513	0.1266636412	0.0094905218	0.0328408461	-0.1052040683	0.0120812288	-0.0507316635	-0.0260065348	0.0285625774	0.0144346237	0.0653798778	-0.0056077687	-0.0201530428	0.1037677467	-0.058802922	0.0821874089	-0.0565600185	0.1400294182	0.0734753902	0.0104744008	-0.051084355	-0.0542146789	-0.0267883454	0.070956827	0.044747223	-0.0588571918	0.1635202814	0.1269551916	-0.111179601	0.032208211	0.1350136109	0.0480026039	-0.1343536697	0.0503999718	0.1302848962	-0.0104197968	0.0615216106	0.1020141235	-0.081781242	0.0051202899	-0.0341224547	0.0172022394	-0.0075420106	0.0537890761	0.0104168106	-0.0097069436	-0.0358267604	0.0056994946	-0.0571068958	0.1080725197	-0.0526968288	0.0814823178	0.0268272759	-0.0388703345	-0.0885682462	0.0108044	1.1500000000001093e-05	1.322500000000251e-10	0.00011673505936	-0.0371885	-0.0539577	0.00138298453225	0.0029114333892899	0.0146307	-0.0023228999999999	0.00021405738249	5.395864409999996e-06	-0.000517517	-7.9277e-05	6.2848427289999986e-09	2.67823845289e-07	0.000190824	-1.0653000000000008e-05	3.6413798976e-08	1.1348640900000016e-10	-0.000290731	0.0	0.0	8.452451436100001e-08
48406.995558692535	194.59506606320065	2343237219.019279	37867.23973614143	78534.06007784499	330.63778456821456	109321.34458417706	6167598592.310566	47376.60150600465	50.85066664513579	2585.7902982547253	2244542370.258762	55009.58390640214	49931.75987410233	1.227541	18.902798	0.067120555	0.0389039	0.0062795252	-0.0932656371	-0.0436603848	0.112387638	0.0297748641	0.1623669531	0.1074533433	0.0240384006	0.0097650969	-0.0066007003	-0.1322161117	-0.0648111938	0.0074737933	-0.0493219028	-0.0913452911	0.078279042	0.0252526303	0.0514068357	0.0541203512	0.0392790475	0.0080757249	-0.0104163016	-0.0370731854	0.0662178685	0.0365532524	-0.0093433213	0.0024625335	0.034979005	0.0767343781	0.0433339345	-0.0628746729	-0.0788517243	-0.1840992184	-0.0235745081	0.022409384	0.0512152966	-0.17034634	-0.1302636757	-0.0379468636	-0.1832725947	-0.0297761012	-0.1660309741	-0.0360984505	-0.0109006775	-0.0530071481	0.0671873844	0.1118070832	0.1137140497	-0.069959048	0.0766054406	-0.0709588452	0.0325578766	0.0198227109	0.0705241177	-0.0148064178	0.036476357	-0.0998814732	0.0510869656	0.0541763866	-0.0459577557	0.0179011643	-0.0350111712	-0.0550980815	0.1341890264	-0.0579135825	0.1107606434	0.0091904833	-0.0316254978	-0.0383655316	-0.0648929268	0.0804403643	0.0235383975	-0.0435304769	-0.0917972923	0.0107874	-1.6999999999999654e-05	2.8899999999998825e-10	0.00011636799876	-0.00149013	0.03569837	2.2204874169000003e-06	0.0012743736206569	0.0086167199999999	-0.00601398	7.424786355839829e-05	3.61679554404012e-05	-0.000660792	-0.000143275	2.0527725625e-08	4.36646067264e-07	-4.73471e-05	-0.0002381711	2.2417478784099997e-09	5.672547287521e-08	-0.000164353	0.000126378	1.5971398884000005e-08	2.7011908609e-08
48529.23433595987	122.2387772673319	2355086585.234506	14942.318667812378	77698.14782321069	-835.9122546342987	698749.2974477967	6037002175.1575	47396.838879293646	20.237373288997333	409.5512776382227	2246460335.749721	54973.24777682266	50289.99430134203	1.283067	19.757843	0.106408845	0.0523702	0.1162822564	0.0378752065	-0.0351352926	0.1272215726	0.0887936029	0.0768427883	-0.0364671138	-0.148476421	0.0471866798	0.0602012824	-0.0108334689	0.0190766811	-0.0501488276	-0.0548897029	0.0855102893	-0.0977064808	0.0687773911	-0.0074512083	-0.0101311741	0.1216363926	-0.0996034268	0.1267462411	-0.0160037208	-0.034261997	0.0355116229	-0.0023265396	0.1164617529	-0.0863526234	0.0009138189	0.0550972644	0.0697488927	-0.0780489612	-0.083135439	-0.0643698452	0.05160612	-0.0839533405	0.0290650715	0.0328986763	0.0600728999	-0.0106767101	0.0115777864	-0.0618320768	-0.0800214435	-0.0332535542	0.1061536189	-0.0820865023	-0.1462530997	-0.0896291765	-0.1108586667	0.0625371958	0.0509786752	-0.0300063103	-0.1209360995	-0.031591566	-0.0128549985	-0.0249152239	-0.0198163718	0.0349944146	-0.0227438485	-0.1201334346	0.0316196629	-0.065069371	0.0565566311	0.0573821389	-0.054330636	0.1110440074	-0.0451591174	-0.148116746	0.0436550768	-0.0943799218	0.0793764193	0.0202237803	-0.0480835316	-0.0946249323	0.0108144	2.6999999999999247e-05	7.289999999999592e-10	0.00011695124736	-0.0283095	-0.02681937	0.00080142779025	0.0007192786071969	-0.0222915	-0.0309082199999999	0.00049691097225	0.0009553180635683	-0.000217653	0.000443139	1.96372173321e-07	4.7372828409e-08	0.000178733	0.0002260801	3.1945485289000003e-08	5.1112211616010004e-08	0.000139513	0.0003038659999999	9.2334545956e-08	1.9463877169e-08
48430.697498873385	-98.53683708648168	2345532460.2273808	9709.508263007832	77999.149640702	301.001817491313	90602.09413307368	6083867344.672624	47401.27577398632	4.436894692677015	19.68603451390546	2246880945.0015025	55058.464472903484	50814.61206321217	1.213936	18.693302	0.0828702499999999	0.0438547	0.1125113897	0.1050918072	0.0083284067	-0.0174828375	-0.008562222	-0.0342253252	0.0065109737	-0.0749960256	-0.0266746214	-0.154580661	0.0651998292	0.0001394958	0.0134469585	-0.1293327063	0.0198285046	-0.0148480525	0.0506166621	0.0144666347	-0.0058427043	0.1143516773	-0.0538742517	0.1171300346	-0.0264679195	-0.0140627237	0.0044663913	0.0490808564	-0.0647100543	0.1244463099	-0.1045414371	0.1685731263	-0.0035597869	0.1658988106	0.0605985606	0.0014252408	0.0634266015	0.053966535	-0.0679413262	0.0622005499	-0.0004206591	0.0870446451	-0.1107049271	0.0188356919	-0.0854393959	-0.1230658294	0.0560673668	-0.0587358024	0.0310195386	-0.0577850653	-0.0772855228	-0.0100900036	0.0477156258	-0.1127256406	-0.0888791919	-0.0240742434	0.0395491986	-0.0506329608	0.0089314068	0.1160135499	-0.0267155457	-0.089781218	-0.0362541351	0.0104043332	-0.0793959001	0.0811671402	-0.0410500789	0.0012558385	-0.0551046838	-0.0144172409	0.0853552288	-0.1109453558	0.0782907735	0.0168870486	-0.0525182979	-0.0970388015	-0.0107262	-0.0215406	0.00046399744836	0.00011505136644	-0.0199426	0.0083669	0.00039770729476	7.000501561e-05	-0.0172286	0.0050628999999999	0.00029682465796	2.5632956409999982e-05	-0.00084382	-0.000626167	3.9208511188900005e-07	7.120321924e-07	0.00024892	7.018700000000001e-05	6.196116640000002e-08	4.9262149690000024e-09	-0.00012213	-0.000261643	6.8457059449e-08	1.49157369e-08
48368.12441149396	-62.57308737942367	2339475459.085758	3915.3912641929896	78169.07873053875	169.92908983674715	28875.895572745285	6110404869.581165	47464.18890027764	62.913126291314256	3958.061459746857	2252849227.961239	55275.16061457826	50372.374915510285	1.197051	18.433289	0.054028094	0.0269446	0.0138616769	0.0481644682	0.060578214	-0.1344108304	0.024973319	-0.1326867039	-0.0467874301	-0.0633845971	0.0108765132	0.0020785633	0.0228160898	-0.1052054051	0.1342680294	-0.0892932152	0.0251828827	0.1178072796	0.0860138631	-0.0905843173	0.0248505164	-0.0844167258	-0.0816322382	0.0902268698	0.0299414909	-0.0763997494	0.0717291622	-0.1015621088	-0.0406388051	-0.0470638705	-0.0887874686	-0.0737552877	-0.0108916081	-0.0884875207	0.0168912415	0.0234798783	-0.102383421	-0.0558096248	0.0206658088	-0.0964356004	-0.0556831774	-0.0469457468	0.0632441105	0.0989379266	0.0223008333	-0.0267540837	0.1201703538	0.1444414901	0.0893376991	0.0844050864	-0.0386416941	0.0697985828	0.0138293978	0.0337973259	-0.0009993594	0.0638978986	0.1449607689	0.0228246441	-0.0755823675	-0.0487256029	0.0426391092	-0.0247440291	-0.0519447586	-0.0606502468	-0.0249859966	0.0054728862	0.0376632039	-0.028093856	-0.0774153661	0.1692501283	-0.2068250804	-0.0028818237	0.0771837238	0.0135318513	-0.0568238659	-0.0990283447	0.000368894	0.011095094	0.0001231011108688	1.36082783236e-07	-0.0134583	0.0064843	0.0001811258388899	4.2046146490000025e-05	0.00517245	0.02240105	2.6754239002500003e-05	0.0005018070411024	-0.000633055	0.000210765	4.4421885225000014e-08	4.00758633025e-07	0.000178733	-7.018700000000001e-05	3.1945485289000003e-08	4.9262149690000024e-09	-0.000122131	-9.999999999886402e-10	9.999999999772805e-19	1.4915981160999996e-08
48257.16982831715	-110.95458317681188	2328754439.839043	12310.919527940065	77992.54516339046	-176.53356714828988	31164.10033009977	6082837101.0635	47396.594887977786	-67.59401229985087	4568.950498792391	2246437206.975082	55266.87184305015	49824.83666365844	1.012513	15.591603	0.0308482339999999	0.0172569	-0.0329596229	-0.0009678098	0.05247583	-0.1118943756	0.0021979429	-0.1251931729	-0.0753847705	0.0083146928	-0.0300637454	0.1075077538	0.0204117456	-0.0556145804	0.1924182462	0.0638076129	0.0523115453	-0.047058103	-0.0677338624	-0.1600697731	-0.0509887746	-0.0103353473	-0.0528622598	-0.0391263327	-0.0946454324	0.034367217	-0.0166502663	0.1026041374	-0.1222563468	-0.0472426921	-0.0188554648	-0.1054463293	-0.0637694703	-0.0178809547	-0.0292157506	0.1238489086	-0.1156069698	0.0793299189	0.1578600915	-0.0560681816	-0.1324412879	0.0972182643	-0.0012008146	0.1258502642	0.1129777344	0.0473082857	0.0857725339	0.1527859371	-0.0212121558	0.0281657238	-0.0396923606	0.0945011197	-0.0398196616	0.1555499585	-0.1041585812	-0.0585064985	0.0697587082	-0.0421471217	0.0270849281	0.0220165549	-0.095655824	0.0341764404	0.0515360249	-0.0082881279	-0.0133726407	-0.0029793082	0.0931178065	0.0702653572	0.0342073605	-0.2137644226	0.0024495313	0.0863538002	0.0760555728	0.010161857	-0.0609896438	-0.1005848622	-0.00568133	-0.006050224	3.6605210450176e-05	3.22775105689e-05	-0.028419	-0.0149607	0.000807639561	0.00022382254449	0.00866516	0.0034927099999999	7.50849978256e-05	1.2199023144099995e-05	-0.000506164	0.0001268909999999	1.610132588099999e-08	2.5620199489600004e-07	0.000178733	0.0	3.1945485289000003e-08	0.0	-0.00012213	9.999999999886402e-10	9.999999999772805e-19	1.49157369e-08
48146.50839766996	-110.66143064718926	2318086270.886904	12245.95223288268	77983.56062212982	-8.984541260637343	80.72198166409486	6081435727.305397	47262.92001872417	-133.674869253613	17868.970669970528	2233783608.696318	55147.6493066121	49329.788245321884	1.043703	16.071901	0.02270818	0.0159467	-0.0893282368	0.0124738954	0.0382014669	-0.0592483205	-0.0455393414	-0.0465202687	-0.0343266901	0.1398685835	-0.0882245244	-0.0401646263	-0.024012974	0.119785947	0.0726715251	-0.0576127176	-0.0772524634	0.0597579783	-0.05185661	-0.2110534043	-0.0191501711	0.0886717195	0.1603277307	0.023006401	-0.1437751616	0.106710859	0.1044057413	0.1024694096	0.0025505515	0.0515968055	0.0551446065	-0.1043014118	0.0268892089	0.0929334859	0.0114466885	0.0726835996	0.0617650167	0.0586655779	-0.0335968762	0.0010019911	0.0298877507	-0.0314994414	0.1129999984	0.0315711309	0.1370334857	-0.0156313998	-0.0500899649	0.0348352184	0.0367200007	0.0985400052	0.0478548509	-0.0162642317	-0.0138595834	-0.0116086171	-0.2274671202	0.0056472941	0.0698701368	0.0682380783	-0.0606517584	0.1174871247	-0.1001745421	0.0025890879	0.1010261803	-0.1561240056	-0.0608314681	-0.1058528259	-0.0247023594	0.1862655114	-0.0104677151	-0.0304062751	0.0799804739	0.1171001114	0.074906629	0.0067807509	-0.0650053833	-0.1017015476	-0.00666632	-0.0009849899999999	9.702053000999997e-07	4.44398223424e-05	-0.0303543	-0.0019353	0.00092138352849	3.745386090000004e-06	0.0162522	0.00758704	0.00026413400484	5.7563175961600025e-05	-0.000750181	-0.000244017	5.9544296289000014e-08	5.62771532761e-07	0.000178733	0.0	3.1945485289000003e-08	0.0	-0.00012213	0.0	0.0	1.49157369e-08
48101.20892152534	-45.299476144617074	2313726299.7122293	2052.0425389767315	77794.39198308691	-189.1686390429095	35784.77399734658	6051967424.018177	47226.35355597882	-36.5664627453516	1337.1061977071863	2230328470.194313	55019.599396375976	48995.77702877928	1.006685	15.501857	0.03732371	0.0222916	-0.1473610756	-0.0114171429	0.0170220718	-0.0260393692	0.0477186624	0.016948339	-0.0679241813	0.092356083	-0.0205935199	0.1022544002	-0.0392198487	0.1222088578	0.0673112245	0.0805540731	-0.0501312521	-0.0222513624	0.0203226019	-0.0193266346	0.026647906	-0.0704333156	-0.0556545876	0.0805541537	0.0302416193	0.006793003	0.0685502389	0.1373527189	-0.00609516	-0.0523247401	0.0054672677	0.0282486577	-0.0999463068	-0.1138469137	-0.0827060795	0.1510607968	0.079650574	0.0083731777	-0.1131825637	0.0796405334	0.0284486467	-0.0556849562	0.0574907571	-0.0010864044	0.1294967339	0.0949431659	-0.0239529442	-0.0354440555	-0.0974863649	0.002660048	-0.0882223526	0.0317359561	-0.040785696	-0.0251483832	-0.1236874672	0.0514982947	-0.0325731845	-0.0809335682	-0.0321315137	0.0686192652	-0.2139274479	-0.1471429069	0.0141236062	-0.0156853852	0.0589713184	-0.0066024524	-0.0923342608	-0.0412848162	-0.0103828615	-0.0347980076	0.0472726469	0.09387733	0.0737372065	0.0033922301	-0.0688612056	-0.1023735181	-0.00241706	0.0042492599999999	1.80562105476e-05	5.8421790436e-06	-0.0129557	0.0173986	0.00016785016249	0.00030271128196	0.0197272	0.0034749999999999	0.00038916241984	1.2075624999999992e-05	-0.000506164	0.000244017	5.9544296289000014e-08	2.5620199489600004e-07	0.000178733	0.0	3.1945485289000003e-08	0.0	-0.00012213	0.0	0.0	1.49157369e-08
48235.29369013419	134.08476860884548	2326643557.373499	17978.725172887633	78133.39174157147	338.99975848455506	114920.83625258664	6104826905.041868	47335.33503357438	108.98147759556014	11876.962458911576	2240633942.740734	55009.15510703201	49058.36006257836	1.038365	15.989704	0.05964854	0.0417856	-0.1382865719	-0.0568309478	0.0095273584	0.0272470651	0.1230560303	0.1510881481	0.0400904024	0.1032309433	0.0446058191	0.0119957544	-0.088842874	0.0784133433	-0.1054594958	0.0360177804	-0.0702615592	-0.0276287652	0.138111996	-0.0694224732	-0.0978432923	-0.1886461213	0.0299928175	0.0574266984	0.1934352334	-0.1280896478	-0.0091996451	-0.0778341497	0.1719703582	0.1159646401	-0.0637282485	-0.002138629	0.0469086579	-0.0550519841	-0.0762300575	0.057490936	0.0095370614	0.032903695	0.017755327	-0.0187781378	0.0334635199	0.1163970481	0.0188879209	-0.1253429934	0.057392382	0.0688413525	-0.0825945689	-0.0094713721	-0.053933718	0.0832973035	0.0790082009	0.1962399005	0.2390716113	-0.1467943438	0.0100974206	0.1008566535	-0.0292902016	-0.0699604286	-0.0927029459	0.0187255274	-0.1001999373	-0.0110483988	-0.0484404437	0.007847183	0.0544643522	-0.0155785368	0.0676916716	-0.0690761941	-0.0428666921	0.1353076803	-0.0480582282	-0.1052195675	0.072547625	-0.0	-0.072547625	-0.1025978352	-0.0136329	-0.01121584	0.0001257950669055	0.00018585596241	-0.0521282	-0.0391725	0.0027173492352399	0.00153448475625	0.010467	-0.0092602	0.000109558089	8.575130403999999e-05	-0.000506164	0.0	0.0	2.5620199489600004e-07	0.000178733	0.0	3.1945485289000003e-08	0.0	-0.00012213	0.0	0.0	1.49157369e-08
48444.14254786794	208.84885773374845	2346834947.1981487	43617.8453766915	78213.49497717853	80.10323560706456	6416.528354720896	6117350796.545132	47421.22679251679	85.89175894240907	7377.394254220908	2248772750.5073123	54980.706129807695	49616.70676835916	1.258803	19.384207	0.05475833	0.0269352	0.0043468714	-0.0700518968	0.0792451397	0.0942419188	0.1689967563	0.1583812002	0.080103032	-0.0813875887	0.0191127136	0.0078450612	-0.0801604666	0.0032660503	-0.1611432305	-0.0127134888	0.084103037	-0.0789072115	-0.0625020654	0.0313316615	-0.0712685048	-0.049750236	0.0803770155	-0.0052348871	0.0550926973	-0.0239301359	-0.0421406553	-0.0179739195	0.1543921292	0.0507547894	-0.0394758828	0.0473938235	0.0328362517	-0.0360929702	0.1171745976	0.0540348265	0.0058909009	-0.0264375239	-0.0336494148	-0.0523863115	-0.116050258	0.0912998182	0.2086500239	-0.1491352925	-0.0777039627	-0.0056479833	-0.0288304373	-0.0720965201	-0.0716255358	0.1158457547	-0.0156821073	0.0909423345	0.0209721389	0.0452259366	-0.1060454383	-0.0502963495	-0.072557162	-0.0567166223	-0.0207683329	0.0052984289	-0.0014241188	0.0990760809	0.0738914457	0.0063283696	0.0187468981	-0.0854493907	0.1255055575	-0.0139173267	0.0394801763	-0.0307670268	-0.1507296351	-0.0671145355	0.0713382097	-0.0033922301	-0.0760555728	-0.1023735181	-0.00528703	0.00834587	6.96535460569e-05	2.79526862209e-05	-0.0372122	0.0149159999999999	0.00138474782884	0.0002224870559999	0.00445764	-0.00600936	1.98705543696e-05	3.611240760960001e-05	-0.000925653	-0.000419489	1.7597102112099998e-07	8.56833476409e-07	0.000178733	0.0	3.1945485289000003e-08	0.0	-0.000212383	-9.0253e-05	8.145604008999998e-09	4.5106538689e-08
48449.730994334735	5.588446466797905	2347376433.4234	31.230733912265983	78272.87116550459	59.37618832605949	3525.531740131684	6126642360.49168	47544.3544921875	123.12769967070926	15160.430426200375	2260465644.0787897	55195.94935757973	50108.06102582773	1.211331	18.653181	0.06259048	0.0366999	0.1049020062	-0.0122451029	0.1212974205	0.05442542	0.1124493773	-0.0106282481	0.0685998941	-0.1647003238	0.0735090759	-0.0039892298	0.0806586825	-0.1060876724	-0.083447007	-0.1085425722	0.0600107984	0.0017931022	-0.0192472539	0.0424965038	-0.0122801217	-0.0106110835	-0.0595272168	0.0216905391	-0.032253768	0.1518798298	0.0333820912	0.086525813	0.0608870282	-0.0618050027	-0.0149808556	-0.0813391208	-0.0426352819	-0.0750180341	0.0192302308	0.0195167729	0.0051796618	0.0700962921	0.0484422022	0.1211483916	0.0448180988	-0.096860023	0.0531902407	0.0298325074	-0.175550774	-0.0300296097	0.0563246671	-0.029464885	-0.0769710375	0.0148081391	-0.0203634764	0.0014753951	-0.0099753858	0.0198316132	-0.0001058985	-0.0135627666	-0.025010426	0.0419564688	-0.1224239737	-0.0321097603	0.0911012223	0.0171846097	0.0173991027	-0.0520162367	0.0033707434	0.0477175429	-0.0569928288	-0.011415327	0.0096074991	-0.0506112125	0.00450739	0.1174662396	0.0701092912	-0.0067807509	-0.0793764193	-0.1017015476	-0.00529777	-1.0740000000000402e-05	1.1534760000000864e-10	2.8066366972900003e-05	-0.0176562	0.019556	0.00031174139844	0.000382437136	-0.013079	-0.01753664	0.000171060241	0.0003075337424896	-0.000506164	0.000419489	1.7597102112099998e-07	2.5620199489600004e-07	0.000178733	0.0	3.1945485289000003e-08	0.0	-0.00012213	9.0253e-05	8.145604008999998e-09	1.49157369e-08
48302.530216362735	-147.20077797200065	2333134425.302635	21668.069035562232	78499.55940580198	226.68824029738607	51387.55828912545	6162180826.905034	47515.55958645403	-28.79490573346993	829.1465961994196	2257728402.8138638	55281.92443479187	50061.67627179675	1.112886	17.137236	0.06848062	0.0335809	0.0942619937	-0.010006339	0.141494564	0.0531298443	-0.036263726	-0.1066364085	0.1055161956	-0.0276488122	-0.0118809661	-0.0361366981	0.1410303571	-0.0761461307	0.010257908	-0.1187409536	-0.1300283319	-0.1518607372	0.02067773	-0.0672109198	0.0498706221	-0.0210876841	-0.164469515	-0.0348995739	-0.1517616102	0.0005424071	0.002386097	-0.0184347289	0.0592450006	-0.0735722659	0.1104172649	0.0402529891	0.0444540376	-0.0386422376	0.0609660596	-0.0759034329	0.0712593781	-0.1201920442	-0.0561142165	-0.0545666251	0.0605915578	0.0993179119	-0.0371744125	0.1091286855	-0.1177297383	-0.1205820506	-0.0478062222	0.0485197852	-0.0138227548	-0.1247748978	0.0218548246	0.1106365075	-0.0460539068	0.0798089401	0.0506710778	-0.0770789535	0.0704935091	0.0312328759	-0.0230961236	-0.0280759623	0.0378711863	-0.1041599399	-0.0718818054	0.0109757709	0.0424740216	0.0966340909	-0.0630352374	0.0197258987	0.1613644281	-0.0353668275	0.0008087081	-0.0444344739	0.0688612056	-0.010161857	-0.0825019948	-0.1005848622	0.00492791	0.01022568	0.0001045645314624	2.42842969681e-05	-0.0320743	-0.0144181	0.00102876072049	0.0002078816076099	0.00357854	0.01665754	1.28059485316e-05	0.0002774736388515	-0.0008572239999999	-0.0003510599999998	1.2324312359992978e-07	7.348329861758285e-07	0.000371259	0.0001925259999999	1.37833245081e-07	3.7066260675999994e-08	-0.00012213	0.0	0.0	1.49157369e-08
48104.686953923854	-197.84326243888063	2314060906.935012	39141.956492459794	78576.1658546147	76.60644881271583	5868.54799969525	6174213840.411916	47334.48180042614	-181.0777860278904	32789.164592762456	2240553167.314873	55135.70782429102	49542.98303862326	1.143893	17.614712	0.081691265	0.0478048	-0.00107767	0.0485745686	0.1363347063	0.0809837481	-0.1146710192	-0.1025511197	0.1256799715	0.0099980112	-0.1184334267	0.0848219867	0.1047036156	0.0751669095	0.053639426	-0.1034900463	-0.0815213169	-0.0638226896	-0.0924834554	-0.0119272445	0.1008282124	-0.063949655	-0.0933829767	0.003285711	0.104115631	0.0129397779	0.0034426842	0.0524343242	0.0501187483	-0.0220631252	0.034830403	0.019715362	0.0539268546	-0.0625059584	-0.0089736978	-0.0471391888	-0.0123893633	0.1450908238	0.1350533981	-0.009200959	0.0134174257	-0.0590302727	-0.0145146814	0.0704276075	-0.006673092	-0.1654609907	-0.1186436514	0.0027316104	-0.1101844606	-0.0427276438	-0.1114088418	-0.0097866297	-0.012468721	0.0225418329	0.0547694639	0.0661493216	-0.0488180311	0.1498658505	-0.0151233084	-0.0138573086	0.0786332712	-0.1260302525	-0.0755176097	-0.0532914575	0.0034709091	0.0550759944	0.020199424	-0.1224470491	0.0527421918	0.0437916241	-0.0020371403	0.0847225449	0.0675942939	-0.0135318513	-0.0854246103	-0.0990283447	0.00708452	0.00215661	4.650966692100003e-06	5.0190423630400005e-05	0.00953542	0.04160972	9.092423457639998e-05	0.0017313687984784	0.0239173	0.0203387599999999	0.00057203723929	0.0004136651583375	-0.000660678	0.0001965459999998	3.863033011596067e-08	4.364954196840001e-07	0.000382109	1.085000000000002e-05	1.46007287881e-07	1.1772250000000042e-10	2.21975e-05	0.0001443274999999	2.0830427256249998e-08	4.927290062499999e-10
48058.099583258016	-46.58737066583853	2309580935.554344	2170.3831055562327	77794.33343483983	-781.8324197748589	611261.9326110111	6051958314.571039	47258.677871578	-75.80392884813773	5746.235628813528	2233382634.169576	54996.536190816696	48909.82894311097	1.127723	17.365705	0.0467182449999999	0.0280688	-0.1138494265	0.08852303	0.0350174852	0.0374597957	-0.0343409157	-0.045457497	-0.042859326	0.0158269378	-0.143955963	0.1104749673	-0.0309857394	0.106073298	0.0495883014	-0.0700939927	0.0097686594	-0.0750708122	-0.0055945295	0.0012100356	0.0510781849	-0.0453410185	-0.0504295035	-0.1647865262	0.0539550417	-0.0321290627	0.0939705973	0.019015952	-0.079574055	0.0557748789	-0.0853857509	-0.0373427574	-0.1060965041	0.0644494274	-0.0484470625	-0.0415834962	-0.0127618016	-0.0795531139	0.0738078479	0.0061523263	0.0392584471	-0.0993138143	-0.0658130021	0.0145175093	0.1335817699	-0.0773406892	0.0022672328	0.0293544223	-0.0817403225	0.0107126629	-0.0198367	-0.0583362546	0.0530180491	0.0456658895	-0.0131936964	0.0013628874	0.013679209	0.034205131	0.0478246192	-0.0998204489	0.0546308015	0.0351346958	-0.0291198492	0.0687845217	0.0682452129	0.1443962144	-0.0421480219	-0.013644642	-0.1331262995	0.0235599694	0.0145691451	0.0086671483	0.0663089027	-0.0168870486	-0.088137076	-0.0970388015	0.00429317	-0.00279135	7.791634822500003e-06	1.84313086489e-05	-0.0151695	-0.02470492	0.00023011373025	0.0006103330722063	0.0245958	0.0006785	0.00060495337764	4.6036225000000274e-07	-0.000683844	-2.316599999999992e-05	5.366635559999962e-10	4.6764261633600006e-07	0.000178733	-0.0002033759999999	3.1945485289000003e-08	4.136179737599999e-08	-0.00012213	-0.0001443274999999	2.0830427256249998e-08	1.49157369e-08
48163.540532224935	105.44094896691968	2319726636.599274	11117.79371904456	77816.2497952369	21.916360397066452	480.3268530541029	6055368732.194707	47334.52141980889	75.84354823088506	5752.243808250589	2240556918.0423465	54942.368549172345	49146.73049486985	1.144705	17.62722	0.06140038	0.0287628	-0.1221955638	-0.024933295	-0.0421436338	-0.0017961508	0.0421352629	0.0616237182	-0.0931909464	0.0990819983	-0.0246629269	-0.0030224452	-0.0070863718	0.0463699181	0.031816607	0.1379808821	0.0397268627	-0.0200820852	0.0029931033	0.097382512	-0.0196924963	0.0396166769	-0.0674885166	-0.0108627315	-0.0619915754	-0.0691664459	-0.0579386181	0.093345231	-0.1123129953	0.032698791	-0.0720024573	0.0860522013	0.0060867035	0.0291664166	-0.0251156394	-0.0036615803	0.0449189634	0.0503588945	-0.0151958428	0.0961018615	0.0036993734	-0.0684036543	-0.0318634585	-0.0310678394	0.0903276399	0.0970925135	-0.0512673336	-0.0820945983	0.0758740721	-0.1133904889	-0.0542680109	0.0267630558	-0.0694911223	0.0674779701	0.0177720169	-0.0770872314	-0.0361081133	-0.0700056237	0.007453081	-0.0030300278	0.075128673	0.0293864447	0.0474950847	0.0391669135	-0.0963576994	0.0480091807	0.0138793367	0.0719223164	0.0222199248	-0.002653374	0.0406445736	-0.0297775447	0.0650053833	-0.0202237803	-0.0906327191	-0.0946249323	-0.0052986	-0.00959177	9.20020517329e-05	2.8075161959999995e-05	-0.0353178	-0.0201483	0.00124734699684	0.00040595399289	0.0168101	-0.0077856999999999	0.00028257946201	6.061712448999999e-05	-0.00098951	-0.000305666	9.343170355600008e-08	9.791300401e-07	5.32918e-05	-0.0001254412	2.8400159472399996e-09	1.5735494657440005e-08	-7.5745e-05	4.6385e-05	2.1515682249999997e-09	5.737305025e-09
48283.12021971974	119.57968749480642	2331259698.1519094	14299.301661355565	78274.92194675459	458.6721515176905	210380.14257786723	6126963405.770524	47262.97680462294	-71.54461518595053	5118.631962105744	2233788976.4343257	54889.58951854613	49375.317295924026	1.195365	18.407326	0.055453	0.02934	-0.0279182918	-0.0903093784	-0.0057391656	0.1105505932	-0.0161482087	0.1278396503	0.1091877794	0.011537305	-0.0162798409	0.0574284715	-0.1675053084	-0.0037432913	0.0481891976	-0.0530879392	-0.0033246198	-0.1232905584	0.0344642446	0.0326607986	0.095668848	-0.1470473704	-0.0130243398	-0.034927889	-0.0953740798	0.0743712979	0.0102496333	-0.0036454041	0.0186195842	0.0135136872	-0.019107243	-0.0311875353	-0.0316096126	-0.0107184276	-0.0167890116	-0.0101409169	0.0713028503	0.004083573	-0.0271374732	-0.0089519816	0.0714423082	0.0474365149	-0.1957440653	-0.1744156613	0.0108976316	-0.0243400938	-0.0387705388	0.1091045794	-0.0048574089	0.0215296063	-0.0444084409	0.0137138664	-0.0992994532	0.0443710404	-0.0329167112	-0.0575588444	-0.0371142489	0.0339784786	-0.0683759417	0.0089934082	0.0255117782	0.0724517221	-0.1341288809	0.1195331945	-0.0599431724	0.0166964022	-0.0762684823	-0.0089315847	0.0228059722	0.1000372097	0.0367512452	-0.0585064162	0.063684092	-0.0235383975	-0.0929054001	-0.0917972923	-0.00522706	7.153999999999928e-05	5.1179715999998966e-09	2.7322156243600005e-05	-0.0233025	0.0120153	0.00054300650625	0.00014436743409	0.0166931	-0.000117	0.0002786595876099	1.3689000000000592e-08	-0.0008258389999999	0.0001636710000001	2.6788196241032762e-08	6.820100539208349e-07	0.000405705	0.0003524132	1.6459654702500004e-07	1.2419506353424e-07	0.000273154	0.000348899	1.2173051220100001e-07	7.4613107716e-08
48399.71759668036	116.59737696062076	2342532663.4384108	13594.948314097095	77648.71627534162	-626.2056714129722	392133.54290977126	6029323139.208503	47320.53842490961	57.56162028667313	3313.34013002714	2239233356.8233466	54886.68771490081	49994.76334977462	1.206561	18.579727	0.01827358	0.0151489	0.0370422575	0.1128718477	-0.06552523	0.0870829463	0.0262201818	0.058867929	-0.0632487911	-0.1144215436	-0.0519571717	-0.0175662148	-0.0822011894	0.0410557437	-0.0648267891	-0.090014456	0.0946206516	-0.0956766483	0.0756597588	0.0791289365	0.0270725134	0.1123587309	0.0961673784	-0.0727414591	0.0190286146	0.1213874962	-0.0159771023	-0.0885865788	-0.1225919917	-0.0122146696	-0.0071445381	0.1464975877	0.033881331	-0.0171775953	-0.1054249654	-0.0264787584	0.0449791483	0.1009747468	-0.0331359298	0.0467098234	0.030229683	0.0162110925	-0.0043618856	-0.08876414	0.0001178142	-0.0644269833	0.1052965911	-0.0563889068	-0.0438391623	-0.0370865807	-0.0112683674	-0.1405711947	0.1084569549	-0.0287412421	0.001941468	0.0203113868	-0.1032432599	0.114015111	-0.0553667239	-0.1167205219	0.0216211306	0.1067111166	0.0417377933	0.0233689958	-0.0428511746	0.0394439368	-0.0066267462	0.0272410305	0.0478594566	0.0227096577	-0.0271994134	0.0712759043	0.0623453902	-0.0268272759	-0.0949495281	-0.0885682462	-0.00524426	-1.7199999999999334e-05	2.958399999999771e-10	2.7502262947599995e-05	-0.0233034	-8.999999999981245e-07	0.00054304845156	8.099999999966241e-13	0.00198872	-0.01470438	3.955007238399999e-06	0.0002162187911844	-0.0008258389999999	0.0	0.0	6.820100539208349e-07	0.000405705	0.0	1.6459654702500004e-07	0.0	0.000344176	7.102200000000001e-05	5.044124484000002e-09	1.1845711897600003e-07
48398.59237752439	-1.1252191559760831	2342423744.125761	1.2661181489755289	77625.76026965726	-22.956005684362022	526.9781969804617	6025758657.442299	47379.81105936854	59.27263445893186	3513.2451957021567	2244846496.021461	55004.58556094815	50346.71526086799	1.162121	17.895401	0.029555875	0.021167	0.0398797208	0.0020204917	-0.0806184632	-0.0866272189	0.0322063808	-0.0156507793	-0.0975004189	-0.070591257	0.0106546812	-0.025232184	0.0301858286	0.0291869578	-0.0117762751	0.1136448933	0.1602443165	-0.0043708999	0.0928472894	0.0663891809	-0.1681920333	-0.0482744767	-0.0561840426	-0.0547417559	0.0397766596	0.0570482107	-0.0023240428	0.0025617741	-0.0456316368	0.017555175	-0.0392403008	-0.0776646852	0.0230823777	0.0379058276	0.1173415387	-0.039274785	0.1517612035	-0.0714496373	0.056637602	-0.0411517241	-0.0933046329	0.0935006407	0.0559929078	0.0253989493	0.027856796	0.0392086832	0.1280966058	-0.0668330588	0.0453339428	0.000841657	0.0621206293	-0.000699698	0.0999137142	0.0006175894	-0.0271394982	-0.1574383137	-0.0120944682	-0.1836330911	-0.0412071799	-0.1491765448	-0.055787738	0.0298469491	-0.0801980876	0.0521121314	-0.0429142219	-0.0091662358	0.0667120722	-0.1373173363	-0.02603841	-0.0720751122	-0.0671402147	0.0599325557	0.0609896438	-0.030086819	-0.0967600744	-0.0849519136	-0.00524162	2.639999999999934e-06	6.969599999999652e-12	2.74745802244e-05	-0.0233091	-5.700000000000843e-06	0.00054331414281	3.2490000000009605e-11	0.0171176	0.01512888	0.00029301222976	0.0002288830100544	-0.0008258389999999	0.0	0.0	6.820100539208349e-07	0.000405705	0.0	1.6459654702500004e-07	0.0	5.58029e-05	-0.0002883731	8.315904480361e-08	3.11396364841e-09
48323.34799012794	-75.24438739644393	2335145960.9750023	5661.717834666129	78106.59548348594	480.8352138286864	231202.50285767857	6100640258.020906	47365.622082418646	-14.188976949895732	201.3270668846724	2243502155.2545047	55144.148000091285	50158.866592607126	1.086765	16.735008	0.028266215	0.0185691	0.0281834975	0.0216042887	-0.0295330098	-0.0772381962	-0.0757865447	-0.0696930739	-0.0314729611	0.0454358402	0.0376298491	-0.1378045418	0.0473298627	0.050764217	0.0431580654	0.0540510128	-0.0818132047	0.0166443355	-0.0612701898	-0.0664841985	0.0544745962	0.1452806361	0.1178743634	0.0529271068	0.0300937119	-0.002102973	0.0540532392	0.0317812407	0.0316389828	0.0018173815	-0.1147671003	-0.0845631059	0.1151805983	0.1110082499	-0.0514985677	-0.1457355362	0.0888487294	-0.0126232912	0.0287929344	-0.0998109933	-0.0425695203	-0.0167000699	0.0422190791	0.0616129967	0.0118394283	-0.0084857843	-0.0058083404	-0.0436476086	0.1254191088	-0.0021886697	-0.0017071537	-0.0648487248	-0.0241330901	-0.1154480006	-0.1002538685	-0.0302856941	-0.0106031285	0.1293613556	-0.0734803228	0.0131206861	-0.0797371194	0.0185027636	0.0701405617	-0.0406640111	0.1204224404	-0.0106577143	0.0313563872	0.0343192026	-0.1477786702	-0.0850205141	-0.0678939058	0.0659610605	0.0596172234	-0.0333134626	-0.0983325849	-0.0809641079	-0.00522985	1.176999999999949e-05	1.3853289999998799e-10	2.73513310225e-05	-0.0273868	-0.0040777	0.00075003681424	1.662763729e-05	0.0172473	0.0001296999999999	0.00029746935729	1.6822089999999992e-08	-0.00112135	-0.000295511	8.732675112105904e-08	1.2574258224999998e-06	0.000405705	0.0	1.6459654702500004e-07	0.0	-0.000129627	-0.0001854299	3.4384247814010006e-08	1.6803159129e-08
48246.73485230787	-76.61313782007346	2327747423.908899	5869.57288663757	78451.86007154458	345.2645880586351	119207.635767299	6154694348.68521	47350.73153812629	-14.890544292356935	221.7283093226437	2242091777.195708	55089.88556627312	49717.01048232166	1.094704	16.85726	0.0394834	0.0280393	-0.0401196687	-0.1167308955	-0.0108624575	-0.037380228	-0.0671992486	0.0025969053	0.0586919044	0.0955878131	0.0988489148	0.0320991124	-0.012360567	0.0406847822	-0.0419242987	0.0854826258	-0.066439904	-0.0360093549	-0.0390896582	-0.1312011743	-0.003745893	-0.0051093184	-0.0066465833	0.0524132566	0.0050211632	-0.074602381	-0.0296561813	-0.0991795345	-0.0242493074	0.041599099	-0.0945909918	-0.055970089	0.1471014691	0.0447943839	0.0966210769	-0.0300010496	0.0461200682	0.0012541932	-0.0016076045	0.0727343354	0.0561071777	-0.0925223022	-0.1056090266	-0.0185595284	-0.0034822649	0.0662594754	-0.1126080405	-0.0109244781	0.011581616	-0.0180703083	-0.0550180428	-0.0082310892	0.1261333807	-0.0461811987	-0.0040071488	0.0009568799	0.1184960504	0.0709179758	0.0811472629	0.0040392893	-0.1014411713	0.0551604418	-0.0264289791	0.0269009827	-0.1459697216	0.0068276738	-0.0290962095	-0.0150428777	-0.0796601622	-0.0202614071	0.0084132757	-0.1214011451	0.0582285042	-0.0365036785	-0.0996631912	-0.0766222668	-0.00522985	0.0	0.0	2.73513310225e-05	-0.0233667	0.0040200999999999	0.00054600266889	1.616120400999999e-05	0.0389821	0.0217348	0.0015196041204099	0.0004724015310399	-0.00139592	-0.00027457	7.538868490000001e-08	1.9485926464e-06	0.000405705	0.0	1.6459654702500004e-07	0.0	-0.000129627	0.0	0.0	1.6803159129e-08
48280.69495664075	33.96010433288029	2331025505.496196	1153.2886863001147	78260.83655703966	-191.0235145049228	36489.98309381244	6124758538.607675	47385.72403231534	34.99249418904947	1224.4746495706606	2245406842.066747	55103.81546487038	49479.02158672216	1.075277	16.558104	0.0595543499999999	0.0283811	-0.0075487577	-0.0850635753	-0.0067058749	0.1131374096	-0.0465030983	0.0331540504	0.0943644919	-0.0395454485	-0.0212477015	0.095785039	-0.1032371655	-0.0821137505	0.0882672432	0.0198965444	-0.0607752467	-0.0073842005	-0.0872739699	-0.037668616	-0.0748138124	-0.0893737311	0.0821993743	-0.0249622048	-0.0730645073	0.0510449195	-0.2106331207	0.0488277491	0.031073514	-0.0824868387	0.1119511295	0.1672806429	-0.1019308222	-0.0238006429	0.089154487	0.029672977	-0.1003691391	-0.0007289848	0.0039826542	0.0831854891	-0.0215065504	0.0489157228	0.0438675348	-0.0607592014	-0.0134558226	0.0182318121	-0.0354176174	0.1566826094	-0.0238213129	-0.0027615922	0.0079731314	-0.0092236	-0.0978825971	0.0190691275	-0.0010732423	-0.0446742795	0.0338255449	-0.0501204933	0.0580382788	0.0777553103	0.0632177606	0.0403282954	0.1080060096	0.0333499629	-0.1005632514	-0.1295864642	0.0774017295	-0.1619784398	0.2272021826	-0.0815598239	0.1503181757	-0.0789658946	0.0568238659	-0.0396539781	-0.1007486199	-0.071945376	-0.00524895	-1.909999999999933e-05	3.648099999999743e-10	2.7551476102499995e-05	-0.0270439	-0.0036771999999999	0.0007313725272099	1.3521799839999987e-05	0.0287369	-0.0102452	0.00082580942161	0.0001049641230399	-0.00170036	-0.00030444	9.26837136e-08	2.8912241296e-06	0.000134772	-0.000270933	1.8163491984e-08	7.3404690489e-08	0.000207257	0.0003368839999999	1.1349082945599998e-07	4.2955464049e-08
48371.46530983886	90.77035319810966	2339798656.220944	8239.257019709577	77990.19657433075	-270.6399827089044	73246.00024067609	6082470761.702752	47333.393764527376	-52.33026778796193	2738.456926759806	2240450165.267799	54849.98858363255	50072.49202225198	1.211481	18.655495	0.0573190699999999	0.0316478	0.0185068398	0.1017797851	-0.1071823939	0.1284903541	-0.0204209157	0.1011210318	0.0091269863	0.0012319112	-0.0597497252	-0.1194236307	-0.0195230594	0.0359490724	-0.0678275973	-0.0005205544	0.0178820779	0.0604746863	-0.034687605	0.085861719	-0.0269481629	0.0676266737	0.0065824724	-0.1443616363	0.0522817125	0.0235383165	0.0497578032	0.0196309699	-0.0196154038	0.0115807546	-0.1127832261	0.1701511939	0.0809973689	-0.184268406	0.0785599166	-0.0383496065	-0.0121784317	-0.0655259104	-0.0578795075	0.0126617373	-0.0734525177	-0.1079293689	-0.0767661734	-0.1146772087	-0.0135071476	-0.1121376417	-0.0017780508	-0.1047803313	0.1232768292	0.0106663056	-0.0152664455	0.0018061786	0.0212903056	-0.0066423726	0.1893786379	-0.0888453197	-0.0512943645	0.0769178315	0.0950849461	0.0320753606	0.0721884582	-0.0106882411	0.1475367636	0.0380152601	0.0282596787	0.0586233987	0.00246719	-0.0567615945	0.0630028196	0.0397667022	-0.0166368989	0.0622392647	0.0554036926	-0.0427609166	-0.1015862008	-0.0669538864	-0.00515637	9.257999999999924e-05	8.571056399999857e-09	2.6588151576900005e-05	-0.0343725	-0.0073286	0.00118146875625	5.3708377960000016e-05	0.00511901	-0.02361789	2.62042633801e-05	0.000557804728052	-0.00169334	7.019999999999943e-06	4.9280399999999194e-11	2.8674003556e-06	0.000316468	0.000181696	1.00151995024e-07	3.3013436415999995e-08	-0.000129627	-0.0003368839999999	1.1349082945599998e-07	1.6803159129e-08
48583.05692830179	211.59161846293136	2360313420.4986124	44771.01300376272	77604.41882280466	-385.7777515260968	148824.4735725309	6022445820.825277	47418.453932076445	85.06016754906886	7235.232103475668	2248509773.308456	54978.36721983021	50600.05993225897	1.329855	20.478325	0.023010765	0.0154134	0.0450128221	-0.0595956242	-0.1610645452	-0.0556300889	0.0962136501	0.0940863253	-0.1134636632	-0.0569699666	0.0891288724	0.0486681308	-0.0438842714	-0.0213546185	-0.1497423761	0.0332970186	0.0702992621	-0.0348408391	0.0057474047	0.0392698545	0.0815274237	-0.0792425867	-0.086701146	0.0989181381	-0.0104570298	-0.0721970606	-0.0454062208	0.0514150064	-0.0317716164	-0.0217852626	-0.0101375543	-0.0458618893	-0.0742116963	-0.0453111978	-0.0451320085	-0.0515498096	-0.1088272544	0.119961831	0.0182955881	0.1072368732	-0.0238162434	0.0539293926	-0.0529837342	-0.0678224244	-0.058220518	0.1358554049	0.0464035527	-0.1295657571	-0.0532416191	-0.0476605306	0.0415203055	-0.0149833239	0.0021338508	0.1279552693	0.0040633616	0.0782052994	-0.0049327669	0.0160528502	0.0148086991	-0.0026343978	0.0652031769	-0.0234612904	-0.0264432377	-0.0085671191	0.0272680399	-0.0053193324	0.0557331099	-0.0353285013	0.1181235787	0.0826718485	-0.0052205704	0.0291280027	0.0539683725	-0.0458210968	-0.1021738733	-0.0616696245	-0.00516171	-5.339999999999512e-06	2.8515599999994787e-11	2.66432501241e-05	-0.0356012	-0.0012286999999999	0.0012674454414399	1.509703689999998e-06	-0.00688221	-0.01200122	4.736481448409999e-05	0.0001440292814884	-0.00154788	0.00014546	2.1158611600000013e-08	2.3959324944e-06	0.000316468	0.0	1.00151995024e-07	0.0	-7.957689999999998e-05	5.005010000000002e-05	2.505012510010002e-09	6.3324830136099965e-09
48653.19929857909	70.14237027730269	2367133801.987257	4919.952108118236	78407.64805597559	803.2292331709323	645177.2010203638	6147759273.669732	47491.9891448218	73.5352127453516	5407.427513504121	2255489032.9318714	55229.48291633702	51083.22689379563	1.313726	20.229959	0.081740265	0.0423906	0.1945654214	-0.1082745287	-0.0092773417	5.12491e-05	0.0539648516	0.0155371029	0.0981050206	-0.1769945132	0.1112138089	0.0307882866	-0.0083598686	-0.0845849452	-0.1911900809	-0.0357364318	0.0254125307	-0.0962655174	-0.0660483793	0.0463172939	-0.0993453639	0.019540708	-0.0803239177	0.1581849446	-0.0807725751	0.1035306008	0.018386544	0.0033760384	0.040071627	0.0072461632	0.0889831048	-0.1754876483	-0.0609531419	0.0871891088	-0.0129553576	4.93987e-05	0.0160503404	0.059624411	0.0168242779	0.0273103834	-0.0804142173	0.0772267782	0.0288038427	-0.0129194532	-0.162161554	0.058814206	0.0265689948	0.0032202473	-0.1300578768	0.060415312	0.1610379994	-0.0189555724	0.0301973131	-0.0038844305	-0.178287733	-0.1140404302	-0.0440211672	-0.0743477383	0.0493354277	0.0298529324	0.125892238	0.0227777066	-0.0080256265	0.0605202749	0.0486107491	-0.0444633598	-0.0092839937	0.1014001178	-0.1140795785	-0.13998848	0.0334138661	0.0980155113	0.0525182979	-0.0488311722	-0.1025101919	-0.056115697	-0.0134806	-0.00831889	6.92039308321e-05	0.00018172657636	-0.0619219	-0.0263207	0.00383432169961	0.00069277924849	0.00511141	0.01199362	2.6126512188100004e-05	0.0001438469207044	-0.0019945	-0.00044662	1.994694244000002e-07	3.978030250000001e-06	0.000316468	0.0	1.00151995024e-07	0.0	-0.000335098	-0.0002555211	6.529103254521001e-08	1.12290669604e-07
48457.5863248368	-195.61297374229616	2348137672.42901	38264.43549630425	78373.26967125897	-34.37838471661962	1181.8733357239057	6142369398.963881	47422.93539353048	-69.05375129131426	4768.420567402685	2248934801.3389664	55084.29810544973	50961.73126353968	1.408492	21.689257	0.0513102899999999	0.0285873	0.1550096025	0.1219444455	0.1057221011	-0.0647123172	0.0125919053	-0.0758164437	0.0359997544	-0.0343254505	-0.0550196592	-0.1912557205	0.0699170489	0.0001178245	-0.0034374083	-0.0430128848	0.0984926412	0.0577538081	0.174518024	-0.0166057148	0.0237445168	0.0196124477	0.0860463492	-0.168452037	-0.0506676927	0.18660099	-0.0421044323	-0.0064834092	0.047098757	0.073968027	-0.0059159228	-0.1404592357	-0.0660232044	0.0533167768	-0.0231094813	-0.0503837627	0.0611788493	0.1260596032	-0.074225958	-0.0038467752	-0.0064938416	0.0064994509	0.0058259326	0.0249232016	-0.0770999689	-0.1188106229	0.0158840873	-0.0682558287	0.0944029044	0.0039905572	-0.0627729955	-0.0130380542	0.0088453837	0.0464093558	-0.0126912371	0.0049021219	-0.0360075594	-0.0201812814	-0.2822004481	0.0186857707	-0.1326735561	0.1027740153	0.0450310794	0.1568713577	-0.0152174518	-0.0570788533	-0.0964408501	0.0584063882	-0.0011411929	-0.0028408923	0.0732395088	0.0200656249	0.0510538654	-0.0517878515	-0.102594329	-0.0503163898	-0.0270599	-0.0135793	0.00018439738849	0.00073223818801	-0.0484456	0.0134763	0.0023469761593599	0.00018161066169	0.00504752	-6.389000000000047e-05	2.54774581504e-05	4.081932100000061e-09	-0.00201756	-2.305999999999966e-05	5.317635999999842e-10	4.070548353599999e-06	0.00070867	0.000392202	5.022131689e-07	1.5382240880400006e-07	-0.000403652	-6.855400000000002e-05	4.699650916000003e-09	1.62934937104e-07
48394.90699874077	-62.67932609602576	2342067023.416769	3928.697919851936	78255.1498498404	-118.11982141857152	13952.292211955228	6123868478.020975	47521.757203157285	98.82180962680286	9765.750057916066	2258317407.675832	55245.57461431962	50338.20092080462	1.353845	20.84774	0.07452708	0.0325148	0.033202482	-0.0437509926	0.0949532974	-0.1735710569	0.0677339791	-0.1097567561	-0.0186489261	0.009285054	0.1196926117	0.1260004824	0.142396291	-0.1023852088	0.0672648683	0.0786404343	0.0350278943	0.0640829735	-0.0016748869	0.0404835583	0.0307532861	-0.1057213266	-0.0961558268	-0.0764845503	0.0147418709	-0.0108380239	-0.0642683218	0.0904377708	-0.0287374639	-0.0526134743	0.0395423013	0.081688109	0.0291587503	-0.0111602247	0.0539831948	0.040397823	0.0364828347	0.1153570579	-0.054855911	-0.0061300878	-0.0366672243	-0.0385629172	0.03516583	0.1471176319	-0.0584759405	0.084993688	-0.0138758655	-0.0167039332	0.015242418	-0.0640202259	-0.1597761491	0.0227508241	-0.0718859348	0.0881661541	0.0935064118	0.0338261255	0.0699777921	-0.1401033841	-0.0244590782	-0.0525418301	0.0915177827	-0.0235487396	0.044816907	-0.000393498	-0.0034054165	-0.0065311207	0.0778953906	-0.0657930096	0.0587145131	0.0400001118	0.0438291406	0.1114405179	0.0495754752	-0.0546879015	-0.1024260777	-0.0442970619	-0.0176458	0.0094141	8.862527881000003e-05	0.00031137425764	-0.0292329	0.0192127	0.0008545624424099	0.00036912784129	0.0224828	0.01743528	0.00050547629584	0.0003039889886784	-0.00176736	0.0002501999999999	6.260003999999995e-08	3.1235613696e-06	0.0005889	-0.00011977	3.4680321e-07	1.4344852900000011e-08	-0.000204322	0.00019933	3.97324489e-08	4.1747479684e-08
48338.46909578871	-56.43790295206418	2336607594.52452	3185.2368896266144	78410.53051932824	155.380669487844	24143.15245049061	6148211296.322505	47372.375690050365	-149.3815131069205	22314.83645811305	2244141978.5192747	55235.09661978152	49875.55625389132	1.200277	18.482965	0.0978121	0.0566515	0.0326757676	-0.0747298383	0.0791626141	0.0056309795	-0.0511872427	-0.0101690326	0.1080018796	0.0097728651	-0.0364044251	0.0653741556	0.0249885616	0.0060766914	-0.007679714	-0.0974644528	-0.0457105264	-0.0035354166	0.0662386879	0.0091244902	0.0836608711	-0.1063358799	0.060157538	0.0602994929	-0.0287526616	0.0842653319	-0.0588101884	0.062865567	-0.0584955755	0.0101470248	0.0520108977	-0.0715070581	-0.0860427029	0.0252699821	-0.0337584945	-0.0334474404	-0.0558790537	-0.0140348636	0.0217470891	0.0028884716	-0.0274588428	-0.0720281643	-0.0476294749	0.0406727355	-0.0180629641	-0.0357995547	-0.0865252102	0.0573316352	-0.0508199567	-0.0602252976	0.1517800445	0.0096208439	-0.0453712043	0.0871990454	-0.096220348	0.1544062664	-0.0396561766	0.0033190732	0.0231833512	0.0319632343	0.0978595994	-0.0786822772	-0.0384367893	0.0765087488	-0.0584677113	-0.1387896343	-0.1361913613	0.0015157276	-0.0835900462	0.0396400457	0.2044668642	0.0432318302	0.0480835316	-0.0575281511	-0.102005852	-0.0380840342	-0.0207147	-0.0030688999999999	9.418147209999995e-06	0.0004290987960899	-0.0690981	-0.0398651999999999	0.0047745474236099	0.0015892341710399	0.0321648	0.009682	0.00103457435904	9.3741124e-05	-0.00243501	-0.00066765	4.4575652250000013e-07	5.9292737001e-06	0.000515182	-7.371799999999996e-05	2.65412493124e-07	5.434343523999994e-09	-0.000366874	-0.000162552	2.6423152704e-08	1.34596531876e-07
48302.53825038898	-35.93084539972915	2333135201.43029	1291.0256511392374	77952.01690608199	-458.5136132462503	210234.733532132	6076516939.726092	47359.03940954287	-13.33628050749394	177.8563777745628	2242878613.794635	54988.78036187013	50094.49256010763	1.25284	19.292376	0.0984285499999999	0.0492477	0.0047475612	0.0926332642	0.0209285877	-0.0186180038	-0.0615217887	-0.0386085465	-0.015132169	-0.0004079959	-0.1121499737	-0.0061777345	0.0237883014	0.0399284223	0.0012461792	-0.030826655	0.032024496	0.1274908353	-0.0249595793	-0.2019577459	-0.0514131778	-0.0305261029	-0.013841575	0.0808317724	0.1038929225	-0.0166477927	-0.054010339	-0.0832002705	-0.0415133031	-0.0795905368	-0.006859584	0.0202604931	-0.0243900025	-0.078457704	-0.0163860232	0.0843012914	0.0202901099	-0.0200624619	-0.0194694735	0.0509183394	-0.0164856893	-0.0347326213	-0.063967726	0.0034146063	0.0214285744	-0.0999729627	0.0001785359	-0.0325022904	0.0351598099	0.0146891707	-0.0616981366	0.0056096912	0.1097593714	0.1384619814	-0.0047320567	0.0454843945	0.1267774934	0.0345491739	-0.0263186631	0.0956691772	0.0263431093	-0.0185253505	0.0982141594	-0.122446056	-0.0296043905	-0.028351981	-0.0567081851	-0.061667241	-0.0057472616	0.1055070998	-0.035633089	-0.0519459901	0.0465784425	-0.0603054945	-0.1013346856	-0.0317044747	-0.0163223	0.0043923999999999	1.929317775999998e-05	0.00026641747729	-0.0403169	0.0287811999999999	0.00162545242561	0.0008283574734399	0.0199128	-0.0122519999999999	0.00039651960384	0.0001501115039999	-0.00194391	0.0004911	2.4117921e-07	3.7787860881e-06	0.000998028	0.000482846	9.96059888784e-07	2.33140259716e-07	-0.000280761	8.611300000000002e-05	7.415448769000003e-09	7.882673912099998e-08
48300.43416876689	-2.1040816220847773	2332931940.8913846	4.427159472394908	78107.64713016633	155.63022408433608	24220.766648540663	6100804540.21058	47434.06998159866	75.03057205578807	5629.5867430188055	2249990995.019199	55190.59348375122	49815.31872598573	1.160713	17.873716	0.0459179999999999	0.0298942	-0.0402395802	-0.0463665915	0.0071825199	-0.0869768772	0.0189988538	-0.0714212354	-0.0780600783	0.0206179772	0.0920969899	0.168297867	0.0473440371	-0.0256535533	-0.0004775372	0.1057037773	0.1432560494	-0.0777550838	-0.0247552405	-0.0419860143	0.0065353446	-0.0078183502	-0.0027114384	0.0077093667	-0.0208142713	0.0232519808	-0.0392843923	-0.0660629477	-0.0421549183	0.075472911	0.1154588697	0.0223298366	0.1175755913	0.0655353042	0.0617705496	0.0596634224	-0.1761337854	-0.0021566921	0.1449598162	-0.0730629869	0.0631588557	0.0051687764	0.0095604272	0.0767364222	0.0162139548	0.1402796718	0.0337195459	-0.0358061746	-0.064470318	-0.0255589751	-0.0366855394	0.0407550525	-0.0233417753	0.0990420883	-0.038381616	-0.056220935	-0.0436524322	0.0016903408	-0.0563954215	-0.0336429573	0.0978179561	0.1285228951	-0.0381815792	-0.0209113908	-0.0792534283	0.0408536024	0.1997207246	0.0127209046	0.0188463882	0.1052719138	0.1046977749	0.0270829314	0.0450606192	-0.0630168947	-0.1004142296	-0.0251862796	-0.0143688	0.0019535	3.8161622500000085e-06	0.0002064624134399	-0.0408102	-0.0004932999999999	0.0016654724240399	2.433448899999952e-07	0.0200379	0.0001250999999999	0.00040151743641	1.5650009999999882e-08	-0.0017232	0.00022071	4.8712904100000025e-08	2.96941824e-06	0.000464851	-0.0005331769999999	2.16086452201e-07	2.842777133289999e-07	-0.000393796	-0.000113035	1.2776911225000013e-08	1.5507528961600005e-07
48244.64524055765	-55.78892820924375	2327545794.387262	3112.404510736153	78383.93662494399	276.2894947776658	76335.88492449783	6144041520.823236	47336.71533203125	-97.35464956740908	9477.927792393022	2240764618.425762	55120.23817665227	49514.90006159487	1.125838	17.336679	0.0639923	0.0330291	-0.0406769476	-0.1054560702	0.0335138464	0.0081175156	-0.0535649919	0.0071787223	0.099522049	0.0386394241	0.0150605902	0.0264189955	-0.0227665193	0.0292181523	-0.0564079843	0.0079374028	-0.0668738857	-0.0835609294	-0.0809978614	0.133983536	-0.0168878903	0.0381440452	0.1071546802	0.0291763459	0.0038907375	0.0459378189	0.0105891872	-0.0594784567	-0.0309057533	-0.2448257245	0.0523742348	0.0824016946	0.0089494805	0.079347064	0.0492559867	0.0454811076	0.106577888	-0.0461042674	0.0140711403	-0.0074533509	0.0943355507	-0.0216878423	-0.0937428449	-0.0119144577	0.0065006085	0.0259083041	-0.0928303791	0.0555634219	-0.0433436601	-0.0418279174	0.1033679302	-0.0745746581	0.1015681899	-0.0898655713	-0.0455344586	-0.0058079621	-0.0797895972	-0.0377646882	0.0979851642	-0.0420008529	0.1056554355	0.0090144897	-0.0384885709	0.0199530691	0.0857277716	-0.1187125092	-0.0761662595	-0.1251569724	0.1269550928	-0.0965029432	-0.0164159036	-0.1047545444	0.0435304769	-0.0656593869	-0.0992467484	-0.0185579513	-0.023554	-0.0091852	8.436789903999999e-05	0.0005547909159999	-0.0625908	-0.0217806	0.00391760824464	0.00047439453636	0.0200559	1.8000000000000654e-05	0.00040223912481	3.2400000000002354e-10	-0.00198387	-0.0002606699999999	6.794884889999998e-08	3.9357401769e-06	0.0008124249999999	0.0003475739999999	6.600343806248375e-07	1.208076854759305e-07	-0.00034187	5.192600000000005e-05	2.6963094760000047e-09	1.1687509689999999e-07
48199.47873582487	-45.16650473277696	2323189750.405234	2040.0131497759637	78153.0026374188	-230.93398752518988	53330.50659428456	6107891821.244391	47254.59776520532	-82.11756682593114	6743.294781411266	2232997009.951348	54946.39620861733	49426.66498015958	1.127713	17.365555	0.03886791	0.0184132	0.0031987372	-0.0588319465	0.0930984268	0.0908614503	-0.0022808625	0.0217660407	0.1108988669	-0.0263397595	-0.0374164793	0.0148051199	-0.1534313751	0.0109655144	0.0512434478	-0.0386308692	0.0327329459	0.0896653314	-0.0982622905	0.0465939106	-0.09455198	0.0214377053	-0.0429359889	-0.0169175174	0.0605492032	-0.2088662421	0.0662935569	0.117836311	0.101352537	-0.0220660039	0.0042930681	-0.0395449428	0.0513822593	0.0585430025	-0.0547452876	-0.0711102283	-0.0308696673	0.150542945	0.0383992602	-0.0421647418	-0.1411422839	-0.0283458251	0.0321541178	-0.0969221402	-0.0156294011	-0.0455284522	-0.0388771274	0.1005451804	-0.0134250456	-0.0431736166	-0.0713347476	-0.0098602968	-0.0976670022	0.0038551472	-0.0542087827	-0.0208369354	0.0754620534	-0.1481123442	0.0533888599	-0.0042415516	-0.0450987713	0.07647073	0.1221166839	-0.0981863158	0.1591504573	0.0080034035	0.1848530092	-0.0385188096	-0.0973546973	0.0731447004	-0.1512351371	0.0422008813	0.0419884337	-0.0682300815	-0.0978351141	-0.0118484738	-0.0211771	0.0023768999999999	5.649653609999989e-06	0.00044846956441	-0.0518261	0.0107647	0.00268594464121	0.00011587876609	0.00825644	-0.01179946	6.81688014736e-05	0.0001392272562916	-0.00219637	-0.0002125	4.515625e-08	4.8240411769e-06	0.0008124249999999	0.0	6.600343806248375e-07	0.0	-0.000275833	6.603699999999996e-05	4.360885368999995e-09	7.608384388900002e-08
48207.9771828944	8.498447069527174	2324009064.066467	72.22360259355501	78283.33412613407	130.33148871526646	16986.29695073763	6128280401.903947	47303.02217038998	48.42440518466174	2344.9230174882946	2237575906.452406	54985.46538385467	49468.64054717351	1.135493	17.485367	0.0355390899999999	0.0212289	-0.0225209526	0.0754696667	0.0746103132	0.124962286	0.0356742706	0.0295326104	0.0239713286	-0.0639021664	-0.0263307397	0.0231580188	-0.0352241993	0.0754698391	-0.062657668	0.0047751282	-0.0400143788	0.0263502797	-0.0074702379	0.0328060637	-0.0732920886	0.0415645445	0.0177113957	0.020318862	0.0326180148	0.1299343435	0.0147007533	-0.0311913091	0.0620138517	-0.0679134761	0.1013852361	0.082658227	-0.0078938092	0.075569739	0.0736814313	-0.0541322372	-0.0487930624	-0.0624736239	0.1124319199	0.0539174426	-0.1818847162	0.0219629528	0.143924686	-0.0543078386	-0.0029265685	-0.0311172969	-0.0069841797	-0.047347115	-0.1211946856	-0.0268890158	0.0134208485	-0.0648051457	0.0366298886	-0.1615859905	0.0266528736	0.0106699384	0.0320019806	0.0607110155	0.0539675805	0.0551005392	0.0908511156	0.0663896716	0.0630508493	-0.0320569845	0.0564560527	-0.0322563893	-0.0300048016	-0.0303901409	0.0607763446	-0.1127783765	-0.0572485727	0.1005538419	0.0404349114	-0.0707261675	-0.0961827994	-0.0050871859	-0.0224311	-0.0012539999999999	1.5725159999999951e-06	0.00050315424721	-0.0440329	0.0077932	0.00193889628241	6.073396624e-05	0.00282285	-0.00543359	7.9684821225e-06	2.95239002881e-05	-0.00186172	0.0003346499999999	1.1199062249999995e-07	3.4660013584000003e-06	0.0008124249999999	0.0	6.600343806248375e-07	0.0	-0.000189317	8.651600000000002e-05	7.485018256000005e-09	3.5840926488999995e-08
48251.51174709952	43.53456420511793	2328208385.8804827	1895.2582805295356	77766.6038936492	-516.7302324848715	267010.1331638694	6047644681.151734	47300.33996077609	-2.6822096138930647	7.194248412860383	2237322160.404991	54977.24236056171	49696.53060420008	1.061024	16.338615	0.04589685	0.0272254	-0.0540477361	0.0837316997	0.0001579998	0.0380399675	0.0755784623	0.0445920997	-0.0402796736	-0.0554810264	-0.0758570154	-0.0603977946	-0.094598389	0.0046131265	0.0529805665	-0.0665828697	0.0626094055	0.1523588645	0.0758043882	0.0440331196	0.0024338575	-0.1287946208	0.0217426223	0.1018853823	0.0154739236	0.1061863029	0.1015132776	0.1240097307	0.0129097871	0.0986099374	-0.016779618	-0.0583529299	-0.0519145951	0.0841065756	0.0603579908	-0.1416461311	0.0822539581	-0.1408036663	-0.0367535643	0.0389689132	0.0396313281	-0.0289995298	0.0847221779	-0.0600034038	0.0578694659	-0.0445423856	0.1101826971	0.059805265	0.0140398601	0.0489269788	0.075827316	0.0682891168	-0.0195762009	-0.0894632205	-0.0377563118	0.0594260209	0.0528318437	-0.0144761743	-0.0278477939	-0.027748999	0.0893834807	0.0197315537	0.0295180894	-0.0293617451	-0.0667529491	0.0534970087	-0.0656364862	-0.0178894074	-0.0934493173	0.0757172057	-0.077567562	0.1556676146	0.0388703345	-0.0731449155	-0.094293869	0.0016963469	-0.0308177	-0.0083866	7.033505956000002e-05	0.00094973063329	-0.0668096	-0.0227766999999999	0.00446352265216	0.0005187780628899	0.0092594	0.0064365499999999	8.573648835999999e-05	4.142917590249999e-05	-0.00202766	-0.00016594	2.7536083600000023e-08	4.111405075600001e-06	0.0008124249999999	0.0	6.600343806248375e-07	0.0	-0.000189317	0.0	0.0	3.5840926488999995e-08
48381.19902545392	129.68727835440222	2340740419.1405835	16818.790166972205	77993.1778218806	226.57392823140253	51335.74495420875	6082935786.755487	47377.96747481921	77.62751404312439	6026.030936515474	2244671802.0450277	55024.10419646117	49851.51494695005	1.020113	15.708632	0.0425682809999999	0.0248047	-0.0432544426	0.0448385176	-0.0512980856	-0.013618218	0.1030979819	0.0595961386	-0.0605414377	0.0352347568	0.0182566285	-0.0940584044	0.0228478939	0.0383707305	-0.047123188	-0.0243979152	0.0940855719	0.1679402076	0.1421337006	-0.0882425866	-0.0482116277	0.066683327	-0.007425941	0.0384002484	0.0151166654	-0.0762303222	-0.0575223107	-0.0155922174	0.0834971085	-0.0228537381	0.0126399451	-0.0875509815	0.0538564402	0.114219533	0.036797163	-0.0127109786	0.0372268506	-0.0980131399	-0.031611259	0.0764302177	0.061204683	-0.1427090882	0.1004613741	-0.0268364697	0.0233420439	-0.0008701287	0.0333364257	-0.0849148431	0.1047212446	0.0847344165	0.1169430706	0.061615369	-0.0036441307	-0.0305625151	0.0130901018	-0.0024426451	0.1606293678	0.016148085	-0.0459619875	-0.0288833194	0.0120994228	-0.0160522663	0.0497462008	-0.0232453525	0.0232242912	-0.1236907159	0.0349615448	0.0123891896	-0.1334748989	-0.1292135581	-0.0282844259	-0.077426757	0.0372951309	-0.0754836805	-0.0921729699	0.0084724621	-0.0334471	-0.0026294	6.913744360000003e-06	0.00111870849841	-0.0579055	0.0089040999999999	0.00335304693025	7.928299680999997e-05	0.000971119	-0.008288281	9.43072112161e-07	6.8695601934961e-05	-0.00248259	-0.0004549299999999	2.069613048999997e-07	6.163253108099999e-06	0.0008124249999999	0.0	6.600343806248375e-07	0.0	-0.000189317	0.0	0.0	3.5840926488999995e-08
48458.24873961279	77.04971415887121	2348201870.910185	5936.658451963759	77711.03423919131	-282.1435826892848	79605.0012527453	6039004842.524765	47460.75029861829	82.78282379907614	6852.995916148887	2252522818.907796	55104.1882531037	50178.20226224541	1.032831	15.904478	0.0441536009999999	0.0201795	0.0020010866	-0.0217727449	-0.0655642636	-0.0743653668	0.1180485518	0.0280956659	-0.1072538486	-0.0377546914	0.0643252125	0.0164504607	0.0792562038	-0.0492263836	-0.0389575101	0.0786282237	-0.0442568965	0.0548043125	0.0076800828	0.0060169768	0.1342809642	0.0026884252	-0.1279070047	-0.0085747521	0.0179684446	-0.021967714	0.054727384	-0.0577134657	-0.0508128621	0.0594252333	-0.1090527382	-0.04525168	-0.0361107423	-0.1229143857	-0.0563727	0.0964935534	-0.1305281536	-0.0275467601	0.0288524834	0.0631965768	-9.01701e-05	0.0629198367	0.1411033615	0.0455486466	-0.0277258245	0.110392248	0.0429017816	-0.0741365183	-0.0187789647	0.0214067756	0.030380201	0.0668399104	-0.0943388738	0.0105064907	0.1303128988	-0.05374098	0.0559495766	0.0862776853	-0.0328881212	0.0611057762	0.0309215278	-0.067881012	-0.1435329524	-0.0467852688	0.1076061215	0.0804428272	-0.0321772896	0.0760828465	-0.0426718065	-0.0271123189	-0.0525221525	0.065290449	0.0357097311	-0.0777399053	-0.0898253196	0.0152115293	-0.0223943	0.0110528	0.00012216438784	0.0005015046724899	-0.045039	0.0128664999999999	0.002028511521	0.0001655468222499	0.00515957	0.0041884509999999	2.6621162584899995e-05	1.7543121779400994e-05	-0.00234615	0.0001364399999999	1.8615873599999952e-08	5.5044198225e-06	0.0008124249999999	0.0	6.600343806248375e-07	0.0	-0.000373794	-0.000184477	3.4031763529e-08	1.39721954436e-07
48412.66527631224	-45.58346330055065	2343786159.156249	2077.852126472648	78184.46424871191	473.4300095205981	224135.9739146736	6112810449.858111	47496.2850432593	35.53474464100873	1262.7180767016985	2255897092.910537	55336.77188945351	50228.73866398574	1.054486	16.237936	0.0388436299999999	0.0216152	0.0486978333	-0.0490734192	-0.0422589254	-0.0817122187	-0.0081522563	-0.0993844569	-0.0199749649	-0.0071967529	0.1305087948	-0.0275182411	0.1053677351	-0.0918071647	0.0001319891	0.0577149123	-0.0365716278	0.0299547333	-0.1147337397	-0.1496602269	0.0925373169	0.1448897385	0.0553708361	-0.0048039231	0.0916584185	-0.0333790233	-0.0563204987	0.0449485384	0.0543787157	0.0397835542	-0.044251701	0.0214310345	0.0204648888	-0.0953517171	-0.0230553449	0.015344514	-0.0083309504	0.0170216698	-0.0048866807	-0.0338781131	0.0627293962	0.0187832248	0.0277777861	0.14727415	-0.0657343518	0.1146280486	0.0024367267	0.0292054446	0.0112090424	0.0411368124	0.1063610842	-0.0094665563	-0.0416086439	-0.0659646824	0.0310682885	0.0070945598	0.0421613808	0.2020972154	0.0600658921	-0.0241036731	0.0535762041	-0.088111447	0.0238240331	-0.0601561255	0.0679218905	-0.063756616	0.1096520954	0.0893033605	-0.0505105581	0.0867846265	0.0716996418	0.0424957872	0.0341145687	-0.0799111227	-0.0872566935	0.0218840804	-0.0223936	6.999999999993123e-07	4.899999999990372e-13	0.00050147332096	-0.0502115	-0.0051724999999999	0.00252119473225	2.6754756249999965e-05	-0.00616697	-0.01132654	3.80315189809e-05	0.0001282905083715	-0.00238969	-4.35399999999999e-05	1.895731599999991e-09	5.710618296099999e-06	0.000748387	-6.403799999990002e-05	5.60083101769e-07	4.100865443987195e-09	-3.44942e-05	0.0003392998	1.1512435428004e-07	1.1898498336399999e-09
48292.802701440894	-119.86257487134571	2332194792.760297	14367.036854788956	78506.83480167731	322.3705529653962	103922.77341921531	6163323110.577851	47446.09820909736	-50.1868341619338	2518.718323197446	2251132235.267312	55224.580146588974	49918.234784388645	1.058757	16.303715	0.0591399599999999	0.0306738	0.0098463768	-0.0702653101	-0.0199685507	-0.0778692924	-0.1025418554	-0.0605630728	0.0717196573	0.1534955243	0.0704403958	-0.1142992071	0.0716498211	-0.0432034085	-0.0081380655	0.0719972756	-0.1701721978	0.0643296002	-0.0726948343	0.0642463312	-0.1264766542	0.049561257	0.0881725206	-0.0201586042	0.0563983819	-0.008745221	0.0243337187	0.0927962664	-0.1257728451	-0.0049807679	0.0601994938	-0.0023281712	-0.0002187321	0.0246060752	0.0160964659	0.0283206382	0.1127668792	-0.0503277591	-0.0389703594	0.0897827097	0.0687718895	0.019009449	0.0068921645	0.07730308	-0.0523548283	0.0306066807	-0.1400078101	0.0177855312	0.1547199266	-0.0323528736	0.0313066672	-0.0046653335	0.0294187278	-0.0675479031	0.0731072897	-0.0016642733	0.0121225447	-0.0712322118	0.1124688435	-0.0499914205	0.0031585055	0.0669159528	0.1057394562	0.0043304614	-0.0418298647	0.0816418858	-0.0189138115	0.0042048957	-0.0350166378	0.0406009194	0.0471586761	0.0715255838	0.0325100797	-0.0819949584	-0.0844734105	0.0284609379	-0.0333141	-0.0109205	0.00011925732025	0.00110982925881	-0.0425199	0.0076916	0.00180794189601	5.916071056e-05	0.0134275	0.01959447	0.00018029775625	0.0003839432545808	-0.00241101	-2.132000000000002e-05	4.545424000000008e-10	5.8129692201e-06	0.0008124249999999	6.403799999990002e-05	6.600343806248375e-07	4.100865443987195e-09	-0.000367804	-0.0003333098	1.1109542277604e-07	1.35279782416e-07
48257.24046417313	-35.56223726776807	2328761257.217028	1264.672719489032	78569.19441819277	62.35961651545949	3888.721771955168	6173118311.523773	47320.31457015109	-125.78363894627546	15821.523826566983	2239212171.018053	55104.18697510954	49502.40990251433	1.093025	16.831396	0.0442095499999999	0.0245657	-0.0033359217	-0.0947785278	0.0546044687	0.0550187452	-0.0864120041	0.03027574	0.1524977065	0.0443199013	-0.0199094428	0.0139102857	-0.0272893208	0.0370192291	-0.0895653867	-0.0180702014	-0.1256272979	-0.0092784566	-0.1279460792	-0.0453251373	0.0212381875	0.0313934198	-0.0966239785	-0.0535168911	0.089306622	-0.0179837204	0.0906323396	-0.0169689256	0.0355199341	-0.0064473468	0.0192215689	-0.0168040797	-0.0454932893	0.1103647424	0.0235612917	0.1137031304	-0.1488199867	0.0180774293	0.0035978994	-0.0315052652	-0.0652378291	0.0726868722	-0.052999265	-0.0440669634	-0.0220232606	-0.0527265185	-0.1488547251	0.0414375013	-0.0147422193	0.0464770118	0.0612438185	-0.0594589193	0.0295699166	0.0598400957	0.0650370749	-0.1133973965	0.0514959678	-0.0237919661	0.0904569612	0.0867154618	-0.0106372999	-0.0837520369	-0.112901796	0.038237463	0.1004697468	0.046309737	0.0364708357	-0.1039510101	-0.0482451944	-0.0617740735	0.0081494623	0.060789941	0.0308967027	-0.0839891338	-0.0814823178	0.034913343	-0.0305318	0.0027822999999999	7.741193289999989e-06	0.00093219081124	-0.0259826	0.0165372999999999	0.00067509550276	0.0002734822912899	0.030014	0.0165864999999999	0.000900840196	0.0002751119822499	-0.00237485	3.6159999999999925e-05	1.3075455999999946e-09	5.6399125225e-06	0.0008124249999999	0.0	6.600343806248375e-07	0.0	-0.000237895	0.000129909	1.6876348280999997e-08	5.6594031025e-08
48363.15421187046	105.91374769733376	2338994685.321164	11217.72195129447	77707.5316857779	-861.6627324148722	742462.6644326636	6038460480.696176	47351.05985682464	30.7452866735548	945.2726526390665	2242122869.56459	54973.07214200949	49820.06230223544	1.195803	18.414078	0.0749212999999999	0.0422302	0.0157597461	0.06664666	-0.0366695181	0.0971996627	0.0098128526	0.0263530703	-0.0484657598	-0.0638971557	-0.0799923152	0.0553288341	-0.0003799659	0.0335216739	-0.0749963572	-0.0015025687	0.0469685493	-0.1081293026	0.1548255778	-0.0311636285	0.0357546156	0.0750419091	-0.0277095131	0.077978155	-0.0189084826	-0.0306265773	0.01098806	-0.0184023946	-0.0038612727	0.0233082193	0.0611914693	0.0813424041	-0.1006885788	0.0154411664	0.1428863218	0.0068611129	-0.2004753594	-0.0750994911	0.0399700753	0.1181908284	0.1456909174	0.0859453974	0.0057796375	-0.0248575333	0.0219834192	-0.0277287699	0.0435202212	-0.0446399772	-0.0965211184	-0.1594456023	0.0954983384	-0.006771051	0.0890035474	0.0992147802	0.0659991411	-0.0364589395	-0.0245872465	-0.0073753345	-0.0475346923	0.0339124401	-0.0024585814	-0.0403198807	-0.1109045409	-0.0183173316	-0.072121955	-0.0829722471	0.0584442085	0.0176885843	0.0180085431	-0.0581485555	0.0660541063	-0.1126706323	0.0292748789	-0.0858914684	-0.0782907735	0.041213081	-0.0384482	-0.0079164	6.266938896000001e-05	0.00147826408324	-0.0585911	-0.0326085	0.00343291699921	0.00106331427225	0.0134609	-0.0165531	0.0001811958288099	0.00027400511961	-0.0023764	-1.5499999999999022e-06	2.402499999999697e-12	5.64727696e-06	0.0008124249999999	0.0	6.600343806248375e-07	0.0	-0.000593211	-0.0003553159999999	1.2624945985599996e-07	3.51899290521e-07
48410.84701574343	47.69280387296749	2343610108.7817144	2274.6035412653428	77830.90623424899	123.3745484710962	15221.279210446866	6057649965.244458	47314.2414611312	-36.81839569344447	1355.5942614390506	2238637445.0422263	54900.11528952653	50383.77225131239	1.199787	18.475424	0.0588688099999999	0.0296528	0.0252645192	0.0351340397	-0.1012912872	-0.0546067707	-0.0310776632	0.0004738484	-0.0449507449	-0.0167242114	-0.044065084	-0.0931686188	-0.0687312997	-0.0136479569	0.0236885881	-0.0398695724	0.1063411222	0.1154513999	-0.0142560547	0.0880059419	0.0950302778	0.0838047206	0.0001538065	-0.0087329721	-0.1063184299	-0.1084731712	-0.0284512925	-0.1619313173	-0.0663292852	0.0819626566	0.0886165017	-0.0647592921	-0.0998390786	-0.0089428365	-0.0919238542	0.0524109108	0.0696331202	-0.0481768121	0.0754338456	-0.1113688317	-0.0769728184	0.1500732483	-0.041395242	-0.0362418829	0.0188042215	-0.0383942228	0.0558314532	-0.0018009026	0.2196219477	0.0364317648	0.0299711987	-0.0766915659	-0.0682695889	0.114521423	-0.0908640041	0.0707088326	0.0488273587	-0.0894258619	0.0973932792	-0.1083719354	-0.0369416311	0.1082448615	-0.1512077392	-0.0412964542	0.0432810212	0.0414268531	0.104999555	0.0743726659	0.043685676	0.0189361728	-0.0497607496	-0.0563279001	0.0276450517	-0.0876998819	-0.074906629	0.0473326046	-0.0432486	-0.0048003999999999	2.3043840159999964e-05	0.0018704414019599	-0.0403608	0.0182302999999999	0.00162899417664	0.0003323438380899	-0.00258071	-0.0160416099999999	6.6600641041e-06	0.000257333251392	-0.00277233	-0.00039593	1.5676056490000005e-07	7.685813628899999e-06	0.0008124249999999	0.0	6.600343806248375e-07	0.0	-0.000593211	0.0	0.0	3.51899290521e-07
48315.24764793687	-95.59936780655698	2334363155.2814693	9139.239125013364	77777.46062598006	-53.44560826892848	2856.4330432357565	6049333381.42588	47383.39969653926	69.15823540806014	4782.861524756663	2245186566.8019967	55043.42367598284	50172.30133949513	1.021251	15.726153	0.0566636799999999	0.0313842	0.0240556293	0.0140220436	-0.0834734075	-0.0333885121	-0.0666883494	-0.0504443268	-0.0632927875	-0.0393226328	-0.0114508388	-0.0036221642	-0.0533126751	-0.0733995344	0.104585311	0.0300713466	0.113001754	-0.0288817994	-0.0930530929	-0.0300252976	-0.0705596033	0.0634726027	0.1592796889	0.0234021199	-0.1625143066	0.0119642833	-0.0842488014	0.0269076714	-0.0233128452	-0.0457218332	-0.1225004894	0.0806426064	-0.0625977036	-0.0271195145	-0.1614494054	0.0341030996	-0.0218606979	-0.0446435095	-0.1567376582	0.0687740287	0.0983899671	-0.0808659929	0.1112220792	0.0069697613	0.029410312	0.0250928341	0.1054262085	0.0757988904	0.0545747155	0.0613360148	-0.0557659146	-0.1250464719	-0.0512489575	0.0208670544	-0.0163199569	-0.1031396752	-0.0752054762	0.0293826448	0.0375623308	-0.0221975671	-0.1508779268	-0.0303171557	0.1435105225	-0.1227302486	-0.1278739025	-0.0173663301	-0.1315378224	0.0898849573	0.0868163585	0.0413307923	0.0011065308	-0.148391576	0.0260076665	-0.0894123968	-0.0713382097	0.0532451548	-0.0417474	0.0015012	2.2536014400000034e-06	0.0017428454067599	-0.0184629	0.0218979	0.00034087867641	0.00047951802441	0.00282707	0.00540778	7.992324784900001e-06	2.92440845284e-05	-0.00237446	0.0003978699999999	1.583005368999999e-07	5.6380602916e-06	0.0007794069999999	-3.3018e-05	6.074752716488442e-07	1.090188324e-09	-0.000466963	0.0001262479999999	1.5938557503999995e-08	2.1805444336900002e-07
48288.65428295544	-26.593364981432387	2331794132.458791	707.2070610356744	77754.65215998824	-22.80846599182405	520.2261209001942	6045785932.520763	47317.974621481146	-65.42507505811227	4280.440446359625	2238990722.279134	55037.10061351327	49723.63203796653	1.057557	16.285234	0.04740578	0.0275316	-0.0298325035	-0.0380310278	-0.1330092542	-0.0403964961	-0.0762269412	-0.0140654019	-0.0617375278	0.0260396137	0.0076309213	-0.0298197743	-0.0169024442	0.0270953823	-0.0302642693	0.1185336488	-0.0833912606	-0.0752960643	0.1178746271	-0.0309381762	0.0271449795	0.1665457553	0.0075300859	-0.0521422735	-0.009841679	-0.1406533243	0.0451353235	-0.0574032032	-0.0324048193	0.0322164944	0.137416162	-0.0073747376	-0.0378031771	-0.0876586686	-0.0926663632	-0.0521688082	-0.0307181992	-0.0374046656	-0.09696434	0.0525172172	-0.0211446431	0.0134198339	0.015298545	0.0332144073	0.0382449926	0.0880689333	0.0042607748	-0.0292928082	0.0302979942	-0.1721422957	0.15686341	-0.0783890662	0.0018465993	0.0091959074	0.0624515969	0.0092899027	-0.0746586553	0.0311458782	0.0907566221	0.1063767684	-0.2069814496	-0.0030923075	-0.02669223	0.0033728724	-0.0346514975	0.0541666844	0.0917231213	0.0115791168	0.0219492431	-0.0191571954	-0.0502719291	0.0168567928	0.0243631711	-0.0910271406	-0.0675942939	0.0589248775	-0.0384138	0.0033335999999999	1.1112888959999994e-05	0.0014756200304399	-0.0420731	-0.0236102	0.00177014574361	0.00055744154404	0.0154994	0.0126723299999999	0.00024023140036	0.0001605879476288	-0.00239316	-1.8699999999999967e-05	3.4968999999999877e-10	5.727214785600001e-06	0.000714209	-6.519799999989996e-05	5.10094495681e-07	4.250779203986955e-09	-0.000538858	-7.189500000000004e-05	5.168891025000006e-09	2.90367944164e-07
48356.733368025605	68.07908507016691	2338373662.026321	4634.761823991023	78460.09726772514	705.4451077369013	497652.8000299282	6155986863.26089	47365.97159897986	47.9969774987112	2303.7098490117896	2243535265.5153666	54982.41089794304	49951.83013982648	1.12621	17.342421	0.03942435	0.0240975	0.0105115391	-0.1186046463	-0.0577783228	0.0566552259	-0.067167335	0.103763606	0.1166047278	0.0855061442	0.0372110645	-0.0480296275	-0.022873921	0.0259511303	-0.1285245813	-0.0169862202	-0.0465860499	-0.0228694552	0.0246706814	-0.0575907293	0.0102033785	0.0347899446	0.1445292162	-0.0725831668	0.0200957269	-0.0822941655	0.0258534015	0.0731712309	0.0077299059	-0.0444607797	0.0025535268	0.0410834333	-0.0146744788	-0.1205232003	0.0879939689	-0.0568724048	0.0387219692	0.0049047049	0.0318972717	-0.1905280239	0.0453299627	0.0770476735	0.0041154948	-0.0964367655	-0.0513240173	-0.012064027	-0.1215463182	-0.036828368	0.0177035553	0.0754786035	0.0489456606	-0.0156336752	0.0526757365	0.0477437123	0.1012689294	-0.0392914261	-0.025499306	0.0307190697	-0.0482603339	-0.11970127	-0.1568941571	-0.099818081	0.0058150229	0.0237052897	0.0717023846	-0.0059267008	0.0411081974	0.0270047421	0.047879304	-0.01904257	-0.010686737	-0.0137154508	0.0227120151	-0.0925423476	-0.063684092	0.0643469367	-0.0384187	-4.900000000002125e-06	2.4010000000020825e-11	0.00147599650969	-0.0220173	0.0200558	0.00048476149929	0.00040223511364	0.0154898	-9.600000000000232e-06	0.00023993390404	9.216000000000448e-11	-0.00260462	-0.00021146	4.471533160000005e-08	6.784045344400001e-06	0.000714209	0.0	5.10094495681e-07	0.0	-0.000363237	0.000175621	3.0842735641000016e-08	1.31941118169e-07
48445.772606022016	89.03923799641052	2346992883.394393	7927.985902981435	77581.34677944389	-878.75048828125	772202.4206545353	6018865368.1123295	47444.30927169421	78.337672714355	6136.790966301399	2250962482.2681694	55008.60016849745	50178.59569166425	1.249653	19.243307	0.08469494	0.0487185	0.0971234511	0.0150941562	0.0187670048	0.0681740275	0.0595872726	0.0117580807	-0.0294291387	-0.1403653965	0.0248762458	0.0464584682	-0.0461835621	-0.1278317198	0.0362472708	-0.1155299769	-0.0151430381	0.0190620258	0.1075628612	-0.0395024619	0.0548067438	-0.1866802306	0.018072894	0.0904046586	0.0475451956	0.1033110443	0.0558417263	-0.1029742041	0.0062125884	-0.0404138136	-0.0187067672	0.0884817266	0.1120125812	0.0044523175	-0.0582868408	-0.0783375094	-0.0517293214	-0.1349019508	0.0468441094	-0.034728157	0.0027151702	0.0799085893	0.0313942726	-0.0233154231	-0.1069101041	-0.0360057533	0.1362030677	0.087918514	-0.0450844238	-0.1351255883	-0.040145297	0.0458162538	-0.0023279087	0.0099196924	-0.026451919	0.060077125	0.0361531368	-0.024258085	-0.1135743224	-0.0302569022	0.0006135365	-0.0463658621	-0.0393895997	-0.0908043274	0.008419743	0.0347039302	-0.1393107235	-0.1911293386	0.005888525	0.0852637779	0.0577758041	0.0924457028	0.0210546499	-0.0939563609	-0.0596172234	0.0694876231	-0.0423358	-0.0039171	1.5343672409999996e-05	0.00179231996164	-0.0641156	-0.0420982999999999	0.0041108101633599	0.0017722668628899	-0.00239004	-0.01787984	5.7122912016e-06	0.0003196886784256	-0.0024186	0.00018602	3.46034404000001e-08	5.84962596e-06	0.000714209	0.0	5.10094495681e-07	0.0	-0.000593211	-0.0002299739999999	5.288804067599999e-08	3.51899290521e-07
48360.761597767385	-85.01100825463072	2338763262.3160925	7226.871524468893	78618.8641545559	1037.517375112002	1076442.3036592985	6180925800.952514	47460.4734512203	16.164179526087537	261.2806997515875	2252496540.213987	55106.82157527994	50320.5316310033	1.21052	18.640699	0.06905684	0.0361545	0.07492662	0.0876657905	0.1130464593	0.0207045475	-0.027614708	-0.0751006195	0.0694094605	-0.0198807156	0.0229802032	-0.0635362667	0.096051918	-0.0497941025	-0.0564176493	-0.1049214119	0.0224750892	-0.0555992939	0.0004234984	-0.0420005572	-0.0427228572	-0.0269843412	0.0921791712	-0.0878562795	-0.0422211339	0.0254762378	0.0719510243	-0.0429774193	0.0349572893	0.1180047079	0.084654435	-0.0558526083	0.0353066687	-0.1037110946	-0.0527472587	0.1113235209	0.1235953524	-0.0230814084	0.0716130292	0.0584809417	0.0744127713	-0.0830543521	0.0729799238	0.0402683878	-0.1141732431	-0.0857603876	-0.0463486454	-0.0547269919	-0.0147971142	0.0601507849	-0.1053987683	0.032341994	0.0581044935	0.0059812727	-0.0283907662	0.0525089562	-0.0177117253	-0.0105253693	-0.015875393	0.0119698448	-0.1505287122	0.1128650081	0.0045114262	0.0493752881	0.0570037039	-0.0253941142	0.0210666457	0.1229912736	0.0380931016	0.0316078353	0.0810940238	0.0415831643	0.0193915285	-0.0952676342	-0.0554036926	0.0743244578	-0.038424	0.0039118	1.530217924e-05	0.001476403776	-0.0451696	0.0189459999999999	0.0020402927641599	0.0003589509159999	0.0154709	0.01786094	0.0002393487468099	0.0003190131776836	-0.0028319	-0.0004133	1.708168900000001e-07	8.01965761e-06	0.000714209	0.0	5.10094495681e-07	0.0	-0.000439749	0.0001534619999999	2.355058544399998e-08	1.9337918300100006e-07
48223.58929572616	-137.1723020412246	2325514564.562875	18816.240447288958	78365.41384898634	-253.4503055695532	64237.057393299874	6141138087.7229	47374.14809449251	-86.32535672778613	7452.06721417953	2244309907.678909	55170.39006587755	49760.57778890685	1.057114	16.278416	0.0646938	0.0421776	-0.0120799798	0.0844605171	0.1192681989	0.0211038726	-0.0292116086	-0.1199817813	0.0391441147	-0.0238987083	-0.0434967012	0.1214022685	0.0897382547	0.0143321268	0.0362894558	-0.0409660044	-0.0511397265	-0.0509887654	-0.0312371696	-0.0509610919	-0.1445477434	0.0957835723	-0.0639000909	0.0342720424	-0.088976404	0.0073953309	0.0127035072	-0.0365286015	0.0058387443	-0.0991673137	0.1022104325	0.0237292578	0.0184683825	0.0580463941	-0.1579504528	0.0889652105	0.0795109349	0.0622957432	-0.0250674838	0.036287812	-0.0588319724	0.0809633171	0.0123734479	0.1028132848	0.0090439891	-0.068858382	-0.0111575421	0.0117962553	-0.1373305141	0.0063143057	-0.0517518646	0.0289910028	0.074371029	-0.0397178989	-0.0014986548	0.0173504973	-0.0293872484	0.0114732482	0.1055369589	0.0997051785	0.0201335811	0.0651885673	0.0709210906	-0.1689799117	0.0049921963	0.0567728841	0.027183146	-0.0050533566	-0.0015497508	-0.0492393231	0.0321902079	0.0007328825	0.0177231056	-0.0964747338	-0.0510538654	0.0788362905	-0.0384755	-5.150000000000293e-05	2.652250000000302e-09	0.00148036410025	-0.0491419	-0.0039723	0.00241492633561	1.577916729000004e-05	0.0074856	-0.0079852999999999	5.6034207360000006e-05	6.376501608999999e-05	-0.00208841	0.0007434899999999	5.527773800999998e-07	4.3614563281e-06	0.000941288	0.0002270789999999	8.860230989439999e-07	5.1564872240999976e-08	-0.000356624	8.312500000000003e-05	6.9097656250000054e-09	1.27180677376e-07
48148.69880153707	-74.8904941890869	2318297196.281137	5608.586119885658	77899.29480811772	-466.1190408686234	217266.9602602854	6068300131.602036	47244.83170841942	-129.31638607309287	16722.727707005208	2232074123.156873	54918.1619933666	49324.07538481466	1.153721	17.766048	0.0966328999999999	0.0506955	-0.1147143397	0.0865873133	0.0128243693	-0.0112485881	-0.0164110512	0.0066262866	-0.0360076366	0.1179844063	-0.1217883663	-0.0388145728	0.0472834938	0.1167502315	0.0698429999	0.016876411	0.0405375802	-0.0403683444	-0.0285294207	0.0156198738	-0.0036127516	-0.0560495698	-0.0269113902	-0.0676187892	-0.1037470529	-0.0635796195	-0.0253585053	-0.0509029585	-0.019565493	0.0673078048	-0.0210083869	-0.0240399026	-0.0428362554	0.1435113277	0.1325081826	0.1291258277	-0.0212587981	0.0707341434	0.032469515	-0.1201683551	-0.0032658656	-0.0685606762	-0.1831393775	0.0171420005	0.1264893043	-0.0840619464	-0.036573225	-0.0432470437	0.0772677648	0.0216474728	0.0034696514	0.1231493107	0.0170733592	0.0554661057	-0.0511507771	-0.0420885726	0.0489237966	-0.0905600837	0.0718421638	0.020036224	0.0242844544	0.0454835036	-0.0942447484	0.1088247753	-0.0166261685	-0.0497016893	-0.0362649347	0.0020313642	0.0383997606	0.0672827398	0.0301492288	-0.1381343452	0.0160498375	-0.0975763397	-0.0465784425	0.0830033923	-0.043214	-0.0047385	2.245338225e-05	0.001867449796	-0.0677197	-0.0185777999999999	0.0045859577680899	0.0003451346528399	0.0311886	0.023703	0.00097272876996	0.000561832209	-0.00274962	-0.0006612099999999	4.371986640999997e-07	7.560410144399999e-06	0.000714209	-0.0002270789999999	5.10094495681e-07	5.1564872240999976e-08	-0.000252641	0.0001039829999999	1.0812464288999997e-08	6.3827474881e-08
48280.45836535918	131.75956382211007	2331002659.969181	17360.582658592695	77801.6625749048	-97.63223321292026	9532.052962142048	6053098699.419342	47284.96226110537	40.13055268595053	1610.4612588798516	2235867656.034159	54994.89955384311	49458.20367824771	1.16157	17.886913	0.0490023999999999	0.0218979	-0.1127316807	-0.0249489771	-0.019240523	-0.0267017315	0.1287568041	0.0279837006	-0.1282296189	0.0671585806	0.0623548405	0.0924629641	0.0336883404	0.0651101931	0.0440930274	0.0830088669	0.0173274457	0.0176768694	-0.0429740934	-0.0532445545	-0.0082002385	-0.082751031	-0.0479161313	0.0389797624	-0.072638505	-0.0495440873	-0.0591054595	-0.1323883409	0.0106554189	0.0550092866	-0.0250385556	0.0465308047	0.0394651995	-0.1018370907	-0.038330296	-0.0255520085	0.0142271098	0.0896434782	-0.1479736137	0.0352224067	-0.0381396201	0.0198166404	0.0779636402	0.0229069389	0.0709651391	0.1090397582	-0.000367914	-0.0791160542	-0.1270991463	-0.0369638479	-0.0931695099	0.0825169884	-0.0802528702	0.0121979276	0.0127387114	0.0148060637	0.0803272571	0.018618661	0.0961436093	0.114035935	-0.0902957446	0.0224830065	0.0052438091	-0.0342283079	-0.0732925482	0.0023260277	-0.1183892438	0.0751702149	0.0330882933	0.1493278284	-0.009493883	-0.0266133611	0.0143721814	-0.0985712473	-0.0419884337	0.0868075413	-0.03846	0.004754	2.260051600000001e-05	0.0014791716	-0.0551724	0.0125472999999999	0.00304399372176	0.0001574347372899	0.0261895	-0.0049990999999999	0.00068588991025	2.4991000809999994e-05	-0.0030697	-0.0003200799999999	1.0245120639999997e-07	9.42305809e-06	0.000614631	-9.9578e-05	3.77771266161e-07	9.915778084000002e-09	-0.000367023	-0.000114382	1.3083241924e-08	1.34705882529e-07
48404.40893277137	123.95056741218286	2342986804.1309566	15363.74316180209	78310.40958921371	508.7470143089158	258823.5245682362	6132520250.030415	47382.3723205062	97.41005940082688	9488.719672472618	2245089206.719072	55067.18673738741	49714.08697030013	1.172422	18.054029	0.0838523199999999	0.0449146	-0.0296583679	-0.1246595335	0.0081904786	0.0032630187	0.0707380194	0.0473351071	0.0633492121	0.0143722157	0.0890008507	0.0530080835	-0.1260848935	-0.1287640243	0.0070130185	-0.0321534304	-0.1038804544	0.0395698538	-0.0493698801	-0.0723226335	-0.0936770761	-0.0407771909	0.0113065032	-0.0140497003	0.0308641107	0.1092313142	0.1313400196	0.1311445396	0.0303719391	0.0458005931	-0.0138673209	0.0982359529	0.0638609363	-0.0972202465	0.0434481994	-0.0835797143	0.0322596612	0.106909432	-0.0307543755	-0.0241866324	-0.0029192678	-0.0941906572	-0.1223313553	-0.0726296992	-0.0411559143	0.0907284708	-0.030222724	0.1656086161	-0.0027233597	0.068483025	-0.0104328013	0.05370838	0.1284629716	-0.0709359874	-0.0396053355	0.0712168544	0.0418023309	-0.0090589383	0.0517320345	0.0998316933	0.0663347407	-0.0773146369	0.1316383546	0.0589026343	-0.001056888	0.0480102768	-0.0426426559	0.0721480619	0.1188300349	0.0486559667	-0.0752199196	0.1682380892	0.0126905962	-0.0994583687	-0.0372951309	0.090232103	-0.0384218	3.820000000000212e-05	1.459240000000162e-09	0.00147623471524	-0.067691	-0.0125185999999999	0.004582071481	0.0001567153459599	0.00400418	-0.02218532	1.6033457472400003e-05	0.0004921884235024	-0.00250185	0.00056785	3.224536225e-07	6.2592534225e-06	0.000967456	0.0003528249999999	9.35971111936e-07	1.24485480625e-07	-0.000428552	-6.1529e-05	3.785817841e-09	1.83656816704e-07
48393.80872755046	-10.60020522090781	2341960723.158739	112.3643507253612	77874.45380229334	-435.9557869203709	190057.4481493598	6064430555.00552	47365.87276036287	-16.499560143325652	272.23548492322044	2243525902.3508854	55062.468014012295	49935.161271141085	1.056054	16.262085	0.01376086	0.0101516	0.0427035088	-0.1110259793	0.0595577597	0.0148546679	0.0228957945	0.0013725127	0.0509960372	-0.0844338219	-0.008436308	-0.0359514826	-0.0433303472	-0.0354764873	-0.0706080295	-0.012038273	-0.0631036618	-0.1531252704	0.1042138881	-0.0053592618	-0.0046197151	-0.0769940077	0.0245802944	-0.0126654272	-0.0485618481	-0.015348771	-0.021868455	0.1022119885	-0.0683048885	-0.0980161773	-0.1303777111	-0.0168338982	0.0666204665	-0.0285329594	0.0342536627	0.0390038672	-0.0511053914	-0.0108640654	0.0191402146	-0.0170755075	-0.1492640372	-0.0401073034	-0.0991988288	-0.011275631	-0.0779810782	0.0117977424	0.0009750814	0.0377709735	-0.0563834683	-0.0763506885	0.1413095978	-0.0099125502	-0.0393450198	0.0868851551	-0.0875145508	-0.0118554474	-0.0694669121	-0.0202560799	0.0405418804	0.0450395697	-0.1501188233	-0.0133812159	-0.0122702951	0.0577241861	-0.0170226623	-0.036466878	-0.0362797647	-0.0995730997	0.046448438	0.0667806463	-0.0482064276	0.0711222336	0.0110055415	-0.1002367339	-0.0325100797	0.0932621027	-0.0383965	2.529999999999893e-05	6.40089999999946e-10	0.00147429121225	-0.0677093	-1.8299999999998876e-05	0.00458454930649	3.3488999999995876e-10	0.00399787	-6.31000000000069e-06	1.5982964536899996e-05	3.981610000000871e-11	-0.00261141	-0.00010956	1.2003393600000066e-08	6.819462188100001e-06	0.000967456	0.0	9.35971111936e-07	0.0	-0.000593211	-0.0001646589999999	2.7112586280999984e-08	3.51899290521e-07
48299.07074932951	-94.7379782209464	2332800235.248738	8975.284517392512	78485.01863869288	610.5648363995424	372789.4194476	6159898150.715969	47352.97904426007	-12.89371610280068	166.24791493962158	2242304624.3661337	55083.79478875061	50104.79227470832	1.06728	16.434963	0.10229108	0.0572331	0.0633639629	-0.0348025525	0.100981399	0.0530301102	-0.0574515738	-0.0532892813	0.1112741526	-0.0297660068	0.0120700052	-0.0166874477	0.0162095768	0.014974016	-0.0398539455	-0.0507843299	-0.0355207284	-0.0163148558	0.0274810482	0.0183509889	0.0585359391	-0.0058112283	-0.0733964417	-0.0541406936	-0.0041157502	-0.0494354605	-0.0204780645	-0.1268465233	-0.1540189862	-0.0720667549	-0.0983479957	-0.0906211698	0.0604468876	0.0146955619	0.0145671461	0.0693525481	0.0886838226	0.0002006822	-0.0835628543	-0.05372679	-0.0559408719	-0.0042295993	0.0932012606	0.0270231132	-0.086789707	-0.0455401562	-0.0741208329	-0.0247606002	-0.048432771	-0.0794472393	-0.010448197	-0.0872518323	-0.1028654556	0.0129776928	-0.0156164903	0.0324803924	0.0516173133	-0.0078159373	0.0317762073	-0.0542918564	-0.1400337554	0.0910102413	-0.0286993865	-0.0367424301	-0.0166444926	0.0028331808	-0.0693933122	0.0434762893	-0.0707839786	0.0269243204	-0.089366497	0.0595796796	0.009317478	-0.1009054916	-0.0276450517	0.0958842909	-0.0384519	-5.539999999999712e-05	3.069159999999681e-09	0.0014785486136099	-0.0569956	0.0107137	0.00324849841936	0.0001147833676899	0.0166323	0.0126344299999999	0.0002766334032899	0.0001596288214248	-0.00346223	-0.00085082	7.238946723999999e-07	1.19870365729e-05	0.000819272	-0.000148184	6.71206609984e-07	2.1958497855999995e-08	-1.4464e-05	0.000578747	3.34948090009e-07	2.09207296e-10
48199.16533221925	-99.90541711026162	2323159538.722606	9981.092367975356	78190.53716537858	-294.48147331429936	86719.3381253604	6113760102.210449	47300.83868155992	-52.140362700149126	2718.6174225031023	2237369339.9789557	54999.1435955757	49598.43165061984	1.097451	16.899555	0.08935755	0.0530309	0.0087048354	0.0494782773	0.0466812188	0.0983331919	-0.1198382397	-0.0341605198	0.0363620045	-0.0366965748	-0.0507339085	0.0411743479	0.0449717609	0.0689006929	-0.016324804	-0.0535503637	-0.0686088931	0.0107335569	0.0132891514	-0.0211083919	0.0757666822	0.1436584202	0.0126399239	0.0250088521	-0.0066646981	0.0480349475	-0.0174560476	-0.0343355258	0.0629917815	-0.0982311264	-0.102225198	-0.002158881	0.1123630479	-0.0865923362	-0.047800588	-0.0232086811	-0.0555758738	0.0589344032	0.0775647629	-0.0059916171	0.0037971495	0.0181551083	0.0239870549	0.0303141163	-0.0125367078	-0.0950260841	-0.0439884456	-0.0169158797	-0.0723754609	-0.0766728195	-0.0012344035	-0.1245082691	-0.0152415838	-0.0630518747	-0.0017749583	0.0370405637	0.0386511155	0.080615492	-0.0842521048	0.05452122	-0.0279415178	0.0453780482	-0.0979856347	-0.0850134601	0.017861135	-0.1048121608	0.0264182471	0.0499993096	0.0463905463	-0.096312398	0.0111382104	0.0014428312	0.0076268671	-0.1014639107	-0.0227120151	0.0980872016	-0.0383479	0.0001039999999999	1.0815999999999984e-08	0.0014705614344099	-0.0300189	0.0269767	0.00090113435721	0.00072774234289	0.0117706	-0.0048616999999999	0.00013854702436	2.3636126889999984e-05	-0.00266685	0.00079538	6.326293444000001e-07	7.1120889225000005e-06	0.000899939	8.066699999999998e-05	8.09890203721e-07	6.507164888999996e-09	-0.00028672	-0.000272256	7.412332953600001e-08	8.220835840000001e-08
48190.963225772924	-8.20210644632607	2322368936.6277986	67.27455015686367	77811.33754585293	-379.1996195256506	143792.3514483982	6054604250.674663	47245.34936725206	-55.48931430785888	3079.064002356352	2232123036.833705	54884.161194620254	49690.352369183536	1.09385	16.844103	0.04405655	0.0288036	-0.0635966858	0.0780225568	-0.0649513041	0.0423596754	-0.0684657758	0.0011626618	-0.0418983541	-0.0037915929	-0.0951850747	0.0426897703	-0.0174430258	0.0990523176	0.0026711424	0.0006950617	-0.0207655556	-0.0275901056	-0.0074815893	0.0325597736	-0.0394193333	-0.0306924141	-0.0783187368	-0.0375023456	0.0494103583	0.0798440529	0.0067811301	-0.0033438436	0.0490234152	-0.010880343	-0.0284105091	0.0204701441	-0.0235943275	0.0095251845	0.0049373839	-0.0249288146	0.1013506616	-0.0191357807	-0.0182420524	-0.1512267282	-0.1881672481	0.1024707525	-0.0415315763	-0.0033035695	0.0902788908	-0.0390464156	0.0029856655	-0.0094238328	-0.0521413284	-0.0625139028	0.0503340332	-0.0551199081	0.0528680109	-0.0562466869	0.0152116698	-0.0473140128	0.0499043348	-0.0250656738	0.084601598	0.0392647568	0.1133710472	0.0098210092	-0.0078328653	0.0671712445	0.0988540588	0.0241670235	-0.0152093856	-0.0468562454	0.0673398981	0.0576756553	-0.0147596701	0.037798354	0.0059341712	-0.1019113804	-0.0177231056	0.0998612018	-0.0383909	-4.300000000000137e-05	1.8490000000001174e-09	0.0014738612028099	-0.0568991	-0.0268802	0.00323750758081	0.00072254515204	0.0038443	-0.0079263	1.477864249e-05	6.282623169000001e-05	-0.00275557	-8.872000000000003e-05	7.871238400000006e-09	7.5931660249e-06	0.000899939	0.0	8.09890203721e-07	0.0	-0.000191299	9.542100000000002e-05	9.105167241000004e-09	3.6595307401e-08
48303.416299770935	112.45307399801096	2333220026.2289767	12645.693851602127	78087.33437289986	275.9968270469253	76174.2485399704	6097631789.465068	47292.6475739282	47.29820667613967	2237.120354778823	2236594514.5517774	54940.28768561344	49843.00374573287	1.022251	15.741557	0.04796436	0.0267722	-0.0618885466	0.0202336897	-0.1120455447	0.0099426931	0.0069141865	0.0649974687	-0.0666320435	0.0703647771	0.007396335	-0.0514337752	0.0057089425	0.1155026287	-0.0545950513	0.0321429107	0.0606748849	0.0611640903	0.0606467676	-0.0631045092	0.1045917979	-0.0442704401	0.1359457386	0.0136820558	0.0051345127	0.0769212951	-0.1930291781	-0.0315142235	0.0159064212	-0.0831823291	-0.1100165913	-0.0882338898	-0.0022545112	0.0188227846	-0.0175218828	-0.0369112972	0.0168621108	0.0594093534	0.0144273516	-0.0491077427	-0.0365863103	-0.0526713408	-0.1319876138	-0.0343444961	0.0702980754	0.0212692169	-0.0085343809	-0.1275098998	0.0443741707	0.0232517851	0.116581646	0.0181471525	-0.0732873828	-0.0032823018	0.0011408175	0.026917629	-0.0212476944	0.1581435871	-0.1164090553	0.0121262437	0.0092329755	0.040431692	0.0311073839	0.0446653929	-0.0171549494	-0.108613746	-0.0375357935	-0.1245010357	-0.0485035471	-0.0308700651	0.0042864574	-0.0915634655	0.0042398529	-0.1022474116	-0.0126905962	0.1011985345	-0.0382834	0.0001074999999999	1.1556249999999244e-08	0.00146561871556	-0.0569271	-2.8000000000000247e-05	0.00324069471441	7.840000000000137e-10	0.00982996	0.00598566	9.66281136016e-05	3.5828125635600003e-05	-0.00312267	-0.0003671	1.3476241e-07	9.751067928900002e-06	0.000682338	-0.000217601	4.65585146244e-07	4.7350195201e-08	-0.000443462	-0.000252163	6.358617856900003e-08	1.96658545444e-07
48454.03075248123	150.61445271029515	2347793096.162397	22684.71336522173	78290.99342570425	203.6590528043889	41477.00978918088	6129479651.583666	47378.22914514463	85.5815712164258	7324.205331872161	2244696596.929832	54945.6552078262	50262.92644597349	1.116779	17.197189	0.05462235	0.0285081	-0.0014343917	-0.1073914607	-0.0967801251	0.0145055444	0.0379180434	0.1368860834	0.0296487343	0.0525799826	0.1020209414	0.012053152	-0.1219255658	-0.0701298235	-0.0876619337	0.0393664631	-0.055128001	0.0351493811	0.0088245535	-0.0424009076	-0.0636092449	0.0628599041	0.0444955431	-0.0105393032	0.0534115342	-0.1233296141	0.0343466685	0.0435075578	-0.0842683246	-0.0685070095	0.0858189036	0.0020110772	0.0174583273	-0.0210141623	-0.0140956662	-0.1027442727	-0.13999597	0.0554455419	0.0099456112	-0.0083609527	0.0983174782	0.0607367487	-0.0287754328	-0.1273157388	-0.0395763737	0.0911283512	-0.0360759436	0.0449743272	0.0249977836	0.0920095281	-0.0192307408	-0.0367323321	0.1296868326	-0.0321049897	0.1158292163	0.0942984195	-0.0106295443	0.0343667718	0.0169899553	-0.0096801801	-0.0367745885	-0.0867353849	0.0274185155	-0.0627954557	0.0523454734	-0.0822445869	0.0766301127	0.0211211289	-0.0167689076	-0.0435610839	0.0052334242	0.0303114851	0.0025443755	-0.1024716367	-0.0076268671	0.1020933517	-0.0383352	-5.179999999999768e-05	2.6832399999997596e-09	0.00146958755904	-0.0425394	0.0143877	0.00180960055236	0.00020700591129	0.00792106	-0.0019088999999999	6.27431915236e-05	3.64389921e-06	-0.00282015	0.00030252	9.151835040000008e-08	7.9532460225e-06	0.00081777	0.000135432	6.687477729e-07	1.8341826624e-08	-0.000115935	0.000327527	1.07273935729e-07	1.3440924225e-08
48572.569013286105	118.53826080487488	2359294460.5504417	14051.319274644537	77881.9493500084	-409.0440756958415	167317.0558618653	6065598034.557275	47512.76073008136	134.53158493673254	18098.747345589283	2257462432.1939616	55008.02344130355	50539.25123616181	1.180361	18.176285	0.0761769099999999	0.0397426	0.1218328831	-0.0409063781	-0.0507883448	0.0890772044	0.0960683629	0.1001293928	0.0285232822	-0.1428916064	0.0153517631	0.0142109283	-0.0384172469	-0.1701332168	-0.0068954409	0.027789643	0.0675240055	-0.0506675122	0.0184869111	0.1427802121	-0.099329176	-0.097171155	-0.0211890403	0.0903634602	-0.1074685784	0.098770158	-0.0206965036	-0.0227634075	0.0122672932	0.026009968	-0.0471477151	0.0548440273	0.0978819249	0.1346845864	-0.0040627016	-0.0824096857	-0.0711098889	-0.01716837	0.0244895856	-0.0202155515	0.006345107	-0.0405999682	-0.0508428006	-0.0724394743	-0.1136103199	0.0079581295	0.1182825446	0.0621032419	0.0073072753	0.0044176461	0.0137893641	0.0840682062	-0.0296368574	0.03954602	0.080603613	-0.0692658764	-0.1011892617	-0.0804933185	-0.0284080568	-0.0732658108	0.1171669568	0.0703754118	-0.0729637474	-0.0456662083	-0.1107318062	-0.0486050631	-0.0209930052	-0.0371026724	0.0622980128	-0.1388102725	-0.0841554482	-0.0595103152	0.0008482025	-0.1025838106	-0.0025443755	0.1025417406	-0.0383041	3.1099999999999184e-05	9.672099999999491e-10	0.00146720407681	-0.0569058	-0.0143664	0.00323827007364	0.00020639344896	-0.0182999	-0.02622096	0.00033488634001	0.0006875387433216	-0.0025925	0.0002276499999999	5.1824522499999925e-08	6.721056250000001e-06	0.000890569	7.279900000000002e-05	7.93113143761e-07	5.299694401000003e-09	-0.000526655	-0.00041072	1.686909184e-07	2.77365489025e-07
48564.2518024783	-8.317210807806987	2358486553.1345167	69.17599562150136	78351.23037424395	469.2810242355481	220224.67970756508	6138915301.157848	47551.063662190085	38.302932108723326	1467.1146081254683	2261103655.4056544	55085.8573971519	51065.06707010728	1.271135	19.574099	0.0322790299999999	0.0244315	0.1352706726	0.1210757303	0.0049583067	-0.0316419156	0.0331591772	0.0135183128	0.0266756401	-0.0588885128	0.0570514104	-0.1750903833	0.1458329404	-0.108128734	-0.0924024708	-0.0558108656	0.0731541	-0.0378212074	-0.0456465775	0.0915517175	-0.0374357318	0.0131444338	0.0216778811	0.0815917364	-0.0618397135	-0.0831086346	-0.0015359416	0.0418676563	0.1542116719	-0.0139872364	0.0254786883	-0.0250531625	-0.0427469212	-0.0337395238	-0.0288774822	0.0372977342	0.2150053499	-0.0458843139	0.1119591196	0.0726149338	0.0005102431	-0.0759491249	-0.0319459166	0.0259961072	-0.1556821204	-0.0586650972	0.0351705532	-0.1316909834	0.0243877707	0.087242267	-0.0749760262	0.1092780382	0.020234151	-0.0796284972	0.0466526415	-0.0363063037	-0.1118254772	0.018837785	0.1209221925	0.0233856589	0.0425366179	-0.0353180318	0.0108771642	-0.0236133741	0.0922572469	-0.0252990005	-0.0055070263	0.0692031074	-0.0427666431	0.000550194	0.1129555874	-0.0749737748	-0.0008482025	-0.1025838106	0.0025443755	0.1025417406	-0.0383041	0.0	0.0	0.00146720407681	-0.0543312	0.0025745999999999	0.00295187929344	6.628565159999981e-06	-0.00912747	0.00917243	8.33107086009e-05	8.41334721049e-05	-0.00300314	-0.0004106399999999	1.686252095999999e-07	9.0188498596e-06	0.000890569	0.0	7.93113143761e-07	0.0	-0.000526655	0.0	0.0	2.77365489025e-07
48455.64001374928	-108.61178872901657	2347949049.1420603	11796.520650916527	78293.40423037074	-57.82614387321519	3343.8629152457825	6129857145.980235	47486.46338697701	-64.60027521307347	4173.195557604835	2254964205.0027084	55268.16979825949	50690.1712065451	1.250616	19.258133	0.02388321	0.0155483	0.0635707148	0.044084706	0.0727927838	-0.1398598425	0.0407242188	-0.1518843423	-0.0089894457	-0.050851478	0.0749762561	-0.0233715784	0.1245637991	-0.1082061008	0.1151167889	-0.0413653506	0.0367275169	-0.0045585648	-0.0497658222	-0.008656626	0.0681767604	0.0821858609	0.0786262631	-0.065482731	-0.0124529262	-0.0091630598	0.2654544632	-0.0598977184	0.0812683424	0.0578378487	0.0178068539	-0.0475080518	-0.1361748943	0.0368010638	-0.0823092393	0.017127985	-0.1010366929	-0.0510081272	0.011065423	0.0119609785	-0.1130891292	-0.0399234568	-0.0373005958	0.1468506376	-0.0406836804	-0.0287211908	0.0822298929	0.0773343532	0.0693282162	0.1268244705	-0.0419040776	0.1146518108	0.0048423878	-0.0242765822	-0.0219181339	-0.0361005751	0.0043020031	-0.0021777064	0.0579927821	-0.0304258073	-0.0942229585	-0.0358631136	-0.0680346719	0.0120007698	0.1461475246	0.0966096312	0.0257505116	0.0274276681	0.0116612968	-0.046445656	0.0440707419	-0.0249489292	-0.0025443755	-0.1024716367	0.0076268671	0.1020933517	-0.0383041	0.0	0.0	0.00146720407681	-0.04316	0.0111712	0.0018627855999999	0.00012479570944	-0.00651346	0.00261401	4.242516117160001e-05	6.833048280099999e-06	-0.00280118	0.00020196	4.078784160000006e-08	7.8466093924e-06	0.000890569	0.0	7.93113143761e-07	0.0	-0.000526655	0.0	0.0	2.77365489025e-07
48282.77899732958	-172.86101641970163	2331226747.7049704	29880.930997652355	78192.92231602823	-100.48191434251204	10096.615109935923	6114133100.320425	47383.39274357567	-103.07064340134092	10623.557531166383	2245185907.89194	55095.42746622444	50161.509921277975	1.088645	16.763958	0.04627506	0.0268994	-0.011219136	0.0359938573	0.042238164	-0.1094902815	-0.0698147172	-0.1120399911	-0.0182659006	0.0973018983	-0.0477605638	-0.0353669526	0.1365216399	0.0075557964	0.0831469385	-0.0341351092	0.0282834928	-0.0238955286	-0.0408865233	0.1476365714	0.0648830099	-0.0307186363	0.1087909964	0.0034248637	-0.0241671403	-0.110593578	0.0125053387	0.0810641111	0.0140102583	0.0729129307	0.006146994	0.059097113	0.0324434679	0.0742218869	0.098837334	0.0024393966	-0.0031047811	0.0469916535	-0.0621291709	0.0206898331	0.1462175391	0.0055157487	0.0747367494	0.1151039553	0.0293486434	-0.0501705988	-0.0468464511	-0.0150177544	0.1314603264	0.0581673905	-0.0223541524	0.1185554925	-0.0433048084	0.0327214811	-0.0452450118	0.0041059988	-0.0994077014	-0.0123499437	0.0608814896	-0.1364859595	0.1271785611	-0.0532956624	-0.0411980537	0.0275962192	-0.0285129615	-0.0439032815	5.62095e-05	0.036696693	0.0157825206	0.0670670695	-0.0578569853	-0.1221104284	-0.0042398529	-0.1022474116	0.0126905962	0.1011985345	-0.0383155	-1.1400000000001688e-05	1.2996000000003842e-10	0.00146807754025	-0.0569214	-0.0137614	0.00324004577796	0.00018937612996	0.0134718	0.01998526	0.00018148939524	0.0003994106172676	-0.00292564	-0.00012446	1.549029160000007e-08	8.559369409600002e-06	0.000890569	0.0	7.93113143761e-07	0.0	-0.000400775	0.0001258799999999	1.5845774399999996e-08	1.60620600625e-07
48167.48717564125	-115.29182168833358	2320106820.815564	13292.204148214509	78144.04008806564	-48.88222796258924	2389.4722105865417	6106491001.28521	47313.64827608472	-69.74446749094932	4864.290745596087	2238581313.1930547	55141.07483302398	49746.02915201645	1.049735	16.164789	0.06083583	0.0352965	-0.0769164272	0.0002877635	0.0282932802	-0.0633726767	-0.0638159563	-0.1037973446	-0.037556949	0.0317689357	-0.0958721924	0.1110534322	0.0640920658	0.0677899199	0.0631769005	0.0341118016	0.0390688267	-0.0559125654	-0.1028309524	0.1350480961	0.0001390337	-0.0619734681	-0.048507096	-0.1458336027	0.1074684113	0.0187603058	0.0555942151	-0.0191501904	0.0609032405	-0.0431068042	0.11589181	-0.0305485082	0.0045776738	-0.0018204838	-0.1210919166	-0.0483214986	0.0236214766	-0.0350321855	-0.0922676351	0.022870978	0.0122310907	-0.0319494255	0.0442877588	0.0875755726	0.125940551	0.0191623085	-0.0448507682	0.0132452623	-0.0801246306	0.1343722417	-0.0807525697	0.0111297764	-0.0106880505	0.0519020454	0.0365230919	-0.0491747275	-0.0875385034	-0.0365026314	0.0231296334	-0.0765989001	0.1252265138	-0.0627439525	0.0803988069	0.0758749316	0.0920062128	0.0420945685	-0.0891492746	0.0172704109	-0.0114523201	-0.0563155439	-0.0995380913	-0.0185815106	-0.0059341712	-0.1019113804	0.0177231056	0.0998612018	-0.0285214	0.0097941	9.592439481000008e-05	0.0008134702579599	-0.0404842	0.0164372	0.00163897044964	0.00027018154384	0.00775112	-0.00572068	6.00798612544e-05	3.2726179662400007e-05	-0.00239828	0.00052736	2.7810856960000017e-07	5.7517469584e-06	0.000890569	0.0	7.93113143761e-07	0.0	-0.000350458	5.031700000000003e-05	2.531800489000002e-09	1.22820809764e-07
48080.57103963566	-86.91613600558776	2311741311.497452	7554.414698141829	77610.05710440468	-533.982983660957	285137.82683945785	6023320963.748956	47195.209533186986	-118.4387428977352	14027.735819195825	2227387802.881424	54890.50817193586	48874.38251238827	1.151451	17.731098	0.10097513	0.0578657	-0.1380632704	-0.0172218445	-0.0126918329	-0.0387675571	-0.0338242908	0.0054339177	-0.0816223534	0.1223916517	-0.0434138644	0.0540302801	-0.04881534	0.0521858141	0.160157607	0.1164364953	-0.0580776685	-0.1899341656	0.0893989703	0.0131431562	0.0702774469	-0.0412712604	0.0233020117	0.0321765865	0.0450470003	-0.0203193602	0.0035227618	-0.0185264854	0.0185752381	0.0530990527	0.0384775133	-0.0919119093	0.0623793238	-0.0241955938	0.0402919919	-0.0442799434	0.0534451634	0.0364116195	0.0797508388	-0.0139833009	0.0205935204	-0.0849813177	0.0774476661	0.0154472447	0.130314979	0.0795890071	-0.0349799683	0.0482703613	0.0166618782	-0.1430065966	-0.0922220408	0.0417720111	-0.0367680676	-0.0046143961	-0.1402453875	-0.043819038	-0.1342998738	0.0428500542	-0.0112229852	-0.0009012539	-0.0323182227	0.0638753091	-0.0731011299	0.0304970633	0.0419762668	-0.0830004166	-0.0032661792	-0.0236539917	-0.0941447683	0.0486260214	0.0982189455	0.0725942953	-0.0076268671	-0.1014639107	0.0227120151	0.0980872016	-0.0383195	-0.0097981	9.600276361e-05	0.0014683840802499	-0.0720587	-0.0315745	0.00519245624569	0.00099694905025	0.0217495	0.01399838	0.00047304075025	0.0001959546426244	-0.00319722	-0.00079894	6.383051236000003e-07	1.02222157284e-05	0.0008853599999999	-5.209000000100015e-06	7.83862329599823e-07	2.7133681001041956e-11	-0.000458392	-0.000107934	1.1649748356000004e-08	2.10123225664e-07
48126.24836460824	45.67732497258112	2316135781.651957	2086.418016650782	78274.50937710014	664.4522726954601	441496.8226901621	6126898818.225738	47229.492962293385	34.283429106399126	1175.3535112934949	2230625005.4753203	54862.5559122444	49070.09290836784	1.160361	17.868301	0.0540951	0.0283058	-0.1123846108	-0.1033619268	0.0740238221	0.0423159256	0.0209383577	0.097426211	0.0921313943	0.103147263	0.0058298675	0.0625034248	-0.1854542159	0.0070351353	-0.0031509838	0.0366209771	-0.0544182575	-0.0552494543	-0.0040747521	0.0199910062	-0.0464225727	-0.0295168484	-0.1203199048	-0.067854544	0.1313032849	0.0524822392	-0.06204344	-0.0272902203	0.1204617856	0.0533321665	-0.002620325	0.0513338679	0.0038065888	-0.0826038799	-0.1044318679	0.1316596048	0.0141774047	-0.0087071658	0.0444679791	-0.0246579711	0.0477589914	0.0735736182	-0.0512955722	-0.1386768364	0.0590090483	0.0285992861	-0.0515233888	0.1382885623	-0.0453861839	0.0676295828	-0.0889552916	-0.0081385554	0.0842828245	-0.0401438298	-0.0109441095	-0.0605582884	-0.0681617208	-0.0268278741	-0.1936245179	0.0323513335	0.0137400911	-0.0723624327	-0.0549610191	0.0662887551	0.0924053306	0.162298196	0.071032581	0.0190994304	0.0168728193	0.0522801721	-0.0512779857	-0.0633711736	-0.009317478	-0.1009054916	0.0276450517	0.0958842909	-0.0382707	4.880000000000162e-05	2.381440000000158e-09	0.0014646464784899	-0.0523511	0.0197076	0.0027406376712099	0.00038838949776	0.0190017	-0.0027478	0.00036106460289	7.550404840000009e-06	-0.00293381	0.00026341	6.93848281000002e-08	8.607241116099999e-06	0.00103436	0.0001490000000001	1.0699006096e-06	2.2201000000029803e-08	-0.000238984	0.000219408	4.8139870464000014e-08	5.7113352256e-08
48286.4707598347	160.22239522646123	2331583258.4403715	25671.215932104347	77370.21754767305	-904.291829427093	817743.7127685987	5986150563.374254	47238.20990444215	8.716942148763337	75.98508042488679	2231448474.976136	54817.3757531037	49160.85996509536	1.163949	17.923555	0.061193667	0.037672	-0.0650808665	0.041478637	0.0743137225	0.1251418465	0.1663442007	0.1072420315	-0.0379308115	-0.0411541528	-0.082566988	0.0763402296	-0.1189590304	0.0287265742	0.0382136195	-0.0544681578	0.0488946151	-0.0941051285	-0.1668718335	0.0606332122	0.0516586291	0.0289998902	-0.0829510157	0.0419510699	-0.0101032225	-0.0379462791	0.0550627097	0.103289389	-0.0010786218	-0.0415208953	-0.0937110758	-0.0679721831	0.0250355856	-0.1055755788	-0.0289283374	-0.063876848	-0.0057174583	-0.0281531207	-0.0767328293	0.1515970422	0.1278717927	-0.0068380587	-0.1635074855	-0.1126004767	0.0543508536	-0.0152423681	0.0709796984	0.0463145371	-0.0876132042	-0.0228685221	-0.0456616452	-0.0078247649	-0.0600942915	-0.11705204	-0.0388976818	-0.0148697698	-0.0712041329	0.0510409366	0.1096390856	-0.0231648812	-0.0058987694	-0.1261970905	0.0343484814	0.1041251246	-0.0062199899	0.1229306586	-0.0565110806	0.0620695397	-0.0255548939	-0.0966347787	0.0246963249	0.0132940224	-0.0110055415	-0.1002367339	0.0325100797	0.0932621027	-0.0382397	3.099999999999631e-05	9.609999999997712e-10	0.00146227465609	-0.0818312	-0.0294801	0.00669634529344	0.00086907629601	-0.000828467	-0.019830167	6.863575700890001e-07	0.0003932355232478	-0.00272662	0.0002071899999999	4.2927696099999963e-08	7.434456624399999e-06	0.00103436	0.0	1.0699006096e-06	0.0	-0.000268842	-2.9857999999999984e-05	8.91500163999999e-10	7.227602096399999e-08
48423.92327788934	137.45251805464068	2344876345.6229134	18893.19471956132	77719.39612647709	349.1785788040433	121925.67989561152	6040304534.264262	47347.60488765496	109.3949832128128	11967.262352131596	2241795688.597488	54851.938816029695	50167.12501998968	1.227368	18.900137	0.056883477	0.0318899	-0.020338722	0.0964541837	0.0186080139	-0.0603677817	0.1580266702	0.0762826324	-0.0839497129	-0.0193433179	0.0110779664	-0.1372212508	-0.0382093999	-0.0412555036	0.0348562987	-0.0373639919	-0.0051934635	0.274577723	0.0664817318	-0.0823282921	-0.0018851464	0.0377468042	0.0269567917	0.0658348678	0.0173718092	0.1057103225	-0.0381656274	0.0352249782	-0.0669458785	0.0865736996	0.1101082146	0.0167367542	0.1756244427	0.004447826	0.0041090943	0.0958607795	0.1204511501	-0.0495432594	-0.1240547296	0.0152841015	0.0161202727	0.1415353865	-0.1103164251	-0.058684701	-0.0019236123	-0.0244175278	0.1216378157	-0.0368988969	0.1779076219	0.0804958765	-0.0178202186	-0.0363258819	0.0472232733	-0.062640519	-0.0189647189	0.1025575889	0.0900936728	-0.1036695422	-0.1402225482	0.1373918524	0.027775423	-0.0309743249	-0.0008309482	-0.0263023054	-0.0856078223	0.0039209354	-0.0705107626	-0.0068327819	0.0347955938	-0.0020830086	0.1330991618	0.0248216487	-0.0126905962	-0.0994583687	0.0372951309	0.090232103	-0.0461297	-0.00789	6.225210000000002e-05	0.00212794922209	-0.0726398999999999	0.0091913000000001	0.0052765550720099	8.447999569000203e-05	-0.000867094	-3.8626999999999954e-05	7.51852004836e-07	1.4920451289999962e-09	-0.00312189	-0.00039527	1.5623837290000006e-07	9.7461971721e-06	0.00103436	0.0	1.0699006096e-06	0.0	-0.000668843	-0.000400001	1.6000080000100002e-07	4.47350958649e-07
48394.156814102695	-29.766463786647364	2341994413.7479625	886.0423663617889	77775.9567827341	56.56065625700285	3199.1078362228354	6049099453.469722	47467.95892384426	120.35403618929558	14485.09402705427	2253207124.395766	55156.75127038705	50284.17215458899	1.172702	18.058336	0.0862755429999999	0.0583538	0.0243929266	0.0350769811	0.0167662992	-0.096980364	0.0378166819	-0.0787134764	-0.082274078	-0.1007844684	0.0661558119	0.0061048398	0.1148181734	-0.0164160793	-0.0731216462	-0.066537679	0.0310601044	0.1615066874	-0.1064335555	-0.0076604225	0.1171054377	0.0370391515	-0.0370653417	0.0635221237	0.0542908053	-0.0322243632	-0.047341834	0.113616556	-0.0049014663	0.0807647368	-0.0641882667	0.0798747857	-0.1355535271	0.1349498464	0.0181437504	0.0027679798	-0.0399343882	-0.0314188086	0.0916690205	-0.0005875095	-0.0719459915	0.0301227132	0.0323079212	0.1133721021	-0.036594656	0.0144086494	0.0995858452	-0.0650401633	-0.0343984399	0.0833855093	0.0833728984	-0.1468351819	-0.04884138	-0.0456341215	-0.0387025534	0.0629364682	0.1781362992	-0.0278817376	0.0745307737	-0.0761879219	0.0683180093	-0.1946694674	-0.0299213784	-0.0015273596	-0.0334689731	0.1484059624	-0.0051247278	-0.0470229297	-0.0383022624	-0.0984305006	0.0505764437	-0.1226198571	-0.0143721814	-0.0985712473	0.0419884337	0.0868075413	-0.0381868	0.0079429	6.308966041000005e-05	0.00145823169424	-0.0280099	0.0446299999999998	0.00078455449801	0.0019918368999999	-0.000820951	4.614300000000001e-05	6.73960544401e-07	2.1291764490000007e-09	-0.00244876	0.00067313	4.5310399690000013e-07	5.9964255376e-06	0.00103436	0.0	1.0699006096e-06	0.0	-0.000668843	0.0	0.0	4.47350958649e-07
48225.54524388553	-168.61157021716645	2325703214.0700502	28429.86161109845	77751.75211763552	-24.20466509857215	585.8658125340368	6045334957.36224	47366.91101175104	-101.04791209321412	10210.680538397926	2243624258.795142	55079.90103722919	49904.92490250367	1.070303	16.481503	0.071715951	0.0425297	-0.0090949198	0.0466354994	-0.0200260982	-0.0616844503	-0.1257913519	-0.0802752843	-0.0317551692	0.034636023	-0.0976887536	-0.0374286666	0.0507130995	-0.0307293214	0.1279258842	-0.0033784034	0.0195233187	0.0910876161	0.0164684164	0.0211287524	-0.1521596128	0.0354416631	-0.0263398138	-0.0471954456	0.0415220916	-0.0120493383	0.0596306346	0.0961921417	0.0485186917	-0.0018238439	-0.0357571289	0.0741512759	-0.1224524428	0.0410033101	0.0718840958	0.0234133182	0.060359563	-0.098537534	-0.0040909003	-0.0386700077	0.0005614871	0.1281983172	-0.0298294712	0.0934308954	0.0763164334	-0.0531964728	0.0623782411	0.0865288693	0.1069472667	0.0324732437	0.0625940364	0.0158600892	0.023592689	0.0346021637	0.0599415816	-0.047160897	-0.00914015	-0.1568085138	-0.0251943908	-0.0315545843	0.0232204474	-0.1189279715	0.0802437939	-0.0114398994	0.0404980861	0.0621311297	0.0061304289	-0.014608799	0.0601197422	0.0204464839	0.0122520041	-0.0021606582	-0.0160498375	-0.0975763397	0.0465784425	0.0830033923	-0.0381927	-5.900000000003125e-06	3.4810000000036875e-11	0.00145868233329	-0.0578512	-0.0298412999999999	0.0033467613414399	0.0008905031856899	0.0188095	0.019630451	0.00035379729025	0.0003853546064634	-0.00280545	-0.00035669	1.2722775610000017e-07	7.870549702500001e-06	0.00103436	0.0	1.0699006096e-06	0.0	-0.000580767	8.807599999999997e-05	7.757381775999995e-09	3.3729030828900005e-07
48134.09204216433	-91.45320172119682	2316890816.7235475	8363.688105057918	78046.49414762545	294.74202998992405	86872.86424258129	6091255248.735333	47232.82916612861	-134.08184562242968	17977.941325517066	2230940151.0366898	54964.38495199915	49451.68426353754	1.024929	15.782794	0.0392424999999999	0.0214883	-0.0832615374	0.0270910994	-0.0593583579	-0.0117523916	-0.1177132835	-0.0270360603	-0.0410347347	0.1093857112	-0.0394756303	-0.0334051923	-0.0425876176	0.0380789371	0.1322625756	0.010937528	-0.0465220839	0.0170207108	-0.1092235019	0.0399928202	-0.0231130804	-0.0814129427	-0.0118628589	-0.0461247536	-0.0003308065	0.0235945708	0.0081751085	-0.0273619994	-0.1093251994	-0.005027486	0.012053669	-0.1693918497	-0.006347844	-0.0337596076	0.0774722737	0.0798773409	-0.0565235306	-0.0415312712	-0.0250073132	0.033219403	0.0880721634	-0.0020373589	0.047674292	0.0015797938	0.1169940574	-0.0091682909	-0.0174766546	0.0597669815	0.0599993457	0.070641268	-0.094836516	-0.0540600526	-0.0924362926	0.0503109374	-0.0037917871	-0.0192975335	0.0195439345	0.0223477261	-0.0243508539	-0.0505825075	-0.082075725	0.0969446482	0.0149303171	0.0008857898	-0.0883375315	0.0657774216	-0.1462758594	-0.0090904558	-0.0666507989	-0.0220826085	0.0163287171	0.0861764652	-0.0177231056	-0.0964747338	0.0510538654	0.0788362905	-0.0381868	5.900000000003125e-06	3.4810000000036875e-11	0.00145823169424	-0.0446898	0.0131613999999999	0.00199717822404	0.0001732224499599	0.0299309	0.0111214	0.00089585877481	0.00012368553796	-0.00301645	-0.0002109999999999	4.4520999999999926e-08	9.0989706025e-06	0.00103436	0.0	1.0699006096e-06	0.0	-0.000668843	-8.807599999999997e-05	7.757381775999995e-09	4.47350958649e-07
48259.70237626581	125.61033410147502	2328998873.4457555	15777.956033084178	78195.15274802587	148.65860040042026	22099.379473011828	6114481913.287097	47310.14879261364	77.31962648502667	5978.324639784039	2238250178.779242	54882.63428827897	49649.98184084163	1.09409	16.847797	0.06646993	0.0451207	-0.0915308726	-0.0561884884	-0.1128895193	0.0121963906	0.0013456041	0.0774386867	-0.0374725945	0.1362717146	0.0697324446	0.0756809093	-0.0095875811	0.0853617027	-0.0253842469	0.155878595	-0.0352944613	-0.0295245379	0.0587374484	-0.0750115601	0.0116564665	-0.0307202786	-0.0218871757	-0.0261116126	-0.0152283316	0.0230993789	-0.0446986207	0.0216819354	0.0134218539	-0.0729370391	-0.009020046	0.045259855	0.0380015779	0.0136759495	-0.0291196798	0.0230054123	0.0563773079	0.0084779575	0.1118580309	0.0631206968	0.0128864402	-0.0474423048	-0.0087901162	-0.0525817082	0.0594563939	0.1035554851	-0.0832493915	-0.0757771961	-0.0145485179	-0.0545894061	-0.0920582855	0.0123122574	0.0883403346	0.009798955	0.079700834	-0.0278184864	0.0544278519	0.0398172392	-0.120137343	-0.0733153554	-0.1025962914	-0.0198263732	0.0183041821	-0.0389550722	0.0185731867	0.0679532047	0.0099422096	-0.1630861207	0.0358474046	-0.1385741185	0.0604130216	-0.1174481053	-0.0193915285	-0.0952676342	0.0554036926	0.0743244578	-0.0381746	1.2199999999996936e-05	1.4883999999992522e-10	0.00145730008516	-0.0450866	-0.0003967999999999	0.0020328014995599	1.5745023999999666e-07	0.00674702	-0.02318388	4.55222788804e-05	0.0005374922918544	-0.00236287	0.00065358	4.2716681640000006e-07	5.5831546369e-06	0.000830399	-0.000203961	6.89562499201e-07	4.1600089521e-08	-0.000668843	0.0	0.0	4.47350958649e-07
48497.569624269534	237.8672480037276	2352014259.460871	56580.82767286684	77816.6571968106	-378.49555121526646	143258.8822897484	6055432137.285935	47291.67930817407	-18.46948443957081	341.1218554635481	2236502931.7871795	54875.55744127312	50181.99944935095	1.250667	19.258913	0.05211637	0.0299969	0.0494362251	-0.0369715862	-0.0615815416	0.111873453	0.0778182358	0.1398812409	0.0260382339	-0.0627468665	-0.045283541	-0.0437514305	-0.139213837	-0.0075148796	-0.0183486948	-0.1297135404	0.0251234308	0.0558580621	0.0556344607	0.0465373396	0.0255524638	-0.0228162793	0.1111631098	-0.0600160189	0.0254626032	-0.0350524577	-0.0619018531	-0.0778068079	0.007891418	0.0728145332	-0.032255661	0.058842001	-0.0574418322	0.0895894971	0.0870904871	-0.1130686792	-0.0581438121	0.0291768401	-0.0885133048	-0.0052566953	-0.0685587792	-0.0686657117	-0.0020663977	-0.1476658633	-0.0165162209	-0.0128057691	0.046002802	0.0491283171	-0.0119339434	-0.0134084186	0.1263623241	0.0883391543	-0.0941153307	-0.0169073214	0.0313341167	0.0862577916	-0.0273519484	0.056017513	0.0026483432	-0.0914592961	0.0493645633	0.0927504525	0.056926717	0.009153906	-0.0261332948	0.0605406098	-0.0093736151	0.031502608	-0.0766823454	0.1271579252	0.0001748351	-0.0624494898	-0.0210546499	-0.0939563609	0.0596172234	0.0694876231	-0.0381868	-1.2199999999996936e-05	1.4883999999992522e-10	0.00145823169424	-0.066629	-0.0215423999999999	0.0044394236409999	0.0004640749977599	0.0032393	-0.00350772	1.049306449e-05	1.2304099598400002e-05	-0.00269999	-0.00033712	1.1364989440000015e-07	7.289946000100001e-06	0.00103436	0.000203961	1.0699006096e-06	4.1600089521e-08	-0.000668843	0.0	0.0	4.47350958649e-07
48544.45625879489	46.88663452535548	2356564233.4620504	2198.356497114256	77937.771687388	121.1144905773981	14668.719827822651	6074296255.595418	47413.1089432141	121.42963504003274	14745.156265955546	2248002899.661089	54935.32691737159	51020.85839097469	1.268661	19.536009	0.0334594799999999	0.031926	0.1496317442	0.1080881107	-0.0246973549	0.0014404077	0.0377282024	0.0426937951	-0.0449474204	-0.1432428436	0.0468228238	-0.0737934635	-0.0587468763	-0.1298713061	0.0348972797	0.0065038943	0.1124169078	0.0082922133	-0.0325691746	0.0788080555	-0.0648220157	0.0467293535	-0.0773677447	0.1421103833	0.0664637119	-0.0138273337	0.0028140384	-0.1734207458	-0.1299569234	-0.1003077947	-0.0557540522	-0.0278689544	0.0365857396	-0.0459045329	-0.0056144951	-0.0975743352	0.0141657254	0.0857802183	-0.1175511746	0.02413517	0.0721420812	0.0039518752	0.1706413138	-0.0466803647	-0.0967101658	-0.0480149903	0.1599983167	0.0046222593	0.0344379708	-0.009974663	-0.1722883669	-0.1016308457	0.0386638221	-0.0261818549	0.0282905326	0.0099292891	-0.0600609209	-0.0113651582	0.0533432129	-0.0523351606	0.0475382885	0.0469313102	-0.0156366545	-0.0999537872	-0.107926521	-0.139440587	-0.0871611802	0.0059649277	-0.0309214653	0.0120752437	-0.1911477352	0.0949616657	-0.0227120151	-0.0925423476	0.063684092	0.0643469367	-0.0381868	0.0	0.0	0.00145823169424	-0.0347417	0.0318872999999999	0.00120698571889	0.0010167999012899	0.00481148	0.0015721799999999	2.31503397904e-05	2.4717499524e-06	-0.00269999	0.0	0.0	7.289946000100001e-06	0.00103436	0.0	1.0699006096e-06	0.0	-0.000668843	0.0	0.0	4.47350958649e-07
48386.99776892428	-157.4584898706089	2341301553.089884	24793.176032332645	78311.57268565189	373.8009982638905	139727.18630308108	6132702416.500139	47445.62265544292	32.51371222882153	1057.141482898619	2251087109.1626787	55190.53089626948	50771.815519774325	1.137647	17.518526	0.01659022	0.00987642	0.1068823637	0.0696496282	0.047600968	-0.0300990193	-0.0760877095	-0.120808529	0.0311854877	-0.0898223085	0.0391803378	-0.0132322353	0.1054486851	-0.0552979251	-0.0229584785	-0.0365630993	0.0033635403	-0.0010341466	-0.0082073789	0.0598044486	0.0741412241	0.0601518165	-0.12940652	-0.0290116239	0.0915291187	0.037686442	-0.02920933	-0.0566208756	0.041480151	0.1359748891	-0.0294563873	0.0375108587	0.0007237202	-0.0654647714	0.0185417916	-0.0155995691	-0.0813735203	0.0306892226	-0.0581269962	0.0237791531	0.0058463931	-0.0840548409	-0.0543889773	0.1130004643	-0.0742833044	-0.0499459436	0.0405381896	-0.0131767394	-0.0759872513	0.0160014367	-0.0542101756	-0.0661042279	-0.0059496529	-0.1405081697	0.0548360427	0.0170903441	-0.0735326999	-0.0025431828	-0.0090423577	0.175243788	0.0486820638	0.009748408	-0.1173080926	0.0464423041	-0.0769942118	0.0813601872	0.1370245632	-0.0598375247	-0.0572680645	0.0099648973	0.0031470742	-0.0383178665	-0.0243631711	-0.0910271406	0.0675942939	0.0589248775	-0.0382005	-1.3699999999998436e-05	1.8768999999995714e-10	0.0014592782002499	-0.0305957	0.004146	0.00093609685849	1.7189316000000002e-05	0.012142	0.00733052	0.000147428164	5.37365234704e-05	-0.00269999	0.0	0.0	7.289946000100001e-06	0.00113636	0.000102	1.2913140496000003e-06	1.0404000000000022e-08	-0.000668843	0.0	0.0	4.47350958649e-07
48167.174053285824	-219.82371563845663	2320076656.279531	48322.46595709704	77997.4536141563	-314.1190714955883	98670.79107725051	6083602770.292463	47253.67195974303	-191.95069569989573	36845.06957967397	2232909513.6790047	54989.779477543816	49882.83401529237	1.159931	17.861675	0.0551313	0.0375781	-0.0185891223	0.1112320353	0.0418591385	-0.0343436102	-0.1493305776	-0.098506645	-0.0119148661	0.052081503	-0.1414499742	-0.0798193519	0.0783226132	0.1083838258	0.0558498937	-0.016600438	-0.0191311663	-0.0984929682	0.032289944	-0.0362897406	0.0327285379	0.0890978721	-0.1119292385	0.0232032503	-0.0207371058	0.0923524594	0.0214720661	-0.1627995459	0.003386815	0.0528403171	0.008315537	0.0526280713	-0.000625217	0.0215363117	0.0311433162	-0.0503979283	0.0518080093	0.0332856364	0.0203077135	-0.0284924622	-0.1052207257	0.0006335513	-0.0200615885	0.0863351354	0.096466767	-0.1139813402	-0.0205030948	-0.0083144853	0.0198415404	-0.0758096233	0.0128145912	-0.0291043555	0.0938963596	0.053028528	-0.0715861036	-0.1261214218	0.0183997091	0.050421624	-0.053783974	0.0769890666	0.1208913592	0.1538457247	-0.159790643	0.0160795738	0.0074674573	-0.0036361274	-0.0152138614	0.0850978345	-0.024402921	0.0275344744	-0.0292964705	0.04176838	-0.0260076665	-0.0894123968	0.0713382097	0.0532451548	-0.0381868	1.3699999999998436e-05	1.8768999999995714e-10	0.00145823169424	-0.0637978	-0.0332021	0.00407015928484	0.0011023794444099	0.0289575	0.0168155	0.00083853680625	0.00028276104025	-0.00269999	0.0	0.0	7.289946000100001e-06	0.00103436	-0.000102	1.0699006096e-06	1.0404000000000022e-08	-0.000668843	0.0	0.0	4.47350958649e-07
48153.90110173531	-13.272951550512516	2318798191.3157053	176.17124286225263	77998.85890596999	1.4052918136876542	1.9748450816175367	6083821990.633413	47278.83017900956	25.158219266530068	632.9359966628048	2235287783.095625	54951.85742567855	49264.21489585644	1.208817	18.614481	0.0234016999999999	0.0177368	-0.1158670243	-0.0206964187	0.0147710374	-0.052024749	-0.00875534	-0.0212838258	-0.052338755	0.0944996349	-0.0118158638	0.093292518	0.0326874337	0.1105663018	0.0238469898	0.1310865007	0.0246055987	-0.0291975496	-0.0024260324	-0.0211937472	0.0726664945	-0.0871130086	-0.0224751437	-0.0572554327	-0.0327869321	-0.0294425485	0.0743627144	0.1478394374	-0.171175728	-0.057137252	0.1206880967	0.0891502017	0.0107938129	0.0196179174	-0.0545316133	0.0586854174	0.0337671968	-0.0245399295	-0.0344970916	-0.0922108357	-0.0378871282	0.0367907795	0.1236190941	0.0267378377	0.0872731699	0.0845726847	-0.0744138634	-0.0966196134	-0.0247586055	-0.0592926629	-0.0830354347	0.0016330814	-0.0854187469	0.0807419622	-0.0236669837	-0.0450018386	-0.0011356652	-0.0299760999	-0.0299449094	-0.1493720678	-0.0366685048	-0.1174506929	0.0336237771	0.0339226143	0.0351342637	-0.0184695542	-0.0075780077	-0.0442575084	0.1142774639	0.0846473471	0.0111043032	0.1652425861	-0.0276450517	-0.0876998819	0.074906629	0.0473326046	-0.0381994	-1.26000000000015e-05	1.5876000000003774e-10	0.00145919416036	-0.0638222	-2.439999999999387e-05	0.00407327321284	5.953599999997009e-10	0.0289143	-4.320000000000018e-05	0.00083603674449	1.8662400000000157e-09	-0.00300762	-0.0003076299999999	9.463621689999985e-08	9.0457780644e-06	0.00119316	0.0001587999999999	1.4236307856e-06	2.5217439999999985e-08	-0.000668843	0.0	0.0	4.47350958649e-07
48326.53256963654	172.63146790122846	2335453750.204141	29801.623709732878	78336.54945028982	337.69054431983386	114034.90372302568	6136614979.777702	47275.47841877583	-3.3517602337306016	11.234296664417815	2234970859.7241387	55002.95288347432	49624.42346871056	1.189457	18.316355	0.0415068999999999	0.026495	-0.0431247729	-0.0794988033	0.0483095099	0.0558710249	0.0507362501	0.0776427196	0.0534446242	-0.0240785649	-0.0210469963	0.1261508652	-0.1191543654	0.0180542989	0.0050469596	-0.1027037198	-0.0347207498	0.0446959375	-0.0531289701	-0.0952594023	-0.0242728175	-0.1120759135	-0.1217198025	0.0338628683	-0.0669018248	-0.0559351103	-0.1621886244	0.0652301829	0.0390406124	0.1202963836	0.0035836838	0.0985568486	-0.1328525224	-0.006993049	0.0495056596	0.0449571721	-0.0323040992	-0.0587861677	0.0515842789	0.0819255088	0.0282537418	-0.1373069562	-0.0876998823	-0.0997383631	0.0373386653	0.0112815061	-0.0477120642	0.0998313699	-0.1214285946	0.0864169077	0.0131346193	0.0580124724	-0.1126854832	0.0240077346	-0.0386018126	0.0265992757	0.1011246505	-0.0052717145	-0.0355407357	0.0674001286	0.1442777933	-0.0281052966	0.1399400716	0.0695393276	-0.0734228801	0.0446394727	0.0538843009	-0.0059677971	-0.0368637047	-0.0206782625	0.1099332013	-0.1021011341	-0.0292748789	-0.0858914684	0.0782907735	0.041213081	-0.0381868	1.26000000000015e-05	1.5876000000003774e-10	0.00145823169424	-0.0604051	0.0034170999999999	0.00364877610601	1.1676572409999948e-05	0.0198541	-0.0090602	0.00039418528681	8.208722404000001e-05	-0.00258608	0.0004215399999999	1.776959715999998e-07	6.687809766400001e-06	0.00103436	-0.0001587999999999	1.0699006096e-06	2.5217439999999985e-08	-0.000668843	0.0	0.0	4.47350958649e-07
48405.2756966206	78.74312698405993	2343070715.265849	6200.480047227787	77522.780593708	-813.7688565818244	662219.7519424899	6009781510.980189	47287.07624451188	11.5978257360548	134.50956180389508	2236067579.75428	54887.446434548445	49978.54152416246	1.229473	18.932556	0.0161641	0.0091502	0.0321012854	0.1186152617	0.0358347283	0.0316915039	0.0934777414	0.035370276	-0.0827643788	-0.065156399	-0.0456709326	-0.0579802177	-0.0131081885	0.0758102577	-0.0599712312	-0.090060119	-0.0372145176	0.0973607313	0.1386187284	0.036738274	0.0743128886	0.0193261392	0.0146746598	0.0747968898	0.0269443308	-0.0355610747	-0.0235645923	0.1179325872	-0.0102898785	0.0589889069	0.1196109752	-0.161602818	0.0081599581	0.0032256727	0.0632101697	0.0283104674	-0.0427086827	-0.0346470775	0.0108812634	-0.0065564889	0.1060019821	0.0298391115	-0.0407527398	-0.0353384309	0.0122244576	-0.0479731319	0.0740465669	-0.075631246	-0.0124396243	-0.0929178249	0.1225397895	0.033987134	-0.0402292032	-0.0316813723	-0.0877059706	0.1649983944	0.0523073168	-0.062020278	-0.1245855223	-0.0229720118	0.040501168	0.0036759246	-0.0080102095	0.0728944422	-0.0196777889	0.0487518397	0.0720145502	0.0463845122	-0.1616853005	-0.0092816602	0.0182613535	0.0232249322	-0.0308967027	-0.0839891338	0.0814823178	0.034913343	-0.0381868	0.0	0.0	0.00145823169424	-0.0637978	-0.0033926999999999	0.00407015928484	1.151041328999999e-05	0.0127782	-0.0070758999999999	0.00016328239524	5.006836081e-05	-0.00269999	-0.00011391	1.2975488100000012e-08	7.289946000100001e-06	0.00103436	0.0	1.0699006096e-06	0.0	-0.000668843	0.0	0.0	4.47350958649e-07
48364.56025221814	-40.71544440245634	2339130688.390439	1657.7474128895135	77999.0377936688	476.2571999608044	226820.92051450565	6083849896.738174	47403.405584161934	116.32933965005212	13532.515263417192	2247082860.976555	55054.49254883763	50375.44803322871	1.228038	18.91045	0.0207439999999999	0.0141463	0.0105362489	0.0123104874	0.0569928382	-0.1634898857	0.0686431571	-0.073371704	-0.0740895959	-0.0392112651	0.0197892363	-0.0409177743	0.0600229294	0.0468289542	-0.0666627409	0.0568811293	0.1731932186	0.0829668865	-0.0091927378	0.0676550484	-0.0395510714	-0.0207546048	0.0534718023	0.0562698922	-0.0013841896	0.0623567819	0.0424264487	0.1257342696	-0.0423674735	-0.1265298232	0.0112776484	-0.1045179363	-0.0563058022	-0.0789371617	0.0379874515	0.0553647039	0.0079659031	0.0839320963	-0.0100721169	-0.089284578	-0.0109377318	-0.0285106738	-0.0647954349	0.0641328248	0.0287833067	0.0569350802	0.0467284576	-0.1085075064	0.0111970773	0.137904838	0.0300718719	-0.0525446295	-0.0307257869	0.0135801947	-0.1242847159	-0.0002142825	-0.064336589	-0.1568788406	-0.1341442353	-0.0588230911	-0.0722402517	-0.017674159	0.0539339292	0.0122885829	-0.0446367195	-0.0623426778	0.0536917847	0.0115448671	0.0102723213	-0.0820344043	-0.1152443835	0.0427854392	-0.0325100797	-0.0819949584	0.0844734105	0.0284609379	-0.0381868	0.0	0.0	0.00145823169424	-0.0517737	0.0120241	0.00268051601169	0.00014457898081	0.0139451	0.0011669	0.00019446581401	1.3616556100000006e-06	-0.00285105	-0.0001510599999999	2.281912359999992e-08	8.1284861025e-06	0.00103436	0.0	1.0699006096e-06	0.0	-0.000668843	0.0	0.0	4.47350958649e-07
48284.500235734085	-80.060016484058	2331392963.014605	6409.606239427638	78394.89784771226	395.86005404345633	156705.18238728817	6145760008.55324	47444.007949703	40.60236554106814	1648.5520875305174	2250933890.331481	55280.3114901564	49980.71141352091	1.056349	16.266634	0.0121113999999999	0.010358	-0.0262413021	-0.0180778418	0.0384310745	-0.0994522431	-0.0085554828	-0.1177356861	-0.0505184492	0.0471983261	0.1191124817	0.0261240152	0.087033053	-0.0216135394	-0.013541056	0.0915577997	-0.0167957622	0.075879599	-0.0240743768	0.1150771406	-0.0834716331	-0.0707567191	0.0441681696	0.0340782242	-0.0208709308	0.0644457021	0.0118080801	-0.0660815901	-0.0720019492	-0.10258039	-0.0339167073	0.029087715	0.0214204238	0.0067969966	0.0179163458	-0.0115678356	0.0721335199	-0.0121497511	-0.0695495283	-0.0710575658	0.1239153907	0.0663617685	0.0145748901	0.1340987969	0.0128757033	0.1290454784	-0.0411927733	-0.0008184428	-0.0676070453	0.0302608768	0.0112824876	-0.0537362868	-0.0136247168	-0.1510220045	0.0567853836	0.0776441217	-0.0393822373	-0.1059106663	0.0013386422	-0.0633366117	0.0538840342	0.0577973396	0.0591682912	0.0118313309	-0.0535883428	-0.0690170376	-0.1149959036	0.0582002065	0.0240328956	-0.0079337796	-0.0607871566	0.0104881476	-0.0341145687	-0.0799111227	0.0872566935	0.0218840804	-0.0381868	0.0	0.0	0.00145823169424	-0.0527587	-0.0009849999999999	0.00278348042569	9.702249999999997e-07	0.0125832	-0.0013619	0.00015833692224	1.8547716100000027e-06	-0.00265576	0.0001952899999999	3.8138184099999955e-08	7.0530611776e-06	0.00103436	0.0	1.0699006096e-06	0.0	-0.000668843	0.0	0.0	4.47350958649e-07
48195.456053253154	-89.04418248093134	2322801984.181056	7928.8664336974	78428.07424500168	33.17639728942595	1100.6733371058294	6150962829.779496	47295.93186660641	-148.07608309659554	21926.526385229867	2236905171.130676	55034.48502350597	49505.01634702724	1.057696	16.287376	0.0582385	0.0288301	-0.0653112848	-0.101008247	-0.0151362741	-0.0463444105	-0.0897932266	-0.0192154812	0.0612813619	0.1642515509	0.0484110465	-0.0459152965	0.0203660319	0.1052032702	-0.0444036682	0.0551807151	-0.0392319667	-0.0455443225	-0.0520590008	-0.1004968471	0.0620433567	0.0060865399	0.1557071272	0.1234384346	0.0179161568	-0.059670476	0.0378021126	-0.0373743305	-0.0428186066	-0.0399951483	0.0760398114	-0.0450359366	0.0142301678	0.1422765787	0.0793380826	-0.0655590666	-0.0698103879	-0.0366835676	0.0644337189	0.014158945	-0.0311689706	-0.158458911	0.0184153603	0.0372940735	0.0374848754	0.0363322903	-0.1466257215	-0.0204854835	0.0581401354	-0.0276497852	0.089488298	-0.0670816114	0.0667197188	-0.0210719154	-0.1075454118	0.0063750337	0.0164860333	0.123853745	0.055968767	-0.0509983917	-0.019073788	0.0334562339	-0.0999617737	-0.1066005423	-0.0127864264	-0.076206658	0.0722554167	-0.1212708919	-0.0170633354	0.0485891764	-0.0624052025	-0.0606330966	-0.0357097311	-0.0777399053	0.0898253196	0.0152115293	-0.0478628	-0.0096759999999999	9.362497599999996e-05	0.0022908476238399	-0.0637863	-0.0110276	0.00406869206769	0.00012160796176	0.0289231	0.0163399	0.00083654571361	0.00026699233201	-0.00292151	-0.0002657499999999	7.062306249999997e-08	8.5352206801e-06	0.00119251	0.0001581499999999	1.4220801000999998e-06	2.501142249999997e-08	-0.000668843	0.0	0.0	4.47350958649e-07
48152.97255645843	-42.48349679472449	2318708766.023039	1804.8474999073655	78412.22152042731	-15.852724574375316	251.30887643100303	6148476483.768563	47235.30557124871	-60.6262953576952	3675.547688798494	2231174092.40924	54957.27330817916	49366.06506880715	1.092828	16.828373	0.06946915	0.0338348	-0.0595815657	-0.0732220088	0.0128953191	0.1094341807	-0.1059878327	0.048634922	0.1120847745	0.0092659997	-0.0305670866	0.0843485006	-0.0995877852	0.0310780679	0.0649397548	-0.0221969449	-0.1100741822	0.0365825598	-0.0662624289	0.0448431909	-0.0230611238	-0.0280711208	-0.1017653491	-0.1899645877	-0.1337174652	0.0007730847	-0.1405369887	-0.0844469998	0.1523935841	0.0262165701	0.0392483054	-0.0776007174	0.0363449918	0.0210520592	-0.1125868391	-0.0027897029	-0.0202101773	-0.0263682194	0.0825600196	-0.0441073152	0.0905442968	-0.035471932	0.013093649	-0.0761278501	0.0326373597	-0.0215798166	-0.0791391776	0.1132682901	-0.0406245528	0.0144905841	0.0025494809	-0.0738914103	-0.1522032261	-0.0058572734	0.0889628385	-0.0233312028	0.0502127429	-0.0076299147	-0.0709274145	0.0756095769	-0.0672802941	0.0979916498	0.0112706933	0.0246753412	-0.0043267319	0.0782830221	0.0629342165	0.0754319095	0.0555279977	-0.1234329383	0.029664382	-0.0930803336	-0.0372951309	-0.0754836805	0.0921729699	0.0084724621	-0.0381692	0.0096935999999999	9.396588095999994e-05	0.00145688782864	-0.0398647	0.0239216	0.00158919430609	0.00057224294656	0.0233327	-0.0055903999999999	0.00054441488929	3.125257215999999e-05	-0.00316191	-0.0002404	5.779216e-08	9.9976748481e-06	0.0008334339999999	-0.000359076	6.946122323558333e-07	1.2893557377607178e-07	-0.000674638	-5.794999999999954e-06	3.3582024999999465e-11	4.55136431044e-07
48316.69413512504	163.7215786666129	2334502932.147227	26804.75532108792	77659.35443093358	-752.867089493724	566808.8544427512	6030975330.629364	47301.72385879391	66.4182875451952	4411.388920436231	2237453080.0135927	54865.976254412126	49721.62571003343	1.187441	18.285299	0.0801045499999999	0.0400988	-0.069416136	0.0824125637	-0.0990826892	0.1077354732	0.0226970221	0.1064095561	-0.0831786553	-0.010477263	-0.0595313257	-0.0038487516	-0.0181045824	0.1014752627	-0.0746295338	-0.0149458876	0.1278287653	-0.1139415125	0.0590820642	-0.0792134509	0.0696006574	0.0897838268	0.070043245	-0.1119983991	0.0981730777	-0.0490089474	-0.0563911013	0.159075841	0.0747762355	0.0041724033	-0.0832513498	0.0758623599	0.0148721623	-0.0034211739	0.0139779545	0.054837607	-0.0220284216	0.0304017909	0.1268835198	-0.0963732051	0.0586662867	-0.0086916879	0.0115426187	-0.0744124751	0.0712750459	-0.037026483	0.0573157351	-0.101748468	-0.0685240159	-0.0304478839	0.0802166013	0.0144447362	0.05872938	0.0377896114	0.0715455535	0.0291137582	0.0138047457	0.1988216578	0.0143609358	-0.1007519068	0.0172970555	-0.0319703511	0.1087790033	0.1425754165	0.1303882382	-0.0548949701	0.1166940373	0.0965076563	-0.0637449122	0.0399982281	0.1422828872	-0.0261521366	-0.0388703345	-0.0731449155	0.094293869	0.0016963469	-0.0380378	0.0001314	1.726596000000098e-08	0.0014468742288399	-0.0641928	-0.0243280999999999	0.0041207155718399	0.0005918564496099	0.0037152	-0.0196175	1.380271104e-05	0.00038484630625	-0.00281791	0.000344	1.1833600000000009e-07	7.940616768099999e-06	0.00113087	0.000297436	1.2788669569e-06	8.846817409605947e-08	-0.000595523	7.911499999999994e-05	6.25918322499999e-09	3.546476435290001e-07
48574.296722734005	257.6025876089625	2359462302.108208	66359.0931428332	78343.96142140597	684.6069904723845	468686.7314036556	6137776291.198747	47378.93787529055	77.2140164966404	5962.004343543455	2244763754.190641	54917.47860310674	50525.65652185965	1.233193	18.98983	0.0437645899999999	0.0280096	0.0158891503	-0.0401407677	-0.1310246425	-0.0098063141	0.1027064946	0.1423796456	-0.0273820738	0.0708880087	0.1577527007	-0.1113568991	-0.1095297992	-0.0680932653	-0.0489587664	0.0593096044	-0.1184950759	0.0104760476	0.0970967607	-0.0132898648	0.1237496878	0.038218536	0.0799446529	0.07032922	0.0456703274	0.0042166335	0.2229865568	-0.0558936296	-0.0309114591	0.0074210738	-0.0005970506	-0.0262444831	-0.0655344046	-0.1360513675	0.1493417376	-0.0125848944	-0.0217095972	-0.0054822473	0.0023633868	0.0520237125	-0.0966901119	0.0082161922	0.0891332512	-0.1278602984	-0.0699537796	0.1051821824	-0.0120674871	-0.040728279	0.1959790805	-0.0393261904	-0.0194735463	0.0486542334	0.0955265765	0.0295849487	-0.0103940324	0.1758520039	-0.0009913135	0.1198042171	0.0365304442	0.0772236674	-0.0510899421	-0.00853655	-0.025232032	-0.0438450829	-0.0520977574	-0.0014544748	-0.0093743512	-0.0216313874	0.048477264	-0.0378255008	-0.1634578569	0.0777910309	-0.0404349114	-0.0707261675	0.0961827994	-0.0050871859	-0.0481203	-0.0100825	0.00010165680625	0.00231556327209	-0.0896003999999999	-0.0254075999999999	0.0080282316801599	0.0006455461377599	0.00371471	-4.900000000001258e-07	1.37990703841e-05	2.4010000000012325e-13	-0.00276185	5.60599999999997e-05	3.142723599999967e-09	7.6278154225e-06	0.00124029	0.00010942	1.5383192841e-06	1.1972736400000013e-08	-0.000595523	0.0	0.0	3.546476435290001e-07
48667.7502341738	93.45351143979497	2368549912.855924	8733.558800427889	78348.85040217574	4.888980769770569	23.90213296718643	6138542359.342514	47561.84331014334	182.9054348527934	33454.39809868945	2262128939.0586267	55125.632565268985	51015.0298488567	1.266651	19.505049	0.0887392599999999	0.0544616	0.1594896261	-0.1244588614	-0.002035399	0.0102191087	0.0817411088	0.0634275625	0.0939717314	-0.1392014073	0.0727263611	0.0655505466	0.0664917661	-0.0889146579	-0.2170033342	0.0087907948	0.0274751773	-0.023411093	0.0468070488	-0.0762396418	-0.0249852364	-0.067938435	0.0228950216	0.0259325027	-0.0986219344	0.0206985617	0.0245630519	-0.0598870522	-0.006578111	0.0510495151	-0.1655650303	0.0516651347	-0.2149047541	0.0222161624	-0.0586324382	-0.0365976656	0.0690418679	0.1976784914	0.0362445101	-0.0328758353	0.115692895	0.1156435698	0.0399374585	-0.0303937327	-0.1758038626	0.0420977084	-0.0229106654	-0.1048868415	-0.079858018	0.1042716109	0.0882316644	0.0955714248	0.0209316364	0.0963088654	-0.0114214717	-0.054639417	0.0279000104	-0.0197291606	-0.0518751103	-0.0418469442	0.0517277239	0.0147562566	-0.0570442732	-0.1032565938	0.0074118558	-0.1677998881	-0.1433707939	0.1498303513	-0.0144992819	-0.0196144639	0.025657422	-0.0892287844	-0.0419884337	-0.0682300815	0.0978351141	-0.0118484738	-0.0380083	0.0101119999999999	0.0001022525439999	0.00144463086889	-0.0447505	0.0448498999999999	0.00200260725025	0.0020115135300099	-0.0076406499999999	-0.0113553599999999	5.837953242249847e-05	0.0001289442007295	-0.00231341	0.00044844	2.0109843360000002e-07	5.3518658281e-06	0.00124029	0.0	1.5383192841e-06	0.0	-0.000595523	0.0	0.0	3.546476435290001e-07
48521.97566268103	-145.77457149277325	2354382122.20981	21250.22569390166	78816.44464045699	467.59423828125	218644.3716738224	6212031945.762221	47513.35567858988	-48.4876315534566	2351.05041366376	2257518967.840189	55270.792460975536	51025.87310337916	1.20263	18.519196	0.03557145	0.0209657	0.1575425805	-0.004518931	0.0488409133	0.0344220517	-0.0130812412	-0.1080342011	0.1028113474	-0.109581072	0.1060987105	-0.0364744689	0.077546744	-0.161577143	0.0956995069	-0.0760260132	-0.0211998261	0.0527484581	-0.1063883299	-0.0897649505	-0.0460414632	-0.0081438757	-0.0133907357	0.0331237531	0.031431797	-0.1031108315	-0.146969119	0.0820658483	0.0817816295	0.0558805373	-0.0499244585	0.0049344576	0.0216303077	0.0692686009	-0.041461135	-0.1459329893	-0.0007131366	0.0075838639	0.0291212518	0.0803410004	-0.0869456312	0.1483480871	0.0623603395	0.0883254446	-0.1544821118	-0.0392315568	0.0526153072	0.0791001626	-0.0233320245	-0.0064534727	-0.1227510155	0.0771732344	-0.0797575065	-0.1081919733	0.0656463792	0.0127041383	0.050627437	0.0165523074	-0.0212725508	0.007880161	-0.0425303494	-0.1082287513	0.1040761482	0.0120798564	-0.0099520328	-0.0744228936	0.13091264	-0.0529887391	-0.0586708287	0.0275013674	0.0649688628	-0.0727393825	-0.0435304769	-0.0656593869	0.0992467484	-0.0185579513	-0.052809	-0.0148007	0.00021906072049	0.002788790481	-0.0510388	-0.0062883	0.00260495910544	3.954271689000004e-05	-0.0091756	-0.0015349500000001	8.419163536000001e-05	2.3560715025003097e-06	-0.00257236	-0.00025895	6.70551025e-08	6.617035969600001e-06	0.00124029	0.0	1.5383192841e-06	0.0	-0.000595523	0.0	0.0	3.546476435290001e-07
48377.74074056652	-144.23492211450505	2340405799.16147	20803.71275737733	78387.9597561744	-428.4848842825886	183599.2960586633	6144672234.735618	47371.512739701706	-141.84293888817774	20119.41931243533	2244060219.247721	55127.146668847374	50466.12392242299	1.21046	18.639778	0.04421958	0.0249502	0.0340367852	0.1056091528	0.0127494927	-0.0079593419	-0.0718913709	-0.090274118	0.0413868364	0.0407864521	-0.0684729866	-0.1180985794	0.1165129257	0.03317632	0.1085935464	-0.0334439588	-0.0134847041	-0.0513709169	0.1146579524	-0.0175624419	-0.0649759617	0.0035104236	0.0357344303	-0.056689964	-0.0579528801	0.013297352	-0.0018661359	-0.0523645727	0.1220642499	-0.0005128248	0.0650330497	-0.0891318903	0.0518010429	-0.0849167165	-0.0057354653	-0.1347848492	-0.1150460092	0.0151421096	-0.0942015923	0.0478260613	0.0463371625	0.037738447	-0.0301293416	0.0931680723	0.0167650786	-0.1316476493	-0.0217524766	0.0090489497	0.0867952988	-0.0796189133	0.0181205231	0.1314174253	0.0540871492	-0.0680320895	0.078850808	-0.0781637223	0.0070216928	0.0500332863	-0.0571447962	0.0651727984	-0.045777345	0.0411591786	0.0034411266	0.0724897809	-0.0874778289	-0.1246204245	0.0660237851	0.0885469895	0.0253719498	-0.0488780346	-0.0255259169	-0.0023658796	-0.0450606192	-0.0630168947	0.1004142296	-0.0251862796	-0.0632784	-0.0104693999999999	0.0001096083363599	0.0040041559065599	-0.0699979	-0.0189591	0.00489970600441	0.0003594474728099	0.00128198	0.01045758	1.6434727204e-06	0.0001093609794564	-0.00265903	-8.667000000000006e-05	7.511688900000011e-09	7.070440540900001e-06	0.00124029	0.0	1.5383192841e-06	0.0	-0.000595523	0.0	0.0	3.546476435290001e-07
48379.98327565072	2.2425350841949694	2340622781.752243	5.028963603845338	78093.4416110131	-294.5181451613025	86740.93782925406	6098585622.652712	47385.51636751033	14.003627808626334	196.1015918025328	2245387161.41559	55095.834832567554	50009.01010464997	1.150658	17.718885	0.07644397	0.0420689	-0.0587105259	-0.0097917448	-0.0153281097	-0.0741945342	0.0821081733	-0.0357329753	-0.0573009002	0.0801748744	0.0350911381	0.070864684	0.1049260083	0.0543676561	-0.0102023115	0.1183104071	0.0203375851	0.0489490532	0.0919171026	-0.0129038812	-0.0847697802	-0.03513893	-0.204583428	0.0695927799	0.0302050258	-0.0356081957	-0.0156820249	0.0138180926	0.0396261738	-0.0024911116	-0.0590326996	-0.0134703776	0.0089879586	0.0119330239	-0.1275498806	0.0151453431	-0.0797912453	0.0060562929	0.0093879064	-0.0368021719	-0.012260478	-0.1122767411	0.0749961949	0.0737749273	0.053367423	0.0740065532	-0.0635403979	-0.1313885414	-0.03876674	-0.0428310359	-0.1124952968	0.0858478531	0.0111414868	0.0850890422	0.1214030722	0.0156529047	0.0563548631	-0.1130822587	-0.0152308421	0.1199268958	0.0161314082	-0.0159339992	0.0199497062	-0.0881008794	-0.0719386662	-0.0089089709	0.0985811999	-0.0421758003	-0.1524793273	0.0384574859	-0.0420988138	0.013909317	-0.0465784425	-0.0603054945	0.1013346856	-0.0317044747	-0.0718546	-0.0085762	7.35512064400001e-05	0.00516308354116	-0.0654408	0.0045571	0.0042824983046399	2.0767160410000075e-05	0.0209824	0.01970042	0.0004402611097599	0.0003881065481764	-0.00327065	-0.0006116199999999	3.740790243999998e-07	1.06971514225e-05	0.00111254	-0.00012775	1.2377452516e-06	1.632006250000001e-08	-0.000728358	-0.0001328349999999	1.7645137224999996e-08	5.30505376164e-07
48532.75571266452	152.77243701380212	2355428377.0651703	23339.417511136136	78239.04842909946	145.60681808636582	21201.34547323603	6121348699.090971	47428.15677863507	42.64041112473933	1818.2046608867936	2249430055.418788	55102.36428538827	50110.33889870456	1.256509	19.348881	0.09569495	0.0540485	0.0299390839	-0.1348725766	0.0377394335	0.0358906912	0.0753758771	0.0463326616	0.1076049914	-0.0254584921	-0.0156460188	0.1230139861	-0.0693295695	-0.0805451432	0.0164764371	0.0084426772	0.0164932385	0.0282184068	-0.0830984453	-0.0886867509	-0.1521809195	-0.0870588617	0.008476466	0.0288358482	-0.0196916266	-0.0898819106	-0.13358908	-0.0100530332	-0.0963482756	-0.0797937482	0.070546459	-0.041871255	-0.0380145109	0.1232633281	-0.0876185448	-0.0470444469	-0.1113500553	-0.1029771395	0.1626767574	0.0058176763	-0.1101060537	-0.153033758	-0.023611276	-0.0421815454	-0.030455325	0.0315348132	-0.0553128857	0.1038558914	-0.0580355093	0.0633769741	0.0006802583	0.0356551122	-0.0569713633	0.0743874848	0.0226221908	-0.0230846324	0.030128895	-0.0295912736	0.1316948975	0.0045259813	-0.0245062834	0.0412262032	0.0957703684	-0.1486416707	-0.0434144744	-0.0375736923	0.0509279719	-0.1405769238	-0.1369255229	-0.0625747708	0.1352476712	-0.002436449	-0.0480835316	-0.0575281511	0.102005852	-0.0380840342	-0.0647884	0.0070662	4.993118244000012e-05	0.0041975367745599	-0.0728096	-0.0073688	0.00530123785216	5.429921344000013e-05	-0.0022258	-0.0232082	4.95418564e-06	0.0005386205472399	-0.00244178	0.0008288699999999	6.870254768999996e-07	5.962289568400001e-06	0.00131333	0.0002007899999999	1.7248356889e-06	4.0316624099999984e-08	-0.000596983	0.0001313749999999	1.7259390624999993e-08	3.5638870228900005e-07
48483.66213838534	-49.09357427917712	2350665494.3491	2410.179035505081	78144.18051967827	-94.86790942119842	8999.920237948707	6106512949.092064	47277.46555397727	-150.69122465779947	22707.84518886739	2235158749.207508	54943.0741693038	50744.88576644164	1.25345	19.301765	0.0236952	0.0157795	0.1266314196	0.0106438546	0.0363873266	0.0505546132	-0.006531396	-0.0391743154	0.0385471503	-0.0712204885	-0.0455835752	-0.0116714487	-0.0609376391	-0.0005075886	0.0892079126	-0.1027727278	-0.0753433148	-0.0683280212	0.049449871	0.125111352	-0.0315100939	0.1217804628	0.1153413319	0.1019943064	0.012159398	-0.054497291	-0.0515282337	0.0495105233	0.0016038282	-0.1777970496	-0.0113309866	0.0257799676	-0.1062065544	-0.0601193367	0.0983079467	0.0681343643	0.0132011759	0.0197999928	0.0588205647	0.0140582918	-0.1767895562	-0.0274279427	0.0289715998	-0.026600697	-0.0464131261	-0.0981800385	0.0223428442	0.0573532279	0.0405425917	-0.1408011822	-0.0709449595	-0.073515901	-0.0326839936	0.046012998	-0.1319536804	0.0879326636	-0.1194795937	0.0041011961	0.0151304193	0.0196964339	-0.0373018758	0.0525471331	0.1436250725	-0.0589982185	0.0141473473	-0.020371947	0.0149232328	-0.1314250714	-0.0259345127	-0.1015318036	-0.1433664808	-0.064026682	-0.0495754752	-0.0546879015	0.1024260777	-0.0442970619	-0.0621117	0.0026766999999999	7.164722889999985e-06	0.0038578632768899	-0.0728096	0.0	0.00530123785216	0.0	-0.0160033	-0.0137775	0.00025610561089	0.00018981950625	-0.00244178	0.0	0.0	5.962289568400001e-06	0.00145815	0.00014482	2.1262014225e-06	2.0972832400000044e-08	-0.000596983	0.0	0.0	3.5638870228900005e-07
48314.50974375384	-169.1523946314992	2334291851.779285	28612.53260957044	78256.70640120968	112.52588153141552	12662.074014422158	6124112096.765132	47278.5209395984	1.0553856211263335	1.1138388092802172	2235258542.2360444	54969.23425708983	50437.89212182724	1.220109	18.788349	0.08043942	0.0475542	0.051779879	0.0816497559	0.0126793777	0.0080085851	-0.1170353014	-0.0824727663	0.0149226321	-0.0530940105	-0.0969663137	0.0172650256	-0.0053521617	0.1214047347	-0.0558499521	-0.0119746394	0.0336753728	0.0108326794	0.0103759396	-0.0549983455	0.0750694572	0.105670819	-0.0035961795	-0.0791568815	0.0504213391	0.0161565059	0.0693487411	-0.01672657	-0.0662035356	-0.0382945004	0.0443852609	0.0928228589	-0.0121308211	0.0238514305	0.0190694383	0.1496388664	-0.0122389415	-0.0849602258	-0.0712357536	-0.0736613845	-0.0024843908	0.1135111404	0.0068566353	0.0240044942	0.034778263	-0.0843974476	-0.0041897592	-0.0578197326	-0.0610023569	-0.0460579045	-0.0081112465	-0.2335770805	0.085651909	0.0697762689	-0.0121707674	0.0290074264	0.0060695416	0.0153882339	0.0113361288	0.0858456133	-0.0908818756	0.0205093888	-0.0243168583	0.0224338983	0.0287181805	0.0969106784	0.0476411167	-0.0655582661	0.1673093178	0.1138241778	-0.1096751113	-0.0770175578	-0.0510538654	-0.0517878515	0.102594329	-0.0503163898	-0.051418	0.0106937	0.00011435521969	0.002643810724	-0.0318165	0.0409931	0.0010122896722499	0.00168043424761	0.00393982	0.01994312	1.5522181632400003e-05	0.0003977280353344	-0.00247315	-3.136999999999975e-05	9.840768999999843e-10	6.116470922499999e-06	0.00131333	-0.00014482	1.7248356889e-06	2.0972832400000044e-08	-0.000596983	0.0	0.0	3.5638870228900005e-07
48180.03482776263	-134.47491599120983	2321315756.0044203	18083.50303084295	77785.80036647346	-470.9060347362247	221752.49355099443	6050630738.652863	47302.75960017433	24.23866057593113	587.5126665151982	2237551065.791885	55022.20175572055	49810.510742454026	1.099824	16.936094	0.05874348	0.0364647	-0.0457116993	0.0570896046	-0.0317084941	-0.0373287026	-0.1073118126	-0.081230318	-0.0808080562	-0.0251355987	-0.1083865234	0.0917950475	-0.0446807411	0.0264044872	0.0568624242	0.0251272362	-0.0164989118	0.0321368993	0.0632231499	7.64425e-05	-0.0918030438	0.1049291987	-0.0398703259	-0.1469409414	-0.1043866086	0.0947039252	-0.0553015857	0.0127615939	0.0020647227	0.0025305594	-0.0091428241	-0.0612334332	-0.0109706052	0.0263853726	0.0341068818	-0.0334406986	-0.0042072109	-0.167628971	0.0136847879	0.1425340045	-0.0523448705	-0.038655279	-0.0050119102	0.0487218097	0.1327036807	-0.0232703689	0.0832095748	0.0870400353	0.0528073398	-0.0099120726	0.079300244	-0.1704925349	0.0627078302	0.1115521924	0.0012253344	-0.061207365	-0.0129025991	-0.0228949264	-0.0815893929	0.0178812115	0.0732970017	0.0350302412	0.0668259997	0.0276607873	-0.0710341487	0.1162933948	0.0455087377	-0.0332856586	0.0455880968	-0.0938420476	-0.0764550515	-0.025762089	-0.0525182979	-0.0488311722	0.1025101919	-0.056115697	-0.0576668	-0.0062487999999999	3.904750143999998e-05	0.00332545982224	-0.0633475	-0.031531	0.00401290575625	0.000994203961	0.014853	0.01091318	0.0002206116089999	0.0001190974977124	-0.00267416	-0.00020101	4.0405020100000064e-08	7.1511317056e-06	0.00131333	0.0	1.7248356889e-06	0.0	-0.000596983	0.0	0.0	3.5638870228900005e-07
48118.454780873166	-61.58004688946676	2315385690.498936	3792.102174908925	78092.05269587254	306.25232939908165	93790.4892623636	6098368694.254933	47248.62311951188	-54.136480662447866	2930.758538515592	2232432386.6896725	54912.99835876643	49384.26021259424	1.066019	16.415533	0.0170005999999999	0.00906121	-0.1036524767	-0.0181074818	-0.0511588953	-0.0128425808	-0.1053621921	-0.0013597269	-0.0414929237	0.0974853829	-0.0474098356	-0.0091326303	-0.0198018331	0.1013518917	0.0289877328	0.056829201	-0.0186922698	-0.0176558789	-0.0008284075	0.036516787	0.1060229335	-0.0350157938	0.0470353019	-0.0763670663	-0.0635731233	-0.0534843423	0.0372395631	0.0359785449	0.0932832142	0.0703069436	-0.1022749063	0.0306299959	0.0502687478	-0.0871278486	0.1873376716	0.0312486481	-0.083218691	-0.0370050819	-0.0689886093	-0.0160253127	0.0437888895	-0.0154654603	0.0252197786	-0.0063750987	0.1075289583	0.0403131202	-0.0883034432	-0.0573930022	0.048188834	-0.0281614354	-0.0114014244	-0.0503907478	-0.1312819047	0.0139923892	-0.0387370709	-0.0189812674	-0.0356454808	0.0631095621	-0.0164686118	0.0237783152	0.0075545342	0.0639578149	0.0388933789	0.1057350527	0.0759547338	-0.0033217006	-0.0105489077	0.1028336954	0.0182903439	0.1661603345	-0.0289942098	0.0302104453	-0.0539683725	-0.0458210968	0.1021738733	-0.0616696245	-0.0612059	-0.0035391	1.2525228810000025e-05	0.00374616219481	-0.0594267	0.0039208	0.00353153267289	1.5372672640000015e-05	0.0187842	0.0039312	0.00035284616964	1.5454333440000008e-05	-0.00278635	-0.0001121899999999	1.2586596099999968e-08	7.7637463225e-06	0.00131333	0.0	1.7248356889e-06	0.0	-0.000596983	0.0	0.0	3.5638870228900005e-07
48155.61910727957	37.16432640640414	2318963651.605389	1381.1871572417483	78341.55841698869	249.50572111614747	62253.10486968876	6137399775.202451	47226.6095565922	-22.01356291968113	484.5969524187602	2230352650.210806	54928.8334956183	49267.69170316338	1.066518	16.423227	0.03027245	0.0138021	-0.1045882003	-0.0720875281	-0.038487628	0.1055266081	-0.0568553854	0.1238606396	0.0671445452	0.08293251	0.0050745515	0.0119191162	-0.1371288893	0.0285791859	0.0585621112	-0.0639301272	-0.0595774239	0.0317772111	-0.0660527312	0.0227638134	0.0735990218	0.0577621516	-0.0912554862	-0.0259919574	-0.0755138631	0.1299376271	-0.0682600069	0.0655146937	-0.0799511986	-0.0148541844	-0.0232764462	-0.1008184831	0.05550203	0.0326114445	0.0548507688	-0.0085117268	-0.025943895	0.1593679643	-0.0672419524	-0.101058154	0.0451133802	0.0551597618	0.0745753354	-0.1197928951	0.0653374972	0.0108362441	-0.0644405271	0.1013646271	0.0255204741	0.0366982664	0.0193971833	-0.0947576898	-0.0934962449	-0.0288556823	0.0474812585	0.0504894405	0.0344897171	0.0305359979	-0.0179917798	-0.0029682547	-0.0658657846	-0.0611849556	-0.1532471761	0.0544544201	-0.1409960544	-0.0204819035	0.0553694249	0.0242864877	0.0334853942	-0.1396228568	0.0753405993	0.0896690992	-0.0554036926	-0.0427609166	0.1015862008	-0.0669538864	-0.0567146	0.0044913	2.0171775690000032e-05	0.0032165458531599	-0.0569785	0.0024481999999999	0.00324654946225	5.993683239999988e-06	0.0167292	-0.002055	0.00027986613264	4.223025000000005e-06	-0.00296202	-0.00017567	3.0859948900000065e-08	8.7735624804e-06	0.00144918	0.00013585	2.1001226724e-06	1.8455222500000025e-08	-0.000482944	0.000114039	1.3004893521000004e-08	2.3323490713600002e-07
48353.149441309855	197.5303340302853	2338027060.8936434	39018.232862116085	77420.63566518258	-920.9227518061087	848098.714794136	5993954826.8009405	47329.98027101627	103.37071442406886	10685.5046005424	2240127032.454789	54870.1981347371	49766.623519964094	1.218635	18.765657	0.09192176	0.0447778	-0.028456571	0.0929802337	-0.0913137193	0.1367349379	0.0459444107	0.1257236636	-0.094633077	-0.0969121251	-0.0811969211	-0.0284166618	-0.0508202383	-0.009515267	0.1112254664	-0.012395176	0.0426418741	-0.0342563396	0.1902905465	0.017073389	0.1204707794	0.0060883743	-0.0314260927	-0.0216137146	-0.0929511909	0.0344641088	-0.0001448856	-0.0778787286	-0.0434729701	-0.0084046913	-0.0890007273	0.0996838302	0.0465432352	0.0827007246	-0.1202565382	0.0147088016	0.0869418761	0.0387826577	0.0285834396	-0.0861034622	0.0486202126	-0.0263665805	0.0862808475	-0.0813254935	0.0397433446	-0.0274370499	0.1635479156	0.0229337663	0.0141326771	-0.2009925072	-0.0208410543	0.0851953074	0.0043604223	0.0541936208	0.0968206644	0.0051623182	0.0250300839	0.030297904	-0.010160054	-0.0352776296	0.0318132394	-0.0947973363	-0.0320494257	0.0220749548	0.0044662398	-0.0732776326	-0.200380791	0.1680775436	0.0228698392	0.0387988988	0.0170095604	-0.074457752	-0.0568238659	-0.0396539781	0.1007486199	-0.071945376	-0.0608224	-0.0041078	1.6874020840000015e-05	0.0036993643417599	-0.0917055	-0.0347269999999999	0.0084098987302499	0.0012059645289999	0.00220954	-0.01451966	4.882067011599999e-06	0.0002108205265156	-0.00267394	0.00028808	8.29900864e-08	7.1499551236e-06	0.00124987	-0.00019931	1.5621750169e-06	3.9724476100000027e-08	-0.0007669	-0.000283956	8.063100993600003e-08	5.8813561e-07
48422.48876559828	69.33932428842672	2344737418.254492	4807.941892775604	77687.9653687836	267.329703601019	71465.17042740867	6035419963.141319	47484.35222430269	154.37195328641974	23830.69996146456	2254763706.16164	54982.674419577655	50204.37560582057	1.258184	19.374674	0.10370999	0.0539434	-0.013710569	-0.0320374672	-0.0961564502	-0.0778160228	0.0969976132	0.0487302403	-0.1383312646	-0.0104113765	0.1119735644	-0.0136253999	0.0757746397	-0.0374456784	-0.0434597384	0.178823977	0.0855238838	-0.0014945034	-0.0001425663	-0.0543786745	-0.0119795158	-0.0616114912	0.0277377585	0.1249368321	-0.0149948342	0.0104187737	0.1187448077	-0.0522267164	0.0406989672	0.077664002	-0.0016002055	0.0818562958	-0.0392429638	-0.0728277813	-0.0568208356	0.0125141034	-0.0566567404	-0.0285786343	-0.1240615175	-0.0097004119	-0.0674541134	0.0137120039	-0.0388095939	0.0214841475	-0.0322051106	0.1333911767	0.0584270877	-0.1348587302	0.004984981	-0.0260601106	-0.067845933	0.1058276611	0.0414363139	-0.053070102	-0.0132972103	-0.069046774	0.041368263	-0.0775776185	0.025459784	0.0423011375	0.0636751906	-0.0580104737	-0.0761582724	-0.1018631824	0.0163377608	-0.02320291	-0.0343042372	0.071909755	0.1464596424	0.1389227071	0.0017514184	0.0529290438	-0.0582285042	-0.0365036785	0.0996631912	-0.0766222668	-0.0602295	0.0005929	3.5153041000000045e-07	0.00362759267025	-0.05696	0.0347455	0.0032444415999999	0.00120724977025	-0.0057607	-0.00797024	3.318566449e-05	6.35247256576e-05	-0.00216026	0.00051368	2.638671424000003e-07	4.666723267599999e-06	0.0017743	0.00052443	3.14814049e-06	2.750268249e-07	-0.000596983	0.000169917	2.8871786889000002e-08	3.5638870228900005e-07
48331.01385108465	-91.4749145136302	2335886899.8737364	8367.659985275955	78682.34068380376	994.3753150201665	988782.2671214552	6190910735.482161	47494.01865960744	9.666435304752667	93.4399715009688	2255681808.43914	55198.55431284993	50170.6632839686	1.21875	18.767424	0.02895403	0.017574	0.0344949099	-0.1033822099	0.0740386211	-0.0288825998	-0.0204389244	-0.0368644672	0.1201726387	0.0012036325	0.1218225431	-0.1159205297	0.023487777	-0.152485739	0.0561800799	-0.0138724144	-0.0776408592	-0.0354254314	0.0271843684	-0.0593611686	-0.005965342	-0.027087745	-0.0326538484	-0.083028944	0.0470757472	0.1396889789	0.1119963793	-0.0199976873	0.006398036	0.0577774625	0.102651228	-0.010619268	-0.0412665555	-0.0240350236	0.0023128998	-0.0511296934	0.0194941384	0.0095276797	0.0940806815	0.0162891081	0.0829183979	-0.0049248881	0.0310216006	0.0314839331	-0.1080301397	0.019532988	-0.0227992321	0.1434030476	0.0206984363	0.0269216488	-0.0598556045	0.0366153519	0.0675173451	-0.1151320265	0.0269575122	-0.0800051874	0.0395505284	0.025380526	-0.157153463	0.004948392	-0.0168246749	-0.0019081959	-0.1062574808	0.1430683776	0.0140403563	-0.0373609064	0.0013538385	0.0634074235	0.0282731732	-0.0272708909	-0.0122272137	0.0810546494	-0.0596172234	-0.0333134626	0.0983325849	-0.0809641079	-0.0635618	-0.0033323	1.1104223290000024e-05	0.00404010241924	-0.0484613	0.0084986999999999	0.00234849759769	7.222790168999997e-05	-0.00292017	0.0028405299999999	8.5273928289e-06	8.068610680899998e-06	-0.00244591	-0.00028565	8.159592250000007e-08	5.9824757281e-06	0.0017743	0.0	3.14814049e-06	0.0	-0.000596983	0.0	0.0	3.5638870228900005e-07
48232.45349973466	-98.5603513499882	2326369570.6040664	9714.14285823312	78278.74697230622	-403.5937114975386	162887.88396035842	6127562227.55434	47339.73878567278	-154.27987393466174	23802.27950129512	2241050868.2957315	55065.386675009126	49615.91439312931	1.088467	16.761208	0.06159843	0.0296104	-0.0057382478	-0.0437184922	0.1029283632	0.0664995875	0.0010528742	-0.0610669992	0.0696114219	-0.012976025	-0.0274222887	0.0320252019	0.066723649	0.0491876267	0.0133426685	-0.064866504	-0.0396152776	0.0018280287	-0.0236797285	-0.0036236953	-0.0057533398	-0.069527823	-0.0634848818	0.0499276142	0.0296069774	-0.0498858636	-0.0190169444	-0.0402234187	0.0231122512	-0.0404115894	0.0283139584	-0.0844757654	0.11549865	0.0920604887	-0.0565937618	-0.0593716176	0.0601963276	-0.078855398	0.1000932799	-0.0862971205	0.1057031999	0.1072899614	-0.0505755186	0.0448671087	-0.0143537157	-0.0716612747	-0.0573385213	0.0187308176	-0.1114295765	-0.0087756973	-0.0282928888	0.0470190404	-0.035896983	-0.1604495417	0.0232481351	-0.0594680534	0.102387946	-0.0585919396	-0.045583034	-0.0582509505	-0.0632708744	0.0165000177	-0.1478317897	0.0215937307	0.0018024289	0.019264458	0.0612980308	-0.0721413371	-0.0485154559	-0.0369030267	-0.1193968927	-0.0542233605	-0.0609896438	-0.030086819	0.0967600744	-0.0849519136	-0.0696638	-0.0061019999999999	3.7234403999999954e-05	0.00485304503044	-0.0661725	-0.0177111999999999	0.0043787997562499	0.0003136866054399	-0.0165294	-0.01360923	0.00027322106436	0.0001852111411929	-0.00226986	0.00017605	3.0993602500000027e-08	5.1522644196e-06	0.00146683	-0.00030747	2.1515902489e-06	9.453780090000001e-08	-0.000596983	0.0	0.0	3.5638870228900005e-07
48239.7184554895	7.264955754835682	2327070436.664894	52.7795821197201	78223.42043640793	-55.32653589828988	3061.0255745047584	6118903504.771043	47264.08744269757	-75.65134297520854	5723.125693952634	2233893961.790962	54888.544994142525	49495.62657152201	1.186221	18.266523	0.062413462	0.0359104	-0.0480808196	0.1296646653	0.0358088896	0.1027934756	-0.0337780551	0.0240493564	0.0223799851	0.0365699236	-0.0746522376	-0.0356559884	0.0248284764	0.0909681094	0.0581147724	-0.0546505571	-0.0014156868	-0.0371173076	-0.1398159472	0.0798290994	-0.0671622606	-0.0833630267	0.0377939555	0.0639818007	0.004715381	-0.0451068704	0.0869274002	0.0616906221	-0.1591556625	0.158532213	0.0349480292	0.0102054231	0.2191381207	-0.0465681969	0.1091285159	0.0046328341	-0.0073308261	0.1716356954	-0.0915454814	0.0958321073	-0.1290727716	0.0728059969	-0.0342623536	-0.0303065633	0.0409798538	-0.1235933201	-0.0492398934	-0.0671648115	0.0028844582	-0.0085728191	-0.1170052685	0.0370796577	-0.0016310561	-0.141604607	-0.0148194036	-0.0157199656	0.0264510815	0.0096675452	0.1967423688	0.0025261551	-0.007452681	0.108268201	-0.0589094351	0.0893622147	-0.1420581325	-0.0379525879	0.0086252623	-0.0433603635	0.0479729077	0.043392247	0.0710709856	0.1817311847	-0.0623453902	-0.0268272759	0.0949495281	-0.0885682462	-0.0679296	0.0017341999999999	3.00744963999997e-06	0.00461443055616	-0.0619536	0.0042188999999999	0.0038382485529599	1.779911720999998e-05	0.000931462	0.017460862	8.676214574439999e-07	0.000304881701783	-0.00274238	-0.00047252	2.2327515040000015e-07	7.5206480644e-06	0.0017743	0.00030747	3.14814049e-06	9.453780090000001e-08	-0.000596983	0.0	0.0	3.5638870228900005e-07
48340.07834744349	100.35989195398724	2336763174.636975	10072.107913015994	77917.88489775846	-305.5355386494776	93351.96537782636	6071196786.940335	47312.207939211	48.120496513431135	2315.582184699138	2238445020.083141	54923.04148346215	49944.63727592902	1.10671	17.042135	0.057778162	0.0317704	-0.0655506095	0.068369463	-0.0370271826	0.0135924216	0.0516261667	0.026900349	-0.0535412455	-0.0121169614	-0.0662438489	0.0328384687	-0.015664678	0.0799945557	-0.0368917249	-0.0273858041	0.0930981616	0.0043354239	-0.0235174389	0.0063320172	-0.0818433646	-0.1468705102	0.0775194476	-0.0118689292	0.0952975327	-0.030769543	0.0395561741	-0.0656868641	-0.0121580574	0.0697844104	0.0056385457	-0.0409744654	0.0819888531	0.0053053554	0.0295820009	0.083160739	0.1102610936	0.0025629123	0.0001596965	0.0411112499	-0.1191232108	-0.0230056616	0.019331468	-0.0443531049	0.0638989293	-0.0263597446	0.0403743659	-0.0665860439	-0.0609046786	0.1176542274	-0.0454715889	0.0739988057	0.0801022028	-0.0439788724	-0.077160335	-0.0425868378	0.0604924521	-0.0386804001	0.0069204972	-0.1317992296	0.0122468101	0.0966371343	0.0385608264	0.0474135071	-0.0054042498	0.0733766934	-0.0502898758	-0.1802792819	-0.0268016246	0.0783151407	0.0538679491	-0.0026716612	-0.063684092	-0.0235383975	0.0929054001	-0.0917972923	-0.0652261	0.0027035	7.308912250000062e-06	0.0042544441212099	-0.0683111	-0.0063575	0.00466640638321	4.041780625000003e-05	-0.0165422	-0.017473662	0.00027364438084	0.0003053288636902	-0.00234955	0.0003928299999999	1.5431540889999986e-07	5.520385202500001e-06	0.00154226	-0.0002320399999999	2.3785659076e-06	5.38425616e-08	-0.000596983	0.0	0.0	3.5638870228900005e-07
48565.96577390101	225.88742645752063	2358653031.551724	51025.1294316018	78112.4745126813	194.58961492285016	37865.11823582311	6101558674.494287	47343.27127453512	31.063335324113723	964.9308014583314	2241385334.9742217	54986.467981682086	50619.78254879614	1.192888	18.369184	0.0659747499999999	0.0395846	0.0005269386	0.0246119228	-0.0958109855	-0.0231590189	0.142603275	0.0704550228	-0.0847706764	0.0610348652	0.0272135816	-0.0516361161	-0.025069281	0.0649227092	-0.1203780354	0.158394655	0.0792626539	0.0070075855	0.0332814083	-0.051613858	0.0103548921	0.0424066635	-0.0288656849	-0.0221815983	-0.0277025307	-0.0318888302	0.0724789736	0.0335634107	0.1305757	-0.0896773867	0.0261942588	-0.0479952523	0.1162384179	-0.0648953864	0.005212069	-0.0531971604	0.0287950433	-0.0286797284	0.02708726	0.1575100569	-0.0621854775	0.0190295248	-0.0752991594	-0.0638996676	0.0296642644	0.088259088	0.0234750082	-0.1613593586	0.0209126658	0.0033778521	0.0762332426	0.1262064409	-0.0235633812	0.0775540423	0.0620767159	-0.0758129176	-0.1037542295	0.1389995666	-0.0331922212	0.1684086495	-0.0807183212	0.0684957509	0.1137272532	-0.0024143437	0.1140863494	0.1264342813	-0.0048872123	-0.0961093234	-0.0905969716	-0.0403228305	-0.0907316011	0.0780079916	-0.0650053833	-0.0202237803	0.0906327191	-0.0946249323	-0.0678341	-0.0026079999999999	6.801663999999996e-06	0.0046014651228099	-0.101343	-0.0330319	0.010270403649	0.00109110641761	-0.0165771	-3.49000000000009e-05	0.00027480024441	1.218010000000063e-09	-0.00268326	-0.0003337099999999	1.1136236409999977e-07	7.199884227599999e-06	0.0016328	9.054000000000006e-05	2.66603584e-06	8.197491600000012e-09	-0.0007787319999999	-0.0001817489999998	3.303269900096364e-08	6.064235278238443e-07
48676.42466964646	110.45889574545436	2369394318.6197667	12201.167649305156	78308.29111538139	195.81660270008436	38344.14189300268	6132188457.41132	47529.952608471074	186.6813339359578	34849.920440108595	2259096394.963506	55108.8721530398	51053.75864193845	1.313699	20.229548	0.1192804499999999	0.0684789	0.1123928318	-0.0992636475	-0.0469555753	-0.0897803738	0.091781286	0.0485072601	0.0187720342	-0.0001148975	0.1758837281	-0.00422371	-0.0421300725	-0.1697364045	-0.0770322012	0.0553940671	0.0125021335	-0.1344956362	0.0691572454	-0.1202119161	-0.0393353405	0.0912141295	0.1320582709	-0.0228232521	0.1003860512	0.0915976432	-0.0557308503	-0.0203667811	-0.0066431189	0.1108340275	0.0643174013	0.0509518383	-0.0939985416	-0.0417239923	0.0017043758	0.0932234462	-0.0623648254	0.0516005425	0.0060708921	-0.057361702	0.0010227272	-0.0724367156	0.0675134823	-0.0532610752	-0.152500079	0.10526919	0.0109065557	0.0509158571	0.0722942533	0.0451705874	-0.0400108347	-0.0224058436	0.2088391286	0.0556227418	-0.0735516132	-0.0238998285	-0.1004126173	0.1384576075	0.0398947123	-0.021517666	-0.0583013016	-0.0540303331	0.0272517513	-0.0538057453	-0.0445094557	-0.019137784	-0.0241227106	0.0360028104	0.0919323931	0.0761490888	0.1268644853	-0.0299434806	-0.0663089027	-0.0168870486	0.088137076	-0.0970388015	-0.0561811	0.0116529999999999	0.0001357924089999	0.0031563159972099	-0.0447246	0.0566184	0.00200028984516	0.0032056432185599	-0.0331622	-0.0165851	0.00109973150884	0.00027506554201	-0.00218414	0.0004991199999999	2.491207743999996e-07	4.770467539600001e-06	0.00164041	7.609999999999907e-06	2.6909449681e-06	5.7912099999998605e-11	-0.000596983	0.0001817489999998	3.303269900096364e-08	3.5638870228900005e-07
48583.45457967523	-92.9700899712334	2360352058.8953657	8643.437629259231	78609.66417100694	301.37305562554684	90825.71865707896	6179479301.078492	47512.91057996514	-17.042028505937196	290.430735597176	2257476671.779763	55257.75960777751	51206.739558990346	1.150998	17.724127	0.0952835499999999	0.0497526	0.1532121105	-0.0955329257	0.0002879905	-0.0898715922	-0.026553991	-0.088319935	0.0697304385	-0.0372272143	0.1003962651	-0.0687219297	0.0623348214	-0.1277248955	-0.0949319517	-0.0057568974	-0.1032598724	-0.0905615998	0.0959684936	-0.0005834037	-0.0616721614	0.0487934113	-0.013750459	0.0522596314	0.141054904	-0.0413119836	-0.0269361718	0.008558394	-0.0615956293	-0.0151908155	-0.039361419	-0.0395427522	-0.116895437	0.0134515429	0.0136232476	0.0577006623	0.0016827363	-0.1106609164	-0.0478942405	-0.1129900438	0.1036957826	-0.0229399908	-0.0544757782	0.0783916095	-0.1712202555	0.0398650145	-0.0270137627	0.0529887981	0.0802243867	-0.0752726946	0.1451213241	-0.0369191787	0.1300894727	0.0665663826	-0.0694420642	-0.0303469837	-0.0702121144	-0.0442641534	-0.0140375209	0.0140033407	-0.0010739279	-0.0790553785	0.0119982906	0.0331858657	0.0558419834	0.0039318934	-0.0131208565	-0.0239528612	-0.1074603529	0.102833355	-0.0515804187	-0.0318534801	-0.0675942939	-0.0135318513	0.0854246103	-0.0990283447	-0.060321	-0.0041399	1.7138772010000016e-05	0.003638623041	-0.0758863	-0.0311617	0.00575873052769	0.00097105154689	-0.0242131	0.0089491	0.00058627421161	8.008639081000002e-05	-0.00268326	-0.0004991199999999	2.491207743999996e-07	7.199884227599999e-06	0.00170776	6.735000000000009e-05	2.9164442176e-06	4.536022500000012e-09	-0.00105117	-0.0004541869999999	2.0628583096899989e-07	1.1049583688999998e-06
48393.09341559788	-190.3611640773452	2341891490.3307834	36237.37278888193	78901.34479131665	291.6806203097076	85077.5842642558	6225422209.87823	47468.16271064695	-44.7478693181838	2002.3718085172557	2253226471.124454	55276.99990491115	50731.77126848645	1.210267	18.636803	0.1089403099999999	0.0538497	0.0942530226	-0.1177193494	0.0696748403	0.0013942971	-0.1668432058	-0.0978416455	0.1550771441	0.0055966965	-0.0150039341	-0.0009784141	0.0755744156	-0.0489396384	-0.0725284946	-0.102335534	-0.1023753762	-0.0452587248	-0.0440576264	-0.0140031167	0.1212218209	-0.086027724	-0.1624657408	0.05519048	0.1180717628	0.1709866716	-0.1888888785	0.1031965552	-0.1181859096	-0.0837840484	0.0996094632	0.0075733289	0.0799452492	-0.0574245045	-0.0382285787	-0.0093396654	-0.0890296842	-0.0540144388	-0.0613900356	-0.1061404613	-0.0467652661	-0.0427450945	0.0921051078	0.0755095621	-0.0991601669	-0.0582221396	-0.1373103038	0.0345656596	-0.0593266339	0.0112505743	0.0082627919	-0.0971944525	-0.0459230026	0.1677009366	-0.0178972771	0.1077826927	-0.0249914598	0.0358265944	-0.0304539047	0.0326733513	0.0903888078	-0.1554605294	-0.0879570399	0.0148058774	-0.0875981578	-0.0039978613	0.0063082941	-0.0077398741	0.0693138562	0.0322244126	-0.0432914308	0.1363593817	-0.0688612056	-0.010161857	0.0825019948	-0.1005848622	-0.052257	0.008064	6.502809600000002e-05	0.0027307940489999	-0.0368953	0.038991	0.00136126316209	0.001520298081	0.00145571	0.02566881	2.1190916041e-06	0.0006588878068161	-0.0022427	0.00044056	1.940931136e-07	5.029703289999999e-06	0.00170776	0.0	2.9164442176e-06	0.0	-0.0007674	0.0002837699999999	8.052541289999997e-08	5.8890276e-07
48275.36902978474	-117.72438581314054	2330511254.9619	13859.031015081166	78034.74917744736	-866.5956138692854	750987.9579774836	6089422079.187121	47345.8969161609	-122.2657944860548	14948.924501306188	2241633954.795734	55037.05565740628	49604.00462161402	1.230116	18.94245	0.03714088	0.0212508	0.0199583845	0.0225138357	0.0008086054	0.1243596817	-0.1244841959	-0.0256660634	0.0410632973	-0.0116746234	-0.0944922025	0.1178901134	0.0636390609	0.0482155584	0.0230170285	-0.0746276574	-0.0112059367	-0.0306988148	0.0241350519	0.0125591607	-0.1061867596	0.0694236094	-0.0444418503	-0.0899415216	0.0271993111	0.0340911528	-0.0784302127	-0.0887703978	-0.051342383	0.1002433489	-0.1528015824	0.1431828995	-0.0720105526	0.0217595894	-0.1538048961	-0.0033190626	-0.022444623	-0.0061896625	0.0459435657	0.0977943136	0.0192967528	-0.0373132311	-0.0152884375	0.0577416688	0.0099272773	-0.0911844745	-0.0560801358	0.0005859131	-0.0643790584	-0.1429449459	0.0194630026	-0.0197590188	0.0274210302	0.0535465443	0.054261936	0.0210260352	-0.0418799481	0.0570882332	-0.0248494413	-0.0588305445	0.0317856521	0.0747188862	0.0860521198	-0.1562906502	-0.0006182226	0.2281215971	0.0344180076	0.1085942774	0.0134212206	-0.0109530783	0.0975354506	-0.0202311711	-0.0701092912	-0.0067807509	0.0793764193	-0.1017015476	-0.0594785	-0.0072214999999999	5.215006224999998e-05	0.0035376919622499	-0.0536039	-0.0167086	0.00287337809521	0.00027917731396	0.00163129	0.00017558	2.6611070641000003e-06	3.0828336400000024e-08	-0.00201069	0.0002320099999999	5.382864009999997e-08	4.042874276099999e-06	0.00170776	0.0	2.9164442176e-06	0.0	-0.000738706	2.8694000000000007e-05	8.233456360000003e-10	5.45686554436e-07
48290.27696156081	14.907931776069743	2331950849.024251	222.24642983995005	77697.97621072749	-336.7729667198728	113416.03111330456	6036975507.242775	47257.56949735279	-88.327418808105	7801.7329133023795	2233277874.797129	54884.51345697419	50091.41553120842	1.208686	18.612452	0.10325731	0.0652377	-0.0473777217	0.0721841548	-0.1288041308	-0.0108200664	-0.0942350721	0.0292745094	-0.0698413044	0.0391668012	-0.1562557814	-0.0439606953	0.0052062921	0.1442386463	-0.0305412512	0.0550967922	0.092949611	0.021788348	-0.0620974434	-0.0559404387	-0.0358821115	0.0080437029	0.019066226	0.0768536496	0.0119364945	0.1356002731	-0.0315510751	-0.0227449594	0.0157747022	-0.0568599371	-0.0349389995	0.0869997026	-0.068725705	0.0059420922	-0.0222937413	0.02864515	-0.0714815337	-0.0156429987	-0.0319360128	0.0714449799	0.1153010034	0.0076254811	-0.1554291547	-0.0215172434	0.1270830196	-0.0581119577	0.0035200044	-0.1017391627	0.023253756	0.0451089187	0.0529001631	-0.0742973355	0.0312957967	0.0762528018	-0.0037773121	-0.039598608	-0.0360971562	-0.0382952138	-0.0124940447	0.0541729528	0.039217798	-0.0418454188	0.0038870014	-0.073851641	0.0539669327	-0.0113636859	-0.0261023752	-0.0339569975	0.0707553141	0.0574555957	0.1628483315	-0.039454574	-0.0713382097	-0.0033922301	0.0760555728	-0.1023735181	-0.0591015	0.0003769999999999	1.4212899999999652e-07	0.00349298730225	-0.0661915	-0.0125875999999999	0.00438131467225	0.0001584476737599	0.0244218	0.02279051	0.00059642431524	0.0005194073460601	-0.00304828	-0.00103759	1.0765930081000003e-06	9.2920109584e-06	0.00170776	0.0	2.9164442176e-06	0.0	-0.00105116	-0.000312454	9.7627502116e-08	1.1049373456e-06
48391.33464068113	101.05767912032024	2341721268.306385	10212.65450918561	78055.58134345598	357.60513272849494	127881.43095376447	6092673778.864874	47375.35647759556	117.78698024276672	13873.77271470992	2244424401.379256	55044.37799339703	50072.44026124113	1.293324	19.915783	0.0786949	0.0610278	0.0037431732	-0.0900351619	-0.0800161218	0.0166314076	0.0062823309	0.0428455266	-0.0096141681	-0.0007543817	0.0410307916	0.136140295	-0.1361215274	-0.0536274183	-0.0124288954	0.1264110809	0.0103125615	-0.0356747946	-0.0361020603	0.0526604643	-0.0141345353	-0.0046204785	0.0124552586	0.0254502424	-0.0833181418	-0.2084255289	-0.0189735728	0.0702333188	0.0146443	-0.0906340826	0.0072609166	0.0413653765	0.0006533538	0.0293572068	-0.0344013119	-0.1456205358	0.1017124069	0.0003469204	0.0046119231	0.0440063975	0.0897959291	0.0033138755	0.0366607769	-0.0764703728	-0.0101011301	0.1317901458	0.006872632	0.0771308667	-0.0293905156	-0.0666593951	-0.0500956463	-0.0675062686	0.0324241573	0.0411321416	0.0158344616	0.0064132049	-0.033118142	-0.0287351839	0.0933937415	-0.1309299065	-0.0682986863	-0.0652782121	0.124954627	-0.0826058808	0.0817632807	-0.0034384749	-0.0292934562	0.0105218485	-0.0285449214	-0.1089295799	-0.02508635	-0.0984518659	-0.072547625	0.0	0.072547625	-0.1025978352	-0.0591015	0.0	0.0	0.00349298730225	-0.066155	3.649999999999487e-05	0.004376484025	1.3322499999996255e-09	-0.0176486	-0.0420704	0.00031147308196	0.00176991855616	-0.00231652	0.00073176	5.354726976000002e-07	5.366264910399999e-06	0.00170776	0.0	2.9164442176e-06	0.0	-0.00105116	0.0	0.0	1.1049373456e-06
48482.76429990196	91.42965922082658	2350578434.159848	8359.382585236479	77904.53296335966	-151.04838009632658	22815.61312972435	6069116256.239191	47423.52366751679	48.1671899212306	2320.078184907899	2248990597.043525	55021.87889864289	50514.52660439837	1.194209	18.389524	0.0301598	0.0184588	0.0848661402	-0.0113356954	-0.0224811997	0.0617534488	0.0191384093	0.0572989952	0.0579648763	-0.0611613849	-0.0768423289	-0.0480078852	-0.0780794317	-0.1084564841	-0.0115735764	-0.0761554379	-0.0375346765	0.1384354993	0.0848917415	0.2427090754	0.0871406197	0.0087633636	0.0266392385	-0.0426239695	-0.0019629279	-0.0103770036	0.0943754931	-0.0676964314	-0.0784463119	-0.009675737	-0.0524988762	-0.0207713383	-0.0394120819	0.0864249482	-0.0891971377	0.0537281199	0.0390107351	-0.0007758213	0.072251691	0.0207751706	0.0322640194	-0.0895340001	-0.0056470453	-0.0750957742	-0.0703353875	-0.0476733891	0.0386278245	0.0534137752	0.1053356678	-0.0009364764	0.0747571282	-0.0306841913	-0.1574795018	0.020919861	0.0938225044	0.1475302873	-0.1250048255	-0.1362432089	0.0511553841	-0.0769677324	0.008465093	0.0470751357	-0.1001222444	-0.0947570738	0.1242423677	0.0643719001	-0.1223667278	0.0342143684	-0.1030191008	-0.0254927043	0.0490379292	0.0366560699	-0.0737372065	0.0033922301	0.0688612056	-0.1023735181	-0.0665237	-0.0074222	5.5089052840000056e-05	0.00442540266169	-0.0797383	-0.0135832999999999	0.00635819648689	0.0001845060388899	-0.0176584	-9.80000000000078e-06	0.00031181909056	9.604000000001528e-11	-0.00249941	-0.00018289	3.3448752100000085e-08	6.2470503481000005e-06	0.00170776	0.0	2.9164442176e-06	0.0	-0.00105116	0.0	0.0	1.1049373456e-06
48496.7117913756	13.947491473642003	2351931054.5757494	194.5325184073164	77988.68997378332	84.15701042365981	7082.402403447986	6082235763.82689	47468.499176782025	44.975509265234	2022.796433667149	2253258414.096156	55164.40777522517	50828.06523645393	1.181898	18.199945	0.0450672999999999	0.0324403	0.070025626	0.0855689221	-0.0116838793	-0.1028549891	0.0587290409	-0.0333809388	-0.0671239928	-0.0868512771	0.0241438964	-0.0755273114	-0.0462651041	-0.1367748612	0.0276698301	-0.078334239	0.1790585553	-0.0732179141	0.0207263536	-0.0471841022	0.0306042146	0.0926090066	0.0656237181	-0.0534466975	-0.112191008	0.0050549733	0.0273178158	0.1613341412	-0.0023315701	-0.0388357491	0.1046830536	-0.0774521451	0.1121684671	-0.0221329722	-0.0746925125	0.0776171762	0.0527078195	0.0613560788	0.0951551493	0.0148026136	-0.0499318707	0.0316929407	0.0099445652	0.0254160203	-0.041285486	-0.0162814177	0.1630396967	0.0910550286	0.0323086957	0.0986326435	0.0284926691	-0.0435460887	0.0193283919	0.1333698259	-0.0559674849	0.0088165583	-0.0556708859	-0.0225888124	0.0227284832	-0.0894480403	-0.0930266633	0.0168990648	-0.0414673818	0.0142498866	0.1072342107	-0.0885042847	0.100571411	0.0205389197	0.0946625984	0.024706206	0.1692336863	0.0931652168	-0.074906629	0.0067807509	0.0650053833	-0.1017015476	-0.0591015	0.0074222	5.5089052840000056e-05	0.00349298730225	-0.0724176	0.0073206999999999	0.00524430878976	5.359264848999999e-05	-0.0177373	-7.88999999999998e-05	0.00031461181129	6.225209999999969e-09	-0.00310432	-0.0006049099999999	3.659161080999997e-07	9.636802662399998e-06	0.00170776	0.0	2.9164442176e-06	0.0	-0.00105116	0.0	0.0	1.1049373456e-06
48426.16764098951	-70.54415038609295	2345093712.3932195	4976.477153695699	78303.30441798276	314.6144441994402	98982.24849892268	6131407482.775278	47494.31859746255	25.8194206805274	666.642484278046	2255710299.037277	55358.775708221765	50557.12300316423	1.130931	17.415106	0.0525218999999999	0.0290407	0.0398622868	-0.0093404311	0.0530340509	-0.1556239473	0.0340497904	-0.1366966896	-0.0607801431	-0.0208318532	0.1096701907	0.0752987385	0.1224322656	-0.0716559151	0.0448951807	0.0429512679	0.0759883773	-0.0873462428	-0.0341944513	0.0149171283	0.0177172117	-0.0144506695	0.0210946444	0.0188280564	-0.0079018544	-0.0563790601	0.0242721063	-0.0001272168	-0.0230471563	0.0250831066	0.0249150367	-0.0770042608	0.0554869936	0.0187371526	-0.0663415574	0.0073236591	0.0162989474	0.0200768301	-0.2060175658	0.0583907289	0.0561340386	-0.040644795	-0.0313932767	0.1737516345	0.0050568144	0.0999597209	0.0553693638	0.0386538801	-0.0631136603	0.0553474765	0.0941838629	0.0882382568	-0.0888390993	0.0029895739	0.0083967007	-0.0566420538	-0.1274183063	0.0928218072	0.1025139496	0.0047485064	-0.0534481697	0.0134304721	-0.056913362	-0.0401972792	0.0085190893	0.0957654049	-0.0096542566	0.0782272398	-0.0691012785	0.0083290703	-0.044441616	0.0230549299	-0.0760555728	0.010161857	0.0609896438	-0.1005848622	-0.0711589	-0.0120573999999999	0.0001453808947599	0.0050635890492099	-0.0878233999999999	-0.0154057999999999	0.0077129495875599	0.0002373386736399	-0.0224755	-0.0047381999999999	0.00050514810025	2.245053923999998e-05	-0.00269791	0.0004064099999999	1.651690880999999e-07	7.2787183681e-06	0.00170776	0.0	2.9164442176e-06	0.0	-0.00105116	0.0	0.0	1.1049373456e-06
48262.082144313	-164.08549667651096	2329228572.904416	26924.05021957729	78526.08011662746	222.7756986447057	49629.011906636726	6166345258.482995	47388.82475545584	-105.49384200671192	11128.9507013371	2245700711.7033043	55188.893089703015	50051.97842460533	1.156798	17.813442	0.0575266999999999	0.0395169	-0.0178718425	-0.052824247	0.082481182	-0.1105181613	-0.08285278	-0.0913939542	0.0425922876	0.1475232036	0.0362245201	-0.0217123475	0.0810780868	0.0257496203	0.0104025595	0.0303572567	-0.1430249088	-0.066573883	-0.0547592313	0.0436201577	-0.0925887743	0.0301111403	0.0101147636	-0.0237182451	-0.0720504678	0.0039160977	0.0478635034	-0.0523115251	0.1067493198	0.0217578616	-0.1564184229	0.031076188	0.0105705868	-0.0837454881	0.0818556475	0.1271190612	0.0967020793	0.0494430654	-0.0601703478	-0.0187852988	-0.1421847537	0.0213170222	-0.0623855072	0.0863684781	-0.02348744	0.0101523689	-0.1539699923	0.0084283391	0.0489244497	-0.074471141	-0.0263478232	0.0294938451	0.0841864534	-0.0180307362	-0.0256484759	0.0085173618	0.0251590375	-0.0444714719	0.1260379298	-0.0214482135	-0.0276979701	0.1140574742	0.0487019365	0.0346716233	0.0416813279	0.0663381728	-0.0665265847	0.1523451883	0.0933325684	0.0403481461	-0.0629978214	0.0587854958	-0.0771837238	0.0135318513	0.0568238659	-0.0990283447	-0.0712081	-4.919999999999925e-05	2.4206399999999256e-09	0.0050705935056099	-0.0795426	0.0082807999999998	0.00632702521476	6.857164863999824e-05	-0.0110103	0.0114651999999999	0.00012122670609	0.0001314508110399	-0.00338366	-0.00068575	4.702530625000002e-07	1.1449154995600002e-05	0.00176863	6.086999999999998e-05	3.1280520769e-06	3.7051568999999966e-09	-0.00104315	8.009999999999918e-06	6.416009999999869e-11	1.0881619225e-06
48114.593626497095	-147.488517815902	2315014119.842955	21752.862887531646	78709.84629466286	183.7661780353956	33770.0081897367	6195239903.729452	47331.71272113895	-57.11203431688773	3261.784463813361	2240291029.116427	55127.905671859786	49322.347008584366	1.183107	18.218567	0.11714547	0.0693514	-0.0813581564	-0.0824995296	0.1143387271	0.040747999	-0.0897801264	-0.0120886907	0.147265401	0.0704457571	-0.0613415921	0.097242298	-0.0132499762	0.0397611983	-0.050958736	-0.0934313008	-0.1070366386	-0.0350968435	-0.0327903017	-0.0744166166	-0.0598074204	-0.0404262759	-0.0646801932	-0.0114786112	-0.0615798465	-0.0517146047	0.0322995195	-0.0347186651	0.03407057	0.1144873447	0.0014256151	-0.1137303743	0.0308249411	-0.0102612766	0.0177176583	0.0744383121	-0.0114163146	-0.0937889783	-0.0427365966	0.0845940396	0.0307110309	-0.0051335425	0.0742926982	-0.0100503128	0.017857517	-0.0616459798	-0.1395891585	0.0453227299	-0.0853803173	0.0604582711	0.0170637794	0.0472624097	0.01591511	0.0609338113	-0.0755267114	0.0200742869	0.0227745133	-0.0848061439	-0.0135985863	0.1189926378	0.0530981974	0.017260989	-0.0253039439	0.0512129952	-0.0549625552	0.0953763467	-0.01793387	0.1048101304	-0.0919742311	0.0440411776	0.0118586397	-0.0253983302	-0.0782907735	0.0168870486	0.0525182979	-0.0970388015	-0.0669579	0.0042501999999999	1.8064200039999964e-05	0.00448336037241	-0.0672053	0.0123373	0.00451655234809	0.00015220897129	0.00306207	0.01407237	9.3762726849e-06	0.0001980315974169	-0.002098	0.00128566	1.6529216356000003e-06	4.4016040000000005e-06	0.00161646	-0.00015217	2.6129429316e-06	2.3155708900000024e-08	-0.000751268	0.000291882	8.519510192400002e-08	5.64403607824e-07
48186.71465443856	72.12102794146631	2321959469.188284	5201.442671333764	77585.90599273353	-1123.940301929324	1263241.80230098	6019572808.713285	47272.80136638042	-58.91135475852934	3470.547719485298	2234717749.025259	54939.245403404944	49132.36346635444	1.291287	19.884422	0.07766058	0.0409755	-0.1400994321	0.1118554237	0.0135213539	0.0834501151	0.0409754238	0.0655004681	-0.0956842241	-0.0017441259	-0.1094316829	0.0523926171	-0.0685511474	0.033178393	0.1374455243	0.083849285	0.0940879697	-0.0843130922	-0.0281474819	-0.0089233886	-0.0568807552	0.0006777378	-0.1009711705	-0.1123929285	0.0104737052	0.0449767571	0.0325117948	-0.0681399231	0.1080185985	-0.1020094478	0.0104956281	0.0545169978	-0.0514077571	-0.0294486387	0.1842296292	-0.0943217739	0.0131668557	0.0621951398	-0.0192434787	-0.0432924153	0.0088506799	-0.041339058	-0.0234362108	-0.0494185245	0.1402285498	-0.0065570802	0.1270285803	0.0746147441	-0.0807562645	-0.0673892314	-0.0562776612	0.0461850841	0.0719014469	-0.04711592	0.1013087581	-0.1794273441	-0.0019975373	0.0366781892	0.0635746852	0.0440964671	0.0237315591	0.0096019227	0.1008676805	0.143867868	0.029987292	-0.1470567121	-0.1177924913	0.0531992871	0.0130382905	-0.0747525119	0.0171851303	0.0698625107	-0.0793764193	0.0202237803	0.0480835316	-0.0946249323	-0.0810702999999999	-0.0141123999999999	0.0001991598337599	0.0065723935420899	-0.0981825	-0.0309772	0.00963980330625	0.00095958691984	-0.00260166	-0.00566373	6.7686347556e-06	3.2077837512900006e-05	-0.00249576	-0.00039776	1.5821301760000002e-07	6.228817977600001e-06	0.00169907	8.26100000000001e-05	2.8868388649e-06	6.8244121000000185e-09	-0.0008090429999999	-5.777499999989997e-05	3.3379506249884412e-09	6.545505758488382e-07
48354.0240821285	167.30942768993555	2338111644.9350624	27992.44459393377	77834.72329416583	248.8173014322965	61910.049492050304	6058244150.279361	47370.114955933626	97.3135895532032	9469.9347117293	2243927790.9383664	54898.53614707583	49629.78129517668	1.251784	19.276119	0.0804745	0.0469202	-0.0869044937	-0.0565929485	-0.0365993493	-0.0408060411	0.1269502207	0.0968797626	-0.0945149471	0.0467201838	0.0984952385	0.0281345329	-0.089273309	-0.060328415	0.0220971052	0.1255939451	0.0702131604	0.0957805237	-0.0516602781	0.0314187481	0.1180115485	0.014101638	-0.027309124	0.1666477779	-0.017891382	0.1306544299	-0.0180989492	-0.1067278002	-0.0360826585	-0.040037791	0.0941539383	0.0470138926	0.0656199067	0.0242378304	0.0363341786	0.0596130513	0.0248099781	0.0065214066	0.0349466087	-0.0599783859	-0.0262012738	0.0003025868	-0.0993620149	-0.0857518745	0.0083867362	0.1352419245	0.0420029216	-0.0334569848	0.0931641587	-0.0331243642	-0.1415407433	-0.0032656581	-0.0218012098	0.0250885893	-0.0377501127	0.0377081142	0.0003260349	-0.0661290979	-0.0199460465	0.0602658746	0.1474699434	0.0129734358	-0.1228323535	-0.0895656876	-0.0179452429	-0.1107141315	0.0546037547	-0.0813477775	0.0751094348	0.0252229925	-0.0405263487	0.0239808648	-0.0804403643	0.0235383975	0.0435304769	-0.0917972923	-0.0789663	0.0021039999999998	4.426815999999569e-06	0.00623567653569	-0.0555499	0.0426326	0.00308579139001	0.00181753858276	0.00719874	0.0098004	5.1821857587600005e-05	9.604784016e-05	-0.00223588	0.00025988	6.753761440000005e-08	4.9991593744e-06	0.00187473	0.00017566	3.5146125729e-06	3.08564356e-08	-0.0008922529999999	-8.321000000000001e-05	6.923904100000002e-09	7.961154160088215e-07
48401.45873679854	47.43465467003989	2342701207.850012	2250.046463665937	78290.18558975274	455.4622955869127	207445.9027013002	6129353159.677928	47423.41799296229	53.30303702866513	2841.213756479246	2248980574.13522	55151.52239342441	49910.26614819656	1.174177	18.081053	0.09732664	0.0518549	0.0317924666	-0.0848583908	0.0696529112	0.0385628631	0.0404675367	0.0164511338	0.0525403066	-0.1201562727	0.036053096	0.0645667398	-0.0958179258	-0.1130718746	-0.0317829549	-0.0161280034	-0.0339454003	0.0107791175	-0.0170124276	0.0592751434	-0.051060448	-0.0259278037	0.012057878	0.0122889091	0.0831969925	-0.0089607994	-0.0755168721	0.0622617694	0.0685493491	-0.0098749627	-0.0389495673	-0.0422354392	-0.0936655094	-0.0314136155	-0.0169720978	-0.0207665131	0.1262982717	-0.0035250722	0.0262017451	-0.0285804881	-0.0797639629	0.1144802091	-0.1561257505	-0.0341147345	-0.06943107	0.0512883935	0.0580515326	0.1225036012	-0.0608224206	0.0081475972	0.1083686583	-0.0213814335	0.003619637	-0.0440067335	-0.0421834317	-0.0222689268	-0.0643928283	-0.0447785119	-0.000815556	0.1033722381	0.0960906261	0.071710422	0.0603811469	0.0756796586	0.0161839944	-0.0249246282	-0.0465207601	-0.0739997042	-0.0461222881	0.0133224851	-0.0939118233	-0.0492527869	-0.0814823178	0.0268272759	0.0388703345	-0.0885682462	-0.0736499999999999	0.0053163000000001	2.826304569000114e-05	0.0054243224999999	-0.0825782999999999	-0.0270283999999998	0.0068191756308899	0.0007305344065599	-0.0348222	-0.04202094	0.0012125856128399	0.0017657593984836	-0.00243683	-0.00020095	4.038090250000003e-08	5.938140448900001e-06	0.00161646	-0.00025827	2.6129429316e-06	6.670339290000005e-08	-0.0008922529999999	0.0	0.0	7.961154160088215e-07
48314.421844888166	-87.0368919103712	2334283358.2058067	7575.420553417639	78317.96678287411	27.781193121365504	771.794691246606	6133703921.003372	47380.496868543385	-42.9211244189064	1842.2229213832436	2244911483.5100493	55067.805908440845	49908.02614516879	1.171177	18.034863	0.09138867	0.046393	0.034225039	0.0615379468	0.1188821119	0.0419676283	-0.0192010912	-0.0354617681	0.0541778133	-0.0283141971	0.0050797309	-0.1067511016	0.0009509331	0.0200952229	-0.0619618645	-0.0448321806	-0.0330493195	0.1026945881	-0.0746993955	0.0783124141	-0.0092824629	0.0289509706	-0.0200001911	0.0912970852	-0.0322708587	-0.0445470144	0.065515874	-0.0211322182	0.1653406997	0.0596634808	0.1342617972	0.0582675577	-0.1542936355	-0.0482642341	-0.07999958	0.0667345887	0.1238798999	-0.032916291	-0.0267895409	-0.164751253	0.0824366799	0.0117242404	-0.0511233554	0.0096947499	-0.0706400685	-0.0668046907	-0.0226352503	-0.0431354607	-0.0053669782	-0.0208339474	-0.026940919	-0.067472685	-0.0513606739	-0.1357721562	-0.109244309	0.0116953127	0.0091047452	-0.2342783168	0.0269295149	0.0985839247	-0.0372132893	-0.1121723091	0.0290517039	-0.058615313	0.1263414272	0.041723685	0.0199502739	0.0328337241	0.0755396588	0.0332720955	-0.0249854773	-0.0372466987	-0.0825019948	0.030086819	0.0341145687	-0.0849519136	-0.0811468999999999	-0.0074969	5.620350961000001e-05	0.0065848193796099	-0.0667171	0.0158611999999998	0.00445117143241	0.0002515776654399	-0.00539613	0.02942607	2.91182189769e-05	0.0008658935956448	-0.00270256	-0.00026573	7.061243290000002e-08	7.3038305536e-06	0.00212282	0.00050636	4.5063647524e-06	2.5640044960000016e-07	-0.0008922529999999	0.0	0.0	7.961154160088215e-07
48270.73192784804	-43.68991704012296	2330063560.850168	1908.808850972827	78092.1320687024	-225.8347141717095	51001.31812501772	6098381091.035658	47401.05916677428	20.56229823089234	422.80810853615816	2246860410.132036	55183.08464048807	49798.33945275186	1.172488	18.055048	0.06301915	0.0485776	-0.0804223022	0.0896775625	0.0404255904	-0.0723825946	-0.0028247278	-0.0952496241	-0.079123511	-0.0298117328	-0.0330148411	0.0112766029	0.041660049	0.0142322588	-0.0044713558	0.0329925333	-0.0123879736	0.08345834	-0.0665284376	-0.039803211	-0.0486695059	-0.0113178214	0.1356768875	-0.0507742662	0.0206851643	-0.0563801932	0.014483559	0.076478416	0.0168320789	0.0101611662	0.009436125	0.085421513	0.0263050116	-0.0255677907	-0.0651608654	-0.0475980323	-0.1617588968	-0.0299569018	-0.0318519999	-0.0205753238	-0.0101158621	0.1461100566	-0.0150029239	0.0875816559	0.0650567168	0.0176475721	0.0512851617	-0.0034615373	-0.0491603942	0.1702143946	0.0466819981	-0.070745852	0.0037522541	-0.0834583525	-0.0020831196	-0.0328831746	0.012351855	-0.0025961552	0.0028431626	0.0091461311	-0.0133683514	-0.0281856895	0.101016654	-0.040364661	0.0442582655	0.0043219021	0.0373529809	-0.1110733185	0.0430665886	0.0775247633	0.1147171452	-0.0266906976	-0.0834991166	0.0333134626	0.0292748789	-0.0809641079	-0.0811235	2.3399999999895726e-05	5.475599999951201e-10	0.00658102225225	-0.0619789	0.0047381999999999	0.00384138404521	2.245053923999998e-05	-0.00921683	-0.0038207	8.49499552489e-05	1.4597748490000004e-05	-0.0018015	0.00090106	8.119091236000003e-07	3.24540225e-06	0.00212282	0.0	4.5063647524e-06	0.0	-0.00107993	-0.0001876770000001	3.522265632903753e-08	1.1662488049e-06
48291.048177282704	20.316249434661582	2332025334.0606394	412.7499910913872	78348.79813333054	256.666064628138	65877.4687316955	6138534168.937379	47320.01198508523	-81.04718168904947	6568.645659737796	2239183534.268609	55068.94423799598	49454.06211619815	1.215542	18.718029	0.14374503	0.0869184	-0.0988968239	-0.0501523491	0.0089731062	-0.0089124587	0.0459086299	0.0253931786	-0.0115171907	0.0912294624	0.0152266538	0.0088733944	-0.0259058052	0.0286516858	0.0024131814	-0.0289298486	-0.1030066984	0.0209451625	0.0971881659	-0.0225639691	-0.0064946928	0.0350435498	0.0431630895	-0.0931038303	0.0084327771	-0.1017156821	-0.0789100148	0.0779373583	-0.1240474628	-0.1492807202	0.0737064811	-0.0918128037	-0.0263583712	-0.0104707432	-0.0142457291	0.0620995081	-0.059124426	0.0630151751	-0.0865115183	0.1076443156	-0.0246019522	-0.0276854667	-0.0435995174	-0.0170987766	0.0441752905	0.0305374767	-0.0560382942	0.0328510476	0.0386667034	-0.0654105551	0.1251966534	-0.0012181192	0.0106688062	0.0611819568	0.0446169713	0.136811402	0.0806513136	-0.0237956342	0.0335781157	-0.0247244394	-0.0925086685	0.0025172503	0.071648259	0.0954809728	-0.0641587052	-0.1142616153	0.0080337624	0.0402002071	-0.01633636	-0.0749286572	-0.0269926755	-0.0039275649	-0.0844734105	0.0365036785	0.0243631711	-0.0766222668	-0.0811447	-2.1199999999999e-05	4.4943999999995745e-10	0.00658446233809	-0.0927529	-0.0307739999999999	0.00860310045841	0.0009470390759999	0.02997	0.03918683	0.0008982009	0.0015356076454488	-0.0030226	-0.0012211	1.4910852099999995e-06	9.13611076e-06	0.00194006	-0.00018276	3.7638328036e-06	3.3401217600000045e-08	-0.00100853	7.139999999999989e-05	5.097959999999984e-09	1.0171327609000005e-06
48359.88118961186	68.83301232915255	2338678108.6733747	4737.983586305268	78065.9071968106	-282.8909365199361	80027.2819651265	6094285866.461045	47340.25432189437	20.2423368091404	409.7521994946802	2241099679.261638	54963.4119933666	49619.6329586912	1.196507	18.42491	0.0977488299999999	0.0554724	-0.0137065348	-0.0120686427	0.039115099	0.1235585028	0.0359772245	0.0859823209	0.0756947187	-0.0114498076	-0.0154772168	0.0288138607	-0.0312219134	0.0383259176	0.0033979841	-0.099910895	-0.0806652674	0.0225600802	-0.0101503993	0.0286512496	0.0646882159	-0.0541797774	0.0732592657	0.0062652223	0.0339734504	-0.0772168265	0.0463777431	-0.0317559475	-0.0433001617	-0.0484190635	-0.1174642786	0.0569562811	0.0836748141	0.1458539212	-0.1424661222	0.0457697559	-0.0675733336	0.0471472098	0.0894405645	0.0136254371	0.041895985	0.1388612968	0.146627616	-0.0677336051	-0.0231059128	-0.0625765712	-0.0726190018	-0.0179635327	-0.0485332818	0.0150418106	-0.0281624136	0.0467393865	-0.1429466481	-0.0467500765	0.0052071391	0.0898942348	0.0307044191	-0.0415513943	0.0086283107	-0.0590586784	-0.0490729858	0.0537505187	-0.1247489321	-0.1796811673	0.0971341242	-0.0219433461	-0.0163600935	-0.0564304017	-0.0581439763	0.0380667197	0.159508372	-0.018811552	-0.0854246103	0.0396539781	0.0193915285	-0.071945376	-0.0747329999999999	0.0064117000000001	4.110989689000133e-05	0.0055850212889999	-0.0627525	0.0300003999999999	0.00393787625625	0.0009000240001599	0.00656147	-0.02340853	4.30528885609e-05	0.0005479592767609	-0.00235305	0.0006695499999999	4.4829720249999966e-07	5.536844302500001e-06	0.00194655	6.490000000000055e-06	3.7890569025e-06	4.212010000000071e-11	-0.000926006	8.252400000000005e-05	6.810210576000008e-09	8.574871120360001e-07
48432.4091497677	72.52796015584318	2345698256.050502	5260.305004367575	77737.18276594701	-328.72443086358544	108059.75144658815	6043069584.38625	47402.54785559789	62.29353370352328	3880.484341271991	2247001543.202248	55093.20531584712	50263.92716613503	1.164031	17.924818	0.04917107	0.0297053	-0.014016425	0.0881441873	-0.0689699263	-0.0135302095	0.0449110575	0.0056911524	-0.117795746	-0.0591154315	-0.0178227833	-0.0124165314	-0.0128745557	0.022950552	-0.0700267038	0.0707718586	0.0936577877	0.0473481112	-0.0329072564	-0.0790613829	-0.0821349714	-0.0652482577	0.095883138	-0.0738115707	0.0755113568	0.1444104564	-0.0032278437	-0.0458970974	-0.0477148284	0.0661861805	0.0605339353	-0.0025825738	0.0469226787	0.0204240626	0.0245021902	-0.0026484226	-0.0564155696	-0.1863594092	-0.0479082918	0.0886605982	-0.0713795266	0.1099272678	0.025842942	0.0029587465	0.0345349314	0.0296824428	0.1114809727	-0.0600203909	-0.04324532	0.1375326233	0.0802468504	-0.0835311952	0.085955265	-0.0649158491	0.0152320171	-0.0518612578	0.0379752868	-0.0638600041	0.0380498392	0.0610003619	-0.0002204637	0.0722553436	-0.0001863238	0.0319123208	-0.1121539622	-0.05028217	-0.0508680521	-0.0874579861	0.0282271585	0.0707758385	0.1080406546	0.0442415014	-0.0863524559	0.0427609166	0.0143721814	-0.0669538864	-0.0810768	-0.0063438000000001	4.0243798440001365e-05	0.00657344749824	-0.0653956	-0.0026430999999999	0.0042765844993599	6.985977609999976e-06	-0.0121217	-0.01868317	0.00014693561089	0.0003490608412488	-0.00198009	0.00037296	1.3909916160000026e-07	3.9207564081e-06	0.00195013	3.579999999999989e-06	3.8030070169e-06	1.2816399999999924e-11	-0.000872526	5.3480000000000064e-05	2.8601104000000067e-09	7.61301620676e-07
48400.16623761024	-32.24291215746052	2342576091.828306	1039.6053843937157	77979.26672932068	242.0839633736614	58604.64532270023	6080766039.642538	47369.344657961	-33.203197636888945	1102.4523333143077	2243854813.3246984	55122.18534909019	50194.63889789165	1.0398	16.011795	0.06356351	0.0404758	0.0067312145	0.0212290897	-0.0350695926	-0.0596499109	0.0240773415	-0.0484341007	-0.1007448557	-0.0102031831	0.0156735968	-0.054420868	0.030751156	0.0254673491	0.0038052592	0.0636369398	0.0128272582	0.1113202114	-0.0455089934	0.0890518772	0.068048357	0.001785271	0.0747829263	0.1169226121	-0.0297687209	0.0210852235	-0.0215608615	-0.0506654813	0.0953628514	0.0695290167	0.1061447897	0.0315251199	-0.0334325472	-0.0142488579	0.0018670091	0.0253597831	0.0649595698	0.0936486659	0.0740885174	0.020755163	0.0523409105	-0.2030420706	0.0216245318	0.0582563344	0.0283568642	0.0419850908	0.0664733384	-0.0309693473	0.0518725681	0.0333354404	0.1140713615	0.0315550693	-0.0824117896	-0.1123355817	-0.0694762761	0.0165233074	0.0257290262	-0.0123874048	-0.0111591732	-0.0076912236	0.1395836788	0.0090196483	0.0095505693	0.00968188	0.0678968741	0.0012926092	-0.0385096221	-0.0166585088	0.0176783739	-0.0422353534	-0.018352455	-0.017259507	-0.0872566935	0.0458210968	0.009317478	-0.0616696245	-0.0810737	3.100000000005876e-06	9.61000000003643e-12	0.00657294483169	-0.096037	-0.0306414	0.009223105369	0.00093889539396	0.00239466	0.0145163599999999	5.734396515599999e-06	0.0002107247076495	-0.00233914	-0.00035905	1.2891690250000006e-07	5.4715759396e-06	0.00195013	0.0	3.8030070169e-06	0.0	-0.000863523	9.00299999999994e-06	8.105400899999893e-11	7.456719715290001e-07
48370.20187315652	-29.96436445372092	2339676429.249914	897.8631371154137	78678.25492219003	698.9881928693503	488584.4937707601	6190267797.601119	47452.722825736055	83.37816777505213	6951.918861524742	2251760903.576132	55147.302226600536	50069.66780749992	1.087022	16.738966	0.0618588899999999	0.0414975	-0.0338645419	-0.0715938375	0.0299110705	-0.0720407215	0.0105202896	0.0055998864	0.0698049906	0.1150667247	0.1234359749	-0.043236628	0.06057474	-0.0392267575	-0.0484076572	0.0599634527	-0.0915334483	-0.0630376752	0.0199515069	0.0482619379	0.0401633929	-0.0777955898	0.0407292624	0.0593404206	0.1881328191	0.0590769225	0.0586306604	-0.0077259136	0.026873411	-4.69328e-05	0.0123079408	0.0050008302	-0.0289367708	0.0807839302	-0.0743273353	-0.1029870413	0.0366406861	0.1280837177	0.0759044214	0.0036677741	-0.066892968	0.0733714229	-0.0035920206	0.0070062105	-0.0461165265	0.0631706023	-0.1124310522	-0.0199198409	0.0269365785	0.058183712	-0.0734842641	0.0465118268	0.1297364238	-0.1039267004	0.0349154122	0.0225001749	-0.0709749526	0.0077443943	-0.0707191274	-0.0491789067	0.0068460884	-0.0336080807	-0.127394351	0.0454366624	0.0165764902	-0.032837677	-0.0599338871	-0.0903617342	-0.0290521514	-0.0420561441	-0.0202368398	-0.0147912351	-0.088137076	0.0488311722	0.0042398529	-0.056115697	-0.074349	0.0067247	4.522159009e-05	0.0055277738009999	-0.056675	0.0393619999999999	0.003212055625	0.0015493670439999	0.0112721	0.00887744	0.00012706023841	7.880894095360001e-05	-0.00221454	0.0001245999999999	1.552515999999997e-08	4.904187411600001e-06	0.00195013	0.0	3.8030070169e-06	0.0	-0.0008502279999999	1.3295000000100044e-05	1.767570250026602e-10	7.228876519838299e-07
48388.51167199145	18.30979883493273	2341448061.830453	335.24873337570415	78471.06594247032	-207.18897971970728	42927.27331729327	6157708190.147525	47383.14103660898	-69.58178912707808	4841.625378125162	2245162054.4951777	55086.19263669973	49792.15746703835	1.076955	16.583942	0.05354604	0.0279494	7.46505e-05	-0.0802494655	0.087520097	0.0672660749	0.0577930318	0.011710499	0.0922801228	-0.0433864107	-0.0216646049	0.0586765174	-0.0686278498	-0.0710171696	0.0546109747	-0.0131178342	0.0483799721	-0.0576198035	-0.1968718652	-0.1782473482	0.0006096675	-0.0046822057	0.0026704875	-0.0299265477	-0.0910553781	-0.0725497545	0.0862943637	-0.0209238003	-0.0014457522	0.1590707355	-0.0270499152	0.000711395	0.0080470755	0.0273124041	0.0029018557	-0.1039025709	0.0048460188	0.0561470869	0.0228037225	-0.1325012138	0.0203871956	-0.1215401026	-0.0315946609	-0.0591377792	-0.0366192282	0.0012871317	-0.0046642996	0.1160020483	-0.0162183241	0.1218630633	-0.051541931	0.1086712342	-0.0912436982	-0.0533084699	-0.038740538	-0.2203840189	0.1227561223	0.1030931515	0.0964989215	0.0236236982	-0.0583855061	-0.0256849682	-0.0709193519	-0.0177143162	-0.0707669887	-0.0674918467	0.1627603295	-0.0097954576	0.0187699656	0.0558590198	-0.0749256967	-0.0013878818	-0.0889933628	0.0517878515	-0.0008482025	-0.0503163898	-0.0810621	-0.0067131	4.506571161e-05	0.00657106405641	-0.0734265	-0.0167515	0.00539145090225	0.00028061275225	-0.0072127399999999	-0.0184848399999999	5.202361830759856e-05	0.0003416893098255	-0.00209089	0.0001236499999999	1.528932249999997e-08	4.371820992100001e-06	0.00195013	0.0	3.8030070169e-06	0.0	-0.00095851	-0.000108282	1.1724991524021652e-08	9.187414201e-07
48415.31424726337	26.802575271918613	2344042653.6612635	718.3780412068631	78276.88946905102	-194.1764734192984	37704.5028295555	6127271424.95003	47313.88691648373	-69.25412012524612	4796.133154322019	2238603895.14581	54907.158109937925	49978.30899714174	1.137753	17.520166	0.0630805499999999	0.0346037	0.0079782191	0.0686777282	0.0330913258	0.1124334096	0.0492068998	0.0551359382	0.06776272	0.0005434774	-0.021388215	-0.0980657493	0.0665279557	0.0809898468	0.0063383618	-0.1389239748	-0.031426184	-0.0100583712	0.008729718	0.0497139086	0.1297479766	0.0315723888	-0.0227837283	0.0414342496	-0.1243309837	-0.0768720907	-0.0338626788	0.0034744603	0.1148583097	0.0387254941	-0.054130645	0.0231330785	0.1115735062	0.003914861	0.0476319701	-0.0210083584	-0.0371642796	0.0891990598	0.0161949796	0.065579513	-0.0745364733	0.0771702075	-0.0089931887	-0.0508678834	-0.0497663277	-0.1525380203	-0.0390528046	-0.1227208871	0.0695614901	-0.1061052672	-0.0590761908	0.1332194981	-0.1215060764	-0.0926099928	-0.0487836058	0.0375865713	0.0429913947	0.0684416068	-0.0084035143	0.060500861	0.0262682051	-0.0745459207	0.0013179473	0.1017047178	0.0673038363	-0.0939521799	0.0567519297	-0.0051506064	0.0864381216	-0.0422034494	-0.0023557378	-0.0575684549	-0.0898253196	0.0546879015	-0.0059341712	-0.0442970619	-0.0811425999999999	-8.04999999999001e-05	6.480249999983916e-09	0.0065841215347599	-0.0842454	-0.0108188999999999	0.00709728742116	0.0001170485972099	-0.00806979	-0.0008570500000001	6.51215106441e-05	7.345347025001721e-07	-0.0023945	-0.0003036099999999	9.217903209999985e-08	5.73363025e-06	0.00214789	0.0001977599999999	4.6134314521e-06	3.910901759999998e-08	-0.000433398	0.000525112	2.75742612544e-07	1.87833826404e-07
48443.27024199192	27.95599472855247	2346750431.7386603	781.5376412628534	77523.53591754872	-753.3535515022959	567541.5735611224	6009898621.159467	47357.67408235408	43.7871658703516	1917.315894957684	2242749294.4904714	54870.29928074793	50185.64175295101	1.104199	17.003471	0.0724484299999999	0.0422044	-0.0181781729	0.109696414	-0.0381646485	-0.0092697244	0.0612216465	0.0314600962	-0.0960515589	-0.0713162703	-0.0545402649	-0.0336606314	0.0323962066	0.08776757	0.0054888708	-0.1236268022	0.1422759671	0.0474240561	-0.1820214308	0.0211322808	0.0973864097	0.0182576374	0.077717559	-0.1122493309	0.1342570798	-0.041311448	0.0380084718	-0.177763602	-0.0205748323	-0.1030817763	-0.0762910604	-0.0645914574	-0.1186316031	-0.0791967092	0.1016441079	-0.1689832858	0.0614641414	-0.0977658285	-0.0188738919	0.0982667006	0.0278267161	0.0376032527	0.0576917798	-0.0246152068	0.0295425135	-0.0566416201	0.0700724303	-0.1296810807	-0.026920095	0.0827102588	-0.0609969413	-0.0480280754	-0.0270143544	-0.0592948788	-0.0521330807	0.0102864489	0.2353567877	0.1283350609	0.1870179568	-0.2004528211	0.0338711722	0.1349357829	-0.0257683864	0.0809435943	0.1070245555	0.0173105165	-0.0831869558	-0.0537112917	0.0220378112	-0.1225222373	-0.071942342	-0.0507102197	-0.0906327191	0.0575281511	-0.0110055415	-0.0380840342	-0.081086	5.659999999989285e-05	3.2035599999878703e-09	0.006574939396	-0.0711297	0.0131156999999999	0.00505943422209	0.0001720215864899	-0.00440276	0.00366703	1.93842956176e-05	1.34471090209e-05	-0.00251701	-0.00012251	1.5008700100000037e-08	6.3353393401e-06	0.00140982	-0.00073807	1.9875924324e-06	5.447473248999999e-07	-0.000685	-0.0002516019999999	6.330356640399998e-08	4.6922500000000005e-07
48523.09880813321	79.82856614128832	2354491117.9438586	6372.599972174044	78264.59136459733	741.0554470486095	549163.1756004145	6125346261.467403	47452.74399535124	95.06991299715446	9038.28835728652	2251762912.688343	55073.04824998479	50290.31961232815	1.223245	18.836641	0.05845265	0.0350002	-0.0278470882	-0.0505710341	-0.0735640706	-0.0618352889	0.1238728306	0.0136605458	-0.0693162665	0.0300500756	0.1285815708	0.0445242396	0.0543436936	-0.0140712561	-0.0919431239	0.0879135145	0.0201819565	0.1260456396	0.009160039	0.0117130566	0.0704649387	-0.0378693639	-0.0576155504	-0.0529317428	-0.2195016082	-0.1030718739	0.0264472356	-0.0131595215	-0.0955442677	-0.0363333829	-0.0123035492	0.089956569	0.010670274	-0.116856864	0.0618801276	0.0153777297	0.0825394228	0.0522729385	0.1328377325	-0.0071333161	-0.0154892788	0.0807529028	-0.0579284415	0.0090980605	-0.0364751267	0.1165440545	0.0022111289	-0.1131209206	0.0066555615	-0.0229946958	-0.042818607	0.0841523581	-0.0690738927	0.0158326063	0.108585773	-0.0335261323	0.1619000084	0.0398440889	-0.0595626457	-0.0398255596	-0.0024442766	0.023020617	0.0601366002	0.0122166694	0.0162542189	0.1624429649	0.0169062267	-0.0037590766	0.1600474748	-0.0342418287	-0.0744049014	-0.0499149421	-0.0914153405	0.0603054945	-0.0160498375	-0.0317044747	-0.0810303	5.570000000000575e-05	3.1024900000006403e-09	0.00656590951809	-0.0643653	0.0067644	0.00414289184409	4.575710736000005e-05	-0.00193936	0.0024634	3.7611172096e-06	6.06833956e-06	-0.00209714	0.00041987	1.762908169000001e-07	4.3979961796e-06	0.00193429	0.00052447	3.7414778041e-06	2.750687809e-07	-0.0007240429999999	-3.904299999990004e-05	1.524355848992194e-09	5.242382658488552e-07
48682.7009748682	159.60216673499235	2370005374.2084336	25472.8516265043	78527.79144702762	263.2000824302813	69274.28339130689	6166614029.547864	47536.36382199122	83.6198266399806	6992.27540730041	2259705885.416716	55173.57662069437	50752.53771173069	1.25742	19.362913	0.0786808	0.0440203	0.0942321552	-0.0567971918	-0.0344188493	0.032072419	0.0352264052	0.0836650138	0.10904208	-0.0388902128	-0.0050706066	-0.1006834499	0.03813036	-0.0770854606	-0.1536274771	-0.0864534935	-0.0494628599	0.1190100242	0.0453783705	-0.0464479394	-0.0158039349	-0.0504964246	0.0015577792	-0.1623702838	-0.1366904838	-0.0449014348	-0.0507485049	-0.0695852997	-0.0777672514	-0.1254251492	-0.0107192891	-0.050362795	0.0587835132	-0.0618010197	0.0974621796	-0.0263563936	-0.0167537911	-0.006264923	0.0294995291	-0.0245818128	-0.1007995514	-0.118288439	0.0649301011	-0.0527674747	-0.1172915978	-0.0474875646	-0.0424607525	-0.0343223596	0.0712425615	0.0567339518	0.2192208962	0.1054608063	-0.0557234722	0.1194670868	0.1549302668	0.0299190137	0.0871301341	-0.0021169845	0.0864183493	0.0372056471	0.0042376031	0.0571843354	0.0357884395	0.0689898988	-0.0681462645	0.0119149107	-0.0933645159	-0.0346966741	0.0795132183	-0.0888458444	-0.0031215686	0.0291464308	-0.0921729699	0.0630168947	-0.0210546499	-0.0251862796	-0.0721723999999999	0.0088579	7.846239241000176e-05	0.0052088553217599	-0.0996727	-0.0353074	0.00993464712529	0.00124661249476	-0.00887911	-0.00693975	7.883859439210001e-05	4.816013006250001e-05	-0.00252207	-0.00042493	1.805655049e-07	6.3608370849e-06	0.00193429	0.0	3.7414778041e-06	0.0	-0.000597458	0.0001265849999998	1.6023762224974673e-08	3.5695606176400005e-07
48691.07711348661	8.376138618405093	2370820990.4714994	70.15969815473719	78561.46008344534	33.66863641772943	1133.5770782292566	6171903010.442777	47551.360149793385	14.996327802167798	224.88984755007087	2261131852.0953584	55274.02503499269	51519.883307177945	1.326249	20.422798	0.10613332	0.0659234	0.1996771391	0.0855201571	0.0126238446	-0.0233031586	0.0009997518	-0.0703956434	0.0033139277	-0.1578721299	0.0778208859	-0.0691115233	0.0862003656	-0.1128262232	-0.0885300109	-0.1502274341	0.0476109004	0.0303423641	0.1442771109	-0.0812683574	0.0316294301	-0.0735942494	-0.0573340983	-0.0744542522	-0.0111006621	-0.0040930205	0.1127045996	0.0916214821	0.0469215281	0.0028587916	0.0063978833	0.0448359557	0.0741375381	-0.0058753346	0.0826792506	0.0881650633	0.0140878014	-0.0552625951	-0.0373219139	0.1075144878	0.098859557	-0.0277044157	-0.0085434175	0.0634658427	-0.1473976423	-0.0715455572	0.0734063409	-0.0271401662	-0.0526720695	0.0568368922	0.0033975724	0.0232152536	0.0402985921	0.1543883768	0.0462333337	0.1363621483	0.0250157768	0.0849393866	-0.1070992351	0.0615279778	-0.0621346528	0.0080431235	0.0641807164	0.0524387595	-0.0038577855	0.0735843687	-0.0757037958	-0.0561717857	-0.0432041262	0.0165810392	0.0224234138	0.0657860277	-0.0929054001	0.0656593869	-0.0260076665	-0.0185579513	-0.0621129	0.0100594999999999	0.0001011935402499	0.0038580123464099	-0.0416415	0.0580312	0.0017340145222499	0.00336762017344	-0.00677909	0.00210002	4.59560612281e-05	4.4100840004000044e-06	-0.00200486	0.00051721	2.6750618410000015e-07	4.019463619599999e-06	0.00203906	0.00010477	4.1577656836e-06	1.0976752900000023e-08	-0.00069433	-9.687199999999992e-05	9.384184383999982e-09	4.820941488999999e-07
48409.93189636341	-281.1452171232013	2343521506.210543	79042.633111252	78921.17610327061	359.7160198252677	129395.6149189324	6228552037.523453	47468.86843039773	-82.49171939565713	6804.883768851834	2253293470.06241	55401.695728989165	51118.12056069187	1.2635	19.456539	0.0830981399999999	0.0460718	0.1250841649	0.082279433	0.1248161936	-0.079545699	-0.0475086276	-0.1988849056	0.035117612	-0.0786185773	-0.0018734583	0.0195872695	0.1173913039	-0.0349852175	0.0782631886	-0.0538096928	0.0782009495	-0.041374736	0.0294080713	-0.0525309389	-0.0118949124	0.0537916481	0.1059794526	-0.0492015845	0.0622626052	0.0505225554	-0.1144739028	0.1242098602	-0.0476523349	0.0033664894	-0.0158615311	0.0208852298	0.0618588329	0.0005516674	-0.0574250785	-0.0795724075	0.0315132596	-0.0647128911	0.0960725814	-0.0003781077	0.1130995052	0.0002161189	-0.080499463	0.1746651827	-0.0302324696	-0.068348464	0.0360070648	0.0722941347	-0.0335941944	-0.0053055387	0.0346742748	0.0319768611	0.0394908388	0.0754175306	0.0188715148	0.0270193686	-0.0771112618	0.1787315121	-0.0963909628	-0.0211873903	0.0140358643	0.0731307869	0.1206278168	0.0054417564	-0.0788579249	0.0199305678	0.2236617002	-0.0978079095	-0.0728488132	-0.0389029981	0.0024172328	0.0392404999	-0.0936124309	0.0682300815	-0.0308967027	-0.0118484738	-0.0809994	-0.0188865	0.00035669988225	0.00656090280036	-0.0781313	-0.0364898	0.00610450003969	0.00133150550404	0.00281525	0.00959434	7.9256325625e-06	9.20513600356e-05	-0.00200486	0.0	0.0	4.019463619599999e-06	0.00210949	7.04299999999998e-05	4.4499480601e-06	4.9603848999999716e-09	-0.00098645	-0.00029212	8.533409440000007e-08	9.730836025e-07
48138.71526330202	-271.2166330613836	2317335907.2012672	73558.46204915321	78482.18362700213	-438.9924762684823	192714.394220334	6159453146.862481	47338.747570699896	-130.1208596978322	16931.438128502934	2240957021.562445	55152.80279713364	50117.157544131886	1.387832	21.371109	0.06454635	0.0347402	-0.0543462878	0.0670905765	0.1143839613	-0.1548486167	-0.106060646	-0.0977570842	0.0161714685	0.1525262795	-0.1371221542	0.0281783429	0.114723649	0.0827163685	0.1118852181	-0.0562186589	-0.0280206489	-0.0610173425	-0.0730736067	-0.0388267378	-0.0008927232	0.0990086869	0.0179095612	0.0985859269	-0.0103650379	-0.0057163351	-0.0580310503	-0.0409448055	0.0649819435	-0.2065275851	0.0599527934	0.0440355496	-0.0796810661	-0.0235614951	-0.019521378	0.0056210229	0.0524865023	-0.1302919642	-0.0175701132	0.0613440904	-0.087914106	-0.0066275054	-0.0146393297	0.1008439524	0.1170008583	-0.1087491927	-0.0826109943	0.0019508769	0.1143053412	0.0848226058	-0.0543338046	0.0632034708	0.0545763086	0.1252158669	-0.0869461017	-0.0604413986	-0.1144469874	0.0786686947	0.013857755	0.0108693654	0.0384192291	-0.130977209	0.0115191053	-0.1926026932	0.0423357363	-0.0545743464	-0.0631488347	-0.0214950546	0.0303603781	-0.1218682189	-0.037372507	-0.1136473062	-0.094293869	0.0707261675	-0.0357097311	-0.0050871859	-0.0810446999999999	-4.5299999999900975e-05	2.052089999991028e-09	0.0065682433980899	-0.0721326	0.0059986999999999	0.00520311198276	3.598440168999995e-05	0.0279304	0.02511515	0.00078010724416	0.0006307707595225	-0.00229928	-0.00029442	8.668313640000007e-08	5.286688518399999e-06	0.00234296	0.0002334699999999	5.4894615616e-06	5.450824089999997e-08	-0.000846596	0.000139854	1.955914131600001e-08	7.16724787216e-07
48053.36384392293	-85.35141937909066	2309125776.71644	7284.864790025412	78382.0394860271	-100.14414097502596	10028.848971625872	6143744113.989112	47287.22364895403	-51.523921745865664	2654.714512074089	2236081520.426197	55026.52029956792	49030.57750972181	1.26214	19.435585	0.0323346499999999	0.0158546	-0.109771557	-0.0464766045	0.1044589432	0.0081786254	-0.0522354501	0.0103936301	0.0393932552	0.1293362623	0.0014574303	0.1521828855	-0.0385863315	0.0932008833	-0.0187541823	-0.0228918156	-0.0935657377	-0.0302624726	0.0336594604	-0.0031579399	-0.0266465599	-0.0054246835	-0.0596006339	0.0890563517	0.1185894796	-0.0715386828	-0.0058682802	0.0600898152	-0.0108912154	0.0699557383	0.0256266006	-0.0956277396	-0.1626420813	0.1240929179	0.0253436627	0.0012383222	0.109522635	0.0038977088	-0.0261917976	-0.0056076459	0.1016434269	-0.0454511201	0.092923267	-0.0359288234	0.0579217407	0.0185025355	-0.1567799626	0.0173654783	-0.0609789974	-0.0110445878	-0.0730035447	-0.0437244097	0.154236276	0.0394413984	-0.0926984197	0.0945238174	0.0440833109	-0.0221409295	-0.0541473969	-0.1565614992	0.0679356659	-0.0796602882	-0.0460693571	-0.0329818989	-0.0254530115	0.0250539085	-0.0119223331	0.1045396513	-0.2059590011	-0.0282144663	-0.0441536219	-0.0784488545	-0.0949495281	0.0731449155	-0.0404349114	0.0016963469	-0.0731491999999999	0.0078955	6.233892025e-05	0.0053508054606399	-0.0676448	0.0044878	0.00457581896704	2.014034884e-05	0.0279525	2.210000000000059e-05	0.00078134225625	4.88410000000026e-10	-0.0021587	0.0001405799999999	1.9762736399999992e-08	4.65998569e-06	0.00223096	-0.0001119999999999	4.977182521600001e-06	1.2543999999999932e-08	-0.000700591	0.000146005	2.131746002500001e-08	4.90827749281e-07
48109.47634448615	56.11250056322024	2314521714.1406727	3148.6127194573914	77680.85099196348	-701.1884940636228	491665.3042072112	6034314610.835634	47153.78800522986	-133.43564372417313	17805.071016084465	2223479723.2421594	54882.88915112281	48937.50766204434	1.084449	16.699341	0.06206155	0.0298796	-0.0913822834	0.0248895713	0.0578669455	0.1085527486	0.0276466625	0.0783293825	-0.0098121904	-0.031981949	-0.1423610399	0.0535007146	-0.0685101065	0.1594186723	0.077129268	-0.0905500689	0.0745313248	0.0046267401	0.0266237908	-0.0429181518	0.0238797274	-0.0371274935	-0.0257091899	0.0451248692	0.1529036378	0.0813901792	-0.1931739232	0.0722100719	-0.0520826691	0.0786629927	0.039307884	0.0034585034	-0.0020837281	-0.0450707757	0.0309337167	-0.0428164025	0.1152389039	0.0312896054	0.0261180982	-0.0458133418	-0.0018570631	0.0065750428	0.1096302553	-0.0691161301	0.1343703715	-0.0619152235	0.012508892	0.003598704	-0.106201747	-0.0484823758	0.0264160388	0.0232687473	-0.0143008795	-0.0075044028	-0.1148753218	0.1223759862	-0.005847022	0.0347076798	-0.0581026032	-0.0879714045	0.0742191551	-0.1404565155	0.04317878	0.0592982546	-0.0939512009	0.0320485711	0.0701463506	0.0358812855	-0.0666002249	0.0297507416	-0.0331792246	0.0516077089	-0.0955792289	0.0754836805	-0.0450606192	0.0084724621	-0.0810298	-0.0078806	6.210385636000156e-05	0.00656582848804	-0.0868786	-0.0192337999999999	0.00754789113796	0.0003699390624399	0.0280082	5.5699999999998806e-05	0.00078445926724	3.102489999999867e-09	-0.00200486	0.00015384	2.3666745600000044e-08	4.019463619599999e-06	0.00197283	-0.00025813	3.8920582089e-06	6.663109690000005e-08	-0.00098645	-0.000285859	8.171536788100005e-08	9.730836025e-07
48258.5880295684	149.11168508224364	2328891318.607602	22234.2946280662	77581.12748603411	-99.72350592937435	9944.777634845965	6018831342.004277	47280.87132376679	127.0833185369338	16150.169850359782	2235480793.134593	54793.64263708009	49563.09541214189	1.113016	17.139236	0.075815	0.0470293	-0.0832834261	0.0252841728	-0.0444474881	-0.0071808573	0.0887770931	0.1152468285	-0.1071283219	0.0541493887	0.0519612259	-0.0081348231	-0.0778331846	0.0847972472	-0.0962164846	0.0500284941	0.0009016251	0.0263970244	0.1015615045	0.0576068243	0.0546660743	0.0998640065	-0.0926443077	0.0204275843	-0.0508990398	-0.0242847665	0.1389545376	0.0428457938	-0.0675637306	0.0478898535	0.0940461357	0.0303811856	0.0567031472	0.1022440523	0.0260174989	0.0230251552	-0.0788451096	0.0171255101	0.0207180445	0.0012949762	-0.0416862692	-0.1510434995	0.115838192	-0.1091250188	0.0311075129	0.0805412066	0.0004694732	-0.1391908718	0.0096493439	-0.134649559	-0.031371034	-0.0638511973	0.0403054432	-0.0161203912	-0.0734989017	0.1081194474	0.0489071014	-0.132897414	0.0831611547	0.0507948363	-0.0305086313	-0.0036864286	-0.0785168176	0.0205248939	0.061943768	-0.0285546574	0.0855017175	0.1484515006	-0.059051808	-0.0713889932	-0.00594948	0.0611694904	-0.0961827994	0.0777399053	-0.0495754752	0.0152115293	-0.0810298	0.0	0.0	0.00656582848804	-0.105646	-0.0187674	0.011161077316	0.00035221530276	0.0116161	-0.0163921	0.00013493377921	0.00026870094241	-0.00281797	-0.00081311	6.611478721000002e-07	7.9409549209e-06	0.00197283	0.0	3.8920582089e-06	0.0	-0.00098645	0.0	0.0	9.730836025e-07
48314.84299438789	56.25496481949085	2334324053.5723524	3164.621066842153	77874.37671773494	293.2492317008291	85995.11189312655	6064418549.175697	47340.18331934401	59.31199557721993	3517.912819352157	2241092956.709097	54978.02167645448	49751.06683416242	1.179823	18.167997	0.09056653	0.0543751	0.0104088168	0.0545639639	-0.0022548859	0.109337111	0.0108638638	0.0858907127	-0.0013869058	-0.0911180547	-0.0562889809	-0.0039597358	-0.0805521099	-0.0321071935	0.0339981966	-0.0044247139	-0.0272637221	0.1031840564	0.0994450342	-0.0141481307	0.0508675324	0.0815663097	-0.0609025953	0.0031673598	-0.0548407129	0.0368826482	0.0142705576	0.0491354438	0.0393898664	-0.0403854892	-0.0920185198	-0.1175412149	0.0302318244	-0.0256059842	0.034611961	-0.1911873919	-0.0510356273	0.0447622309	-0.1817307789	-0.0471836853	-0.0559838154	-0.006322052	0.0591111952	-0.0670317148	0.0044616235	-0.0334579023	0.0916366644	0.0608581173	0.0122197776	-0.0488009546	0.0383428069	-0.137250898	-0.0630429535	-0.0156733218	0.1390004016	-0.0164720985	0.0806187882	0.0681330605	-0.0720749571	0.0065370188	0.0291382289	-0.1041085146	-0.0077911571	-0.0279805411	-0.0052900141	-0.1358613478	-0.0583482829	0.0856817247	-0.0650107066	0.0617376304	-0.1778167906	0.0666935298	-0.0967600744	0.0799111227	-0.0539683725	0.0218840804	-0.0732306	0.0077991999999999	6.082752063999988e-05	0.00536272077636	-0.0582029	0.0474431	0.00338757756841	0.00225084773761	0.00169382	-0.00992228	2.8690261924e-06	9.84516403984e-05	-0.00247583	0.0003421399999999	1.1705977959999993e-07	6.1297341889e-06	0.00197283	0.0	3.8920582089e-06	0.0	-0.000820551	0.000165899	2.7522478201000022e-08	6.733039436009999e-07
48381.1885153175	66.3455209296153	2340739402.1546903	4401.728147422023	78189.14876652106	314.77204878612247	99081.44269701306	6113542984.833161	47471.33675668259	131.15343733858026	17201.2241257249	2253527813.4663634	55148.17690520022	50177.91322506567	1.250064	19.249636	0.0656734999999999	0.0335485	0.0004000386	-0.0722841971	-0.0542782199	-0.0685877256	0.0317421496	0.0089167562	-0.0508448315	-0.025774026	0.1415723496	0.0687201033	0.0390335181	-0.0665765179	-0.0257139784	0.1247889736	-0.0431639641	-0.0366761033	0.0647899596	0.1041124326	-0.1000788849	0.1539484953	-0.0333923423	0.095163299	-0.0795692117	0.006110906	-0.0892560205	-0.0537720431	-0.0421256371	0.0630481781	0.0956383997	0.0661599782	-0.0370443825	0.0483842291	0.065678812	0.020496178	-0.1340999042	0.0497551198	0.0581193317	-0.0351831876	-0.0263301261	0.0623470408	-0.0509106347	0.0342584966	-0.0610842428	0.1250227723	0.0359872446	-0.0036270126	0.0207762458	-0.1250855089	0.0212139534	0.0082039282	0.1043290137	-0.0237626724	0.0572326006	-0.1138536452	-0.0105953329	-0.0495350159	-0.041795955	-0.002112352	0.0649931924	0.0822510816	-0.0748330727	-0.1542671724	-0.1233158194	0.0462966924	0.1049023982	0.0736386437	0.0309445927	-0.1435156802	0.0527969655	-0.0923235492	-0.0973108962	0.0819949584	-0.0582285042	0.0284609379	-0.0810298	-0.0077991999999999	6.082752063999988e-05	0.00656582848804	-0.0833128999999999	-0.0251099999999998	0.0069410393064099	0.0006305120999999	-0.00785998	-0.0095538	6.177928560040001e-05	9.127509444000002e-05	-0.00217752	0.00029831	8.898885609999999e-08	4.741593350400001e-06	0.00197283	0.0	3.8920582089e-06	0.0	-0.000986451	-0.0001658999999999	2.7522809999999993e-08	9.73085575401e-07
48317.13973472594	-64.04878059156181	2334545992.1450324	4102.246295266024	78378.6658843666	189.5171178455348	35916.73795647833	6143215265.813171	47389.862381359766	-81.47437532282493	6638.073834244543	2245799056.5242176	55146.922976128895	50020.88905301157	1.263872	19.462255	0.02826864	0.0219752	0.0568125928	-0.0052588425	0.0487769945	0.0792596324	-0.1217005576	-0.0586037654	0.1058273051	-0.0499055715	-0.0430072909	-0.1695391946	0.108933425	0.0313871143	0.0483107849	-0.0942759203	-0.0992784413	-0.0231791142	0.0654562019	0.0715901813	-0.0741653926	-0.0058503513	-0.0961952779	0.0539790866	-0.0362854191	0.0103613402	0.1366344335	-0.0277932197	-0.0866841963	-0.0959742541	-0.1480815469	-0.0144674316	-0.0722381183	0.0335261345	0.0965699536	0.0710260285	-0.1139636423	-0.0217365546	0.0393916204	0.0442794599	-0.0360460485	0.0156566976	0.0158317698	0.0811924486	-0.0571621344	-0.1317735775	-0.0280766423	0.0131749136	0.0054117738	-0.1337190979	0.0850964307	-0.0059243661	-0.1041541526	-0.0541451788	0.0687939685	-0.1167842411	0.064790842	-0.1006239846	-0.021867137	-0.0402278565	-0.0618719478	-0.0451438565	-0.0922527399	-0.0871206111	-0.0308871508	-0.0518193527	-0.0557157582	-0.0820698809	-0.0652962854	-0.008792995	0.0173133152	0.0609586552	-0.0978351141	0.0839891338	-0.0623453902	0.034913343	-0.0810298	0.0	0.0	0.00656582848804	-0.0833301999999999	-1.7299999999997873e-05	0.0069439222320399	2.992899999999264e-10	0.00547586	0.01333584	2.99850427396e-05	0.0001778446285056	-0.00247583	-0.00029831	8.898885609999999e-08	6.1297341889e-06	0.00197283	0.0	3.8920582089e-06	0.0	-0.000986451	0.0	0.0	9.73085575401e-07
48243.1830798614	-73.956654864538	2327404713.6770253	5469.586798752392	78319.85603403617	-58.809850330420886	3458.5984958865056	6133999849.192152	47458.44087761493	68.57849625516246	4703.010148619332	2252303610.5340714	55185.58195898248	49950.39676449705	1.224867	18.861624	0.0442645899999999	0.0252718	-0.0490829805	0.0532230566	-0.0571519281	-0.0795024611	-0.1443764098	-0.1023863307	-0.0453003238	0.0448110611	-0.0126593078	-0.1059811466	0.1188009289	0.0118707522	0.0325744133	0.0389392113	-0.0142532377	0.0115154361	0.0370770046	-0.063902662	-0.0649801256	0.0512279546	0.0734731113	-0.041501728	0.0582202351	0.0497166276	0.0235792001	0.0520225245	0.0441007449	-0.1277325673	-0.073816633	-0.0293372244	0.0315923604	0.2424372728	-0.1592491321	0.0421289336	-0.0973507576	0.0057423144	-0.1224229202	-0.04410804	0.0236616257	-0.0707176727	-0.1221008983	0.1179809167	0.0501457191	-0.0293996186	-0.0016365769	-0.0384582696	0.0916634877	0.0800702234	0.0444814813	-0.0723872082	-0.006308065	-0.0084818812	0.046283603	-0.1019349263	-0.0497831848	-0.0208839078	-0.0765347009	0.0322138357	-0.003035011	-0.050155648	0.0384156203	-0.0119045245	0.1095371567	-0.1159370383	-0.0857242269	-0.0919286647	-0.083039024	0.0952589813	0.1403446423	-0.0668604798	-0.0983325849	0.0858914684	-0.0663089027	0.041213081	-0.0783024999999999	0.0027273	7.438165290000541e-06	0.0061312815062499	-0.0625802	0.0207499999999998	0.00391628143204	0.0004305624999999	0.0070872	0.00161134	5.022840384e-05	2.5964165956000004e-06	-0.00247583	0.0	0.0	6.1297341889e-06	0.00219313	0.0002203	4.8098191969e-06	4.853209000000004e-08	-0.000823232	0.0001632189999999	2.6640441960999977e-08	6.77710925824e-07
48227.91469866945	-15.268381191955996	2325931756.1821365	233.1234642228756	78688.41573035675	368.5596963205753	135836.2497519147	6191866770.153456	47404.57085324122	-53.8700243737112	2901.979526024239	2247193337.779967	55104.14008109177	49467.886271380965	1.179551	18.163811	0.0327752099999999	0.0164546	-0.0433354742	-0.0950367794	-0.0366653355	0.0810298891	-0.1274788136	0.02873295	0.0837972408	0.0735086614	0.0407267974	0.0425902485	-0.102124834	-0.0681427488	0.0281195739	0.0163483714	-0.0287319006	-0.0153962569	-0.0659055378	-0.0152174413	-0.0003546788	-0.0813772223	0.0291827174	0.0149261576	-0.038089169	0.0771503557	0.2408513859	-0.0105352469	0.1320262953	-0.1205640893	0.0285220284	-0.0592891798	0.0655048614	0.0135496954	-0.1040834838	-0.0763145623	-0.0340909071	-0.0578653986	0.0467576995	0.005769053	0.0095232096	0.0469475731	-0.0187336546	-0.0526546468	0.011366916	0.0165953363	-0.082679531	0.1437755583	0.0090306333	0.0168598156	-0.0503766677	-0.0459868011	0.0220683437	0.010958429	0.0730624854	-0.047200046	0.0030158035	0.0088823045	-0.0558401094	-0.0220585117	-0.0131482471	0.0874255652	-0.052561861	-0.0780144314	0.192398654	0.0056567038	-0.087332369	0.005417073	0.010837087	-0.0777653058	-0.0087431873	0.118495325	-0.0988031726	0.0876998819	-0.0701092912	0.0473326046	-0.0810564	-0.0027539000000001	7.583965210000554e-06	0.00657013998096	-0.0600403	0.0025399	0.00360483762409	6.451092010000023e-06	0.00823666	0.0011494599999999	6.78425679556e-05	1.3212582915999991e-06	-0.00264612	-0.00017029	2.8998684100000007e-08	7.0019510544e-06	0.00238626	0.0001931299999999	5.694236787599999e-06	3.729919689999988e-08	-0.000986451	-0.0001632189999999	2.6640441960999977e-08	9.73085575401e-07
48329.228588217935	101.31388954848808	2335714335.932222	10264.50421544324	77728.52915511593	-959.8865752408165	921382.2373275436	6041724244.617707	47214.24348689308	-190.32736634813773	36224.50638101823	2229184788.0396256	54842.75523749391	49632.58274528137	1.159783	17.859407	0.1067289099999999	0.0491712	-0.0139016726	0.056582429	-0.0991890375	0.1485897242	-0.0665622247	0.0673397133	-0.0132813321	-0.0554914938	-0.0969989872	-0.0204980833	-0.1095325195	0.1587142784	-0.0309352268	-0.001360027	0.0813918145	-0.1070680769	0.0208206937	-0.0502676293	-0.105062208	0.0117063264	0.0525400157	0.1378292801	-0.1335981418	0.0523239625	0.0271791272	0.0278282493	-0.0625526537	0.0768692236	-0.0373778591	-0.1173121649	-0.0991653514	-0.0552128032	-0.023897409	-0.0182241333	-0.0735919206	-0.0709116183	-0.0139093592	-0.1115637419	0.0643409661	0.06884245	0.0509330628	-0.1055331193	0.0665792586	-0.0617255826	0.0133867988	-0.0299472466	-0.0322511495	-0.0718712192	0.1126271074	-0.0312515804	-0.041353538	-0.0610934439	-0.0475315506	-0.2172978437	-0.0438030941	0.0072315964	-0.0358323792	-0.1722737847	-0.0776677095	-0.1404629468	0.0145035134	-0.1884327781	-0.0891878489	-0.064532332	0.0212870173	0.0263658082	0.0001614212	0.1359073708	0.0107736785	0.0736870114	-0.0992467484	0.0894123968	-0.0737372065	0.0532451548	-0.0845007	-0.0034442999999999	1.1863202489999982e-05	0.0071403683004899	-0.0851226999999999	-0.0250823999999999	0.0072458740552899	0.0006291267897599	-0.00601105	-0.01424771	3.6132722102500007e-05	0.0002029972402441	-0.00207961	0.00056651	3.209335801000001e-07	4.3247777521e-06	0.00196595	-0.0004203099999999	3.8649594025e-06	1.7666049609999978e-07	-0.000694181	0.0002922699999999	8.542175289999999e-08	4.81887260761e-07
48467.91501236445	138.6864241465155	2349138785.6457834	19233.9242425472	77798.8554967518	70.32634163586772	4945.7943278847815	6052661916.604467	47312.22142142304	97.9779345299612	9599.675654757364	2238446295.829761	54875.24758284141	50298.43017818001	1.148362	17.683537	0.0761732499999999	0.0386288	-0.0121315721	-0.0025079758	-0.1961752965	-0.0032409038	0.0044360208	0.079952987	-0.1167375996	0.0145466813	0.072220201	-0.0358604363	-0.0573130327	0.0737157474	-0.0822346593	0.1296231759	0.0578956074	0.0163960516	0.0302095255	-0.0365838481	0.1452368611	0.0228500154	0.004300288	-0.0137535759	-0.0932496648	0.0668841145	-0.0609677666	-0.036346495	0.0957758157	-0.0496558935	0.063885686	-0.1108821097	-0.0855074059	-0.0950194542	-0.0191973835	-0.0321605852	0.0531481843	-0.0155928862	-0.0235878408	0.0068021131	-0.0518557812	-0.0089404995	-0.0552448647	-0.0654001606	0.0180618043	0.097541699	0.0357357289	-0.1523784168	0.0673135614	-0.0852650014	0.022017599	-0.0305082528	-0.0790343743	0.0101050523	-0.1448880174	-0.0517216339	-0.0420915815	0.0368445689	-0.0617229262	0.0694219123	0.015194086	0.001376725	0.0261227435	-0.0004515048	0.0728038543	-0.0642140912	0.028676604	-0.0207484203	0.0471931564	-0.0223060936	0.0057663325	0.0447359581	-0.0996631912	0.0910271406	-0.0771837238	0.0589248775	-0.0810562999999999	0.0034444	1.186389136000067e-05	0.0065701237696899	-0.0910548	-0.0059321000000001	0.00829097660304	3.5189810410001264e-05	-0.0116813	-0.00567025	0.00013645276969	3.21517350625e-05	-0.00269223	-0.0006126199999999	3.753032643999999e-07	7.248102372899999e-06	0.00228359	0.0003176399999999	5.214783288099999e-06	1.008951695999998e-07	-0.000986451	-0.0002922699999999	8.542175289999999e-08	9.73085575401e-07
48533.09102718215	65.17601481769816	2355460924.6527486	4247.91290751681	78388.70557078153	589.8500740297313	347923.1098328795	6144789161.062675	47364.81560724432	52.594185821282736	2766.148382203618	2243425757.5082555	55038.35175838303	50541.5760865857	1.22802	18.910175	0.06908104	0.0332901	0.0835405189	-0.0913074153	-0.0867577542	0.0580326661	-0.0068535257	0.0826741554	0.0707919603	-0.0766300056	0.043107483	0.0541220319	-0.1980064061	-0.094944657	-0.0496511708	-0.0547669911	-0.0361723162	0.0014435387	-0.0082109578	0.0310951266	0.0376418838	0.0139252679	-0.0116807166	0.0161926493	-0.0989863373	-0.0472085655	-0.0149073492	-0.0369840816	0.0616512022	-0.0659896198	-0.1009712943	0.0981043807	0.0946181375	0.0803125396	0.0260854489	0.1323880383	0.0276064208	-0.0258796947	0.019622233	0.1010783714	-0.0711880402	-0.0714748239	0.0344202626	-0.1390015598	-0.0753972186	0.0472609787	0.040030699	0.1102658894	-0.0325082067	0.0638246795	-0.0016259536	-0.0826072188	-0.0470977343	0.0137629335	-0.0103426841	0.0074959114	0.0003978361	0.0453065775	0.0237461387	0.105787276	-0.0258804022	0.0384095562	0.0010813753	-0.0682421781	0.1044216282	0.1121524169	-0.0396577539	-0.054893615	0.0244444286	0.0047388062	-0.0460183868	-0.1174156248	-0.1000523871	0.0925423476	-0.0804403643	0.0643469367	-0.0810619	-5.6000000001055206e-06	3.136000000118183e-11	0.00657103163161	-0.0752696	0.0157852	0.00566551268416	0.0002491725390399	-0.00109081	0.01059049	1.1898664561e-06	0.0001121584784401	-0.00289535	-0.00020312	4.125773440000009e-08	8.3830516225e-06	0.00184591	-0.0004376799999999	3.4073837281000003e-06	1.9156378239999978e-07	-0.000773256	0.0002131949999999	4.545210802499996e-08	5.97924841536e-07
48544.89350282736	11.802475645214145	2356606685.2008505	139.29843135587305	77812.37766279542	-576.3279079861095	332153.8575236455	6054766117.537504	47393.53476078254	28.719153538215323	824.7897799515857	2246147137.121503	55089.84195852605	50700.00002985125	1.197119	18.434341	0.08577381	0.0455812	0.1062790639	0.0921648916	-0.0538096463	0.0209443121	0.0172367609	-0.0093426038	-0.0617375291	-0.1171992979	-0.0081944059	-0.076469183	-0.0440463872	-0.075938353	0.1093859328	-0.0598591616	0.0825864278	-0.0402706087	-0.0271951883	-0.116212419	0.0097265934	0.0328137379	-0.046112595	0.0903489422	-0.0617015103	-0.042390868	-0.0568818948	-0.0291949658	-0.034208511	0.0714458819	-0.0863605087	0.0071811088	0.0011577712	-0.171283982	0.0137664504	-0.0250403782	-0.0557480345	-0.1264852606	-0.0607516637	-0.0227720907	-0.0152544286	0.0768097602	0.0624168688	0.0042477157	-0.0470742014	-0.0368841828	0.1771538257	0.1103247614	0.0270909977	-0.0483868576	-0.0230941411	-0.0106722645	0.0140045689	-0.0487732294	-0.0978315063	-0.0491820387	0.1243871797	0.0692581112	0.0242456518	-0.0440320889	-0.0917493613	-0.1232678944	0.0641140561	0.0199650518	-0.0953376683	0.0427548042	0.0414244635	0.0525335998	0.1042666119	0.1079429589	-0.0606291797	-0.0384109303	-0.1004142296	0.0939563609	-0.0834991166	0.0694876231	-0.0810258999999999	3.600000000010539e-05	1.296000000007588e-09	0.0065651964708099	-0.098735	-0.0234653999999999	0.009748600225	0.0005506249971599	-0.00581922	-0.00472841	3.38633214084e-05	2.23578611281e-05	-0.00223698	0.00065837	4.334510569000002e-07	5.0040795204e-06	0.00220681	0.0003608999999999	4.8700103761e-06	1.3024880999999996e-07	-0.000904866	-0.00013161	1.73211921e-08	8.187824779560001e-07
48459.624127414674	-85.26937541268853	2348335170.5703106	7270.866383270011	78135.02725099407	322.6495881986484	104102.7567647574	6105082483.513586	47397.1590666968	3.6243059142580014	13.135593360125537	2246490687.5937586	55172.054660875125	50683.8786522478	1.15718	17.819321	0.05709378	0.0384703	0.0419242011	0.0223453672	-0.0924513275	-0.107354421	-0.0515820426	-0.0797730527	-0.078466718	-0.0226665017	-0.0175853059	-0.1180184706	0.063844227	-0.015615366	0.0704789048	0.0801191678	-0.0864225969	0.0711750681	-0.0171261704	-0.0182753408	0.1389513667	0.0790827466	0.037122149	0.0522134254	0.0370388566	0.033607148	-0.0820052167	0.0307786473	0.0126867679	0.034853608	-0.0704970136	-0.112166288	-0.0815157303	-0.0274581529	-0.0013758566	0.2064019504	0.0388893588	0.0449954745	-0.0735584645	0.0899126684	-0.0196132779	0.0191549072	0.0031824827	0.0910900762	0.0311327208	0.0456120826	0.0332557621	-0.0313435022	0.1196609465	0.0293008033	0.014029181	-0.0482124532	-0.1070748664	-0.0704643546	-0.0278556791	0.0823616832	-0.0257700671	0.0703840305	-0.0501370475	0.1123905775	-0.1344064157	-0.0360147997	-0.0460443612	0.0039870964	-0.0744812618	0.0982481252	-0.0322310466	-0.0224389912	0.035421154	-0.0429105636	0.0009750417	-0.0245851915	-0.1007486199	0.0952676342	-0.0863524559	0.0743244578	-0.0810465999999999	-2.0699999999998497e-05	4.2848999999993774e-10	0.0065685513715599	-0.0636172	0.0351178	0.00404714813584	0.00123325987684	0.00873081	0.01455003	7.622704325610001e-05	0.0002117033730009	-0.00231379	-7.681000000000007e-05	5.899776100000011e-09	5.3536241641e-06	0.00220681	0.0	4.8700103761e-06	0.0	-0.0008335709999999	7.129500000010005e-05	5.082977025014265e-09	6.948406120408333e-07
48386.36096638388	-73.26316103079444	2341239927.5691977	5367.490764224116	78666.52491459453	531.4976636004576	282489.7664127452	6188422142.138521	47447.58529587423	50.426229177435744	2542.804589055272	2251273350.4092607	55294.12287571507	50195.27539329029	1.104222	17.003826	0.0789038899999999	0.0413697	0.0125477913	-0.0913704941	-0.0628865596	-0.0479765724	-0.0940717449	-0.050658871	0.0370632537	0.0661065413	0.0951806759	0.0537106719	0.0549471791	-0.039555997	-0.0423865541	0.0613756059	-0.0695177483	0.1215731316	0.0373648429	-0.0433860218	-0.1150794208	0.0604454015	-0.0457966333	-0.0728436968	0.0069991758	0.0429275942	-0.028814072	0.0762490774	0.044474431	-0.0114564206	0.0728505714	0.0553599586	-0.0141746579	-0.1329424434	0.0501417247	-0.1398726824	0.0010051347	0.1231116236	0.0502735961	-0.1068399401	0.000445193	-0.0344337162	0.0659732713	0.0749578828	-0.0260204568	0.0767152905	-0.0768221091	0.0074621783	-0.0192113969	0.019607574	0.0155958728	-0.0530666396	0.1131777093	-0.0284874151	0.1242807247	0.1262654516	0.0354113354	-0.0684972379	0.0164767189	0.0249249833	0.0061271347	-0.0696611829	0.1307214992	0.0172500501	-0.021158242	-0.1073859069	0.0534428596	0.095538589	0.0012251489	-0.0953321336	0.0119613729	0.0611530156	-0.1010554665	0.0964747338	-0.0889933628	0.0788362905	-0.081013	3.35999999998976e-05	1.1289599999931187e-09	0.006563106169	-0.0810549	-0.0174377	0.00656989681401	0.00030407338129	0.0228184	0.0140875899999999	0.00052067937856	0.000198460192008	-0.0028622	-0.00054841	3.0075352810000005e-07	8.19218884e-06	0.00193458	-0.00027223	3.7425997764e-06	7.410917290000004e-08	-0.000959831	-0.00012626	1.5941587600025245e-08	9.21275548561e-07
48353.09866278831	-33.26230359556939	2338022150.2933407	1106.3808404838285	78416.4562953279	-250.0686192666326	62534.31434192005	6149140617.917069	47322.15059642949	-125.43469944474056	15733.863824792394	2239385937.071152	55063.36618716529	49818.10853036939	1.081679	16.656681	0.05254267	0.0287611	0.0029231763	-0.0754462185	-0.0554053744	0.0628957555	-0.1316762936	0.0298448278	0.1253818925	0.0728396689	-0.0752939961	-0.061419541	-0.0089599942	0.0574806445	0.0134234667	-0.0187526319	-0.0868706031	-0.0229522663	0.000990177	0.0810136805	-0.1546116259	-0.0514820831	0.0642946126	-0.1583908804	-0.0614838609	-0.0306901655	0.0359419808	-0.0369505392	-0.1817044618	0.0034108025	-0.0620203299	-0.079881591	-0.0893246145	-0.051502451	-0.0205540212	-0.0245297377	0.0897162261	-0.0653275436	0.0814834005	-0.0475276674	0.0006287762	0.1044691296	-0.0368621008	-0.032966784	0.0192125005	-0.0792947144	-0.1278271258	0.0335005015	0.0853365945	0.0086502417	0.0865292603	0.0883840723	-0.0404122339	0.0713949428	0.0306964328	-0.1126502067	-0.0264290896	-0.0992618192	0.0754600098	-0.0917120684	-0.0771715977	0.0676813898	0.0326937426	0.0158827003	-0.0949060418	0.025310814	-0.0550323754	-0.033920741	-0.03327291	-0.0246120229	0.0175688092	0.0571879972	-0.1013346856	0.0975763397	-0.0914153405	0.0830033923	-0.0834289	-0.0024158999999999	5.836572809999994e-06	0.00696038135521	-0.084512	-0.0034571	0.007142278144	1.1951540410000032e-05	0.00874218	-0.0140762199999999	7.64257111524e-05	0.0001981399694883	-0.00245718	0.0004050199999999	1.640412003999999e-07	6.037733552400001e-06	0.00209864	0.00016406	4.4042898496e-06	2.691568360000005e-08	-0.0008770419999999	8.278900000009996e-05	6.8540185210165515e-09	7.692026697638246e-07
48428.77389063449	75.67522784617904	2345346140.550201	5726.740109571112	77817.98144881273	-598.4748465151642	358172.1419113494	6055638236.767762	47266.52802169421	-55.62257473528007	3093.8708201818167	2234124671.225604	54911.56472507912	50356.90173366496	1.225612	18.873098	0.06855332	0.0410527	-0.0113833047	0.114625561	-0.1486826811	0.0452067488	-0.0107661071	0.0753896554	-0.0905548301	-0.0022397536	-0.0782100541	-0.0501807959	-0.0565526919	0.1078521643	0.0176075243	-0.0001404634	0.0923063136	0.0803838962	-0.1346373949	0.0077483511	-0.1501936708	0.0368213928	-0.0400111527	-0.0054965645	0.1344792413	0.0171666273	0.0599106863	-0.0172939505	-0.0552794159	0.0613943971	-0.0933253504	0.0123427043	-0.0488931522	-0.0157607246	-0.0882820973	-0.0359605852	-0.0260595094	0.1880711055	0.0115808652	0.0774250173	0.0533456984	-0.0619749771	0.0846954282	-0.0706470606	0.0981719928	-0.0512338273	0.0513491489	-0.0688684805	-0.0223526941	0.074960131	-0.0515341037	-0.0488013085	0.0496948137	-0.0662904782	0.1054582788	-0.0235762496	0.0345197856	-0.0107852903	0.0592776911	-0.0205074268	-0.0692052226	0.0498267027	0.0292020383	-0.0510876662	-0.0802553187	0.0627736059	-0.0220930925	-0.0252788987	-0.1522374084	0.0721215277	0.0905494284	0.0575485551	-0.1015862008	0.0985712473	-0.0936124309	0.0868075413	-0.0810368999999999	0.0023920000000001	5.72166400000049e-06	0.0065669791616099	-0.0692656	0.0152464	0.0047977233433599	0.00023245271296	0.0231365	0.01439432	0.00053529763225	0.0002071964482624	-0.00310757	-0.0006503899999999	4.230071520999998e-07	9.6569913049e-06	0.00207995	-1.8690000000000023e-05	4.326192002500001e-06	3.4931610000000097e-10	-0.000938374	-6.133200000009995e-05	3.76161422401226e-09	8.80545763876e-07
48573.91409843624	145.14020780174906	2359425130.8422627	21065.6799207349	77975.0683156222	157.08686680946266	24676.28372401386	6080111278.825948	47487.04073314824	220.51271145403007	48625.85591280832	2255019037.5916805	55041.22724713973	50501.60782673265	1.334497	20.549816	0.1001496899999999	0.0602756	0.0346716341	-0.100138977	-0.1541281687	-0.04317192	0.0800908084	0.0764944454	-0.0655833807	-0.0066661244	0.1105812057	0.0950220726	-0.0964479535	-0.1523713419	-0.006204265	0.0990176722	0.057517805	-0.0996798898	0.035672285	-0.0863397056	0.0421055352	-0.0428028891	-0.0649347317	-0.0109838431	0.124631201	-0.036918117	0.1406247906	-0.0401093299	-0.0772160593	0.0417171748	0.079027751	-0.0406132519	0.0530800368	0.0998992363	-0.002019504	0.0518784669	-0.0307776939	-0.0543302095	-0.0368714628	0.0504543438	-0.032150334	-0.0249597769	-0.1595852099	-0.0679358846	-0.0464216271	0.1491379329	0.083151733	0.0614052894	0.0182310795	-0.0657408579	-0.0473458176	0.0260737935	0.0946897236	0.1201654179	0.0086880791	-0.0430018454	-0.009319133	0.0224884895	0.109913234	0.0446095516	-0.0607170797	-0.0262703238	-0.1373849747	0.0599183529	0.067936196	0.023849385	-0.0375564188	-0.1796052551	-0.1021890885	0.0921377616	0.111845871	0.035462857	-0.1018099433	0.0994583687	-0.0955792289	0.090232103	-0.0876337999999999	-0.0065969	4.351908961000004e-05	0.0076796829024399	-0.084565	-0.0152994	0.007151239225	0.00023407164036	-0.00398379	-0.02712029	1.58705827641e-05	0.0007355101296841	-0.00218958	0.00091799	8.427056401000001e-07	4.7942605764e-06	0.00217333	9.337999999999968e-05	4.723363288899999e-06	8.71982439999994e-09	-0.000949666	-1.1292000000000094e-05	1.2750926400000214e-10	9.01865511556e-07
48545.42390058514	-28.49019785109704	2356658181.687503	811.6913735946542	78487.0321530578	511.9638374356	262106.97084178543	6160214216.195128	47500.6116913094	13.57095816115907	184.17090541192997	2256308111.048559	55126.56437325037	50908.58170954941	1.277653	19.674471	0.0607042599999999	0.0283158	0.1389581119	-0.0748912677	0.0137221532	-0.0111118796	-0.01071678	-0.0196891757	0.1039787593	-0.0477315804	0.0334726689	-0.0974752294	0.0097250742	-0.0800180116	-0.1261495049	0.0278475116	0.0321399813	-0.0868114786	-0.1255759348	0.134828799	-0.0070510658	0.0422013312	0.0679757159	-0.0228746205	0.0357430979	-0.0677681526	-0.0185937411	0.0218859487	0.0791990711	0.0929518591	-0.0534774345	-0.1082814574	0.1220362064	0.0969814128	-0.0130296458	0.1133136239	0.0315075508	-0.0569361743	0.0590630671	-0.0976090844	-0.0107920072	0.02108763	-0.0339184441	-0.0263847789	-0.1456530781	-0.0197279655	-0.0369219525	-0.0320560045	0.0276016682	0.0682918393	-0.0582830873	-0.024610212	-0.0301972696	-0.0107878479	-0.0808111697	-0.1104105081	-0.131380597	-0.071131405	0.0227767151	0.0262965646	-0.0019910189	0.1006747984	-0.0355443221	0.1363098112	0.0791766611	0.0495337797	0.1062306879	0.0790316195	-0.0855564165	0.0601127965	-0.0281679397	-0.0739348364	-0.102005852	0.1002367339	-0.0973108962	0.0932621027	-0.0810416	0.0065921999999998	4.345710083999862e-05	0.00656774093056	-0.0845519	1.3100000000002e-05	0.00714902379361	1.7161000000005236e-10	-0.017534	-0.01355021	0.000307441156	0.0001836081910441	-0.00259994	-0.0004103599999999	1.6839532959999986e-07	6.759688003599999e-06	0.00241961	0.00024628	5.8545125521e-06	6.06538384000001e-08	-0.000795331	0.000154335	2.381929222500001e-08	6.325513995610001e-07
48356.98763294217	-188.4362676429737	2338398252.932522	35508.226963214416	78682.79424633176	195.76209327396649	38322.79716300514	6190982110.410578	47509.58739427299	8.975702963587537	80.56324369055409	2257160894.374063	55312.28473785905	50363.23135815749	1.201232	18.497665	0.0399099899999999	0.0265376	0.0820694127	-0.0318547894	0.1367256899	0.0120390334	0.0351125781	-0.1122805951	0.0582950428	-0.0731301959	0.0035635274	0.1109552284	0.0831815678	-0.0695302614	-0.0051350427	-0.0366270003	0.0223984867	-0.1820064899	0.0037900219	0.0356204253	0.0219862003	-0.0788762743	0.0303040023	-0.059561746	0.0079493383	-0.0540639109	-0.0504300275	0.064020196	-0.008020115	0.0332142374	-0.080468548	0.0652416038	-0.0850066595	0.0424539349	0.0220957219	-0.0338387202	-0.0084905138	-0.018642005	-0.1171656034	-0.0645123586	0.0124076321	-0.0081353774	0.0858152021	0.0898240993	-0.0677608193	-0.0113259905	0.0035401228	0.0315008615	-0.1640687762	-0.0225020724	-0.0818357683	-0.0239451844	-0.0136831962	0.0482335121	0.0241712975	0.0057059659	-0.1339743752	-0.0004373519	0.0257972372	-0.0204994166	-0.095510046	-0.0575825225	0.0106278729	0.1577354505	-0.1226379394	-0.0198046268	-0.0731213015	0.0557361305	-0.0449905756	0.0810878398	-0.0867002691	-0.1853171748	-0.1021738733	0.1009054916	-0.0988031726	0.0958842909	-0.0834753	-0.0024336999999999	5.9228956899999855e-06	0.00696812571009	-0.0802829	0.0042689999999999	0.00644534403241	1.822436099999996e-05	0.0083164899999999	0.0258504899999999	6.916400592009835e-05	0.00066824783324	-0.00257469	2.5249999999999665e-05	6.37562499999983e-10	6.629028596100001e-06	0.00235962	-5.998999999999978e-05	5.567806544400001e-06	3.598800099999974e-09	-0.000857227	-6.189599999999998e-05	3.831114815999997e-09	7.34838129529e-07
48197.45857951456	-159.5290534276064	2322995013.5240216	25449.5188875081	78175.5961389029	-507.1981074288633	257249.9201794208	6111423831.67285	47317.94258861699	-191.6448056559966	36727.73153492471	2238987690.819653	55086.65520592441	49291.45175157572	1.167974	17.985527	0.0995843099999999	0.0591965	-0.0219801903	0.0704173618	0.1625604377	0.0526337605	-0.001916205	-0.0753875742	0.0510583317	0.0067188049	-0.1253200181	0.0487919322	0.0773731426	0.0545092935	0.0717565286	-0.0550962752	-0.039729668	-0.1050427241	0.0314574427	0.0738378592	-0.0833498769	0.079089078	-0.037136195	0.0200763583	0.1235210614	0.1103626097	-0.079765099	-0.0828683646	0.0609423288	0.034522089	0.1250144967	-0.039123853	0.0218351195	-0.0320219623	0.0541162095	-0.0880560575	-0.0776383946	0.0565965192	-0.0055230512	-0.0756984732	-0.0118031708	-0.0307891167	0.0244912118	0.0575744108	0.0424150761	-0.1278547215	-0.0362706985	0.0239716789	-0.0622877645	-0.1022932327	-0.0282577694	0.0359684849	0.064793196	-0.0615621521	-0.007859718	0.0383714134	-0.1473430373	-0.0248371976	0.0579567394	0.0919660644	0.1435885592	0.0289443144	-0.0015870565	0.0337335485	-0.0357596795	-0.0369055529	0.0293614461	0.0314561054	0.0330289116	-0.0952455878	-0.080785421	0.0368704048	-0.1023139614	0.1014639107	-0.1000523871	0.0980872016	-0.090388	-0.0069126999999999	4.778542128999991e-05	0.008169990544	-0.13347	-0.0531871	0.0178142409	0.00282886760641	0.00845775	0.00014126	7.15335350625e-05	1.9954387600028133e-08	-0.00286363	-0.0002889399999999	8.348632359999983e-08	8.2003767769e-06	0.00267254	0.0003129199999999	7.1424700516000006e-06	9.791892639999997e-08	-0.000672222	0.000185005	3.422685002500001e-08	4.51882417284e-07
48176.0025653369	-21.45601417766011	2320927223.175348	460.3605443919516	78034.82870078685	-140.76743811604683	19815.471633755074	6089434490.361147	47360.39966022081	42.45707160382153	1802.6029291720288	2243007455.975844	55045.92565192916	49341.26114078172	1.164738	17.935707	0.1240387999999999	0.0574338	-0.1051290637	0.1213915071	0.0877252875	-0.0138615084	0.0518838234	0.0052784762	-0.0400155486	0.0229010741	-0.1576330595	0.0409997234	0.0423453142	0.0525396568	0.0348554106	-0.0333846481	0.0613305703	0.1041897588	0.0551754817	0.0215055663	0.0514933154	-0.0117268948	-0.1076473007	-0.0784527855	0.0549067973	-0.0448294426	-0.0773450832	-0.0496594707	0.1240478831	-0.1012865762	0.1270145914	0.0284048587	-0.0036937232	0.0400312811	0.0007551335	-0.0516759218	0.0247573822	0.0262939408	0.0571285934	0.072305771	0.0349784911	0.0136791261	0.0097825775	0.0169583278	0.0986504265	-0.0818807896	0.0142743866	-0.0563868684	0.0183976186	0.0780276781	-0.0605649232	0.0192868604	0.0523736482	0.1107674134	0.080250838	0.1229358193	0.0246744429	0.0073426797	-0.0429342187	0.1122607901	0.1295270406	0.0525537779	-0.0117075661	0.0181618361	0.0582634149	-0.0557874401	0.0744918727	-0.0078807021	0.0241341361	-0.0393666419	-0.0431375878	-0.079422089	-0.1024260777	0.1019113804	-0.1010554665	0.0998612018	-0.0810821	0.0093058999999999	8.659977480999985e-05	0.00657430694041	-0.0896237	0.0438463	0.00803240760169	0.00192249802369	0.0339419	0.0254841499999999	0.0011520525756099	0.0006494419012224	-0.00245781	0.0004058199999999	1.6468987239999994e-07	6.0408299961e-06	0.0024231	-0.00024944	5.87141361e-06	6.222031360000004e-08	-0.000925011	-0.000252789	6.3902278521e-08	8.55645350121e-07
48246.180578670894	70.17801333399257	2327693940.4297204	4924.953555506038	77869.47370281698	-165.35499796987278	27342.27535361663	6063654934.753705	47344.21068327092	-16.188976949895732	262.0829746842553	2241474285.2219443	55080.798784384126	49254.26466136416	1.116165	17.187733	0.0321267999999999	0.0190798	-0.0917447078	0.0113881242	0.0565672321	-0.06156515	0.1537340018	-0.0133639446	-0.1415170685	0.0335068648	0.0251777202	0.101182317	0.0245572512	0.0749988391	0.0187984282	0.1098773231	0.0507035904	0.0767692877	0.0576457548	-0.04450849	0.0745992426	-0.1614617233	-0.0327490709	0.084201123	-0.015403134	0.0792884512	0.066437662	0.1230179943	-0.0162560483	-0.0356778703	-0.1129766658	0.2275575712	-0.0291409266	-0.0379203173	-0.0699461033	-0.0759091916	-0.0050196247	-0.0522379912	0.039604896	-0.0144595606	-0.0083864242	-0.0626394094	-0.1178527168	0.0424099304	0.1004649431	0.1124790012	0.0496137411	-0.060359675	-0.099315666	-0.0291069229	0.0169859467	0.0897106597	-0.0430406273	0.0120562822	-0.0612738713	0.0593239261	0.03281334	0.0061645183	-0.0897839961	-0.0043513167	0.1159803087	-0.0097470783	0.0816063205	-0.0215592122	0.0486425599	0.0757890409	-0.0829734877	-0.077880619	0.0888008521	-0.0080777134	-0.0203401162	0.0971069674	-0.1025101919	0.1022474116	-0.1018099433	0.1011985345	-0.0811029	-2.0800000000001373e-05	4.3264000000005704e-10	0.00657768038841	-0.102944	-0.0133202999999999	0.0105974671359999	0.0001774303920899	0.0208895	-0.0130523999999999	0.0004363712102499	0.0001703651457599	-0.00243294	2.4869999999999757e-05	6.185168999999877e-10	5.919197043600001e-06	0.00237296	-5.014000000000017e-05	5.6309391616e-06	2.5140196000000172e-09	-0.000885355	3.9656e-05	1.572598336e-09	7.83853476025e-07
48244.08618931653	-2.0943893543662853	2327491852.242202	4.386466767682825	78348.13471924703	478.66101643005095	229116.3686498495	6138430213.985282	47377.40462777634	33.19394450542313	1101.8379518291106	2244618469.264043	55068.24195167965	49535.53311250512	1.031491	15.883842	0.0584313999999999	0.0285715	-0.0607114461	-0.0333204426	0.0697411855	-0.0705776766	0.0566955427	0.0189332576	0.0001694044	0.1196919816	0.0715492842	-0.0036711142	0.0323258041	0.0298654629	-0.0164387417	-0.0001905424	-0.0305573626	-0.0395131556	-0.061971676	0.1753499568	0.1176589618	-0.0959898682	0.0639433367	0.0437101598	-0.0936477961	-0.0736804453	-0.0697176253	0.0806690819	-0.0111598554	0.118144788	0.1577842511	0.0960051668	0.091686324	-0.0608128703	-0.0286798536	0.0530968235	-0.0079909979	-0.0794794935	0.0028005218	0.0363518906	0.0728446721	0.0131540503	0.0193901001	-0.0007650697	0.0063636777	0.0534809682	-0.1019782566	-0.0708092834	0.0273346617	0.0474895392	-0.0690066069	0.0460501814	-0.1194974422	-0.0549197049	-0.0814681148	0.1355963159	-0.1031652301	-0.0166173696	-0.0046567411	-0.1547322226	0.0974571657	0.0125817222	0.0325832553	0.0606502227	-0.0023975787	0.0524366307	0.1091778622	0.0744939825	0.1819398699	-0.0331832917	0.0631872545	0.0140344475	-0.1025662807	0.1024716367	-0.1023139614	0.1020933517	-0.0811391	-3.620000000000012e-05	1.3104400000000088e-09	0.00658355354881	-0.0823222	0.0206217999999999	0.00677694461284	0.0004252586352399	0.028624	0.0077345	0.000819333376	5.982249025000003e-05	-0.00259504	-0.0001620999999999	2.6276409999999892e-08	6.734232601599999e-06	0.00217724	-0.0001957199999999	4.7403740176e-06	3.8306318399999975e-08	-0.000642397	0.000242958	5.9028589764000025e-08	4.1267390560900005e-07
48229.516659538094	-14.569529778433209	2326086277.2126627	212.271197964652	78577.34317246304	229.2084532160079	52536.51502567489	6174398860.043023	47403.02560046488	25.62097268854268	656.4342415070498	2247046836.078329	55222.93212557814	49532.184158125296	0.969308	14.926301	0.0353830499999999	0.017435	-0.0527312251	-0.0444312674	0.1129461233	-0.0506909054	0.0340782916	-0.0229566721	0.0493296547	0.0664266956	0.0680159585	0.0175712521	-0.0465957578	-0.1012526541	0.1000468272	0.0079961029	-0.0564886224	0.0299879803	0.0257475886	-0.1365941783	-0.0600142627	-0.0941641978	0.0385815356	-0.0566424427	0.0731615199	-0.0108485471	-0.071848127	-0.1359844789	-0.0693655512	0.0489419419	0.0347029034	0.0299222845	0.1084978054	0.0052008853	0.0693977366	0.1838904347	0.072909634	0.1198722576	-0.0199076048	0.0098181527	0.0617606395	0.0314177074	-0.040564431	0.0204870626	0.0125951764	0.0616873719	-0.0041130212	0.1613426815	-0.0018141006	0.0594121107	-0.0510941248	0.0104019469	0.0869080276	-0.0218921065	0.0507451826	0.0880418268	0.0555054787	-0.0160347441	-0.0834675036	0.0549890021	-0.0434816822	0.1654715736	-0.0579206913	0.0434948289	-0.0951583494	0.017608988	-0.0100220117	0.0734951512	0.048674586	0.1110786803	0.0646215772	-0.0402810809	-0.102594329	0.1025838106	-0.1025662807	0.1025417406	-0.0768341	0.004305	1.853302500000003e-05	0.00590347892281	-0.0825401999999999	-0.0002179999999998	0.0068128846160399	4.75239999999559e-08	0.0208338	-0.0077902	0.0004340472224399	6.068721604000001e-05	-0.00255752	3.751999999999965e-05	1.407750399999974e-09	6.540908550400001e-06	0.00237618	0.0001989399999999	5.646231392399999e-06	3.957712359999995e-08	-0.000867334	-0.000224937	5.059665396900001e-08	7.52268267556e-07
