global_signal	global_signal_derivative1	global_signal_derivative1_power2	global_signal_power2	csf	csf_derivative1	csf_power2	csf_derivative1_power2	white_matter	white_matter_derivative1	white_matter_power2	white_matter_derivative1_power2	csf_wm	tcompcor	std_dvars	dvars	framewise_displacement	rmsd	t_comp_cor_00	t_comp_cor_01	t_comp_cor_02	c_comp_cor_00	c_comp_cor_01	c_comp_cor_02	c_comp_cor_03	w_comp_cor_00	w_comp_cor_01	w_comp_cor_02	w_comp_cor_03	w_comp_cor_04	w_comp_cor_05	w_comp_cor_06	w_comp_cor_07	w_comp_cor_08	a_comp_cor_00	a_comp_cor_01	a_comp_cor_02	a_comp_cor_03	a_comp_cor_04	a_comp_cor_05	a_comp_cor_06	cosine00	cosine01	cosine02	trans_x	trans_x_derivative1	trans_x_power2	trans_x_derivative1_power2	trans_y	trans_y_derivative1	trans_y_power2	trans_y_derivative1_power2	trans_z	trans_z_derivative1	trans_z_power2	trans_z_derivative1_power2	rot_x	rot_x_derivative1	rot_x_derivative1_power2	rot_x_power2	rot_y	rot_y_derivative1	rot_y_power2	rot_y_derivative1_power2	rot_z	rot_z_derivative1	rot_z_power2	rot_z_derivative1_power2	motion_outlier00	motion_outlier01	motion_outlier02	motion_outlier03	motion_outlier04	motion_outlier05	motion_outlier06	motion_outlier07	motion_outlier08	motion_outlier09	motion_outlier10	motion_outlier11	motion_outlier12	motion_outlier13	motion_outlier14	motion_outlier15	motion_outlier16	motion_outlier17	motion_outlier18	motion_outlier19	motion_outlier20	motion_outlier21	motion_outlier22	motion_outlier23	motion_outlier24	motion_outlier25	motion_outlier26	motion_outlier27	motion_outlier28	motion_outlier29	motion_outlier30	motion_outlier31	motion_outlier32	motion_outlier33	motion_outlier34	motion_outlier35	motion_outlier36	motion_outlier37	motion_outlier38	motion_outlier39	motion_outlier40	motion_outlier41	motion_outlier42	motion_outlier43	motion_outlier44	motion_outlier45	motion_outlier46	motion_outlier47	motion_outlier48	motion_outlier49	motion_outlier50	motion_outlier51	motion_outlier52	motion_outlier53	motion_outlier54
47450.36803567848	n/a	n/a	2251537426.7213383	71019.14641462054	n/a	5043719157.461309	n/a	46657.02070855035	n/a	2176877581.398096	n/a	53189.905593738615	46607.89212323518	n/a	n/a	n/a	n/a	-0.0199682932	-0.0762329059	-0.0122483331	-0.0569817185	0.0408741512	-0.008086051	0.0774819263	-0.1016613822	0.0593650722	-0.0147355436	0.0093965673	-0.0887455153	0.0295833343	-0.0444597657	-0.0905191179	0.0876118404	-0.0898173561	-0.0771554176	7.7773e-06	-0.0036024043	0.0263893855	-0.0322271853	0.1104902069	0.1203780544	0.1203546593	0.1203156708	0.487068	n/a	0.237235236624	n/a	0.154178	n/a	0.023770855684	n/a	-1.2917	n/a	1.66848889	n/a	-0.00490385	n/a	n/a	2.4047744822500004e-05	-0.0159648	n/a	0.00025487483904	n/a	0.00484436	n/a	2.34678238096e-05	n/a	0.0	0.0	0.0	0.0	0.0	0.0	0.0	0.0	0.0	0.0	0.0	0.0	0.0	0.0	0.0	0.0	0.0	0.0	0.0	0.0	0.0	0.0	0.0	0.0	0.0	0.0	0.0	0.0	0.0	0.0	0.0	0.0	0.0	0.0	0.0	0.0	0.0	0.0	0.0	0.0	0.0	0.0	0.0	0.0	0.0	0.0	0.0	0.0	0.0	0.0	0.0	0.0	0.0	0.0	0.0
47250.027871337086	-200.3401643413963	40136.18144833768	2232565133.842132	71754.35896955218	735.2125549316406	5148688031.131353	540537.5009291107	46642.55383029514	-14.46687825521076	2175527827.81198	209.2905664510899	53548.560327646686	46663.07793576193	0.896517	30.331331	0.3885880000000001	0.237064	-0.0197717436	-0.068104601	-0.0270117562	-0.0166877371	0.054644849	0.0023144286	0.0919427393	-0.0891540349	0.0361794834	-0.0697817265	-0.0429100786	-0.1296839624	0.0113344558	-0.1519078068	-0.0948381355	0.0481023678	-0.0695899265	-0.0626565816	-0.0971775668	-0.0094484333	0.0945165335	0.0264030171	0.1280626933	0.1203156708	0.1201052059	0.1197547036	0.475734	-0.011334	0.2263228387559999	0.000128459556	0.130139	-0.024039	0.016936159321	0.000577873521	-1.3749	-0.0831999999999999	1.89035001	0.0069222399999999	-0.00116909	0.00373476	1.39484322576e-05	1.3667714281e-06	-0.014438	0.0015268	0.0002084558439999	2.331118240000005e-06	0.00470562	-0.00013874	2.21428595844e-05	1.924878760000001e-08	0.0	0.0	0.0	0.0	0.0	0.0	0.0	0.0	0.0	0.0	0.0	0.0	0.0	0.0	0.0	0.0	0.0	0.0	0.0	0.0	0.0	0.0	0.0	0.0	0.0	0.0	0.0	0.0	0.0	0.0	0.0	0.0	0.0	0.0	0.0	0.0	0.0	0.0	0.0	0.0	0.0	0.0	0.0	0.0	0.0	0.0	0.0	0.0	0.0	0.0	0.0	0.0	0.0	0.0	0.0
47011.96846580599	-238.05940553109397	56672.28056181784	2210125179.029937	69930.44662911551	-1823.9123404366687	4890267365.747573	3326656.2255971683	46471.0060546875	-171.54777560763614	2159554403.7348027	29428.63931592788	52774.976721226994	45209.67165056579	0.814505	27.556664	0.24469865	0.129059	-0.0086599562	-0.0796556577	-0.0101198389	-0.0953613431	0.0487327425	0.0396670631	0.086286745	-0.138919691	0.0239763077	-0.0186292935	-0.0123725851	-0.0913489687	-0.0001605163	-0.179684562	-0.1063247734	0.0531155985	-0.1265147166	-0.0288158742	-0.029238421	-0.0153301657	0.0758920397	0.0293958659	0.12304532	0.120190936	0.1196068161	0.1186353847	0.453522	-0.022212	0.205682204484	0.000493372944	0.1802	0.0500609999999999	0.03247204	0.0025061037209999	-1.44971	-0.07481	2.1016590841	0.0055965361	0.000243363	0.001412453	1.995023477209e-06	5.9225549769e-08	-0.0140695	0.0003684999999999	0.00019795083025	1.357922499999993e-07	0.00453426	-0.0001713599999999	2.05595137476e-05	2.936424959999991e-08	0.0	0.0	0.0	0.0	0.0	0.0	0.0	0.0	0.0	0.0	0.0	0.0	0.0	0.0	0.0	0.0	0.0	0.0	0.0	0.0	0.0	0.0	0.0	0.0	0.0	0.0	0.0	0.0	0.0	0.0	0.0	0.0	0.0	0.0	0.0	0.0	0.0	0.0	0.0	0.0	0.0	0.0	0.0	0.0	0.0	0.0	0.0	0.0	0.0	0.0	0.0	0.0	0.0	0.0	0.0
47052.84048403911	40.87201823311625	1670.5218744481872	2213969797.61643	69864.84327043805	-65.60335867745744	4881096325.202873	4303.80066976313	46503.60970594618	32.60365125867975	2162585715.682972	1062.9980753976097	52630.616968271686	44686.41838012148	1.117582	37.810482	0.69624535	0.452201	0.0125307369	-0.080820976	-0.0278553001	-0.0860478339	0.099617232	0.1036688814	-0.0302985896	-0.1423302996	0.0256280069	0.0122473278	-0.0945545355	-0.0054089083	0.043670963	-0.1162101414	0.0288609634	0.1455860057	-0.1283030304	-0.0185011508	-0.0114655443	-0.0965864297	-0.0624197957	0.0951055835	0.0454814692	0.1200039147	0.1188605229	0.1169629329	0.418107	-0.0354149999999999	0.174813463449	0.0012542222249999	0.238158	0.057958	0.056719232964	0.003359129764	-1.78305	-0.3333399999999999	3.1792673025	0.1111155555999999	0.00493225	0.004688887	2.1985661298769e-05	2.43270900625e-05	-0.0135255	0.000544	0.00018293915025	2.959360000000012e-07	0.0043765	-0.0001577599999999	1.915375225e-05	2.488821759999995e-08	1.0	0.0	0.0	0.0	0.0	0.0	0.0	0.0	0.0	0.0	0.0	0.0	0.0	0.0	0.0	0.0	0.0	0.0	0.0	0.0	0.0	0.0	0.0	0.0	0.0	0.0	0.0	0.0	0.0	0.0	0.0	0.0	0.0	0.0	0.0	0.0	0.0	0.0	0.0	0.0	0.0	0.0	0.0	0.0	0.0	0.0	0.0	0.0	0.0	0.0	0.0	0.0	0.0	0.0	0.0
47284.57482495236	231.7343409132518	53700.80475849921	2235831016.3765187	70875.74599565778	1010.9027252197266	5023371370.441	1021924.31985667	46593.29527452257	89.6855685763876	2170935164.5388474	8043.501210869922	53286.49273557079	45092.43749226797	1.616582	54.692848	1.08208085	0.514122	-0.0092827545	-0.0649781159	0.0022908969	-0.0574514074	0.0789642909	0.0938189362	0.0976661124	-0.1045038841	-0.0154610957	-0.0546690632	-0.0708635961	-0.049765609	0.0809437102	-0.0372089927	0.0470826084	-0.1743911654	-0.0796173526	-0.0224916162	-0.097629032	-0.0674309	0.1536284068	0.14770643	-0.001800788	0.1197547036	0.1178678731	0.1147451459	0.271565	-0.146542	0.073747549225	0.021474557764	0.180513	-0.057645	0.032584943169	0.003322946025	-1.69965	0.0833999999999999	2.8888101225	0.0069555599999999	0.0112076	0.00627535	3.93800176225e-05	0.00012561029776	-0.0076684099999999	0.00585709	5.880451192809847e-05	3.430550326810117e-05	0.000619063	-0.003757437	3.83238997969e-07	1.4118332808969002e-05	0.0	1.0	0.0	0.0	0.0	0.0	0.0	0.0	0.0	0.0	0.0	0.0	0.0	0.0	0.0	0.0	0.0	0.0	0.0	0.0	0.0	0.0	0.0	0.0	0.0	0.0	0.0	0.0	0.0	0.0	0.0	0.0	0.0	0.0	0.0	0.0	0.0	0.0	0.0	0.0	0.0	0.0	0.0	0.0	0.0	0.0	0.0	0.0	0.0	0.0	0.0	0.0	0.0	0.0	0.0
47773.132929426334	488.5581044739738	238689.0214472023	2282272229.8926387	72059.66901942661	1183.9230237688316	5192595899.189311	1401673.7262099334	46933.69155273437	340.3962782118033	2202771402.76721	115869.6262204474	53728.74964980412	45857.56324911759	1.873805	63.395313	1.49817155	0.872769	-0.023088227	-0.1273255418	-0.0340061706	-0.0102216006	0.1902398948	-0.0401627289	-0.1846783093	-0.0019684635	0.054085843	-0.0827147152	-0.0036485495	-0.0016776409	0.048254368	0.034538928	0.072100839	0.0326323139	-0.017110189	-0.1047919239	-0.0703671217	0.0219767739	-0.0811306859	0.0318410652	0.0847160634	0.1194434321	0.1166309242	0.111992364	0.107906	-0.163659	0.011643704836	0.026784268281	0.201451	0.0209379999999999	0.0405825054009999	0.0004383998439999	-1.49529	0.2043600000000001	2.2358921841	0.0417630096	-0.00272808	-0.0139356799999999	0.0001942031770623	7.442420486399999e-06	-0.000961266	0.0067071439999999	9.24032322756e-07	4.498578063673466e-05	-0.000922404	-0.001541467	8.508291392160001e-07	2.376120512089e-06	0.0	0.0	1.0	0.0	0.0	0.0	0.0	0.0	0.0	0.0	0.0	0.0	0.0	0.0	0.0	0.0	0.0	0.0	0.0	0.0	0.0	0.0	0.0	0.0	0.0	0.0	0.0	0.0	0.0	0.0	0.0	0.0	0.0	0.0	0.0	0.0	0.0	0.0	0.0	0.0	0.0	0.0	0.0	0.0	0.0	0.0	0.0	0.0	0.0	0.0	0.0	0.0	0.0	0.0	0.0
47498.58516968625	-274.54775974008226	75376.47237829793	2256115593.1219387	70246.36468069894	-1813.3043387276705	4934551750.853747	3288072.624848593	46815.320068359375	-118.37148437499854	2191674193.102932	14011.808313140524	52948.032986743805	46416.55840736013	1.054619	35.680271	0.28177515	0.13153	-0.0347764118	-0.1109446773	-0.0664085955	-0.0916332156	0.0720141063	-0.0084761105	-0.0686565399	-0.0684054706	0.0573035341	-0.0580109988	0.0623327281	0.0242453974	0.0017560137	-0.0757256109	0.0066857305	0.0722412512	-0.0872129569	-0.0608195683	0.0108163811	0.0261059609	-0.0683874219	-0.06481351	-0.0182687563	0.1190702613	0.1151522399	0.1087174221	0.0165995	-0.0913065	0.00027554340025	0.00833687694225	0.231869	0.030418	0.053763233161	0.000925254724	-1.42459	0.0706999999999999	2.0294566681	0.0049984899999999	-0.00181091	0.0009171699999999	8.412008088999999e-07	3.2793950281e-06	-0.000533109	0.000428157	2.84205205881e-07	1.83318416649e-07	-0.00136409	-0.000441686	1.8607415281e-06	1.9508652259600006e-07	0.0	0.0	0.0	0.0	0.0	0.0	0.0	0.0	0.0	0.0	0.0	0.0	0.0	0.0	0.0	0.0	0.0	0.0	0.0	0.0	0.0	0.0	0.0	0.0	0.0	0.0	0.0	0.0	0.0	0.0	0.0	0.0	0.0	0.0	0.0	0.0	0.0	0.0	0.0	0.0	0.0	0.0	0.0	0.0	0.0	0.0	0.0	0.0	0.0	0.0	0.0	0.0	0.0	0.0	0.0
47658.51308240033	159.92791271407623	25576.937265081186	2271333869.225323	71259.08470807757	1012.7200273786292	5077857153.432975	1025601.8538537716	46939.49435221354	124.1742838541686	2203316130.041487	15419.25277069564	53300.46182366641	46645.83615009667	0.8803849999999999	29.785545	0.44863125	0.300797	-0.0301586338	-0.0966274981	-0.0353762815	-0.0517840722	0.0778399373	0.0106834207	0.0721323974	-0.0312994521	0.0573604016	-0.0864945588	-0.0031465304	-0.0103899458	0.0274183917	0.056325928	0.0100402725	-0.0818905103	-0.0598679443	-0.0457423316	-0.0624511535	-0.0022755786	-0.0029193901	-0.0365169083	-0.0714331156	0.1186353847	0.1134348849	0.1049355893	0.0219142	0.0053147	0.00048023216164	2.824603609000002e-05	0.216725	-0.0151439999999999	0.046969725625	0.0002293407359999	-1.5781	-0.15351	2.4903996100000003	0.0235653201	0.00263206	0.00444297	1.97399824209e-05	6.9277398436e-06	-0.00158339	-0.001050281	2.5071238921e-06	1.1030901789610002e-06	-0.00136409	0.0	1.8607415281e-06	0.0	0.0	0.0	0.0	0.0	0.0	0.0	0.0	0.0	0.0	0.0	0.0	0.0	0.0	0.0	0.0	0.0	0.0	0.0	0.0	0.0	0.0	0.0	0.0	0.0	0.0	0.0	0.0	0.0	0.0	0.0	0.0	0.0	0.0	0.0	0.0	0.0	0.0	0.0	0.0	0.0	0.0	0.0	0.0	0.0	0.0	0.0	0.0	0.0	0.0	0.0	0.0	0.0	0.0	0.0	0.0
47479.71706271923	-178.79601968109637	31968.016653803	2254323532.355872	70206.30971854074	-1052.7749895368324	4928925924.295668	1108335.1785942777	46781.02558051216	-158.46877170138032	2188464354.3645334	25112.3516045442	52971.25048756947	46900.22861333599	0.625913	21.176132	0.1304761999999999	0.0652507	-0.0381228703	-0.0899884779	-0.0504365202	-0.0910617247	0.0455368564	0.0202543143	0.0453103473	-0.0729410946	0.0493235348	-0.0326793282	-0.0098732543	-0.0258415212	-0.0039663188	-0.0206335192	0.0629682889	0.0253582741	-0.0901626341	-0.0246965887	-0.0237530938	0.0096464022	0.0242375065	-0.0104300618	-0.0590145094	0.1181390277	0.1114824189	0.1006644984	0.0375339	0.0156197	0.00140879364921	0.00024397502809	0.245897	0.029172	0.060465334609	0.000851005584	-1.52591	0.0521899999999999	2.3284013281000004	0.0027237960999999	0.00319553	0.0005634699999999	3.174984408999999e-07	1.02114119809e-05	-0.00168981	-0.0001064199999999	2.8554578361e-06	1.1325216399999972e-08	-0.00136409	0.0	1.8607415281e-06	0.0	0.0	0.0	0.0	0.0	0.0	0.0	0.0	0.0	0.0	0.0	0.0	0.0	0.0	0.0	0.0	0.0	0.0	0.0	0.0	0.0	0.0	0.0	0.0	0.0	0.0	0.0	0.0	0.0	0.0	0.0	0.0	0.0	0.0	0.0	0.0	0.0	0.0	0.0	0.0	0.0	0.0	0.0	0.0	0.0	0.0	0.0	0.0	0.0	0.0	0.0	0.0	0.0	0.0	0.0	0.0
47520.48972269808	40.77265997885115	1662.4098017510105	2258196943.485054	71099.53887067523	893.2291521344887	5055144427.622658	797858.3182228975	46796.862820095484	15.837239583321209	2189946369.802835	250.81815761951609	53222.18796550428	46253.89032146642	0.563997	19.081354	0.2122016	0.114716	-0.0305369449	-0.0893787553	-0.0290907376	-0.0516675545	0.0747441083	0.0334870632	0.0425185869	-0.0619742754	0.0374476077	-0.0606225926	-0.0405780052	0.0266440164	0.0143895282	0.018848333	0.0958296995	0.04383417	-0.0731055213	-0.0299212374	-0.0673560152	-0.0222874819	-0.0008431819	0.0255733813	-0.079027647	0.1175814474	0.1092988885	0.0959240631	0.045279	0.0077450999999999	0.002050187841	5.998657400999997e-05	0.228566	-0.017331	0.0522424163559999	0.000300363561	-1.59854	-0.0726299999999999	2.5553301316000003	0.0052751168999999	0.00433844	0.00114291	1.3062432681e-06	1.88220616336e-05	-0.00271409	-0.00102428	7.366284528100001e-06	1.0491495184000004e-06	-0.00124137	0.00012272	1.5409994769000002e-06	1.5060198399999998e-08	0.0	0.0	0.0	0.0	0.0	0.0	0.0	0.0	0.0	0.0	0.0	0.0	0.0	0.0	0.0	0.0	0.0	0.0	0.0	0.0	0.0	0.0	0.0	0.0	0.0	0.0	0.0	0.0	0.0	0.0	0.0	0.0	0.0	0.0	0.0	0.0	0.0	0.0	0.0	0.0	0.0	0.0	0.0	0.0	0.0	0.0	0.0	0.0	0.0	0.0	0.0	0.0	0.0	0.0	0.0
47634.22071733186	113.7309946337773	12934.73914038828	2269018983.347488	71025.05199759347	-74.48687308175431	5044558011.260857	5548.294261497375	46784.14359266493	-12.719227430556202	2188756091.699091	161.77874643021337	52997.984695657	46608.657229025805	0.607465	20.551981	0.1413700000000001	0.0853788	-0.0419547723	-0.0886064549	-0.0460014963	-0.0634874251	0.0957542154	-0.021890593	-0.1161134893	-0.0743837712	0.0129048086	-0.0465013599	-0.033974659	0.0697721904	-0.0334461865	0.0805182536	0.0539286004	-0.0134623811	-0.0906736647	-0.0124809561	-0.0023150264	0.0038268283	-0.0758232504	0.0107461814	-0.0680740704	0.1169629329	0.1068888195	0.0907363855	0.0263445	-0.0189345	0.00069403268025	0.00035851529025	0.246726	0.01816	0.060873719076	0.0003297856	-1.52666	0.0718800000000001	2.3306907556	0.0051667344	0.00381325	-0.00052519	2.758245361000001e-07	1.4540875562499998e-05	-0.00271409	0.0	7.366284528100001e-06	0.0	-0.00136409	-0.00012272	1.8607415281e-06	1.5060198399999998e-08	0.0	0.0	0.0	0.0	0.0	0.0	0.0	0.0	0.0	0.0	0.0	0.0	0.0	0.0	0.0	0.0	0.0	0.0	0.0	0.0	0.0	0.0	0.0	0.0	0.0	0.0	0.0	0.0	0.0	0.0	0.0	0.0	0.0	0.0	0.0	0.0	0.0	0.0	0.0	0.0	0.0	0.0	0.0	0.0	0.0	0.0	0.0	0.0	0.0	0.0	0.0	0.0	0.0	0.0	0.0
47771.360807196994	137.14008986513363	18807.404248216928	2282102913.371397	71449.55665806362	424.5046604701493	5105039146.633843	180204.2067608767	46945.49086371528	161.34727105034835	2203879112.4351745	26032.94187539458	53330.91761001275	46956.43006849075	0.625887	21.175268	0.15294995	0.0820242999999999	-0.0429328879	-0.0667644892	-0.0336605802	-0.0330326047	0.0772319028	-0.0133131793	0.0095785201	-0.0142266286	0.0134836054	-0.07486234	-0.0252621049	0.0743524157	-0.0607518702	0.11373818	0.0149142253	-0.0868508344	-0.0434056952	-0.0146093691	-0.0471956877	0.0183731226	-0.0721485017	-0.0038759058	-0.1096392842	0.1162838046	0.104257207	0.0851256531	0.04284	0.0164955	0.0018352656	0.00027210152025	0.237778	-0.008948	0.056538377284	8.006670400000021e-05	-1.54334	-0.01668	2.3818983556	0.0002782224	0.00509765	0.0012843999999999	1.6496833599999994e-06	2.59860355225e-05	-0.00239164	0.00032245	5.7199418896e-06	1.039740025000001e-07	-0.0007544109999999	0.0006096790000001	5.691359569208491e-07	3.717084830411221e-07	0.0	0.0	0.0	0.0	0.0	0.0	0.0	0.0	0.0	0.0	0.0	0.0	0.0	0.0	0.0	0.0	0.0	0.0	0.0	0.0	0.0	0.0	0.0	0.0	0.0	0.0	0.0	0.0	0.0	0.0	0.0	0.0	0.0	0.0	0.0	0.0	0.0	0.0	0.0	0.0	0.0	0.0	0.0	0.0	0.0	0.0	0.0	0.0	0.0	0.0	0.0	0.0	0.0	0.0	0.0
47917.17820666994	145.8173994729441	21262.713989052158	2296055967.2897644	73183.85314505441	1734.2964869907885	5355876361.15689	3007784.304788589	47024.8186469184	79.32778320312354	2211333568.7755647	6292.89718792177	53797.45066793459	47633.76884125167	0.827636	28.000923	0.50109125	0.263505	-0.0392563284	-0.0020417127	-0.0446406232	0.0772077246	0.0794304761	-0.0980620423	-0.001295027	0.0356539773	0.0246811733	-0.0653162311	0.0616880364	0.0314242784	-0.010569041	-0.0205989051	0.0314550949	-0.1485773404	0.0287987332	-0.0243469735	-0.0471886693	0.0709856414	-0.1043661966	0.0278177683	0.0420257105	0.1155444146	0.1014095056	0.0791180255	0.0793112	0.0364711999999999	0.00629026644544	0.0013301484294399	0.254719	0.0169409999999999	0.0648817689609999	0.0002869974809999	-1.32087	0.2224699999999999	1.7446975569	0.0494929008999999	0.00831639	0.00321874	1.0360287187600004e-05	6.916234263209999e-05	-0.00275582	-0.0003641799999999	7.5945438724e-06	1.326270724e-07	0.00016685	0.0009212609999999	2.7838922499999995e-08	8.487218301208157e-07	0.0	0.0	0.0	1.0	0.0	0.0	0.0	0.0	0.0	0.0	0.0	0.0	0.0	0.0	0.0	0.0	0.0	0.0	0.0	0.0	0.0	0.0	0.0	0.0	0.0	0.0	0.0	0.0	0.0	0.0	0.0	0.0	0.0	0.0	0.0	0.0	0.0	0.0	0.0	0.0	0.0	0.0	0.0	0.0	0.0	0.0	0.0	0.0	0.0	0.0	0.0	0.0	0.0	0.0	0.0
47630.25251810143	-286.92568856850994	82326.35076051355	2268640954.9381075	71485.4472089495	-1698.4059361049149	5110169162.663506	2884582.7237964123	46919.311344401045	-105.50730251735511	2201421777.0328407	11131.790884488692	53376.67989391627	47091.64561140804	0.708438	23.968159	0.1673562999999999	0.111203	-0.0410966874	-0.0038740026	-0.0363044453	-0.0296795454	0.0199908161	-0.0695027322	0.0048115192	-0.0167765306	0.0216607099	-0.0192013198	0.1118266586	0.0431939562	0.0095875312	0.0161189688	0.0137389467	-0.0498847983	-0.0265703478	-0.0095150603	0.0074321799	0.0729480266	-0.0458022148	-0.0468157253	0.0003827396	0.1147451459	0.0983516175	0.0727415132	0.0674149	-0.0118962999999999	0.00454476874201	0.0001415219536899	0.248584	-0.0061349999999999	0.061794005056	3.763822499999968e-05	-1.27325	0.0476199999999999	1.6211655625	0.0022676643999999	0.00655463	-0.00176176	3.1037982976000008e-06	4.29631744369e-05	-0.00301014	-0.00025432	9.0609428196e-06	6.467866240000008e-08	0.00014883	-1.8019999999999997e-05	2.21503689e-08	3.2472039999999976e-10	0.0	0.0	0.0	0.0	0.0	0.0	0.0	0.0	0.0	0.0	0.0	0.0	0.0	0.0	0.0	0.0	0.0	0.0	0.0	0.0	0.0	0.0	0.0	0.0	0.0	0.0	0.0	0.0	0.0	0.0	0.0	0.0	0.0	0.0	0.0	0.0	0.0	0.0	0.0	0.0	0.0	0.0	0.0	0.0	0.0	0.0	0.0	0.0	0.0	0.0	0.0	0.0	0.0	0.0	0.0
47566.092355181056	-64.16016292037239	4116.526505968727	2262533141.9416137	71398.95070103237	-86.49650791712338	5097810161.208451	7481.645881856988	46753.326047092014	-165.985297309031	2185873496.4656925	27551.11892276742	53309.9321125353	46714.28184250973	0.549103	18.577461	0.2214903500000001	0.140748	-0.0382251015	-0.0114087824	-0.040268785	-0.0295639642	0.0156992194	-0.0627619891	0.0056072304	-0.0534349372	-0.0043641538	-0.0314131725	-0.0137577717	0.0279705723	-0.0704401261	0.0203058602	0.0456742511	-0.064117301	-0.0575144806	0.0134993005	-0.0190967527	0.0492667943	-0.0010233466	0.0347875915	-0.0271081281	0.1138864128	0.0950898807	0.0660258464	0.0518305	-0.0155843999999999	0.00268640073025	0.0002428735233599	0.249175	0.000591	0.062088180625	3.492810000000097e-07	-1.35715	-0.0839	1.8418561225000003	0.00703921	0.00843222	0.00187759	3.525344208100004e-06	7.110233412840001e-05	-0.00269384	0.0003163	7.256773945599999e-06	1.0004569000000017e-07	0.000383239	0.000234409	1.46872131121e-07	5.4947579281000015e-08	0.0	0.0	0.0	0.0	0.0	0.0	0.0	0.0	0.0	0.0	0.0	0.0	0.0	0.0	0.0	0.0	0.0	0.0	0.0	0.0	0.0	0.0	0.0	0.0	0.0	0.0	0.0	0.0	0.0	0.0	0.0	0.0	0.0	0.0	0.0	0.0	0.0	0.0	0.0	0.0	0.0	0.0	0.0	0.0	0.0	0.0	0.0	0.0	0.0	0.0	0.0	0.0	0.0	0.0	0.0
47581.52576053856	15.43340535750758	238.1900009291437	2264001593.7007947	71513.95471191406	115.0040108816902	5114245718.537696	13225.922518875916	46842.37777235243	89.0517252604186	2194208355.3677773	7930.209771857078	53293.13424246652	46668.592739567095	0.500935	16.947838	0.0861437499999999	0.0451835	-0.0351952651	-0.0019254579	-0.0386513315	-0.0210402459	0.0305512742	-0.0488147542	-0.018456885	-0.0377444135	-0.0255575292	0.0262805375	-0.0105711161	0.1293593672	-0.0660508376	0.063987586	0.0039758633	-0.027544207	-0.0443950061	0.0260600119	0.0153968496	0.0326207784	-0.0585929903	0.0496838781	-0.0524528155	0.1129686603	0.0916310555	0.0590023366	0.0564754	0.0046449	0.00318947080516	2.1575096010000005e-05	0.280512	0.0313369999999999	0.078686982144	0.0009820075689999	-1.36375	-0.0065999999999999	1.8598140625	4.35599999999992e-05	0.00892414	0.0004919199999999	2.419852863999999e-07	7.964027473960001e-05	-0.00298528	-0.00029144	8.9118966784e-06	8.493727360000002e-08	0.000295362	-8.787699999999999e-05	8.723871104400001e-08	7.722367128999997e-09	0.0	0.0	0.0	0.0	0.0	0.0	0.0	0.0	0.0	0.0	0.0	0.0	0.0	0.0	0.0	0.0	0.0	0.0	0.0	0.0	0.0	0.0	0.0	0.0	0.0	0.0	0.0	0.0	0.0	0.0	0.0	0.0	0.0	0.0	0.0	0.0	0.0	0.0	0.0	0.0	0.0	0.0	0.0	0.0	0.0	0.0	0.0	0.0	0.0	0.0	0.0	0.0	0.0	0.0	0.0
47607.91825846184	26.392497923276096	696.563946630133	2266513880.904384	71468.7622201102	-45.19249180385668	5107783973.274652	2042.3613154416532	46778.44015299479	-63.93761935763905	2188222463.1473155	4088.01916912234	53219.36962890625	46609.01095074709	0.476157	16.109533	0.1348571499999999	0.10205	-0.0355811819	0.006875047	-0.0372062171	-0.025980515	0.0176417776	-0.0457737636	-0.0085405648	-0.0450259598	-0.0163325536	0.029640315	0.0404041009	0.1093791133	-0.097545138	0.0400114509	-0.0204271374	-0.0788413228	-0.0525362025	0.0311791467	0.023851662	0.0494246598	-0.0388415505	0.0540819956	-0.0575661062	0.111992364	0.087982311	0.0517037307	0.0599241	0.0034486999999999	0.00359089776081	1.1893531689999992e-05	0.278291	-0.0022209999999999	0.077445880681	4.93284099999988e-06	-1.37419	-0.01044	1.8883981561	0.0001089936	0.0108389	0.0019147599999999	3.666305857599999e-06	0.00011748175321	-0.00274559	0.0002396899999999	7.5382644481e-06	5.7451296099999947e-08	7.4863e-05	-0.000220499	5.604468769000001e-09	4.861980900100001e-08	0.0	0.0	0.0	0.0	0.0	0.0	0.0	0.0	0.0	0.0	0.0	0.0	0.0	0.0	0.0	0.0	0.0	0.0	0.0	0.0	0.0	0.0	0.0	0.0	0.0	0.0	0.0	0.0	0.0	0.0	0.0	0.0	0.0	0.0	0.0	0.0	0.0	0.0	0.0	0.0	0.0	0.0	0.0	0.0	0.0	0.0	0.0	0.0	0.0	0.0	0.0	0.0	0.0	0.0	0.0
47607.11894862861	-0.7993098332299269	0.6388962094980535	2266437774.5888734	71813.46856253488	344.7063424246735	5157174266.982185	118822.46250779626	46771.808165147566	-6.63198784722772	2187602039.0373645	43.98326280577616	53273.48782286352	47018.08514917485	0.498473	16.86455	0.1139093349999999	0.0544402	-0.0335025483	0.0249565892	-0.0351843628	-0.0066622076	0.0218028391	-0.0606001481	-0.0258576142	-0.054683705	-0.0035516482	-0.0010040741	0.0238098338	0.0508361344	-0.0391472925	0.0153114059	0.0512697843	-0.0340299637	-0.0525571362	0.0211457063	0.0174568793	0.0345935345	-0.0565333086	0.0530714651	-0.0089097183	0.1109580299	0.0841512098	0.0441640581	0.0466024	-0.0133216999999999	0.00217178368576	0.0001774676908899	0.316015	0.0377239999999999	0.099865480225	0.0014231001759999	-1.35721	0.0169799999999999	1.8420189841	0.0002883203999999	0.011455	0.0006160999999999	3.7957920999999953e-07	0.000131217025	-0.00258499	0.0001605999999999	6.682173300100001e-06	2.579235999999997e-08	-6.61097e-05	-0.0001409727	4.370492434089999e-09	1.987330214529e-08	0.0	0.0	0.0	0.0	0.0	0.0	0.0	0.0	0.0	0.0	0.0	0.0	0.0	0.0	0.0	0.0	0.0	0.0	0.0	0.0	0.0	0.0	0.0	0.0	0.0	0.0	0.0	0.0	0.0	0.0	0.0	0.0	0.0	0.0	0.0	0.0	0.0	0.0	0.0	0.0	0.0	0.0	0.0	0.0	0.0	0.0	0.0	0.0	0.0	0.0	0.0	0.0	0.0	0.0	0.0
47476.18798717115	-130.9309614574595	17142.91666817474	2253988425.7932143	71709.23159790039	-104.23696463448869	5142213896.361316	10865.344796211644	46698.68601345486	-73.12215169270348	2180767275.383245	5346.849068170739	53170.70473362336	46633.16158524757	0.555288	18.786724	0.0401075999999999	0.0206531	-0.0387712069	0.0150341044	-0.0323082275	-0.0099961684	0.0100900146	-0.0705403836	0.0096433656	-0.0571124796	-0.0528594765	-0.0328968762	0.032841044	0.0493874194	-0.0994234079	0.0553051614	0.0379604288	-0.0351579813	-0.0553970466	0.0519916476	-0.0024605109	0.0613739828	-0.0202513855	0.0538185771	-0.0367537201	0.109866194	0.0801456922	0.0364184723	0.0370498	-0.0095526	0.00137268768004	9.125216676000004e-05	0.311207	-0.0048079999999999	0.096849796849	2.31168639999998e-05	-1.35835	-0.0011399999999999	1.8451147225	1.299599999999815e-06	0.0116535	0.0001985	3.94022500000003e-08	0.00013580406225	-0.00287863	-0.0002936399999999	8.2865106769e-06	8.622444959999999e-08	-6.61097e-05	0.0	4.370492434089999e-09	0.0	0.0	0.0	0.0	0.0	0.0	0.0	0.0	0.0	0.0	0.0	0.0	0.0	0.0	0.0	0.0	0.0	0.0	0.0	0.0	0.0	0.0	0.0	0.0	0.0	0.0	0.0	0.0	0.0	0.0	0.0	0.0	0.0	0.0	0.0	0.0	0.0	0.0	0.0	0.0	0.0	0.0	0.0	0.0	0.0	0.0	0.0	0.0	0.0	0.0	0.0	0.0	0.0	0.0	0.0	0.0
47730.6884480569	254.5004608857489	64770.48459105861	2278218619.7254725	72402.54760306222	693.3160051618324	5242128899.413692	480687.0830135621	46813.16201171875	114.47599826388614	2191472137.535428	13104.754178513263	53607.05884287309	46720.51249859044	0.92559	31.314926	0.1982553	0.136719	-0.0228010386	0.0388941766	-0.0306426245	0.0257396321	0.0083916201	-0.0597942645	0.0084370157	-0.027805672	-0.0139392762	-0.0130544299	-0.0408410178	0.0641903179	-0.0682070413	0.0735616458	0.0661275723	-0.0043763193	-0.0216240069	0.0207455277	-0.0227909015	0.0380985167	-0.0094783873	0.0747850574	-0.0384892751	0.1087174221	0.0759740605	0.0285030867	0.034462	-0.0025878	0.001187629444	6.696708840000006e-06	0.267445	-0.043762	0.0715268280249999	0.001915112644	-1.23888	0.1194699999999999	1.5348236544	0.0142730808999999	0.0110245	-0.000629	3.956410000000014e-07	0.0001215396002499	-0.00289834	-1.971000000000004e-05	8.4003747556e-06	3.884841000000016e-10	-6.61097e-05	0.0	4.370492434089999e-09	0.0	0.0	0.0	0.0	0.0	0.0	0.0	0.0	0.0	0.0	0.0	0.0	0.0	0.0	0.0	0.0	0.0	0.0	0.0	0.0	0.0	0.0	0.0	0.0	0.0	0.0	0.0	0.0	0.0	0.0	0.0	0.0	0.0	0.0	0.0	0.0	0.0	0.0	0.0	0.0	0.0	0.0	0.0	0.0	0.0	0.0	0.0	0.0	0.0	0.0	0.0	0.0	0.0	0.0	0.0	0.0
48900.22638235595	1169.537934299049	1367818.979764487	2391232140.245661	77194.95900181362	4792.411398751399	5959061695.291686	22967207.014882345	47767.67284613715	954.5108344184046	2281750569.1355886	911090.9330221188	55446.52504042912	48251.027427228575	2.189784	74.08563999999998	2.273759055	1.46612	0.0668052767	0.1437826805	0.0913130197	0.3706026266	0.0977036505	0.0990821729	-0.1136094266	0.3003798448	0.1300017723	-0.0184580605	-0.0500242721	-0.0974432428	-0.0207403166	0.2487370223	-0.0102278633	0.1588942915	0.3334081165	-0.2027578992	0.0165465504	-0.1421622011	-0.0732410077	0.0212438044	0.1052526264	0.1075123095	0.071644961	0.0204548066	-0.00852009	-0.04298209	7.259193360809999e-05	0.0018474600607681	-0.0192742	-0.2867192	0.0003714947856399	0.08220789964864	-0.0317494	1.2071306	0.0010080244003599	1.4571642854563598	-0.000132495	-0.011156995	0.00012447853743	1.7554925025e-08	0.000628014	0.003526354	3.94401584196e-07	1.2435172533316002e-05	-0.000121304	-5.519430000000001e-05	1.4714660416e-08	3.046410752490001e-09	0.0	0.0	0.0	0.0	1.0	0.0	0.0	0.0	0.0	0.0	0.0	0.0	0.0	0.0	0.0	0.0	0.0	0.0	0.0	0.0	0.0	0.0	0.0	0.0	0.0	0.0	0.0	0.0	0.0	0.0	0.0	0.0	0.0	0.0	0.0	0.0	0.0	0.0	0.0	0.0	0.0	0.0	0.0	0.0	0.0	0.0	0.0	0.0	0.0	0.0	0.0	0.0	0.0	0.0	0.0
47930.176580169646	-970.0498021863024	940996.618721684	2297301827.0062428	69737.46947370257	-7457.489528111051	4863314648.595598	55614150.06188599	47487.40493164062	-280.2679144965296	2255053627.1416063	78550.103896234	53253.66495080175	45616.11397966462	1.590815	53.821072	0.3151316399999999	0.174649	0.0502708751	0.1242619806	0.0962666137	-0.0737950675	-0.1859579864	0.0877663455	0.0641119933	0.1993589253	0.0827806007	0.0270220904	0.0405192311	-0.0599338385	-0.0148310887	0.1569679437	-0.1606618302	0.052736852	0.133852571	-0.0690455541	0.1460691415	-0.0521919935	0.0650679465	-0.3094745372	-0.1783315965	0.1062514807	0.0671673664	0.0123111568	0.017136	0.02565609	0.0002936424959999	0.000658234954088	0.0519319	0.0712061	0.00269692223761	0.0050703086772099	-0.16978	-0.1380306	0.0288252483999999	0.01905244653636	0.0008797949999999	0.0010122899999999	1.0247310440997975e-06	7.740392420248241e-07	0.000908323	0.000280309	8.250506723290001e-07	7.857313548100006e-08	-0.000433482	-0.000312178	1.87906644324e-07	9.745510368400001e-08	0.0	0.0	0.0	0.0	0.0	1.0	0.0	0.0	0.0	0.0	0.0	0.0	0.0	0.0	0.0	0.0	0.0	0.0	0.0	0.0	0.0	0.0	0.0	0.0	0.0	0.0	0.0	0.0	0.0	0.0	0.0	0.0	0.0	0.0	0.0	0.0	0.0	0.0	0.0	0.0	0.0	0.0	0.0	0.0	0.0	0.0	0.0	0.0	0.0	0.0	0.0	0.0	0.0	0.0	0.0
48087.22626993563	157.0496897659832	24664.605055591568	2312381330.335987	71528.76659720285	1791.297123500277	5116364450.917122	3208745.3846603665	47447.46166992188	-39.94326171874127	2251261618.9187064	1595.4641567318615	53863.69439465937	47329.07756692519	1.139582	38.554794	0.45026489	0.277594	0.0026273413	0.0957883907	0.0410683779	0.0053815259	-0.1489054228	-0.0245929936	0.0613433866	0.1702742637	0.0680854878	0.0157074217	0.1128273228	-0.0224581905	-0.0573890738	0.1206960961	-0.109532323	0.0733416	0.1420672434	-0.0542670039	0.0953884839	0.0231382572	0.0602391942	-0.2487741897	-0.06569722	0.1049355893	0.0625505571	0.0041101067	0.0565978	0.0394618	0.0032033109648399	0.00155723365924	0.0834860999999999	0.0315541999999998	0.0069699288932099	0.0009956675376399	-0.399534	-0.229754	0.159627417156	0.052786900516	0.00294661	0.0020668150000001	4.271724244225415e-06	8.6825104921e-06	8.425919999999998e-05	-0.0008240638	7.099612784639997e-09	6.790811464704401e-07	-0.000334463	9.9019e-05	1.1186549836900001e-07	9.804762361e-09	0.0	0.0	0.0	0.0	0.0	0.0	0.0	0.0	0.0	0.0	0.0	0.0	0.0	0.0	0.0	0.0	0.0	0.0	0.0	0.0	0.0	0.0	0.0	0.0	0.0	0.0	0.0	0.0	0.0	0.0	0.0	0.0	0.0	0.0	0.0	0.0	0.0	0.0	0.0	0.0	0.0	0.0	0.0	0.0	0.0	0.0	0.0	0.0	0.0	0.0	0.0	0.0	0.0	0.0	0.0
47860.29145168587	-226.9348182497561	51499.41173404982	2290607497.840316	71296.03479875837	-232.73179844448168	5083124578.025764	54164.090007202845	47292.67107747396	-154.79059244792006	2236596737.6421423	23960.127510378086	53720.76796462167	46861.22986305134	0.860523	29.113544	0.34698179	0.174444	0.0020318379	0.111589808	0.0550893138	-0.0046754772	-0.157123629	-0.0392574981	0.0715502065	0.1516335937	0.0469895032	-0.0249929502	0.0614192185	-0.1678012748	-0.0382568184	0.1615323327	-0.159153805	0.0767235223	0.127393764	-0.0422198491	0.0724754494	0.0277763129	0.1288439468	-0.2580268598	-0.0660101593	0.103565317	0.0578041022	-0.0041101067	-0.0417621	-0.0983599	0.00174407299641	0.00967466992801	0.13558	0.0520939000000001	0.0183819364	0.00271377441721	-0.385566	0.0139679999999999	0.148661140356	0.0001951050239999	0.00170427	-0.00124234	1.5434086756000006e-06	2.9045362329e-06	0.00231184	0.0022275808	5.3446041856e-06	4.96211622052864e-06	-0.000515742	-0.000181279	2.65989810564e-07	3.2862075841e-08	0.0	0.0	0.0	0.0	0.0	0.0	0.0	0.0	0.0	0.0	0.0	0.0	0.0	0.0	0.0	0.0	0.0	0.0	0.0	0.0	0.0	0.0	0.0	0.0	0.0	0.0	0.0	0.0	0.0	0.0	0.0	0.0	0.0	0.0	0.0	0.0	0.0	0.0	0.0	0.0	0.0	0.0	0.0	0.0	0.0	0.0	0.0	0.0	0.0	0.0	0.0	0.0	0.0	0.0	0.0
47994.08795390851	133.79650222263444	17901.504007011423	2303432478.527506	72783.19294520786	1487.1581464494957	5297393175.299356	2211639.3525511	47233.654676649305	-59.01640082465747	2231018134.1129546	3482.9355662966304	54230.227640135294	47767.19974863369	1.195682	40.452785	1.0262215	0.576845	-0.0473837394	0.0726279774	0.0078378354	0.0744446604	-0.0640078411	-0.1047654183	0.058630843	0.1181551604	0.0079334902	-0.0265880088	0.04088543	0.053336323	0.0396249636	-0.0614550987	0.0084718441	0.0298857637	0.1163846499	-0.0179945032	-0.0246285718	0.1017589347	0.0551790457	-0.0851745453	0.008427123	0.1021413741	0.0529378395	-0.0123111568	-0.220972	-0.1792099	0.048828624784	0.03211618825801	0.133534	-0.0020459999999999	0.017831329156	4.186115999999969e-06	-0.858711	-0.473145	0.737384581521	0.223866191025	0.0053216	0.00361733	1.3085076328900002e-05	2.831942656e-05	0.00024262	-0.00206922	5.88644644e-08	4.2816714084e-06	0.00123412	0.001749862	1.5230521744e-06	3.062017019044e-06	0.0	0.0	0.0	0.0	0.0	0.0	1.0	0.0	0.0	0.0	0.0	0.0	0.0	0.0	0.0	0.0	0.0	0.0	0.0	0.0	0.0	0.0	0.0	0.0	0.0	0.0	0.0	0.0	0.0	0.0	0.0	0.0	0.0	0.0	0.0	0.0	0.0	0.0	0.0	0.0	0.0	0.0	0.0	0.0	0.0	0.0	0.0	0.0	0.0	0.0	0.0	0.0	0.0	0.0	0.0
48345.76086985213	351.6729159436218	123673.83980828966	2337312594.084925	72961.50331333706	178.31036812919774	5323380965.742095	31794.587382370017	47603.907199435766	370.2525227864608	2266131980.6524925	137086.93062973864	55001.6797344775	48308.38115497127	1.559128	52.749031	0.8369175000000002	0.423747	-0.0844225753	-0.0037586339	-0.0373357601	0.0989032985	0.0032081622	-0.1002145863	0.1782034135	0.2226673512	0.0251215408	-0.1607309516	-0.0611479122	0.1134846953	-0.0349714028	-0.1597187553	0.1039092049	-0.0795981221	0.184521918	-0.0373135729	-0.2499659623	0.1303175611	0.1005048829	0.0096495471	-0.1846086573	0.1006644984	0.0479618551	-0.0204548066	-0.0791655	0.1418065	0.00626717639025	0.02010908344225	0.189711	0.0561769999999999	0.0359902635209999	0.0031558553289999	-1.20907	-0.3503590000000001	1.4618502649000005	0.122751428881	0.00323842	-0.00208318	4.3396389124e-06	1.04873640964e-05	-0.0034287	-0.0036713199999999	1.175598369e-05	1.3478590542399997e-05	0.00125112	1.7000000000000088e-05	1.5653012544000005e-06	2.89000000000003e-10	0.0	0.0	0.0	0.0	0.0	0.0	0.0	1.0	0.0	0.0	0.0	0.0	0.0	0.0	0.0	0.0	0.0	0.0	0.0	0.0	0.0	0.0	0.0	0.0	0.0	0.0	0.0	0.0	0.0	0.0	0.0	0.0	0.0	0.0	0.0	0.0	0.0	0.0	0.0	0.0	0.0	0.0	0.0	0.0	0.0	0.0	0.0	0.0	0.0	0.0	0.0	0.0	0.0	0.0	0.0
48142.57292204979	-203.1879478023402	41285.34213212653	2317707327.5548816	74795.71459089007	1834.2112775530115	5594398921.161886	3364331.01070265	47462.07277018229	-141.8344292534748	2252648351.64208	20117.00532165895	54426.82186631629	45726.75170241557	2.160528	73.095848	2.670609	1.37878	0.1110966686	0.117416595	0.0424745504	0.22787888	-0.0557780181	0.0536982027	-0.0447792195	0.231663504	-0.0658595784	0.0238568111	0.0222547853	-0.0299820904	0.0591845345	-0.0038864018	-0.0611819905	0.0636985794	0.2336801859	0.0518897051	-0.0057646028	-0.0869041934	-0.1229386654	-0.1250104617	0.0483550888	0.0991354553	0.0428864624	-0.0285030867	-0.201335	-0.1221694999999999	0.040535782225	0.0149253867302499	0.478977	0.289266	0.2294189665289999	0.083674818756	-0.633672	0.5753980000000001	0.401540203584	0.3310828584040001	0.0267515	0.02351308	0.0005528649310864	0.00071564275225	-0.00410365	-0.00067495	1.6839943322500004e-05	4.555575025000007e-07	0.0107386	0.00948748	0.0001153175299599	9.001227675039999e-05	0.0	0.0	0.0	0.0	0.0	0.0	0.0	0.0	1.0	0.0	0.0	0.0	0.0	0.0	0.0	0.0	0.0	0.0	0.0	0.0	0.0	0.0	0.0	0.0	0.0	0.0	0.0	0.0	0.0	0.0	0.0	0.0	0.0	0.0	0.0	0.0	0.0	0.0	0.0	0.0	0.0	0.0	0.0	0.0	0.0	0.0	0.0	0.0	0.0	0.0	0.0	0.0	0.0	0.0	0.0
47404.89263861751	-737.6802834322807	544172.20056473	2247223846.078852	70783.4487915039	-4012.265799386165	5010296622.819456	16098276.8449239	46831.14390733507	-630.9288628472204	2193156039.6695266	398071.2299736867	53111.74923341267	43657.77746554661	1.395023	47.196968	1.0644085	0.587514	0.1217540235	0.0329775891	0.0771901236	-0.0104945705	-0.1691503458	0.0825421447	-0.0712784724	0.0308484417	-0.1375329161	0.15985069	-0.0184357715	-0.0558627523	0.0096282373	-0.1118587929	-0.0622714988	0.0916552829	0.0444725652	0.1442883814	0.1046614345	-0.079231028	0.0336315832	-0.0515473875	0.0120327428	0.0975550372	0.0377221809	-0.0364184723	-0.46337	-0.262035	0.2147117569	0.068662341225	0.51505	0.036073	0.2652765025	0.001301261329	-0.653785	-0.0201129999999999	0.4274348262249999	0.0004045327689999	0.0334882	0.0067367	4.538312689000002e-05	0.00112145953924	-0.0119566	-0.00785295	0.00014296028356	6.166882370249999e-05	0.0104045	-0.0003340999999999	0.00010825362025	1.1162280999999909e-07	0.0	0.0	0.0	0.0	0.0	0.0	0.0	0.0	0.0	1.0	0.0	0.0	0.0	0.0	0.0	0.0	0.0	0.0	0.0	0.0	0.0	0.0	0.0	0.0	0.0	0.0	0.0	0.0	0.0	0.0	0.0	0.0	0.0	0.0	0.0	0.0	0.0	0.0	0.0	0.0	0.0	0.0	0.0	0.0	0.0	0.0	0.0	0.0	0.0	0.0	0.0	0.0	0.0	0.0	0.0
47296.03083325429	-108.86180536321626	11850.89266693878	2236914532.5801406	71697.15679495675	913.708003452848	5140482292.480614	834862.3155737898	46877.95226236979	46.8083550347219	2197542408.313021	2191.022101056575	53311.61281432216	43620.30273765941	0.880673	29.795282	0.435274	0.229606	0.1269137518	0.0582977835	0.0891057101	0.0580308176	-0.1456944403	0.1078719212	-0.0577917213	0.0532321921	-0.133592119	0.1597815285	-0.0409980435	-0.0120742203	0.0555512304	-0.0583671841	-0.0387532189	0.1370613928	0.0784484757	0.1375192037	0.0848753747	-0.1063128046	-0.023165047	-0.015543175	0.0498207695	0.0959240631	0.0324797145	-0.0441640581	-0.287715	0.175655	0.082779921225	0.030854679025	0.489076	-0.0259739999999999	0.239195333776	0.0006746486759999	-0.692698	-0.038913	0.479830519204	0.001514221569	0.03432	0.0008318	6.91891240000001e-07	0.0011778624	-0.00939536	0.0025612399999999	8.827278952960001e-05	6.559950337599997e-06	0.0109061	0.0005015999999999	0.00011894301721	2.516025599999996e-07	0.0	0.0	0.0	0.0	0.0	0.0	0.0	0.0	0.0	0.0	0.0	0.0	0.0	0.0	0.0	0.0	0.0	0.0	0.0	0.0	0.0	0.0	0.0	0.0	0.0	0.0	0.0	0.0	0.0	0.0	0.0	0.0	0.0	0.0	0.0	0.0	0.0	0.0	0.0	0.0	0.0	0.0	0.0	0.0	0.0	0.0	0.0	0.0	0.0	0.0	0.0	0.0	0.0	0.0	0.0
47189.22391489048	-106.80691836381448	11407.71781037453	2226822853.6896715	71226.87136404855	-470.2854309082031	5073267204.31072	221168.3865245143	46802.93340928819	-75.01885308160126	2190514575.714265	5627.828317678876	53187.86685865752	43681.62122321022	0.695829	23.541557	0.3966029999999997	0.193043	0.1143275798	0.0738629562	0.0883489105	0.0349603627	-0.1866190602	0.0848571813	-0.0481287404	0.0242234452	-0.1408800077	0.2124341918	0.0055676105	-0.0291100182	0.0604915581	-0.0945778474	-0.0193297322	-0.0016928839	0.0525728335	0.1710262788	0.1149758748	-0.0549774469	0.0536884595	0.0312754899	0.0572421904	0.0942433782	0.0271699288	-0.0517037307	-0.205167	0.082548	0.0420934978889999	0.006814172304	0.533369	0.0442929999999999	0.2844824901609999	0.0019618698489999	-0.8146029999999999	-0.1219049999999998	0.6635780476089997	0.0148608290249999	0.0352284	0.0009083999999999	8.25190559999994e-07	0.00124104016656	-0.0074512199999999	0.0019441400000001	5.552067948839851e-05	3.7796803396003896e-06	0.0110107	0.0001045999999999	0.00012123551449	1.0941159999999963e-08	0.0	0.0	0.0	0.0	0.0	0.0	0.0	0.0	0.0	0.0	0.0	0.0	0.0	0.0	0.0	0.0	0.0	0.0	0.0	0.0	0.0	0.0	0.0	0.0	0.0	0.0	0.0	0.0	0.0	0.0	0.0	0.0	0.0	0.0	0.0	0.0	0.0	0.0	0.0	0.0	0.0	0.0	0.0	0.0	0.0	0.0	0.0	0.0	0.0	0.0	0.0	0.0	0.0	0.0	0.0
46971.35301110147	-217.8709037890076	47467.730717839	2206308003.693511	71643.74087524414	416.86951119558944	5132825606.599128	173780.18936444967	46606.06607530382	-196.86733398437357	2172125395.0155854	38756.74719011488	53242.77687468682	43161.50281227009	0.671838	22.729881	0.2731505000000002	0.129693	0.1237775818	0.0835047349	0.0864379419	0.0652151275	-0.1746693217	0.0954699256	-0.0236415635	-0.0200949555	-0.1766574953	0.1694859806	0.0030062227	-0.1496100084	0.0451389511	-0.0462511713	-0.03299834	0.0169423491	0.0340849566	0.1920514295	0.0756845958	-0.0503804951	0.0712511601	0.06860043	0.136685269	0.0925138536	0.0218038294	-0.0590023366	-0.241821	-0.036654	0.058477396041	0.001343515716	0.56653	0.0331609999999999	0.3209562408999999	0.0010996519209999	-0.836994	-0.0223910000000001	0.700558956036	0.000501356881	0.0344356	-0.0007928	6.285318400000051e-07	0.0011858105473599	-0.00643156	0.0010196599999998	4.13649640336e-05	1.0397065155997957e-06	0.00920427	-0.0018064299999999	8.47185862329e-05	3.263189344899998e-06	0.0	0.0	0.0	0.0	0.0	0.0	0.0	0.0	0.0	0.0	0.0	0.0	0.0	0.0	0.0	0.0	0.0	0.0	0.0	0.0	0.0	0.0	0.0	0.0	0.0	0.0	0.0	0.0	0.0	0.0	0.0	0.0	0.0	0.0	0.0	0.0	0.0	0.0	0.0	0.0	0.0	0.0	0.0	0.0	0.0	0.0	0.0	0.0	0.0	0.0	0.0	0.0	0.0	0.0	0.0
46811.64721501229	-159.70579608917615	25505.94130447751	2191330314.982768	71013.91756330218	-629.8233119419601	5042976487.687478	396677.4042655396	46594.175705295136	-11.890370008681202	2171017209.6559157	141.3808989433454	53088.42352490661	42232.89133251515	0.640255	21.661369	0.1959774999999999	0.106085	0.1277257782	0.0790410916	0.0851030745	0.0420275126	-0.1933232446	0.1005351224	-0.0384307127	-0.0154272586	-0.2045225076	0.1675994326	-0.0035520044	-0.1206933353	0.0045802694	-0.0653891813	0.0018819735	-0.0129654079	0.0331978244	0.2163781406	0.0778770378	-0.0316640649	0.087756963	0.0748370987	0.1004887096	0.0907363855	0.0163925382	-0.0660258464	-0.284549	-0.0427279999999999	0.080968133401	0.0018256819839999	0.555333	-0.011197	0.308394740889	0.000125372809	-0.8523009999999999	-0.0153069999999998	0.7264169946009997	0.0002343042489999	0.0342962	-0.0001393999999999	1.94323599999994e-08	0.00117622933444	-0.00546597	0.00096559	2.98768280409e-05	9.32364048100001e-07	0.00777435	-0.00142992	6.04405179225e-05	2.0446712064000008e-06	0.0	0.0	0.0	0.0	0.0	0.0	0.0	0.0	0.0	0.0	0.0	0.0	0.0	0.0	0.0	0.0	0.0	0.0	0.0	0.0	0.0	0.0	0.0	0.0	0.0	0.0	0.0	0.0	0.0	0.0	0.0	0.0	0.0	0.0	0.0	0.0	0.0	0.0	0.0	0.0	0.0	0.0	0.0	0.0	0.0	0.0	0.0	0.0	0.0	0.0	0.0	0.0	0.0	0.0	0.0
46928.75229584873	117.105080836438	13713.599957708677	2202307792.0451274	71281.21970476423	267.30214146204526	5081012282.598867	71450.43483019526	46573.34903428819	-20.8266710069438	2169076840.269633	433.7502252314734	53178.39017657845	42669.77118932613	0.588108	19.897085	0.2319914999999997	0.105742	0.1167533357	0.0930311415	0.0786010646	0.0527083456	-0.1842219107	0.0802686715	-0.0507790875	-0.0288493169	-0.1798978988	0.1727067098	-0.0474637227	-0.0404695135	0.0136571925	-0.0554164618	-0.0048284764	-0.081116073	0.027515328	0.202614983	0.0797565792	-0.0377698162	0.0765581671	0.1130940613	0.0969579472	0.0889118951	0.010947271	-0.0727415132	-0.325264	-0.040715	0.105796669696	0.001657711225	0.504464	-0.0508689999999999	0.254483927296	0.0025876551609999	-0.913936	-0.0616350000000001	0.835279012096	0.003798873225	0.0341233	-0.0001728999999999	2.989440999999885e-08	0.00116439960289	-0.00474792	0.0007180499999999	2.25427443264e-05	5.155958024999994e-07	0.00708985	-0.0006845	5.02659730225e-05	4.685402500000003e-07	0.0	0.0	0.0	0.0	0.0	0.0	0.0	0.0	0.0	0.0	0.0	0.0	0.0	0.0	0.0	0.0	0.0	0.0	0.0	0.0	0.0	0.0	0.0	0.0	0.0	0.0	0.0	0.0	0.0	0.0	0.0	0.0	0.0	0.0	0.0	0.0	0.0	0.0	0.0	0.0	0.0	0.0	0.0	0.0	0.0	0.0	0.0	0.0	0.0	0.0	0.0	0.0	0.0	0.0	0.0
46982.64835836818	53.89606251944497	2904.7855550999207	2207369246.766076	71410.78383527484	129.564130510611	5099500047.968349	16786.86391497064	46676.649088541664	103.3000542534719	2178709570.134857	10670.901208770238	53149.13556139532	42870.94073157888	0.59031	19.971586	0.2863265000000002	0.137279	0.1016334456	0.1175312186	0.0652845378	0.0546606151	-0.1547535656	0.0422014785	-0.1041797603	-0.0074903711	-0.1745570278	0.1278764686	-0.0537866589	-0.0571766022	-0.0258094792	0.0217814613	-0.0157196027	-0.0725593104	0.0337873045	0.1991666529	0.0766885854	-0.0201850148	0.0518666336	0.1110243938	0.0448710447	0.0870413278	0.0054793138	-0.0791180255	-0.281562	0.043702	0.079277159844	0.001909864804	0.548218	0.0437539999999999	0.300542975524	0.0019144125159999	-0.972398	-0.058462	0.945557870404	0.003417805444	0.0318216	-0.0023017	5.297822890000017e-06	0.00101261422656	-0.00474792	0.0	2.25427443264e-05	0.0	0.00658338	-0.00050647	4.33408922244e-05	2.565118609000002e-07	0.0	0.0	0.0	0.0	0.0	0.0	0.0	0.0	0.0	0.0	0.0	0.0	0.0	0.0	0.0	0.0	0.0	0.0	0.0	0.0	0.0	0.0	0.0	0.0	0.0	0.0	0.0	0.0	0.0	0.0	0.0	0.0	0.0	0.0	0.0	0.0	0.0	0.0	0.0	0.0	0.0	0.0	0.0	0.0	0.0	0.0	0.0	0.0	0.0	0.0	0.0	0.0	0.0	0.0	0.0
47114.22650949085	131.57815112267417	17312.809852861283	2219750339.5876102	71200.24786376953	-210.5359715053055	5069475295.862218	44325.39529768281	46672.30715603298	-4.341932508687023	2178304255.267087	18.852377909993187	53093.81383102907	43244.92131295653	0.631974	21.381199	0.1615305	0.0928797	0.1021835474	0.0995750552	0.0661270787	0.0380627284	-0.1656715603	0.0379886878	-0.1174593508	-0.0196037267	-0.1663263423	0.141569792	0.0099891084	-0.0222780739	-0.0161998241	0.0072989186	-0.0004322846	0.01686549	0.020651963	0.1947432209	0.0986757557	-0.0171790775	0.0174548997	0.0651340199	0.0482979688	0.0851256531	0.0	-0.0851256531	-0.270209	0.011353	0.0730129036809999	0.000128890609	0.526516	-0.021702	0.277219098256	0.0004709768039999	-0.9927	-0.020302	0.98545329	0.000412171204	0.0334318	0.0016101999999999	2.5927440399999973e-06	0.00111768525124	-0.00443336	0.00031456	1.96546808896e-05	9.894799360000012e-08	0.00634467	-0.0002387099999999	4.02548374089e-05	5.6982464099999826e-08	0.0	0.0	0.0	0.0	0.0	0.0	0.0	0.0	0.0	0.0	0.0	0.0	0.0	0.0	0.0	0.0	0.0	0.0	0.0	0.0	0.0	0.0	0.0	0.0	0.0	0.0	0.0	0.0	0.0	0.0	0.0	0.0	0.0	0.0	0.0	0.0	0.0	0.0	0.0	0.0	0.0	0.0	0.0	0.0	0.0	0.0	0.0	0.0	0.0	0.0	0.0	0.0	0.0	0.0	0.0
47377.24237110988	263.01586161903106	69177.3434632013	2244603094.6908894	72083.65595790317	883.4080941336433	5196053456.25735	780409.860780836	46952.30654296875	279.9993869357713	2204519089.704906	78399.65668440779	53413.095153630646	43640.39863196403	0.849728	28.748331	0.5587015	0.303996	0.0892007837	0.1286453018	0.0518636067	0.0805354049	-0.1187582524	-0.0260217186	-0.2073933349	0.0505714157	-0.1508519383	0.1321757691	0.0082609739	0.144650048	5.70641e-05	0.0399018699	-0.0456171024	-0.0290318611	0.0778589019	0.1751724342	0.0882821697	0.006076768	-0.0622466094	0.0577340107	0.0016629084	0.0831658636	-0.0054793138	-0.0907363855	-0.263614	0.0065949999999999	0.069492340996	4.34940249999995e-05	0.45136	-0.075156	0.2037258495999999	0.005648424336	-0.8904959999999998	0.1022040000000001	0.7929831260159997	0.010445657616	0.0289866	-0.0044451999999999	1.9759803039999967e-05	0.00084022297956	-0.00363825	0.0007951099999999	1.32368630625e-05	6.321999120999998e-07	0.00409005	-0.00225462	1.6728509002499996e-05	5.083311344400003e-06	0.0	0.0	0.0	0.0	0.0	0.0	0.0	0.0	0.0	0.0	1.0	0.0	0.0	0.0	0.0	0.0	0.0	0.0	0.0	0.0	0.0	0.0	0.0	0.0	0.0	0.0	0.0	0.0	0.0	0.0	0.0	0.0	0.0	0.0	0.0	0.0	0.0	0.0	0.0	0.0	0.0	0.0	0.0	0.0	0.0	0.0	0.0	0.0	0.0	0.0	0.0	0.0	0.0	0.0	0.0
47568.692508732245	191.4501376223634	36653.15519562188	2262780506.9903197	72032.64051600864	-51.01544189453125	5188701299.708529	2602.575311694294	46934.810590277775	-17.495952690973354	2202876445.145251	306.10836056477774	53457.143752562406	44823.83098003575	0.863935	29.228994	0.549577	0.321852	0.0596100705	0.1383846824	0.0333982436	0.068347291	-0.1130086926	-0.0226403949	-0.1976119031	0.0516020215	-0.1132530837	0.1160820361	-0.0011058734	0.0517849832	-0.0208576808	0.1454570547	-0.0363274197	-0.103319722	0.0791111791	0.1400174448	0.0965498737	-0.0032208677	-0.0563559057	0.0166510124	-0.0050763868	0.0811629751	-0.010947271	-0.0959240631	-0.340256	-0.0766419999999999	0.115774145536	0.0058739961639999	0.398313	-0.053047	0.158653245969	0.002813984209	-0.867357	0.0231389999999998	0.752308165449	0.0005354133209999	0.0235306	-0.005456	2.976793600000003e-05	0.0005536891363599	-0.00156809	0.0020701599999999	2.4589062481000004e-06	4.285562425599999e-06	0.00368123	-0.0004088199999999	1.35514543129e-05	1.671337923999995e-07	0.0	0.0	0.0	0.0	0.0	0.0	0.0	0.0	0.0	0.0	0.0	1.0	0.0	0.0	0.0	0.0	0.0	0.0	0.0	0.0	0.0	0.0	0.0	0.0	0.0	0.0	0.0	0.0	0.0	0.0	0.0	0.0	0.0	0.0	0.0	0.0	0.0	0.0	0.0	0.0	0.0	0.0	0.0	0.0	0.0	0.0	0.0	0.0	0.0	0.0	0.0	0.0	0.0	0.0	0.0
47729.20962631592	160.5171175836731	25765.745037370736	2278077451.5528083	71631.56110927036	-401.0794067382813	5131080546.951135	160864.69050953165	47143.00456814236	208.19397786458285	2222462879.711891	43344.73241907841	53596.64944395727	45797.90616747938	1.036518	35.067894	0.4751114999999999	0.264512	0.0160443538	0.1640955004	0.0129712636	0.0588916164	-0.1368191144	-0.0497938039	-0.0107909595	0.1102319515	-0.1177345594	0.063989289	-0.0152658189	0.0556161251	0.0347076434	0.0041063733	0.0916412843	-0.015652714	0.100147246	0.1474641141	0.0303492106	0.0366093547	-0.0214373161	0.011809239	-0.0761184003	0.0791180255	-0.0163925382	-0.1006644984	-0.251392	0.088864	0.063197937664	0.007896810496	0.392917	-0.0053959999999999	0.154383768889	2.9116815999999528e-05	-1.08184	-0.2144829999999998	1.1703777855999995	0.0460029572889999	0.0238555	0.0003249	1.0556001000000193e-07	0.00056908488025	-0.00389499	-0.0023269	1.51709471001e-05	5.41446361e-06	0.00300566	-0.00067557	9.0339920356e-06	4.563948249000005e-07	0.0	0.0	0.0	0.0	0.0	0.0	0.0	0.0	0.0	0.0	0.0	0.0	0.0	0.0	0.0	0.0	0.0	0.0	0.0	0.0	0.0	0.0	0.0	0.0	0.0	0.0	0.0	0.0	0.0	0.0	0.0	0.0	0.0	0.0	0.0	0.0	0.0	0.0	0.0	0.0	0.0	0.0	0.0	0.0	0.0	0.0	0.0	0.0	0.0	0.0	0.0	0.0	0.0	0.0	0.0
48482.97322227579	753.7635959598701	568159.5585943543	2350598692.471911	74371.40853881836	2739.8474295479973	5531106408.047824	7506763.937200768	47378.60940755208	235.60483940972333	2244732629.3933825	55509.64035328153	54684.37013142311	49542.91220681229	2.029585	68.665718	2.3941856	1.45528	-0.1391323836	-0.0192202244	0.0380993692	0.1520603768	0.029959434	-0.2253503948	0.1308156456	0.1637740159	0.0281651801	-0.1715395675	0.1849109174	-0.091259549	0.0563837797	-0.0246471277	0.1415343799	-0.1121783876	0.1657491135	-0.0597356959	-0.1641439489	0.2272903512	-0.0050385377	0.0484830551	0.0429207126	0.0770320745	-0.0218038294	-0.1049355893	0.0730279999999999	0.3244199999999999	0.0053330887839999	0.1052483363999999	0.0335837	-0.3593333	0.00112786490569	0.12912042048889	-1.1908	-0.1089600000000001	1.41800464	0.0118722816	-0.00262057	-0.02647607	0.0007009822826449	6.8673871249e-06	-0.00678028	-0.0028852899999999	4.59721968784e-05	8.324898384099997e-06	0.000337574	-0.002668086	1.13956205476e-07	7.118682903396e-06	0.0	0.0	0.0	0.0	0.0	0.0	0.0	0.0	0.0	0.0	0.0	0.0	1.0	0.0	0.0	0.0	0.0	0.0	0.0	0.0	0.0	0.0	0.0	0.0	0.0	0.0	0.0	0.0	0.0	0.0	0.0	0.0	0.0	0.0	0.0	0.0	0.0	0.0	0.0	0.0	0.0	0.0	0.0	0.0	0.0	0.0	0.0	0.0	0.0	0.0	0.0	0.0	0.0	0.0	0.0
47799.30903180224	-683.6641904735516	467396.7253358566	2284773943.917731	70440.57382638114	-3930.834712437223	4961874440.989851	15451461.536501426	47097.54663628472	-281.0627712673595	2218178899.1570144	78996.28139248805	53418.06016696229	47826.94224089892	1.505049	50.919415	0.4131023999999998	0.185805	-0.1378993492	-0.0919400135	0.0413729925	-0.0640738179	-0.0551006742	-0.1334765214	0.0358220769	0.0793154206	-0.0073899815	-0.103616582	0.0841964277	-0.0707009148	-0.0919841012	-0.028123616	0.1234855202	0.0801034024	0.0296804834	0.0098547208	-0.0149776681	0.1626053541	0.0291407004	-0.1114936114	-0.094019711	0.0749062032	-0.0271699288	-0.1087174221	0.0272017	-0.0458262999999999	0.0007399324828899	0.0021000497716899	0.13298	0.0993962999999999	0.0176836803999999	0.0098796244536899	-1.20996	-0.0191599999999998	1.4640032015999995	0.0003671055999999	-0.00477373	-0.00215316	4.636097985600001e-06	2.2788498112900003e-05	-0.00480602	0.0019742599999999	2.3097828240400003e-05	3.8977025475999975e-06	0.00118455	0.0008469759999999	1.4031587024999998e-06	7.173683445759999e-07	0.0	0.0	0.0	0.0	0.0	0.0	0.0	0.0	0.0	0.0	0.0	0.0	0.0	1.0	0.0	0.0	0.0	0.0	0.0	0.0	0.0	0.0	0.0	0.0	0.0	0.0	0.0	0.0	0.0	0.0	0.0	0.0	0.0	0.0	0.0	0.0	0.0	0.0	0.0	0.0	0.0	0.0	0.0	0.0	0.0	0.0	0.0	0.0	0.0	0.0	0.0	0.0	0.0	0.0	0.0
47805.77816811472	6.469136312480259	41.84972462945069	2285392426.2589936	72574.92951311384	2134.355686732699	5267120393.833442	4555474.19748821	46977.80443250868	-119.7422037760407	2206914109.299032	14338.195365142856	53668.60038521547	46674.03525697169	2.010992	68.036659	2.2804183	1.31413	-0.0202661252	-0.0363334591	-0.0291362187	0.0617842051	0.0941558964	0.0078483458	0.0593456165	0.0421391025	0.1066097042	-0.0344202796	-0.0026439204	0.0565732766	0.2404226478	-0.145713901	-0.0054770201	-0.0383984104	0.0558054928	-0.1081512967	-0.0523874726	-0.0547618994	-0.0716474359	0.0710949839	0.0799868671	0.0727415132	-0.0324797145	-0.111992364	0.206626	0.1794243	0.042694303876	0.03219307943049	-0.296983	-0.429963	0.088198902289	0.184868181369	-1.67265	-0.46269	2.7977580225	0.2140820361	-0.0281537	-0.02337997	0.0005466229972009	0.00079263082369	-0.00489123	-8.520999999999963e-05	2.39241309129e-05	7.260744099999936e-09	0.00048291	-0.0007016399999999	2.3320206810000006e-07	4.922986895999999e-07	0.0	0.0	0.0	0.0	0.0	0.0	0.0	0.0	0.0	0.0	0.0	0.0	0.0	0.0	1.0	0.0	0.0	0.0	0.0	0.0	0.0	0.0	0.0	0.0	0.0	0.0	0.0	0.0	0.0	0.0	0.0	0.0	0.0	0.0	0.0	0.0	0.0	0.0	0.0	0.0	0.0	0.0	0.0	0.0	0.0	0.0	0.0	0.0	0.0	0.0	0.0	0.0	0.0	0.0	0.0
47751.65183528157	-54.1263328331479	2929.659905964704	2280220252.9979496	70103.15861293247	-2471.770900181364	4914452847.509968	6109651.382983389	46901.41546766493	-76.38896484375437	2199742772.8705187	5835.27394990034	53156.37570039176	46488.37909428207	1.687561	57.094219	0.7414864999999998	0.49613	-0.0027014812	0.066527008	-0.0260774489	-0.0654854498	-0.0001853346	0.1210780899	0.1257333278	-0.0143829903	0.0951984259	0.0075476106	-0.0513132619	0.1528836775	0.1346940859	0.0034422562	-0.0424093114	-0.0696404825	-0.0318211259	-0.0878673914	0.0020537655	-0.1080757547	0.0380655167	-0.0699226719	-0.0252751795	0.0705391264	-0.0377221809	-0.1147451459	0.257609	0.0509829999999999	0.0663623968809999	0.0025992662889999	-0.260138	0.036845	0.0676717790439999	0.001357554025	-1.70836	-0.0357100000000001	2.918493889600001	0.0012752041	-0.0376414	-0.0094876999999999	9.001645128999997e-05	0.0014168749939599	-0.00307639	0.0018148399999999	9.4641754321e-06	3.2936442255999995e-06	-0.00057352	-0.00105643	3.289251904e-07	1.1160443449000004e-06	0.0	0.0	0.0	0.0	0.0	0.0	0.0	0.0	0.0	0.0	0.0	0.0	0.0	0.0	0.0	1.0	0.0	0.0	0.0	0.0	0.0	0.0	0.0	0.0	0.0	0.0	0.0	0.0	0.0	0.0	0.0	0.0	0.0	0.0	0.0	0.0	0.0	0.0	0.0	0.0	0.0	0.0	0.0	0.0	0.0	0.0	0.0	0.0	0.0	0.0	0.0	0.0	0.0	0.0	0.0
47437.44904644614	-314.2027888354278	98723.39251196042	2250311572.034174	69664.16218784878	-438.9964250836929	4853095493.3349	192717.8612362624	46749.37868923611	-152.03677842881734	2185504407.829603	23115.1819950133	52848.913957156525	45134.80611689957	1.125553	38.080147	0.3102584999999999	0.221323	0.0123227468	0.0038903675	-0.0673116758	-0.0947277656	0.0521759807	0.0837416895	-0.0084664724	-0.0694579166	0.1085548303	0.0315752594	-0.0411477769	0.1430398371	0.0650595001	0.0478775851	-0.0076493395	-0.0286123823	-0.0803670581	-0.0935861297	0.0344662256	-0.103742595	-0.0414463946	-0.0263804037	-0.0306990746	0.068300184	-0.0428864624	-0.1169629329	0.27889	0.021281	0.0777796321	0.000452880961	-0.205268	0.0548699999999999	0.042134951824	0.0030107168999999	-1.7223	-0.0139399999999998	2.96631729	0.0001943235999999	-0.0336251	0.0040163	1.6130665690000004e-05	0.00113064735001	-0.00325975	-0.00018336	1.06259700625e-05	3.362088960000001e-08	-0.00036983	0.00020369	1.367742289e-07	4.1489616100000015e-08	0.0	0.0	0.0	0.0	0.0	0.0	0.0	0.0	0.0	0.0	0.0	0.0	0.0	0.0	0.0	0.0	0.0	0.0	0.0	0.0	0.0	0.0	0.0	0.0	0.0	0.0	0.0	0.0	0.0	0.0	0.0	0.0	0.0	0.0	0.0	0.0	0.0	0.0	0.0	0.0	0.0	0.0	0.0	0.0	0.0	0.0	0.0	0.0	0.0	0.0	0.0	0.0	0.0	0.0	0.0
47633.41879537205	195.96974892590515	38404.14249408231	2268942586.135303	70588.2630179269	924.100830078125	4982702875.888027	853962.3441510797	46818.43246527778	69.05377604167006	2191965618.5057764	4768.423985613126	53107.32778476904	46270.367320655176	0.770459	26.066473	0.4525351999999998	0.205683	-0.0113983359	0.0145286313	-0.0199342736	-0.046315071	0.045277458	0.0250030127	0.034583639	-0.0358340002	0.0821264467	-0.0069607319	-0.0204260916	0.0402740593	0.0556107815	0.0298491057	0.0303401315	0.0219588846	-0.0428676263	-0.0952528954	0.0187155673	-0.0540541553	-0.0133532827	-0.014783761	0.0035089408	0.0660258464	-0.0479618551	-0.1186353847	0.377279	0.0983889999999999	0.1423394438409999	0.0096803953209999	-0.177026	0.028242	0.0313382046759999	0.000797610564	-1.57661	0.1456899999999998	2.4856990921000004	0.0212255760999999	-0.0317453	0.0018798	3.5336480400000035e-06	0.0010077640720899	-0.00425667	-0.0009969199999999	1.81192394889e-05	9.938494863999993e-07	0.000357734	0.000727564	1.2797361475600002e-07	5.29349374096e-07	0.0	0.0	0.0	0.0	0.0	0.0	0.0	0.0	0.0	0.0	0.0	0.0	0.0	0.0	0.0	0.0	0.0	0.0	0.0	0.0	0.0	0.0	0.0	0.0	0.0	0.0	0.0	0.0	0.0	0.0	0.0	0.0	0.0	0.0	0.0	0.0	0.0	0.0	0.0	0.0	0.0	0.0	0.0	0.0	0.0	0.0	0.0	0.0	0.0	0.0	0.0	0.0	0.0	0.0	0.0
47340.47413355606	-292.94466181598546	85816.57488648209	2241120491.1898904	70438.77336774554	-149.4896501813637	4961620793.552618	22347.15551134649	46646.16834309896	-172.2641221788217	2175865021.092727	29674.92779004001	53002.07961831496	45371.66307416839	0.631659	21.370546	0.041035	0.0221085	0.005011661	-0.0044040243	-0.0327635138	-0.0544793411	0.0478364335	0.044151563	0.0483855874	-0.0797083021	0.1109590354	-0.0236605981	-0.0202055304	-0.0122172466	0.1063777127	-0.0234377079	0.0178154116	0.016918422	-0.075016186	-0.1044162282	0.0086291786	-0.0637011176	0.0365505326	-0.0156695948	0.0606973843	0.0637172922	-0.0529378395	-0.1197547036	0.373439	-0.0038399999999999	0.139456686721	1.4745599999999653e-05	-0.171813	0.0052129999999999	0.0295197069689999	2.7175368999999952e-05	-1.58671	-0.0100999999999999	2.5176486241	0.0001020099999999	-0.0317712	-2.590000000000231e-05	6.708100000001195e-10	0.00100940914944	-0.00390188	0.0003547899999999	1.52246675344e-05	1.2587594409999985e-07	0.000300784	-5.695e-05	9.0471014656e-08	3.2433025e-09	0.0	0.0	0.0	0.0	0.0	0.0	0.0	0.0	0.0	0.0	0.0	0.0	0.0	0.0	0.0	0.0	0.0	0.0	0.0	0.0	0.0	0.0	0.0	0.0	0.0	0.0	0.0	0.0	0.0	0.0	0.0	0.0	0.0	0.0	0.0	0.0	0.0	0.0	0.0	0.0	0.0	0.0	0.0	0.0	0.0	0.0	0.0	0.0	0.0	0.0	0.0	0.0	0.0	0.0	0.0
47513.19721648812	172.72308293206152	29833.2633775558	2257503909.732895	70465.41586303711	26.642495291569503	4965374832.750762	709.8225553613031	46770.194921875	124.0265787760436	2187451133.0301824	15382.59224289015	53138.7606197613	45964.154867540026	0.611166	20.677206	0.1547049999999999	0.115349	-0.0152978749	-0.0001373236	0.0020791087	-0.0405601864	0.0588947244	0.0058699504	0.0052925547	-0.0571742325	0.1019764615	0.0084737716	-0.0215322392	0.0281419707	0.0311895797	0.0157346403	0.1113467815	0.0804711459	-0.0467835485	-0.1107179294	0.0300671434	-0.0418240512	-0.0063158507	0.0503365961	0.024268436	0.0613757178	-0.0578041022	-0.1203156708	0.390381	0.0169419999999999	0.152397325161	0.0002870313639999	-0.168773	0.0030399999999999	0.028484325529	9.241599999999922e-06	-1.47537	0.11134	2.1767166369	0.0123965956	-0.0318822	-0.0001109999999999	1.2320999999999997e-08	0.00101647467684	-0.0038583	4.3580000000000094e-05	1.4886478889999998e-05	1.8992164000000083e-09	0.000613864	0.00031308	3.76829010496e-07	9.801908640000001e-08	0.0	0.0	0.0	0.0	0.0	0.0	0.0	0.0	0.0	0.0	0.0	0.0	0.0	0.0	0.0	0.0	0.0	0.0	0.0	0.0	0.0	0.0	0.0	0.0	0.0	0.0	0.0	0.0	0.0	0.0	0.0	0.0	0.0	0.0	0.0	0.0	0.0	0.0	0.0	0.0	0.0	0.0	0.0	0.0	0.0	0.0	0.0	0.0	0.0	0.0	0.0	0.0	0.0	0.0	0.0
47458.61900210504	-54.578214383080194	2978.7814852454617	2252320517.586966	70655.42003086636	190.0041678292473	4992188379.738151	36101.58379248478	46722.36512044271	-47.82980143229361	2182979402.4479613	2287.689905052636	53092.18479950574	45379.420521586464	0.578542	19.573454	0.29039405	0.134461	-0.0122240685	-0.0163305406	0.0197951484	-0.0266663169	0.0557883288	-0.0170375495	-0.0078113899	-0.0510931275	0.0704376176	0.0561816815	-0.059563191	0.0767612248	-0.0209890241	-0.0209100696	0.0978351649	0.0428724917	-0.0412225542	-0.0826199564	0.0516088358	-0.0241529592	-0.0313877659	0.1001167351	-0.0172106348	0.0590023366	-0.0625505571	-0.1203156708	0.329667	-0.0607139999999999	0.1086803308889999	0.0036861897959999	-0.186193	-0.0174199999999999	0.0346678332489999	0.0003034563999999	-1.39538	0.07999	1.9470853444000005	0.0063984001	-0.031464	0.0004182	1.7489124000000042e-07	0.000989983296	-0.00253763	0.00132067	6.439566016899999e-06	1.7441692488999998e-06	-0.000292667	-0.0009065309999999	8.5653972889e-08	8.217984539609999e-07	0.0	0.0	0.0	0.0	0.0	0.0	0.0	0.0	0.0	0.0	0.0	0.0	0.0	0.0	0.0	0.0	0.0	0.0	0.0	0.0	0.0	0.0	0.0	0.0	0.0	0.0	0.0	0.0	0.0	0.0	0.0	0.0	0.0	0.0	0.0	0.0	0.0	0.0	0.0	0.0	0.0	0.0	0.0	0.0	0.0	0.0	0.0	0.0	0.0	0.0	0.0	0.0	0.0	0.0	0.0
47514.02035918594	55.40135708089656	3069.3103664050072	2257582130.693136	70351.2323739188	-304.1876569475571	4949295896.52912	92530.13063924469	46711.92645399306	-10.438666449648736	2182004073.0432568	108.96575724702214	52982.21579753553	45660.68886384836	0.569415	19.26466	0.2138139499999997	0.125262	-0.0138125845	-0.00239236	0.0023069102	-0.052807556	0.0654273469	0.0055093559	-0.0380021382	-0.0506297949	0.0814185313	0.0437593269	-0.0044800387	0.0435859378	0.0004879168	-0.0179559942	0.0251468718	-0.0446065385	-0.053340027	-0.0828719736	0.0507430207	-0.0208767515	-0.0189769226	0.0383749931	-0.0181101258	0.0565983786	-0.0671673664	-0.1197547036	0.354532	0.024865	0.125692939024	0.000618268225	-0.15464	0.031553	0.0239135296	0.000995591809	-1.49778	-0.1023999999999998	2.2433449283999995	0.0104857599999999	-0.0306533	0.0008106999999999	6.57234489999996e-07	0.00093962480089	-0.00266627	-0.00012864	7.1089957129e-06	1.6548249600000047e-08	-0.000132088	0.0001605789999999	1.7447239744000006e-08	2.578561524099999e-08	0.0	0.0	0.0	0.0	0.0	0.0	0.0	0.0	0.0	0.0	0.0	0.0	0.0	0.0	0.0	0.0	0.0	0.0	0.0	0.0	0.0	0.0	0.0	0.0	0.0	0.0	0.0	0.0	0.0	0.0	0.0	0.0	0.0	0.0	0.0	0.0	0.0	0.0	0.0	0.0	0.0	0.0	0.0	0.0	0.0	0.0	0.0	0.0	0.0	0.0	0.0	0.0	0.0	0.0	0.0
47583.48407567074	69.46371648480272	4825.207907881053	2264187956.779611	70766.60964529855	415.3772713797516	5007913040.690062	172538.27757888782	46818.94810655382	107.02165256076114	2192013901.80418	11453.634116836272	53225.5974939641	45562.627531864186	0.589211	19.93441	0.2388529500000002	0.147488	-0.0085344964	-0.022249139	-0.0029524394	-0.0304110422	0.0660085691	-0.0028610744	-0.0034963804	-0.0092522914	0.0802358749	-0.0003772147	0.0164171313	0.0575786464	0.0391051199	0.0170888461	-0.0786023694	-0.0326524394	-0.0310615237	-0.0809821043	0.0042214803	-0.000606879	-0.022104094	-0.0234624739	-0.0141873462	0.0541650896	-0.071644961	-0.1186353847	0.379278	0.0247459999999999	0.143851801284	0.0006123645159999	-0.157196	-0.002556	0.024710582416	6.533136000000014e-06	-1.54601	-0.0482300000000002	2.3901469201000003	0.0023261329	-0.0282683	0.002385	5.688225000000008e-06	0.00079909678489	-0.00244702	0.00021925	5.987906880399999e-06	4.8070562500000114e-08	0.000530081	0.000662169	2.80985866561e-07	4.38467784561e-07	0.0	0.0	0.0	0.0	0.0	0.0	0.0	0.0	0.0	0.0	0.0	0.0	0.0	0.0	0.0	0.0	0.0	0.0	0.0	0.0	0.0	0.0	0.0	0.0	0.0	0.0	0.0	0.0	0.0	0.0	0.0	0.0	0.0	0.0	0.0	0.0	0.0	0.0	0.0	0.0	0.0	0.0	0.0	0.0	0.0	0.0	0.0	0.0	0.0	0.0	0.0	0.0	0.0	0.0	0.0
47705.0647315411	121.58065587035526	14781.855881865751	2275773201.0405264	70882.20278930664	115.59314400808944	5024286672.26439	13361.774941674905	46843.58774956597	24.6396430121531	2194321713.2512875	607.1120077663452	53166.1793558104	46492.361464154026	0.5683	19.226936	0.1191205	0.0608824	-0.0164954949	-0.0152219312	-0.0281073787	-0.0291213331	0.0821127636	-0.0076314583	-0.0308287518	-0.0145880278	0.0973403978	0.0158562962	0.0127266934	0.1119483022	-0.0173392489	0.0630475539	-0.088773381	-0.055073913	-0.0384049131	-0.0887859575	0.0368108191	-0.013323204	-0.0892480652	-0.0142920197	-0.0373731287	0.0517037307	-0.0759740605	-0.1169629329	0.397533	0.018255	0.158032486089	0.000333245025	-0.143376	0.0138199999999999	0.020556677376	0.0001909923999999	-1.60073	-0.0547199999999998	2.5623365329	0.0029942783999999	-0.028518	-0.0002497	6.2350090000001e-08	0.000813276324	-0.00261293	-0.00016591	6.827403184899999e-06	2.7526128100000004e-08	0.000760981	0.0002309	5.79092082361e-07	5.331481000000002e-08	0.0	0.0	0.0	0.0	0.0	0.0	0.0	0.0	0.0	0.0	0.0	0.0	0.0	0.0	0.0	0.0	0.0	0.0	0.0	0.0	0.0	0.0	0.0	0.0	0.0	0.0	0.0	0.0	0.0	0.0	0.0	0.0	0.0	0.0	0.0	0.0	0.0	0.0	0.0	0.0	0.0	0.0	0.0	0.0	0.0	0.0	0.0	0.0	0.0	0.0	0.0	0.0	0.0	0.0	0.0
47652.328085357774	-52.73664618332259	2781.153850664953	2270744371.954577	71176.24425833566	294.04146902901994	5066057746.72226	86460.38550874409	46869.738053385416	26.150303819442343	2196772345.192965	683.8383898491408	53272.158275726586	46548.70138905615	0.515391	17.436905	0.1157522000000001	0.0600765	-0.0173373638	-0.0167098375	-0.0159207675	-0.0136801994	0.0614893045	-0.0238923611	0.0198147575	-0.0085183573	0.061966517	-0.0063238228	0.0132428092	0.0222709307	0.0319057715	0.0199465337	-0.0300533564	-0.1116242674	-0.0281056548	-0.0686403132	0.0038225163	-0.002745763	-0.0506216575	-0.0145591177	-0.0011237412	0.0492155773	-0.0801456922	-0.1147451459	0.407567	0.0100339999999999	0.166110859489	0.0001006811559999	-0.11021	0.033166	0.0121462441	0.001099983556	-1.57296	0.02777	2.4742031616	0.0007711729	-0.0276631	0.0008549	7.308540100000037e-07	0.00076524710161	-0.00263454	-2.1610000000000032e-05	6.940801011599999e-06	4.669921000000012e-10	0.000741847	-1.913399999999997e-05	5.50336971409e-07	3.6610995599999885e-10	0.0	0.0	0.0	0.0	0.0	0.0	0.0	0.0	0.0	0.0	0.0	0.0	0.0	0.0	0.0	0.0	0.0	0.0	0.0	0.0	0.0	0.0	0.0	0.0	0.0	0.0	0.0	0.0	0.0	0.0	0.0	0.0	0.0	0.0	0.0	0.0	0.0	0.0	0.0	0.0	0.0	0.0	0.0	0.0	0.0	0.0	0.0	0.0	0.0	0.0	0.0	0.0	0.0	0.0	0.0
47588.436307663374	-63.891777694399934	4082.159256950621	2264659270.208534	71268.53068324497	92.28642490931088	5079203465.74863	8516.784222541875	46695.60256076389	-174.1354926215281	2180479298.512819	30323.169790542262	53299.64467787673	46228.204383200056	0.493299	16.689482	0.1058342500000001	0.0524198	-0.010627385	-0.0123635005	-0.017762702	-0.0087069661	0.0565948299	-0.0102524882	0.0451873463	-0.0468978006	0.0822749771	0.0204827652	-0.0225515501	0.0086865124	0.0130706317	-0.0383772251	-0.0561767735	-0.0262116289	-0.0464275262	-0.0770863089	-0.008040605	-0.0237790219	0.0126540068	0.0213333033	0.0441731416	0.0467019189	-0.0841512098	-0.111992364	0.419363	0.0117959999999999	0.175865325769	0.0001391456159999	-0.146811	-0.0366009999999999	0.0215534697209999	0.0013396332009999	-1.57535	-0.0023900000000001	2.4817276225	5.712100000000546e-06	-0.0282179	-0.0005548	3.078030400000012e-07	0.00079624988041	-0.00293353	-0.00029899	8.6055982609e-06	8.939502010000016e-08	0.000494692	-0.000247155	2.44720174864e-07	6.1085594025e-08	0.0	0.0	0.0	0.0	0.0	0.0	0.0	0.0	0.0	0.0	0.0	0.0	0.0	0.0	0.0	0.0	0.0	0.0	0.0	0.0	0.0	0.0	0.0	0.0	0.0	0.0	0.0	0.0	0.0	0.0	0.0	0.0	0.0	0.0	0.0	0.0	0.0	0.0	0.0	0.0	0.0	0.0	0.0	0.0	0.0	0.0	0.0	0.0	0.0	0.0	0.0	0.0	0.0	0.0	0.0
47487.158181291314	-101.2781263720608	10257.258881435117	2255030192.1349826	70494.21621704102	-774.3144662039558	4969434520.054929	599562.892572717	46744.53229709202	48.929736328129366	2185051299.6738787	2394.1190971402625	53028.01588835869	46245.9119974316	0.543287	18.380682	0.06137595	0.029345	-0.0150854819	-0.0074769492	-0.0264280567	-0.0511552869	0.0565605989	-0.0040020937	0.0323278813	-0.0477237625	0.0704252086	0.0124810513	-0.0022243499	-0.0061787934	0.0373062708	-0.0427063352	-0.0326251675	-0.0107062017	-0.0540654834	-0.0652581086	0.0212899496	-0.0241811275	-0.0008672654	-0.0120696407	0.0244706533	0.0441640581	-0.087982311	-0.1087174221	0.429975	0.010612	0.184878500625	0.000112614544	-0.135546	0.0112649999999999	0.018372718116	0.0001269002249999	-1.57744	-0.0020899999999999	2.4883169536	4.368099999999687e-06	-0.0278011	0.0004168	1.7372224000000158e-07	0.0007729011612099	-0.00312149	-0.00018796	9.743699820100002e-06	3.532896160000001e-08	0.000351273	-0.000143419	1.23392720529e-07	2.0569009561000013e-08	0.0	0.0	0.0	0.0	0.0	0.0	0.0	0.0	0.0	0.0	0.0	0.0	0.0	0.0	0.0	0.0	0.0	0.0	0.0	0.0	0.0	0.0	0.0	0.0	0.0	0.0	0.0	0.0	0.0	0.0	0.0	0.0	0.0	0.0	0.0	0.0	0.0	0.0	0.0	0.0	0.0	0.0	0.0	0.0	0.0	0.0	0.0	0.0	0.0	0.0	0.0	0.0	0.0	0.0	0.0
47527.14583836872	39.987657077406766	1599.0127185402794	2258829591.541569	71187.50959123884	693.2933741978195	5067661521.802721	480655.7027065978	46691.53951822917	-52.992778862848354	2180099862.582356	2808.2346116067474	53197.7671781045	46178.588875398505	0.510503	17.271532	0.1182538000000001	0.0781526	-0.0139039878	-0.0131537842	-0.0208363398	-0.0194436683	0.059360525	0.0031511649	0.0490101676	-0.0778935119	0.0614747118	-0.0144458864	-0.0119305234	0.0557543763	-0.0361297121	0.0070779394	-0.0298055594	0.0036625058	-0.0671385181	-0.061053333	-0.008977056	-0.0295129306	0.0074496566	0.0183137822	0.0211251602	0.0416033102	-0.0916310555	-0.1049355893	0.409306	-0.0206689999999999	0.167531401636	0.0004272075609999	-0.137994	-0.002448	0.019042344036	5.992704000000028e-06	-1.60227	-0.0248300000000001	2.5672691529	0.0006165289	-0.0265065	0.0012946	1.6759891599999998e-06	0.00070259454225	-0.00302788	9.361000000000003e-05	9.1680572944e-06	8.762832100000008e-09	0.000369199	1.792600000000003e-05	1.3630790160100004e-07	3.2134147600000114e-10	0.0	0.0	0.0	0.0	0.0	0.0	0.0	0.0	0.0	0.0	0.0	0.0	0.0	0.0	0.0	0.0	0.0	0.0	0.0	0.0	0.0	0.0	0.0	0.0	0.0	0.0	0.0	0.0	0.0	0.0	0.0	0.0	0.0	0.0	0.0	0.0	0.0	0.0	0.0	0.0	0.0	0.0	0.0	0.0	0.0	0.0	0.0	0.0	0.0	0.0	0.0	0.0	0.0	0.0	0.0
47394.84650365946	-132.29933470926335	17503.113964513694	2246271475.105441	70488.39130946567	-699.1182817731606	4968613309.396356	488766.3719094563	46666.8018608941	-24.737657335070253	2177790395.923949	611.9516904273551	53007.36189470208	45668.60758335815	0.470178	15.907239	0.12842875	0.0630182	-0.0123116779	-0.0283202208	-0.0150169734	-0.0432410039	0.0523753561	-0.00065853	0.0061359783	-0.060913331	0.0606787221	-0.0096484841	-0.036606247	-0.0241408402	-0.0122117863	-0.0128675294	-0.0122750648	0.0078278897	-0.0619070842	-0.0630038855	0.0067756183	-0.0143240816	-0.0003010821	0.0114815436	0.015889668	0.0390210022	-0.0950898807	-0.1006644984	0.417346	0.0080399999999999	0.174177683716	6.464159999999986e-05	-0.122958	0.015036	0.015118669764	0.000226081296	-1.54974	0.0525300000000001	2.4016940676	0.0027594009	-0.0260562	0.0004502999999999	2.027700899999975e-07	0.00067892555844	-0.00244702	0.00058086	5.987906880399999e-06	3.373983396000004e-07	0.000343904	-2.5294999999999998e-05	1.1826996121600001e-07	6.398370249999996e-10	0.0	0.0	0.0	0.0	0.0	0.0	0.0	0.0	0.0	0.0	0.0	0.0	0.0	0.0	0.0	0.0	0.0	0.0	0.0	0.0	0.0	0.0	0.0	0.0	0.0	0.0	0.0	0.0	0.0	0.0	0.0	0.0	0.0	0.0	0.0	0.0	0.0	0.0	0.0	0.0	0.0	0.0	0.0	0.0	0.0	0.0	0.0	0.0	0.0	0.0	0.0	0.0	0.0	0.0	0.0
47462.087003616514	67.24049995705718	4521.284834475007	2252649702.7388635	70563.29726736886	74.90595790318912	4979178921.243066	5610.9025293943405	46729.546647135416	62.74478624131734	2183650529.8468046	3936.908200468606	53074.428587087736	45859.0747014204	0.457792	15.488209	0.2161414	0.11306	-0.018058251	-0.031530944	-0.0179765646	-0.0377490277	0.0482881777	4.74207e-05	-0.0047188325	-0.0546218503	0.0721506918	-0.0142792759	0.0101566012	0.0119533363	-0.0198445192	0.0051419392	0.0121625714	0.0311393691	-0.0561527609	-0.054686436	0.0052658718	-0.0014472124	-0.0063783359	0.0131537586	0.0043380276	0.0364184723	-0.0983516175	-0.0959240631	0.380574	-0.0367719999999999	0.144836569476	0.0013521799839999	-0.101915	0.0210429999999999	0.010386667225	0.0004428078489999	-1.57159	-0.0218500000000001	2.4698951281	0.0004774225	-0.0244941	0.0015621	2.440156410000001e-06	0.00059996093481	-0.00138354	0.00106348	1.9141829316e-06	1.1309897104e-06	0.000239956	-0.000103948	5.7578881936e-08	1.0805186704000004e-08	0.0	0.0	0.0	0.0	0.0	0.0	0.0	0.0	0.0	0.0	0.0	0.0	0.0	0.0	0.0	0.0	0.0	0.0	0.0	0.0	0.0	0.0	0.0	0.0	0.0	0.0	0.0	0.0	0.0	0.0	0.0	0.0	0.0	0.0	0.0	0.0	0.0	0.0	0.0	0.0	0.0	0.0	0.0	0.0	0.0	0.0	0.0	0.0	0.0	0.0	0.0	0.0	0.0	0.0	0.0
47364.92631850468	-97.16068511183404	9440.198731400966	2243436245.157377	70714.31838553293	151.0211181640625	5000514824.73052	22807.37813152373	46690.453125	-39.0935221354157	2179998413.0178223	1528.3034729522371	53107.582791431305	45147.48772673329	0.514087	17.392796	0.1095928000000001	0.0552452	-0.0056093656	-0.0381059104	-0.0299611367	-0.0406939338	0.0501404735	0.0183190269	0.0196373525	-0.0632856051	0.0399976126	-0.0087488644	-0.0069238635	-0.0116810496	-0.0599086048	-0.0310116878	-0.0833662638	0.0177854767	-0.0611729837	-0.0352902563	-0.008995323	-0.007535775	0.0116988733	0.006335696	0.01183768	0.0337970692	-0.1014095056	-0.0907363855	0.357524	-0.02305	0.127823410576	0.0005313025	-0.0968155	0.0050995	0.00937324104025	2.600490025000007e-05	-1.59592	-0.0243299999999999	2.5469606464	0.0005919488999999	-0.0237953	0.0006988	4.88321440000004e-07	0.00056621630209	-0.00175361	-0.00037007	3.0751480321e-06	1.3695180490000009e-07	0.000313352	7.339599999999999e-05	9.818947590400001e-08	5.386972815999998e-09	0.0	0.0	0.0	0.0	0.0	0.0	0.0	0.0	0.0	0.0	0.0	0.0	0.0	0.0	0.0	0.0	0.0	0.0	0.0	0.0	0.0	0.0	0.0	0.0	0.0	0.0	0.0	0.0	0.0	0.0	0.0	0.0	0.0	0.0	0.0	0.0	0.0	0.0	0.0	0.0	0.0	0.0	0.0	0.0	0.0	0.0	0.0	0.0	0.0	0.0	0.0	0.0	0.0	0.0	0.0
47494.097503118974	129.17118461429345	16685.19493465988	2255689297.635772	70610.90168544224	-103.41670009068912	4985899436.831189	10695.013857647538	46796.87186957465	106.4187445746502	2189947216.777387	11324.94919684464	53243.1163191281	45629.1429518627	0.645297	21.831947	0.2755138499999999	0.132752	-0.0021424652	-0.0279751201	-0.0545441313	-0.0424186306	0.0503303971	0.041308262	0.0347643716	-0.0289662749	-0.0038758746	-0.0784195134	0.0583355834	-0.124587979	0.0202721601	0.0513128906	0.0336174291	-0.0059759668	-0.0429191536	-0.0162586665	-0.0587791494	-0.010463275	0.0820950111	-0.0575556829	0.0323946206	0.0311581515	-0.104257207	-0.0851256531	0.260874	-0.09665	0.068055243876	0.0093412225	-0.0384456	0.0583698999999999	0.00147806415936	0.0034070452260099	-1.64906	-0.0531399999999999	2.7193988836	0.0028238595999999	-0.0235656	0.0002296999999999	5.27620899999997e-08	0.00055533750336	-0.000993269	0.000760341	9.86583306361e-07	5.781184362810002e-07	0.00067039	0.000357038	4.4942275210000006e-07	1.27476133444e-07	0.0	0.0	0.0	0.0	0.0	0.0	0.0	0.0	0.0	0.0	0.0	0.0	0.0	0.0	0.0	0.0	0.0	0.0	0.0	0.0	0.0	0.0	0.0	0.0	0.0	0.0	0.0	0.0	0.0	0.0	0.0	0.0	0.0	0.0	0.0	0.0	0.0	0.0	0.0	0.0	0.0	0.0	0.0	0.0	0.0	0.0	0.0	0.0	0.0	0.0	0.0	0.0	0.0	0.0	0.0
47549.55840393376	55.460900814789056	3075.911519187869	2260960504.409108	71255.05741228376	644.1557268415199	5077283206.827854	414936.6004227268	47007.57834201389	210.70647243924031	2209712421.5805736	44397.217527788336	53651.45795514076	45520.60467720888	0.975924	33.01786	0.6429425499999999	0.364508	-0.0202337537	-0.0163490917	0.0414841277	-0.0002024779	0.0114908877	-0.0205261131	0.0908922901	0.0501462825	0.018004421	-0.0809959462	-0.0107501303	-0.057794909	-0.0025212433	-0.1239514904	0.052297148	0.0142985597	0.0389991606	-0.0404196017	-0.1056612533	0.0373811578	0.1209202412	-0.0293096453	-0.0313948629	0.0285030867	-0.1068888195	-0.0791180255	0.173706	-0.087168	0.030173774436	0.0075982602239999	-0.0194646	0.018981	0.0003788706531599	0.000360278361	-1.34613	0.3029299999999999	1.8120659769	0.0917665848999999	-0.0245528	-0.0009872	9.745638400000011e-07	0.00060283998784	-0.00410066	-0.003107391	1.68154124356e-05	9.655878826881002e-06	0.00125307	0.00058268	1.5701844249e-06	3.395159824000001e-07	0.0	0.0	0.0	0.0	0.0	0.0	0.0	0.0	0.0	0.0	0.0	0.0	0.0	0.0	0.0	0.0	1.0	0.0	0.0	0.0	0.0	0.0	0.0	0.0	0.0	0.0	0.0	0.0	0.0	0.0	0.0	0.0	0.0	0.0	0.0	0.0	0.0	0.0	0.0	0.0	0.0	0.0	0.0	0.0	0.0	0.0	0.0	0.0	0.0	0.0	0.0	0.0	0.0	0.0	0.0
47755.71176630017	206.15336236640724	42499.20881497521	2280608006.3059406	71945.03326416016	689.9758518763992	5176087811.381111	476066.6761725628	46859.11072591146	-148.46761610243266	2195776258.02323	22042.63303113932	53329.58311030886	45244.96042650163	1.168696	39.539768	1.0390419	0.621848	-0.0145234087	-0.0790705133	-0.0316786385	0.023753047	0.1145228405	-0.0268619356	-0.074788917	-0.0005244795	-0.0083013825	-0.0753041575	-0.0599488207	0.0619446573	-0.0148907018	-0.0953023557	-0.0519583445	0.0462904284	-0.0135821904	-0.0084579801	-0.0643317837	-0.0041810726	-0.1182441496	-0.0091531433	-0.0656244484	0.0258332508	-0.1092988885	-0.0727415132	0.273979	0.1002729999999999	0.0750644924409999	0.0100546745289999	0.0164258	0.0358904	0.00026980690564	0.00128812081216	-1.74769	-0.4015599999999999	3.0544203361	0.1612504335999999	-0.017145	0.0074077999999999	5.487550083999999e-05	0.000293951025	-0.00629337	-0.00219271	3.9606505956900007e-05	4.807977144100002e-06	0.00167893	0.0004258599999999	2.8188059449e-06	1.8135673959999992e-07	0.0	0.0	0.0	0.0	0.0	0.0	0.0	0.0	0.0	0.0	0.0	0.0	0.0	0.0	0.0	0.0	0.0	1.0	0.0	0.0	0.0	0.0	0.0	0.0	0.0	0.0	0.0	0.0	0.0	0.0	0.0	0.0	0.0	0.0	0.0	0.0	0.0	0.0	0.0	0.0	0.0	0.0	0.0	0.0	0.0	0.0	0.0	0.0	0.0	0.0	0.0	0.0	0.0	0.0	0.0
47813.696200805854	57.98443450568448	3362.1946449440125	2286149544.382956	71957.37779017857	12.344526018408942	5177864218.438483	152.38732261917534	46927.804747178816	68.69402126735804	2202218858.3893385	4718.868557880239	53528.10573495581	47160.45789080564	1.308387	44.265862	0.63557505	0.441882	-0.0467491515	-0.0855955623	-0.0926053835	0.0229847148	0.0782859338	-0.017553038	0.0332459366	0.0197096312	-0.0300095552	-0.085999461	-0.1319359358	0.0655286533	-0.0895632162	-0.104238471	0.0786152384	0.078050538	0.0008825124	0.0212915472	-0.1008453962	-0.0022824854	-0.0717273537	0.0648046801	-0.0994598867	0.0231500272	-0.1114824189	-0.0660258464	0.286397	0.012418	0.082023241609	0.000154206724	0.0729516	0.0565258	0.00532193594256	0.00319516606564	-1.76588	-0.0181899999999999	3.1183321743999994	0.0003308760999999	-0.0089818699999999	0.0081631300000001	6.663669139690164e-05	8.067398869689821e-05	-0.0047073	0.00158607	2.2158673290000003e-05	2.515618044900001e-06	0.000459305	-0.0012196249999999	2.10961083025e-07	1.4874851406249994e-06	0.0	0.0	0.0	0.0	0.0	0.0	0.0	0.0	0.0	0.0	0.0	0.0	0.0	0.0	0.0	0.0	0.0	0.0	1.0	0.0	0.0	0.0	0.0	0.0	0.0	0.0	0.0	0.0	0.0	0.0	0.0	0.0	0.0	0.0	0.0	0.0	0.0	0.0	0.0	0.0	0.0	0.0	0.0	0.0	0.0	0.0	0.0	0.0	0.0	0.0	0.0	0.0	0.0	0.0	0.0
47967.774933823945	154.07873301809013	23740.2559684599	2300907432.101989	72524.25577218192	566.8779820033524	5259767675.308862	321350.64648019307	47250.0920844184	322.2873372395843	2232571201.986018	103869.12774498154	53970.69250310336	47126.06692518568	1.636006	55.350002	1.27423185	0.8124749999999998	-0.087093353	-0.0391323356	0.131011723	0.0680413875	0.0262030075	-0.1298467574	0.0234529937	0.1255226603	-0.0041831769	-0.0873731756	0.1050012446	-0.1016321339	-0.0831200727	-0.0363600299	0.0180462589	-0.110043119	0.1066032702	-0.0433913968	-0.0401789051	0.154670189	0.0497454659	-0.026661406	-0.0093320884	0.0204548066	-0.1134348849	-0.0590023366	0.211212	-0.075185	0.044610508944	0.005652784225	-0.0381245	-0.1110761	0.00145347750025	0.01233789999121	-1.09281	0.6730699999999998	1.1942336961000002	0.4530232248999998	-0.0152688	-0.0062869300000001	3.952548882490126e-05	0.00023313625344	-0.0054054	-0.0006981	2.921834916e-05	4.873436100000002e-07	0.00177229	0.001312985	3.1410118441e-06	1.723929610225e-06	0.0	0.0	0.0	0.0	0.0	0.0	0.0	0.0	0.0	0.0	0.0	0.0	0.0	0.0	0.0	0.0	0.0	0.0	0.0	1.0	0.0	0.0	0.0	0.0	0.0	0.0	0.0	0.0	0.0	0.0	0.0	0.0	0.0	0.0	0.0	0.0	0.0	0.0	0.0	0.0	0.0	0.0	0.0	0.0	0.0	0.0	0.0	0.0	0.0	0.0	0.0	0.0	0.0	0.0	0.0
47844.301524593255	-123.47340923068988	15245.682787049407	2289077188.3761964	72260.43280901227	-263.82296316964494	5221570149.745777	69602.55589561183	47022.61719292535	-227.4748914930533	2211126527.6723986	51744.82625977637	53775.39238879146	46980.84219059281	0.881679	29.829296	0.2357639999999999	0.142588	-0.0836201516	-0.0382110952	0.1571603856	0.0700559026	0.007622656	-0.1366871429	-0.0316981429	0.0536109498	0.0150220263	-0.0049662349	0.0683961869	-0.0191342584	-0.0912818882	-0.081749467	0.046971251	-0.0339983108	0.0603886558	-0.0429269684	0.0246885098	0.1130640918	-0.0280238669	0.0856661056	0.0220116897	0.0177489858	-0.1151522399	-0.0517037307	0.259207	0.047995	0.067188268849	0.002303520025	-0.043305	-0.0051805	0.001875323025	2.6837580250000047e-05	-1.06342	0.02939	1.1308620964	0.0008637721	-0.0176466	-0.0023777999999999	5.653932839999989e-06	0.0003114024915599	-0.004819	0.0005863999999999	2.3222761000000004e-05	3.4386496e-07	0.00187206	9.977000000000012e-05	3.5046086436e-06	9.954052900000024e-09	0.0	0.0	0.0	0.0	0.0	0.0	0.0	0.0	0.0	0.0	0.0	0.0	0.0	0.0	0.0	0.0	0.0	0.0	0.0	0.0	0.0	0.0	0.0	0.0	0.0	0.0	0.0	0.0	0.0	0.0	0.0	0.0	0.0	0.0	0.0	0.0	0.0	0.0	0.0	0.0	0.0	0.0	0.0	0.0	0.0	0.0	0.0	0.0	0.0	0.0	0.0	0.0	0.0	0.0	0.0
47430.52642447807	-413.7751001151846	171209.83347533105	2249654836.9031124	70833.00790841239	-1427.4249005998863	5017315009.353211	2037541.8468525952	46808.69937608507	-213.9178168402796	2191054337.2807064	45760.83236171139	53366.62687838807	47004.06980697563	0.924312	31.271685	0.3331365099999998	0.188504	-0.0753542638	-0.0630180774	0.0673854508	-0.0377850074	-0.0342793069	-0.0860102383	0.0590951763	-0.0252734847	-0.0113937971	-0.0298666926	0.0218499937	-0.1195985947	-0.1285690777	-0.0335808983	0.0779123811	0.043424539	-0.0230904543	-0.0026699904	-0.0084512565	0.0995451269	0.0812404037	0.013085389	-0.0085589411	0.0150339668	-0.1166309242	-0.0441640581	0.285621	0.0264139999999999	0.081579355641	0.0006976993959999	-0.00124949	0.04205551	1.5612252601e-06	0.0017686659213601	-1.2203	-0.1568799999999999	1.4891320899999998	0.0246113343999999	-0.0164464	0.0012001999999999	1.4404800399999964e-06	0.00027048407296	-0.00435342	0.00046558	1.89522656964e-05	2.1676473640000018e-07	0.0013821	-0.00048996	1.91020041e-06	2.400608016e-07	0.0	0.0	0.0	0.0	0.0	0.0	0.0	0.0	0.0	0.0	0.0	0.0	0.0	0.0	0.0	0.0	0.0	0.0	0.0	0.0	0.0	0.0	0.0	0.0	0.0	0.0	0.0	0.0	0.0	0.0	0.0	0.0	0.0	0.0	0.0	0.0	0.0	0.0	0.0	0.0	0.0	0.0	0.0	0.0	0.0	0.0	0.0	0.0	0.0	0.0	0.0	0.0	0.0	0.0	0.0
47312.25018993424	-118.27623454383138	13989.26765786741	2238449018.0349326	70960.17758178711	127.16967337472306	5035346802.438762	16172.125826233749	46775.47552625869	-33.223849826375954	2187945110.707626	1103.8241972855817	53478.24181239181	45829.77755573085	0.600716	20.323666	0.20023861	0.10895	-0.0496526689	-0.0726583213	0.0576729133	-0.0174427352	-0.0169175727	-0.0541820386	0.062230043	-0.0246810708	-0.0241237979	-0.0712214764	0.0904751538	-0.1887166886	-0.0388394525	-0.132289901	0.0589330503	0.0409549553	-0.0141144066	-0.0026480501	-0.0497589827	0.1075779364	0.1020735937	-0.0103153147	0.0867618124	0.0123111568	-0.1178678731	-0.0364184723	0.356317	0.0706959999999999	0.126961804489	0.0049979244159999	-0.0194451	-0.01819561	0.00037811191401	0.0003310802232721	-1.2938	-0.0735000000000001	1.6739184400000002	0.00540225	-0.0163695	7.690000000000127e-05	5.913610000000196e-09	0.0002679605302499	-0.00477954	-0.0004261199999999	2.28440026116e-05	1.8157825439999956e-07	0.00163602	0.0002539199999999	2.6765614404e-06	6.447536639999997e-08	0.0	0.0	0.0	0.0	0.0	0.0	0.0	0.0	0.0	0.0	0.0	0.0	0.0	0.0	0.0	0.0	0.0	0.0	0.0	0.0	0.0	0.0	0.0	0.0	0.0	0.0	0.0	0.0	0.0	0.0	0.0	0.0	0.0	0.0	0.0	0.0	0.0	0.0	0.0	0.0	0.0	0.0	0.0	0.0	0.0	0.0	0.0	0.0	0.0	0.0	0.0	0.0	0.0	0.0	0.0
47216.99498813832	-95.25520179591696	9073.55346918086	2229444615.7098794	70279.0143258231	-681.1632559640129	4939139854.609248	463983.3812754954	46704.53005642361	-70.9454698350819	2181313127.791376	5033.259690120515	53157.33136858259	45680.13753902965	0.575498	19.470474	0.1792107999999999	0.0863039	-0.0439566038	-0.0792437277	0.0207435941	-0.0562760669	-0.0174752542	-0.0242076453	0.0631845732	-0.0574424125	-0.0095194822	-0.0477506603	0.0390614284	-0.1257239997	-0.0204095437	-0.0884308327	0.0824079727	0.0204002619	-0.0487429239	0.0091249839	-0.0459086841	0.0728298018	0.1030674626	0.002208166	0.0572894556	0.0095819668	-0.1188605229	-0.0285030867	0.37227	0.0159529999999999	0.1385849529	0.0002544982089999	0.0167952	0.0362403	0.00028207874304	0.00131335934409	-1.35496	-0.0611599999999998	1.8359166016	0.0037405455999999	-0.0160611	0.0003084	9.511056000000021e-08	0.0002579589332099	-0.00537891	-0.00059937	2.89326727881e-05	3.5924439690000013e-07	0.0020454	0.00040938	4.183661160000001e-06	1.6759198440000017e-07	0.0	0.0	0.0	0.0	0.0	0.0	0.0	0.0	0.0	0.0	0.0	0.0	0.0	0.0	0.0	0.0	0.0	0.0	0.0	0.0	0.0	0.0	0.0	0.0	0.0	0.0	0.0	0.0	0.0	0.0	0.0	0.0	0.0	0.0	0.0	0.0	0.0	0.0	0.0	0.0	0.0	0.0	0.0	0.0	0.0	0.0	0.0	0.0	0.0	0.0	0.0	0.0	0.0	0.0	0.0
47250.45394034979	33.458952211469295	1119.501483089386	2232605397.569117	71108.16127232143	829.1469464983384	5056370599.530474	687484.6588875183	46674.65570746528	-29.874348958328483	2178523485.4104214	892.4767256839821	53366.5896238099	45567.98325994517	0.552207	18.682487	0.2128447999999998	0.101087	-0.0473406151	-0.0792413456	0.0445309312	-0.011578054	-0.0021128863	-0.0661456022	0.0721064915	-0.0660454582	-0.0193673677	-0.0535573913	0.0215445197	-0.0967555051	-0.0947218134	-0.0180499874	0.0186487932	0.0301082567	-0.0441204479	0.0057211044	-0.0474342962	0.0979357075	0.069904065	0.0322875703	0.0688730804	0.0068478111	-0.1196068161	-0.0204548066	0.370129	-0.002141	0.1369954766409999	4.583881000000017e-06	-0.0125986	-0.0293937999999999	0.0001587247219599	0.0008639954784399	-1.27871	0.0762499999999999	1.6350992641	0.0058140624999999	-0.0148057	0.0012553999999999	1.5760291599999963e-06	0.00021920875249	-0.00466083	0.0007180799999999	2.17233362889e-05	5.156388863999991e-07	0.00217312	0.00012772	4.722450534400001e-06	1.6312398400000002e-08	0.0	0.0	0.0	0.0	0.0	0.0	0.0	0.0	0.0	0.0	0.0	0.0	0.0	0.0	0.0	0.0	0.0	0.0	0.0	0.0	0.0	0.0	0.0	0.0	0.0	0.0	0.0	0.0	0.0	0.0	0.0	0.0	0.0	0.0	0.0	0.0	0.0	0.0	0.0	0.0	0.0	0.0	0.0	0.0	0.0	0.0	0.0	0.0	0.0	0.0	0.0	0.0	0.0	0.0	0.0
47237.51989488792	-12.934045461872302	167.28953200977946	2231383285.819932	70397.7398550851	-710.4214172363281	4955841776.704238	504698.590068073	46778.753933376734	104.09822591145348	2188251819.559409	10836.440637912005	53153.63467522891	45473.77045416725	0.539964	18.26827	0.2564391	0.128366	-0.0474486077	-0.0880891053	0.0160461144	-0.0493340713	0.0038778245	-0.0424692248	0.015578467	-0.0382680442	-0.0708808058	-0.065760251	0.035174931	-0.041171864	-0.115582244	0.0179519726	-0.0749747207	-0.0187166289	-0.040133435	0.0463316712	-0.0314489238	0.102174124	0.0227935628	-0.0143208204	0.016839029	0.0041101067	-0.1201052059	-0.0123111568	0.341932	-0.0281969999999999	0.116917492624	0.0007950708089999	0.030448	0.0430466	0.0009270807039999	0.0018530097715599	-1.33447	-0.05576	1.7808101809	0.0031091776	-0.0131814	0.0016243	2.638350490000001e-06	0.00017374930596	-0.00393703	0.0007238	1.55002052209e-05	5.238864400000002e-07	0.00193251	-0.00024061	3.7345949001e-06	5.789317210000013e-08	0.0	0.0	0.0	0.0	0.0	0.0	0.0	0.0	0.0	0.0	0.0	0.0	0.0	0.0	0.0	0.0	0.0	0.0	0.0	0.0	0.0	0.0	0.0	0.0	0.0	0.0	0.0	0.0	0.0	0.0	0.0	0.0	0.0	0.0	0.0	0.0	0.0	0.0	0.0	0.0	0.0	0.0	0.0	0.0	0.0	0.0	0.0	0.0	0.0	0.0	0.0	0.0	0.0	0.0	0.0
47339.37897474645	101.85907985852828	10375.27214962604	2241016801.714666	71033.07141549246	635.3315604073578	5045697234.718452	403646.19164964807	46755.00968424479	-23.744249131945253	2186030930.573824	563.7893668398829	53257.17415874692	45353.01949115291	0.536224	18.141731	0.1817190999999999	0.11916	-0.0389631797	-0.0902867657	-0.0052830965	-0.0274400348	0.0263349737	-0.0392801293	-0.0085919176	-0.0460971673	-0.0448450573	-0.0553411947	0.0123755547	-0.0144635591	-0.1528253961	0.0326439958	-0.1653936063	-0.001770862	-0.0471507267	0.0361358455	-0.0394888913	0.0759926636	-0.0044130596	0.0096412657	-0.0062636132	0.0013702723	-0.1203546593	-0.0041101067	0.338467	-0.0034649999999999	0.114559910089	1.2006224999999972e-05	0.0290469	-0.0014010999999999	0.00084372239961	1.9630812099999967e-06	-1.4092	-0.0747299999999999	1.98584464	0.0055845728999999	-0.0116898	0.0014915999999999	2.224870559999997e-06	0.00013665142404	-0.00398009	-4.306000000000015e-05	1.5841116408100003e-05	1.8541636000000127e-09	0.00142471	-0.0005077999999999	2.0297985841000003e-06	2.578608399999999e-07	0.0	0.0	0.0	0.0	0.0	0.0	0.0	0.0	0.0	0.0	0.0	0.0	0.0	0.0	0.0	0.0	0.0	0.0	0.0	0.0	0.0	0.0	0.0	0.0	0.0	0.0	0.0	0.0	0.0	0.0	0.0	0.0	0.0	0.0	0.0	0.0	0.0	0.0	0.0	0.0	0.0	0.0	0.0	0.0	0.0	0.0	0.0	0.0	0.0	0.0	0.0	0.0	0.0	0.0	0.0
47455.88592085001	116.50694610356004	13573.868490377845	2252061108.53273	70538.50888497489	-494.5625305175781	4975681235.715681	244592.0965919504	46712.20636935764	-42.80331488714728	2182030223.8934565	1832.123765328284	53037.14834995103	45958.203974291886	0.595796	20.157221	0.1728267	0.0958752	-0.0426616284	-0.0987319626	-0.03771749	-0.0501187362	0.0312904784	-0.0274832198	-0.0415233969	-0.0616397198	-0.0480449853	-0.0629052543	0.0102403036	0.043292829	-0.071781678	0.0202104417	-0.0775369568	0.0117061491	-0.0704277213	0.0480125036	-0.0196293104	0.0592363332	-0.0361612152	0.0151443204	-0.0021027555	-0.0013702723	-0.1203546593	0.0041101067	0.338851	0.0003839999999999	0.114820000201	1.474559999999965e-07	0.0535996	0.0245526999999999	0.0028729171201599	0.0006028350772899	-1.48069	-0.07149	2.1924428761000003	0.0051108201	-0.0109085	0.0007813	6.104296900000007e-07	0.00011899537225	-0.00360318	0.00037691	1.29829061124e-05	1.420611481000002e-07	0.00105492	-0.00036979	1.1128562064e-06	1.3674464410000005e-07	0.0	0.0	0.0	0.0	0.0	0.0	0.0	0.0	0.0	0.0	0.0	0.0	0.0	0.0	0.0	0.0	0.0	0.0	0.0	0.0	0.0	0.0	0.0	0.0	0.0	0.0	0.0	0.0	0.0	0.0	0.0	0.0	0.0	0.0	0.0	0.0	0.0	0.0	0.0	0.0	0.0	0.0	0.0	0.0	0.0	0.0	0.0	0.0	0.0	0.0	0.0	0.0	0.0	0.0	0.0
47404.85466892142	-51.03125192858715	2604.18867339893	2247220246.181561	71256.58592006138	718.0770350864914	5077501036.983089	515634.6283186062	46743.47072482639	31.264355468745634	2184952055.4027014	977.4599228760852	53145.61938263029	45809.23135088592	0.761565	25.765566	0.2625235499999999	0.186685	-0.0278903029	-0.085145953	-0.0599118941	-0.0157387085	0.0419379267	0.0042437482	0.0093802815	-0.0545865931	-0.0541835577	-0.0416770297	-0.0111073917	0.0106926205	-0.0654241104	-0.0301211255	0.0284113566	0.0370628836	-0.0594307283	0.0569338124	-0.0534710437	0.0287661073	-0.0100980934	0.0351786766	-0.0222531801	-0.0041101067	-0.1201052059	0.0123111568	0.338692	-0.000159	0.114712270864	2.5281000000006435e-08	0.0609775	0.0073779	0.0037182555062499	5.443340841e-05	-1.60106	-0.1203699999999998	2.5633931236	0.0144889368999999	-0.0085329299999999	0.00237557	5.643332824900472e-06	7.28108943848983e-05	-0.00373009	-0.00012691	1.39135714081e-05	1.610614810000001e-08	0.0008650669999999	-0.0001898530000001	7.48340914488827e-07	3.6044161609037974e-08	0.0	0.0	0.0	0.0	0.0	0.0	0.0	0.0	0.0	0.0	0.0	0.0	0.0	0.0	0.0	0.0	0.0	0.0	0.0	0.0	0.0	0.0	0.0	0.0	0.0	0.0	0.0	0.0	0.0	0.0	0.0	0.0	0.0	0.0	0.0	0.0	0.0	0.0	0.0	0.0	0.0	0.0	0.0	0.0	0.0	0.0	0.0	0.0	0.0	0.0	0.0	0.0	0.0	0.0	0.0
47885.69095150284	480.8362825814184	231203.5306467176	2293039397.9028406	73218.76272583008	1962.1768057687004	5360987215.101404	3850137.817096661	46922.308181423614	178.83745659722626	2201703005.0724936	31982.83588216479	53883.21945608601	45606.71942554354	1.600634	54.153278	1.7689352100000006	0.914184	0.0717573605	0.0471585435	-0.1664098268	0.1304731387	0.0819245062	0.224710521	0.1021897572	0.0018983321	-0.002164234	-0.1000492568	-0.147527257	-0.1019583036	0.1179897437	0.1269847154	0.1168816703	0.1118532359	0.0399746306	0.0120868078	-0.1695333829	-0.1933174732	0.0602852646	0.0728450543	0.0451423012	-0.0068478111	-0.1196068161	0.0204548066	0.366348	0.027656	0.134210857104	0.000764854336	-0.00301341	-0.06399091	9.080639828099998e-06	0.0040948365626281	-2.18685	-0.5857900000000003	4.782312922500001	0.3431499241000003	-0.0227374	-0.0142044700000001	0.0002017669679809	0.00051698935876	0.00207456	0.00580465	4.3037991936e-06	3.36939616225e-05	-0.000955779	-0.0018208459999999	9.13513496841e-07	3.315480155715636e-06	0.0	0.0	0.0	0.0	0.0	0.0	0.0	0.0	0.0	0.0	0.0	0.0	0.0	0.0	0.0	0.0	0.0	0.0	0.0	0.0	1.0	0.0	0.0	0.0	0.0	0.0	0.0	0.0	0.0	0.0	0.0	0.0	0.0	0.0	0.0	0.0	0.0	0.0	0.0	0.0	0.0	0.0	0.0	0.0	0.0	0.0	0.0	0.0	0.0	0.0	0.0	0.0	0.0	0.0	0.0
47532.049844702895	-353.6411067999434	125062.03241868896	2259295762.4393206	69497.59491402762	-3721.1678118024574	4829915698.834278	13847089.88359469	46772.92863498264	-149.37954644097044	2187706853.093179	22314.248894910044	52618.1175120718	45160.446813660354	1.025652	34.70026	0.1567584100000003	0.0848243	0.0745334412	0.0402269659	-0.1780735061	-0.1061300652	0.0415440097	0.1960734526	-0.1201462107	-0.0610113729	-0.0320873443	-0.0708343695	-0.0732850893	-0.0677743969	0.0759944586	0.1426409545	0.0236652027	0.1338279529	-0.0877391552	0.0396520534	-0.0130238412	-0.1798702502	-0.0188124579	-0.1255102072	-0.0953293132	-0.0095819668	-0.1188605229	0.0285030867	0.301564	-0.064784	0.090940846096	0.004196966656	0.04127	0.04428341	0.0017032129	0.0019610204012281	-2.1769	0.0099500000000003	4.738893609999999	9.900250000000692e-05	-0.0221656	0.0005718	3.269552400000009e-07	0.00049131382336	0.00189154	-0.00018302	3.5779235716e-06	3.349632040000004e-08	-0.000955779	0.0	9.13513496841e-07	0.0	0.0	0.0	0.0	0.0	0.0	0.0	0.0	0.0	0.0	0.0	0.0	0.0	0.0	0.0	0.0	0.0	0.0	0.0	0.0	0.0	0.0	0.0	0.0	0.0	0.0	0.0	0.0	0.0	0.0	0.0	0.0	0.0	0.0	0.0	0.0	0.0	0.0	0.0	0.0	0.0	0.0	0.0	0.0	0.0	0.0	0.0	0.0	0.0	0.0	0.0	0.0	0.0	0.0	0.0	0.0
47504.21655979988	-27.8332849030121	774.6917484922412	2256650590.9603653	69997.7048841204	500.10997009277344	4899678689.044412	250109.98218619477	46655.70999348958	-117.21864149306202	2176755274.9966035	13740.209913479002	52691.46277318126	45088.46364864039	0.756075	25.579826	0.2706892999999996	0.157045	0.0738015953	-0.0125334482	-0.1887148823	-0.0873003149	0.0329570918	0.1911102794	-0.0584321368	-0.1038822586	-0.043584313	-0.0838133288	-0.0846296582	-0.0614538037	0.0574228873	0.1619768123	-0.0458933774	0.0737248757	-0.1090381268	0.0471290388	-0.0426320015	-0.1606637657	-0.0184710033	-0.0856591626	-0.0487771673	-0.0123111568	-0.1178678731	0.0364184723	0.3011	-0.000464	0.0906612099999999	2.1529600000001853e-07	0.0190137	-0.0222563	0.00036152078769	0.00049534288969	-2.07846	0.0984399999999996	4.319995971600001	0.0096904335999999	-0.0194572	0.0027083999999999	7.335430559999998e-06	0.00037858263184	0.00160936	-0.0002821799999999	2.5900396096e-06	7.962555239999997e-08	-0.000955779	0.0	9.13513496841e-07	0.0	0.0	0.0	0.0	0.0	0.0	0.0	0.0	0.0	0.0	0.0	0.0	0.0	0.0	0.0	0.0	0.0	0.0	0.0	0.0	0.0	0.0	0.0	0.0	0.0	0.0	0.0	0.0	0.0	0.0	0.0	0.0	0.0	0.0	0.0	0.0	0.0	0.0	0.0	0.0	0.0	0.0	0.0	0.0	0.0	0.0	0.0	0.0	0.0	0.0	0.0	0.0	0.0	0.0	0.0	0.0
47516.06601408501	11.84945428512583	140.4095668552869	2257776529.4548845	70424.55341884067	426.8485347202805	4959617724.243144	182199.67159285047	46743.8012641059	88.09127061632171	2184982956.6182284	7760.071958798025	52848.71468288767	45139.13153952012	0.561297	18.990017	0.1664350500000001	0.0813181	0.066469228	-0.0147672977	-0.1755626604	-0.0593092765	0.0897195391	0.1357383197	-0.1113781705	-0.0891530942	-0.0297242036	-0.0360753644	-0.0736767191	0.0611392088	0.0786211047	0.1189042983	-0.052136565	0.078710279	-0.1011002977	0.0369643339	-0.0311515082	-0.1440570263	-0.0988624736	-0.0583045162	-0.0475098731	-0.0150339668	-0.1166309242	0.0441640581	0.300865	-0.0002349999999999	0.090519748225	5.522499999999305e-08	0.0582091	0.0391954	0.00338829932281	0.0015362793811599	-2.01697	0.06149	4.0681679809	0.0037810201	-0.0187465	0.0007107	5.050944900000023e-07	0.0003514312622499	0.00142162	-0.00018774	2.0210034244e-06	3.5246307600000015e-08	-0.000543926	0.000411853	2.95855493476e-07	1.69622893609e-07	0.0	0.0	0.0	0.0	0.0	0.0	0.0	0.0	0.0	0.0	0.0	0.0	0.0	0.0	0.0	0.0	0.0	0.0	0.0	0.0	0.0	0.0	0.0	0.0	0.0	0.0	0.0	0.0	0.0	0.0	0.0	0.0	0.0	0.0	0.0	0.0	0.0	0.0	0.0	0.0	0.0	0.0	0.0	0.0	0.0	0.0	0.0	0.0	0.0	0.0	0.0	0.0	0.0	0.0	0.0
47628.321830515786	112.25581643077749	12601.368322540411	2268457040.3911867	70542.45992170062	117.90650285994344	4976238651.804738	13901.943416661848	46696.17885742187	-47.62240668402956	2180533119.8843336	2267.893618379103	52861.17982700893	45372.29545182712	0.613375	20.751944	0.2380410399999996	0.112524	0.074599022	-0.0216157033	-0.1782560922	-0.0594050894	0.0904569299	0.1542623488	-0.1014593226	-0.0888183098	-0.0275260158	-0.0468276082	-0.1196009864	0.0712092427	0.055052857	0.1963139561	-0.1288037397	-0.0007977669	-0.096735078	0.0408987763	-0.047716241	-0.1557019343	-0.0905557458	-0.0459747445	-0.0594069883	-0.0177489858	-0.1151522399	0.0517037307	0.337949	0.037084	0.114209526601	0.001375223056	0.0442702	-0.0139388999999999	0.00195985060804	0.0001942929332099	-2.07359	-0.0566199999999996	4.299775488099999	0.0032058243999999	-0.0176176	0.0011288999999999	1.274415209999997e-06	0.00031037982976	0.000529288	-0.0008923319999999	2.8014578694400005e-07	7.962563982239999e-07	4.28048e-05	0.0005867308	1.83225090304e-09	3.4425303166864e-07	0.0	0.0	0.0	0.0	0.0	0.0	0.0	0.0	0.0	0.0	0.0	0.0	0.0	0.0	0.0	0.0	0.0	0.0	0.0	0.0	0.0	0.0	0.0	0.0	0.0	0.0	0.0	0.0	0.0	0.0	0.0	0.0	0.0	0.0	0.0	0.0	0.0	0.0	0.0	0.0	0.0	0.0	0.0	0.0	0.0	0.0	0.0	0.0	0.0	0.0	0.0	0.0	0.0	0.0	0.0
47628.59301012616	0.2711796103758388	0.0735383810835917	2268482872.1242385	70939.2858668736	396.8259451729828	5032382279.302012	157470.8307624311	46686.33977322048	-9.839084201390506	2179614321.420589	96.80757792205225	52912.4982774918	45244.68386936616	0.677875	22.93413	0.0994427000000001	0.0600853	0.077798642	-0.0110963579	-0.1771433459	-0.0411468997	0.1009805302	0.1529729546	-0.0995565989	-0.0881548777	-0.0313184289	-0.0544480863	-0.093358221	0.0252396565	0.0455482208	0.1518914028	-0.0845753705	0.0567737644	-0.0970706441	0.0400084546	-0.0366724949	-0.1579973835	-0.1150246892	-0.0529898163	-0.0477282622	-0.0204548066	-0.1134348849	0.0590023366	0.347815	0.0098659999999999	0.1209752742249999	9.733795599999972e-05	0.0369527	-0.0073175	0.0013655020372899	5.354580625000007e-05	-2.11909	-0.0455	4.4905424281	0.00207025	-0.0170314	0.0005862	3.436304400000024e-07	0.0002900685859599	0.000500375	-2.891300000000009e-05	2.50375140625e-07	8.359615690000055e-10	-7.72662e-05	-0.000120071	5.970065662440001e-09	1.4417045040999998e-08	0.0	0.0	0.0	0.0	0.0	0.0	0.0	0.0	0.0	0.0	0.0	0.0	0.0	0.0	0.0	0.0	0.0	0.0	0.0	0.0	0.0	0.0	0.0	0.0	0.0	0.0	0.0	0.0	0.0	0.0	0.0	0.0	0.0	0.0	0.0	0.0	0.0	0.0	0.0	0.0	0.0	0.0	0.0	0.0	0.0	0.0	0.0	0.0	0.0	0.0	0.0	0.0	0.0	0.0	0.0
47885.68513639287	257.0921262667107	66096.36138833831	2293038840.981757	71091.50777762277	152.22191074916918	5054002478.095799	23171.510112128028	46764.87630750868	78.53653428819962	2186953656.0565867	6167.9872180015545	53076.0583560154	46611.04673691822	1.00926	34.145668	0.30248366	0.128574	0.0597454261	-0.0294549166	-0.1743592345	-0.0278531344	0.0841461793	0.1456243413	-0.0585216619	-0.0790471838	-0.0531190884	-0.0671775903	-0.0947253985	0.0329137077	0.0438832446	0.1615740745	-0.0146083899	0.0741577455	-0.0842443394	0.0476456471	-0.0724956154	-0.1597299275	-0.0784918239	-0.0300276421	-0.0495190847	-0.0231500272	-0.1114824189	0.0660258464	0.328784	-0.0190309999999999	0.108098918656	0.0003621789609999	0.0999734	0.0630207	0.00999468070756	0.00397160862849	-2.0667	0.0523899999999999	4.27124889	0.0027447120999999	-0.0157385	0.0012928999999999	1.671590409999999e-06	0.00024770038225	-0.0008103989999999	-0.0013107739999999	6.567465392008379e-07	1.718128479075738e-06	0.000679899	0.0007571652	4.6226265020100006e-07	5.732991400910401e-07	0.0	0.0	0.0	0.0	0.0	0.0	0.0	0.0	0.0	0.0	0.0	0.0	0.0	0.0	0.0	0.0	0.0	0.0	0.0	0.0	0.0	0.0	0.0	0.0	0.0	0.0	0.0	0.0	0.0	0.0	0.0	0.0	0.0	0.0	0.0	0.0	0.0	0.0	0.0	0.0	0.0	0.0	0.0	0.0	0.0	0.0	0.0	0.0	0.0	0.0	0.0	0.0	0.0	0.0	0.0
48437.16131285629	551.4761764634168	304125.9732067096	2346158596.0476623	76132.83276803153	5041.324990408757	5796208225.285055	25414957.65891985	47539.22609592014	774.3497884114549	2259978017.799014	599617.594812865	54671.24405200836	49120.422779031935	2.087302	70.618439	3.609568	2.20472	-0.0317938742	0.0090902953	0.1110213551	0.2962269785	0.0364323787	-0.077158873	-0.0410325658	0.2014148841	0.1329254419	0.1153120595	-0.0730645405	0.0793264073	0.0972615022	-0.0168886017	0.3608405584	0.0015321	0.2206964664	-0.054209656	0.0582799291	-0.0236222791	-0.2507171757	0.2866090208	-0.0436294507	-0.0258332508	-0.1092988885	0.0727415132	0.332801	0.0040169999999999	0.110756505601	1.6136288999999942e-05	-0.392469	-0.4924424	0.154031915961	0.24249951731776	-0.415602	1.651098	0.172725022404	2.726124605604	-0.0356528	-0.0199143	0.00039657934449	0.00127112214784	-0.00870125	-0.0078908510000001	7.571175156250001e-05	6.22655295042026e-05	0.00211496	0.001435061	4.4730558016e-06	2.059400073721e-06	0.0	0.0	0.0	0.0	0.0	0.0	0.0	0.0	0.0	0.0	0.0	0.0	0.0	0.0	0.0	0.0	0.0	0.0	0.0	0.0	0.0	1.0	0.0	0.0	0.0	0.0	0.0	0.0	0.0	0.0	0.0	0.0	0.0	0.0	0.0	0.0	0.0	0.0	0.0	0.0	0.0	0.0	0.0	0.0	0.0	0.0	0.0	0.0	0.0	0.0	0.0	0.0	0.0	0.0	0.0
47854.4277642453	-582.7335486109878	339578.38867675443	2290046256.643372	70612.70895821707	-5520.123809814453	4986154666.41787	30471766.87568043	47181.401980251736	-357.82411566840165	2226084692.8221025	128038.09775387368	53665.79048748405	47904.85024285424	1.665265	56.339909	0.610849	0.294632	-0.0145237949	0.0266841107	0.08002151	-0.0549021671	-0.1096999036	-0.0670875582	-0.039453785	0.0569163966	0.1053868736	0.1854956573	0.001299018	0.064399061	0.0765451381	0.0112784182	0.1078802125	-0.1373876971	0.0519494949	-0.0814164127	0.1551401677	0.0111000502	0.0669222741	0.0576935579	-0.0926988703	-0.0285030867	-0.1068888195	0.0791180255	0.460504	0.127703	0.212063934016	0.016308056209	-0.337193	0.0552759999999999	0.113699119249	0.0030554361759999	-0.633092	-0.2174899999999999	0.400805480464	0.0473019000999999	-0.0368615	-0.0012087	1.46095569e-06	0.0013587701822499	-0.00586573	0.00283552	3.4406788432900004e-05	8.040173670400002e-06	0.00227834	0.0001633799999999	5.190833155599999e-06	2.6693024399999958e-08	0.0	0.0	0.0	0.0	0.0	0.0	0.0	0.0	0.0	0.0	0.0	0.0	0.0	0.0	0.0	0.0	0.0	0.0	0.0	0.0	0.0	0.0	1.0	0.0	0.0	0.0	0.0	0.0	0.0	0.0	0.0	0.0	0.0	0.0	0.0	0.0	0.0	0.0	0.0	0.0	0.0	0.0	0.0	0.0	0.0	0.0	0.0	0.0	0.0	0.0	0.0	0.0	0.0	0.0	0.0
47798.41908154724	-56.00868269806233	3136.9725375722264	2284688866.695219	70945.8522000994	333.1432418823242	5033313944.398349	110984.41961186478	47090.84188910591	-90.56009114582412	2217547389.824772	8201.130108339972	53617.71085635705	48258.24596791631	1.09633	37.09148	0.6871019999999999	0.412489	-0.0132206268	0.0058128809	0.0865653	-0.0528523351	-0.0802352799	-0.0859960116	0.0504527407	0.0212774658	0.0810458881	0.1469010867	-0.053807077	0.0745489035	-0.0637350389	0.0315876638	0.0477137271	-0.112805715	0.0156402232	-0.0640999714	0.1070436767	0.0282519596	0.0512542388	0.0523650725	-0.1116870854	-0.0311581515	-0.104257207	0.0851256531	0.452242	-0.008262	0.2045228265639999	6.826064400000077e-05	-0.233937	0.103256	0.054726519969	0.010661801536	-0.8578789999999998	-0.2247869999999998	0.7359563786409997	0.0505291953689999	-0.031437	0.0054244999999999	2.9425200249999983e-05	0.000988284969	-0.00445022	0.00141551	1.9804458048400003e-05	2.0036685601e-06	0.00245427	0.00017593	6.023441232900001e-06	3.0951364900000135e-08	0.0	0.0	0.0	0.0	0.0	0.0	0.0	0.0	0.0	0.0	0.0	0.0	0.0	0.0	0.0	0.0	0.0	0.0	0.0	0.0	0.0	0.0	0.0	1.0	0.0	0.0	0.0	0.0	0.0	0.0	0.0	0.0	0.0	0.0	0.0	0.0	0.0	0.0	0.0	0.0	0.0	0.0	0.0	0.0	0.0	0.0	0.0	0.0	0.0	0.0	0.0	0.0	0.0	0.0	0.0
47619.73078097241	-178.68830057483137	31929.50876232128	2267638759.652291	70931.35223606655	-14.499964032846036	5031256730.036943	210.24895695382872	46946.13454861111	-144.70734049480234	2203939549.056298	20940.214393078662	53477.06355272299	46602.82257778013	0.846939	28.653973	0.5524415000000001	0.361203	0.0075428347	-0.0127998817	0.073602579	-0.0560099013	-0.0564415348	-0.0623839824	0.1073691391	-0.0214457452	0.0716351483	0.0782576038	0.0126102563	0.024597783	0.000829017	-0.0179601938	-0.0650280026	-0.0230649004	-0.0209876344	-0.0588430967	0.0595380762	0.0357385858	0.0777886154	-0.0168523011	0.0187968804	-0.0337970692	-0.1014095056	0.0907363855	0.444048	-0.0081939999999999	0.197178626304	6.714163599999965e-05	-0.176558	0.057379	0.0311727273639999	0.003292349641	-1.06762	-0.2097410000000001	1.1398124644	0.043991287081	-0.0265886	0.0048483999999999	2.350698255999999e-05	0.00070695364996	-0.00423358	0.00021664	1.79231996164e-05	4.693288960000026e-08	0.00197676	-0.00047751	3.907580097600001e-06	2.280158001e-07	0.0	0.0	0.0	0.0	0.0	0.0	0.0	0.0	0.0	0.0	0.0	0.0	0.0	0.0	0.0	0.0	0.0	0.0	0.0	0.0	0.0	0.0	0.0	0.0	1.0	0.0	0.0	0.0	0.0	0.0	0.0	0.0	0.0	0.0	0.0	0.0	0.0	0.0	0.0	0.0	0.0	0.0	0.0	0.0	0.0	0.0	0.0	0.0	0.0	0.0	0.0	0.0	0.0	0.0	0.0
47728.88102011038	109.15023913796904	11913.774703875828	2278046083.431853	70922.44109235491	-8.911143711637123	5029992650.498553	79.40848224944985	47021.67620442708	75.54165581597044	2211038033.073984	5706.541763418541	53454.84998448319	47863.17542872408	0.7915539999999999	26.780176	0.4725081	0.283909	-0.0229702035	-0.0201713519	0.1019122706	-0.0421172172	-0.0485601266	-0.0642219825	0.0897756204	-0.0001654716	0.0292924926	0.0319611698	0.0288056178	-0.0139308544	-0.0161861994	0.0054375169	-0.0297208487	-0.0914932812	-0.0085433837	-0.0335586604	0.054754874	0.0562045238	0.0296201177	-0.0313531956	0.0003381191	-0.0364184723	-0.0983516175	0.0959240631	0.416091	-0.027957	0.173131720281	0.000781593849	-0.0703924	0.1061656	0.0049550899777599	0.01127113462336	-1.0112	0.0564199999999999	1.02252544	0.0031832163999999	-0.0215145	0.0050741	2.5746490810000017e-05	0.0004628737102499	-0.00401041	0.0002231699999999	1.60833883681e-05	4.980484889999998e-08	0.0023188	0.00034204	5.376833440000001e-06	1.1699136160000005e-07	0.0	0.0	0.0	0.0	0.0	0.0	0.0	0.0	0.0	0.0	0.0	0.0	0.0	0.0	0.0	0.0	0.0	0.0	0.0	0.0	0.0	0.0	0.0	0.0	0.0	0.0	0.0	0.0	0.0	0.0	0.0	0.0	0.0	0.0	0.0	0.0	0.0	0.0	0.0	0.0	0.0	0.0	0.0	0.0	0.0	0.0	0.0	0.0	0.0	0.0	0.0	0.0	0.0	0.0	0.0
47493.56022887062	-235.32079123975564	55375.874789704656	2255638263.2133613	71073.85973249163	151.41864013671875	5051493537.273895	22927.60458085313	46913.68971896701	-107.98648546006734	2200894283.047511	11661.081042017337	53448.35360530931	46746.46889424003	0.73011	24.701355	0.4081638999999999	0.265894	-0.0165814903	-0.0427998939	0.0676327121	-0.0401357677	-0.0215536609	-0.0440925319	0.0375495019	-0.0407394378	0.0372596945	0.0335965473	0.0607305436	0.0675366346	-0.0422410938	-0.0470932203	-0.1736250525	-0.0608782688	-0.0392428117	-0.0220599817	0.0460829374	0.0626408953	0.0199255316	-0.0085819293	0.047212045	-0.0390210022	-0.0950898807	0.1006644984	0.387653	-0.0284379999999999	0.150274848409	0.0008087198439999	-0.0265655	0.0438268999999999	0.0007057257902499	0.0019207971636099	-1.11796	-0.1067599999999999	1.2498345616000002	0.0113976975999999	-0.0172892	0.0042252999999999	1.7853160089999983e-05	0.00029891643664	-0.00383784	0.0001725699999999	1.47290158656e-05	2.978040489999997e-08	0.00213389	-0.00018491	4.553486532099999e-06	3.419170810000014e-08	0.0	0.0	0.0	0.0	0.0	0.0	0.0	0.0	0.0	0.0	0.0	0.0	0.0	0.0	0.0	0.0	0.0	0.0	0.0	0.0	0.0	0.0	0.0	0.0	0.0	0.0	0.0	0.0	0.0	0.0	0.0	0.0	0.0	0.0	0.0	0.0	0.0	0.0	0.0	0.0	0.0	0.0	0.0	0.0	0.0	0.0	0.0	0.0	0.0	0.0	0.0	0.0	0.0	0.0	0.0
47665.09130201184	171.53107314121735	29422.90905297765	2271960928.8291245	71419.55196489606	345.69223240442807	5100752402.866488	119503.11954475712	47070.5071234809	156.8174045138876	2215632640.861666	24591.69835847225	53613.06679737325	46657.08692446311	0.684937	23.173048	0.2873859000000001	0.126385	-0.0271058727	-0.0526469352	0.0760158052	-0.0226296067	0.0023644553	-0.0577402507	-0.0612500929	0.0196526729	0.0268637203	-0.0034891552	0.117508795	-0.0233002296	-0.0195338583	0.0108265171	-0.0794872281	-0.04404043	0.001105718	-0.0287727332	0.0411990109	0.07275097	-0.0390096713	-0.0384007138	0.0323861297	-0.0416033102	-0.0916310555	0.1049355893	0.332501	-0.055152	0.110556915001	0.003041743104	0.0275639	0.0541293999999999	0.0007597685832099	0.0029299919443599	-1.0798	0.0381599999999999	1.16596804	0.0014561855999999	-0.0157783	0.0015109	2.2828188100000074e-06	0.0002489547508899	-0.00340059	0.0004372499999999	1.1564012348100002e-05	1.9118756249999974e-07	0.00128315	-0.0008507399999999	1.6464739225e-06	7.237585475999996e-07	0.0	0.0	0.0	0.0	0.0	0.0	0.0	0.0	0.0	0.0	0.0	0.0	0.0	0.0	0.0	0.0	0.0	0.0	0.0	0.0	0.0	0.0	0.0	0.0	0.0	0.0	0.0	0.0	0.0	0.0	0.0	0.0	0.0	0.0	0.0	0.0	0.0	0.0	0.0	0.0	0.0	0.0	0.0	0.0	0.0	0.0	0.0	0.0	0.0	0.0	0.0	0.0	0.0	0.0	0.0
47779.27149746221	114.18019545036805	13037.117033084249	2282858784.8282046	71512.69069126675	93.13872637068562	5114064929.90479	8674.822349953449	47134.73926323785	64.23213975694671	2221683645.4134154	4125.767777755934	53735.09474578057	47089.80410232886	0.715434	24.204828	0.1977533	0.108671	-0.0197176085	-0.0462227426	0.0577339608	-0.0338488973	-0.0148681558	-0.0730629623	0.0692700785	0.0282537406	0.0208897196	-0.0219181957	0.078382863	0.0272458635	-0.0630639067	-0.0217119566	-0.0476095771	-0.0260048502	0.0027619444	-0.0271579507	-0.0107106357	0.0852719494	0.0360089786	-0.0571882109	-0.0287833535	-0.0441640581	-0.087982311	0.1087174221	0.346433	0.013932	0.1200158234889999	0.000194100624	-0.0255264	-0.0530903	0.00065159709696	0.00281857995409	-1.17288	-0.0930799999999998	1.3756474944	0.0086638863999999	-0.0160221	-0.0002438	5.9438440000001145e-08	0.00025670768841	-0.0031205	0.00028009	9.73752025e-06	7.845040810000013e-08	0.00105402	-0.00022913	1.1109581603999998e-06	5.250055690000007e-08	0.0	0.0	0.0	0.0	0.0	0.0	0.0	0.0	0.0	0.0	0.0	0.0	0.0	0.0	0.0	0.0	0.0	0.0	0.0	0.0	0.0	0.0	0.0	0.0	0.0	0.0	0.0	0.0	0.0	0.0	0.0	0.0	0.0	0.0	0.0	0.0	0.0	0.0	0.0	0.0	0.0	0.0	0.0	0.0	0.0	0.0	0.0	0.0	0.0	0.0	0.0	0.0	0.0	0.0	0.0
47706.64865208977	-72.62284537243977	5274.077669989297	2275924325.6139383	71331.18415614536	-181.50653512138524	5088137833.117923	32944.622291770655	46978.37652994792	-156.36273328992684	2206967861.3895617	24449.304361896797	53535.780941087374	47819.547246958646	0.649647	21.979107	0.1077509400000001	0.0553789	-0.0242670659	-0.0529578399	0.0368782912	-0.0384901208	-0.0093845097	-0.0565008386	0.0484700643	-0.0272225736	0.0138834868	-0.0072827946	0.0698369883	-0.0311376999	-0.0597618715	-0.0333842859	-0.0241065353	-0.0137264917	-0.0328146463	-0.0133036991	0.0084590626	0.0740277205	0.0401476137	-0.0429515282	0.0079482744	-0.0467019189	-0.0841512098	0.111992364	0.34404	-0.0023929999999999	0.1183635216	5.726448999999897e-06	0.00252134	0.02804774	6.3571553956e-06	0.0007866757191076	-1.1765	-0.0036200000000001	1.3841522500000003	1.3104400000001294e-05	-0.0157896	0.0002325	5.405625000000004e-08	0.00024931146816	-0.00259264	0.00052786	6.721782169599999e-06	2.7863617960000026e-07	0.000340576	-0.0007134439999999	1.15992011776e-07	5.090023411359999e-07	0.0	0.0	0.0	0.0	0.0	0.0	0.0	0.0	0.0	0.0	0.0	0.0	0.0	0.0	0.0	0.0	0.0	0.0	0.0	0.0	0.0	0.0	0.0	0.0	0.0	0.0	0.0	0.0	0.0	0.0	0.0	0.0	0.0	0.0	0.0	0.0	0.0	0.0	0.0	0.0	0.0	0.0	0.0	0.0	0.0	0.0	0.0	0.0	0.0	0.0	0.0	0.0	0.0	0.0	0.0
47533.848671967855	-172.79998012191209	29859.83313013321	2259466769.56954	71211.08618164062	-120.09797450473708	5071018795.169048	14423.523480140477	46907.29114583333	-71.08538411458721	2200293962.639974	5053.131834718408	53521.44069375797	46476.598130572536	0.677553	22.923248	0.16779239	0.0874863	-0.0078936797	-0.055573187	0.0285597663	-0.0464414738	0.0058754375	-0.0393654476	0.086826929	-0.050587018	0.0136775784	-0.035348492	0.1168010847	-0.0517213317	-0.0131114314	-0.0297181061	-0.0699091155	0.012616409	-0.0487367362	-0.0170846805	-0.0342871412	0.0757508997	0.0884208703	-0.0693729086	0.050715211	-0.0492155773	-0.0801456922	0.1147451459	0.313264	-0.030776	0.098134333696	0.000947162176	-0.0180743	-0.02059564	0.00032668032049	0.0004241803870096	-1.24073	-0.06423	1.5394109329000003	0.0041254929	-0.0151398	0.0006498	4.22240040000001e-07	0.00022921354404	-0.00273421	-0.00014157	7.4759043241e-06	2.0042064900000044e-08	8.8131e-05	-0.000252445	7.767073161e-09	6.3728478025e-08	0.0	0.0	0.0	0.0	0.0	0.0	0.0	0.0	0.0	0.0	0.0	0.0	0.0	0.0	0.0	0.0	0.0	0.0	0.0	0.0	0.0	0.0	0.0	0.0	0.0	0.0	0.0	0.0	0.0	0.0	0.0	0.0	0.0	0.0	0.0	0.0	0.0	0.0	0.0	0.0	0.0	0.0	0.0	0.0	0.0	0.0	0.0	0.0	0.0	0.0	0.0	0.0	0.0	0.0	0.0
47795.789938085865	261.9412661180104	68613.22689550633	2284437535.80563	71263.72557285854	52.63939121791918	5078518582.523693	2770.905507793147	47037.46637912327	130.1752332899341	2212523243.367152	16945.59136208877	53517.27187300701	47026.845266573095	0.7473959999999998	25.28619	0.1063282	0.0634857	-0.0161957425	-0.0631867787	0.0244498961	-0.0365404592	0.0321260012	-0.0333343657	-0.035851857	-0.0147714183	-0.0037765131	-0.0307320661	0.04889532	-0.0127179785	-0.0470350096	-0.0052700602	-0.1203642619	-0.0136503903	-0.0267313378	-0.010300508	0.0068582283	0.049560235	-0.0094682977	-0.0581354604	0.017806612	-0.0517037307	-0.0759740605	0.1169629329	0.328186	0.0149219999999999	0.1077060505959999	0.0002226660839999	-0.0178497	0.0002246	0.00031861179009	5.044516000000085e-08	-1.19425	0.04648	1.4262330625	0.0021603904	-0.0153898	-0.00025	6.250000000000013e-08	0.00023684594404	-0.00273421	0.0	7.4759043241e-06	0.0	0.0007321629999999	0.0006440319999999	5.360626585688536e-07	4.147772170238713e-07	0.0	0.0	0.0	0.0	0.0	0.0	0.0	0.0	0.0	0.0	0.0	0.0	0.0	0.0	0.0	0.0	0.0	0.0	0.0	0.0	0.0	0.0	0.0	0.0	0.0	0.0	0.0	0.0	0.0	0.0	0.0	0.0	0.0	0.0	0.0	0.0	0.0	0.0	0.0	0.0	0.0	0.0	0.0	0.0	0.0	0.0	0.0	0.0	0.0	0.0	0.0	0.0	0.0	0.0	0.0
48116.70156322421	320.9116251383457	102984.27114893412	2315216969.3243837	73402.46580287388	2138.740230015333	5387921985.942069	4574209.771486042	47328.19507378472	290.72869466145494	2239958048.94222	84523.1738995535	54161.63794230024	48200.253034241	1.046283	35.398251	0.85961485	0.381795	-0.0457192213	-0.0083632718	0.0825909557	0.0962638814	0.0227154506	-0.0953066504	-0.1258685917	0.0883003542	0.0103621101	0.051347437	0.114818205	0.1128410591	-0.0015442915	-0.1099214167	-0.0503402994	-0.0027675398	0.0917935294	-0.0306145292	0.0710307461	0.0656708952	-0.1472367006	0.0282336062	0.0625865515	-0.0541650896	-0.071644961	0.1186353847	0.369983	0.041797	0.136887420289	0.001746989209	0.0574733	0.075323	0.0033031802128899	0.005673554329	-0.943627	0.250623	0.890431915129	0.062811888129	-0.011716	0.0036737999999999	1.3496806439999998e-05	0.000137264656	-0.00635052	-0.00361631	4.03291042704e-05	1.3077698016100002e-05	0.00327949	0.0025473270000001	1.07550546601e-05	6.48887484492951e-06	0.0	0.0	0.0	0.0	0.0	0.0	0.0	0.0	0.0	0.0	0.0	0.0	0.0	0.0	0.0	0.0	0.0	0.0	0.0	0.0	0.0	0.0	0.0	0.0	0.0	1.0	0.0	0.0	0.0	0.0	0.0	0.0	0.0	0.0	0.0	0.0	0.0	0.0	0.0	0.0	0.0	0.0	0.0	0.0	0.0	0.0	0.0	0.0	0.0	0.0	0.0	0.0	0.0	0.0	0.0
47981.04457015936	-135.65699306484748	18402.81976739608	2302180638.043619	72168.48408726284	-1233.9817156110366	5208290095.45351	1522710.8744623573	47297.9130859375	-30.2819878472219	2237092582.284898	916.9987879792948	53863.05586549631	48007.35341791401	0.8967319999999999	30.338593	0.2168636	0.112235	-0.0459976462	0.0044043734	0.0706213799	0.0230610252	-0.0432580011	-0.0801124783	0.017657256	0.0860786203	0.0221841106	-0.0159207586	0.1315567064	0.0196770329	-0.0294088712	-0.0966358143	-0.0669769113	-0.0573922568	0.0625543128	-0.0322372039	0.0370392497	0.0928134236	-0.0446762833	-0.0807774812	0.0071993037	-0.0565983786	-0.0671673664	0.1197547036	0.353174	-0.016809	0.124731874276	0.000282542481	0.0531927	-0.0042805999999999	0.00282946333329	1.8323536359999963e-05	-0.869325	0.0743019999999999	0.755725955625	0.0055207872039999	-0.00993992	0.00177608	3.154460166400004e-06	9.88020096064e-05	-0.00576154	0.00058898	3.31953431716e-05	3.468974404000003e-07	0.00334387	6.438000000000017e-05	1.11814665769e-05	4.1447844000000215e-09	0.0	0.0	0.0	0.0	0.0	0.0	0.0	0.0	0.0	0.0	0.0	0.0	0.0	0.0	0.0	0.0	0.0	0.0	0.0	0.0	0.0	0.0	0.0	0.0	0.0	0.0	0.0	0.0	0.0	0.0	0.0	0.0	0.0	0.0	0.0	0.0	0.0	0.0	0.0	0.0	0.0	0.0	0.0	0.0	0.0	0.0	0.0	0.0	0.0	0.0	0.0	0.0	0.0	0.0	0.0
47918.23749302832	-62.807077131044935	3944.728937745028	2296157484.438265	72881.73427908761	713.2501918247726	5311747191.527535	508725.8361380749	47381.0431640625	83.13007812500291	2244963251.314754	6910.609889069087	54034.00180080403	48341.46786594819	0.901227	30.490665	0.2981225	0.154167	-0.0498050315	0.0487089938	0.1131852116	0.0661088134	-0.0634784163	-0.0905066042	0.0171314924	0.0873932722	0.0480582047	0.0586989933	0.1031711593	0.049514025	-0.0580526537	-0.1295907271	0.046583515	0.1183094926	0.0861555973	-0.0385827964	0.0741225174	0.0792249958	-0.0434728795	0.0028673134	-0.0138437787	-0.0590023366	-0.0625505571	0.1203156708	0.33263	-0.020544	0.1106427169	0.000422055936	0.0204057	-0.032787	0.0004163925924899	0.001074987369	-0.724896	0.144429	0.525474210816	0.020859736041	-0.0089062399999999	0.00103368	1.068494342400205e-06	7.932111093759823e-05	-0.00533494	0.0004266	2.84615848036e-05	1.8198756000000005e-07	0.0027969	-0.0005469699999999	7.82264961e-06	2.991761808999999e-07	0.0	0.0	0.0	0.0	0.0	0.0	0.0	0.0	0.0	0.0	0.0	0.0	0.0	0.0	0.0	0.0	0.0	0.0	0.0	0.0	0.0	0.0	0.0	0.0	0.0	0.0	0.0	0.0	0.0	0.0	0.0	0.0	0.0	0.0	0.0	0.0	0.0	0.0	0.0	0.0	0.0	0.0	0.0	0.0	0.0	0.0	0.0	0.0	0.0	0.0	0.0	0.0	0.0	0.0	0.0
47937.769787712976	19.532294684657245	381.5105356482897	2298029772.219767	73119.04531424386	237.31103515625	5346394787.666448	56316.52740693092	47102.85590820313	-278.187255859375	2218679034.708946	77388.14932256937	54502.71865035076	47510.75251667382	1.315921	44.520748	0.5779257000000001	0.431113	-0.037510502	-0.022652772	-0.0026291873	0.0548894672	0.0184512014	-0.0872103413	0.0453794237	0.0059535237	-0.0291098285	-0.0684687662	0.0363384238	-0.0326360084	-0.0336711575	-0.1627084307	-0.0759948947	0.021343515	0.0248606004	-0.0040036151	-0.1319219901	0.1162063259	0.1202982682	-0.002495144	0.1179686183	-0.0613757178	-0.0578041022	0.1203156708	0.354541	0.021911	0.125699320681	0.000480091921	0.0320149	0.0116092	0.0010249538220099	0.00013477352464	-1.12457	-0.3996740000000001	1.2646576849000002	0.159739306276	-0.00696498	0.0019412599999999	3.7684903875996137e-06	4.85109464004e-05	-0.0051161	0.0002188399999999	2.617447921e-05	4.789094559999985e-08	0.00206237	-0.00073453	4.2533700169e-06	5.395343209000002e-07	0.0	0.0	0.0	0.0	0.0	0.0	0.0	0.0	0.0	0.0	0.0	0.0	0.0	0.0	0.0	0.0	0.0	0.0	0.0	0.0	0.0	0.0	0.0	0.0	0.0	0.0	1.0	0.0	0.0	0.0	0.0	0.0	0.0	0.0	0.0	0.0	0.0	0.0	0.0	0.0	0.0	0.0	0.0	0.0	0.0	0.0	0.0	0.0	0.0	0.0	0.0	0.0	0.0	0.0	0.0
48304.59356686078	366.8237791478023	134559.68494827562	2333333759.659608	74668.44427490234	1549.39896065848	5575376570.434196	2400637.1392895784	47582.14550238715	479.2895941840252	2264060570.610342	229718.5150930876	54748.06075542661	47403.490095814246	1.981638	67.043571	2.6052915	1.24221	0.1008669446	0.1818161738	-0.0759926899	0.2289763184	-0.0567213673	0.1066097688	0.0323048677	0.1958735032	-0.1072681375	-0.041369145	0.0588898126	-0.1873910007	0.1830281882	0.0682001194	0.0317249798	0.111276251	0.2229528338	0.0670706275	-0.0653777327	-0.0761881261	-0.0041988254	-0.1788823208	0.1687221014	-0.0637172922	-0.0529378395	0.1197547036	0.0173857	-0.3371553	0.00030226256449	0.1136736963180899	0.343739	0.3117241	0.118156500121	0.09717191452081	-0.48165	0.64292	0.2319867225	0.4133461264	0.0129235	0.01988848	0.0003955516367104	0.0001670168522499	0.000524802	0.005640902	2.75417139204e-07	3.1819775373603995e-05	0.00280283	0.00074046	7.8558560089e-06	5.482810116000001e-07	0.0	0.0	0.0	0.0	0.0	0.0	0.0	0.0	0.0	0.0	0.0	0.0	0.0	0.0	0.0	0.0	0.0	0.0	0.0	0.0	0.0	0.0	0.0	0.0	0.0	0.0	0.0	1.0	0.0	0.0	0.0	0.0	0.0	0.0	0.0	0.0	0.0	0.0	0.0	0.0	0.0	0.0	0.0	0.0	0.0	0.0	0.0	0.0	0.0	0.0	0.0	0.0	0.0	0.0	0.0
47687.30609641562	-617.2874704451606	381043.821168585	2274079162.733238	70872.87199619839	-3795.572278703956	5022963984.989522	14406368.92286594	47243.1307562934	-339.01474609375146	2231913403.656236	114930.99806901076	53526.72140921101	45112.84398360317	1.52177	51.485123	0.9222621999999998	0.626368	0.1495446516	0.1648699112	-0.0470046461	-0.0306854047	-0.1657183783	0.0765209466	-0.0758251745	0.0797995962	-0.1924673226	0.0297354491	0.0321716651	-0.0031448165	0.1185924324	0.1707440186	-0.0780555071	-0.0935487059	0.0669741405	0.1910950854	0.056849558	-0.0619943328	-0.0049159225	-0.1924026049	0.0019033832	-0.0660258464	-0.0479618551	0.1186353847	0.052225	0.0348393	0.002727450625	0.00121377682449	0.358663	0.0149239999999999	0.128639147569	0.0002227257759999	-0.726137	-0.244487	0.527274942769	0.059773893169	0.0231731	0.0102496	0.0001050543001599	0.00053699256361	0.00119328	0.0006684779999999	1.4239171583999997e-06	4.468628364839999e-07	0.00444499	0.00164216	1.9757936100100004e-05	2.6966894656000006e-06	0.0	0.0	0.0	0.0	0.0	0.0	0.0	0.0	0.0	0.0	0.0	0.0	0.0	0.0	0.0	0.0	0.0	0.0	0.0	0.0	0.0	0.0	0.0	0.0	0.0	0.0	0.0	0.0	1.0	0.0	0.0	0.0	0.0	0.0	0.0	0.0	0.0	0.0	0.0	0.0	0.0	0.0	0.0	0.0	0.0	0.0	0.0	0.0	0.0	0.0	0.0	0.0	0.0	0.0	0.0
47470.48878775693	-216.8173086586903	47009.74533399778	2253447305.748556	71212.94743129185	340.0754350934585	5071283881.851936	115651.30155400511	47093.246354166666	-149.88440212673595	2217773852.174232	22465.33400088909	53445.69357433263	45023.1129528097	0.962427	32.561199	0.22712447	0.129116	0.1276779597	0.175059063	-0.0594558876	-0.0130709186	-0.1551805863	0.0827899669	-0.084270833	0.0166307536	-0.1506179043	0.090407903	0.0714036159	0.0515180711	0.1156509577	0.1091690712	-0.0560878059	-0.0230832325	0.0288963773	0.1677333951	0.0836758797	-0.0676408513	-0.0426193406	-0.1174654725	0.0581612355	-0.068300184	-0.0428864624	0.1169629329	0.00265753	-0.04956747	7.0624657009e-06	0.0024569340822009	0.342535	-0.016128	0.1173302262249999	0.000260112384	-0.7212579999999998	0.0048790000000001	0.5202131025639998	2.380464100000184e-05	0.0210621	-0.0021109999999999	4.456320999999993e-06	0.00044361205641	0.00184915	0.00065587	3.4193557225e-06	4.301654569e-07	0.00408086	-0.0003641299999999	1.6653418339600003e-05	1.325906568999999e-07	0.0	0.0	0.0	0.0	0.0	0.0	0.0	0.0	0.0	0.0	0.0	0.0	0.0	0.0	0.0	0.0	0.0	0.0	0.0	0.0	0.0	0.0	0.0	0.0	0.0	0.0	0.0	0.0	0.0	0.0	0.0	0.0	0.0	0.0	0.0	0.0	0.0	0.0	0.0	0.0	0.0	0.0	0.0	0.0	0.0	0.0	0.0	0.0	0.0	0.0	0.0	0.0	0.0	0.0	0.0
47513.220404100815	42.73161634388816	1825.99103536125	2257506113.168662	73262.33361380441	2049.386182512564	5367369526.540376	4199983.72507342	47133.45419921875	40.20784505208576	2221562504.749852	1616.6708037325373	54282.07201934904	44991.24818235663	1.370534	46.36845	0.7970281700000001	0.451334	0.0962606206	0.183337724	-0.0686651274	0.0706432192	-0.1120366857	-0.061982586	0.0987590739	0.0686061054	-0.2471003067	0.0181050337	-0.0520985664	-0.0075447408	0.0235957521	-0.0696640404	0.1127008784	-0.1906830783	0.0832937058	0.2231542775	-0.1136051086	0.0716844559	0.1677941848	0.1322138571	-0.0218899097	-0.0705391264	-0.0377221809	0.1147451459	0.0627872	0.06012967	0.00394223248384	0.0036155772143089	0.384081	0.041546	0.147518214561	0.001726070116	-1.02983	-0.3085720000000002	1.0605498289000002	0.0952166791840001	0.0228467	0.0017846	3.184797160000003e-06	0.00052197170089	-0.0039221	-0.00577125	1.5382868410000003e-05	3.33073265625e-05	0.00426062	0.0001797599999999	1.81528827844e-05	3.2313657599999746e-08	0.0	0.0	0.0	0.0	0.0	0.0	0.0	0.0	0.0	0.0	0.0	0.0	0.0	0.0	0.0	0.0	0.0	0.0	0.0	0.0	0.0	0.0	0.0	0.0	0.0	0.0	0.0	0.0	0.0	1.0	0.0	0.0	0.0	0.0	0.0	0.0	0.0	0.0	0.0	0.0	0.0	0.0	0.0	0.0	0.0	0.0	0.0	0.0	0.0	0.0	0.0	0.0	0.0	0.0	0.0
47885.26693047068	372.0465263698643	138418.61778388213	2292998789.002429	72551.6527230399	-710.6808907645172	5263742312.844582	505067.3284978477	47303.48160264757	170.0274034288159	2237619371.732017	28909.317916745316	54046.43744875182	46172.028667159146	1.231256	41.656353	0.6358843000000001	0.338183	0.0529164405	0.1799574713	-0.0733940439	0.061264387	-0.0682078482	0.0040877511	-0.1053456546	0.0903566816	-0.2056931756	0.0032453032	0.0194572902	0.0747991568	0.0176583634	0.0033017202	0.0479980367	0.0110306471	0.0797139733	0.1836317614	-0.043660468	0.0340784853	-0.0497876938	-0.0016009913	-0.0139968664	-0.0727415132	-0.0324797145	0.111992364	0.0605799	-0.0022073	0.0036699242840099	4.87217329000001e-06	0.246521	-0.13756	0.0607726034409999	0.0189227536	-1.03262	-0.00279	1.0663040644	7.784100000000392e-06	0.0184168	-0.0044299	1.9624014010000005e-05	0.00033917852224	-0.0074836	-0.0035614999999999	5.600426896e-05	1.2684282249999996e-05	0.00613576	0.00187514	3.76475507776e-05	3.5161500196e-06	0.0	0.0	0.0	0.0	0.0	0.0	0.0	0.0	0.0	0.0	0.0	0.0	0.0	0.0	0.0	0.0	0.0	0.0	0.0	0.0	0.0	0.0	0.0	0.0	0.0	0.0	0.0	0.0	0.0	0.0	1.0	0.0	0.0	0.0	0.0	0.0	0.0	0.0	0.0	0.0	0.0	0.0	0.0	0.0	0.0	0.0	0.0	0.0	0.0	0.0	0.0	0.0	0.0	0.0	0.0
47994.31254024912	109.04560977844083	11890.945011951995	2303454036.211114	73032.9179600307	481.2652369908028	5333807105.756575	231616.2283358136	47118.44479166667	-185.03681098089876	2220147839.58534	34238.621417980845	53992.64351767493	48042.08917143954	1.524825	51.588467	1.7365506	0.93787	-0.0614916045	0.0053245456	-0.0816379547	0.0430965222	0.0166735115	-0.1081328399	0.0666328948	0.0052863709	-0.0957584536	-0.1081261055	0.0887288411	-0.0285337208	-0.0336735943	-0.0595776413	0.1009533653	0.0295115995	0.0120843497	0.0743157572	-0.116398289	0.1258893133	0.0206309305	0.0246927275	0.0336464523	-0.0749062032	-0.0271699288	0.1087174221	0.20442	0.1438401	0.0417875364	0.02068997436801	0.150784	-0.0957369999999999	0.022735814656	0.0091655731689999	-1.24131	-0.2086899999999998	1.5408505160999997	0.0435515160999999	0.00128273	-0.01713407	0.0002935763547649	1.6453962529e-06	-0.00301283	0.00447077	9.0771446089e-06	1.99877843929e-05	0.00197493	-0.0041608299999999	3.900348504900001e-06	1.731250628889999e-05	0.0	0.0	0.0	0.0	0.0	0.0	0.0	0.0	0.0	0.0	0.0	0.0	0.0	0.0	0.0	0.0	0.0	0.0	0.0	0.0	0.0	0.0	0.0	0.0	0.0	0.0	0.0	0.0	0.0	0.0	0.0	1.0	0.0	0.0	0.0	0.0	0.0	0.0	0.0	0.0	0.0	0.0	0.0	0.0	0.0	0.0	0.0	0.0	0.0	0.0	0.0	0.0	0.0	0.0	0.0
47559.98039383407	-434.3321464150504	188644.41340950475	2261951735.061881	71445.28655569894	-1587.6314043317543	5104428971.025936	2520573.4760204186	47082.25260959201	-36.19218207465747	2216738510.7934337	1309.8740433251571	53601.67923267242	46423.95315100152	0.966295	32.692066	0.4202495	0.268375	-0.031766404	0.004383058	-0.0932709743	-0.0362915361	0.0056958029	-0.0135714249	-0.0226547609	-0.0203163179	-0.0862722391	-0.0802078846	-0.0054931526	0.0419247504	-0.0901200825	0.0132233479	0.1323030996	0.0660996882	-0.0373602865	0.0924862209	-0.0835056162	0.0604453081	-0.00307764	0.0202698078	-0.0961442427	-0.0770320745	-0.0218038294	0.1049355893	0.201956	-0.0024639999999999	0.040786225936	6.07129599999997e-06	0.160086	0.009302	0.025627527396	8.652720400000009e-05	-1.37153	-0.13022	1.8810945409	0.0169572484	0.0052645	0.00398177	1.5854492332899998e-05	2.771496025e-05	-0.00209894	0.00091389	4.4055491236e-06	8.351949321000002e-07	0.00130532	-0.00066961	1.7038603024e-06	4.483775521000002e-07	0.0	0.0	0.0	0.0	0.0	0.0	0.0	0.0	0.0	0.0	0.0	0.0	0.0	0.0	0.0	0.0	0.0	0.0	0.0	0.0	0.0	0.0	0.0	0.0	0.0	0.0	0.0	0.0	0.0	0.0	0.0	0.0	0.0	0.0	0.0	0.0	0.0	0.0	0.0	0.0	0.0	0.0	0.0	0.0	0.0	0.0	0.0	0.0	0.0	0.0	0.0	0.0	0.0	0.0	0.0
47557.068760381895	-2.9116334521750105	8.47760935982457	2261674789.0796914	71483.3899143764	38.10335867745744	5109875033.650769	1451.865942502971	46961.33561740451	-120.9169921875	2205367042.9705057	14620.918999671936	53386.85491498496	46559.070462898286	0.68038	23.018871	0.196761	0.127571	-0.0310642406	0.0139192102	-0.0913927695	-0.0347179762	0.0137915387	-0.0275849322	-0.0046307022	-0.0515453191	-0.1334388891	-0.0947249636	-0.0506127045	0.081637453	-0.1251474545	0.0407921787	0.191661836	0.0766678568	-0.0580118336	0.1211511737	-0.0820668313	0.0578800079	-0.0052841632	0.0574271403	-0.1014409839	-0.0791180255	-0.0163925382	0.1006644984	0.165661	-0.0362949999999999	0.027443566921	0.0013173270249999	0.166208	0.0061219999999999	0.027625099264	3.747888399999986e-05	-1.39378	-0.0222500000000001	1.9426226884	0.0004950625	0.00747265	0.00220815	4.8759264225e-06	5.58404980225e-05	-0.00166521	0.00043373	2.7729243441e-06	1.8812171290000002e-07	0.00130532	0.0	1.7038603024e-06	0.0	0.0	0.0	0.0	0.0	0.0	0.0	0.0	0.0	0.0	0.0	0.0	0.0	0.0	0.0	0.0	0.0	0.0	0.0	0.0	0.0	0.0	0.0	0.0	0.0	0.0	0.0	0.0	0.0	0.0	0.0	0.0	0.0	0.0	0.0	0.0	0.0	0.0	0.0	0.0	0.0	0.0	0.0	0.0	0.0	0.0	0.0	0.0	0.0	0.0	0.0	0.0	0.0	0.0	0.0	0.0
47601.11802232652	44.04926194462314	1940.3374778660243	2265866436.9754586	71569.29998561314	85.91007123673626	5122164700.430684	7380.540339901098	47058.80122070313	97.46560329861676	2214530772.3296504	9499.543826363337	53543.024748599215	45975.59612818149	0.833345	28.19405	0.1729619999999999	0.104495	-0.0276347759	0.0321845878	-0.0975178859	-0.0263648005	0.0341266458	-0.0139183953	-0.157815504	-0.0325355571	-0.1225861756	-0.0406851546	-0.0922642573	0.1300132991	-0.1121027689	0.0410366527	0.1978967229	0.1292337352	-0.0458901164	0.1138077467	-0.0626789994	0.0181465483	-0.0915305433	0.0819238503	-0.153596085	-0.0811629751	-0.010947271	0.0959240631	0.153312	-0.0123489999999999	0.023504569344	0.0001524978009999	0.209241	0.043033	0.043781796081	0.001851839089	-1.40631	-0.0125299999999999	1.9777078161	0.0001570008999999	0.00917614	0.0017034899999999	2.901878180099998e-06	8.420154529959999e-05	-0.00206272	-0.00039751	4.2548137984e-06	1.580142001e-07	0.00130532	0.0	1.7038603024e-06	0.0	0.0	0.0	0.0	0.0	0.0	0.0	0.0	0.0	0.0	0.0	0.0	0.0	0.0	0.0	0.0	0.0	0.0	0.0	0.0	0.0	0.0	0.0	0.0	0.0	0.0	0.0	0.0	0.0	0.0	0.0	0.0	0.0	0.0	0.0	0.0	0.0	0.0	0.0	0.0	0.0	0.0	0.0	0.0	0.0	0.0	0.0	0.0	0.0	0.0	0.0	0.0	0.0	0.0	0.0	0.0
48061.85625577761	460.7382334510912	212279.71976363225	2309942026.751029	73129.6416102818	1560.3416246686684	5347944482.04826	2434665.9856736595	47211.11401909722	152.312798394094	2228889286.924198	23199.18855463992	53643.9620834662	47749.71835251881	2.103224	71.157089	1.7539405	0.9758190000000002	-0.0289769863	-0.0565107484	-0.0677439482	0.0321716415	0.1532854942	-0.1378107153	-0.1949922877	0.0071223699	-0.0011671652	-0.0979151525	0.1717355967	0.2223707657	0.0765310017	0.0643270614	0.0133345119	-0.0836522316	-0.0141015553	-0.0195993449	0.0019492312	0.0797877696	-0.2793196657	-0.0553195021	0.0598609855	-0.0831658636	-0.0054793138	0.0907363855	0.354946	0.2016339999999999	0.125986662916	0.0406562699559999	-0.135077	-0.344318	0.018245795929	0.118554885124	-1.48333	-0.07702	2.2002678889	0.0059320804	-0.00654836	-0.0157245	0.00024725990025	4.28810186896e-05	-0.0089575899999999	-0.0068948699999999	8.023841860809822e-05	4.753923231689862e-05	0.00130532	0.0	1.7038603024e-06	0.0	0.0	0.0	0.0	0.0	0.0	0.0	0.0	0.0	0.0	0.0	0.0	0.0	0.0	0.0	0.0	0.0	0.0	0.0	0.0	0.0	0.0	0.0	0.0	0.0	0.0	0.0	0.0	0.0	0.0	0.0	0.0	0.0	1.0	0.0	0.0	0.0	0.0	0.0	0.0	0.0	0.0	0.0	0.0	0.0	0.0	0.0	0.0	0.0	0.0	0.0	0.0	0.0	0.0	0.0	0.0
48211.92085623167	150.0646004540613	22519.384309437053	2324389312.6475463	76251.94713265555	3122.3055223737465	5814359441.521297	9748791.775045594	46990.20486111111	-220.9091579861124	2208079352.88919	48800.85608213317	54636.99912379852	46728.92735666865	2.500952	84.61320499999998	4.448831500000001	2.78316	0.074764326	0.014269842	-0.0126914492	0.2804477119	0.134159938	0.2383547285	0.1593216641	-0.0337669229	0.0825204893	-0.0162213872	-0.1808397252	-0.0937368899	0.4206011741	-0.0371408474	0.0856340718	-0.133273963	0.0660487029	-0.1080426302	-0.126051438	-0.2656076565	0.0609260602	0.1575154988	0.3647793993	-0.0851256531	-0.0	0.0851256531	0.8378419999999999	0.4828959999999999	0.7019792169639998	0.2331885468159998	-0.37381	-0.2387329999999999	0.1397339161	0.0569934452889999	-2.05118	-0.56785	4.2073393924	0.3224536225	-0.0594877	-0.05293934	0.0028025737196356	0.0035387864512899	-0.0163198	-0.00736221	0.00026633587204	5.4202136084101446e-05	0.00419082	0.0028854999999999	1.7562972272399997e-05	8.326110249999998e-06	0.0	0.0	0.0	0.0	0.0	0.0	0.0	0.0	0.0	0.0	0.0	0.0	0.0	0.0	0.0	0.0	0.0	0.0	0.0	0.0	0.0	0.0	0.0	0.0	0.0	0.0	0.0	0.0	0.0	0.0	0.0	0.0	0.0	1.0	0.0	0.0	0.0	0.0	0.0	0.0	0.0	0.0	0.0	0.0	0.0	0.0	0.0	0.0	0.0	0.0	0.0	0.0	0.0	0.0	0.0
47762.00226735391	-449.91858887775743	202426.73661775253	2281208860.5867205	69745.17489624023	-6506.772236415316	4864389421.307139	42338084.93658517	47019.29998914931	29.09512803819962	2210814571.4696164	846.5264755592295	53293.96711005831	46381.96491664835	1.942954	65.734787	1.5142764999999991	1.05214	0.0775764176	0.0416882082	-0.1466589123	-0.1268320817	0.0320723239	0.2159587534	0.1405594105	-0.0393275276	0.0299171614	-0.0801493662	0.0175638234	-0.1236143144	0.3730792347	-0.1370539963	-0.1431291679	-0.1414093612	-0.063874818	-0.0540076062	-0.0856415871	-0.196359073	0.0695676438	-0.2571225437	0.1484257785	-0.0870413278	0.0054793138	0.0791180255	0.776254	-0.0615879999999998	0.602570272516	0.0037930817439999	-0.199029	0.1747809999999999	0.039612542841	0.0305483979609999	-1.93792	0.1132599999999999	3.755533926400001	0.0128278275999999	-0.039461	0.0200266999999999	0.0004010687128899	0.001557170521	-0.0143064	0.0020133999999999	0.00020467308096	4.053779559999994e-06	0.00544367	0.00125285	2.96335430689e-05	1.5696331225000017e-06	0.0	0.0	0.0	0.0	0.0	0.0	0.0	0.0	0.0	0.0	0.0	0.0	0.0	0.0	0.0	0.0	0.0	0.0	0.0	0.0	0.0	0.0	0.0	0.0	0.0	0.0	0.0	0.0	0.0	0.0	0.0	0.0	0.0	0.0	1.0	0.0	0.0	0.0	0.0	0.0	0.0	0.0	0.0	0.0	0.0	0.0	0.0	0.0	0.0	0.0	0.0	0.0	0.0	0.0	0.0
47965.929448721	203.92718136708567	41586.29530032427	2300730387.87968	71954.25356183734	2209.0786655971024	5177414605.641181	4880028.550796274	47122.134673394095	102.83468424478632	2220495576.17749	10574.972283724906	53792.71369280134	47862.60958848619	1.568546	53.067677	1.2910280000000005	0.684541	0.0363782174	0.0216845656	-0.0752170004	-0.009178015	0.1141016694	0.0315578139	0.053039203	-0.0235228235	0.0802389654	-0.0164444066	-0.1113788217	0.1040497053	0.0798379216	-0.1057127818	-0.0892561083	-0.0161702518	-0.0348533595	-0.107060215	-0.0541995624	-0.108049892	-0.0782488331	0.0019662601	0.0775154627	-0.0889118951	0.010947271	0.0727415132	0.658482	-0.1177719999999999	0.433598544324	0.0138702439839999	-0.108136	0.090893	0.0116933944959999	0.008261537449	-1.4761	0.4618200000000001	2.17887121	0.2132777124000001	-0.0284966	0.0109644	0.00012021806736	0.00081205621156	-0.0153374	-0.0010309999999999	0.0002352358387599	1.062960999999998e-06	0.00585913	0.0004154599999999	3.43294043569e-05	1.7260701159999957e-07	0.0	0.0	0.0	0.0	0.0	0.0	0.0	0.0	0.0	0.0	0.0	0.0	0.0	0.0	0.0	0.0	0.0	0.0	0.0	0.0	0.0	0.0	0.0	0.0	0.0	0.0	0.0	0.0	0.0	0.0	0.0	0.0	0.0	0.0	0.0	1.0	0.0	0.0	0.0	0.0	0.0	0.0	0.0	0.0	0.0	0.0	0.0	0.0	0.0	0.0	0.0	0.0	0.0	0.0	0.0
48355.95210649619	390.0226577751892	152117.6735780223	2338298104.125753	74320.00121634347	2365.7476545061363	5523462580.797296	5596761.964801285	47575.87172309028	453.7370496961812	2263463570.211941	205877.3102669948	54679.38742270067	49097.22753358849	1.878779	63.563599	1.8098095	1.0164	-0.0489088489	0.0370787142	0.1398689263	0.1476720243	0.0068245588	-0.0587372275	-0.0617686167	0.1467972921	0.1316412071	0.1324914242	-0.1200930386	0.1507965329	-0.0215440648	-0.0476034098	0.0381693562	-0.0741011783	0.1594709543	-0.1159640397	0.0886400763	-0.0120851107	-0.0982550544	0.2050871478	-0.1115012918	-0.0907363855	0.0163925382	0.0660258464	0.470109	-0.188373	0.221002471881	0.035484387129	-0.271433	-0.1632969999999999	0.0736758734889999	0.0266659102089999	-0.489971	0.986129	0.240071580841	0.972450404641	-0.0249715	0.0035250999999999	1.2426330009999998e-05	0.00062357581225	-0.0117584	0.0035789999999999	0.00013825997056	1.2809240999999991e-05	0.0081952399999999	0.0023361099999999	6.716195865759838e-05	5.457409932099537e-06	0.0	0.0	0.0	0.0	0.0	0.0	0.0	0.0	0.0	0.0	0.0	0.0	0.0	0.0	0.0	0.0	0.0	0.0	0.0	0.0	0.0	0.0	0.0	0.0	0.0	0.0	0.0	0.0	0.0	0.0	0.0	0.0	0.0	0.0	0.0	0.0	1.0	0.0	0.0	0.0	0.0	0.0	0.0	0.0	0.0	0.0	0.0	0.0	0.0	0.0	0.0	0.0	0.0	0.0	0.0
47636.10680870352	-719.8452977926718	518177.25275422033	2269198671.8902097	70244.41387067523	-4075.5873456682457	4934277680.03471	16610412.212171135	47227.95455729167	-347.91716579860804	2230479691.665607	121046.35425733612	53457.26530042821	47264.304445959526	1.455521	49.243752	0.7869865	0.481598	-0.0437645889	0.0574913059	0.1679425536	-0.0956682172	-0.1394280372	-0.0116270784	0.0498246437	0.0313222317	0.080339552	0.0755207326	-0.0283112965	-0.0311049655	-0.118199859	-0.0748995938	-0.0764002286	0.051947751	0.0086011761	-0.0633218148	0.1164469385	0.0141700716	0.127800684	-0.0694961148	-0.1100536255	-0.0925138536	0.0218038294	0.0590023366	0.502481	0.0323719999999999	0.2524871553609999	0.0010479463839999	-0.14907	0.1223629999999999	0.0222218649	0.0149727037689999	-0.479887	0.0100839999999999	0.230291532769	0.0001016870559999	-0.0166528	0.0083187	6.920076969000002e-05	0.00027731574784	-0.0082968599999999	0.00346154	6.883788585959836e-05	1.198225917160069e-05	0.0075321299999999	-0.00066311	5.6732982336898496e-05	4.397148721000008e-07	0.0	0.0	0.0	0.0	0.0	0.0	0.0	0.0	0.0	0.0	0.0	0.0	0.0	0.0	0.0	0.0	0.0	0.0	0.0	0.0	0.0	0.0	0.0	0.0	0.0	0.0	0.0	0.0	0.0	0.0	0.0	0.0	0.0	0.0	0.0	0.0	0.0	1.0	0.0	0.0	0.0	0.0	0.0	0.0	0.0	0.0	0.0	0.0	0.0	0.0	0.0	0.0	0.0	0.0	0.0
47542.97027735311	-93.1365313504066	8674.413471985268	2260334022.793281	71242.01365443638	997.5997837611504	5075424509.538899	995205.328560294	47147.37453342014	-80.58002387153101	2222874925.3945937	6493.140247136507	53293.01586059926	46439.99800185131	1.262614	42.717266	1.0632565	0.564974	-0.0307440821	0.0190130311	0.1189426653	-0.0240144268	-0.085550552	0.064503375	-0.1198041659	0.0045795158	0.1138899942	0.1921131029	-0.0897052919	0.0233173935	-0.0904999568	0.1052004335	0.0250866536	-0.0326604782	0.0123224323	-0.0498612183	0.2073953713	-0.1003735598	-0.0426528917	0.124259418	-0.154890494	-0.0942433782	0.0271699288	0.0517037307	0.449696	-0.0527849999999999	0.202226492416	0.0027862562249999	-0.250373	-0.101303	0.062686639129	0.010262297809	-0.264802	0.215085	0.0701200992039999	0.046261557225	-0.0249135	-0.0082607	6.823916449000004e-05	0.00062068248225	-0.00519953	0.0030973299999999	2.70351122209e-05	9.593453128899384e-06	0.00500849	-0.0025236399999999	2.50849720801e-05	6.368758849599495e-06	0.0	0.0	0.0	0.0	0.0	0.0	0.0	0.0	0.0	0.0	0.0	0.0	0.0	0.0	0.0	0.0	0.0	0.0	0.0	0.0	0.0	0.0	0.0	0.0	0.0	0.0	0.0	0.0	0.0	0.0	0.0	0.0	0.0	0.0	0.0	0.0	0.0	0.0	1.0	0.0	0.0	0.0	0.0	0.0	0.0	0.0	0.0	0.0	0.0	0.0	0.0	0.0	0.0	0.0	0.0
47428.37227653149	-114.5980008216211	13132.70179231227	2249450496.801261	70468.9937929426	-773.0198614937835	4965879086.189782	597559.7062638683	47076.5080078125	-70.86652560763469	2216197606.209635	5022.064451697543	53399.21542527447	46766.00685263322	0.930627	31.48534	0.5233330000000002	0.310078	-0.0437311658	0.0127569429	0.1529843533	-0.0743757161	-0.1183831607	-0.0202440202	0.0989642327	-0.0139508022	0.1025936986	0.1215123886	-0.0178105153	-0.1204423512	-0.0467619591	0.0291999407	0.0816025781	-0.0235835121	-0.008871995	-0.067708778	0.1316994919	0.0104855416	0.1583002846	0.0324819473	-0.0491185126	-0.0959240631	0.0324797145	0.0441640581	0.479799	0.0301029999999999	0.2302070804009999	0.0009061906089999	-0.192047	0.058326	0.036882050209	0.003401922276	-0.493751	-0.228949	0.2437900500009999	0.052417644601	-0.0218767	0.0030368	9.222154240000017e-06	0.0004785900028899	-0.00455352	0.0006460099999999	2.0734544390400003e-05	4.173289200999998e-07	0.0045722	-0.0004362899999999	2.090501284e-05	1.903489640999998e-07	0.0	0.0	0.0	0.0	0.0	0.0	0.0	0.0	0.0	0.0	0.0	0.0	0.0	0.0	0.0	0.0	0.0	0.0	0.0	0.0	0.0	0.0	0.0	0.0	0.0	0.0	0.0	0.0	0.0	0.0	0.0	0.0	0.0	0.0	0.0	0.0	0.0	0.0	0.0	1.0	0.0	0.0	0.0	0.0	0.0	0.0	0.0	0.0	0.0	0.0	0.0	0.0	0.0	0.0	0.0
47312.182599971486	-116.18967656000314	13500.040939118142	2238442622.3730445	70494.23489379883	25.24110085623397	4969437153.262084	637.1131724345753	46961.37054036458	-115.13746744792296	2205370323.0294223	13256.636410321522	53233.76405267744	46801.9376083853	0.632241	21.390234	0.1628125000000001	0.0702754	-0.0465134704	0.0112930514	0.1387719262	-0.0610853983	-0.0995784929	0.0322095525	0.0011567136	-0.0475439092	0.1274240843	0.1665299392	-0.0205001112	-0.1047359425	-0.0410888157	0.0391722185	0.0706338694	0.0790143987	-0.0292510372	-0.0703356308	0.1778497521	-0.0350208482	0.061774766	0.0881516594	-0.0214202571	-0.0975550372	0.0377221809	0.0364184723	0.502728	0.0229289999999999	0.2527354419839999	0.0005257390409999	-0.147631	0.0444159999999999	0.021794912161	0.0019727810559999	-0.460038	0.0337129999999999	0.211634961444	0.0011365663689999	-0.022183	-0.0003063	9.381969000000149e-08	0.000492085489	-0.00399885	0.00055467	1.59908013225e-05	3.076588089000002e-07	0.00419808	-0.00037412	1.76238756864e-05	1.399657744000003e-07	0.0	0.0	0.0	0.0	0.0	0.0	0.0	0.0	0.0	0.0	0.0	0.0	0.0	0.0	0.0	0.0	0.0	0.0	0.0	0.0	0.0	0.0	0.0	0.0	0.0	0.0	0.0	0.0	0.0	0.0	0.0	0.0	0.0	0.0	0.0	0.0	0.0	0.0	0.0	0.0	0.0	0.0	0.0	0.0	0.0	0.0	0.0	0.0	0.0	0.0	0.0	0.0	0.0	0.0	0.0
47182.29177096791	-129.89082900357607	16871.62745923624	2226168656.760746	70461.1928830828	-33.042010716031655	4964779702.506998	1091.7744721583508	46743.996137152775	-217.37440321180475	2185001174.8701534	47251.63117168827	53233.60089200301	46295.13069871295	0.55437	18.755648	0.1086544999999999	0.0608571	-0.042439076	0.0049735746	0.1515733983	-0.0622590985	-0.0977271455	0.0131391603	0.0311888486	-0.0956503623	0.106184614	0.1529174865	-0.1194017054	-0.2016009223	-0.0823729223	-0.0268035367	0.127739062	0.0518861453	-0.0504986404	-0.0646384773	0.1430741072	-0.0256009216	0.1667130441	0.1450281761	0.0175135673	-0.0991354553	0.0428864624	0.0285030867	0.502146	-0.0005819999999999	0.252150605316	3.387239999999668e-07	-0.165716	-0.0180849999999999	0.027461792656	0.0003270672249999	-0.509179	-0.049141	0.259263254041	0.002414837881	-0.0219668	0.0002161999999999	4.6742439999999885e-08	0.00048254030224	-0.00385994	0.0001389099999999	1.48991368036e-05	1.929598809999997e-08	0.00373626	-0.0004618199999999	1.39596387876e-05	2.1327771239999998e-07	0.0	0.0	0.0	0.0	0.0	0.0	0.0	0.0	0.0	0.0	0.0	0.0	0.0	0.0	0.0	0.0	0.0	0.0	0.0	0.0	0.0	0.0	0.0	0.0	0.0	0.0	0.0	0.0	0.0	0.0	0.0	0.0	0.0	0.0	0.0	0.0	0.0	0.0	0.0	0.0	0.0	0.0	0.0	0.0	0.0	0.0	0.0	0.0	0.0	0.0	0.0	0.0	0.0	0.0	0.0
47151.190748826666	-31.101022141243448	967.2735782301152	2223234789.032237	70447.1348386492	-14.05804443359375	4962798806.974822	197.62861329689625	46780.75095486111	36.754817708337214	2188438659.9007387	1350.9166247730989	53154.45073768905	46085.704516115744	0.585008	19.792212	0.2408069999999998	0.13665	-0.0486855052	0.0039939856	0.149642659	-0.0589704058	-0.0708677685	0.0197258583	-0.0128558133	-0.1047134807	0.0852790117	0.1415729418	-0.0020426827	-0.0905332826	-0.0374518274	-0.0053982576	-0.0239727877	0.0545966265	-0.0595424903	-0.0539804436	0.1603757759	-0.0236803577	0.0890990454	0.0999956164	0.0559828128	-0.1006644984	0.0479618551	0.0204548066	0.510794	0.0086479999999999	0.2609105104359999	7.47879039999998e-05	-0.110862	0.054854	0.012290383044	0.003008961316	-0.538952	-0.0297729999999999	0.290469258304	0.0008864315289999	-0.0198257	0.0021411	4.58430921e-06	0.00039305838049	-0.00351183	0.00034811	1.23329499489e-05	1.211805721e-07	0.00419769	0.0004614299999999	1.7620601336099995e-05	2.129176448999997e-07	0.0	0.0	0.0	0.0	0.0	0.0	0.0	0.0	0.0	0.0	0.0	0.0	0.0	0.0	0.0	0.0	0.0	0.0	0.0	0.0	0.0	0.0	0.0	0.0	0.0	0.0	0.0	0.0	0.0	0.0	0.0	0.0	0.0	0.0	0.0	0.0	0.0	0.0	0.0	0.0	0.0	0.0	0.0	0.0	0.0	0.0	0.0	0.0	0.0	0.0	0.0	0.0	0.0	0.0	0.0
47383.52684291284	232.33609408617485	53980.060615219896	2245198616.073042	71100.63521575928	653.5003771100746	5055300328.084468	427062.7428830097	47027.5204047309	246.76944986978924	2211587675.4173813	60895.161389038425	53550.94256858715	46023.0174490069	0.69216	23.417416	0.2652525000000001	0.169372	-0.0525106401	0.006019733	0.1599673367	-0.0262198158	-0.0380437114	0.0011522714	-0.0885643113	-0.0466489044	0.0895221144	0.1258984778	0.079423758	0.0289130383	-0.101791637	0.0064307013	-0.0691492315	0.0581730618	-0.0218200319	-0.0649399863	0.1353904488	0.0173393809	0.0267582936	0.0579312526	0.024031319	-0.1021413741	0.0529378395	0.0123111568	0.47973	-0.0310639999999999	0.2301408729	0.0009649720959999	-0.101081	0.0097809999999999	0.010217368561	9.566796099999996e-05	-0.608017	-0.069065	0.369684672289	0.004769974225	-0.0171505	0.0026752	7.156695040000014e-06	0.0002941396502499	-0.00321999	0.00029184	1.03683356001e-05	8.517058560000013e-08	0.00405788	-0.0001398099999999	1.6466390094399997e-05	1.954683609999993e-08	0.0	0.0	0.0	0.0	0.0	0.0	0.0	0.0	0.0	0.0	0.0	0.0	0.0	0.0	0.0	0.0	0.0	0.0	0.0	0.0	0.0	0.0	0.0	0.0	0.0	0.0	0.0	0.0	0.0	0.0	0.0	0.0	0.0	0.0	0.0	0.0	0.0	0.0	0.0	0.0	0.0	0.0	0.0	0.0	0.0	0.0	0.0	0.0	0.0	0.0	0.0	0.0	0.0	0.0	0.0
47800.17285652088	416.6460136080423	173593.90065547294	2284856525.113276	72092.42629241943	991.7910766601562	5197317928.727929	983649.539742712	47242.69099934896	215.1705946180591	2231871852.859967	46298.38478828913	53571.16417709662	47340.52653058656	0.836976	28.316902	0.3035460000000001	0.16981	-0.0671985327	0.0328280174	0.1445233757	0.0234913372	-0.0214246667	-0.0215619959	-0.1585634983	0.0271878574	0.1476599489	0.1503330987	-0.019874909	0.0013014595	-0.057809145	0.0292355859	0.1639737409	0.0611735576	0.0320361574	-0.0847400262	0.1818383716	-0.0286836665	-0.0580987992	0.1166274582	-0.1070751482	-0.103565317	0.0578041022	0.0041101067	0.45962	-0.02011	0.2112505443999999	0.0004044121	-0.141543	-0.040462	0.020034420849	0.0016371734439999	-0.45662	0.151397	0.2085018244	0.022921051609	-0.017586	-0.0004355	1.8966025000000161e-07	0.000309267396	-0.00239558	0.0008244099999999	5.7388035364e-06	6.796518480999997e-07	0.00462951	0.00057163	2.14323628401e-05	3.267608569000001e-07	0.0	0.0	0.0	0.0	0.0	0.0	0.0	0.0	0.0	0.0	0.0	0.0	0.0	0.0	0.0	0.0	0.0	0.0	0.0	0.0	0.0	0.0	0.0	0.0	0.0	0.0	0.0	0.0	0.0	0.0	0.0	0.0	0.0	0.0	0.0	0.0	0.0	0.0	0.0	0.0	0.0	0.0	0.0	0.0	0.0	0.0	0.0	0.0	0.0	0.0	0.0	0.0	0.0	0.0	0.0
47675.82512166258	-124.34773485830374	15462.359164391006	2272984301.0313525	71633.51415756771	-458.91213485172193	5131360350.562454	210600.347514165	47194.56169162326	-48.12930772569962	2227326653.264434	2316.430262155089	53838.10177603408	47279.37846617421	0.878401	29.718409	0.101866	0.0599128	-0.0634484509	0.0275970061	0.1667833124	-0.0161170263	-0.1115001128	-0.0529209573	0.1124339737	0.037489853	0.1137886598	0.1155252345	0.0291046581	-0.1265291118	-0.0771625832	0.0561970315	-0.0624676161	-0.1260727367	0.0391182264	-0.0744943386	0.120532911	0.0479114987	0.1411832499	0.0005803086	-0.0421345642	-0.1049355893	0.0625505571	-0.0041101067	0.488866	0.029246	0.238989965956	0.000855328516	-0.141443	9.9999999999989e-05	0.020006122249	9.999999999997797e-09	-0.446739	0.009881	0.199575734121	9.763416100000056e-05	-0.018501	-0.0009149999999999	8.372249999999985e-07	0.000342287001	-0.00257519	-0.00017961	6.631603536100001e-06	3.2259752100000074e-08	0.00478768	0.00015817	2.29218797824e-05	2.5017748900000004e-08	0.0	0.0	0.0	0.0	0.0	0.0	0.0	0.0	0.0	0.0	0.0	0.0	0.0	0.0	0.0	0.0	0.0	0.0	0.0	0.0	0.0	0.0	0.0	0.0	0.0	0.0	0.0	0.0	0.0	0.0	0.0	0.0	0.0	0.0	0.0	0.0	0.0	0.0	0.0	0.0	0.0	0.0	0.0	0.0	0.0	0.0	0.0	0.0	0.0	0.0	0.0	0.0	0.0	0.0	0.0
47637.04857106026	-38.77655060232064	1503.6208766143332	2269288396.5615544	71571.28983197894	-62.22432558877336	5122449528.213132	3871.8666949776734	47160.11615125869	-34.44554036456975	2224076555.400211	1186.4952510072042	53606.63421185997	47404.89462047628	0.838794	28.378399	0.1562115	0.0961906	-0.063174181	0.023363856	0.1312736764	-0.0133959067	-0.0578960973	-0.0281521917	-0.0075609543	0.0025236546	0.1406047282	0.1124789533	-0.0254076827	-0.0524588091	-0.0273613348	0.0294616873	0.045816409	-0.0843113847	0.0144860535	-0.0903004286	0.1404261408	-0.0112659864	0.0227580801	0.0766391311	-0.0503991545	-0.1062514807	0.0671673664	-0.0123111568	0.495994	0.0071279999999999	0.246010048036	5.080838399999954e-05	-0.138958	0.002485	0.019309325764	6.175225000000074e-06	-0.502404	-0.0556649999999999	0.2524097792159999	0.0030985922249999	-0.0202247	-0.0017237	2.9711416900000056e-06	0.00040903849009	-0.00252671	4.848000000000005e-05	6.384263424100001e-06	2.350310400000005e-09	0.00483417	4.6489999999999726e-05	2.33691995889e-05	2.161320099999974e-09	0.0	0.0	0.0	0.0	0.0	0.0	0.0	0.0	0.0	0.0	0.0	0.0	0.0	0.0	0.0	0.0	0.0	0.0	0.0	0.0	0.0	0.0	0.0	0.0	0.0	0.0	0.0	0.0	0.0	0.0	0.0	0.0	0.0	0.0	0.0	0.0	0.0	0.0	0.0	0.0	0.0	0.0	0.0	0.0	0.0	0.0	0.0	0.0	0.0	0.0	0.0	0.0	0.0	0.0	0.0
47542.560842122686	-94.48772893757268	8927.93091978021	2260295091.4269376	71817.2126802717	245.9228482927574	5157712037.163378	60478.047312422575	47041.6536078559	-118.4625434027912	2212917174.161502	14033.374189458187	53775.92428366436	47672.39148770319	1.024969	34.677158	0.443336	0.292956	-0.0796997548	-0.0071648865	0.161757672	-0.021570018	-0.0426929628	-0.0702495114	0.0779023274	-0.0395364067	0.1136139376	0.1213629925	0.032562352	-0.0006536563	-0.0961851404	0.004108262	-0.1659712521	-0.1285500509	-0.020540747	-0.0858162139	0.1072832265	0.0692262699	0.1111128539	0.041131026	0.0279583473	-0.1075123095	0.071644961	-0.0204548066	0.486648	-0.0093459999999999	0.236826275904	8.734771599999935e-05	-0.114289	0.0246689999999999	0.013061975521	0.0006085595609999	-0.714907	-0.212503	0.5110920186489999	0.045157525009	-0.017073	0.0031517	9.933212890000004e-06	0.000291487329	-0.0021677	0.00035901	4.69892329e-06	1.2888818010000026e-07	0.00440852	-0.0004256499999999	1.94350485904e-05	1.811779224999997e-07	0.0	0.0	0.0	0.0	0.0	0.0	0.0	0.0	0.0	0.0	0.0	0.0	0.0	0.0	0.0	0.0	0.0	0.0	0.0	0.0	0.0	0.0	0.0	0.0	0.0	0.0	0.0	0.0	0.0	0.0	0.0	0.0	0.0	0.0	0.0	0.0	0.0	0.0	0.0	0.0	0.0	0.0	0.0	0.0	0.0	0.0	0.0	0.0	0.0	0.0	0.0	0.0	0.0	0.0	0.0
48007.59685667782	465.03601455513126	216258.49483332023	2304729355.953302	72152.4455784389	335.2328981672036	5205975402.949587	112381.09601358265	47306.25890299479	264.605295138892	2237882131.397174	70015.96221554012	53988.15154655613	47659.94352167925	1.832067	61.983219	1.5483114999999998	0.791236	-0.0453485209	0.0549610864	0.0122438565	0.0203431299	-0.0500236498	-0.040358373	0.0192653391	0.0865039425	0.0532419184	0.04465627	0.0752653298	-0.0953496859	-0.0581121797	-0.1089828474	-0.0643893208	0.0793774199	0.0839657695	-0.0713370054	0.0787041443	0.024037727	0.0833770123	-0.070977695	0.0924171988	-0.1087174221	0.0759740605	-0.0285030867	0.265407	-0.221241	0.070440875649	0.048947580081	0.250287	0.364576	0.0626435823689999	0.132915659776	-0.586503	0.1284039999999999	0.343985769009	0.0164875872159999	-0.00441961	0.01265339	0.0001601082784921	1.95329525521e-05	-0.00139815	0.0007695499999999	1.9548234225e-06	5.922072024999998e-07	0.0076673899999999	0.0032588699999999	5.878886941209847e-05	1.0620233676899348e-05	0.0	0.0	0.0	0.0	0.0	0.0	0.0	0.0	0.0	0.0	0.0	0.0	0.0	0.0	0.0	0.0	0.0	0.0	0.0	0.0	0.0	0.0	0.0	0.0	0.0	0.0	0.0	0.0	0.0	0.0	0.0	0.0	0.0	0.0	0.0	0.0	0.0	0.0	0.0	0.0	1.0	0.0	0.0	0.0	0.0	0.0	0.0	0.0	0.0	0.0	0.0	0.0	0.0	0.0	0.0
48304.143097432	296.5462407541854	87939.6729054393	2333290240.377188	74792.0858808245	2639.6403023855964	5593856110.404627	6967700.925978323	47387.94254014757	81.68363715277519	2245617098.188328	6672.216578506235	54672.60741760432	46935.73636525415	2.05691	69.590179	1.7793896	1.22976	0.0720105126	0.2128374637	-0.123795991	0.2000285802	0.0211651842	0.015067581	-0.1486922574	0.0934874607	-0.0792350669	0.069532443	0.0118864978	0.1123806491	0.1521409744	-0.1027034249	-0.1235087603	0.2217451044	0.1344374297	0.0599397166	-0.0355511685	-0.0959517761	-0.1282712274	-0.0346868908	0.2099406908	-0.109866194	0.0801456922	-0.0364184723	-0.0326976	-0.2981046	0.00106913304576	0.08886635254116	0.369174	0.118887	0.136289442276	0.014134118769	-0.701586	-0.115083	0.492222915396	0.013244096889	0.0179394	0.02235901	0.0004999253281801	0.00032182207236	-0.00181438	-0.00041623	3.2919747844e-06	1.7324741290000006e-07	0.00549633	-0.0021710599999999	3.02096434689e-05	4.713501523599566e-06	0.0	0.0	0.0	0.0	0.0	0.0	0.0	0.0	0.0	0.0	0.0	0.0	0.0	0.0	0.0	0.0	0.0	0.0	0.0	0.0	0.0	0.0	0.0	0.0	0.0	0.0	0.0	0.0	0.0	0.0	0.0	0.0	0.0	0.0	0.0	0.0	0.0	0.0	0.0	0.0	0.0	1.0	0.0	0.0	0.0	0.0	0.0	0.0	0.0	0.0	0.0	0.0	0.0	0.0	0.0
47707.768839595	-596.3742578370002	355662.2554106328	2276031207.652232	71817.526650565	-2974.5592302594887	5157757134.204615	8848002.614321921	47190.57887369792	-197.3636664496444	2226950734.434705	38952.41683444648	53593.785976220846	44977.99734688661	1.882533	63.690601	1.1171276	0.540078	0.0895576739	0.1303380232	-0.0415622134	-0.0002128398	-0.0842719034	0.0317365237	-0.0789684486	0.0249224206	-0.1085502906	0.0548907698	0.0461494716	0.1416308405	0.1388653483	-0.0354067022	-0.0157279491	0.074739398	0.0254490707	0.1394153901	0.0530080607	-0.0356463489	-0.0953691978	-0.1040966799	-0.0043732761	-0.1109580299	0.0841512098	-0.0441640581	0.111086	0.1437836	0.012340099396	0.02067372362896	0.44067	0.071496	0.1941900489	0.005111678016	-0.8868019999999999	-0.1852159999999998	0.7864177872039998	0.0343049666559999	0.0248236	0.0068842	4.739220964e-05	0.00061621111696	0.00151916	0.00333354	2.3078471056000003e-06	1.11124889316e-05	0.00961123	0.0041149	9.23757421129e-05	1.6932402010000003e-05	0.0	0.0	0.0	0.0	0.0	0.0	0.0	0.0	0.0	0.0	0.0	0.0	0.0	0.0	0.0	0.0	0.0	0.0	0.0	0.0	0.0	0.0	0.0	0.0	0.0	0.0	0.0	0.0	0.0	0.0	0.0	0.0	0.0	0.0	0.0	0.0	0.0	0.0	0.0	0.0	0.0	0.0	1.0	0.0	0.0	0.0	0.0	0.0	0.0	0.0	0.0	0.0	0.0	0.0	0.0
47646.98135440516	-60.78748518984503	3695.118355705629	2270234832.1870327	72381.2525503976	563.7258998325997	5239045720.76444	317786.8901420742	46870.345578342014	-320.2332953559089	2196829294.633205	102549.3634545048	53541.88879003052	47027.60654993442	1.694618	57.332993	0.5638291499999999	0.252687	0.0623706791	0.2125272778	-0.0314037562	0.0210639676	-0.1157832438	0.0233751113	-0.0024833587	-0.0575530179	-0.1532802254	0.1073079031	-0.0564511033	0.0280819947	0.0358391311	-0.1087786394	0.0258131257	0.110072154	-0.0217081265	0.1773242592	0.0384521076	-0.0392007409	0.0475150075	0.0486131712	0.0382219483	-0.111992364	0.087982311	-0.0517037307	0.185078	0.0739919999999999	0.0342538660839999	0.0054748160639999	0.531988	0.091318	0.283011232144	0.008338977124	-0.953996	-0.067194	0.910108368016	0.004515033636	0.0268777	0.0020540999999999	4.219326809999998e-06	0.00072241075729	-0.000616773	-0.002135933	3.80408933529e-07	4.562209780489e-06	0.0120477	0.0024364699999999	0.00014514707529	5.936386060899998e-06	0.0	0.0	0.0	0.0	0.0	0.0	0.0	0.0	0.0	0.0	0.0	0.0	0.0	0.0	0.0	0.0	0.0	0.0	0.0	0.0	0.0	0.0	0.0	0.0	0.0	0.0	0.0	0.0	0.0	0.0	0.0	0.0	0.0	0.0	0.0	0.0	0.0	0.0	0.0	0.0	0.0	0.0	0.0	1.0	0.0	0.0	0.0	0.0	0.0	0.0	0.0	0.0	0.0	0.0	0.0
47044.01318634129	-602.9681680638678	363570.6116982967	2213139176.6766534	75215.69028581891	2834.4377354213066	5657400065.172234	8034037.275980265	47301.65182291667	431.30624457465456	2237446265.176436	186025.07660909172	54785.08861308195	39680.75169735211	3.302992	111.748123	4.93219402	3.034	0.1827394578	-0.123596845	-0.0173813886	0.1765369374	-0.0586681325	0.1379162183	0.4527839992	0.1510576446	-0.0694934658	-0.1658510554	-0.4573850279	-0.2635727175	-0.1868682662	-0.0662957403	-0.0803602543	-0.4011226088	0.1702280438	-0.0094356885	-0.2624469481	-0.2061702835	0.4078263167	0.1053649968	-0.224684793	-0.1129686603	0.0916310555	-0.0590023366	0.00578358	-0.1792944199999999	3.34497976164e-05	0.0321464890431363	-0.128603	-0.660591	0.0165387316089999	0.436380469281	1.14466	2.098656	1.3102465156	4.404357006336	-0.00648434	-0.03336204	0.0011130257129616	4.20466652356e-05	0.000146409	0.000763182	2.1435595280999995e-08	5.824467651240001e-07	0.00629987	-0.00574783	3.96883620169e-05	3.30375497089e-05	0.0	0.0	0.0	0.0	0.0	0.0	0.0	0.0	0.0	0.0	0.0	0.0	0.0	0.0	0.0	0.0	0.0	0.0	0.0	0.0	0.0	0.0	0.0	0.0	0.0	0.0	0.0	0.0	0.0	0.0	0.0	0.0	0.0	0.0	0.0	0.0	0.0	0.0	0.0	0.0	0.0	0.0	0.0	0.0	1.0	0.0	0.0	0.0	0.0	0.0	0.0	0.0	0.0	0.0	0.0
47991.270519065816	947.2573327245263	897296.454400384	2303162046.034156	76046.1284310477	830.4381452287926	5783013649.351402	689627.5130510372	47747.74680447049	446.0949815538188	2279847324.903821	199000.73256750192	55334.76692115183	30307.85295556586	3.771925	127.613243	1.6108066299999997	0.979502	0.5497991918	-0.4620729388	0.1979338465	0.2249050494	0.2169813954	-0.1544537318	0.062347939	0.2088048655	0.0166104488	-0.2011767758	-0.1072464859	0.2489564466	-0.0910638568	-0.2246053713	-0.1545077844	0.0526426674	0.1763069367	-0.0926398877	-0.2817435841	0.1317408496	-0.2055166029	0.0788013638	-0.0118241905	-0.1138864128	0.0950898807	-0.0660258464	-0.161549	-0.16733258	0.026098079401	0.0280001923294564	-0.321303	-0.1927	0.103235617809	0.03713329	2.03029	0.8856299999999999	4.1220774841	0.7843404968999999	-0.00943671	-0.0029523699999999	8.716488616899995e-06	8.905149562409999e-05	0.00429803	0.004151621	1.84730618809e-05	1.7235956927641002e-05	0.00649876	0.00019889	4.22338815376e-05	3.955723210000007e-08	0.0	0.0	0.0	0.0	0.0	0.0	0.0	0.0	0.0	0.0	0.0	0.0	0.0	0.0	0.0	0.0	0.0	0.0	0.0	0.0	0.0	0.0	0.0	0.0	0.0	0.0	0.0	0.0	0.0	0.0	0.0	0.0	0.0	0.0	0.0	0.0	0.0	0.0	0.0	0.0	0.0	0.0	0.0	0.0	0.0	1.0	0.0	0.0	0.0	0.0	0.0	0.0	0.0	0.0	0.0
47849.64995153101	-141.62056753480283	20056.38514887965	2289589000.484052	72830.64819880894	-3215.480232238769	5304303317.058671	10339313.123918291	47368.63741319445	-379.1093912760407	2243787810.3826847	143723.93055369012	53934.71438714297	40273.761157664485	2.525478	85.442963	1.16767051	0.7536629999999999	0.251576453	-0.1746084155	-0.0287449225	0.0280857167	0.0929146689	0.1696780281	0.079529439	0.0979879082	-0.0361782194	-0.127413737	-0.2546214643	0.0499358059	-0.0785649818	-0.0455796958	-0.1132308401	0.1314227175	0.0444796841	0.0177002353	-0.1849252646	-0.1695039029	-0.025756701	0.0028176866	-0.2654008309	-0.1147451459	0.0983516175	-0.0727415132	0.00146251	0.16301151	2.1389355001e-06	0.0265727523924801	-0.195892	0.125411	0.038373675664	0.015727918921	1.39175	-0.6385399999999999	1.9369680625	0.4077333315999998	-0.00462561	0.0048111	2.314668321e-05	2.13962678721e-05	0.00429803	0.0	1.84730618809e-05	0.0	0.0064957	-3.060000000000042e-06	4.219411849e-05	9.363600000000256e-12	0.0	0.0	0.0	0.0	0.0	0.0	0.0	0.0	0.0	0.0	0.0	0.0	0.0	0.0	0.0	0.0	0.0	0.0	0.0	0.0	0.0	0.0	0.0	0.0	0.0	0.0	0.0	0.0	0.0	0.0	0.0	0.0	0.0	0.0	0.0	0.0	0.0	0.0	0.0	0.0	0.0	0.0	0.0	0.0	0.0	0.0	1.0	0.0	0.0	0.0	0.0	0.0	0.0	0.0	0.0
47362.81018912792	-486.8397624030913	237012.9542566984	2243235789.01136	70980.1024104527	-1850.545788356234	5038174938.198354	3424519.714802996	47274.15295138889	-94.48446180555766	2234845537.271311	8927.313522685883	53494.82779117506	37730.04547392841	1.559388	52.757824	0.5258326900000001	0.328719	0.278463825	-0.125577963	-0.0226171341	-0.0389084587	0.0427909135	0.2659629569	0.0655383422	0.0553209325	-0.015719038	-0.0597403729	-0.2917961474	0.0727915726	-0.0375187293	0.076343094	-0.127610999	0.1613358793	0.0112519468	0.0162789532	-0.1093570015	-0.2283518089	-0.0437714358	-0.02035911	-0.2785665585	-0.1155444146	0.1014095056	-0.0791180255	0.0329742	0.03151169	0.00108729786564	0.0009929866066561	-0.124641	0.071251	0.015535378881	0.005076705001	1.13179	-0.2599599999999999	1.2809486041000002	0.0675792015999999	-0.0018308	0.0027948099999999	7.810962936099998e-06	3.3518286400000004e-06	0.00383064	-0.00046739	1.4673802809600002e-05	2.1845341210000025e-07	0.0064957	0.0	4.219411849e-05	0.0	0.0	0.0	0.0	0.0	0.0	0.0	0.0	0.0	0.0	0.0	0.0	0.0	0.0	0.0	0.0	0.0	0.0	0.0	0.0	0.0	0.0	0.0	0.0	0.0	0.0	0.0	0.0	0.0	0.0	0.0	0.0	0.0	0.0	0.0	0.0	0.0	0.0	0.0	0.0	0.0	0.0	0.0	0.0	0.0	0.0	0.0	0.0	1.0	0.0	0.0	0.0	0.0	0.0	0.0	0.0
48329.11490515537	966.3047160274508	933744.8042168926	2335703347.515712	73573.15529087612	2593.05288042342	5413009179.455373	6723923.240672195	47684.04861653646	409.89566514756734	2273768492.4642124	168014.45630676666	54651.62462275647	48128.354747276135	2.615668	88.494293	1.9139303	1.31228	-0.0430281268	0.1036458019	0.0709511651	0.164677668	0.0599275213	0.1765114435	-0.0469372528	0.1940813486	0.0921468876	-0.0606296044	0.0615720833	-0.1494104437	0.0954832755	0.1562458481	0.0760467861	0.1563278291	0.2085309068	-0.1063287467	-0.0032752226	-0.0406253125	0.0019907453	-0.0277613818	0.1060372811	-0.1162838046	0.104257207	-0.0851256531	0.206995	0.1740208	0.042846930025	0.03028323883264	-0.180489	-0.055848	0.032576279121	0.003118999104	-0.180743	-1.3125330000000002	0.032668032049	1.7227428760890005	-0.00499551	-0.00316471	1.00153893841e-05	2.49551201601e-05	0.0010478	-0.00278284	1.09788484e-06	7.7441984656e-06	0.00501268	-0.0014830199999999	2.51269607824e-05	2.1993483204e-06	0.0	0.0	0.0	0.0	0.0	0.0	0.0	0.0	0.0	0.0	0.0	0.0	0.0	0.0	0.0	0.0	0.0	0.0	0.0	0.0	0.0	0.0	0.0	0.0	0.0	0.0	0.0	0.0	0.0	0.0	0.0	0.0	0.0	0.0	0.0	0.0	0.0	0.0	0.0	0.0	0.0	0.0	0.0	0.0	0.0	0.0	0.0	0.0	1.0	0.0	0.0	0.0	0.0	0.0	0.0
48063.859470759766	-265.25543439560715	70360.44547640225	2310134587.224943	72255.86338588169	-1317.291904994432	5220909793.639198	1735257.96296386	46918.74595811632	-765.3026584201361	2201368722.2822566	585688.1589849276	53781.76673822431	46827.97400367634	2.35743	79.757507	2.8076075	1.47055	-0.0625415231	-0.0703383715	-0.1134229484	-0.0127420695	0.1827571697	0.0186090483	-0.0261270956	-0.096207856	0.0243615864	-0.1034891869	0.0182419251	-0.0267124041	0.1604187972	0.0249640775	-0.1080040769	0.0294145027	-0.0950015532	-0.0810318211	-0.1225664981	-0.0303654723	-0.0030619727	-0.0471005892	0.1945660784	-0.1169629329	0.1068888195	-0.0907363855	0.46276	0.255765	0.2141468176	0.065415735225	0.154406	0.334895	0.0238412128359999	0.112154661025	-1.53475	-1.3540070000000002	2.3554575625000003	1.8333349560490004	-0.0180524	-0.01305689	0.0001704823764721	0.00032588914576	-0.00313981	-0.00418761	9.858406836099998e-06	1.7536077512099996e-05	0.00499837	-1.4310000000000015e-05	2.49837026569e-05	2.0477610000000048e-10	0.0	0.0	0.0	0.0	0.0	0.0	0.0	0.0	0.0	0.0	0.0	0.0	0.0	0.0	0.0	0.0	0.0	0.0	0.0	0.0	0.0	0.0	0.0	0.0	0.0	0.0	0.0	0.0	0.0	0.0	0.0	0.0	0.0	0.0	0.0	0.0	0.0	0.0	0.0	0.0	0.0	0.0	0.0	0.0	0.0	0.0	0.0	0.0	0.0	1.0	0.0	0.0	0.0	0.0	0.0
47844.54418972706	-219.3152810327083	48099.19249445582	2289100408.722745	70194.0588030134	-2061.8045828682957	4927205891.240902	4251038.137936705	47121.89298502604	203.147026909719	2220472798.492246	41268.714542258094	53328.84472727428	46838.9498439498	1.666396	56.378174	1.7149228000000003	0.906959	-0.087462581	-0.0573928167	-0.085836438	-0.0935698803	0.0361469005	-0.0224007409	-0.0695302163	-0.0344137259	0.0103018016	-0.0409811135	0.0981729726	0.0917538922	0.0318273248	-0.0655392024	-0.0229451144	0.0787067238	-0.0692997828	-0.0083865917	-0.0018300634	0.0529347214	-0.1466469911	-0.0847913778	0.0175710907	-0.1175814474	0.1092988885	-0.0959240631	0.0763562	-0.3864038	0.00583026927844	0.14930789665444	0.299926	0.14552	0.089955605476	0.0211760704	-1.33928	0.19547	1.7936709184	0.0382085209	-0.00267369	0.01537871	0.0002365047212641	7.1486182161e-06	-0.00617866	-0.00303885	3.81758393956e-05	9.2346093225e-06	0.00366535	-0.00133302	1.34347906225e-05	1.7769423204000008e-06	0.0	0.0	0.0	0.0	0.0	0.0	0.0	0.0	0.0	0.0	0.0	0.0	0.0	0.0	0.0	0.0	0.0	0.0	0.0	0.0	0.0	0.0	0.0	0.0	0.0	0.0	0.0	0.0	0.0	0.0	0.0	0.0	0.0	0.0	0.0	0.0	0.0	0.0	0.0	0.0	0.0	0.0	0.0	0.0	0.0	0.0	0.0	0.0	0.0	0.0	1.0	0.0	0.0	0.0	0.0
47737.3478044909	-107.19638523615868	11491.06500769894	2278854375.406932	70263.28629847935	69.2274954659515	4936929401.462075	4792.446128488336	47134.571413845486	12.678428819446708	2221667822.3669	160.74255732977684	53252.04095868258	48131.03485955893	1.15706	39.146099	0.7004022000000001	0.389546	-0.1149815403	-0.0377678186	-0.0506808603	-0.1291059363	-0.0001100112	-0.0843001984	-0.030594311	-0.0269932332	0.0349230431	-0.0769630854	0.175935187	-0.0273295022	0.009037078	-0.0275626635	0.0489365154	0.0191884407	-0.0640106431	-0.040892959	0.0454654245	0.0993489414	-0.0370452766	-0.1553523444	0.0085373011	-0.1181390277	0.1114824189	-0.1006644984	0.0823334	0.0059772	0.00677878875556	3.572691984000002e-05	0.257391	-0.042535	0.0662501268809999	0.001809226225	-1.10225	0.23703	1.2149550624999998	0.0561832209	-0.00528298	-0.00260929	6.808394304099999e-06	2.79098776804e-05	-0.00700002	-0.00082136	4.90002800004e-05	6.746322496000002e-07	0.0085319	0.00486655	7.279331761e-05	2.3683308902500008e-05	0.0	0.0	0.0	0.0	0.0	0.0	0.0	0.0	0.0	0.0	0.0	0.0	0.0	0.0	0.0	0.0	0.0	0.0	0.0	0.0	0.0	0.0	0.0	0.0	0.0	0.0	0.0	0.0	0.0	0.0	0.0	0.0	0.0	0.0	0.0	0.0	0.0	0.0	0.0	0.0	0.0	0.0	0.0	0.0	0.0	0.0	0.0	0.0	0.0	0.0	0.0	1.0	0.0	0.0	0.0
47476.59741879874	-260.7503856921612	67990.76363861084	2254027302.4666867	70634.62168230329	371.3353838239418	4989249780.202109	137889.9672796742	47028.7303656684	-105.8410481770843	2211701479.806741	11202.32747922388	53313.8926357792	46408.44663118781	1.132408	38.312073	0.6246957000000001	0.335123	-0.0950048234	-0.038737966	-0.0695418704	-0.1009409277	-0.0088869463	-0.0540453963	0.0127740371	-0.0448103565	-0.0329455691	-0.0333854854	0.0932735304	-0.0023276086	-0.0458738111	0.0500419754	-0.012067734	-0.0240446957	-0.0732955094	0.0278198407	-0.0051656318	0.0810091685	-0.0197233679	-0.0996320905	-0.0289567623	-0.1186353847	0.1134348849	-0.1049355893	0.0357722	-0.0465612	0.0012796502928399	0.00216794534544	0.273112	0.015721	0.074590164544	0.000247149841	-1.23702	-0.13477	1.5302184804	0.0181629529	-0.00120709	0.0040758899999999	1.6612879292099997e-05	1.4570662681e-06	-0.00337039	0.00362963	1.13595287521e-05	1.31742139369e-05	0.00768455	-0.00084735	5.90523087025e-05	7.180020225000003e-07	0.0	0.0	0.0	0.0	0.0	0.0	0.0	0.0	0.0	0.0	0.0	0.0	0.0	0.0	0.0	0.0	0.0	0.0	0.0	0.0	0.0	0.0	0.0	0.0	0.0	0.0	0.0	0.0	0.0	0.0	0.0	0.0	0.0	0.0	0.0	0.0	0.0	0.0	0.0	0.0	0.0	0.0	0.0	0.0	0.0	0.0	0.0	0.0	0.0	0.0	0.0	0.0	1.0	0.0	0.0
47541.92027665391	65.3228578551716	4267.075758366955	2260234183.5917163	71202.91026088169	568.2885785784019	5069854429.619171	322951.90854266053	46755.66842990452	-273.06193576387886	2186092530.3271704	74562.8207631167	53320.29239007266	47130.91150244469	0.797073	26.966883	0.44897125	0.220023	-0.1028669606	-0.0407233443	-0.080189705	-0.0772884631	0.0240272282	-0.0749740887	0.0151846797	-0.1361565854	-0.0277959182	-0.0402921485	0.0890117498	0.028481706	-0.0075280218	-0.0903396274	0.1251241414	0.0430436414	-0.1243556006	0.026137699	-0.028007806	0.0781867561	0.0166797569	-0.0150881205	0.0434378614	-0.1190702613	0.1151522399	-0.1087174221	-0.0617262	-0.0974984	0.00381012376644	0.00950593800256	0.240063	-0.033049	0.0576302439689999	0.001092236401	-1.26284	-0.0258199999999999	1.5947648656	0.0006666723999999	0.000398337	0.001605427	2.577395852329e-06	1.5867236556900005e-07	-0.00165618	0.00171421	2.7429321924e-06	2.9385159241000004e-06	0.00515211	-0.00253244	2.65442374521e-05	6.413252353600002e-06	0.0	0.0	0.0	0.0	0.0	0.0	0.0	0.0	0.0	0.0	0.0	0.0	0.0	0.0	0.0	0.0	0.0	0.0	0.0	0.0	0.0	0.0	0.0	0.0	0.0	0.0	0.0	0.0	0.0	0.0	0.0	0.0	0.0	0.0	0.0	0.0	0.0	0.0	0.0	0.0	0.0	0.0	0.0	0.0	0.0	0.0	0.0	0.0	0.0	0.0	0.0	0.0	0.0	0.0	0.0
47348.91454062821	-193.00573602569784	37251.21413882136	2241919708.175713	70653.92632620675	-548.9839346749359	4991977305.309052	301383.3605311743	46826.01087782118	70.34244791665697	2192675294.7298274	4948.059978907598	53243.79654686931	46263.21124520751	0.712008	24.08894	0.1195489000000001	0.0689765	-0.0911831205	-0.0494879503	-0.0976325764	-0.0963109912	0.0130743403	-0.0505495405	0.0134806267	-0.1060567909	-0.0432708713	-0.055662041	0.0717547611	-0.0001200854	-0.0683246079	0.1274450839	-0.0211919535	-0.0342859476	-0.1147214763	0.0442483195	-0.0216988849	0.0788487658	0.0062008367	-0.0502659563	0.0019016542	-0.1194434321	0.1166309242	-0.111992364	-0.0439102	0.017816	0.00192810566404	0.0003174098559999	0.246028	0.0059649999999999	0.060529776784	3.558122499999998e-05	-1.26364	-0.0008000000000001	1.5967860496	6.400000000002143e-07	-0.00056266	-0.000960997	9.23515234009e-07	3.165862756e-07	-0.000759999	0.0008961809999999	5.77598480001e-07	8.031403847609999e-07	0.00519429	4.218000000000017e-05	2.69806486041e-05	1.779152400000014e-09	0.0	0.0	0.0	0.0	0.0	0.0	0.0	0.0	0.0	0.0	0.0	0.0	0.0	0.0	0.0	0.0	0.0	0.0	0.0	0.0	0.0	0.0	0.0	0.0	0.0	0.0	0.0	0.0	0.0	0.0	0.0	0.0	0.0	0.0	0.0	0.0	0.0	0.0	0.0	0.0	0.0	0.0	0.0	0.0	0.0	0.0	0.0	0.0	0.0	0.0	0.0	0.0	0.0	0.0	0.0
47328.75711875081	-20.157421877403976	406.3216567436445	2240011250.405705	70743.74849155972	89.82216535296175	5004677950.637057	8068.021388694801	46824.233409288194	-1.7774685329859494	2192508834.367501	3.159394385755223	53259.40297509908	46384.23035999692	0.630561	21.333397	0.228556825	0.0973838	-0.0943724671	-0.0331506029	-0.086360926	-0.0759651404	0.015443795	-0.0507682074	-0.0215865749	-0.1078951456	-0.0401220515	-0.0733338616	0.128413374	-0.0545984014	0.0005092347	0.1065561208	0.0056094558	-0.0036604751	-0.1014552553	0.0400053063	-0.0089570027	0.0916562059	-0.0265212452	-0.0711160826	0.0761947187	-0.1197547036	0.1178678731	-0.1147451459	-0.0296959	0.0142143	0.00088184647681	0.00020204632449	0.263314	0.0172859999999999	0.069334262596	0.0002988057959999	-1.2099	0.0537400000000001	1.46385801	0.0028879876	0.000564526	0.001127186	1.270548278596e-06	3.18689604676e-07	-3.24345e-05	0.0007275645	1.05199679025e-09	5.293501016602501e-07	0.00418271	-0.0010115799999999	1.74950629441e-05	1.0232940963999994e-06	0.0	0.0	0.0	0.0	0.0	0.0	0.0	0.0	0.0	0.0	0.0	0.0	0.0	0.0	0.0	0.0	0.0	0.0	0.0	0.0	0.0	0.0	0.0	0.0	0.0	0.0	0.0	0.0	0.0	0.0	0.0	0.0	0.0	0.0	0.0	0.0	0.0	0.0	0.0	0.0	0.0	0.0	0.0	0.0	0.0	0.0	0.0	0.0	0.0	0.0	0.0	0.0	0.0	0.0	0.0
47371.19689499641	42.439776245599205	1801.1346077765263	2244030295.2645173	71093.13282993862	349.38433837890625	5054233535.575296	122069.41590446606	46903.318370225694	79.0849609375	2199921274.138751	6254.431046485901	53336.530834320336	45998.35335475767	0.706108	23.889332	0.420827475	0.272599	-0.0844259662	-0.0029634559	-0.1040842338	-0.0612563931	0.0306249803	-0.0512299559	-0.0539779053	-0.0929544772	-0.0246754445	-0.051667181	0.0525498204	-0.0015228662	0.0482180484	0.051741916	0.024022595	-0.0111153777	-0.0922581023	0.0413934124	-0.0128926424	0.0524548466	-0.0572653361	-0.0159673283	0.0290673656	-0.1200039147	0.1188605229	-0.1169629329	-0.0118552	0.0178407	0.00014054576704	0.00031829057649	0.227515	-0.035799	0.0517630752249999	0.0012815684009999	-1.32993	-0.12003	1.7687138049000002	0.0144072009	0.00487834	0.004313814	1.8608991226596e-05	2.37982011556e-05	-0.000388816	-0.0003563814999999	1.51177881856e-07	1.2700777354224997e-07	0.00445567	0.00027296	1.98529951489e-05	7.450716160000003e-08	0.0	0.0	0.0	0.0	0.0	0.0	0.0	0.0	0.0	0.0	0.0	0.0	0.0	0.0	0.0	0.0	0.0	0.0	0.0	0.0	0.0	0.0	0.0	0.0	0.0	0.0	0.0	0.0	0.0	0.0	0.0	0.0	0.0	0.0	0.0	0.0	0.0	0.0	0.0	0.0	0.0	0.0	0.0	0.0	0.0	0.0	0.0	0.0	0.0	0.0	0.0	0.0	0.0	0.0	0.0
47436.51936037676	65.32246538035542	4267.024483367733	2250223369.0273995	71280.53481183734	187.40198189871444	5080914643.061554	35119.50281956609	46818.33444010417	-84.98393012152519	2191956439.7454443	7222.268378900277	53327.20738998725	46287.94486109558	0.921079	31.162321	0.5760504999999998	0.371376	-0.0921406191	-0.0205340019	-0.0878699403	-0.0580592987	0.0660048375	-0.0123185484	-0.0404444434	-0.114210023	-0.0652949252	0.0043357756	0.0446570518	0.0541236058	0.0072682653	-0.0120019018	0.0727804479	-0.0935460398	-0.1096620447	0.0688046306	-0.0264057617	0.032131379	-0.0240298934	0.0983099223	0.0199912083	-0.120190936	0.1196068161	-0.1186353847	-0.0106036	0.0012516	0.0001124363329599	1.5665025600000008e-06	0.328341	0.100826	0.1078078122809999	0.010165882276	-1.5528	-0.2228699999999999	2.41118784	0.0496710368999999	0.00952908	0.00465074	2.1629382547600005e-05	9.080336564640002e-05	-0.000409754	-2.0938000000000026e-05	1.67898340516e-07	4.3839984400000087e-10	0.00480605	0.0003503799999999	2.30981166025e-05	1.227661444e-07	0.0	0.0	0.0	0.0	0.0	0.0	0.0	0.0	0.0	0.0	0.0	0.0	0.0	0.0	0.0	0.0	0.0	0.0	0.0	0.0	0.0	0.0	0.0	0.0	0.0	0.0	0.0	0.0	0.0	0.0	0.0	0.0	0.0	0.0	0.0	0.0	0.0	0.0	0.0	0.0	0.0	0.0	0.0	0.0	0.0	0.0	0.0	0.0	0.0	0.0	0.0	0.0	0.0	1.0	0.0
47421.58798115353	-14.931379223235126	222.9460855080576	2248807006.6542845	71081.62985229492	-198.90495954241487	5052598102.458665	39563.182930569696	46942.905533854166	124.57109374999708	2203636379.960356	15517.957398070565	53394.66391872039	45676.6523953425	0.9467	32.029137	0.44360775	0.285981	-0.0855606781	-0.0001923266	-0.090414281	-0.0707298945	0.0449675682	-0.0373925409	-0.0668558578	-0.0715930423	-0.0665596569	-0.0768300409	0.0707352335	-0.0527280739	0.0026786892	0.0360382205	0.1455846906	-0.0658531489	-0.0849917799	0.0563913131	-0.0462890386	0.0593633289	-0.0111489407	0.0110929135	-0.011094214	-0.1203156708	0.1201052059	-0.1197547036	-0.0567957	-0.0461921	0.0032257515384899	0.00213371010241	0.317199	-0.0111419999999999	0.100615205601	0.0001241441639999	-1.37097	0.1818299999999999	1.8795587409	0.0330621488999999	0.00594141	-0.00358767	1.28713760289e-05	3.53003527881e-05	-0.000518707	-0.0001089529999999	2.69056951849e-07	1.187075620899999e-08	0.0044138	-0.00039225	1.948163044e-05	1.538600625000002e-07	0.0	0.0	0.0	0.0	0.0	0.0	0.0	0.0	0.0	0.0	0.0	0.0	0.0	0.0	0.0	0.0	0.0	0.0	0.0	0.0	0.0	0.0	0.0	0.0	0.0	0.0	0.0	0.0	0.0	0.0	0.0	0.0	0.0	0.0	0.0	0.0	0.0	0.0	0.0	0.0	0.0	0.0	0.0	0.0	0.0	0.0	0.0	0.0	0.0	0.0	0.0	0.0	0.0	0.0	0.0
47966.15135285625	544.5633717027231	296549.2658002381	2300751675.605113	73704.1765485491	2622.546696254183	5432305640.699696	6877751.174033731	47269.46497395833	326.55944010416715	2234402318.924273	106641.06792114711	54107.87085316828	47445.54028224517	1.093653	37.0009	0.5332860499999998	0.262432	-0.0735856916	0.0723189028	-0.0863973285	0.0732729511	0.0544155229	-0.1175598789	-0.0528445594	0.0266230083	-0.0818476891	-0.0725459023	0.1358846462	0.0563351118	0.0257186141	0.1707395147	0.0446795446	-0.2087924662	0.0156971161	0.0533815213	-0.043384255	0.090080651	-0.1015690653	-0.0302076287	0.0386738215	-0.1203780544	0.1203546593	-0.1203156708	-0.0669826	-0.0101869	0.00448666870276	0.00010377293161	0.291007	-0.0261919999999999	0.084685074049	0.0006860208639999	-1.20154	0.1694299999999999	1.4436983716	0.0287065248999999	0.0100206	0.0040791899999999	1.6639791056099993e-05	0.0001004124243599	-0.0015591	-0.001040393	2.43079281e-06	1.0824175944489998e-06	0.00584376	0.00142996	3.41495309376e-05	2.0447856016e-06	0.0	0.0	0.0	0.0	0.0	0.0	0.0	0.0	0.0	0.0	0.0	0.0	0.0	0.0	0.0	0.0	0.0	0.0	0.0	0.0	0.0	0.0	0.0	0.0	0.0	0.0	0.0	0.0	0.0	0.0	0.0	0.0	0.0	0.0	0.0	0.0	0.0	0.0	0.0	0.0	0.0	0.0	0.0	0.0	0.0	0.0	0.0	0.0	0.0	0.0	0.0	0.0	0.0	0.0	1.0
