global_signal	global_signal_derivative1	global_signal_derivative1_power2	global_signal_power2	csf	csf_derivative1	csf_power2	csf_derivative1_power2	white_matter	white_matter_derivative1	white_matter_derivative1_power2	white_matter_power2	csf_wm	tcompcor	std_dvars	dvars	framewise_displacement	rmsd	t_comp_cor_00	t_comp_cor_01	t_comp_cor_02	t_comp_cor_03	c_comp_cor_00	c_comp_cor_01	c_comp_cor_02	c_comp_cor_03	c_comp_cor_04	w_comp_cor_00	w_comp_cor_01	w_comp_cor_02	w_comp_cor_03	w_comp_cor_04	w_comp_cor_05	w_comp_cor_06	w_comp_cor_07	w_comp_cor_08	w_comp_cor_09	w_comp_cor_10	w_comp_cor_11	w_comp_cor_12	w_comp_cor_13	w_comp_cor_14	w_comp_cor_15	w_comp_cor_16	w_comp_cor_17	w_comp_cor_18	w_comp_cor_19	w_comp_cor_20	w_comp_cor_21	w_comp_cor_22	w_comp_cor_23	w_comp_cor_24	w_comp_cor_25	w_comp_cor_26	w_comp_cor_27	w_comp_cor_28	w_comp_cor_29	w_comp_cor_30	w_comp_cor_31	w_comp_cor_32	w_comp_cor_33	w_comp_cor_34	w_comp_cor_35	a_comp_cor_00	a_comp_cor_01	a_comp_cor_02	a_comp_cor_03	a_comp_cor_04	a_comp_cor_05	a_comp_cor_06	a_comp_cor_07	a_comp_cor_08	a_comp_cor_09	a_comp_cor_10	a_comp_cor_11	a_comp_cor_12	a_comp_cor_13	a_comp_cor_14	a_comp_cor_15	a_comp_cor_16	a_comp_cor_17	a_comp_cor_18	a_comp_cor_19	a_comp_cor_20	a_comp_cor_21	a_comp_cor_22	a_comp_cor_23	a_comp_cor_24	a_comp_cor_25	a_comp_cor_26	a_comp_cor_27	cosine00	cosine01	cosine02	cosine03	trans_x	trans_x_derivative1	trans_x_power2	trans_x_derivative1_power2	trans_y	trans_y_derivative1	trans_y_power2	trans_y_derivative1_power2	trans_z	trans_z_derivative1	trans_z_power2	trans_z_derivative1_power2	rot_x	rot_x_derivative1	rot_x_derivative1_power2	rot_x_power2	rot_y	rot_y_derivative1	rot_y_derivative1_power2	rot_y_power2	rot_z	rot_z_derivative1	rot_z_derivative1_power2	rot_z_power2	motion_outlier00	motion_outlier01
57726.32482331697	n/a	n/a	3332328577.607101	98750.45386789656	n/a	9751652139.115566	n/a	54393.39961053069	n/a	n/a	2958641921.19088	66144.82857572116	59500.61461216518	n/a	n/a	n/a	n/a	-0.0129973025	-0.044102579	-0.0769453465	-0.0912672154	0.0421536097	-0.0002770365	0.0482559049	0.0488392213	-0.189174956	-0.0273141442	0.0236932749	0.1031838044	-0.0319515367	0.1192979606	-0.0670629984	0.0151454606	-0.1522857402	0.0641057385	-0.0503215765	0.0047478814	-0.052796562	0.0365658359	-0.0308514028	0.0509602177	-0.0062316144	0.0716980696	-0.0708561223	0.1176549861	0.0278211417	-0.0923855496	0.011601249	-0.0077064025	0.0587354823	-0.1187271269	0.0839370608	-0.1172189743	0.0338962437	-0.0905765362	0.0533389285	-0.0160360203	0.1207645573	-0.1428545129	0.0397655456	-0.0553968346	0.0936618996	-0.0397683389	-0.0475416753	0.0278782592	0.0524480544	-0.1469740819	0.0901393218	-0.1317498382	0.0277826922	-0.1345341221	-0.0483777858	0.0840385826	-0.015407506	0.0363295764	-0.0373212421	0.062998199	-0.140978367	0.0178996275	-0.008346388	0.1177007141	0.006190448	-0.0121141823	0.0006735845	0.0605764987	0.0265809101	-0.1390778396	0.0424212443	-0.0025355687	0.0565499034	0.102594329	0.1025838106	0.1025662807	0.1025417406	-0.0142825	n/a	0.00020398980625	n/a	0.0302468	n/a	0.00091486891024	n/a	-0.130154	n/a	0.0169400637159999	n/a	0.00137042	n/a	n/a	1.8780509764e-06	0.00105954	n/a	n/a	1.1226250116000005e-06	0.0008126229999999	n/a	n/a	6.603561401288374e-07	0.0	0.0
58141.71386510815	415.38904179117526	172548.05604019074	3380458891.172109	99319.3135813093	568.859713412734	9864326050.26245	323601.37354401784	54601.27153060281	207.87192007212437	43210.73515447165	2981298852.758617	66040.38843968531	60794.49972293527	1.402035	24.968565	0.29730455	0.160976	0.0849775071	-0.0075557999	0.0670982218	-0.1334164399	0.0126532668	-0.1431152215	0.139691667	-0.0210038327	0.0554258978	-0.1224302828	0.0580491303	-0.1743307149	-0.0705218918	-0.0381093803	-0.0641295571	-0.0681554764	-0.0078770003	-0.0705710664	-0.0403408865	-0.1276461976	-0.0517449206	-0.0453983969	0.0276455541	-0.0561798267	0.0161671233	-0.0103109022	-0.0576666325	-0.0854025705	-0.0582965557	0.0832275986	0.0497546369	-0.0336161847	0.0525121195	-0.0445548279	0.0633196083	0.0277345898	-0.0279708186	0.0044915637	0.0351162671	-0.0374461746	0.1658650108	0.0362083627	-0.0002331439	-0.1108836171	-0.0724294949	0.1533032221	0.0391997432	0.1262964895	0.0574303703	-0.0341243288	0.0159772549	0.0724006259	-0.1147944506	-0.0412607626	-0.0124361716	-0.0257558382	-0.0265128028	-0.098501551	0.017022959	0.0436572932	-0.0399015881	-0.04388672	-0.0476029448	0.0981157365	-0.0071535689	0.008000988	-0.0875809177	-0.0082957252	-0.1389107166	0.0199752227	-0.0400841428	0.035520151	0.0722351834	0.1025662807	0.1024716367	0.1023139614	0.1020933517	-0.0131829	0.0010996	0.0001737888524099	1.209120160000002e-06	-0.0221554	-0.0524021999999999	0.00049086174916	0.0027459905648399	-0.0424711	0.0876829	0.0018037943352099	0.0076882909524099	-0.000445473	-0.001815893	3.297467387449e-06	1.98446193729e-07	0.000435153	-0.000624387	3.8985912576900017e-07	1.8935813340900002e-07	0.00149474	0.0006821170000001	4.652836016891365e-07	2.2342476676e-06	0.0	0.0
58024.77756944079	-116.93629566735764	13674.097244403682	3366874811.983079	98737.00212394286	-582.3114573664352	9748995588.423496	339086.63338022167	54453.37260193232	-147.8989286704891	21874.093101878425	2965169787.724873	66318.42647508741	61187.22909430804	1.300118	23.15354	0.1124916	0.0636334	0.0959947376	0.1241058509	0.1048280797	0.0316781547	0.060032115	0.0976559547	0.0722747102	-0.1077298515	0.1064857142	-0.0484756777	0.0519249096	-0.0048127453	0.0812475239	0.0768528258	0.1008087806	-0.1201994768	0.0507768522	0.0266545179	-0.0041926006	0.0381091823	-0.132662673	0.0241997271	-0.0763238343	0.0594510807	-0.0550900102	-0.1149569732	0.1279157547	0.0180071355	-0.1140156192	0.0760363109	-0.0537263708	0.0772673288	-0.0429226194	-0.0221925469	0.0764952281	0.1288641194	-0.0827012708	-0.0467370091	-0.0811150748	0.103258401	0.0093275488	0.1057722052	-0.0786667065	-0.1100283553	0.1632227221	-0.0411515647	-0.0432865883	0.0369229504	0.153880699	0.0830212049	-0.0790430382	0.070845764	-0.0767988341	0.0656577413	0.0208055072	0.1582128433	0.0041276619	-0.008994763	0.0564102347	0.013649677	0.0242768764	0.0251984537	-0.1049536795	-0.0325618031	-0.1658176127	0.1053706225	0.0382326221	-0.1011675926	-0.0260042172	-0.0267747719	0.0849136646	0.0899840892	-0.0737533351	0.1025101919	0.1022474116	0.1018099433	0.1011985345	-0.0215008	-0.0083179	0.00046228440064	6.918746041000003e-05	0.0156549	0.0378103	0.0002450758940099	0.0014296187860899	-0.0501786	-0.0077074999999999	0.0025178918979599	5.9405556249999984e-05	0.000346172	0.000791645	6.26701806025e-07	1.1983505358400004e-07	0.00039177	-4.338300000000003e-05	1.882084689000002e-09	1.534837329e-07	0.00115665	-0.00033809	1.1430484810000007e-07	1.3378392224999998e-06	0.0	0.0
58096.24610551367	71.4685360728763	5107.751648400022	3375173811.552412	98859.89170953228	122.8895855894225	9773278188.82045	15101.850246339996	54333.73438077848	-119.63822115384392	14313.303960856065	2952154691.760989	66022.55036330856	61340.48951590402	1.175219	20.929243	0.1368133	0.0698316	0.0938237809	0.0811051291	0.0178281016	0.0320185379	-0.0776835066	0.0103684045	-0.0064624041	-0.0069428265	0.1481340015	0.0374158057	0.0419753985	8.68172e-05	-0.0982671041	-0.043217041	0.0312423026	0.0178306111	0.0743447053	-0.0125548081	-0.1212512934	0.0488286483	-0.0464130062	0.1144139575	0.0110710656	0.0770747297	0.0431824391	0.0631362803	0.1083745889	0.0645392672	0.0032588313	0.0401011499	0.0298794642	0.0656681151	0.00788032	-0.0632797642	-0.0492332815	0.093776578	0.0066165098	0.1121047588	-0.1323595279	0.0001564075	0.060559721	-0.0220491854	0.0957732515	-0.0355593323	0.1083488388	0.0319761692	0.0472490753	-0.0865228806	0.0112914568	0.074237258	0.1068019054	0.0815042089	0.0413780729	0.0397738687	0.0208121043	0.0472735102	-0.0564120956	0.0817143727	-0.123401239	-0.0669046906	0.0484350807	0.0421102729	-0.1019833823	0.0503319802	-0.0821905842	0.0705543284	0.1088115263	0.0878245035	-0.0235930741	-0.0129819565	0.0201141194	0.0350067253	-0.0371153248	0.1024260777	0.1019113804	0.1010554665	0.0998612018	0.0091581	0.0306589	8.387079561000001e-05	0.00093996814921	-0.0219525	-0.0376074	0.00048191225625	0.0014143165347599	-0.0227187	0.0274598999999999	0.00051613932969	0.0007540461080099	-0.000267329	-0.000613501	3.7638347700100003e-07	7.1464794241e-08	0.000183529	-0.000208241	4.336431408099999e-08	3.3682893841e-08	0.00115665	0.0	0.0	1.3378392224999998e-06	0.0	0.0
57898.89024929492	-197.35585621874637	38949.33398383448	3352281492.0998983	98736.05680821987	-123.83490131240978	9748808914.036022	15335.082783054271	54440.61220067493	106.87781989645008	11422.868385818025	2963780256.784276	66139.48915401005	61103.927739815845	1.308431	23.30159	0.0767768999999999	0.0400172	0.0774712694	0.075300093	-0.069778293	0.0764521849	-0.0033315607	0.0993897909	0.0081026474	0.0706269765	-0.0210967964	-0.0739832363	-0.0933112673	0.1284625807	-0.0070352204	-0.1058011282	-0.0388189961	-0.0472277291	0.0461511416	0.1214792672	0.0887982352	0.0082325021	-0.161031186	-0.0005803252	0.0674032657	0.0405912604	0.1524698929	-0.0202872537	-0.0187030969	0.1335056118	-0.0701129341	-0.0585115682	-0.0645817171	0.0576120677	-0.1179286008	0.0672273023	-0.0018658378	0.09197568	-0.0834600011	-0.0685828473	0.0321940619	0.0372057212	-0.0087893245	-0.02673938	0.0395770977	-0.0390357997	-0.0877461469	-0.075505312	0.028540991	0.077315069	-0.034994507	0.1315350754	-0.0395080188	-0.1251865912	-0.0193721964	0.0883577402	-0.1206181464	-0.0657942822	-0.0032701876	-0.0087855755	-0.0525081797	0.1653500598	0.0231342079	0.090041229	-0.117736956	-0.0669430173	-0.0298139902	-0.0634792703	0.1009268808	-0.0501341025	0.0729547162	-0.1445280188	0.1151723914	-0.0168016681	0.0029909279	0.1023139614	0.1014639107	0.1000523871	0.0980872016	-0.0120844	-0.0212425	0.00014603272336	0.00045124380625	0.00933385	0.03128635	8.712075582249998e-05	0.0009788356963224	-0.0366701	-0.0139513999999999	0.0013446962340099	0.0001946415619599	-0.000451035	-0.000183706	3.3747894436000004e-08	2.03432571225e-07	0.000161302	-2.2227000000000016e-05	4.940395290000006e-10	2.6018335204e-08	0.00115665	0.0	0.0	1.3378392224999998e-06	0.0	0.0
57890.41058442845	-8.479664866470557	71.90471624765513	3351299637.6337056	98868.8396036381	132.7827954182285	9775047444.569918	17631.27075907912	54350.918309680106	-89.69389099482214	8044.9940817910365	2954022321.10552	66046.47282561188	60717.11184305246	1.14404	20.373972	0.15868739	0.0981099	0.0702944147	-0.0195706971	-0.0899611183	0.0154595367	-0.0558598162	0.0429839228	-0.0190022504	0.0828032793	-0.0336473438	-0.0024200786	0.0013436998	0.0996308805	-0.0271439582	0.068725342	0.0425559355	0.0678742493	-0.0168031548	0.0874011349	0.0473245525	0.0053205371	0.0793128696	0.0476458179	-0.12069343	0.1015643337	0.0338839021	0.107701152	-0.2326480746	-0.0362556834	0.1553310273	-0.0267277989	-0.0257560979	-0.0576072811	-0.1033807894	-0.095929965	0.0573860792	-0.0153802714	0.0061439701	0.0080616473	0.0339325378	-0.0397297628	-0.0016464497	0.0874367215	-0.0101907208	-0.109524332	0.0053239688	-0.0200197247	0.0336424389	-0.0243284889	-0.0014536651	-0.0534632187	0.098760499	-0.1088093734	0.0540664454	0.0230939943	-0.0982373261	0.0860809996	0.1213774845	0.0319659348	-0.0198028793	0.1085616076	0.0523476892	-0.08850116	0.0357551562	-0.0541706005	-0.017018426	-0.0236787865	0.0396669618	0.0725610922	0.0049740023	-0.1608853274	-0.0181022356	0.0395476902	-0.0273353352	0.1021738733	0.1009054916	0.0988031726	0.0958842909	0.00217863	0.01426303	4.7464286769e-06	0.0002034340247809	0.0130694	0.00373555	0.00017080921636	1.3954333802500004e-05	-0.109763	-0.0730929	0.012047916169	0.00534257203041	0.000488884	0.000939919	8.83447726561e-07	2.39007565456e-07	-7.20302e-05	-0.0002333322	5.4443915556840006e-08	5.18834971204e-09	0.000977983	-0.0001786669999999	3.1921896888999995e-08	9.56450748289e-07	0.0	0.0
57947.76415525666	57.35357082820701	3289.4320867461583	3357943370.5932484	99085.6565674634	216.81696382530208	9817967337.405304	47009.59580242235	54368.17303069527	17.254721015160612	297.7253973110253	2955898238.69562	65885.97312336101	60747.272898995536	1.046743	18.641235	0.21879973	0.113194	0.0936982869	-0.0524001156	-0.019339376	-0.0637328596	-0.0456229625	-0.1020260727	0.0029372442	0.0529179534	-0.0305336789	0.0197305047	0.1061813943	-0.0147259637	-0.1149095838	-0.0501313827	-0.0900695516	0.02961836	0.0310026899	0.0645089806	0.0224532249	0.0536669454	0.0731607859	-0.0339198311	0.1791605625	0.0066670411	-0.0824682315	-0.0914399642	-0.0624045347	-0.0917242255	0.060977661	-0.1454483975	-0.0077502067	-0.1053256244	0.0954723173	0.047335373	-0.1263477757	-0.0440882424	-0.06059278	-0.0741512356	-0.0967044229	0.0200312892	0.016210792	0.0907221332	0.0616317073	-0.0520380344	0.1107906709	0.1252477277	0.0344072714	-0.0101313438	-0.018728752	-0.0433034054	0.0876850411	-0.0700724891	0.0769173706	-0.0477200336	0.0774816188	-0.0513107813	-0.0841907804	-0.0250420046	-0.0140824879	0.0846303923	0.0148093102	0.0721756558	-0.0077736452	-0.1361284421	0.0699597329	0.0214205421	0.0265217319	-0.0305796674	-0.121037328	0.0216299973	-0.1052504566	0.0386939554	0.0787492165	0.102005852	0.1002367339	0.0973108962	0.0932621027	0.0228307	0.0206520699999999	0.00052124086249	0.0004265079952848	-0.0221364	-0.0352058	0.00049002020496	0.00123944835364	-0.0271513	0.0826117	0.00073719309169	0.00682469297689	-0.000262547	-0.000751431	5.64648547761e-07	6.893092720900003e-08	0.000604475	0.0006765052	4.576592856270401e-07	3.6539002562500004e-07	0.00115665	0.0001786669999999	3.1921896888999995e-08	1.3378392224999998e-06	0.0	0.0
57766.33081465596	-181.433340600699	32918.05708152926	3336948975.7882705	98555.89609358885	-529.7604738745576	9713264654.810282	280646.15967979585	54276.10574611687	-92.06728457839928	8476.384889639956	2945895654.96366	66070.87331730769	60571.475092075896	1.170036	20.836935	0.152683655	0.0744738999999999	0.0766870595	-0.1180282428	0.0272976044	-0.0300636005	0.0076294293	0.0398374306	0.0477890398	-0.1140156411	-0.1036405475	0.0524531664	0.0436831397	-0.0203555399	-0.0292645103	0.0487646051	0.0208294057	0.0462808196	-0.0512591697	0.011850697	-0.0314755511	0.030688476	0.167542868	-0.0848521991	0.0596719554	0.0016775948	0.0908387844	-0.0479414994	-0.100613042	0.105033255	-0.065133583	0.0614848897	0.1674251739	-0.0621792163	-0.0146223752	-0.0592121243	0.015251771	0.0475548628	0.0196628829	-0.1448660875	0.039263079	-0.0936232759	-0.1043153566	0.1964568575	-0.011479018	-0.1052686765	-0.0389582678	-0.0175680505	-0.0196439674	-0.0394096691	0.0663227537	-0.1633951473	-0.014763338	0.0027772404	0.0085487159	-0.049912207	-0.0422146593	-0.1099683207	0.0091637104	0.0441336159	-0.0956220862	0.0263445147	0.0980427663	-0.0366566625	0.1697484938	-0.0980860683	0.008047833	-0.0487162323	0.0250086993	-0.0422445744	-0.0454119757	0.0364736412	0.1211944303	0.1159129362	-0.0558457703	0.1018099433	0.0994583687	0.0955792289	0.090232103	-0.00855814	-0.03138884	7.324176025960001e-05	0.0009852592765456	0.0244557	0.0465921	0.00059808126249	0.0021708237824099	-0.063084	-0.0359327	0.003979591056	0.00129115892929	-0.000137301	0.000125246	1.5686560516000006e-08	1.8851564601e-08	-4.56793e-05	-0.0006501543	4.2270061380849003e-07	2.08659844849e-09	0.00115665	0.0	0.0	1.3378392224999998e-06	0.0	0.0
57733.523138669	-32.8076759869582	1076.3436036652338	3333159694.0032287	98541.88475273308	-14.01134085576632	9710503050.620928	196.3176725764665	54307.7163577108	31.610611593932845	999.2307653424816	2949328055.989569	66028.63849158653	59847.02494168527	1.083389	19.293852	0.112381085	0.047843	0.0178084667	-0.0160081196	0.0853024449	0.0130721652	-0.0110528107	0.0141568679	-0.0541469871	-0.0869676016	0.0334128746	0.0474915867	0.0045396206	-0.0705626146	-0.1328033106	-0.1029286195	0.1527095301	0.0014375719	-0.0204422108	0.0451080187	0.0185657278	0.0442421266	-0.0054778507	0.1041631302	0.0259887478	0.0433889461	0.0480928862	-0.0277614305	-0.0648284884	-0.057833666	-0.1393988634	-0.0256545119	0.0732101167	-0.1747577761	0.0124149584	0.070494202	0.0012105168	-0.0188410997	-0.0761302291	-0.0538753818	-0.1293628925	0.0361736947	-0.0161831549	-0.04383042	-0.0602454154	0.1903634748	0.0037713094	0.0107526404	0.0034761212	-0.1057466222	0.040625891	0.029098221	0.0059944521	0.0887577378	-0.100571337	-0.0114260491	-0.0490306267	-0.1254742795	-0.0894234304	-0.0435417704	0.0512742336	0.0222618315	0.1077717955	0.0237599707	-0.037751503	-0.0771111335	-0.0057071352	-0.0983281376	0.0358176092	-0.0822086353	-0.0102689516	-0.0438558704	0.0268878968	0.099375127	-0.0016835558	0.1015862008	0.0985712473	0.0936124309	0.0868075413	0.0130241	0.02158224	0.00016962718081	0.0004657930834176	-0.00165063	-0.02610633	2.7245793969e-06	0.0006815404660689	-0.0630669	1.7100000000006e-05	0.0039774338756099	2.9241000000020517e-10	0.000298817	0.000436118	1.90198909924e-07	8.9291599489e-08	0.00046908	0.0005147592999999	2.649771369364899e-07	2.200360464e-07	0.000814019	-0.0003426309999999	1.1739600216099997e-07	6.62626932361e-07	0.0	0.0
57740.58968324151	7.066544572509883	49.93605219526889	3333975696.968456	98786.47287218957	244.5881194564863	9758767222.527843	59823.348179260414	54334.13511233358	26.41875462277676	697.9505958184884	2952198238.4053206	66044.73868006993	60224.60655970982	1.174754	20.920963	0.1420845399999999	0.0723127999999999	0.0124128848	0.0884590937	0.057219632	0.017728306	0.0483799656	0.0113862359	-0.0095473339	-0.0199440032	0.012107174	-0.0093826284	-0.0515089107	-0.0614981058	0.2469555386	-0.0380713223	-0.0143533795	-0.1853473258	0.0109772997	-0.0662697377	0.0718084956	-0.0044667709	0.0490314935	-0.0297415903	0.1250523558	-0.0358830262	-0.1061022962	-0.004340343	-0.11936821	0.0170145331	0.0481780934	0.0187025047	0.0154849548	-0.0708759785	0.0437550046	0.025128276	0.0255387469	0.0842390389	0.0283859379	-0.0883893502	-0.0245035281	-0.0043775428	0.0243496098	-0.0656516035	0.0487096848	0.1350138918	0.0211282433	-0.0020345063	-0.0350001745	0.0540940418	-0.0218304752	0.1251538057	-0.1740368949	-0.0714116089	-0.1353336175	-0.0367766869	0.0479491839	0.0393319215	0.0246082127	0.0922835207	0.0126886334	0.1091232171	-0.0252773115	0.1242327288	0.0834712553	-0.0332721088	0.0971726392	-0.0976195942	-0.0306003867	-0.0064109233	-0.0296484097	0.0708541232	-0.0961236854	-0.0542531853	-0.0347365053	0.1013346856	0.0975763397	0.0914153405	0.0830033923	-0.0086380199999999	-0.0216621199999999	7.46153895203983e-05	0.0004692474428943	-0.0142691	-0.01261847	0.00020360721481	0.0001592257851409	-0.0272222	0.0358446999999999	0.0007410481728399	0.0012848425180899	-0.000559903	-0.00085872	7.374000384000001e-07	3.1349136940900005e-07	-5.8803e-05	-0.0005278829999999	2.786604616889999e-07	3.457792809e-09	0.000866601	5.258200000000002e-05	2.764866724000002e-09	7.509972932010001e-07	0.0	0.0
57670.984902238415	-69.6047810030941	4844.82553848869	3325942499.594211	98361.93228199772	-424.54059019184206	9675069722.248306	180234.7127204376	54409.35445173817	75.21933940458985	5657.949020462883	2960377851.85488	66173.23342711976	60071.827472098215	1.112264	19.808081	0.12861286	0.0617034	-0.0036340315	0.0721222788	-0.0494401309	0.0709944357	0.0042940525	0.0805983085	-0.0813814396	0.0340420978	0.0621654263	-0.033339358	-0.0605668332	0.1130905222	0.0478596611	-0.0579438593	0.0476944438	0.0336657323	0.0767148069	-0.0276375994	0.0390575628	0.0758325067	0.1392416852	0.0273142652	-0.0846140236	0.0835764928	0.0430120811	0.0251579433	-0.0921723208	-0.0888943887	-0.126873414	0.0623383436	0.0898413563	-0.061577713	-0.0004067057	-0.0966318452	-0.0150078913	-0.0124972478	0.0044268593	-0.0524409791	0.0504317232	0.0812749206	0.0836104047	-0.0755106899	-0.0800103731	-0.0548216523	-0.0307325334	-0.0811905375	0.0129134693	-0.0261067164	-0.0169676591	0.107108874	0.0469270467	0.0204951523	0.0586252915	-0.0329758021	-0.082976164	0.0428153885	0.125592291	0.0154584443	-0.0407542898	0.0112691916	0.0540890643	-0.1161303008	0.0298670227	-0.0953450283	0.0471780078	-0.0621914833	-0.0383816748	0.0663731944	-0.042242657	-0.0804686384	-0.0305135931	-0.0147104796	-0.0551214802	0.1010554665	0.0964747338	0.0889933628	0.0788362905	0.010845	0.0194830199999999	0.000117614025	0.0003795880683203	0.00946961	0.02373871	8.96735135521e-05	0.0005635263524641	-0.0429792	-0.015757	0.00184721163264	0.000248283049	0.000131979	0.000691882	4.78700701924e-07	1.7418456441000002e-08	-2.74594e-05	3.13436e-05	9.824212609600002e-10	7.5401864836e-10	0.000197144	-0.000669457	4.481726748490001e-07	3.8865756736e-08	0.0	0.0
57653.29505743803	-17.68984480038489	312.9306090617044	3323902430.9800086	98213.4129038392	-148.5193781585258	9645874474.220009	22058.00568859519	54286.82475036982	-122.52970136834485	15013.527717415764	2947059341.477365	65887.6060164445	59489.67955915179	0.998293	17.778404	0.1361925749999999	0.0746189	-0.0140551302	0.0283237577	-0.0787058506	0.0264947939	-0.0252017014	-0.0247936532	-0.1147991563	0.0319155699	0.0283257737	0.0396047765	-0.0024101018	0.0368081636	0.0604233823	-0.1619668977	-0.0082882953	0.0391563198	0.0268993849	-0.0427709048	0.1084275243	0.0597905838	0.0762440825	0.1593904347	-0.099406036	-0.0647594261	0.0567266306	-0.0159162765	0.0651139397	0.0520491755	0.1269302945	-0.0007710787	0.1023953837	0.0239243094	0.0637467056	-0.0341394996	-0.0031541846	-0.0076706985	0.0739643762	-0.0428120294	-0.0217573821	-0.0195476978	0.0064392712	0.0125695604	0.0346384217	-0.0022542397	0.0338951625	0.0320208287	0.0111479707	-0.0409393915	-0.0953585828	0.0899898517	0.0602079445	0.0010036683	0.0967855158	-0.0521715826	-0.113712766	-0.019891538	0.0131274387	0.0351954495	0.0805451338	-0.1469180518	0.0628783658	0.0677515663	0.1446324067	-0.0414058392	-0.0088460526	-0.011798133	0.0694112723	0.0907673185	-0.0425791502	0.0295124857	0.0215690848	-0.0095664538	-0.067356639	0.1007486199	0.0952676342	0.0863524559	0.0743244578	0.0236534	0.0128084	0.00055948333156	0.00016405511056	-0.0275293	-0.0369989099999999	0.0007578623584899	0.001368919341188	0.0117507	0.0547299	0.00013807895049	0.0029953619540099	-8.862529999999998e-05	-0.0002206043	4.866625717849e-08	7.854443800089997e-09	-2.74594e-05	0.0	0.0	7.5401864836e-10	0.000609647	0.000412503	1.7015872500900006e-07	3.716694646090001e-07	0.0	0.0
57551.01308356891	-102.2819738691178	10461.602178562896	3312119106.9451203	98645.4959890032	432.08308516400575	9730933878.916449	186695.79248484544	54391.308622642384	104.48387227256173	10916.87956506899	2958414453.683532	66173.71966373471	59255.00960546875	1.165941	20.764008	0.0586597449999999	0.0242243	-0.0356022998	-0.0206339628	-0.1022052375	0.0410318555	-0.0039408735	0.0670418135	-0.0197833021	0.1193648389	-0.0836323502	-0.0510528841	-0.168428335	-0.0593795563	0.04636567	0.1218968264	-0.0250975874	0.0151002446	-0.1349834478	-0.0458736204	0.0691423663	-0.0358879959	-0.1931089039	0.1403850184	0.025988929	-0.1249528104	0.0685523467	0.0445723746	-0.0405237156	-0.0615167475	-0.0028265111	-0.0631902378	-0.1112897812	0.0106539506	-0.0644953302	0.0800377758	0.0491587576	0.1094238299	-0.0529686817	-0.0491554767	0.045013116	-0.0176948035	-0.0779839285	0.089257306	0.0156237968	0.0694494146	0.1343390166	-0.0976787326	0.0268090432	0.0800406653	-0.104551186	-0.0392086791	-0.0388967694	-0.0323860666	-0.0936817563	0.0224511932	0.0182120855	-0.0060131849	0.0804783943	-0.0211893669	0.1319981846	-0.0625994283	0.0024022173	0.0047809118	-0.0578628292	0.0877065605	0.0465649101	-0.0547510473	0.016714092	-0.1192526825	-0.0509288235	-0.1065721501	0.2009507241	-0.0024925923	-0.0152947214	0.1004142296	0.0939563609	0.0834991166	0.0694876231	0.0153615	-0.0082919	0.00023597568225	6.875560561000002e-05	-0.0163153	0.0112139999999999	0.00026618901409	0.0001257537959999	0.0259757	0.014225	0.00067473699049	0.000202350625	-1.0724e-05	7.790129999999998e-05	6.0686125416899965e-09	1.1500417599999997e-10	-0.000272856	-0.0002453966	6.021949129155999e-08	7.445039673599999e-08	0.000784926	0.0001752789999999	3.0722727840999994e-08	6.161088254760001e-07	0.0	0.0
57609.97921206472	58.966128495805606	3477.004309783858	3318909704.814529	99035.40620326682	389.9102142636111	9808011681.84606	152029.97518709514	54309.602943555845	-81.70567908653902	6675.8179949925	2949532971.8866897	65992.46958041958	58969.00288811384	1.103166	19.646057	0.13673787	0.0591226	-0.0441832527	-0.1108977291	-0.0426336142	-0.0486117589	-0.0392721303	-0.1023769167	0.0018209499	0.0447239627	-0.049111618	0.0023735681	-0.0429029923	0.0632012231	-0.0490257858	0.051771395	0.0065411361	0.0611631319	0.0401192333	0.0886149407	0.0078862998	0.0220693595	-0.1081293273	0.005504057	0.0627537023	-0.0122886969	-0.0545238907	-0.0284179576	-0.0331700357	0.113523383	0.070120928	0.1547298256	-0.0415854913	0.1524683562	0.0773026183	-0.0997409512	-0.0033213076	0.0645859115	0.0644405413	0.1400547802	-0.0753182926	-0.100697988	-0.0447658867	0.0798400512	-0.0391966392	0.1324408017	-0.0798044185	0.0119322778	0.0212762735	-0.0361490279	-0.038221861	-0.0844073523	0.0874715019	0.0325830248	0.0311117367	0.0301272783	0.0033816298	0.0952621025	0.007981554	0.0195636447	0.0180801597	0.0862642995	-0.0508743875	0.0798761899	-0.14051636	-0.0144876823	0.1508270942	0.05312841	-0.0188498908	0.0200494519	0.101095878	0.0415888364	0.1221551535	-0.1319857408	-0.058036256	0.1000523871	0.0925423476	0.0804403643	0.0643469367	0.0348675	0.019506	0.00121574255625	0.000380484036	0.00791117	0.02422647	6.25866107689e-05	0.0005869218486609	-0.0171269	-0.0431026	0.00029333070361	0.00185783412676	-0.000383155	-0.000372431	1.38704849761e-07	1.46807754025e-07	-0.000302075	-2.9219000000000037e-05	8.537499610000018e-10	9.124930562500001e-08	0.00018852	-0.000596406	3.557001168360001e-07	3.55397904e-08	0.0	0.0
57639.59911258028	29.61990051556495	877.3385065519648	3322323385.858966	98694.91678591688	-340.48941734993423	9740686599.379057	115933.0433272977	54311.40163299741	1.7986894415662391	3.235283707201869	2949728347.340754	65881.26809440559	58864.445115513394	1.012657	18.034203	0.0868562999999999	0.047095	-0.0229780345	-0.0547311952	0.0435316041	-0.0576612833	0.0154482715	-0.1035517281	0.0315606536	-0.0065793865	0.016253422	0.0563292783	0.0486109833	-0.1091757914	-0.0374167246	-0.0249609217	-0.0022465357	0.0198729863	-0.0028607301	-0.0236615047	0.0353324922	-0.0114544141	0.0652052235	-0.084893944	0.0274691442	-0.0970868722	-0.0134215508	0.113153675	0.0425042599	-0.0326660605	0.0090304415	-0.0262575006	0.0134318145	-0.0341010151	0.0060755887	-0.0477793195	0.0209254806	0.0090021889	0.0903455257	0.0267317298	0.0752940144	0.0176819599	0.1240593409	0.0634699811	-0.0517068159	0.1190302337	0.1151843428	0.1154490346	-0.0090002113	0.0162280054	-0.0358739053	-0.071808311	-0.0339570294	0.0282381518	-0.0226040611	0.0070282958	0.0252824253	-0.1150668449	-0.0131842714	-0.0506524459	-0.0476370613	-0.1042026078	0.0467122014	0.0506556273	0.0729797181	-0.0522586285	-0.0165462986	0.0114227204	-0.1054982764	0.0242716675	-0.1131600909	0.0642050866	0.0382098968	0.0533002547	-0.0407710948	0.0996631912	0.0910271406	0.0771837238	0.0589248775	0.0318939	-0.0029736	0.00101722085721	8.84229696e-06	-0.0249485	-0.03285967	0.0006224276522499	0.0010797579125089	0.0110688	0.0281957	0.00012251833344	0.00079499749849	-0.000464384	-8.122899999999999e-05	6.598150440999998e-09	2.15652499456e-07	-2.74594e-05	0.0002746156	7.541372776336002e-08	7.5401864836e-10	8.7818e-05	-0.0001007019999999	1.0140892803999996e-08	7.712001124e-09	0.0	0.0
57728.36841163819	88.76929905790894	7879.988455232473	3332564519.469826	98315.06477864584	-379.852007271038	9665851962.429329	144287.54742783672	54345.44293176775	34.04129877033847	1158.8100219714474	2953427167.450025	66283.69356971154	59736.62517801339	1.16202	20.694178	0.16316382	0.102768	-0.0263488598	0.1093240716	0.0369021186	0.0557426103	0.1082946793	0.0950505197	-0.0005052111	-0.0168873239	0.084782491	0.0083350492	0.0408865714	0.0509141994	0.0583006206	-0.0904224571	0.0742725581	-0.0812562534	-0.0779881156	-0.0629668811	0.0638953722	-0.0383068035	-0.0293209414	-0.0421020072	0.0554958003	-0.0452438973	0.0108141026	0.0543556764	-0.0444766824	0.0478814337	0.099836993	0.015056084	0.089377483	0.024672649	-0.0618341827	0.0225616029	0.0166392486	0.0511203505	-0.0056213585	0.0534504203	0.0291114119	-0.0639508167	-0.1354263647	-0.0491808826	-0.0673698486	-0.0962859396	0.0059139113	-0.0897563472	-0.100186078	-0.0027462043	0.115212001	0.0808814663	-0.0455246389	0.0524715421	-0.0539996374	-0.0775156485	0.0245206588	-0.0559875785	-0.0460934027	0.0430729852	0.040341252	0.0699781882	0.0787020395	0.0164775188	0.0334154574	-0.0292050662	0.0175548441	-0.0376696013	-0.0201493304	-0.0171431729	0.0281951161	0.046483122	0.1362993184	-0.0908851619	-0.0752403624	0.0992467484	0.0894123968	0.0737372065	0.0532451548	0.0237559	-0.008138	0.00056434278481	6.622704400000004e-05	-0.0139299	0.0110185999999999	0.00019404211401	0.0001214095459599	-0.0706623	-0.0817311	0.0049931606412899	0.00667997270721	0.000383226	0.0008476099999999	7.184427120999999e-07	1.46862167076e-07	0.000245305	0.0002727644	7.440041790736e-08	6.017454302500001e-08	0.000212966	0.000125148	1.5662021904e-08	4.5354517156e-08	0.0	0.0
57752.91392061326	24.545508975068515	602.482010845169	3335399066.321765	98538.47234845554	223.4075698097004	9709830532.767338	49910.942248276144	54494.44645663831	149.0035248705608	22202.05042385183	2969644694.61542	66163.06831430289	60282.4917046596	1.063702	18.943245	0.1026682299999999	0.0515019	0.0220942984	0.0235305333	-0.0887118821	0.0933918069	-0.0331010577	0.072872641	0.0021801594	0.082107841	0.0140036625	-0.117481399	-0.032035817	0.0562570141	-0.0029371113	-0.0891742027	0.056195962	-0.0753416137	0.0827380754	0.0328506246	-0.0107065316	0.0576894048	-0.0046979287	-0.0336684683	-0.0508275164	0.0363271146	-0.0683760662	0.0385643482	-0.028381126	-0.1053199504	0.013520391	0.0514426972	0.1488116699	-0.0526323474	0.0893483982	0.0242647099	-0.0440683905	-0.0984185905	0.0160410519	-0.0275603816	-0.0690160587	0.0023482323	-0.0508754058	-0.0219023059	0.067870847	-0.0472313619	0.0250465032	-0.0635378238	0.0834377441	0.045489628	0.016324476	0.104297274	0.0481343267	-0.0053536598	-0.041960407	-0.0142184554	-0.0976397954	-0.0376268575	0.0052740638	-0.057831746	-0.0668473463	-0.0208369119	0.0596165427	0.0219916506	0.0035116721	-0.0096597754	0.0167571243	-0.0256893433	-0.0221553559	-0.0153906038	0.0725159531	0.1285635947	-0.1552738714	-0.1467428186	-0.0756751162	0.0988031726	0.0876998819	0.0701092912	0.0473326046	0.0080953399999999	-0.0156605600000001	6.553452971559838e-05	0.0002452531395136	0.00217307	0.01610297	4.7222332249e-06	0.0002593056428209	-0.0393883	0.0312739999999999	0.00155143817689	0.0009780630759999	-0.000162689	-0.000545915	2.98023187225e-07	2.6467710721e-08	0.000123754	-0.000121551	1.4774645601000005e-08	1.5315052516000003e-08	8.7818e-05	-0.000125148	1.5662021904e-08	7.712001124e-09	0.0	0.0
57518.25456371296	-234.65935690030165	55065.01378086315	3308349608.0560865	99315.56968804792	777.0973395923793	9863582382.461504	603880.2752015537	54411.96412144046	-82.48233519784844	6803.335619690228	2960661839.552924	66329.23585828234	59406.39062304688	1.07752	19.189327	0.0738015199999999	0.0357152	-0.0146976651	-0.0904362386	-0.0874926514	0.0785101138	-0.1146450592	0.0637347466	0.0034084883	0.048276144	-0.0785321111	-0.0763043851	-0.0538057662	0.0463791924	-0.0644035039	0.0548527061	-0.0792380079	0.0256498461	-0.0743607577	0.0409005121	-0.1816893381	-0.068932696	0.0395403514	0.0514485956	0.0083021501	-0.1345065773	0.0257818597	-0.0558334582	0.0608892737	-0.0367426662	-0.067416519	-0.0244721531	-0.0026981851	0.1356315824	0.002559074	-0.0745495845	-0.1489813762	-0.0456113621	-0.115479733	-0.0120605349	0.0134820346	-0.0797673767	-0.0450091132	0.0407250725	-0.0427838999	0.1824744557	-0.0640615692	-0.1013452184	0.121127719	0.0035568339	-0.0065347096	-0.0500369728	0.0047809476	-0.0615726859	0.0312522236	-0.0070752165	0.0985171995	-0.0365350015	-0.1552866331	0.0484139537	0.0274811438	0.0473414094	0.0448677809	-0.094551298	0.084911355	0.1399194866	-0.0968129463	0.0986350684	-0.0735617973	-0.0429492228	0.0184104259	-0.1146400978	0.0336186491	-0.0651337128	0.0206979931	0.0983325849	0.0858914684	0.0663089027	0.041213081	-0.010029	-0.0181243399999999	0.0001005808409999	0.0003284917004355	0.0188752	0.01670213	0.00035627317504	0.0002789611465369	-0.0196993	0.019689	0.0003880624204899	0.000387656721	-0.00013544	2.7249e-05	7.425080009999998e-10	1.83439936e-08	0.000279132	0.000155378	2.4142322884000005e-08	7.791467342400002e-08	-0.000115276	-0.000203094	4.1247172836000006e-08	1.3288556176e-08	0.0	0.0
57378.01853392048	-140.23602979247516	19666.144051955984	3292237010.8789225	98623.55521365124	-692.0144743966812	9726605642.980116	478884.0327745149	54321.92667691384	-90.03744452662067	8106.741416884295	2950871717.8920035	66048.46816952579	58785.312041294645	1.038792	18.499641	0.06723351	0.0312772	-0.0686010423	-0.0728112713	0.0409989798	0.0519291704	-0.0254411765	-0.0215218305	-0.0708194787	-0.0811154945	-0.0326512449	0.0339683432	-0.0224148862	0.0395983165	-0.0609776953	0.0170357211	-0.0299813631	0.0837109611	0.0180471673	0.0174350134	-0.0383351866	-0.120745237	0.0043481782	0.003358496	-0.0900822732	0.0132761641	-0.0358547423	0.1118258801	0.1151879336	-0.0323376839	-0.0195369006	-0.0248256009	0.000964223	0.0224164563	-0.0541881365	-0.0024532253	0.0279510924	0.0668483765	-0.0108763232	0.0019317672	0.0676409427	0.0389279958	-0.0413666487	0.0583974996	0.0614173282	0.0174777025	-0.0741576128	-0.0195688391	0.0289261418	-0.0894644353	0.0009962304	-0.039062764	-0.0292556034	0.0210912821	0.0305299549	0.0130106144	-0.041099859	-0.1120676141	0.0258488581	-0.0552722355	0.0350044634	-0.0514487323	-0.072665463	-0.0499826882	-0.0220218446	0.1232176276	0.0269872924	0.0656460193	-0.0515980975	0.0349298934	0.133810305	-0.0456108613	-0.0241041473	0.0190757683	-0.0113825636	0.0978351141	0.0839891338	0.0623453902	0.034913343	0.00338801	0.01341701	1.14786117601e-05	0.0001800161573401	0.00996271	-0.00891249	9.92555905441e-05	7.943247800010004e-05	-0.0113854	0.0083138999999999	0.00012962733316	6.912093320999999e-05	-0.000351114	-0.000215674	4.651527427600001e-08	1.23281040996e-07	-3.39022e-05	-0.0003130342	9.799041036964001e-08	1.14935916484e-09	8.7818e-05	0.000203094	4.1247172836000006e-08	7.712001124e-09	0.0	0.0
57257.08214607046	-120.93638785002258	14625.60990621109	3278373455.8818607	98651.01391601562	27.458702364383495	9732022546.65791	753.9803355357999	54190.28170072116	-131.64497619267786	17330.39975677072	2936586630.803515	65998.19838696459	57991.748280691965	1.048447	18.671589	0.062723485	0.0486929	-0.1207944965	0.0215836518	0.0566236259	0.0840089958	0.0070896366	-0.0077623078	-0.0704522691	0.0111993838	0.0015978492	0.0935317109	-0.0622802127	-0.0369319087	0.1390677545	0.0239596373	-0.0401853602	-0.0551441745	0.0050704552	-0.0788793784	-0.1683763512	0.101992357	0.0327151592	-0.0693449634	0.0352725377	-0.1069438972	-0.104540422	-0.025123911	-0.0249298077	-0.0525868916	-0.006769785	-0.0664107508	-0.0802885444	0.0366191641	-0.0877960922	-0.0133284481	-0.0436211627	0.0440049702	0.119559406	0.0359347323	0.0029130632	-0.0136590026	-0.0271255003	-0.0718221625	0.0083187657	-0.0455603471	-0.0050208997	-0.0148725232	-0.0315838604	-0.0336765534	-0.0669634339	0.0607505524	-0.1336720685	-0.0556336966	-0.0617603857	-0.0158890303	0.1596570145	-0.0154938713	0.023566944	0.1398485465	0.0221393349	-0.0554178476	0.0189961993	-0.0122537971	0.0157236693	-0.0198626628	0.074438453	0.0774299365	-0.1277964509	-0.1287778711	-0.0196392376	0.0239745028	-0.0581123091	-0.0020961594	0.0452904306	0.0973108962	0.0819949584	0.0582285042	0.0284609379	0.00339725	9.240000000000205e-06	1.15413075625e-05	8.537760000000375e-11	0.00870266	-0.00126005	7.573629107559999e-05	1.587726002500001e-06	0.0350843	0.0464697	0.00123090810649	0.00215943301809	-0.000389222	-3.810799999999997e-05	1.4522196639999974e-09	1.51493765284e-07	-0.000295484	-0.0002615818	6.842503809123999e-08	8.7310794256e-08	8.78181e-05	9.9999999993443e-11	9.999999998688602e-21	7.71201868761e-09	0.0	0.0
57276.39934385115	19.317197780692368	373.1541300983861	3280585921.796313	97906.03765002966	-744.9762659859698	9585592208.329023	554989.6368823984	54237.36399200259	47.08229128142557	2216.742152309002	2941691652.800979	66087.35476262019	58009.25842075893	1.076442	19.170137	0.068997365	0.0389113	-0.1408886297	0.0313500225	-0.0828686739	0.0688373191	0.0241466538	0.0636394444	-0.1201764299	0.0471218429	0.0200701295	0.0708922382	-0.1319441745	0.0312082475	-0.0692523616	-0.0599490752	-0.0534275759	-0.0671445102	-0.0353682728	0.0418031937	-0.1250668961	0.0424085568	-0.0524423907	0.0971180655	-0.0438495883	0.0321439825	-0.0401903265	-0.0164218159	0.139753114	-0.04548724	-0.0538281142	0.0668142967	-0.0379377816	0.02347216	-0.0797456597	0.1190541776	0.0969630382	-0.1550466045	0.0413987279	-0.0547087567	-0.0209437414	-0.0398307478	0.0031010088	-0.0141295271	-0.0850711182	-0.0961903199	-0.0486337042	-0.1186677471	-0.0208405048	-0.072710491	-0.0989754513	0.0377663045	0.047180001	0.0348405903	-0.0229785889	-0.0913208227	-0.0008759732	0.0260165072	-0.000112494	-0.1277205655	-0.0853100441	-0.0866393491	0.0711703662	-0.0907177527	-0.0439895192	0.1321138196	0.021644581	0.0183300347	-0.1102842431	0.0205448168	0.1695506274	0.142370652	0.0143284502	0.0031836581	0.0763330396	0.0967600744	0.0799111227	0.0539683725	0.0218840804	0.00407555	0.0006782999999999	1.6610107802499998e-05	4.600908899999997e-07	0.0071746	-0.0015280599999999	5.147488516e-05	2.3349673635999983e-06	0.00170958	-0.03337472	2.9226637764e-06	0.0011138719350783	-0.000671094	-0.000281872	7.9451824384e-08	4.50367156836e-07	9.09696e-05	0.0003864536	1.4934638495296e-07	8.27546812416e-09	8.7818e-05	-9.9999999993443e-11	9.999999998688602e-21	7.712001124e-09	0.0	0.0
57271.54804836792	-4.851295483233116	23.535067865638037	3280030215.8565154	98256.5714679378	350.53381790814456	9654353836.633968	122873.95749726024	54266.86975314349	29.505761140899267	870.5899405038012	2944893152.80464	66026.56591728584	57893.49542801339	0.988712	17.607765	0.07572671	0.0477445	-0.1362553251	0.043291799	-0.0547937781	0.0119525164	0.0133474379	-0.0239468159	-0.1439605893	0.0597993862	0.0183656632	0.0600111809	-0.0877398596	-0.0334635458	-0.0872498034	-0.1029664908	-0.0072639695	-0.0822520101	0.0481328101	-0.0654212483	0.0009845876	-0.0400138451	0.0268339789	-0.008022884	-0.0707456326	0.0189833793	-0.1890292585	-0.0741987482	-0.0344923354	0.0968820676	0.1369033495	-0.0223648495	-0.0675744173	-0.0230018085	0.0219217128	0.0424577655	0.0577981527	-0.0495809725	-0.0295580562	0.0931207921	0.017750719	0.1220741795	0.0462619696	0.062948351	-0.065483557	-0.056197553	0.0285126326	-0.0282434297	-0.0152495672	-0.0486343458	-0.1282801179	0.0633842416	0.0555913422	0.0630092517	-0.0278933281	-0.0427066757	0.0403347617	-0.0258906483	0.0055579412	0.0097856122	0.0143066595	-0.0214537457	-0.0904693024	-0.0061628866	-0.0675050672	-0.0385939326	-0.0456499453	0.0997949518	-0.0745558377	-0.0136431125	0.0164340291	0.2182926937	-0.0507314663	0.1643976226	0.0259450781	0.0961827994	0.0777399053	0.0495754752	0.0152115293	0.00124518	-0.0028303699999999	1.5504732324e-06	8.010994336899998e-06	-0.00143935	-0.00861395	2.0717284225e-06	7.42001346025e-05	0.0475332	0.0458236199999999	0.00225940510224	0.0020998041499043	-0.000556113	0.000114981	1.3220630361e-08	3.09261668769e-07	0.000345164	0.0002541944	6.461479299136003e-08	1.1913818689600003e-07	8.7818e-05	0.0	0.0	7.712001124e-09	0.0	0.0
57247.700190131785	-23.847858236134925	568.7203424507884	3277299177.059215	98263.03358665944	6.462118721639854	9655623769.652962	41.7589783725683	54285.747203217456	18.87745007396734	356.3581212951295	2946942349.411632	66058.6740739729	57582.60406808036	1.103895	19.65904	0.1133744299999999	0.0552835	-0.1337860434	-0.0355942036	-0.105713752	-0.0617894619	0.0415697386	-0.027461049	-0.0291476794	0.0878242781	-0.1236882164	0.0439189753	-0.055450652	-0.0051237437	-0.0500952921	0.0323578911	-0.0870090546	0.0217186043	-0.0155094398	-0.0371819275	-0.1005528021	-0.1375966023	0.037698147	-0.0617168834	0.0571702407	-0.0473254382	0.0344008145	-0.1161730798	0.0701318725	-0.0572827514	-0.0185420701	-0.0488415175	0.0773934709	0.0166050132	-0.1379058019	0.1239161982	0.0622731465	-0.0663094586	-0.0302087183	0.0420858663	0.0133313583	-0.0553977354	0.0696408197	-0.1323935014	-0.0735231848	-0.091889592	0.0222420107	-0.0646846513	-0.0383598011	0.047389368	-0.1073220886	-0.1156353988	0.0112495968	-0.0332352798	0.0493097509	0.0490219635	0.0375001498	0.0085411038	-0.1848984266	-0.0895252045	0.0755481572	-0.0276945136	0.0029734553	-0.1407505595	0.0253573816	0.1058994088	-0.0116796386	0.039317825	0.0258045255	-0.0475054832	0.0299098776	0.092967018	-0.1240137993	0.1222653709	0.0863473417	0.0955792289	0.0754836805	0.0450606192	0.0084724621	-0.0216232	-0.0228683799999999	0.0004675627782399	0.0005229628038243	-0.0125016	-0.01106225	0.00015629000256	0.0001223733750625	0.036116	-0.0114171999999999	0.001304365456	0.0001303524558399	0.000106211	0.000662324	4.386730809760001e-07	1.1280776521e-08	0.000569287	0.000224123	5.0231119129e-08	3.24087688369e-07	-0.000386267	-0.0004740849999999	2.2475658722500002e-07	1.4920219528899997e-07	0.0	0.0
57496.15847525928	248.4582851274972	61731.51944849671	3305808239.41213	97834.80147580188	-428.2321108575561	9571648379.809566	183382.74076951825	54385.95640139608	100.2091981786216	10041.883399602257	2957832253.694555	65985.01454873252	58024.16010323661	1.196564	21.309361	0.08071573	0.0409975	-0.0978089012	0.0219267142	0.0916502187	-0.0957258387	0.1473851869	-0.1060967219	1.44449e-05	-0.0474087948	-0.0343029779	0.0087210113	0.0051028854	-0.0814275876	0.0411893421	-0.0238366663	0.0247738289	0.0226987254	-0.0438460457	-0.1568132661	0.1080624818	-0.1098625164	0.0176569613	-0.1024276041	0.0221682413	0.1779417993	-0.0292438145	0.0678000507	0.1170328726	0.0517008034	-0.0339606555	-0.064366482	0.0500785049	0.0197484318	-0.0481406248	-0.0657983324	0.0225059491	0.0205042184	-0.1350298379	0.0811620904	-0.1281766026	0.0430529518	0.0321152767	0.0458643604	-0.0428266022	0.057045686	-0.2005465957	0.014176728	-0.1094174204	0.064273088	0.0013501408	-0.0418326275	-0.0626188363	0.1256163867	-0.0133263015	-0.0762391176	-0.0422599932	-0.0425077925	0.0483400545	0.0527172115	0.1201786342	0.031987226	-0.2619866439	-0.0778594478	-0.0293091816	0.0033535412	-0.0548312074	-0.0535505191	0.1624581645	0.0367173645	0.0826140444	0.0226035169	-0.0970998534	-0.0206425092	0.0418069193	0.0949495281	0.0731449155	0.0404349114	0.0016963469	-0.0100347	0.0115884999999999	0.00010069520409	0.0001342933322499	-0.0183599	-0.0058582999999999	0.0003370859280099	3.4319678889999984e-05	0.024413	-0.011703	0.000595994569	0.000136960209	-0.000475798	-0.000582009	3.38734476081e-07	2.26383736804e-07	0.000534669	-3.461800000000004e-05	1.1984059240000027e-09	2.85870939561e-07	2.84246e-05	0.0004146916	1.7196912311056e-07	8.0795788516e-10	0.0	0.0
57662.44492161683	166.28644635754608	27651.18224222105	3324957554.3384943	98589.00140118992	754.1999253880349	9719791197.283829	568817.5274553174	54455.62632904956	69.6699276534855	4853.898819241904	2965415238.889076	65998.18032124126	58996.18638532366	1.109425	19.757534	0.08163328	0.0439319	-0.0314867082	0.0818402661	0.0720879279	-0.0268512455	0.0442383037	-0.0549138404	0.0546895844	0.0200790875	0.114423809	-0.0664490191	-0.0206127163	-0.0704447454	0.1584641239	-0.0145486848	0.0150573244	-0.0151467148	0.0168959177	0.0100942477	0.0515216558	0.0107562474	0.0480761984	0.0073191481	0.0871182524	0.0375980599	-0.0376789984	0.0242416628	0.1521466101	-0.0543362638	0.0587381083	0.0569901624	-0.035497724	0.0382745757	0.0452794529	-0.0384345444	-0.0519237598	-0.1796149367	-0.0684979571	0.0402081649	-0.0351299463	0.0107611248	0.0396901764	-0.0156150041	-0.1222388467	0.0617247676	-0.1611458581	0.0684945875	-0.0044906706	0.1093419622	-0.0029711235	0.0845202765	-0.1021107658	0.05161683	-0.0603646612	-0.0002018946	0.0805289566	0.0533726375	0.0046255062	-0.019152643	0.1224062418	-0.0948660705	-0.0751191856	0.031463062	0.0049381448	-0.0792805852	0.1052779338	0.0010299466	-0.0187608336	0.1256720569	0.1206376862	-0.0213373049	-0.1436648183	-0.135254097	0.0012953674	0.094293869	0.0707261675	0.0357097311	-0.0050871859	-0.0181929	-0.0081582	0.00033098161041	6.655622724000001e-05	-0.0129128	0.0054470999999999	0.00016674040384	2.9670898409999975e-05	0.0562332	0.0318201999999999	0.0031621727822399	0.0010125251280399	-0.000707444	-0.000231646	5.3659869316000014e-08	5.00477013136e-07	0.000456851	-7.7818e-05	6.0556411240000014e-09	2.0871283620100003e-07	-0.000386267	-0.0004146916	1.7196912311056e-07	1.4920219528899997e-07	0.0	0.0
57620.11879332493	-42.32612829189748	1791.501136182164	3320078089.756877	98319.03839212046	-269.96300906945544	9666633310.351255	72880.02626583488	54358.08059818787	-97.54573086168966	9515.169609341196	2954800926.319089	66237.5577551355	59575.41872879464	1.093286	19.47011	0.117971365	0.067607	-0.018918923	0.0894243662	0.0001086193	0.0877586439	0.040818578	0.1168952097	0.0386588445	-0.0007353512	0.0732727413	-0.0247186837	-0.0354010968	0.0293006151	0.0833062573	0.0067530414	0.0858371894	-0.0708575245	-0.0608694924	-0.0362279167	-0.1327469944	0.2134462965	0.015963893	0.0093858276	-0.0321757809	-0.0757658154	0.0579751001	0.0515258202	0.1388594921	0.058313318	0.0574289055	0.0523181778	-0.0011351979	0.0133530178	0.0319679293	0.0001500235	-0.0273265733	-0.0116531989	0.1177847021	0.1086805965	0.0034612764	-0.0073149037	-0.1530817274	-0.0423268759	0.0686673152	-0.0507478304	-0.114884784	-0.0998339816	-0.0258700463	0.0299294902	0.0541014149	0.0705054104	-0.0363148642	0.0377402162	-0.0321916595	-0.0432100711	0.0679135086	0.0418929496	-0.0352560451	0.0318509833	-0.0833392371	-0.2520963339	0.0919164207	0.085199452	0.0920673918	-0.0043293544	0.1363854589	0.0692847559	0.0263539764	-0.0281551543	0.0938594293	-0.0145710355	0.0172152125	0.0234133052	-0.0086692756	0.0936124309	0.0682300815	0.0308967027	-0.0118484738	-0.00999708	0.00819582	9.99416085264e-05	6.717146547240002e-05	0.00777027	0.02068307	6.03770958729e-05	0.0004277893846249	0.0114727	-0.0447604999999999	0.00013162284529	0.0020035023602499	-5.10715e-05	0.0006563725	4.3082485875625006e-07	2.60829811225e-09	0.000226584	-0.0002302669999999	5.302289128899999e-08	5.1340309056e-08	-0.000386267	0.0	0.0	1.4920219528899997e-07	0.0	0.0
57673.73915729779	53.62036397285556	2875.143432581506	3326260188.384024	98367.83453228135	48.79614016089181	9676230870.570284	2381.0632946013984	54360.067515717456	1.9869175295825696	3.9478412693625033	2955016940.31336	65867.7744017701	59080.53923995536	1.072475	19.099493	0.092317045	0.0550282	-0.0279383637	0.0382490206	-0.0766342055	-0.008436837	-0.0336477509	0.0024669341	-0.0500258792	0.0727687784	0.0867290528	0.0039635654	-0.048561828	0.006521938	-0.0036149171	0.0031697797	0.0278344215	0.1042929602	0.0425870995	-0.0525180908	0.0465167588	-0.0221956188	0.0857855054	-0.0474973449	-0.0200488941	-0.0382698079	-0.0371885185	-0.1062664108	-0.0983156735	0.0423175763	0.0776136333	-0.0877231515	-0.0055474786	-0.0354389458	0.126810104	-0.0682259278	-0.0827476776	0.033477461	-0.0282836745	0.0499438247	0.1085267595	-0.0002953556	-0.0754619052	-0.0489837749	-0.0229396729	-0.0141492204	0.0157295047	0.0224344983	0.0332346646	0.000357176	-0.0872095823	0.0433299165	0.0922688243	0.0498649715	0.0392540968	0.1388117437	-0.0487103512	0.0504424674	-0.002111919	0.0667776938	0.0271632035	-0.0620051681	-0.0466982645	-0.0583292867	0.0983712075	-0.0455778478	0.0585983028	-0.0628915167	0.0237601203	-0.0066349229	-0.0235479852	0.0699000348	-0.103652041	-0.0161406708	0.0162702205	0.0929054001	0.0656593869	0.0260076665	-0.0185579513	-0.00281523	0.00718185	7.925519952900001e-06	5.15789694225e-05	-0.0276408	-0.03541107	0.00076401382464	0.0012539438785449	0.0433858	0.0319131	0.00188232764164	0.00101844595161	-0.000407292	-0.0003562205	1.2689304462025004e-07	1.65886773264e-07	0.000226584	0.0	0.0	5.1340309056e-08	-0.000386267	0.0	0.0	1.4920219528899997e-07	0.0	0.0
57672.36049255695	-1.3786647408342103	1.900716467619461	3326101164.783444	98786.6992348649	418.864702583538	9758811945.719656	175447.63907039576	54371.73883598373	11.671320266272232	136.21971675789695	2956285984.048421	66108.39530157343	59367.81169252232	1.079372	19.222309	0.07045787	0.0379244	0.019807381	-0.0615694782	-0.0654813243	-0.0732235405	0.0200292205	0.0280188239	0.0702087162	0.0250391657	-0.1042446974	0.0064859645	-0.0361522392	0.0205750033	0.0130620289	0.1242427088	-0.0430633439	0.1097331328	-0.0154693887	-0.0656850206	-0.1585321411	0.0448607705	0.0225059835	-0.1299201824	0.1607117789	0.0263026419	-0.0747338851	-0.0183889203	-0.0130841969	-0.0074794506	-0.0750549212	0.1212110633	-0.0554658278	0.0992988414	-0.0552973992	0.1393569987	0.079460733	-0.164964289	0.0815152855	0.0254338258	-0.0290823897	0.0380387232	0.1106142137	-0.0964012546	0.0365638269	0.0784929733	0.0066152476	-0.0510931837	-0.0423776003	0.0087982505	0.027921319	-0.1320845308	0.0246732595	-0.0297193204	0.0158595568	0.0412267781	0.0898169964	0.0445278723	-0.0989029383	0.0606662506	-0.0525408764	-0.0157233732	-0.0478448272	0.0074450387	-0.0924718378	0.0420063082	0.0868359461	-0.0498971951	-0.0957578687	-0.0201406726	0.0722606744	0.0072492421	-0.1987645629	-0.0055725234	-0.0154398298	0.0921729699	0.0630168947	0.0210546499	-0.0251862796	-0.016077	-0.01326177	0.000258469929	0.0001758745435329	-0.015592	0.0120488	0.000243110464	0.00014517358144	0.0153046	-0.0280812	0.00023423078116	0.00078855379344	-0.000194996	0.000212296	4.506959161600002e-08	3.802344001599999e-08	0.00035561	0.000129026	1.6647708676000006e-08	1.2645847210000002e-07	-0.000386267	0.0	0.0	1.4920219528899997e-07	0.0	0.0
57762.642236885615	90.28174432866216	8150.793359025924	3336522838.186442	98457.45304442554	-329.2461904393567	9693870059.995258	108403.05391882916	54388.72620423447	16.987368250738655	288.57068008620365	2958133538.1191807	65947.832774257	59431.92367522322	0.968165	17.241861	0.12058983	0.0589436	0.0277050981	-0.0663282508	-0.0062660957	-0.0599633184	0.0057272138	-0.0337935678	0.0356424893	-0.0194690638	0.004310931	-0.0019482355	0.0313884643	0.0051611971	-0.0587073634	0.091500118	0.0285844438	0.0416015859	-0.0233914599	0.0336887226	0.0623262738	-0.0577973309	0.1201228209	-0.0055869772	-0.1033916067	0.0077752872	-0.0750927977	0.0191374848	0.0006593342	0.0038096905	0.0619775218	-0.0463637728	-0.1317717579	0.1059106935	0.0553552084	0.0719493832	0.0070632754	0.0455104344	-0.0689446138	0.07602687	0.0757466999	0.0030769928	-0.0016289264	-0.0891198965	0.0818110219	0.1263159396	-0.0774085635	0.0277342115	0.0050847524	-0.0047601021	0.0286500561	-0.0820506613	0.0314316972	-0.0002665345	0.0365986016	0.0569255984	-0.0381928226	0.004425674	0.0594892148	0.0393357416	-0.0393631527	-0.0116077785	-0.1390230334	-0.0061853693	0.0809977971	0.0212466674	-0.0103489213	-0.0066959594	-0.0304112105	0.1144579096	0.0222497249	0.0497285848	-0.0592697657	0.0332081914	0.0129484417	0.0914153405	0.0603054945	0.0160498375	-0.0317044747	-0.0390723	-0.0229952999999999	0.0015266446272899	0.0005287838220899	-0.00794068	0.00765132	6.30543988624e-05	5.8542697742399993e-05	-0.00497151	-0.02027611	2.47159116801e-05	0.0004111206367321	0.000419441	0.000614437	3.7753282696900003e-07	1.75930752481e-07	0.0008974	0.00054179	2.935364041e-07	8.0532676e-07	-0.000623382	-0.000237115	5.6223523225000027e-08	3.8860511792400003e-07	0.0	0.0
57768.0214029288	5.379166043188889	28.935427320196403	3337144296.8092403	99537.56263214212	1080.109587716579	9907726374.747614	1166636.7214772785	54485.129137389056	96.40293315458985	9293.525520808318	2968629297.117962	66024.9763289445	59650.30918080357	1.014761	18.071678	0.14111948	0.0908939	0.0415792945	-0.0881352882	0.0402561167	-0.0445150206	-0.0873698671	-0.0884387182	0.0942951787	-0.0002330847	0.0280860171	-0.0482897984	0.0664347105	-0.1176521098	-0.0128753209	0.0633044705	-0.1743572002	0.0507773681	0.0526978162	-0.0184640174	0.1055693525	-0.0401045337	-0.0252225667	0.0165656903	-0.0655068409	-0.0613503488	0.02021354	0.0476445877	-0.0066372845	-0.0533620753	0.0828205722	0.0676397271	0.0479241443	-0.1070277245	0.0369964697	0.0664008033	-0.0209382619	0.034345201	-0.02001375	0.0352438804	0.0198854761	0.1027862972	-0.1378320987	0.1187031609	-0.1113134608	-0.0415775719	0.0484990113	0.1106291778	0.0804674547	0.0642762351	-0.009777101	-0.0660264919	-0.0492389042	-0.048594423	-0.0017160138	0.0026423811	0.1264749989	-0.0031629756	0.0853605053	-0.0106579619	-0.0340297256	-0.0382180839	-0.001004361	-0.0529132007	0.0408360746	-0.0269582234	-0.062756095	-0.0137756102	-0.0182808641	0.0007964451	-0.0206203699	0.0813386646	0.1337568684	-0.1140015946	-0.0407856338	0.0906327191	0.0575281511	0.0110055415	-0.0380840342	-0.0435088	-0.0044365	0.00189301567744	1.9682532250000027e-05	-0.0204441	-0.01250342	0.00041796122481	0.0001563355116963	0.0680835	0.07305501	0.00463536297225	0.0053370344861001	-0.000307523	-0.000726964	5.284766572959999e-07	9.457039552899998e-08	0.000989991	9.259099999999994e-05	8.573093280999989e-09	9.80082180081e-07	-0.000420446	0.000202936	4.1183020096000006e-08	1.76774838916e-07	0.0	0.0
57642.95035325359	-125.07104967521444	15642.76746685996	3322709725.427658	99023.43278800536	-514.1298441367544	9805640241.120617	264329.4966320834	54394.60074195636	-90.5283954326951	8195.390379618411	2958772589.87684	66067.21841947116	59465.04957924107	1.035972	18.449423	0.14300448	0.0793948	0.0029682799	-0.061595676	0.0468530368	-0.0044786193	-0.036478202	0.0146859546	0.0315861272	-0.0773460051	0.0103800644	0.0177556208	0.0700114552	-0.0273331922	0.0169354606	0.0759690533	0.037765415	-0.0193373851	0.0319811634	0.0575271604	0.0770275906	-0.0399359605	-0.0272266386	-0.1098455439	0.0178866265	0.0761061787	-0.0488537599	-0.0270342405	0.0239145015	0.0009655029	-0.096888674	-0.0749844246	-0.1044837149	-0.0194945589	-0.0125750812	-0.011183712	-0.0743555933	-0.0254327417	0.1330632172	0.0201801505	0.0697223586	0.0031254701	-0.0842416798	-0.057146783	0.0573997337	0.0024389592	-0.080900604	0.0321317174	-0.0016846583	-0.0395516794	0.0640335335	-0.0709365885	-0.0333774612	-0.0072196951	0.0258467567	0.018156828	-0.0001076489	0.0223963919	0.1091366904	-0.0339347833	-0.1253821496	0.0145011213	-0.0354000826	-0.0359312767	0.0005371581	-0.0340241139	-0.0357063029	0.0148102274	0.0384986173	-0.0162563754	-0.0350078443	0.0506720494	0.0163608247	-0.0805105532	0.0651887891	0.0898253196	0.0546879015	0.0059341712	-0.0442970619	-0.0530389	-0.0095301	0.00281312491321	9.082280601e-05	0.00751688	0.02796098	5.65034849344e-05	0.0007818164025604	0.00424125	-0.06384225	1.7988201562500002e-05	0.0040758328850625	0.000119525	0.0004270479999999	1.82369994304e-07	1.4286225625000001e-08	0.000756158	-0.0002338329999999	5.4677871888999966e-08	5.717749209640001e-07	-0.000247904	0.0001725419999999	2.9770741763999994e-08	6.1456393216e-08	0.0	0.0
57593.22486874255	-49.72548451103648	2472.623809857329	3316979550.7815456	99026.99035684818	3.557568842821638	9806344819.135303	12.656296071415287	54312.7485611594	-81.85218079695915	6699.779501218088	2949874656.2677226	65867.38406905594	58922.73918973214	1.000618	17.819799	0.169731465	0.0880328999999999	-0.0082957681	-0.097196683	0.0748369587	-0.0183951873	-0.061982266	-0.0560505641	0.000993078	-0.0934646661	-0.030769415	0.0712375861	0.0755082629	-0.0599128737	0.0025972398	-0.0333269375	-0.0038288459	0.0483036608	0.0986513422	0.0237645109	0.0247484694	0.033557774	-0.0217240192	0.0199116304	-0.0706871855	0.0153022133	-0.0681520913	0.0868464976	0.0049913986	0.0426208917	0.0258040938	0.019546594	0.0288645633	0.1306640812	0.1386759013	0.0167852661	-0.0553773905	-0.0519102622	0.1241678672	-0.0586926545	0.0431957736	-0.0300450971	0.0188440475	-0.1097382359	0.0875391478	0.0913401719	0.0574211417	0.079719398	0.0161644475	-0.0846604064	0.0168616861	-0.0326963461	-0.0077008339	-0.0067910775	0.0218575308	0.0277658653	-0.0080069159	-0.0020657934	0.0093655623	0.0057178742	-0.1194416131	0.0240953717	-0.0001079478	0.0486395822	-0.0467275981	0.0095291399	-0.0867898887	0.002012066	-0.0563876939	0.0807129321	-0.0304380319	0.0868047448	-0.0704132889	-0.1572879209	-0.1699998747	0.0889933628	0.0517878515	0.0008482025	-0.0503163898	-0.0223899	0.030649	0.00050130762201	0.000939361201	-0.00620038	-0.01371726	3.84447121444e-05	0.0001881632219076	0.0408437	0.0366024499999999	0.0016682078296899	0.0013397393460024	-0.000840424	-0.000959949	9.21502082601e-07	7.06312499776e-07	-5.91481e-05	-0.0008153061	6.647240366972101e-07	3.4984977336099997e-09	-0.000247904	0.0	0.0	6.1456393216e-08	0.0	0.0
57517.034445622296	-76.19042312025704	5804.980575243798	3308209251.418901	98574.10888833024	-452.8814685179386	9716854943.128387	205101.62452696465	54301.49267867049	-11.255882488912905	126.69489060421613	2948652107.131705	66055.64733937937	58331.533749441965	1.265249	22.532557	0.103436215	0.0483598	-0.0870249963	0.05800743	0.0926867682	-0.017213205	0.0967506767	-0.0102450469	-0.0221569655	-0.0625963004	-0.0090124557	0.0658364186	0.0452634358	-0.0427910956	0.1255277296	0.0751030378	0.0033250117	0.0200482038	0.0160661525	-0.1351019195	0.0192399915	-0.1002612161	-0.0920323249	-0.0486916862	-0.1056133584	-0.1431843934	0.0033768692	-0.1196822734	0.0631903667	-0.0168411083	-0.0141953259	-0.1247583303	0.0324766344	0.0393646577	0.047075571	-0.0201726477	0.1173515903	-0.0288174507	-0.1202838867	0.0295150729	-0.0826785772	-0.0414850731	0.0834154426	0.0223853623	0.0743597595	-0.0121260432	-0.1268722349	-0.0002037882	-0.1157863771	0.0284315726	-0.0109579389	-0.0086493147	-0.1152278458	0.0146247131	-0.0144547962	0.0799180832	0.0538338258	0.0221498007	0.0471566014	0.0742852076	0.1492181218	0.0359075199	-0.0540860728	-0.0302969194	0.001279786	0.0951794814	-0.070900669	0.171406497	0.0555084468	-0.0417631539	-0.1274424672	0.032734309	0.0538561661	-0.0078476838	-0.0206300385	0.088137076	0.0488311722	-0.0042398529	-0.056115697	-0.0224181	-2.819999999999906e-05	0.00050257120761	7.952399999999468e-10	-0.023866	-0.01766562	0.0005695859559999	0.0003120741299844	0.0623783	0.0215346	0.00389105231089	0.00046373899716	-3.47752e-05	0.0008056488	6.4906998894144e-07	1.2093145350399996e-09	0.000242049	0.0003011971	9.071969304841e-08	5.8587718401000006e-08	-7.0594e-05	0.00017731	3.143883610000001e-08	4.983512835999999e-09	0.0	0.0
57897.661888861214	380.6274432389182	144877.2505465959	3352139252.1968923	98419.49069687242	-154.6181914578192	9686396149.031755	23906.785129686832	54493.01378744453	191.52110877403905	36680.33510603729	2969488551.6386194	65942.35007648601	59144.28224497768	1.325186	23.599962	0.11855816	0.0519524	-0.0194030204	0.0813156196	-0.0485495002	-0.1052196011	0.0313448497	-0.0651476316	0.0174587595	0.0673594444	0.1452349138	-0.0323011206	0.1232799524	-0.023307995	-0.0869336634	-0.0527071207	-0.0547173831	0.0295942257	0.049999439	-0.1024821049	0.1382992644	0.0191692868	0.0174460072	-0.0302385759	0.0009406502	0.0195160065	0.0809984221	-0.1684914873	0.172392722	0.0462928902	0.0715575888	0.0540886298	-0.1098373365	-0.0748684951	0.0589441328	-0.0292654004	-0.0422454368	0.073159693	0.0707566712	-0.0422611838	0.0032461421	0.0285733709	-0.0894009284	-0.1142322641	-0.018455088	0.0922068053	-0.0064082326	0.0793448262	-0.0217120772	0.0514278501	-0.0109734972	0.0789190933	0.1249751271	0.1026407046	0.0990561791	0.0503981528	0.0601786568	0.0120766716	-0.0181337666	-0.0036282626	0.0561104772	0.0036321777	-0.0781182522	0.0775580557	0.0359989644	-0.0473676474	-0.1173886973	-0.0487577694	0.1633918542	0.0787890937	-0.097289041	0.0724142097	0.1457557266	-0.1290169045	0.110649705	0.0872566935	0.0458210968	-0.009317478	-0.0616696245	-0.0113933	0.0110248	0.00012980728489	0.0001215462150399	-0.0464814	-0.0226154	0.00216052054596	0.00051145631716	0.0827924	0.0204141	0.00685458149776	0.00041673547881	0.000653094	0.0006878692	4.7316403630864e-07	4.26531772836e-07	0.000242049	0.0	0.0	5.8587718401000006e-08	-0.000672802	-0.000602208	3.62654475264e-07	4.52662531204e-07	0.0	0.0
58110.0659888025	212.4040999412828	45115.50167186644	3376779769.2229805	99629.88807562397	1210.3973787515424	9926114597.96136	1465061.814488605	54643.0718264608	150.05803901627223	22517.41507340908	2985865298.631754	66238.92795017482	60511.94028459821	1.378281	24.545523	0.05661335	0.027876	0.1076287303	-0.0309481419	-0.0268972026	-0.1352105591	0.0280125145	-0.0715965016	0.2404581189	0.0432539733	-0.0776355263	-0.1694872025	0.0867887864	-0.0285550576	-0.0093649175	0.1124161475	-0.0458503167	0.0464539394	0.0364556106	0.1049023307	0.1128542232	0.1048260183	0.0008838327	0.0501043308	-0.0579879107	0.0122606787	0.0308408809	-0.0129907596	0.0321253315	0.0292918024	-0.0497347341	0.0427693512	0.0299024995	0.0675024938	0.0632114123	0.2047075328	-0.0199401015	-0.0040670841	0.0644047089	0.0383155718	-0.024921384	0.0552524919	-0.006950581	-0.1118568755	-0.0466235297	-0.0083998316	0.049837196	0.0386524882	0.0189233801	0.2007481188	0.0708003803	-0.0983215145	-0.0056847411	0.0637805659	0.0984676602	0.0563076111	0.0418620962	0.0757110597	-0.0080765463	-0.0648987709	0.0291013224	0.0127175617	0.0723792332	0.2118259826	0.0356496328	0.0373466467	-0.1801486104	-0.0025576	0.0086851965	0.0295267739	0.0923629586	-0.0311444484	-0.0447181086	0.0528761497	-0.0259015327	0.0863524559	0.0427609166	-0.0143721814	-0.0669538864	-0.0224277	-0.0110343999999999	0.0005030017272899	0.0001217579833599	-0.0465017	-2.0300000000000876e-05	0.00216240810289	4.1209000000003533e-10	0.090306	0.0075135999999999	0.0081551736359999	5.645418495999993e-05	0.000290458	-0.000362636	1.31504868496e-07	8.4365849764e-08	0.00036842	0.000126371	1.5969629640999996e-08	1.357332964e-07	-0.000400908	0.000271894	7.3926347236e-08	1.6072722446400004e-07	0.0	0.0
58044.32640601585	-65.73958278664941	4321.692744962731	3369143827.9281087	99170.8188686056	-459.06920701837225	9834851315.06978	210744.5368324771	54562.05013406065	-81.02169240015064	6564.514639384628	2977017314.8317475	66199.86688428759	61454.40354268973	1.241882	22.116423	0.15045987	0.0856661999999999	0.1344156691	0.0187334566	0.0885668458	0.0462308084	-0.0337859057	0.0504893874	0.1217375608	-0.0763566755	0.1085613987	-0.099613991	0.0802202963	-0.0336099556	0.0142325815	0.0521521025	0.1003100946	0.0962884937	-0.0002573995	0.0736245563	-0.0582085066	-0.0996272062	-0.092903805	-0.0207414387	-0.0546813371	0.1226856235	0.0884286255	-0.0566808879	0.1021405946	0.0947958317	-0.0785812898	-0.0101402701	-0.0873503647	-0.1097947892	-0.0494006837	0.0415024383	-0.0777941241	-0.0525840621	-0.0468366095	0.0602414851	0.116421483	0.0240600504	-0.0345951792	-0.0133349548	0.0257689397	-0.0677832801	0.1052480447	0.0075385174	0.0431443083	0.0294889917	0.1628319756	0.0333017016	-0.0053986345	0.0623507167	0.0187480757	0.0488222115	-0.0246868391	0.0932137139	-0.0134256804	-0.0996020026	0.0332851179	-0.029579142	0.0215726675	-0.1701699474	-0.1199663028	0.0389787389	0.0135691014	0.0203364718	0.147926258	-0.0424292874	0.0471233274	0.0009560356	0.0450591527	0.1342695843	0.1325435005	0.0854246103	0.0396539781	-0.0193915285	-0.071945376	-0.0391802	-0.0167525	0.0015350880720399	0.00028064625625	0.00660207	0.05310377	4.35873282849e-05	0.0028200103882129	0.0244074	-0.0658986	0.00059572117476	0.00434262548196	0.000187739	-0.000102719	1.0551192961e-08	3.5245932121e-08	0.000242049	-0.000126371	1.5969629640999996e-08	5.8587718401000006e-08	-0.000465918	-6.501e-05	4.2263001000000015e-09	2.17079582724e-07	0.0	0.0
57724.74717214107	-319.57923387477786	102130.88672398996	3332146436.0876083	99603.65159763048	432.8327290248853	9920887411.582155	187344.17131512985	54435.07395294009	-126.9761811205608	16122.95057196146	2963177276.2620564	66140.87469678759	60485.19418359375	1.214622	21.630949	0.10208828	0.0547205	0.0684738004	-0.0206267411	0.0983231075	0.1464194328	-0.1278257006	0.0681130077	0.0394472451	-0.0911956937	-0.0061739471	-0.0184936259	0.0190485202	0.0350276876	0.1131959684	0.048451408	0.0017823291	0.0627529516	-0.0666905252	-0.0487022775	0.0651617646	-0.1463498221	-0.0843690514	0.0243099474	-0.0691389504	0.0588324118	0.0025747294	0.1930303132	0.1369723176	-0.0736103315	-0.0566786886	0.0102888033	-0.0922072181	-0.0416841067	-0.0317444526	-0.0471932414	-0.0405932394	-0.01471479	0.0455835343	-0.0332320025	0.0434462385	0.0016037396	-0.0630996887	-0.0604554205	0.0346332926	0.1155543892	0.0810775841	-0.0070527377	0.0880185952	-0.0474711941	0.0487324357	0.0401249705	-0.1620708941	-0.0543431686	0.0768777501	0.0392886497	-0.0148553372	0.0077553396	0.0686062325	-0.0033002222	0.1120201707	-0.0677154501	-0.0832188352	-0.056502526	-0.0843748542	0.0860475119	-0.0842652472	-0.0620359094	-0.0028834247	0.0762824112	0.007744876	-0.0738374495	-0.0106530754	-0.1110578366	0.0212874277	0.0844734105	0.0365036785	-0.0243631711	-0.0766222668	-0.0391015	7.870000000000099e-05	0.0015289273022499	6.193690000000156e-09	-0.00479586	-0.01139793	2.30002731396e-05	0.0001299128082849	0.0694276	0.0450202	0.00482019164176	0.00202681840804	0.000290458	0.000102719	1.0551192961e-08	8.4365849764e-08	-0.000272194	-0.000514243	2.6444586304900005e-07	7.4089573636e-08	-0.000171051	0.000294867	8.6946547689e-08	2.9258444601e-08	0.0	0.0
57511.56904328516	-213.17812885590683	45444.91462250562	3307580573.820556	99085.10639213336	-518.5452054971247	9817858308.740389	268889.1301440553	54242.67916743713	-192.3947855029619	37015.75348873072	2942268243.261517	65966.12216728584	59368.931805245535	1.029168	18.328251	0.07271586	0.0480602	-0.0269825198	0.0122082059	0.0705857085	0.1078433033	-0.0609160021	0.0472451372	-0.0920732088	-0.0670509957	-0.0139860838	0.0950555719	0.0079744312	0.0255515776	0.1371926522	0.0074356617	0.0155781841	-0.0140021316	0.1008618256	0.0561609089	-0.0707436753	-0.0253895067	0.0087059945	0.0142907802	0.0446976594	0.080136626	0.0414707596	0.0196423647	-0.1219961075	-0.0688445439	-0.0391593314	0.1459541047	0.0391620211	0.065969833	-0.0940585498	-0.0521715746	-0.0843880476	-0.0815203478	-0.1106327671	-0.0052153438	0.0570795558	0.0223238035	-0.0807750235	-0.0452673032	-0.0484591664	0.1217179674	0.0349766582	-0.0172881164	0.0084584549	-0.1387644376	6.83203e-05	0.0642992363	-0.0873735324	-0.0461086329	0.0547003803	-0.0020399655	0.0066385034	0.0677481263	0.026766162	0.0459703036	-0.0552412426	0.1434157013	0.0722311808	-0.0608455225	0.0160744792	0.0401044472	0.072750152	-0.1145694081	-0.0410228856	0.0032462765	0.0583508073	-0.0431804252	-0.1392335269	-0.069181612	-0.0162680031	0.0834991166	0.0333134626	-0.0292748789	-0.0809641079	-0.0391644	-6.290000000000462e-05	0.00153385022736	3.956410000000581e-09	-0.00478682	9.04000000000009e-06	2.29136457124e-05	8.172160000000161e-11	0.0274087	-0.0420189	0.00075123683569	0.00176558795721	0.000433056	0.000142598	2.0334189604000007e-08	1.87537499136e-07	9.13784e-05	0.0003635724	1.3218489004176e-07	8.350011986560002e-09	-0.000277381	-0.00010633	1.13060689e-08	7.6940219161e-08	0.0	0.0
57396.68963564702	-114.8794076381455	13197.278299291202	3294379981.1307898	98833.51717847564	-251.58921365771675	9768064117.86804	63297.13242890825	54240.76145871857	-1.9177087185598796	3.6776067292405754	2942060203.6216097	65893.68868553321	58516.25965429688	0.998302	17.778549	0.1594341899999999	0.0977409	-0.0638173746	-0.0189789039	0.0963384743	0.0496252945	-0.031009628	-0.0418850297	-0.0925307128	-0.0575473208	-0.0976940784	0.1074656375	0.0119483815	-0.014433164	0.0751267725	-0.0269537808	-0.106351245	0.0543972766	0.0273789684	0.0729912483	0.0359541346	-0.01015239	-0.0710097746	-0.1034084255	-0.0564493421	-0.08269603	-0.0498107293	0.0091415394	0.1088118287	-0.1615721574	-0.0008071742	0.0438316569	-0.1482455299	-0.0765280635	0.0752466019	-0.0292860866	0.0310763015	-0.0424327378	-0.0164035943	-0.0693959456	-0.0377186579	-0.1189052762	-0.0178198586	-0.0295111399	0.1274426412	0.0489758004	0.0483616167	0.0284048781	-0.0091628325	-0.0800952646	-0.0786460109	0.007497568	-0.1169635501	-0.0557742308	0.1099024869	0.0231809337	0.0777703857	0.0347386459	-0.0133728641	-0.1081842627	0.110753479	-0.054641116	-0.0436593013	-0.0166861808	-0.1348106659	-0.1197074829	-0.0450634505	0.0569906057	-0.1150911321	0.0138771433	-0.00822863	0.0108051401	-0.0380087582	-0.0021848172	0.1064439085	0.0825019948	0.030086819	-0.0341145687	-0.0849519136	-0.0738592	-0.0346948	0.00545518142464	0.00120372914704	0.0122819	0.01706872	0.00015084506761	0.0002913412024383	0.117144	0.0897352999999999	0.013722716736	0.0080524240660899	0.000443185	1.0128999999999996e-05	1.0259664099999994e-10	1.9641294422500002e-07	-0.000166021	-0.0002573994	6.625445112036e-08	2.7562972441e-08	-0.000186202	9.1179e-05	8.313610040999998e-09	3.4671184804e-08	0.0	0.0
57400.80097074817	4.111335101151781	16.90307631396272	3294851952.083444	97785.46232660377	-1048.0548518718715	9561996642.427645	1098418.9725321706	54151.1209955159	-89.64046320266789	8035.412643188855	2932343905.071003	65691.37782998252	57749.93777427456	1.185507	21.112457	0.19140725	0.0845596	-0.1316584985	0.1043453496	0.0293793738	0.0125699081	0.0956413191	-0.0169235095	-0.1787365347	-0.0129229248	0.0384149132	0.1641571977	-0.0111883109	0.0947250072	-0.0473924477	-0.0517565343	0.0199347335	-0.0580183899	-0.0209201873	0.0372275804	0.0366630719	0.0065055263	0.0327113738	-0.146511031	-0.034396299	-0.0527390193	0.014538105	-0.0834914561	0.0150765367	-0.2045657667	0.0257998012	-0.0621263313	-0.0257701403	-0.0112538399	-0.0591967343	0.1003245796	-0.007940666	-0.0653968592	0.0232657028	0.0580505822	-0.0080127631	-0.0503379755	-0.0214056451	-0.0054411332	0.0738332081	0.0793696447	0.0619823259	0.0346902251	-0.144638056	-0.108496762	-0.0785407709	0.0458899324	0.0630779008	-0.0393418494	0.0005807484	0.0746680563	-0.0691630077	0.0437507525	-0.0213919976	-0.0712086272	0.0306628688	0.0062250107	-0.0397802973	-0.0418508438	-0.0258042542	-0.1215835636	0.0223982887	0.0252418261	-0.0803292952	-0.0550662304	-0.0899808807	-0.047832287	-0.0843323877	0.0842431464	0.0833659318	0.0814823178	0.0268272759	-0.0388703345	-0.0885682462	-0.0471055	0.0267537	0.00221892813025	0.0007157604636899	-0.0197564	-0.0320383	0.00039031534096	0.00102645266689	0.0574935	-0.0596504999999999	0.00330550254225	0.0035581821502499	0.000843298	0.000400113	1.60090412769e-07	7.11151516804e-07	0.000406561	0.000572582	3.27850146724e-07	1.65291846721e-07	-0.000672802	-0.0004866	2.3677956e-07	4.52662531204e-07	0.0	0.0
57842.87524015697	442.074269408804	195429.65967332775	3345798216.0483646	98025.66591893564	240.20359233187628	9609031178.85078	57697.76576913821	54391.76405903292	240.64306351701816	57909.08401885564	2958463997.453505	65865.5356479458	59578.777109793526	1.527613	27.204947	0.1403028	0.0786879	-0.0004472312	0.1034457636	-0.0731892261	-0.0998305446	0.1493493343	-0.0120913215	-0.0182996685	0.0647944513	0.0016410935	0.0030060028	0.0316022824	0.0745108434	-0.0756396524	-0.0175190263	-0.0506289151	-0.0431740551	0.0489554248	-0.110674884	-0.0397980961	0.125670659	0.0251371182	-0.0905054983	-0.0581706491	-0.0597224012	0.1676435782	-0.1108573861	-0.1467419952	-0.0640819613	-0.015691852	-0.0403594876	-0.0057200139	-0.059549002	-0.0227782198	0.063863362	0.0515772026	-0.0097891829	-0.136498862	0.0915239649	0.0561423956	-0.0224575502	0.0725643137	-0.0649860098	0.1197899372	0.0612180101	-0.0760386811	0.0471029431	-0.1212174042	0.0924554575	-0.0156499413	0.0201580556	0.139113473	-0.0804725984	-0.0211727822	2.72831e-05	-0.1017431776	-0.0092624799	0.0698014147	0.028811344	-0.0346251285	0.0348554236	0.0841903092	0.0061095583	0.1070503811	0.020217084	-0.0718968749	-0.09438354	-0.0124912675	-0.080353919	-0.1125672328	-0.0780246838	-0.066863286	0.0339609712	0.243220949	0.0804403643	0.0235383975	-0.0435304769	-0.0917972923	-0.044221	0.0028844999999999	0.001955496841	8.320340249999989e-06	-0.0360041	-0.0162476999999999	0.00129629521681	0.0002639877552899	-0.017895	-0.0753885	0.000320231025	0.0056834259322499	0.000377275	-0.000466023	2.1717743652900006e-07	1.42336425625e-07	0.000211733	-0.000194828	3.7957949584e-08	4.4830863289e-08	-0.000418011	0.000254791	6.491845368100001e-08	1.7473319612099998e-07	1.0	0.0
58080.72504575771	237.84980560073743	56572.5300243086	3373370621.840907	99363.58039719988	1337.9144782642395	9873121109.350803	1790015.151149073	54675.26143560466	283.4973765717441	80370.76252306128	2989384213.051718	66365.3804182146	60705.93511411831	1.410953	25.12738	0.14918349	0.0724674	0.1164519125	-0.058343237	-0.0070898429	-0.1045306415	0.0214659416	-0.0123531855	0.1747593227	-0.0246147564	-0.1399198214	-0.178115504	0.0833184581	-0.0081631608	0.0417852256	0.0516246269	0.012519448	0.0334299862	-0.0321050363	-0.107426553	-0.033217716	-0.0009998704	0.0100908645	-0.1177448738	0.0578556829	0.0127411175	0.0213419144	0.0699169573	-0.0581234102	-0.029295252	0.0061619907	0.0108238142	0.0175734631	-0.003602882	0.0331779505	-0.0742501	-0.0262276104	-0.0907983985	0.0707629612	-0.0207269002	0.0069811376	-0.0171705366	0.0033859853	0.196962847	-0.1361596409	0.0576166541	-0.0494886446	-0.0152006799	0.0269703801	0.1434267166	0.1299826598	-0.0830946568	0.0108689319	0.0856589157	0.0924020951	-0.1059788254	0.0561616884	0.0263017682	0.0382098528	-0.0692429429	0.0228295851	-0.0057486269	-0.0558624402	0.0289563341	-0.0218336218	0.0284033661	0.1725959952	-0.010068685	-0.0070271398	-0.0386490878	-0.0002283954	-0.0424193517	-0.0725578094	0.0186605275	-0.0478984606	0.0793764193	0.0202237803	-0.0480835316	-0.0946249323	-0.0629608	-0.0187397999999999	0.00396406233664	0.0003511801040399	0.00102909	0.03703319	1.0590262281e-06	0.0013714571615761	0.03978	0.057675	0.0015824484	0.003326405625	0.000636586	0.0002593109999999	6.724219472099998e-08	4.05241735396e-07	0.000461308	0.000249575	6.228768062500001e-08	2.1280507086400002e-07	-0.000212187	0.0002058239999999	4.2363518975999993e-08	4.5023322969e-08	0.0	0.0
57938.65172824173	-142.07331751597667	20184.827549995523	3356887364.0864887	99515.03679674608	151.456399546194	9903242548.657726	22939.040963496354	54538.58170765533	-136.67972794933303	18681.34803230369	2974456894.682596	66044.61028463724	60304.303791294646	1.179354	21.002871	0.12298761	0.0591493	0.0925511581	-0.0700279858	0.0412052754	0.0374689497	-0.1377454252	-0.0359767428	0.0815155805	-0.0723380056	0.127153489	-0.0876566686	0.0217917655	-0.0743068857	-0.118035055	0.0157443727	0.1554943456	-0.0139702272	-0.0035983897	-0.0478744914	0.0143354264	0.1269997494	-0.0485643631	0.0504652673	-0.0842620695	0.0116511168	-0.0727447122	-0.1099077032	-0.0072689783	0.1184889185	-0.0764988445	-0.0375651871	-0.13316904	0.0143259362	-0.0798565175	0.0941365904	-0.0301796998	0.0355962846	-0.052183166	0.1494385005	0.0637112272	0.1028109925	0.0185806263	-0.0204066578	0.0189129011	-0.016233141	-0.0090788057	0.053044511	0.128543015	-0.0471323689	0.069082651	0.0588922783	0.0352528611	0.1387542574	-0.030815869	0.0933378324	-0.0521764941	0.021225676	0.0216482981	0.069222236	0.0035528175	-0.0388189685	-0.1086504125	0.0041852673	-0.0122118041	0.0286137175	-0.0229697911	-0.0610275473	0.0014077774	-0.2061917043	0.0801728419	-0.0130498559	-0.0237502313	0.117641781	0.1199596177	0.0782907735	0.0168870486	-0.0525182979	-0.0970388015	-0.0567324	0.0062283999999999	0.00321856520976	3.8792966559999936e-05	0.0345683	0.03353921	0.00119496736489	0.0011248786074241	0.0840341	0.0442541	0.00706172996281	0.0019584253668099	0.00104185	0.000405264	1.6423890969600004e-07	1.0854514225e-06	0.000243421	-0.000217887	4.7474744769e-08	5.9253783241000014e-08	-0.000368354	-0.000156167	2.4388131889e-08	1.35684669316e-07	0.0	0.0
57673.7605980704	-264.8911301713306	70167.31084344481	3326262661.523538	99627.1815213748	112.144724628728	9925575297.892963	12576.439262053233	54406.72443024223	-131.8572774130953	17386.34160679397	2960091663.2283173	65875.62262210446	59036.26669726562	1.182365	21.056492	0.08690026	0.0445458	0.0124524296	-0.1309452358	0.0308653636	0.0140078461	-0.1442217734	-0.1000097175	0.0088079467	-0.0612431417	0.0124524524	0.0018332453	-0.005221405	-0.1008519969	-0.0450770701	-0.0041164557	0.0527305357	0.0166676569	-0.0180162698	0.0541050123	-0.071775814	0.0085540374	-0.0815109583	0.1138555504	-0.0777542058	0.1039918935	-0.0532909206	0.0850804557	-0.0130355305	-0.0451056562	0.0636129188	-0.0687067199	0.0205516095	-0.0528979993	-0.0060319653	-0.035486147	0.0192774454	0.0553060978	0.1793286178	0.0284311851	-0.0493441319	-0.0635502174	0.0246436984	-0.1324705947	0.0146888125	-0.0335992592	-0.1003688542	0.1256025275	0.1291712299	-0.0526324494	-0.026604386	-0.0071856287	-0.0355414166	0.0045338841	-0.0747579663	-0.0012303436	-0.0800981743	-0.0538945055	0.0881437679	-0.0097295759	-0.0964404886	-0.0492161409	0.0665429384	0.0940284954	-0.0596356355	0.1016907739	-0.0066371544	0.0058671996	0.0781059292	0.137308318	-0.0002179996	-0.0366546203	-0.0852398952	0.0388085758	-0.0445247788	0.0771837238	0.0135318513	-0.0568238659	-0.0990283447	-0.034401	0.0223314	0.001183428801	0.00049869142596	0.0428492	0.0082808999999999	0.0018360539406399	6.85733048099999e-05	0.0856829	0.0016488	0.00734155935241	2.7185414400000198e-06	0.000766573	-0.000275277	7.577742672899999e-08	5.87634164329e-07	-0.00030162	-0.000545041	2.970696916810001e-07	9.09746244e-08	-9.58888e-05	0.0002724652	7.423728521104001e-08	9.19466196544e-09	0.0	0.0
57550.71277756869	-123.04782050171345	15140.766130221888	3312084541.206208	98682.53015418728	-944.6513671875292	9738241757.63208	892366.2055292679	54217.66606763129	-189.05836261094373	35743.06447313109	2939555313.821177	65891.84557473776	58506.39819754464	1.055166	18.791235	0.06123814	0.0328975	-0.0198116813	-0.0735609527	-0.0057193748	-0.0502302175	-0.0273849602	0.0077764359	-0.0245645563	-0.0731242357	-0.0653357924	0.1231384344	0.0169383128	0.0791779464	-0.0507684578	-0.0064515314	-0.117243598	-0.0005531705	-0.0262744991	0.134913619	-0.0847155073	-0.0126497599	0.0052405798	-0.0423220682	0.0768787372	-0.0327325854	0.0352616458	0.1337390992	-0.0723495887	0.1084303263	-0.1083108469	0.0278228841	0.0191316915	-0.0101955855	0.0396500636	-0.0397165041	-0.0834500405	0.0280034343	0.0249140302	-0.0207448484	0.1450546825	-0.0653162898	0.0820086265	0.0901268418	0.0089798931	-0.1226183265	-0.1136358694	-0.0044173043	-0.0264710081	-0.0831811377	-0.0499859142	-0.0938799417	-0.014105813	-0.070763694	0.1122062502	0.0527274976	-0.0065702848	0.0033578594	-0.1300452146	-0.1197754799	-0.2468401884	0.0707035287	0.0619283582	0.0058554144	-0.0074440033	0.0629241657	-0.064278345	0.013950439	-0.0352360735	-0.0108965728	-0.0288845391	-0.0724990575	0.0359124924	-0.0002314461	-0.023800298	0.0760555728	0.010161857	-0.0609896438	-0.1005848622	-0.0300428	0.0043582	0.00090256983184	1.899390724e-05	0.0264393	-0.0164098999999999	0.0006990365844899	0.0002692848180099	0.0828518	-0.0028311	0.00686442076324	8.015127210000018e-06	0.000767682	1.1090000000000058e-06	1.229881000000013e-12	5.89335653124e-07	0.000178999	0.000480619	2.30994623161e-07	3.2040642001e-08	0.000175162	0.0002710508	7.346853618064e-08	3.0681726244e-08	0.0	0.0
57659.189877456105	108.47709988741552	11767.281199984329	3324582177.324537	98134.4369585396	-548.0931956476707	9630367717.169584	300406.1511152758	54241.86614159578	24.20007396449364	585.6435798869629	2942180042.522795	65805.40031687063	59279.6354561942	0.926859	16.506248	0.0960412	0.0565605	0.0183921262	-0.0412787777	0.0203511974	-0.047485733	0.039808741	0.0049251352	-0.0439475752	-0.080845371	-0.0658424019	0.1137828441	0.0632861581	0.0263155082	-0.0559199264	0.0080644902	0.0371280757	0.0166064919	-0.0043631294	-0.0324525998	0.0665738207	-0.0670298115	-0.0301026961	-0.0844629991	0.004843508	-0.0106360673	0.0579908518	0.0307737316	-0.1416464883	0.093179268	0.0089068886	-0.0425780302	-0.090126525	-0.0230352787	-0.0826902706	0.0365347529	-0.0591343106	-0.0550841561	-0.0229345293	-0.1303211754	-0.0769985473	-0.0156197077	0.0594057905	0.1230499568	-0.0126100602	-0.0775490581	-0.1100474917	0.0214223426	-0.0804951165	-0.0814382319	0.0005532821	-0.0659781877	0.0329790417	-0.0203368488	0.0675874869	0.0615941117	-0.0303612777	-0.118819041	0.0330688935	-0.0452460958	-0.0301460495	0.0737186137	-0.0383569423	-0.0287337302	0.0302734637	0.0132772074	0.0620429926	-0.0413427472	0.0206163235	-0.1042075097	0.0539862701	-0.0706423283	0.0314534148	-0.0318625575	0.0727701138	0.074906629	0.0067807509	-0.0650053833	-0.1017015476	-0.0300662	-2.339999999999981e-05	0.00090397638244	5.47559999999991e-10	0.0136705	-0.0127687999999999	0.00018688257025	0.0001630422534399	0.0422087	-0.0406431	0.00178157435569	0.00165186157761	0.00128094	0.0005132579999999	2.63433774564e-07	1.6408072836e-06	0.000178999	0.0	0.0	3.2040642001e-08	-0.000163698	-0.0003388599999999	1.1482609959999997e-07	2.6797035204e-08	0.0	0.0
57648.83127023863	-10.358607217473036	107.30074348588448	3323387746.824444	99193.05698548372	1058.620026944118	9839262554.125422	1120676.3614471648	54398.04566151997	156.17951992418966	24392.04244375036	2959147371.792812	65856.11799606643	59121.45772600446	0.999839	17.805927	0.137637495	0.0887636	0.0097723777	-0.0669920507	0.0530483844	-0.0196046131	-0.0482287713	-0.0795115371	0.0092141706	-0.0355227767	-0.0264159668	0.0298268833	0.0253791064	-0.0479439376	0.1321595651	-0.0086330839	-0.1489817294	0.0850798561	-0.0360468032	-0.012597417	0.0312739296	-0.12816349	0.1653836161	0.0287527573	-0.021195777	0.0608416247	0.119873989	0.0156726489	0.0180381267	0.0202604857	-0.0934934457	0.0576665589	-0.1069033665	-0.1888911533	0.0297390272	0.0242597923	0.0859615244	0.12668099	0.053545519	0.093434013	0.0326261273	0.0129104418	0.1098156972	0.0422660597	0.0420432422	-0.0747539972	-0.0540352054	0.1260062709	0.0347575361	0.009647979	-0.0764891228	-0.0233273447	-0.0976949834	-0.0783182671	0.0637359557	-0.0530899811	0.0507826702	-0.0147213591	0.0939207664	-0.046894433	-0.0535290532	-0.0598793419	0.0175673812	-0.191632535	0.0634477014	-0.0725958122	-0.0020945479	-0.1581671063	0.0149488397	0.1885026012	-0.0335241654	0.0309053657	0.1401918637	0.0270633545	0.0455478391	0.0737372065	0.0033922301	-0.0688612056	-0.1023735181	-0.0352357	-0.0051695	0.00124155455449	2.6723730250000004e-05	0.00195026	-0.01172024	3.8035140676e-06	0.0001373640256576	0.109201	0.0669923	0.011924858401	0.00448796825929	0.000448675	-0.000832265	6.926650302250001e-07	2.01309255625e-07	0.000151082	-2.7917e-05	7.793588889999999e-10	2.2825770724e-08	5.12291e-05	0.0002149271	4.619365831441e-08	2.62442068681e-09	0.0	0.0
57502.35680340679	-146.47446683184535	21454.76943367336	3306521037.946303	98763.70731970658	-429.3496657771466	9754269883.532663	184341.1355029475	54304.77900795118	-93.26665356878948	8698.66866792059	2949009023.102416	66043.50470935315	58947.94846177456	1.083652	19.298536	0.169381185	0.0968131	-0.0218191178	-0.0747488265	0.0562297063	0.0505918337	-0.0069223142	0.0628958543	-0.0360817645	-0.1110113823	-0.049114272	0.065392205	0.0217353977	0.0351405527	-0.0216749679	-0.0093830186	0.0647832477	-0.0021087238	-0.1104688346	0.1320949907	0.1089862015	0.0258379451	0.1570013139	0.0690948457	0.0499637082	-0.0516608137	-0.0848101379	0.1297464979	-0.0290518573	-0.0708264489	-0.0175797827	0.0225852604	-0.0421568203	0.0565039398	-0.1883638802	0.0204833975	-0.0598845089	-0.0544644294	0.0518567533	-0.0223005091	0.0247845037	0.0243940463	-0.0427255696	0.1772786935	-0.1340369695	-0.0247284019	0.1273374754	-0.0240222207	-0.0182447803	-0.1117947028	0.0435082886	-0.0777386392	-0.0279690137	-0.0279992462	0.0298363193	-0.1125656799	-0.021587707	-0.0890745177	0.0586843265	-0.0617223756	-0.0169916588	0.0372199934	0.0143799352	-0.031194349	0.0650142167	-0.1268348587	-0.0044834373	0.0304396133	-0.1468241618	0.0136581774	-0.0062997665	-0.0256935243	0.0878104366	0.0394756012	-0.1018284755	0.072547625	-0.0	-0.072547625	-0.1025978352	-0.0826067999999999	-0.0473710999999998	0.0068238834062399	0.0022440211152099	0.0338672	0.03191694	0.00114698723584	0.0010186910589635	0.0296348	-0.0795662	0.0008782213710399	0.00633078018244	0.000361041	-8.763400000000001e-05	7.679717956000001e-09	1.30350603681e-07	0.000169465	1.838299999999999e-05	3.3793468899999964e-10	2.8718386225e-08	0.000155751	0.0001045219	1.092482757961e-08	2.4258374001000003e-08	0.0	0.0
57474.639563515375	-27.717239891411737	768.245387198066	3303334192.956007	98727.1239170792	-36.583402627380565	9747044996.93831	1338.3453477970352	54278.79812892937	-25.98087902181578	675.0060747462273	2946187926.3210664	65912.70393902971	58324.265767299104	1.029194	18.328705	0.156622505	0.0644928	-0.0619686105	-0.0323059224	0.0635900151	0.0120808106	-0.0117443397	-0.0504641998	-0.0850896826	-0.092714799	0.0126885313	0.0867826287	-0.0231300911	-0.0429184764	-0.1162820438	-0.0260072014	0.0299291611	-0.0653540122	-0.000696783	0.0522115161	0.0065126148	-0.0125953044	-0.0289674238	-0.0023343878	0.0464806794	0.0387115413	0.0372596286	-0.0123449694	-0.0184947585	-0.0213884549	-0.0564291333	0.0339779771	0.0109242339	0.0299878935	0.0304032889	0.1439942796	0.0063232033	0.0387565158	0.0643038807	0.053801102	-0.0478912233	0.0202989204	-0.1750386198	-0.0075134573	-0.0577266535	-0.0764834724	-0.0298588479	0.0394552651	-0.0069484282	-0.1096486291	-0.0234576232	-0.0068466134	0.0262943838	0.0010449196	-0.0879862378	-0.0067813198	-0.0188684804	-0.0837089555	-0.0604187305	-0.0854630661	-0.009767413	-0.0389919786	0.0422405595	0.064018648	-0.0507705202	-0.0119721113	-0.0858456505	-0.0248022574	-0.010145365	-0.0144446806	-0.0587255759	0.0191022104	-0.0134583956	0.0003696727	-0.0262791003	0.0713382097	-0.0033922301	-0.0760555728	-0.1023735181	-0.0424379	0.0401688999999998	0.00180097535641	0.0016135405272099	0.0077344099999999	-0.0261327900000001	5.982109804809845e-05	0.0006829227131841	0.0656969	0.0360621	0.00431608266961	0.0013004750564099	0.0008264229999999	0.0004653819999999	2.1658040592390694e-07	6.829749749288348e-07	-0.000208372	-0.000377837	1.4276079856900002e-07	4.3418890384e-08	-8.620429999999998e-05	-0.0002419553	5.854236719809e-08	7.431181338489997e-09	0.0	0.0
57504.74999000712	30.110426491744875	906.6377835147716	3306796271.413224	98129.99949238088	-597.1244246983115	9629496800.374672	356557.5785712895	54267.87083371857	-10.927295210800366	119.40578062398065	2945001804.8251624	65970.51065887237	58413.36291713169	1.122985	19.999018	0.0547065549999999	0.0302232	-0.0779515319	0.1218444235	0.0386479763	-0.0335309772	0.142332658	0.0214521278	-0.0646971323	-0.0206627874	-0.0200853334	0.075829729	-0.0127619512	0.0225037384	-0.0358993824	-0.0801262668	0.0773361103	-0.0891502791	-0.0664286803	0.0693749689	-0.0178051584	-0.0037214222	0.0083057595	-0.0244207154	0.0112256991	0.0533461495	-0.0147701145	-0.0581460915	0.0858779568	0.0775089919	0.0689997326	0.0593092677	0.0116045383	0.0382069014	-0.1081200495	0.0291951528	0.0511668938	0.0036276871	-0.0225087232	-0.07997877	0.0185498101	0.151556834	0.1072169978	0.0084101368	0.1309445629	-0.0116862356	-0.061269847	-0.0349223039	-0.1401228184	-0.0177713925	-0.0132078576	0.0489079652	-0.018045127	0.0197994628	-0.0880916842	-0.0714480206	-0.0142391082	-0.0143733156	-0.125860617	-0.0009539009	0.014142184	0.0886506673	-0.0333051903	0.0773454599	-0.0594829311	-0.0483319575	-0.0855074441	0.0774173275	0.0409874361	0.041201908	0.0703730882	-0.013620565	0.0725197375	0.0973456605	0.017705585	0.0701092912	-0.0067807509	-0.0793764193	-0.1017015476	-0.0342505	0.0081873999999999	0.00117309675025	6.703351875999996e-05	0.013907	0.00617259	0.0001934046489999	3.810086730810122e-05	0.0693193	0.0036223999999999	0.00480516535249	1.3121781759999983e-05	0.000345221	-0.0004812019999999	2.3155536480390378e-07	1.19177538841e-07	-0.000249045	-4.0673e-05	1.6542929289999995e-09	6.202341202499999e-08	0.000126404	0.0002126082999999	4.5202289228889994e-08	1.5977971216e-08	0.0	0.0
57752.42906990888	247.67907990176167	61344.92662098327	3335343063.4748564	98214.47982737728	84.48033499639132	9646084047.7623	7136.9270011025	54350.623670950445	82.75283723187749	6848.03206992561	2953990293.421279	65826.07862762238	59230.88254073661	1.155998	20.586941	0.09910425	0.0419742	-0.0037676365	0.0719429405	-0.0856992037	-0.0524981653	0.0320385988	-0.0027178713	-0.0323819625	0.0882071744	0.0875533333	0.0395270951	0.0306587992	0.0519192566	-0.0668547071	-0.0188663676	-0.0422053168	-0.0176423398	-0.0273402135	-0.0549241304	0.0254056147	0.0259501849	-0.1033161532	0.0905353503	0.0612345778	-0.0765761049	0.127264393	0.0878010614	-0.0179823939	0.0591979163	0.0119038229	-0.0993380872	0.0118868968	-0.0688962657	0.0576540804	-0.0775349048	-0.028868818	0.1105210411	0.0491312898	0.0653466685	0.1360949789	0.0230965959	-0.0221775326	-0.1554186084	-0.0749916117	-0.0104640831	-0.0231945	0.0392375362	-0.0370716749	-0.0086403912	-0.0439026779	0.0586153495	0.145267565	-0.0169046145	0.0317736007	0.0250615353	-0.0107135663	-0.0748074742	0.0490813174	0.0197803195	-0.0259780018	-0.0796551562	0.001970586	0.0636692691	0.0918974114	0.1033164072	0.0441706339	-0.0864855851	0.0851788828	0.0038302742	-0.0281356915	-0.0354003378	0.1647670296	-0.1282373176	0.0929071616	0.0688612056	-0.010161857	-0.0825019948	-0.1005848622	-0.0221331	0.0121174	0.0004898741156099	0.00014683138276	-0.0131903	-0.0270972999999999	0.00017398401409	0.0007342636672899	0.0746563999999999	0.0053370999999999	0.0055735780609599	2.8484636409998936e-05	0.000600353	0.000255132	6.5092337424e-08	3.60423724609e-07	0.000169465	0.00041851	1.7515062009999997e-07	2.8718386225e-08	-0.000291003	-0.000417407	1.74228603649e-07	8.468274600900001e-08	0.0	0.0
57810.16646304296	57.73739313407714	3333.6065659189776	3342015346.484737	99397.90042930076	1183.4206019234844	9879942609.75319	1400484.321056942	54531.28572254068	180.6620515902323	32638.776884791758	2973661122.5533686	66304.54037642045	59568.76221763393	1.208981	21.530495	0.1015549	0.046428	0.0547852911	-0.0653283794	-0.1035824449	-0.040752916	-0.0118924042	0.04602773	0.1279891039	0.1259968293	-0.0977966485	-0.1112931996	-0.0410118603	0.0715186053	-0.0853760826	0.0958648855	-0.0418954315	0.0193656166	0.0019562551	-0.0527066539	-0.0361750165	0.0250751824	0.0966516307	0.0465112627	0.0938602766	-0.0181480515	0.0244051974	0.0488032712	-0.0177333012	0.0124553983	0.0266662114	0.0394815266	0.0512880726	0.0225095777	0.0520507701	0.0720960875	-0.0147176141	-0.002237248	-0.0578556713	-0.0354603692	-0.0924368802	-0.0352759082	-0.0832577774	0.0054902883	0.1802964603	-0.056274639	0.1029967862	-0.0767876198	0.0460369217	0.1170663016	0.0222759655	-0.0817086329	0.0361332295	-0.0495414454	0.0083302865	0.0354165435	0.1342428295	-0.0414339163	-0.0996541597	0.0367316727	0.0267718018	-0.0746745918	-0.0378235151	0.0776070473	0.0130260245	0.0182418483	0.009393446	-0.0204933674	-0.0668402105	0.0452314583	-0.0726665891	-0.0837193086	-0.0246605264	0.013845074	-0.0412414529	0.0675942939	-0.0135318513	-0.0854246103	-0.0990283447	-0.0174508	0.0046823	0.0003045304206399	2.1923933290000004e-05	0.0100822	0.0232725	0.0001016507568399	0.00054160925625	0.0864688	0.0118124	0.00747685337344	0.00013953279376	0.000118445	-0.0004819079999999	2.3223532046400003e-07	1.4029218024999998e-08	-0.000166974	-0.000336439	1.1319120072100001e-07	2.7880316675999995e-08	0.000126404	0.000417407	1.74228603649e-07	1.5977971216e-08	0.0	0.0
57786.87481892597	-23.2916441169873	542.5006856723891	3339322901.3382206	99292.74391823947	-105.15651106128644	9859048994.813082	11057.891818582457	54437.44271796413	-93.843004576549	8806.509507954195	2963435169.6716256	66163.15574464598	59932.42602734375	1.129909	20.122314	0.16865295	0.0893558	0.0613315391	-0.0893448079	-0.0179945034	0.0143229988	-0.0651646678	0.0273520588	0.0575272052	-0.0257314272	0.0399768071	-0.0251252966	0.0737238577	0.0403463851	0.0042533714	0.0220911581	0.0881556634	0.0088194083	-0.0072235468	0.0208224008	-0.0111096233	0.039428577	-0.028149977	0.101369031	0.0667010771	-0.150455673	-0.0315564734	-0.1117509327	-0.0398460601	-0.0084658533	-0.0740619094	-0.1846224243	0.0202573264	0.0830941788	0.0403370735	-0.0355725318	0.0485185508	0.093213664	-0.0102136946	-0.0765629608	0.1691804104	0.061020443	0.0675521091	-0.0348134221	-0.0343381493	-0.0572157446	0.07373978	-0.0026715642	0.0690485061	-0.0319048069	0.0960383666	-0.0454684794	0.0121112854	0.000643898	0.0345911932	0.0333592325	0.0087113878	-0.0436584599	0.0018047677	0.0848295836	0.0400510961	0.0403045667	0.0523774706	0.0662992711	0.1215731803	0.0139149938	0.0845499403	0.136124144	-0.0082604624	-0.1028263977	-0.1064988487	0.0387370369	0.1060982932	0.0297871252	-0.0618459422	0.0663089027	-0.0168870486	-0.088137076	-0.0970388015	0.01595	0.0334007999999999	0.0002544025	0.0011156134406399	0.009593	-0.0004891999999999	9.2025649e-05	2.393166399999987e-07	0.026357	-0.0601118	0.0006946914489999	0.00361342849924	0.000367929	0.000249484	6.2242266256e-08	1.3537174904100001e-07	-0.000929048	-0.000762074	5.807567814760001e-07	8.631301863040001e-07	0.000607869	0.000481465	2.3180854622500006e-07	3.6950472116100004e-07	0.0	0.0
57663.59599412754	-123.2788247984281	15197.668643681533	3325090302.973962	99147.5558606642	-145.18805757527298	9830237833.143528	21079.57206248078	54398.8264896912	-38.6162282729274	1491.2130860268376	2959232323.455529	66008.86337685752	59437.56356026786	1.053243	18.756994	0.14763481	0.0681817	0.0201979258	-0.0785911627	0.0475331116	0.0359289365	-0.0850458956	-0.0160676638	-0.0185146994	-0.0686410351	0.0101106392	0.0118576014	-0.0001428238	-0.0376898907	0.0095952604	0.0585288335	0.1410607384	-0.0167676507	0.100313737	0.0206627612	0.0809273229	0.0413203273	0.0057059219	0.118018404	0.0384598946	0.0009945562	-0.0236385272	-0.016688769	0.0691767108	-0.0532097427	0.046247587	-0.1236161996	0.0644952602	0.0333858691	-0.0412851331	0.0414393964	-0.0885430132	0.0331873041	-0.0149081962	-0.0283770568	0.0257444656	-0.1110830266	-0.0804280088	0.0286938619	0.0043182826	-0.079303373	0.0271631402	0.0181554056	0.0559304179	-0.090786224	0.0345837003	0.0085136792	-0.0317641835	0.0374045669	-0.0363426604	0.074203224	0.0160730161	-0.0517849569	0.1141913801	-0.0368454869	0.0491166109	-0.026628251	0.0395291703	0.0351640662	0.0559058862	-0.0193803614	-0.0037671384	-0.0073722251	0.108159822	-0.0530072173	0.0121138142	0.0319417551	-0.0152750799	-0.0116502544	-0.0250671108	0.0650053833	-0.0202237803	-0.0906327191	-0.0946249323	-0.00228911	-0.01823911	5.2400245921e-06	0.0003326651335921	0.0266627	0.0170697	0.00071089957129	0.00029137465809	0.077325	0.050968	0.005979155625	0.002597737024	0.000722272	0.000354343	1.2555896164900004e-07	5.216768419840001e-07	-0.000311544	0.000617504	3.813111900160001e-07	9.705966393600001e-08	0.000352556	-0.000255313	6.5184727969e-08	1.24295733136e-07	0.0	0.0
57457.18862140726	-206.4073727202849	42604.00351329061	3301328524.275972	98907.08888652537	-240.4669741388352	9782612232.007029	57824.36565148724	54305.55887689534	-93.26761279586208	8698.847596638856	2949093724.9319463	66019.45263603584	58510.88063783482	1.073324	19.114616	0.04623994	0.0223701	-0.0575352094	-0.0284728681	0.0704529457	0.0004361122	0.0044595002	0.0085234561	-0.0348812086	-0.0695657885	-0.0610959608	0.0725267171	-0.0202627472	-0.008530659	0.0408741121	0.0298462844	-0.0064701342	-0.0273472112	0.1017825534	0.0247878257	-0.1122766664	-0.011674993	-0.0537795428	-0.0417132469	0.0479037758	0.0004752601	0.0520250891	0.0801616717	-0.0385121123	0.0918034676	-0.0020358288	0.0276177129	-0.0367899094	0.0042454371	-0.0619095893	-0.0937168098	-0.0167725141	0.1772415364	-0.089193219	0.0457612625	-0.0876327026	0.0902707154	0.0967516753	0.0242122676	-0.0827509468	-0.1242043305	0.1747391141	-0.0200791008	-0.0234565921	-0.0476916581	-0.0165179783	-0.0467882493	-0.0834500652	-0.0440577651	-0.0393133123	0.0338129293	0.0233840599	-0.0355619517	0.0129898769	0.0224824937	-0.0771375781	0.0227995976	0.0558799802	-0.0299355344	-0.0771692005	-0.0133172417	-0.0553994604	0.0965164561	-0.0041071801	-0.0144616687	-0.1056295321	-0.0301036641	0.0898861592	0.0273339032	0.0632389238	0.063684092	-0.0235383975	-0.0929054001	-0.0917972923	-0.0192083	-0.01691919	0.00036895878889	0.0002862589902561	0.0198726	-0.0067901	0.00039492023076	4.610545801e-05	0.0764534	-0.0008716	0.00584512237156	7.596865600000003e-07	0.000596137	-0.000126135	1.5910038225000022e-08	3.55379322769e-07	-0.00056836	-0.0002568159999999	6.595445785599998e-08	3.230330896e-07	0.000402786	5.022999999999996e-05	2.523052899999996e-09	1.6223656179599997e-07	0.0	0.0
57593.74225453474	136.55363312748523	18646.89472031583	3317039146.8817806	98264.6262472927	-642.4626392326609	9655936771.520126	412758.2428097962	54316.24494961169	10.686072716351193	114.19215009914532	2950254465.4262176	66004.21585992133	58695.78662527902	1.085294	19.327787	0.130699055	0.0613017	-0.0559070646	0.1055132446	0.0386489298	-0.0266224013	0.1051704902	0.011911504	-0.0584927918	-0.0025453558	0.0233515035	0.0797590633	0.0367282663	-0.0274418648	0.1068545022	0.0093203241	0.0005674026	-0.0166880952	-0.0809426238	0.0012274621	-0.0325768411	0.1352159683	-0.0092473679	-0.0288599725	-0.0387666634	0.0065424274	0.0613490259	0.0753398428	-0.1164207262	0.0647714244	0.1318754841	0.0816258469	0.0386633842	0.0009067695	-0.0904198495	-0.046808458	-0.0893940211	0.0341186931	-0.0209687808	-0.0851667398	-0.0822559198	0.067629721	-0.0283168779	-0.0166995425	0.1845136737	-0.0076321659	0.0185633151	-0.0216710317	-0.123067361	-0.0275674326	-0.0042863826	0.017837101	-0.0285661634	-0.0413398512	-0.0556495126	-0.0457578008	-0.0270880764	0.1217702871	-0.0814792109	0.0742750406	-0.0642539505	0.0383941749	0.0050992131	0.0292677701	0.0003388462	-0.0345990006	-0.0117973673	0.0323529222	0.0666763438	-0.070114958	-0.0274827305	-0.1120821736	0.0360917963	-0.0450092892	-0.1074052029	0.0623453902	-0.0268272759	-0.0949495281	-0.0885682462	-0.0130418	0.0061665	0.0001700885472399	3.802572225000002e-05	0.00295533	-0.01691727	8.7339754089e-06	0.0002861940242529	0.0454851	-0.0309683	0.00206889432201	0.00095903560489	0.00103362	0.000437483	1.913913752890001e-07	1.0683703044000002e-06	0.000210423	0.0007787829999999	6.065029610889998e-07	4.4277838929000004e-08	8.61123e-05	-0.0003166737	1.0028223227168999e-07	7.41532821129e-09	0.0	0.0
57775.21640888657	181.47415435182484	32932.86869770994	3337975631.093676	98880.07045431106	615.4442070183577	9777268333.04952	378771.5719524552	54399.44147559172	83.19652598002722	6921.661935145344	2959299232.8563285	65863.00580747378	59440.5335343192	1.070111	19.057394	0.126923455	0.0733054999999999	-0.0075639598	0.1114251426	0.0541403982	-0.0273916944	0.0474177979	-0.0908414514	-0.0317214471	0.0305379796	0.1533915602	0.0356554727	0.0856027962	-0.0053288474	-0.0424285596	-0.0571411991	-0.052273683	0.0104846111	0.0228640397	-0.0474590889	-0.0684913183	0.0386500959	-0.0607882172	0.1677588052	0.0865719805	0.0435914026	0.0428862674	-0.0456650594	0.0743852102	-0.047733273	-0.0263215333	0.0247164916	0.0126571212	0.0185909426	0.0064763083	-0.0903290816	0.0507838257	-0.0871217159	-0.0072526983	-0.0069024331	0.0776019416	0.1016896397	-0.0438564066	0.1373839988	0.0816718177	0.1052460002	-0.0703345777	0.1263811393	-0.0454548607	-0.0152150531	-0.0213412887	0.1188468894	0.0793080707	0.0296924898	-0.001722147	-0.0996499905	0.1224158916	-0.0561774897	0.0149370037	0.0379048608	-0.0085736459	-0.0149678757	0.0176909884	0.023599942	-0.0908557468	0.0665417255	0.0305656906	0.0233968336	0.0657552122	0.0496867973	-0.0002644854	-0.0338781236	0.130277087	0.0266251004	-0.1415939957	0.0609896438	-0.030086819	-0.0967600744	-0.0849519136	-0.017562	-0.0045202	0.000308423844	2.043220804000002e-05	0.0111855	0.0082301699999999	0.0001251154102499	6.773569822889998e-05	0.100512	0.0550269	0.010102662144	0.00302795972361	0.000383123	-0.000650497	4.231463470090001e-07	1.4678323312900004e-07	-0.000193871	-0.000404294	1.6345363843600006e-07	3.7585964641e-08	0.000214245	0.0001281327	1.641798880929e-08	4.5900920025e-08	0.0	0.0
57626.97099465477	-148.245414231802	21976.70284075856	3320867786.0187817	98051.50529615948	-828.5651581515849	9614097690.84279	686520.2213027609	54398.90802399223	-0.5334515994836693	0.284570608991685	2959241194.2027664	66123.4448904611	59271.01558370536	1.188885	21.172621	0.01957951	0.00969359	-0.0186184352	0.085033371	-0.0369594833	0.0653883815	0.0804652485	0.1031766376	-0.0303450244	0.031912146	-0.0433238753	-0.0081885419	-0.0654764578	0.0090733888	0.0414912399	0.0090890039	-0.018040452	-0.0382412117	0.0497280251	0.0262128994	-0.0176706555	0.0293420229	0.0486263027	-0.0466396738	-0.0125688848	0.0102478704	-0.0128481376	-0.0439738574	0.0266499759	-0.0090283076	0.0217495268	-0.041644161	0.100576107	-0.0396976177	0.1145732466	0.0198076783	0.0836898872	0.0988848431	0.1284505639	0.0169481327	-0.0730844363	0.0505943661	-0.0629848032	0.0103423555	0.0661966316	-0.0501304611	-0.0431363991	-0.0802167804	-0.0570326889	0.0634235721	-0.0073073266	0.0332299133	-0.040689084	-0.0064509741	-0.0547038653	0.0155801082	0.0482150653	-0.0526047019	-0.0435558646	-0.057590527	-0.0355307076	-0.0637357699	0.052869616	0.0167482118	0.0390100767	-0.0659950299	0.0364297951	-0.0085504346	0.0721180525	0.0007326103	0.0327005605	0.0753329551	-0.0593054127	-0.0106679911	-0.0987771491	0.0596172234	-0.0333134626	-0.0983325849	-0.0809641079	-0.0134595	0.0041025	0.0001811581402499	1.6830506250000017e-05	0.012387	0.0012015	0.000153437769	1.443602250000003e-06	0.0937314	-0.0067805999999999	0.00878557534596	4.597653635999997e-05	0.000364613	-1.851000000000001e-05	3.4262010000000034e-10	1.32942639769e-07	-0.000199844	-5.972999999999992e-06	3.5676728999999895e-11	3.9937624336e-08	8.88298e-05	-0.0001254152	1.572897239104e-08	7.89073336804e-09	0.0	0.0
57695.89425047655	68.92325582178455	4750.415193075158	3328816213.362173	98561.83354443844	510.3282482789655	9714435031.641592	260434.92099147744	54419.98803277552	21.0800087832904	444.3667703036002	2961535097.487431	66128.0361642264	59052.467296875	0.95467	17.001522	0.11738609	0.0677693	-0.0286122751	0.0451249669	-0.1048798162	0.0465871293	0.0022379842	0.0836999832	-0.0057421304	0.0853088688	0.0289457094	-0.0546709118	-0.140376921	0.0520594633	-0.0395110018	0.0112532056	0.0320725453	-0.0361736169	0.0541823179	0.1262022711	-0.0649261553	0.0310106928	-0.0405681	0.0328871783	-0.0219616889	-0.0408867791	0.0205867997	0.0332947879	0.0165279626	-0.0455085387	-0.0156115588	-0.1291125111	0.0659099758	0.0522104407	0.1707343682	-0.0289894831	-0.0229694549	-0.0764006056	-0.0894174245	-0.207196986	0.003393028	-0.1132276296	0.057449484	-0.0486070472	0.0258755899	-0.0140786385	-0.0575646726	-0.0917102279	0.0288183997	0.0251264702	-0.030102363	0.0190575971	0.0737294775	-0.0041061026	-0.0638846573	0.0606900514	-0.1066779193	0.0636163965	-0.0005068339	-0.0540917734	-0.0876883258	-0.0291401582	0.0398841389	0.024123885	0.019082393	0.0298942033	-0.0053417374	0.1014203099	0.0400276958	0.0232041688	0.0369761761	-0.0378271503	-0.0588300506	-0.076244301	-0.0160702072	0.0582285042	-0.0365036785	-0.0996631912	-0.0766222668	0.0078216299999999	0.0212811299999998	6.117789585689844e-05	0.0004528864940768	0.0161824	0.0037953999999999	0.00026187006976	1.4405061159999994e-05	0.0376754	-0.056056	0.0014194357651599	0.003142275136	0.000637525	0.000272912	7.448095974399999e-08	4.06438125625e-07	-0.000519409	-0.0003195649999999	1.0212178922499996e-07	2.69785709281e-07	0.000221424	0.0001325942	1.758122187364e-08	4.9028587776000016e-08	0.0	0.0
57742.17405867287	46.27980819631921	2141.8206466880947	3334158665.022074	98697.44272122523	135.60917678679107	9741185199.709536	18389.848828791157	54504.61970691568	84.63167414015334	7162.520267765099	2970753569.3955007	66167.67738472465	59281.845787946426	1.040984	18.538668	0.17674942	0.0926149	0.0146785075	0.0070265922	-0.1273677527	0.0315942087	-0.0026753046	0.0676167373	0.0123387137	0.1418902583	-0.0321202412	-0.101224698	-0.151705785	0.0581042437	0.0295650057	-0.0389632544	0.0199368278	-0.0308383298	-0.0300753436	-0.0848685517	-0.0907661659	-0.0092020382	0.0186300737	-0.0419084869	0.0462166499	0.0068849129	0.0133477736	-0.0760846986	-0.0296019268	0.0258500919	0.0629958575	-0.0484404186	0.1077616556	-0.0589082126	0.0480077221	0.0342060278	-0.0242514407	0.0272626691	0.077803447	0.0869643844	0.0446589104	-0.0594384596	-0.0196914514	0.0176037031	0.014874268	0.1801861451	0.0935082939	-0.0801183821	0.0575759128	0.105100202	-0.0466060151	0.0338723419	0.0639548741	-0.0774561728	-0.1174724719	-0.0157597848	-0.0940959915	-0.0834260342	0.0167483231	0.102689307	-0.0128658176	-0.0759784478	0.0170029275	-0.032108231	-0.0083763047	0.0100599454	0.1136182214	-0.0283243498	0.0342504919	0.0048339201	-0.1193040913	0.0585342026	-0.0116421697	-0.0611871834	-0.0921586944	0.0568238659	-0.0396539781	-0.1007486199	-0.071945376	0.058584	0.0507623700000001	0.003432085056	0.0025768182080169	0.017937	0.0017546	0.000321735969	3.078621160000007e-06	0.0280946	-0.0095807999999999	0.00078930654916	9.179172863999994e-05	-0.000219911	-0.000857436	7.351964940960001e-07	4.836084792099999e-08	-0.00107984	-0.000560431	3.1408290576100015e-07	1.1660544256e-06	0.00109659	0.0008751659999999	7.659155275559999e-07	1.2025096280999998e-06	0.0	0.0
57795.62332187364	53.44926320076775	2856.823736704945	3340334075.163904	99337.74902021453	640.3062989892933	9867988380.403131	409992.15652536624	54446.44398922892	-58.17571768675407	3384.41412836891	2964415263.0722423	66289.98789608829	58995.00851283482	1.201524	21.397694	0.19995003	0.0906792	-0.0014557045	-0.0631848341	-0.1014367689	-0.0267499016	-0.0398747713	-0.0033654592	0.0356281761	0.1275114807	-0.0396546877	-0.0387744352	-0.1372708624	-0.0276756876	0.017719685	0.2058291905	-0.0192802277	-0.0193577609	0.0729356719	0.0588725939	0.0228225083	0.0232301884	-0.0703342478	0.0065619321	0.0783002432	0.0404621098	0.0418595759	-0.0458957231	-0.0037892124	0.0662697144	0.0734352934	-0.0195418989	0.0387399973	-0.0880445185	-0.0621607448	-0.1368152226	0.0073342042	0.0415556645	0.0197576493	-0.1142982992	-0.0780003507	-0.0660912359	0.0887285958	-0.0116741754	-0.11918027	0.0732317207	-0.1532822223	-0.1003072543	0.0434515052	0.0409893288	-0.048680342	-0.1167066524	0.0503019815	0.0048788606	-0.1029931224	0.0121661668	0.1155453529	0.1428048511	0.0723886417	0.0362033791	-0.0210700747	0.0731798665	-0.0087630794	0.0314104759	-0.0769097216	-0.070875545	0.1107153179	0.0855298883	0.1848078723	-0.0062474259	0.0352979389	-0.1028916844	0.0587904698	-0.0366669773	-0.0561303398	0.0554036926	-0.0427609166	-0.1015862008	-0.0669538864	0.0079551199999999	-0.0506288800000001	6.328393421439842e-05	0.0025632834900544	0.0357066	0.0177695999999999	0.00127496128356	0.0003157586841599	0.067591	0.0394964	0.004568543281	0.00155996561296	0.000337294	0.000557205	3.104774120250001e-07	1.1376724243600001e-07	-0.000231293	0.000848547	7.200320112090002e-07	5.3496451849e-08	0.000661239	-0.0004353509999999	1.89530493201e-07	4.37237015121e-07	0.0	0.0
57891.279233128414	95.65591125477658	9150.053357981693	3351400211.248045	99104.90882838285	-232.8401918316813	9821782953.882076	54214.55493221415	54334.52890393861	-111.91508529031124	12524.986315537642	2952241031.21294	65994.6297885708	59222.76190904018	0.983575	17.516294	0.16247404	0.0817017	0.0166376862	-0.0280427043	-0.0889783779	-0.0480166859	-0.0179673064	-0.0148211854	-0.0054010094	0.0748397123	0.0482135082	0.0375930546	-0.0950442789	-0.1061753684	-0.0256131845	0.1778248123	-0.0411693765	-0.0724433491	-0.059643432	-0.1335938307	-0.0735204157	0.0090073779	0.1256713089	-0.0027527435	0.03966779	0.0811998245	0.1083771962	-0.0515008759	-0.0451859202	-0.0030449968	0.0172990171	-0.0500838675	-0.0408203735	0.0832489648	0.1857568116	0.0427724778	0.1629022837	0.0456442412	0.0084551706	-0.0042631259	0.0007157398	-0.1116419833	0.0468678784	-0.0085157368	0.0561483254	0.003869681	0.1343837538	-0.0038471023	-0.0086622601	-0.0066255009	-0.0654016936	-0.0772358241	0.0758291258	0.0462740103	-0.1563733468	0.0561415959	0.1163050174	0.1318667996	-0.0290934962	0.1121414372	0.0126787253	0.0100819771	-0.0370796736	-0.0845852335	0.0581302061	0.0357412796	0.0414265543	-0.0832169364	0.0319081648	0.0568299711	-0.1106828615	-0.0357875487	-0.0362387192	0.0015300746	-0.0339365929	0.0539683725	-0.0458210968	-0.1021738733	-0.0616696245	-0.0485783	-0.0565334199999999	0.00235985123089	0.0031960275768963	0.0618634	0.0261568	0.00382708025956	0.00068417818624	0.0602462	-0.0073447999999999	0.00362960461444	5.394608703999998e-05	-0.000185865	-0.000523159	2.736953392810001e-07	3.4545798225e-08	6.44687e-05	0.0002957617	8.747498318689e-08	4.1562132796900014e-09	3.13793e-05	-0.0006298597	3.9672324168409e-07	9.8466046849e-10	0.0	0.0
57888.93460196276	-2.3446311656516627	5.497295302945075	3351128749.350322	99324.2531375696	219.34430918675207	9865307261.336004	48111.92597261349	54354.2453367696	19.7164328309882	388.7377235788693	2954383986.12974	65920.54735850087	59420.18285086496	1.117473	19.90085	0.1727773199999999	0.0741512	0.0396835219	-0.0230925882	-0.075706458	-0.1078562885	0.0312762503	-0.1021541365	0.0909132296	0.1360498144	-0.0255759421	0.0240149961	-0.0588977672	0.0072072052	0.0109366729	0.1137928563	-0.0491891013	0.0103615743	0.0485542723	0.0119786521	0.0073621564	-0.1093239599	-0.0196993835	0.0867394042	-0.0831173957	-0.0373845441	-0.022076209	-0.2006136761	-0.0562952286	-0.0672548423	0.1072349507	0.0348039904	0.0572197204	0.1318145913	-0.0968119972	-0.0802506234	0.0199914992	-0.0433442932	-0.0180494793	0.0704499589	-0.1583124573	-0.1711960773	0.0842536251	0.0635027593	-0.1096517379	-0.1307696005	0.0756152334	0.0316943327	-0.0256749623	0.0940160782	-0.0865921693	-0.1001771171	0.0113649071	-0.0827073396	-0.0700281472	0.0773577791	0.0165706394	-0.0197445692	0.0970863029	0.039997116	0.122103174	0.0419891071	0.1563061256	-0.0392211524	0.0463266201	0.109057742	-0.0045719429	0.0925235186	0.0173338	0.0949905038	0.0023743408	0.1005582356	0.003382652	0.0953113313	-0.0188503688	0.0525182979	-0.0488311722	-0.1025101919	-0.056115697	-0.0206484	0.0279298999999999	0.00042635642256	0.0007800793140099	0.0281382	-0.0337252	0.0007917582992399	0.0011373891150399	0.10205	0.0418038	0.0104142025	0.00174755769444	0.000144527	0.000330392	1.0915887366400001e-07	2.0888053729000003e-08	-0.00047742	-0.0005418886999999	2.9364336318769e-07	2.279298564e-07	0.000545467	0.0005140877	2.6428616329129e-07	2.97534248089e-07	0.0	0.0
58171.85329687981	282.9186949170471	80042.98793356518	3383964515.993706	98863.0197568585	-461.233380711099	9773896675.444994	212736.2314821896	54494.86959134616	140.62425457656354	19775.180975214156	2969690811.777825	65933.07884615385	60418.99895068359	1.390177	24.757389	0.192863665	0.109546	0.1059198916	0.0595576164	0.0438991834	-0.1583882757	0.1263337978	-0.082321281	0.1304185934	-0.0203630551	0.0244065761	-0.0054594399	0.2010774447	0.0549520072	0.0165415295	-0.2488382652	-0.0404356281	0.1527256793	0.1344848477	0.0503424782	0.090882232	-0.1018854054	0.128040633	-0.0012555475	0.0474728618	-0.0155092607	0.0121446756	-0.0673682474	-0.0373039817	-0.0249102699	0.087705627	0.0386900839	-0.08436441	0.0521326084	-0.1524607967	0.1366075496	0.1135694829	0.0029885586	0.087360179	-0.0736287011	-0.1497976088	-0.0498123073	0.0167264238	-0.0463102274	-0.0204570421	-0.1187355872	0.0246430163	0.1283190402	-0.1170389365	0.1025374225	0.0778497991	0.0212088343	0.0507714301	0.0707019311	0.2113086083	-0.0217517189	-0.1136869096	-0.1841413312	0.0299635149	0.018944428	0.1838933007	0.2001469044	0.2630995216	-0.0058625298	0.055975713	-0.1336615156	0.0155319566	0.0947999624	-0.0479851955	0.1136700166	0.1591415296	0.0346962359	-0.0826660832	0.1063198299	0.1034053722	0.0510538654	-0.0517878515	-0.102594329	-0.0503163898	-0.0210571	-0.0004086999999999	0.0004434014604099	1.6703568999999833e-07	0.0196707	-0.0084675	0.0003869364384899	7.169855624999999e-05	0.0471416	-0.0549084	0.0022223304505599	0.00301493239056	0.0015982	0.001453673	2.113165190929e-06	2.55424324e-06	8.23393e-05	0.0005597593	3.133304739364901e-07	6.779760324490001e-09	-2.2682e-05	-0.000568149	3.22793286201e-07	5.14473124e-10	0.0	0.0
58390.68640239321	218.83310551339676	47887.92806863743	3409472258.542627	99247.92667562654	384.9069187680434	9850150949.410543	148153.33611550916	54751.15824357433	256.28865222816967	65683.8732609317	2997689329.012917	66101.3266826923	62702.83268247768	1.434246	25.5422	0.098301635	0.047721	0.2488221181	0.0624188685	0.0971617466	-0.0183454318	0.034662251	0.033763507	0.1728152751	-0.034238509	0.1008885614	-0.2052229909	0.1989969193	0.1339067281	0.0816717187	-0.1410833364	0.0468777952	0.1061229613	-0.0653082627	0.0216614605	-0.0032584804	-0.0925454562	0.0194310617	-0.0554952113	-0.0067546157	-0.1920240291	-0.1376372006	-0.015537785	-0.0636533738	0.0461360694	-0.0523412208	0.1355509015	0.0576091777	-0.0811986987	0.0403811662	-0.0183165027	0.129965192	-0.0132977049	0.0432938789	-0.1672556287	-0.0599951312	0.0846640243	-0.0477620706	0.0111052167	-0.084232463	0.0808191881	0.0782783868	0.0925052994	0.0284904479	0.1630588834	0.2099196723	0.0766067923	-0.0008335734	-0.0879407499	0.1385298875	0.0248974868	-0.2416014384	0.0519487356	-0.1789697628	-0.0042395301	0.1224223097	0.0762803253	-0.0069026893	-0.1211215738	-0.0083930478	-0.058608964	0.1182596287	0.0232565447	-0.2423476486	0.0115149173	-0.0557343292	0.1533721192	0.0898651453	-0.0947873444	-0.1182606822	0.0495754752	-0.0546879015	-0.1024260777	-0.0442970619	-0.0145967	0.0064603999999999	0.00021306365089	4.173676815999997e-05	0.0105984	-0.0090723	0.0001123260825599	8.230662729000001e-05	0.0198448	-0.0272968	0.0003938160870399	0.00074511529024	0.000923692	-0.0006745079999999	4.549610420639998e-07	8.532069108640001e-07	0.000107139	2.47997e-05	6.150251200899998e-10	1.1478765321000001e-08	0.000387453	0.000410135	1.6821071822500001e-07	1.50119827209e-07	0.0	0.0
58135.965795001386	-254.7206073918205	64882.58783005797	3379790518.917571	99746.57250895989	498.64583333334303	9949378727.285192	248647.66710070413	54636.620793269234	-114.5374503050989	13118.827522393	2985160331.7075	66424.19293597028	62336.93439397321	1.332175	23.724443	0.09393996	0.0427383	0.2086822502	0.0393753749	0.0741533196	0.1560722424	-0.0778488549	0.1621549246	0.1596224317	-0.084996269	0.0682215051	-0.1638965563	0.1504113002	0.1301399567	0.1563500157	-0.0515729771	0.1381476574	-0.0169624335	-0.1058096822	0.0669426555	-0.0889293226	-0.1491336398	0.0312645819	0.0529927232	-0.008469957	-8.0979e-05	-0.0087647647	-0.076364989	-0.0077435538	0.0896932985	-0.0810410762	-0.051111093	0.0238961389	0.048094647	0.0393594258	-0.0093167336	0.0790046153	-0.0803955511	-0.056941613	0.0170446882	-0.084141594	-0.1055357676	-0.0682257912	-0.0470399005	-0.0070653709	0.005298969	-0.0651199071	-0.0766750651	0.0757962384	0.0288052556	0.2479598907	0.1030288329	-0.1149631757	-0.0372819025	0.1124553694	-0.0014178389	-0.1016866359	0.062707554	-0.1594604192	-0.0095245337	0.0437830765	0.0854278216	0.0110785472	-0.0573695968	0.0482063827	0.1049387909	0.0854669604	0.0540376013	0.0837567739	0.035492508	0.024312967	0.0708336872	0.0363813124	0.0728909862	-0.1051403187	0.0480835316	-0.0575281511	-0.102005852	-0.0380840342	-0.00610829	0.00848841	3.73112067241e-05	7.205310432810003e-05	0.0300164	0.0194179999999999	0.00090098426896	0.0003770587239999	0.0367649	0.0169201	0.00135165787201	0.00028628978401	0.000714359	-0.000209333	4.382030488900001e-08	5.10308780881e-07	-0.000393302	-0.000500441	2.50441194481e-07	1.54686463204e-07	0.000659948	0.000272495	7.425352502500004e-08	4.355313627040001e-07	0.0	0.0
57851.78572752581	-284.1800674755796	80758.31075042495	3346829111.863559	100189.34602219988	442.7735132399976	10037905056.3561	196048.3840268903	54485.515324519234	-151.10546875	22832.862686157227	2968671380.17842	66329.04023983829	61414.33639871652	1.271405	22.642189	0.07318315	0.0382649	0.1026090894	-0.0238621342	0.0539603238	0.2120006364	-0.1553226167	0.0999745377	0.0044271246	-0.091642244	-0.0267492125	-0.0440015341	0.0988161399	0.063444661	-0.0233266364	-0.0016102687	0.1440917922	-0.0327260222	-0.0559340405	0.0252062296	-0.0193816064	0.1207811254	-0.0158021754	-0.002857575	-0.0443725363	0.0172145604	-0.1099235398	0.0127696595	-0.0770579577	0.0785844553	0.0535417715	-0.0022591385	-0.0350365496	0.0114824487	0.0710067054	0.0223764334	-0.024755561	-0.0536144416	0.0943392919	0.1009294783	-0.0575753243	0.0545838091	-0.0127430901	0.017941513	-0.0069073818	-0.0572939955	-0.0125528734	-0.0665538088	0.1218711559	-0.1360295998	0.1586748172	0.0657747788	-0.0082227921	-0.0365306671	0.0434291817	-0.0941117964	-0.0949833968	0.0139560834	0.0072926938	0.1656133743	0.0070107873	0.0305634472	0.0286677104	0.1906623476	0.0739148664	0.0959911159	-0.1220520201	0.0305660946	-0.0472390937	-0.0482660332	0.0450304315	0.000978644	-0.1727746864	-0.0031389121	0.0229787029	0.0465784425	-0.0603054945	-0.1013346856	-0.0317044747	-0.0115294	-0.00542111	0.00013292706436	2.938843363210001e-05	0.0251532	-0.0048631999999999	0.00063268347024	2.365071423999998e-05	0.0081525599999999	-0.0286123400000001	6.646423455359838e-05	0.0008186660002756	0.000814398	0.000100039	1.0007801521000002e-08	6.63244102404e-07	-0.000799171	-0.000405869	1.64729645161e-07	6.38674287241e-07	0.000480126	-0.000179822	3.233595168400002e-08	2.30520975876e-07	0.0	0.0
57652.60284265064	-199.1828848751684	39673.82162719458	3323822614.532408	100513.30506942296	323.9590472230775	10102924495.978888	104949.46427768416	54496.68340306029	11.168078541057184	124.72597829922196	2969888501.933387	66102.44700885052	59541.12447209821	1.356194	24.15218	0.1356396799999999	0.10866	-0.0143492259	-0.0524363303	0.1084064332	0.1173093581	-0.1596613627	-0.111328494	-0.0910014076	-0.0223250972	-0.0335052354	-0.0446075305	0.0364756637	-0.1282510158	0.0824932565	-0.0324114651	-0.1094327908	-0.0210820101	-0.0657576412	0.1219723809	0.113301062	0.1007937079	0.032126578	0.086767812	-0.0989134821	-0.0097225836	-0.1759138045	0.0621567174	0.0591229701	0.0001319582	-0.0331633922	0.1200369082	-0.1090951502	0.0489744387	0.0104576661	-0.0002605766	-0.0185790677	0.085579998	-0.104131027	0.0318546998	0.0646267475	0.0852188184	0.0898814693	-0.0378462048	0.0255785551	-0.0309331805	-0.0013443357	0.1111180915	0.1686292401	-0.0289513157	-0.0385306639	0.0791611216	-0.1330066006	-0.0366174961	0.040181738	-0.1956718824	0.0165778883	0.180281902	0.0715421325	0.0009530601	0.0876599016	0.0428185385	-0.0695590645	0.1037469522	0.0330787591	-0.0679695677	-0.2584671758	-0.0050027342	-0.1859217875	0.0092952646	0.0373064934	-0.1047926081	-0.0275865051	0.0616397207	0.0824826986	0.0450606192	-0.0630168947	-0.1004142296	-0.0251862796	-0.00769861	0.00383079	5.92685959321e-05	1.4674952024100005e-05	0.0297034	0.0045502	0.00088229197156	2.070432004000001e-05	0.11043	0.1022774400000001	0.0121947849	0.0104606747329536	0.000407446	-0.000406952	1.6560993030400004e-07	1.66012242916e-07	-0.000799171	0.0	0.0	6.38674287241e-07	0.000387453	-9.267299999999998e-05	8.588284928999996e-09	1.50119827209e-07	0.0	0.0
57302.81856523125	-349.78427741938503	122349.04072980132	3283613015.519812	98543.29690078384	-1970.0081686391204	9710781364.076036	3880932.184504861	54278.89205806213	-217.79134499816428	47433.069956109415	2946198123.05076	65983.66616040209	57974.35337416294	1.322162	23.546108	0.10751836	0.0543203	-0.1134077237	-0.0140210768	0.0760018439	0.1062230534	0.0117928007	0.0506803667	-0.1353377997	-0.140442632	-0.1085524934	0.1085163079	-0.0539162926	0.0221334302	-0.0464555554	0.0174551617	0.0430506101	-0.0941634385	0.0157986493	0.0075173656	0.128278775	-0.1087482757	-0.1582680052	0.0274659808	0.0120311011	0.0427106092	0.1046393458	0.035644827	-0.0193386425	-0.0476687127	-0.1602991532	-0.0277346884	0.0305861934	-0.0104106369	0.0066294833	-0.0862016602	-0.1101806851	-0.0216436297	0.071072641	-0.0078143534	-0.0342656089	0.0274349471	0.0255019619	0.0437728995	-0.015065403	-0.0939967304	0.0295732917	-0.0487417664	-0.0283827429	-0.1425745293	-0.0268504403	-0.0076899753	-0.0524125752	-0.0273973008	-0.0103394509	0.0434240168	-0.0217842649	0.039838195	0.0108954026	-0.2596606966	0.0858542285	0.0374403664	-0.0296648614	0.0554645699	-0.1085698041	0.0735060067	-0.0262166573	-0.1030508016	0.0654826374	-0.0268062713	-0.1085919836	-0.1040772735	0.0234022819	0.0328820099	-0.0706355492	0.0435304769	-0.0656593869	-0.0992467484	-0.0185579513	0.0117773	0.01947591	0.0001387047952899	0.000379311070328	0.025192	-0.0045114	0.000634636864	2.035272996000002e-05	0.0918211	-0.0186088999999999	0.00843111440521	0.0003462911592099	0.00103925	0.000631804	3.99176294416e-07	1.0800405625e-06	-0.000799171	0.0	0.0	6.38674287241e-07	-0.000279186	-0.000666639	4.44407556321e-07	7.7944822596e-08	0.0	0.0
57475.31188889163	172.4933236603756	29753.94670740309	3303411476.7253675	97932.9126959571	-610.3842048267397	9590855389.113956	372568.8775019714	54281.53167182877	2.6396137666451978	6.967560837062848	2946484680.63975	65880.27577851835	58097.818634486604	1.157951	20.621721	0.06635006	0.0363136	-0.1160199774	0.0841507594	0.0174154338	0.0168914123	0.0862999045	-0.0125085364	-0.1754627507	-0.0529360955	-0.0048892827	0.1298167984	0.0266216252	-0.0104638444	-0.1168696825	-0.0705483987	0.0087140076	-0.0667929174	-0.048110997	0.0547611883	0.1340268581	0.0439248434	0.0309900358	0.0718185052	0.0954267682	0.0182279716	0.0417941059	-0.1005893616	0.0441270433	-0.0742215325	-0.1016973773	0.0469876557	0.0356574698	0.0511964785	0.2414432819	-0.0629658923	0.0197068517	-0.1357604164	-0.1175226084	-0.0326468951	0.0321432886	0.1708494401	-0.0102659012	0.066204174	0.0609340118	-0.0738209113	0.002563168	0.0064395038	-0.1108246526	-0.1240584799	-0.0315968702	0.0343191333	0.094501615	0.0219330844	0.0107477345	-0.0660229573	0.031751019	0.0765538397	-0.1309340111	-0.2049226238	0.0437749269	0.0075050463	-0.0397834925	0.1039307886	0.0356319192	-0.0599314276	-0.0295267025	-0.0339737743	0.0656807691	-0.0154928285	-0.1197955844	-0.0235510641	-0.04920534	0.0366317845	-0.0620652637	0.0419884337	-0.0682300815	-0.0978351141	-0.0118484738	-0.00630423	-0.01808153	3.97433158929e-05	0.0003269417271408	-0.00253313	-0.02772513	6.416747596900001e-06	0.0007686828335169	0.0852133999999999	-0.0066077000000001	0.0072613235395599	4.366169929000139e-05	0.00112274	8.348999999999987e-05	6.970580099999978e-09	1.2605451075999997e-06	-0.000799172	-1.000000000015745e-09	1.0000000000314906e-18	6.38675885584e-07	-0.000474409	-0.000195223	3.811201972900001e-08	2.2506389928100002e-07	0.0	0.0
57646.774385137454	171.4624962458256	29399.38761884976	3323150597.01094	98242.88588722154	309.9731912644347	9651664627.449633	96083.37930265782	54484.53665865384	203.0049868250644	41211.02467584457	2968564734.9081936	66040.91698126093	58899.79298549107	1.347393	23.995453	0.17138702	0.100122	-0.0541726972	0.0750888824	-0.0876229461	0.0026176915	0.0792006368	0.0001486606	-0.0489541968	0.0819488114	-0.0201329128	-0.0527667077	-0.041166771	0.0388784721	0.0526653992	-0.1342652855	-0.155994461	-0.0834218869	0.028229562	-0.0329031718	0.0504438831	-0.0347797153	-0.0117618534	-0.0370419887	-0.0538502474	-0.015085305	0.0172466354	-0.0045831151	-0.0347931726	0.0040422516	-0.0599820667	-0.0088908607	-0.0051451073	0.0629227627	0.0268303367	0.0538710165	-0.0734198517	-0.0791253208	0.0540142177	0.1014811507	0.0049318652	-0.0665328333	0.001492206	-0.010873882	-0.079799	-0.0048796238	0.010058342	-0.0567302301	-0.0300870928	0.1274820967	-0.1434605649	0.1249022989	-0.0426145959	-0.0345051053	0.1002213185	-0.0266980335	-0.0174164266	-0.031756102	0.0182731605	-0.0948103161	-0.0674486217	0.0745056697	-0.1588004036	-0.0292216948	0.0694003087	0.0668726972	0.0017541237	-0.1071243348	-0.0729053603	-0.1099738007	0.0286049511	0.0237570665	0.0313094792	-0.0511233531	0.072099041	0.0404349114	-0.0707261675	-0.0961827994	-0.0050871859	-0.024472	-0.01816777	0.000598878784	0.0003300678667729	-0.0160486	-0.01351547	0.0002575575619599	0.0001826679293209	0.175086	0.0898726000000001	0.0306551073959999	0.00807708423076	0.0008111079999999	-0.000311632	9.711450342406228e-08	6.578961876638377e-07	-0.000523784	0.000275388	7.5838550544e-08	2.743496786560001e-07	-6.48054e-05	0.0004096036	1.6777510913296e-07	4.19973986916e-09	0.0	0.0
57631.49073286579	-15.28365227166796	233.5900267612612	3321388724.092395	98886.19395562603	643.308068404498	9778479355.02969	413845.2708743264	54492.16272189349	7.626063239651557	58.15684053516481	2969395798.1093183	66302.58796984266	58780.97970256696	1.30112	23.171389	0.28294128	0.174116	-0.0403210969	0.0027899153	-0.1296249482	0.0457496002	-0.0184235083	0.114012706	-0.0130150837	0.0619409759	-0.0037751817	-0.0445329427	-0.1019330826	0.0578067279	-0.1527424988	-0.0521982428	0.013709058	-0.0149489991	-0.0283026606	-0.0361254998	0.1956256671	-0.1155823489	0.0272062813	-0.0447000486	0.0011101377	0.0085620267	-0.0895451671	0.054098602	0.0274824741	0.1375631664	0.0757919305	0.1780967418	-0.0011548391	-0.0192971402	-0.0470406718	-0.0744283335	0.0689289618	0.0465800129	-0.0554573762	0.03979996	0.0414179359	-0.0949353508	0.028019272	-0.0145082207	-0.093951465	0.0566766323	0.1163310566	-0.1178246705	0.0326232773	-0.0123281887	0.0113323417	-0.0283064911	0.1377870896	0.0244137012	-0.0521718311	-0.0587316947	-0.0143987626	-0.0525314809	0.0057539022	0.0461182671	0.0970922751	0.0430720308	-0.0990896285	-0.0078244741	-0.0597193028	-0.1418884821	-0.0292289881	-0.0277574435	-0.091500491	0.0982091463	0.0402619993	0.0496887087	0.1281216249	0.0248349524	-0.0477462465	0.0388703345	-0.0731449155	-0.094293869	0.0016963469	-0.0591142	-0.0346422	0.00349448864164	0.00120008202084	0.0306163	0.0466648999999999	0.00093735782569	0.0021776128920099	0.0156532	-0.1594327999999999	0.0002450226702399	0.0254188177158399	0.00100208	0.0001909720000001	3.647030478403821e-08	1.0041643264e-06	-0.000880937	-0.000357153	1.2755826540900001e-07	7.76049997969e-07	-0.000360708	-0.0002959026	8.755834868676002e-08	1.30110261264e-07	0.0	0.0
57657.41506239142	25.92432952563104	672.0708613535052	3324377511.676881	98831.1651148025	-55.028840823535575	9767599197.949354	3028.173322382016	54465.45589289016	-26.706829003327584	713.2547154129794	2966485885.620364	66007.44646115603	58599.07312165179	1.397105	24.880751	0.16128545	0.0869786	-0.0370628256	-0.0548462744	-0.0719069348	-0.0471248602	-0.0346939143	-0.0990075728	-0.0507075769	0.0914988054	0.0061533282	-0.0298756928	-0.0534506753	-0.1999093714	-0.0898716126	-0.0459091872	-0.0944813948	-0.0371189518	-0.1918313753	-0.0919029795	-0.0268683818	-0.08664201	-0.0054198769	-0.0861735323	-0.1001519647	0.0436460023	-0.0008615031	0.0077844865	0.0499197925	-0.0256686892	0.0977692323	0.0210566361	0.153227122	0.0473253524	0.0723731201	-0.0184071511	-0.0474699975	-0.0492457651	-0.0193754167	-0.1037778353	0.025408981	0.0815526323	-0.1076281993	0.0486832584	-0.0091696607	0.0635858517	0.1059074794	0.0390083144	0.0700106022	0.0133970129	-0.0666076409	-0.0508876885	0.0501758621	0.0154021161	-0.1996414545	-0.1485601643	-0.0284702235	-0.0325168577	-0.1645463763	-0.0270362064	0.0506333656	-0.0649090013	-0.0260542769	-0.1253107898	0.04198438	0.1067498597	-0.0815635817	-0.0307222863	0.0338777736	-0.0425251847	-0.0201265335	0.0708365992	-0.1070849146	-0.0704552109	-0.0693337936	0.0372951309	-0.0754836805	-0.0921729699	0.0084724621	-0.0345877	0.0245265	0.0011963089912899	0.00060154920225	0.0222889	-0.0083273999999999	0.00049679506321	6.934559075999998e-05	0.0810069	0.0653537	0.00656211784761	0.00427110610369	0.000401801	-0.000600279	3.60334877841e-07	1.6144404360100002e-07	-0.00140746	-0.0005265229999999	2.772264695289999e-07	1.9809436516e-06	-0.000495463	-0.000134755	1.8158910025000004e-08	2.454835843690001e-07	0.0	0.0
57715.41262706628	57.99756467486441	3363.71750821508	3331068854.712522	98697.4047190852	-133.7603957172978	9741177698.282902	17891.843462448098	54416.84544887204	-48.61044401812251	2362.975267639022	2961193068.6064253	66190.0037928868	58570.471688895086	1.700406	30.282181	0.1214058	0.0647739	-0.0295328807	-0.0099168159	0.0403689327	-0.1328462975	0.0925895316	-0.0553700314	0.0583626978	-0.0520394539	-0.1437673867	0.0123714097	-0.064497204	0.0147255008	0.1395938265	-0.0269315788	0.1173204266	0.2045203622	-0.1839836811	-0.1814461955	-0.0093254036	0.0608386852	-0.0866051417	0.0823012193	0.0505127783	0.0841104968	-0.0306906684	0.1152529041	-0.0110748248	-0.0824326488	0.0220479317	-0.020665318	0.0987954525	0.0739004445	-0.0174426809	0.1287360256	-0.0475344719	-0.1066695983	-0.0821859309	-0.0411270696	-0.06806668	0.0344446983	0.1315034861	0.0068509693	-0.0048060988	-0.0057318271	-0.0362234573	-0.0599526084	-0.0735868666	0.0806153067	-0.0248191846	-0.104918257	-0.1555834968	0.116726544	0.1102995394	-0.1147958802	-0.1229614203	-0.0243185134	0.0108344919	0.1812371403	0.0499662468	-0.2064586139	0.0017045167	0.0224309867	-0.1062072555	0.0890755682	-0.0136213442	-0.1053847425	0.083424729	0.0018862112	-0.0022282768	-0.0535357069	-0.089407351	0.0045053185	-0.023732626	0.0357097311	-0.0777399053	-0.0898253196	0.0152115293	-0.0479966	-0.0134089	0.00230367361156	0.00017979859921	0.0182092	-0.0040797	0.0003315749646399	1.6643952090000016e-05	0.141651	0.0606440999999999	0.020065005801	0.0036777068648099	0.000914698	0.000512897	2.63063332609e-07	8.366724312040001e-07	-0.00110379	0.00030367	9.221546890000003e-08	1.2183523640999997e-06	-0.000446568	4.8895000000000026e-05	2.390721025000002e-09	1.99422978624e-07	0.0	1.0
57789.49559788806	74.08297082177887	5488.28656578054	3339625801.4583235	98556.66569493864	-140.73902414656186	9713416352.903894	19807.47291772652	54404.79466184357	-12.05078702847095	145.2214680055637	2959881682.1973624	65909.06484648165	59639.23024930245	1.291515	23.000334	0.1506529499999999	0.0707413	0.0163078165	0.0599392673	0.0736977399	-0.0138905902	0.017744964	-0.0122568887	-0.0284101595	-0.0340066653	0.1160447016	0.0185576054	-0.020227561	-0.0203908882	-0.0827005975	-0.0421934544	0.0600570003	-0.0255807674	0.0486615228	-0.0227803488	-0.0353822737	0.0624397688	-0.0194347036	-0.0262998588	-0.1488474493	-0.1720173619	0.0314784925	0.1038844632	-0.0945703668	-0.2049738113	-0.0180334365	0.070437437	-0.0617363392	-0.0271378042	-0.1425025884	-0.1445444004	0.1246423487	0.0996914413	-0.0688512422	-0.0544649725	-0.0517272828	0.0662778682	-0.1074332753	-0.0492798863	-0.0334153958	0.129999257	-0.0004643353	0.0405806965	-0.0224845183	-0.0626739831	0.0176908148	0.082153052	0.0471989949	0.120091833	-0.0935084531	0.0891687008	0.0059522372	-0.0757362516	0.0744124984	0.0036063345	0.1006696549	0.0008930081	0.0012388782	-0.1156392628	-0.0406828966	-0.0726040409	0.1097053071	-0.0153498609	-0.1731700264	-0.0589504139	0.0858564463	-0.2100417798	0.0551458735	-0.0451558885	-0.0455087331	0.0341145687	-0.0799111227	-0.0872566935	0.0218840804	-0.049894	-0.0018974	0.002489411236	3.600126760000002e-06	0.049672	0.0314628	0.002467307584	0.00098990778384	0.0939232	-0.0477278	0.00882156749824	0.00227794289284	0.000663109	-0.000251589	6.329702492099999e-08	4.397135458810001e-07	-0.000673092	0.0004306979999999	1.855007672039999e-07	4.53052840464e-07	-0.00115558	-0.000709012	5.026980161439999e-07	1.3353651364e-06	0.0	0.0
57656.7604448658	-132.7351530222586	17618.620847842405	3324302024.9966416	98669.59696975556	112.93127481691772	9735689366.173994	12753.472831774196	54266.35293199889	-138.44172984467878	19166.11256238702	2944837060.540264	65852.92903463724	59237.78705998884	1.140615	20.312984	0.125033	0.0613061	-0.003624094	0.0533953662	0.0659226326	-0.0001858877	0.004106115	-0.0056250048	-0.0156303335	-0.0154013575	0.043928497	0.0940098798	-0.0830089854	-0.0542807891	0.0608991784	-0.0237854524	0.0496284217	-0.0480748831	0.0323685987	0.0454718811	-0.1025241581	-0.0400927811	0.1175945794	0.0104790806	-0.1084859007	-0.0730030913	0.0915860015	0.0390103024	-0.0481298589	0.0362770376	-0.0171403443	-0.0110118391	0.0820715498	0.017607173	0.0161455624	0.1116002641	0.0066249598	-0.0463884662	-0.0794430836	0.1413515258	-0.0146460477	0.0408848406	0.0327682605	0.0734326994	-0.0776160713	0.0013036601	-0.0982137568	0.0323071488	-0.0315395287	-0.0185754546	-0.0691566593	0.0393066137	-0.1187998852	-0.032327993	-0.1016071543	0.105032647	0.0192472113	-0.0550394669	-0.0044821192	-0.0175186823	-0.0540154618	-0.126699885	0.0786478239	-0.0654994079	0.0590107142	-0.0024807749	0.1188440774	-0.0280848865	-0.0159431934	0.0753049041	0.1247367285	-0.0887469136	-0.0542628675	0.1206440566	-0.0580275836	0.0325100797	-0.0819949584	-0.0844734105	0.0284609379	-0.0346453	0.0152487	0.0012002968120899	0.00023252285169	0.0236976	-0.0259744	0.00056157624576	0.00067466945536	0.129313	0.0353898	0.016721851969	0.00125243794404	0.000629883	-3.3226000000000024e-05	1.1039670760000016e-09	3.9675259368900004e-07	-0.000980811	-0.000307719	9.469098296100001e-08	9.619902177210002e-07	-0.000528123	0.000627457	3.93702286849e-07	2.78913903129e-07	0.0	0.0
57709.54509181771	52.784646951906325	2786.2189538373937	3330391594.704541	98151.09961259796	-518.4973571575974	9633638355.162128	268839.50937941315	54381.87289085614	115.51995885725046	13344.86089438084	2957388099.1172338	66009.30295290647	59424.17776646205	1.13554	20.222607	0.18351635	0.0959816	-0.0229885015	0.1126361339	-0.0350458962	-0.0157932353	0.0588494835	0.052832886	-0.0919388387	0.0228888112	0.0918735005	0.039628589	-0.0277516023	0.011515654	-0.0544975352	-0.0944261205	-0.0619863289	-0.0274126854	-0.0194902446	0.0045190847	-0.1475713909	0.0118052605	-0.0100595215	-0.092354122	-0.063105622	0.0659972666	-0.0015077197	0.0529488924	-0.0444634974	-0.0570350182	0.0784451397	-0.1054550952	-0.1502875181	-0.0487998019	-0.052371912	0.0087680689	-0.0101145361	0.0601704108	-0.1248863229	-0.0375260123	0.2037300529	0.0970692805	-0.0194718054	-0.026978391	-0.1537743057	0.0915801776	-0.0530716627	-0.0402633231	-0.0523371737	-0.0315711026	-0.0385491722	0.0753834844	0.057622617	0.0224467603	-0.0105233398	-0.00533714	0.0140161295	-0.0320024035	-0.0167526349	0.0453064269	-0.2005820734	-0.0112834822	-0.0333721856	-0.1217601169	-0.0020043712	0.0091256851	0.0814908069	0.069758985	-0.0544946043	-0.0222924862	0.0630161403	-0.0503724118	0.0500223392	0.0272173782	0.2346554116	0.0308967027	-0.0839891338	-0.0814823178	0.034913343	-0.0284174	0.0062278999999999	0.00080754862276	3.878673840999997e-05	-0.0106442	-0.0343418	0.0001132989936399	0.0011793592272399	0.0689325	-0.0603805	0.0047516895562499	0.00364580478025	0.00165951	0.001029627	1.060131759129e-06	2.7539734401000003e-06	-0.000524801	0.00045601	2.0794512010000009e-07	2.75416089601e-07	-0.000693809	-0.0001656859999999	2.7451850595999985e-08	4.81370928481e-07	0.0	0.0
57810.229589736766	100.68449791905732	10137.368121212658	3342022645.218076	98685.92473700496	534.8251244069979	9738911741.197807	286037.91369696084	54539.03585544563	157.16296458949364	24700.197438558436	2974506432.0415845	66093.13198071459	60269.74888699777	1.196644	21.310789	0.09233275	0.0421211	0.046916945	0.0508647077	-0.077947998	-0.0137848071	0.0320753451	0.0389378203	-0.0063170069	0.079294337	0.0075344776	-0.0593424387	-0.0181270684	0.0957012537	0.0062579861	-0.0493084483	-0.0204790527	-0.0760511862	0.0708162115	-0.0402710392	0.0018166739	-0.0049679142	-0.1039176875	0.0458327071	-0.0697293255	0.1221926216	0.1163312986	-0.0062593699	-0.082241734	-0.0069519802	0.0259196558	-0.0640693093	-0.0384943787	-0.0416625272	-0.088573332	0.0408419115	-0.0039134533	-0.0293010369	0.0011356001	-0.0107461335	-0.0948734959	-0.0550854127	0.2075104332	-0.0231226251	-0.0293297239	0.0378965271	-0.0099225124	-0.0151332858	-0.0021510192	0.0815657362	-0.017830655	0.0656314163	0.0507702401	-0.0806506391	-0.0093535329	0.0283771981	-0.1170316937	-0.0021453482	0.0799948435	0.0034016261	-0.0849484896	0.0123622723	-0.0003295605	-0.0221905078	-0.0252692388	0.0171440695	0.0209303141	-0.0512411545	0.0987273001	-0.022440748	-0.0240801708	0.0015703227	-0.0314926943	0.0094203038	0.0600098352	0.0292748789	-0.0858914684	-0.0782907735	0.041213081	-0.0111723	0.0172451	0.00012482028729	0.00029739347401	-0.0158624	-0.0052181999999999	0.00025161573376	2.7229611239999997e-05	0.0498661	-0.0190663999999999	0.0024866279292099	0.0003635276089599	0.00140971	-0.0002498	6.240004000000007e-08	1.9872822841e-06	-0.000980811	-0.00045601	2.0794512010000009e-07	9.619902177210002e-07	-0.000383558	0.000310251	9.6255683001e-08	1.4711673936399998e-07	0.0	0.0
57778.50457088634	-31.72501885042584	1006.476821059875	3338355590.4479337	99412.23753190748	726.312794902522	9882792971.100391	527530.2760391129	54549.32875485392	10.292899408290396	105.94377822918476	2975629267.605133	66292.02696541739	59999.17101953125	1.101874	19.62306	0.0868889499999999	0.0475618	0.0481259642	-0.0988038465	-0.1078314407	0.0158434155	-0.0616856938	0.0647755843	0.0533193734	0.0571882474	-0.1250109269	-0.0783430387	-0.0222408758	0.0939379969	-0.1061253248	-0.0286368092	-0.0425114144	0.0314415855	-0.0803023041	0.000574548	-0.068269682	0.0312828984	0.052479078	-0.1149002822	0.1410771681	0.0179520855	-0.1242640769	0.0813414068	0.0180563866	-0.0004326775	-0.0427630349	0.0073573666	0.0591376684	0.0190707688	-0.0123486404	-0.0830639676	-0.0700774579	0.0779783239	0.062347518	0.0238689016	-0.0313888375	-0.1283618458	0.0549490495	0.0220340575	0.0176052724	-0.0175763726	0.0302539994	-0.0744913541	0.0730028037	0.0284401412	0.0557110761	-0.1189342519	0.0490402627	-0.0924034362	0.017301134	-0.0675586962	0.0168294573	-0.1043182101	-0.1338367925	0.0875766095	-0.1508714407	-0.0118251894	-0.081255336	0.0466611527	-0.0803225909	-0.0854600259	0.0432638084	0.0008486122	-0.0715643945	0.0173850608	-0.0731061425	-0.0154057836	-0.0217836905	-0.0537101796	0.016941659	0.0276450517	-0.0876998819	-0.074906629	0.0473326046	-0.0255671	-0.0143948	0.00065367660241	0.0002072102670399	0.0194829	0.0353452999999999	0.00037958339241	0.0012492902320899	0.0234418	-0.0264242999999999	0.0005495179872399	0.0006982436304899	0.00140971	0.0	0.0	1.9872822841e-06	-0.000851149	0.000129662	1.6812234244e-08	7.244546202010001e-07	-0.000468387	-8.482900000000002e-05	7.195959241000004e-09	2.1938638176900002e-07	0.0	0.0
57623.78558905058	-154.7189818357583	23937.96334029371	3320500665.6128736	99312.27650899856	-99.96102290891577	9862928265.399788	9992.206100996782	54421.44965213572	-127.87910271820148	16353.064912012322	2961694182.239943	66122.33100551792	59015.13442299107	1.05487	18.785959	0.0783345	0.0393636	-0.0086725784	-0.117563573	0.0256442217	0.041700653	-0.0713594822	-0.007289522	-0.010816598	-0.0259529622	0.0047466911	0.0364499851	0.1002973135	0.0232231657	-0.095780877	0.0297207174	0.0706446602	-0.0212530451	0.1167836263	-0.0046866367	-0.0905057115	0.0327795465	0.0024073387	-0.0518087536	0.0807696698	0.0761047733	0.0503070452	-0.0018511347	0.0314099901	-0.0072985637	0.1247105472	0.0193756309	0.1243005341	-0.0930085962	-0.0127887643	-0.1297907818	0.0221854927	0.0629808523	-0.0044352153	0.0815109599	0.0192880452	-0.0095106746	-0.0827398019	-0.01903653	-0.0519264692	0.0448497892	0.0034043735	0.0041557636	0.0389206199	-0.1044435283	0.0856869085	-0.0426065044	0.0517873916	0.0095968699	0.0230292715	0.0166439661	0.0892473438	-0.0938856768	0.000308341	0.0654312893	-0.0990436313	-0.0099793997	0.0591083935	0.0790148339	-0.0033501798	-0.0798459354	0.1203710899	0.0446003733	0.0901055727	-0.0086269542	-0.0108738666	0.0889096625	-0.0283840373	-0.0195422113	0.0459502684	0.0260076665	-0.0894123968	-0.0713382097	0.0532451548	-0.0152413	0.0103258	0.00023229722569	0.0001066221456399	0.0121679	-0.007315	0.00014805779041	5.350922500000001e-05	0.0537062	0.0302644	0.00288435591844	0.00091593390736	0.00117062	-0.0002390899999999	5.7164028099999986e-08	1.3703511844e-06	-0.000980811	-0.000129662	1.6812234244e-08	9.619902177210002e-07	-0.000708221	-0.0002398339999999	5.752034755599999e-08	5.01576984841e-07	0.0	0.0
57529.467354705404	-94.3182343451772	8895.929329991763	3309639614.1161146	99029.11478799248	-283.16172100607946	9806765575.693392	80180.56024312478	54466.69323224852	45.24358011280128	2046.981541423468	2966620671.655867	66111.36895487325	58718.72221819197	1.174893	20.923428	0.07559755	0.0407808	-0.0740737295	-0.025271597	0.096435926	0.0805695874	0.0090138286	-0.0023262549	-0.0264567069	-0.0396705747	-0.0410828353	-0.0260008024	-0.0008581958	-0.0475231377	0.1674127317	0.0465823237	0.0029405658	-0.0119442018	0.0374011591	0.0683799702	-0.049456081	-0.0226648974	0.0207949698	0.0794108854	-0.0009965255	0.0051899576	0.0373469449	-0.1046915945	0.1349194946	-0.0029022595	0.0582179498	-0.0104360335	-0.0199822295	-0.0852221083	0.037860523	0.0068151277	-0.0587542672	0.1503838148	0.0372190865	-0.0647706553	-0.0749752232	-0.028024104	0.0147674092	0.0270229439	0.0244087507	0.0290381455	-0.0888865778	-0.0039620412	0.0075341075	0.0281109588	0.0099932264	0.0139406645	-0.1637915738	-0.072951451	-0.0589975837	0.0095082283	0.0280104925	0.0532984062	0.0082836638	0.0466260495	0.0538281206	-0.0228969061	0.0470678676	-0.0284428973	0.0715514491	-0.0241157189	-0.0276823635	0.0854052973	0.1106350386	0.0579693976	-0.0449045334	0.0633143058	0.0358493728	-0.0857177847	0.1326411401	0.0243631711	-0.0910271406	-0.0675942939	0.0589248775	-0.0266668	-0.0114255	0.00071111822224	0.00013054205025	0.0121581	-9.80000000000078e-06	0.00014781939561	9.604000000001528e-11	0.0829441	0.0292379	0.00687972372481	0.00085485479641	0.00086308	-0.00030754	9.458085160000003e-08	7.449070864e-07	-0.000926839	5.3972e-05	2.9129767840000003e-09	8.59030531921e-07	-0.000371246	0.000336975	1.13552150625e-07	1.3782359251599998e-07	0.0	0.0
57509.80643541016	-19.66091929524555	386.5517475341587	3307377836.238344	98716.5625741285	-312.552213863979	9744959726.451828	97688.88639127446	54464.88602533284	-1.807206915684219	3.265996836096868	2966423809.752496	66268.75486642263	58358.74260100447	1.219348	21.715126	0.0510034	0.0273937	-0.105655281	0.0165044892	-0.1121112696	0.0890451878	0.0096254262	0.0947436811	-0.0845335397	0.0648555888	-0.0437177724	-0.0196849743	-0.1138093784	0.092754178	0.0327094857	0.0922060911	-0.0496631088	0.050451414	-0.0073568767	-0.0889987053	-0.0258005719	0.0169401829	0.0162855774	0.0389055907	-0.0677131713	-0.1216517073	-0.0749989632	0.0111663997	0.1258794785	0.0668071069	-0.0695749937	-0.0399500144	0.0176262538	-0.1349065093	-0.0722082893	-0.1031115436	-0.1987820344	-0.1796905145	0.0233872317	-0.0851347991	0.0817740719	0.1270257809	0.029479938	0.1244305391	0.0372918389	-0.0031699569	-0.0451795596	-0.1548433862	0.0128558617	0.0088146065	-0.0719625718	0.0399896463	0.0339538581	-0.0115684201	0.0360968752	0.0332225243	0.0582274275	0.0852071026	0.0553712616	0.0100576863	-0.0075574831	-0.1161780109	-0.0843243509	0.0146594447	0.0319270839	0.0493149854	-0.1003120979	0.1173974998	-0.09641818	-0.0292381846	-0.0326385181	0.0994936181	0.0423762452	0.0447307889	0.0358037979	0.0227120151	-0.0925423476	-0.063684092	0.0643469367	-0.0304107	-0.0037438999999999	0.00092481067449	1.4016787209999983e-05	0.0267786	0.0146205	0.00071709341796	0.00021375902025	0.0983741	0.01543	0.00967746355081	0.0002380849	0.0008951229999999	3.2042999999899974e-05	1.0267538489935898e-09	8.01245185128821e-07	-0.000926698	1.410000000000517e-07	1.988100000001457e-14	8.58769183204e-07	-0.000683242	-0.000311996	9.734150401600004e-08	4.6681963056400004e-07	0.0	0.0
57583.47872527391	73.67228986375267	5427.606293768794	3315857022.104073	99067.579099951	351.01652582250244	9814385228.72505	123212.60140049952	54457.84546620747	-7.040559125365689	49.56947279777008	2965656932.821334	66077.00798732518	58262.24188113839	1.098127	19.556324	0.1069205	0.047907	-0.0855660731	-0.0765097637	-0.0321258222	-0.0034211515	-0.0413295209	-0.0565992643	-0.0379417647	0.0831332812	-0.0284575618	0.0026733077	-0.059973829	-0.0232788304	-0.0813251682	0.0399980477	0.0130157838	-0.0116559733	-0.0838375347	0.0537697303	0.1242265918	0.0402579909	-0.0975313987	-0.1388926938	0.1317864108	-0.0001287783	-0.0213571051	-0.056058032	0.086719427	0.037479519	0.1070300185	0.0093299833	0.044626327	-0.0969214753	-0.0225692332	-0.0196064655	0.0868259124	-0.0359382797	-0.0836747849	0.0611508904	-0.1054661989	-0.0757542261	-0.07910006	0.0364113416	0.0174868774	0.0315568964	0.0453695757	5.56092e-05	0.024552764	-0.01653697	-0.0312603427	-0.0719464122	0.0717934507	0.0097781742	-0.0459921915	0.0162202265	-0.0107539894	0.0944127188	-0.1496745962	-0.0589681944	0.1116853282	-0.0365229071	-0.14396132	0.0446489444	-0.0899428905	-0.1429504717	0.0682223674	-0.0420175352	0.0509478739	-0.0810733041	0.11691795	0.1010080906	-0.0862805371	-0.0664399866	0.0879363271	0.0210546499	-0.0939563609	-0.0596172234	0.0694876231	-0.0208966	0.0095140999999999	0.00043666789156	9.051809880999997e-05	0.0101361	-0.0166424999999999	0.00010274052321	0.0002769728062499	0.0732619999999999	-0.0251121000000001	0.0053673206439999	0.00063061756641	0.00140971	0.0005145870000001	2.6479978056910295e-07	1.9872822841e-06	-0.000575321	0.000351377	1.2346579612900002e-07	3.30994253041e-07	-0.000930314	-0.000247072	6.104457318399999e-08	8.65484138596e-07	0.0	0.0
57712.90164640648	129.42292113256553	16750.29251448628	3330779016.447788	99028.8175504074	-38.76154954360391	9806706705.431875	1502.45772302126	54550.41785318047	92.57238697299908	8569.646829878691	2975748087.9565907	66070.24041193182	58766.14455636161	1.151996	20.515669	0.16575195	0.07857	-0.0534555786	-0.0128034703	0.0690826092	-0.0691033809	0.0408811584	-0.133521589	0.0365719241	-0.0088823204	0.0150490532	-0.0266241735	0.0475178592	-0.0906931116	0.0677809211	-0.033550085	-0.13243552	0.0452099076	-0.055372765	0.0110821353	0.0240658618	0.0880268948	0.0273961246	-0.0515848335	-0.0656381357	0.1276460891	-0.0761079264	0.0238748138	0.0252747111	0.0380284289	-0.1390289238	-0.0305560299	-0.0384026487	0.1944330099	-0.0243593744	-0.0913457675	0.0005034985	0.0925673766	-0.1007850724	-0.0315205769	0.0240828193	-0.1054635552	-0.0414851145	-0.0530258928	0.005205947	0.006391762	-0.0289276667	0.0902304919	-0.0114291567	0.0794930339	-0.0194312997	-0.0428442125	-0.0676371161	0.0378853804	0.0309311516	-0.128742949	0.0001522077	0.0636986271	0.0113951461	-0.0001859092	-0.0575914671	-0.0061953542	-0.0467529045	-0.1209258641	0.0004838498	-0.0550220539	-0.1158320327	0.0324300478	0.0030033353	-0.1033252064	0.1128153794	0.0153404878	0.0027035875	-0.0274084082	-0.0051985463	0.0193915285	-0.0952676342	-0.0554036926	0.0743244578	-0.0366661	-0.0157695	0.00134440288921	0.0002486771302499	0.00386815	-0.00626795	1.49625844225e-05	3.928719720250001e-05	0.11815	0.0448880000000001	0.0139594225	0.002014932544	0.000710543	-0.000699167	4.88834493889e-07	5.048713548490001e-07	-0.00123625	-0.000660929	4.36827143041e-07	1.5283140624999998e-06	-0.00031388	0.000616434	3.79990876356e-07	9.85206544e-08	0.0	0.0
57701.04526830513	-11.85637810134358	140.5737016820196	3329410625.0549984	98347.78106467874	-681.0364857286622	9672286040.345982	463810.6948936464	54474.983057507394	-75.43479567307804	5690.408398239034	2967523779.1157174	66304.69962713069	59021.73824609375	1.306201	23.261862	0.06108755	0.0315919	-0.0546918422	0.1179286495	0.0016017222	0.0379293392	0.082661576	0.0970088935	-0.030241701	-0.0201398618	0.0718216802	-0.0059457592	-0.0534557245	-0.0350956046	-0.0273726886	-0.0327204415	0.0591037461	-0.1101068714	-0.0313022915	-0.049776706	-0.1100782012	-0.0651617048	0.0470464754	0.1090962767	0.050938204	0.1495207944	-0.0980977304	0.0095305854	0.0276066368	0.0488433609	0.0308598769	0.0976253038	0.0846566063	0.0593355263	0.0348888382	-0.0093511788	0.0668043267	0.0290932335	-0.0098308171	0.0445278596	0.0349814074	0.0007395634	-0.0202316107	0.1047936772	0.0428111843	0.022131766	-0.1186599676	-0.1072794785	-0.0695843388	-0.0080715385	0.0481305292	0.0544891839	-0.0337595543	0.1012891629	-0.124235865	-0.1333397151	0.1522428505	-0.0581676778	-0.0513786717	0.0544698784	-0.0945285909	0.0323440785	-0.1180604161	0.0053424306	-0.03265035	0.0624749474	0.0445763113	-0.001127935	0.054235526	0.1106625194	0.0446214539	0.0633578857	0.0196839763	0.1108412286	-0.0611325595	0.0177231056	-0.0964747338	-0.0510538654	0.0788362905	-0.0307161	0.00595	0.00094347879921	3.5402500000000005e-05	0.0238617	0.01999355	0.00056938072689	0.0003997420416024	0.101573	-0.016577	0.010317074329	0.000274796929	0.000921401	0.0002108579999999	4.446109616399999e-08	8.489798028009999e-07	-0.00135443	-0.00011818	1.3966512400000017e-08	1.8344806249e-06	-0.000271578	4.2301999999999975e-05	1.789459203999998e-09	7.375461008400002e-08	0.0	0.0
57746.49893887013	45.453670564995264	2066.036167831117	3334658139.696929	98831.92883341068	484.1477687319421	9767750156.932354	234399.06196811804	54402.43830898669	-72.54474852070416	5262.740537932208	2959625293.9631023	65993.35815122377	59081.73850223214	1.131718	20.154545	0.125592075	0.0596694	-0.0393157664	0.0351706108	-0.0622068158	-0.0276342042	-0.0403737985	-0.040004186	-0.0477914795	0.0452216259	0.121557043	0.0351425159	-0.0691204577	-0.0379346551	-0.0908170135	-0.0201061718	-0.0240347319	-0.0188258029	0.1484827715	0.017873296	-0.0237070361	0.1207480079	-0.0141993973	0.0088817721	-0.0735232743	-0.0070970139	-0.0035044724	0.0749145105	0.1658747697	0.0321550053	-0.0190972606	-0.0417886008	-0.0469059521	0.0733627679	0.0209868529	-0.1383680104	0.1914996782	-0.0531777976	0.0771842956	-0.0152454357	-0.1593362416	0.0234500877	-0.0085397277	-0.0099884393	-0.0676564509	0.0151957117	0.1433855433	0.0155468776	0.0524179685	-0.0316640466	-0.0999948123	0.0355528951	0.0951101231	0.0975095539	-0.0063813407	0.1093672542	-0.0173582839	0.0831549905	-0.0051437439	-0.0099899812	-0.0994999948	-0.1576679105	-0.0059954402	-0.0057085062	0.0043694918	-0.0494744406	-0.0550524183	0.0477690727	-0.0479489822	0.0764220529	0.1173192219	0.0560020666	0.0947288132	-0.0109918988	-0.0223642211	0.0160498375	-0.0975763397	-0.0465784425	0.0830033923	-0.0128901	0.017826	0.0001661546780099	0.000317766276	-0.00184096	-0.02570266	3.3891337216e-06	0.0006606267310755	0.133496	0.031923	0.017821182016	0.001019077929	0.000444926	-0.0004764749999999	2.27028425625e-07	1.9795914547600001e-07	-0.00168549	-0.00033106	1.0960072360000001e-07	2.8408765401e-06	-7.63047e-05	0.0001952733	3.813166169289001e-08	5.82240724209e-09	0.0	0.0
57898.1889316425	151.68999277237162	23009.853907282155	3352200281.5641704	99581.88184882942	749.9530154187378	9916551192.554222	562429.5253356575	54442.50641410873	40.068105122038105	1605.4530480706962	2963986504.65027	65928.51434795673	59134.17325837054	1.20277	21.419886	0.1166052749999999	0.0610141	-0.0085649936	0.0184713275	-0.0766393764	-0.1790960305	0.0257282735	-0.161177785	0.0864556892	0.1101790723	-0.0346015019	0.0088933402	0.0004241773	-0.102215747	-0.0078153227	0.022560985	-0.0913229109	0.0101893395	0.0595782939	0.12846132	0.0144353004	0.1047768858	-0.1762251675	-0.0352142425	0.029951908	0.0262878515	0.0031107887	0.0942160186	-0.0593336241	0.2047320341	-0.0116356154	0.0196421123	0.0208758551	0.0072052992	0.0132564639	0.1302810665	0.087834917	-0.0344761211	-0.049800566	-0.1398897231	0.0554232222	0.0231454146	0.0222178477	0.0682832386	-0.022714288	0.023028565	-0.0086998229	0.1019335616	-0.0232639267	0.1040476325	-0.1003347847	-0.070158561	-0.0066127365	-0.0055658557	-0.022943062	0.045649119	-0.0040938227	0.0886161857	-0.0247095995	0.0487857186	-0.102743399	0.0908175127	0.1111033572	0.2060976607	-0.0908748934	0.049959516	-0.0512004625	-0.0859999732	-0.0051926016	-0.1201035659	0.2483415892	0.0078961919	0.1572840507	0.0093489362	0.0189643101	0.0143721814	-0.0985712473	-0.0419884337	0.0868075413	-0.006721	0.0061690999999999	4.5171841000000006e-05	3.805779480999999e-05	-0.0381124	-0.0362714399999999	0.00145255503376	0.0013156173596735	0.143558	0.0100619999999999	0.0206088993639999	0.0001012438439999	-0.000213563	-0.000658489	4.3360776312100005e-07	4.5609154969e-08	-0.00154406	0.0001414299999999	2.000244489999997e-08	2.3841212836000004e-06	0.000405831	0.0004821357	2.3245483321449003e-07	1.64698800561e-07	0.0	0.0
58264.5461900506	366.3572584080976	134217.64078829758	3394757342.73254	98999.13514915944	-582.7466996699804	9800828760.281536	339593.7159762544	54725.59956314719	283.093149038461	80141.73103251228	2994891247.545936	66595.05459598995	61364.4343342634	1.434933	25.554434	0.22646696	0.138341	0.1108116904	0.1118219002	-0.0801841977	-0.0208223655	0.094645376	0.1223389496	0.1038963266	0.0565906896	0.0115110674	-0.1655382577	-0.0008086118	0.00930695	0.0220443546	0.0054155661	-0.0505178597	-0.0519933768	0.0857135459	-0.1335801545	0.0500052187	0.0493225665	-0.0757128562	-0.0944195166	0.0413351746	0.1044579385	0.0606515757	-0.0420408789	-0.0222247474	-0.015092806	0.0041928843	-0.1209808793	-0.0189289147	0.1026606422	0.0873932057	-0.0380063233	-0.0188769557	-0.0676312109	0.1096394661	-0.006072251	0.1589670522	0.0244668068	0.033425007	-0.0978407254	-0.0748844411	-0.0381810727	0.1016067593	-0.1224463336	-0.0198419021	0.1612268662	0.0852427737	0.0218527313	0.0759693615	0.0926634272	-0.0086933489	-0.1158150143	0.0365085296	0.0234982457	0.1403163756	-0.0285635555	-0.0838656081	0.0522184927	0.037463303	0.0393994436	0.0011628728	0.0213374577	-0.0650797202	0.0397758902	0.0724180133	-0.057064369	-0.1125946678	0.0267947829	-0.0820482886	-0.0903824631	0.0909704025	0.0126905962	-0.0994583687	-0.0372951309	0.090232103	-0.00686736	-0.0001463599999999	4.71606333696e-05	2.1421249599999967e-08	0.0134754	0.0515877999999999	0.00018158640516	0.0026613011088399	0.045226	-0.0983319999999999	0.002045391076	0.0096691822239999	0.000940956	0.001154519	1.3329141213609998e-06	8.853981939359999e-07	-0.00121468	0.00032938	1.084911844e-07	1.4754475024000003e-06	0.000361714	-4.4116999999999984e-05	1.9463096889999988e-09	1.30837017796e-07	0.0	0.0
58143.89240673885	-120.65378331174723	14557.335427438058	3380712224.206424	99544.31374406972	545.1785949102778	9909070398.777788	297219.70034834475	54627.8028094952	-97.79675365198636	9564.205024867308	2984196839.793092	66300.73050972466	61531.15132282366	1.254752	22.345623	0.0977548153999999	0.0618865	0.132101346	0.019086442	-0.0904605223	0.0793140361	-0.085750229	0.0427463763	0.0107367575	0.0255209284	0.1134978046	-0.093396259	-0.0096339883	-0.116951029	-0.0884031121	-0.0215971514	0.0812707502	0.0447041546	0.0857597226	-0.0960632681	-0.0498908068	0.049836717	-0.1649293989	0.052138942	0.0529416958	-0.0542615065	0.0098957355	-0.0420648344	-0.0030148279	-0.1321173766	0.1061800039	0.1193066984	0.0479171265	-0.1312709612	-0.0750870376	0.1083207135	0.0131618217	-0.0046353436	0.0657929928	-0.012825859	0.1981924706	-0.0284360479	0.0641797241	-0.0019563894	0.1245105377	-0.0091215527	0.0050740727	-0.0140659818	0.1098241408	0.0005366545	0.0325728433	0.0771107704	0.066815399	0.1315654152	-0.0362147112	0.0481634166	0.0694007644	-0.0031432474	0.011249067	-0.0130384955	0.1047323009	-0.0439980624	0.1020397531	0.0190220922	-0.1744715856	0.0340015804	-0.0061721854	-0.1316334484	0.0086808737	-0.1010818053	-0.0826157988	0.0653446161	0.0642472379	-0.0209396933	0.0727669092	0.0110055415	-0.1002367339	-0.0325100797	0.0932621027	-2.13346e-05	0.0068460254	4.5516515716000005e-10	4.686806377744517e-05	0.00528616	-0.00818924	2.79434875456e-05	6.706365177760001e-05	0.0988292	0.0536032	0.00976721077264	0.00287330305024	0.000593154	-0.0003478019999999	1.2096623120399993e-07	3.518316677160001e-07	-0.00122678	-1.2099999999999916e-05	1.4640999999999795e-10	1.5049891684e-06	0.000139289	-0.000222425	4.947288062500001e-08	1.9401425521e-08	0.0	0.0
57760.11804822999	-383.774358508861	147282.7582488878	3336231236.945464	99805.90308503508	261.5893409653654	9961218290.619415	68428.98330669421	54611.6462647929	-16.1565447023022	261.03393671748927	2982431907.7508683	66478.05394859047	59930.3937360491	1.439832	25.64168	0.1914776054	0.100427	0.0103551276	-0.041293959	-0.0979252935	0.1177580608	-0.1264535305	0.0906015225	-0.041857888	0.0683423389	-0.0818189108	-0.1245633264	-0.175794292	-0.0091936806	0.0744498657	-0.0928084217	0.0710261498	0.0440204058	0.0096860324	-0.0510474639	0.0163675053	-0.126350734	0.05544561	0.0649364772	-0.0512994007	-0.0174131767	-0.0349456506	0.1282951049	0.0702830562	-0.0492928327	-0.0402638646	-0.0535339674	0.0195799253	-0.1398273232	-0.0550452095	0.0387933393	0.0750199881	0.1042657528	-0.0356445661	-0.0114463146	-0.016355081	-0.0094971217	-0.0669243631	-0.00069537	0.1257938206	-0.0175510555	0.0416046632	-0.1529049298	0.153537472	0.0606973615	-0.1102709938	0.0776152951	-0.135063471	0.0804691499	0.0377772886	0.0022609422	-0.0339177182	-0.1509659029	0.0715276668	0.0058184513	0.0675089224	0.066710025	-0.0838634172	-0.0163031494	-0.0550882567	0.0538720329	-0.0465235556	-0.020060541	-0.0041674495	0.1291321557	-0.0986934884	-0.070467587	0.0671358731	0.0898521958	-0.0317629749	0.009317478	-0.1009054916	-0.0276450517	0.0958842909	-0.039887	-0.0398656654	0.001590972769	0.0015892712777847	0.0383693	0.03308314	0.00147220318249	0.0010944941522596	0.180409	0.0815798	0.032547407281	0.00665526376804	0.000336046	-0.000257108	6.610452366400003e-08	1.12926914116e-07	-0.00164006	-0.00041328	1.7080035840000006e-07	2.6897968036e-06	0.000207881	6.859200000000002e-05	4.7048624640000035e-09	4.3214510161e-08	0.0	0.0
57658.954876943	-101.16317128699302	10233.987224841489	3324555077.5013485	99596.33806466583	-209.5650203692494	9919430555.891205	43917.49776236391	54412.58539432322	-199.0608704696788	39625.23015214623	2960729449.2945166	66178.7262155813	58729.196590401785	1.213126	21.604313	0.23385322	0.118702	-0.0662748681	-0.0180037784	-0.0842202462	0.0496245539	-0.1018101066	-0.0122165493	-0.115671888	0.0844443572	0.0219102465	0.0271894471	-0.1468974998	-0.0579974631	-0.02502387	0.0025193268	0.0266592057	-0.0196274175	-0.061251997	-0.0268289725	0.0608277271	0.0069587492	0.1077403749	0.0957116356	-0.0744143542	-0.0409393824	-0.0739632329	-0.0136111885	-0.0518215968	0.0775348132	-0.1528510886	0.0360430285	-0.1635470422	-0.0795963855	0.0258431725	-0.0120525995	-0.125791249	0.0684557033	-0.11058986	-0.068685034	-0.1589152772	-0.110867143	-0.0719124484	-0.0765992749	0.0246515761	0.0713488331	0.028869526	-0.0398306909	0.0739588628	-0.069108473	-0.1038587198	0.0139518964	0.0274564978	0.0458021563	-0.0483901116	0.0474116935	-0.0515160293	0.1086276886	0.0248876612	0.1100656793	0.1194377722	0.06973094	-0.0090972542	-0.0130501385	0.0637943713	-0.0027539388	-0.05500273	-0.0298718219	-0.1070251278	0.0105454899	-0.0251224564	-0.1046187345	-0.0422612961	0.0927280753	0.0331246106	0.0076268671	-0.1014639107	-0.0227120151	0.0980872016	-0.00681205	0.03307495	4.64040252025e-05	0.0010939523175025	-0.0022811	-0.0406504	5.20341721e-06	0.00165245502016	0.0854121	-0.0949969	0.00729522682641	0.00902441100961	0.0008924719999999	0.0005564259999999	3.096098934758887e-07	7.965062707838215e-07	-0.00106074	0.00057932	3.356116624000002e-07	1.1251693475999995e-06	4.10076e-05	-0.0001668734	2.7846731627560012e-08	1.6816232577599995e-09	0.0	0.0
57684.75643979628	25.80156285328121	665.7206456718209	3327531125.518618	98968.7006626444	-627.637402021428	9794803710.852112	393928.7084162077	54343.01908630732	-69.56630801589927	4839.471210962971	2953163723.414762	65868.61910511364	58601.83774330357	1.260533	22.44858	0.10560895	0.0577478	-0.0484918606	-0.0252743873	-0.0812542849	-0.0936691024	0.004743104	-0.0883413374	-0.0265607065	0.1364381779	0.0066932399	0.0921931649	-0.0722661791	-0.045693263	0.0097240048	0.0650850773	-0.1020514891	-0.0145715534	0.0014820685	-0.0510763034	0.0127168395	0.0280644781	0.053161837	-0.0908060313	0.0157652117	0.0615896871	-0.0521032518	-0.0482929278	-0.1084246637	0.0324395251	-0.0376056689	0.0586590947	-0.0383506919	-0.0143210715	0.0081532244	-0.0528693071	-0.2007527353	0.0319208403	0.0667930692	0.0780371723	-0.1117687549	0.1832132572	-0.0274612067	0.0003339546	0.0123146537	-0.0886442445	-0.108940369	0.0541806671	-0.0245885656	0.0170353668	-0.1339110054	-0.0464199478	0.0192157081	-0.0680699998	-0.0697119382	0.0334492619	0.0333478182	0.0298882554	0.0265833381	0.0116740341	-0.0107801411	0.0310778763	0.0845488963	-0.0508617608	0.0410241445	-0.0275329515	-0.0504144839	-0.0553859066	0.0315941199	-0.1086417387	-0.0450509002	0.0334550438	-0.1533152242	-0.0610962031	-0.0743885992	0.0059341712	-0.1019113804	-0.0177231056	0.0998612018	-0.0124525	-0.00564045	0.00015506475625	3.18146762025e-05	-0.0260067	-0.0237256	0.00067634844489	0.00056290409536	0.106409	0.0209969	0.011322875281	0.0004408698096099	0.000148372	-0.0007440999999999	5.536848099998511e-07	2.2014250384e-08	-0.00142156	-0.00036082	1.3019107240000014e-07	2.0208328336e-06	4.10076e-05	0.0	0.0	1.6816232577599995e-09	0.0	0.0
57801.47624370126	116.71980390498356	13623.512623617817	3341010655.9511614	99169.60902369532	200.90836105091148	9834611353.912592	40364.169540163406	54464.14167090422	121.12258459689474	14670.680499431925	2966342727.948325	66230.36159582605	59117.18070256696	1.176956	20.960173	0.06831039	0.0322044	-0.0051425213	-0.0783324219	-0.0288347961	-0.1438411204	0.0548495269	-0.067916227	0.0231625465	0.0151623838	-0.1346531826	0.0187005967	-0.0327070798	-0.0141014738	-0.0028618407	0.0847878464	-0.0837189919	0.1109642257	0.0176399955	0.0631919425	0.0520617444	0.0038109232	0.0817064785	-0.010074975	0.0900250963	-0.0265550994	-0.0581220576	-0.0086566457	-0.0324317631	0.0051471925	-0.0477901572	0.0210876046	-0.1162132638	-0.156826011	0.0016214784	-0.0512838161	0.0033115008	-0.1129418197	0.0268493086	-0.0200468671	0.0649863741	-0.0424799147	-0.0610727119	0.00515619	0.0264182519	-0.0533093748	0.0264543801	-0.0178037042	-0.0332484826	0.0108382415	-0.0408240218	-0.1432644324	0.0508785817	0.0733935691	0.0794329039	-0.1358922599	0.0838436713	0.0726656636	0.1331455915	-0.0312810783	-0.0490579768	0.1117108206	-0.0332888158	0.0641185557	-0.0360658463	-0.0603003894	0.095374866	0.0595039414	-0.0902497216	0.0927331542	0.0082683954	-0.0234762952	0.0360942906	-0.014442416	-0.0512153549	0.0042398529	-0.1022474116	-0.0126905962	0.1011985345	-0.0288375	-0.0163849999999999	0.00083160140625	0.0002684682249999	-0.00377043	0.02223627	1.42161423849e-05	0.0004944517035129	0.0957897	-0.0106192999999999	0.00917566662609	0.0001127695324899	0.000192674	4.4302e-05	1.962667204e-09	3.7123270276e-08	-0.00145465	-3.308999999999994e-05	1.094948099999996e-09	2.1160066225e-06	0.000345012	0.0003040044	9.241867521936e-08	1.1903328014400001e-07	0.0	0.0
57966.96391172608	165.48766802481987	27386.16826829299	3360168905.143354	99395.04679120256	225.4377675072465	9879375326.625347	50822.18701865131	54541.68765024038	77.54597933616606	6013.378911205093	2974795691.7363844	66035.6774694056	59563.47447265625	1.130969	20.141193	0.244815055	0.126631	0.03124334	-0.0858682474	0.0235624754	-0.0882788259	-0.065590251	-0.1079582383	0.0413140414	-0.0140232274	0.0977214365	-0.0159609821	0.023366957	-0.1085936878	-0.1068130075	-0.0791400888	-0.0068022605	-0.0729185912	0.0636456073	-0.0806326987	0.0963380905	0.0437634932	0.1399893915	0.0669726066	0.120418732	0.0123748781	-0.1391835201	-0.0113082252	0.0150522196	-0.1240468137	-0.0729804037	-0.0083403378	-0.0836168226	0.029268152	-0.0637869801	-0.0442594847	-0.0048361424	-0.0349185392	-0.0933628099	0.1634121641	-0.001890202	-0.1743860082	0.0168943945	0.0581980575	-0.0669393976	-0.0235845291	-0.0278774511	0.1107861553	0.0753958087	-0.0185927727	-0.0077681016	0.0185417516	0.0903724794	0.1576448359	-0.0229594124	-0.0484886006	0.1250500689	-0.1171858364	0.0748068175	-0.0441427574	-0.0193823264	0.0712903838	-0.0170885548	-0.0260501895	0.0103306248	-0.0973060425	0.0080143581	-0.1219499076	-0.0884406796	0.0031031193	-0.0782109549	0.0327350629	-0.0571285551	0.0500347151	-0.053615495	0.0025443755	-0.1024716367	-0.0076268671	0.1020933517	-0.0922522	-0.0634147	0.00851046840484	0.00402142417609	0.0324044	0.03617483	0.00105004513936	0.0013086183255289	0.135262	0.0394722999999999	0.018295808644	0.0015580624672899	8.39005e-05	-0.0001087734999999	1.1831674302249998e-08	7.03929390025e-09	-0.000942161	0.000512489	2.626449751210001e-07	8.876673499209999e-07	-0.00114879	-0.001493802	2.231444415204e-06	1.3197184641e-06	0.0	0.0
57733.67241684868	-233.29149487739775	54424.92158213091	3333176930.7359943	99126.33707682292	-268.7097143796418	9826030702.26792	72204.91060198868	54443.47526234283	-98.21238789755444	9645.673136539695	2964091998.6413355	66100.88780048076	58954.45088560268	1.250608	22.271818	0.126799175	0.0618604	-0.0016789456	-0.1036431135	0.015846877	-0.0637381865	-0.012293935	0.0008152827	0.0683612427	-0.0684018529	-0.0541240189	0.020226717	-0.0917647304	-0.1484157887	-0.0043527594	0.0726457737	0.0815737013	0.1290425055	0.1456991861	0.0169596128	-0.0496527361	-0.0111305678	0.1260178124	-0.0742771987	-0.0043286153	-0.0015768134	-0.0241120251	0.012562828	-0.1068342381	0.0554075802	-0.1355739883	0.0131800193	0.0528427386	-0.0173205509	0.028607607	0.1503220268	-0.0222019387	0.0048170246	0.0866177723	0.0285597208	0.0017298168	0.000957172	0.0762950119	-0.0360846122	0.0781178074	0.051594338	0.1315046216	-0.0073555214	0.0085667875	0.0270416641	-0.0129940506	-0.1407105399	-0.1170103167	0.0900791933	-0.0879956794	0.184207713	-0.0235021242	-0.0340928846	0.0030137317	0.044375694	-0.1427798201	0.0121489319	0.0830289376	-0.029678421	0.0135361186	-0.0610132516	-0.0216773797	-0.089542514	-0.1021332285	0.0120095889	-0.0387545424	0.0566152154	-0.0946445163	0.1685745849	-0.0863050115	0.0008482025	-0.1025838106	-0.0025443755	0.1025417406	-0.0722968999999999	0.0199553000000001	0.0052268417496099	0.00039821399809	0.0146666	-0.0177377999999999	0.00021510915556	0.0003146295488399	0.111218	-0.0240439999999999	0.0123694435239999	0.0005781139359999	0.000496278	0.0004123774999999	1.7005520250624998e-07	2.46291853284e-07	-0.0008294939999999	0.000112667	1.2693852889022525e-08	6.88060296035834e-07	-0.000372593	0.000776197	6.024817828089999e-07	1.38825543649e-07	0.0	0.0
57878.43735695824	144.76494010955503	20956.887884923053	3349913510.883339	98586.01249226484	-540.3245845580823	9719201859.124998	291950.6566778642	54416.27719350962	-27.19806883321144	739.7349482561074	2961131223.600875	65859.67369700612	59035.47242885045	1.13222	20.163473	0.13355895	0.0666922	-0.0033163828	-0.0293086682	0.0456293672	-0.1653590091	0.0441121563	-0.1025005705	0.0064087035	-0.0802777483	0.0228959047	0.0557025785	-0.0275209998	-0.112435036	0.0792840531	0.0117230428	0.0385211409	0.0429170329	0.1472145083	0.0272887319	-0.0020942323	-0.0810578409	-0.0271238139	-0.1074212455	-0.0435383872	-0.1420794021	-0.0469403908	0.0595901625	-0.0364631073	-0.0310326522	-0.129444081	0.007773052	0.0458355356	0.1005394733	0.0688030714	0.1420144359	-0.0292063696	-0.0123771275	0.0592129457	0.0165717619	0.0092964049	-0.0328794211	-0.0605579131	0.0004690126	0.0402177416	-0.0450072417	-0.0587998292	0.0737834025	-0.0536442202	-0.0227592349	-0.030620148	-0.0586718182	-0.0277598845	0.1230683953	-0.0604394869	0.1260687	-0.1056455926	-0.0409181986	0.0478617128	0.002095297	-0.042288665	0.074653638	0.0221902748	-0.0343940815	0.0864457724	0.1016956675	-0.0373679937	0.0422113268	-0.1249971878	-0.0109310726	0.0190805321	0.0155355648	-0.0771612648	-0.1870550653	-0.0564810832	-0.0008482025	-0.1025838106	0.0025443755	0.1025417406	-0.0271885	0.0451083999999998	0.00073921453225	0.0020347677505599	-0.0178771	-0.0325437	0.00031959070441	0.00105909240969	0.101085	-0.010133	0.010218177225	0.000102677689	0.00113902	0.000642742	4.13117278564e-07	1.2973665603999998e-06	-0.00106074	-0.000231246	5.3474712516046215e-08	1.1251693475999995e-06	-0.000414082	-4.148900000000002e-05	1.7213371210000016e-09	1.7146390272400006e-07	0.0	0.0
58024.09031726312	145.6529603048839	21214.784845576083	3366795057.145908	99288.09170985458	702.0792175897368	9858125155.384493	492915.227771417	54476.39647859652	60.11928508690471	3614.328439360523	2967677773.2932434	65914.02209899476	60612.78828962053	1.195291	21.286695	0.03909405	0.0195637	0.0819591728	0.0327140618	0.1089741714	-0.0919931568	0.071967417	-0.0532258565	0.1203979135	-0.0720029199	-0.0004938425	0.0298332255	0.0974939239	-0.0375034181	0.0712664173	0.1147125675	-0.1014606095	-0.0209252741	0.1019459034	-0.029224347	0.0340140546	0.0042248461	-0.0606061535	0.045825726	-0.0395234392	0.0294885581	-0.0521456524	0.1867106553	0.000412619	-0.0521746647	0.0897201191	-0.0260404086	0.1026411066	0.0579916121	-0.0167395313	0.0378265571	-0.0520850761	0.029365779	-0.0153563073	0.0080543568	-0.0219534655	0.0159383971	0.0701241683	0.0110247378	-0.0547321579	-0.0179897316	0.0178782037	0.1282345311	-0.0777163007	0.0540872121	0.0545558312	0.0043143837	-0.0995740635	-0.0202894024	0.013210021	0.0827161718	0.095894072	-0.0168884308	0.1326640844	-0.0370265398	0.0218857008	-0.0280603621	-0.0025856076	0.0093197113	-0.0458757997	0.0585897085	-0.0756376876	-0.0259162404	-0.0221470293	-0.0217858435	0.1086006853	-0.0511792629	-0.0947302303	-0.1070836204	-0.1015497891	-0.0025443755	-0.1024716367	0.0076268671	0.1020933517	-0.0226924	0.0044960999999999	0.00051494501776	2.021491521e-05	-0.0221096	-0.0042325	0.00048883441216	1.791405625e-05	0.103684	0.002599	0.010750371856	6.7548010000000215e-06	0.00122838	8.936000000000013e-05	7.985209600000024e-09	1.5089174244e-06	-0.00132273	-0.00026199	6.863876010000007e-08	1.7496146529000002e-06	-0.000210103	0.000203979	4.1607432441000017e-08	4.4143270609e-08	0.0	0.0
57939.05439379284	-85.03592347028462	7231.108280444102	3356934024.046885	99165.50038514592	-122.59132470865734	9833796466.636375	15028.63289382346	54552.518635586166	76.12215698964428	5794.5827847560495	2975977289.485976	66190.82102819056	60683.32635518973	1.043937	18.591265	0.0755568199999999	0.0515266	0.0776417164	0.0327402696	0.0987752993	0.0527877123	-0.0029612991	0.0761009504	0.0813163297	-0.0938306261	0.0798943984	-0.0258811025	0.0478817485	-0.0292487562	0.1364908805	0.0993765947	0.0089899655	0.0632670126	0.0447598491	-0.0162243103	-0.1452182944	0.0518021922	-0.0485167513	0.0050669217	-0.0216715217	0.0895175573	-0.0133423813	-0.1095248026	0.0939345858	-0.0778935812	-0.0284424285	0.0379341032	0.0830182223	-0.1283287213	-0.0242433431	-0.0479564227	0.0620379735	0.0513274428	-0.0254965793	-0.0228896431	0.051382392	0.0009146185	-0.0954764952	-0.0487997489	-0.2006182503	-0.1350092562	-0.0211517949	0.0104105677	-0.0119059591	-0.0250381997	0.125118802	0.0508331957	-0.03809523	-0.0027599991	-0.0167399445	0.0364185246	0.0568956239	0.1695016104	0.0750621609	0.0029753539	0.0142771751	-0.0657939954	0.1286742109	-0.2270582301	-0.1177068236	-0.0198972303	0.108465894	0.0460730656	0.1195143175	-0.0500646223	0.0662678959	0.052435645	-0.0278115214	-0.0315756107	-0.0371108529	-0.0042398529	-0.1022474116	0.0126905962	0.1011985345	-0.0203962	0.0022962	0.00041600497444	5.272534440000008e-06	-0.00204278	0.02006682	4.1729501284e-06	0.0004026772649123	0.0553762	-0.0483078	0.00306652352644	0.00233364354084	0.00113902	-8.936000000000013e-05	7.985209600000024e-09	1.2973665603999998e-06	-0.00131437	8.360000000000008e-06	6.988960000000012e-11	1.7275684969e-06	-0.000210103	0.0	0.0	4.4143270609e-08	0.0	0.0
57787.39357026229	-151.66082353054662	23001.005393963605	3339382855.6443915	99563.8810237469	398.3806386009819	9912966404.510828	158707.13321212615	54434.17663068602	-118.34200490014337	14004.830123785556	2963079585.4607244	66018.44789117132	60181.09940680803	1.097791	19.550331	0.07544468	0.0311717	0.0298870743	-0.0228524056	0.1258724186	0.1197642973	-0.0827515042	0.0181325489	-0.0024315693	-0.0916333115	0.0578309066	0.0549926308	0.1136456047	0.114200922	-0.080584412	-0.0832268288	0.0382942989	0.1456464216	-0.0310004727	0.0003005742	-0.1734215601	-0.0786075738	-0.0436335185	0.2357151481	-0.0894900936	0.011060309	-0.0152466003	0.0655337583	-0.1180428125	0.0387561529	0.0672669465	-0.0404321779	-0.042538872	-0.1024194771	-0.1114531024	0.0088770945	-0.0874596965	0.0794701977	0.0076621257	0.0210646804	-0.0497600718	-0.1067852001	0.0097154799	-0.1004509112	0.0999136729	0.1183172816	0.0111041089	0.0558842891	0.0260706536	-0.1530288005	0.0805416116	0.0612318183	0.0285565797	-0.0483465629	0.1410718518	-0.0331720187	-0.0023304634	-0.112471469	-0.0064170409	0.1337264225	0.0003906606	0.0312705254	0.0263224111	-0.0669095453	-0.1511476473	0.1403361516	0.0229576695	0.0098117316	0.0278664354	0.0475417819	0.0822216981	-0.0663377549	0.031711086	-0.0129115468	-0.037269322	-0.0059341712	-0.1019113804	0.0177231056	0.0998612018	-0.00277106	0.01762514	7.6787735236e-06	0.0003106455600196	-0.00751632	-0.00547354	5.64950663424e-05	2.99596401316e-05	0.062136	0.0067597999999999	0.0038608824959999	4.569489603999995e-05	0.00133051	0.00019149	3.6668420100000044e-08	1.7702568601e-06	-0.000897413	0.000416957	1.73853139849e-07	8.053500925690001e-07	-0.00051338	-0.000303277	9.197693872900001e-08	2.635590244e-07	0.0	0.0
57575.50250656053	-211.8910637017616	44897.82287666399	3314938488.882958	98957.9182104734	-605.9628132734942	9792669576.550743	367190.9310703277	54365.63388151812	-68.54274916790018	4698.1084634936815	2955622147.339271	65969.81010981207	58887.51007477679	1.149091	20.463938	0.1048374199999999	0.0541177	-0.0609899733	0.0355215756	0.073595933	0.1151229683	0.0050222656	0.0255404182	-0.0648834499	-0.0595547888	-0.0290548694	0.084021646	0.064045137	0.1215744879	0.0976944714	0.0434379908	-0.0609420724	0.0428685544	-0.1060901251	0.0182345646	-0.0062449638	0.1648834367	0.0253469397	0.012793269	0.1703042467	-0.1661184652	0.0398862122	-0.0172053632	0.0385675388	0.0132982937	0.0038553251	0.0158482484	0.0968151015	-0.1263637608	0.0603621038	-0.0516276099	0.0224128703	0.056927711	-0.0826807693	0.1328048474	-0.0373019115	0.1081489717	-0.0349629103	-0.1211288184	-0.0091304055	-0.0691167136	0.0727623435	0.0180624915	-0.0474505621	-0.0376572529	-0.0102082447	0.0492342298	-0.1164813249	-0.1708052037	0.0964478643	0.0217864056	0.0629595105	0.0230500023	-0.1521439659	0.031745614	0.0360838702	-0.0844264918	0.0429613426	0.137332334	0.0750839689	-0.0895232582	0.0638181501	-0.0152329055	-0.0545526068	-0.0445017103	-0.1382313388	-0.0351639888	0.0457903408	-0.0566347264	0.062878115	-0.0076268671	-0.1014639107	0.0227120151	0.0980872016	-0.00510985	-0.00233879	2.61105670225e-05	5.4699386641e-06	-0.00123374	0.0062825799999999	1.5221143876000002e-06	3.947081145639999e-05	0.108817	0.046681	0.0118411394889999	0.002179115761	0.00153953	0.0002090199999999	4.368936039999994e-08	2.3701526208999995e-06	-0.00131437	-0.000416957	1.73853139849e-07	1.7275684969e-06	-0.000148656	0.000364724	1.3302359617600006e-07	2.2098606336e-08	0.0	0.0
57536.0395654098	-39.46294115072669	1557.323724265718	3310395848.872402	98706.64638929714	-251.27182117626944	9743002041.421743	63137.528117239126	54407.87968634431	42.24580482619058	1784.7080254125872	2960217371.963718	66067.25571732955	58518.402964006695	0.904555	16.109037	0.0558302899999999	0.0348528	-0.1013043749	0.0354906316	0.0603426303	0.0856294102	0.0267765196	0.0298606795	-0.0970046011	-0.0684713253	0.0038877307	0.0757007721	0.1382691549	0.0697345542	0.1432061377	0.0345470279	-0.0525339502	-0.0932766324	0.0059862837	0.0095625973	0.0328587434	0.0372865102	0.0639807207	0.1339129806	0.1690093222	-0.0537578093	0.106119949	-0.0253258128	-0.0020652342	-0.0115849111	-0.0677216032	0.0094278337	0.0202107265	0.1443659718	-0.1802069845	-0.0528557471	0.0348954911	-0.0095531161	0.0073659569	-0.0298995581	0.0167633678	0.0625785385	-0.0705745757	0.022662267	0.0732879305	0.0482921555	-0.0513655232	0.00044185	-0.0675160294	-0.0865006202	0.0314829009	0.0725529632	-0.0381532022	-0.1016159073	0.1366366603	-0.0388605605	0.1265833885	0.0708036201	-0.0129948384	-0.0161786986	0.0466789392	0.0420896394	-0.0369633565	-0.0060963505	0.1614596488	-0.0069398518	0.1458333905	-0.0165005219	0.0719789895	-0.1050859697	0.0541841457	-0.0519082708	0.0367302815	-0.014549877	-0.056824056	-0.009317478	-0.1009054916	0.0276450517	0.0958842909	-0.0122639	-0.0071540499999999	0.0001504032432099	5.11804314025e-05	-0.00427878	-0.00304504	1.8307958288400004e-05	9.2722686016e-06	0.0791102	-0.0297067999999999	0.00625842374404	0.0008824939662399	0.00153029	-9.239999999999986e-06	8.537759999999975e-11	2.3417874840999995e-06	-0.00130001	1.4359999999999935e-05	2.0620959999999817e-10	1.6900260001000005e-06	-0.000443544	-0.000294888	8.6958932544e-08	1.96731279936e-07	0.0	0.0
57666.82870235144	130.7891369416393	17105.798341938877	3325463132.586344	98473.72051619225	-232.92587310489037	9697073632.301142	54254.46236167548	54442.619019276994	34.739332932680554	1206.8212526076238	2963998765.678141	65882.19798131556	58742.11584263393	0.98715	17.579948	0.0453979399999999	0.0247063	-0.0794781842	0.0562313714	0.0149182862	0.0514779605	0.0506600799	-0.0328128859	-0.097523293	-0.0381981273	0.0614924116	0.054080885	0.1036833289	0.0373414229	-0.0222081971	-0.0599882921	-9.99204e-05	-0.0636084443	-0.044431131	0.0219598477	0.0491458617	-0.0260727986	-0.0364420824	0.0248586199	0.1126900193	0.002945367	-0.039600017	-0.0325758305	0.0110566024	0.0652455597	-0.001299051	0.0550359335	0.1080562126	-0.0184335944	-0.0911379993	0.1580264144	-0.0222663616	0.0406312241	0.0346574133	0.0853323667	0.1005353947	-0.1118161113	-0.1765324175	-0.0050699571	-0.0179828924	0.0831305674	-0.1036542934	0.0688689377	-0.0695838214	-0.0562127278	-0.008181271	0.0877964874	0.0776190544	-0.0500219711	0.0735764511	-0.034561148	0.0064938549	-0.0270209976	-0.0707629841	-0.0384362301	0.0319845462	0.0311417183	-0.0572439471	0.0371795626	-0.0150137954	0.0493377322	0.0124679692	-0.1233889067	0.0387316264	-0.0934991792	0.0669377515	0.1219932503	0.0572376314	0.0420330535	0.0062535842	-0.0110055415	-0.1002367339	0.0325100797	0.0932621027	-0.00293383	0.00933007	8.607358468900001e-06	8.705020620489999e-05	-0.0182993	-0.01402052	0.00033486438049	0.0001965749810704	0.0805506	0.0014403999999999	0.00648839916036	2.074752159999984e-06	0.00144232	-8.796999999999993e-05	7.738720899999988e-09	2.0802869824e-06	-0.00161643	-0.00031642	1.001216164e-07	2.6128459449000005e-06	-0.000435795	7.748999999999983e-06	6.004700099999974e-11	1.89917282025e-07	0.0	0.0
57651.49748293371	-15.331219417734246	235.0462888347116	3323695162.024712	98461.44514168214	-12.275374510107213	9694656179.38848	150.6848193633899	54500.24252265163	57.62350337463431	3320.468141166492	2970276435.027845	66265.23374399038	58904.69785993303	1.179927	21.013086	0.06121617	0.0308439	-0.069266648	0.0302342174	-0.0806614686	0.0720372699	0.0691195083	0.101739896	-0.030324729	0.0428110744	-0.0923098107	-0.0126756375	0.0079111896	0.1943329825	0.0727995366	-0.0782975863	-0.0312376278	0.0606236587	0.0663147752	0.001123496	0.0730726235	-0.0036576012	-0.081417342	-0.0546888887	0.0811063692	0.0170907399	-0.00673215	-0.0543103167	-0.1312998302	-0.0411075695	0.003422518	-0.0873334622	-0.064610928	0.0076176285	0.0622705635	-0.0564389707	-0.0005816195	0.0980232382	-0.0093718999	0.0249886378	0.1164097538	0.0199932174	0.0383929958	0.0172338225	0.0513134643	0.0130629509	-0.1259700843	-0.1017418686	-0.055514513	0.0718203274	-0.0414494743	0.0337290288	-0.0078128457	-0.0444818717	0.2099090075	-0.0203502033	-0.0453797143	-0.1050072484	0.0624470852	-0.047963652	-0.0379687682	0.0540196696	-0.0651183032	0.0166338464	-0.0342860787	-0.0124308696	0.0450487795	-0.0338127771	0.0216389657	-0.0718384574	-0.1016988927	0.073171206	0.0601581843	-0.0243936697	0.0066902262	-0.0126905962	-0.0994583687	0.0372951309	0.090232103	-0.0122674	-0.00933357	0.00015048910276	8.711552894489999e-05	-0.0103546	0.0079447	0.00010721774116	6.311825809000002e-05	0.108821	0.0282704	0.011842010041	0.00079921551616	0.00157284	0.00013052	1.7035470400000018e-08	2.4738256656e-06	-0.00173746	-0.0001210299999999	1.464826089999996e-08	3.0187672516e-06	-0.000373995	6.179999999999998e-05	3.819239999999998e-09	1.39872260025e-07	0.0	0.0
57710.8352963655	59.33781343178998	3520.9761028659154	3330540510.6042256	99241.04586137323	779.6007196910941	9848785183.659184	607777.2821428719	54577.40021149223	77.15768884060526	5953.308947223662	2978692613.845392	66132.9944875437	58804.38902957589	1.028355	18.31377	0.120693	0.0806462	-0.0426184952	-0.047844449	-0.0891386227	0.0223433911	-0.0320439923	0.0422358157	0.021480187	0.0976836721	-0.028284559	-0.0540082776	0.0482937033	0.0433243365	-0.0624532618	0.0493162401	-0.0696792645	0.0634839761	0.0145856541	0.093246734	-0.046228731	-0.0336043106	0.0218718009	-0.0371986801	-0.0800885525	0.0481547392	0.1128432567	-0.0693390239	0.0103035667	-0.0415569986	0.1034077771	0.0100816254	0.0152839763	0.0940911201	0.0096554533	-0.0307324317	0.0362797114	-0.0515446782	0.0238399177	-0.0523194976	0.0490749548	-0.0391766185	0.0657763849	-0.0453801331	0.1410100834	0.0564915232	-0.0025722365	-0.0005072759	0.0297820548	0.0434250482	0.0111839735	-0.0629375286	0.1026565976	-0.0687757455	0.0425603651	0.0675662589	0.0194065574	-0.0035262642	-0.0880679874	-0.0003446216	0.0206243865	0.0427427765	0.008626421	-0.0540810599	0.0677005823	0.0086364561	-0.023572748	0.0515216647	0.0668131306	0.0501668419	0.0804835857	-0.054604697	-0.0192551374	0.0033686943	0.0356519843	-0.0143721814	-0.0985712473	0.0419884337	0.0868075413	-0.0236038	-0.0113364	0.00055713937444	0.00012851396496	-0.0178593	-0.0075047	0.00031895459649	5.632052209000002e-05	0.0364958	-0.0723252	0.00133194341764	0.00523093455504	0.00197164	0.0003988	1.5904144000000014e-07	3.887364289600001e-06	-0.00157736	0.0001600999999999	2.5632009999999944e-08	2.4880645696e-06	-0.000405629	-3.1634e-05	1.0007099560000002e-09	1.64534885641e-07	0.0	0.0
57744.80214853174	33.96685216623882	1153.747046083123	3334462175.173076	99549.79880717564	308.75294580240734	9910162442.549149	95328.38154166428	54412.87683755547	-164.52337393676137	27067.9405715354	2960761165.738981	66051.17408216782	59375.538916294645	1.149596	20.472916	0.06634435	0.0380651	-0.0003991742	-0.1189032709	0.0075253993	-0.0340449531	-0.0106506144	-0.0510076342	0.0792021899	-0.0066463361	-0.0995172591	0.0627722938	0.0451470453	0.0214182425	0.0044497404	0.1751031494	-0.0502456505	-0.0196771461	-0.039802335	0.0086827601	0.1979144549	-0.0405832954	-0.0662465924	0.0393660275	-0.0076596641	-0.0700615188	0.0331820268	-0.118406993	0.0484985712	0.0393444873	0.1320938469	-0.0765670743	0.0603680975	-0.0371890392	-0.007260231	0.1006847892	0.0294914362	-0.0382113559	0.0846063289	0.0773193439	0.0134278811	0.0680915705	0.0289308672	0.0168658965	-0.0593190274	0.0571866436	-0.0400678056	0.0330072462	-0.0187738515	-0.0219483174	0.0200777984	-0.152635417	0.0320499624	-0.0896536135	0.0063845937	-0.0077024652	0.0522743131	-0.0039846201	0.1413413154	-0.1039074894	0.103123813	-0.0979018692	0.007045962	0.1513036999	0.1198888267	0.0475307133	0.0266974707	0.0364836234	0.0574543255	-0.0069852561	0.0790842253	0.1606835162	0.0640360731	-0.0413706957	0.0306637201	-0.0160498375	-0.0975763397	0.0465784425	0.0830033923	-0.0131321	0.0104717	0.00017245205041	0.00010965650089	-0.0257695	-0.0079102	0.00066406713025	6.257126403999998e-05	0.0376283	0.0011325	0.00141588896089	1.2825562500000035e-06	0.00140582	-0.00056582	3.201522724000004e-07	1.9763298724e-06	-0.00192594	-0.0003485799999999	1.2150801639999986e-07	3.7092448836e-06	-0.00038343	2.219900000000004e-05	4.927956010000015e-10	1.470185649e-07	0.0	0.0
57696.88351482748	-47.918633704255626	2296.1954560826234	3328930367.323571	98698.43182594626	-851.366981229381	9741380444.90096	724825.7367276293	54407.95640717456	-4.920430380909238	24.21063513337463	2960225720.4050074	66157.86410074301	58911.508656947546	1.133652	20.188972	0.0885143099999999	0.0390599	-0.0321157278	-0.0251091548	0.1201970755	-0.0126474017	0.0703244094	-0.0062458084	0.0300902127	-0.1053490936	-0.1067362218	0.0916483292	0.044808669	0.0480625026	-0.0061356767	0.0708700564	0.088146368	0.0172326939	-0.0302935055	0.0340524172	0.0403412522	0.0223207329	0.114359095	-0.072673935	-0.0633702704	-0.017199569	-0.1012958174	-0.0426448441	0.1412979123	-0.0625250845	-0.0358205136	-0.0870129069	0.0374342793	-0.0119717152	-0.1437837777	0.0902576629	-0.0245875155	0.0340456956	-0.0870796535	-0.0128355123	0.0655353871	0.0609896036	0.1766705043	-0.0556050295	-0.0037493407	0.0560674447	0.0364479426	-0.0116976355	-0.0939870288	-0.0291470415	0.0632281727	-0.0926190748	-0.0842038735	-0.0147445575	0.0093005163	-0.0040778912	-0.0108229091	-0.0591547013	0.0282201384	0.0016903927	0.053292694	-0.0795523248	-0.0345624729	-0.0136870444	0.0384015966	-0.0989104025	-0.1468567816	0.1173589979	0.0442709921	-0.0136049548	0.0090228741	0.0396038632	-0.0326299543	0.1612223456	0.0711572927	-0.0177231056	-0.0964747338	0.0510538654	0.0788362905	-0.0224696	-0.0093374999999999	0.00050488292416	8.718890624999998e-05	-0.00117989	0.02458961	1.3921404121e-06	0.0006046489199521	0.0570418	0.0194134999999999	0.0032537669472399	0.0003768839822499	0.00113356	-0.0002722599999999	7.412550759999994e-08	1.2849582736000002e-06	-0.00173746	0.0001884799999999	3.55247104e-08	3.0187672516e-06	-0.000140696	0.0002427339999999	5.8919794756e-08	1.9795364416e-08	0.0	0.0
57830.43754442441	133.55402959692583	17836.67882157654	3344359506.579572	98574.82432913702	-123.60749680924346	9716995991.520224	15278.81326744713	54355.56568971893	-52.39071745562978	2744.787275515632	2954527521.44935	65976.57674961757	59481.34262444196	1.051136	18.719475	0.07373385	0.0442135	-0.0202825317	0.0962473548	0.0579900732	0.045407445	0.0746643177	0.0550114666	-0.006208475	-0.0450644522	0.0604166908	0.102176602	0.0531849352	0.102398536	0.0642027214	0.0936235361	0.0538097525	-0.0821094465	0.0460311627	0.0381768555	-0.0126095785	0.0658749039	0.0138257688	-0.0293218429	-0.0761178209	-0.0972430954	0.0097102093	0.1252766186	0.1230916686	0.0446516974	0.1073105222	0.0122186408	-0.0713576528	-0.0314451602	0.0442486435	0.0500394769	-0.0129427972	-0.0787843083	-0.0757597644	0.0065229358	0.1055195794	-0.0164483215	0.0327455469	0.0091575771	-0.0555747809	-0.0335908758	0.0512257026	-0.0023970035	-0.1072511695	-0.0595889174	0.0662497544	0.0668058022	-0.0014365059	-0.0615720793	-0.033677937	0.1256823352	0.0009577394	0.0869683854	0.0596511206	0.1008259589	-0.019894964	-0.0887426656	-0.0140176433	0.115562033	0.0384379412	-0.0778625635	-0.0085857577	0.0820331787	-0.1107580202	0.1360656227	0.0658488968	-0.0334295306	0.0243582048	-0.0721411429	0.1049878804	-0.0193915285	-0.0952676342	0.0554036926	0.0743244578	-0.0193716	0.003098	0.0003752588865599	9.597604e-06	-0.00310494	-0.00192505	9.6406524036e-06	3.7058175025e-06	0.0223048	-0.034737	0.00049750410304	0.0012066591689999	0.00145793	0.00032437	1.0521589690000002e-07	2.1255598849e-06	-0.00167945	5.800999999999983e-05	3.3651600999999806e-09	2.8205523025000003e-06	-0.000437792	-0.000297096	8.8266033216e-08	1.91661835264e-07	0.0	0.0
57981.98540414761	151.5478597231995	22966.753786682555	3361910631.406786	98699.465143487	124.6408143499866	9741584419.610403	15535.33260182783	54619.92991286058	264.3642231416452	69888.44247728557	2983336743.685802	66039.84237325175	60454.98729701451	1.095495	19.509453	0.04017036	0.0201692	0.0447299169	0.0972989513	-0.0272930783	0.0332326568	0.0557601743	0.0163221755	0.0182174454	0.0406194695	0.083946221	-0.0673555359	0.0565170965	0.0608872996	-0.0172744933	-0.041424344	-0.0951505524	-0.1672903212	-0.0310604545	-0.1163761824	0.0065137008	-0.044150476	-0.068926186	-0.0412221981	-0.0721433745	-0.1183091542	-0.037974659	0.0143343321	-0.0484083878	-0.0719634881	-0.1187990163	0.0168359563	-0.0224572497	0.0697515067	-0.0560338372	-0.000761646	0.0413254398	-0.1303468728	0.0675366796	0.0508207774	0.1440184139	0.0276037422	-0.0287838816	0.0144126836	0.0657753324	-0.1148057174	0.0073631723	0.0486259433	-0.0182223189	0.0867037377	0.0165847282	0.1368675299	0.0611482408	-0.1137628362	-0.039032034	-0.0142635982	-0.0515029488	-0.0616736193	0.0872189109	-0.12865984	0.0032683423	-0.0553556541	-0.0866540493	-0.0585541898	0.0458944883	0.1252941436	0.045101542	-0.0156349259	-0.1673769342	-0.1142859558	-0.0904055093	-0.0134401399	-0.0063690698	0.0212427868	0.0203153763	-0.0210546499	-0.0939563609	0.0596172234	0.0694876231	-0.0274174	-0.0080458	0.00075171382276	6.473489764000003e-05	-0.0167163	-0.01361136	0.00027943468569	0.0001852691210495	0.0327173	0.0104124999999999	0.00107042171929	0.0001084201562499	0.00145793	0.0	0.0	2.1255598849e-06	-0.00173746	-5.800999999999983e-05	3.3651600999999806e-09	3.0187672516e-06	-0.000541796	-0.0001040039999999	1.0816832015999997e-08	2.93542905616e-07	0.0	0.0
57843.60322710711	-138.38217704049748	19149.62692246759	3345882434.294996	98989.93902608036	290.47388259336003	9799008028.387108	84375.07646886111	54569.81837671043	-50.11153615015064	2511.1660553278543	2977865077.667163	66436.17956867351	60259.07572377232	1.177271	20.965776	0.0483852	0.0228409	0.0356517849	0.0313630007	-0.1029490304	0.0947410692	-0.0074987235	0.1851654275	0.0257029679	0.029583435	-0.0459718247	-0.0797921525	-0.0737968741	0.2144263715	-0.0089255635	-0.0234230131	0.1122068321	-0.0309333707	-0.005055416	0.0642600383	0.0543272479	-0.0659638949	-0.1002498559	-0.124675234	0.0754539843	-0.0358801945	-0.126561734	-0.0561062159	0.0426804131	-0.0499315748	0.045145899	-0.0545293455	-0.1101844484	-0.0046878527	0.1150431521	0.0375038444	-0.0226250089	0.1106923588	-0.0067338766	-0.0384650496	-0.1428091919	-0.0065812678	0.0128719866	0.0465860111	0.0864885984	-0.0564098272	-0.0211654687	-0.1663631434	0.0271862256	0.0442391496	0.0273577969	0.0396118058	0.0119483923	-0.0981731085	0.0412835785	0.0286212598	-0.0824735544	-0.1220690797	0.0310184009	-0.0577022173	0.0440279738	-0.0351034628	-0.0450305748	0.1233733928	-0.1497474014	-0.1259967417	0.0365860589	0.1073128891	0.0255973154	0.0615344492	-0.0797659469	0.090178131	0.0235131595	0.001758425	0.0226443447	-0.0227120151	-0.0925423476	0.063684092	0.0643469367	-0.043315	-0.0158975999999999	0.0018761892249999	0.0002527336857599	-0.0089104	0.0078058999999999	7.939522816000002e-05	6.093207480999999e-05	0.0327191	1.800000000003188e-06	0.00107053950481	3.240000000011477e-12	0.00151615	5.8219999999999886e-05	3.389568399999986e-09	2.2987108225e-06	-0.00184345	-0.00010599	1.1233880100000008e-08	3.3983079025e-06	-0.000212408	0.000329388	1.08496454544e-07	4.5117158464e-08	0.0	0.0
57826.98392147144	-16.61930563567148	276.2013198118618	3343960069.4541163	99653.15502365668	663.2159975763207	9930751306.168953	439855.45944115415	54459.5303716716	-110.28800503882668	12163.444055444255	2965840448.3030214	66192.62523218969	60005.495013950895	1.085708	19.335146	0.079295	0.0538715	0.0238574637	-0.0445737841	-0.0786266	0.0692244688	-0.0999078138	0.0525478977	-0.028708323	0.0535335736	-0.0467123252	0.0063219178	-0.0629389725	0.0765143091	-0.0178245511	0.0667463363	0.0090313121	0.0959121695	-0.0302313668	0.1540068771	0.0437863247	0.0602647356	0.0318457728	-0.0326956701	-5.28365e-05	0.0594500932	0.0642966706	-0.1193661618	0.0109605003	-0.1141153241	-0.0691572182	0.095718749	-0.0098321847	0.0678191879	0.0389278699	0.003826493	0.107043108	-0.0576380252	0.0583221627	0.0153203048	0.0051772026	0.0655186763	0.0238735467	-0.0067870662	-0.1407804611	0.0536274838	-0.0610705594	-0.0436557598	0.062137595	-0.062607289	0.008746244	-0.0665165533	0.0578214932	-0.1161624156	-0.0235625525	0.0096736212	-0.0514216944	0.074822295	0.0080849538	0.007445937	0.0528311688	-0.002684796	0.0998241693	-0.0612970642	-0.0031638225	-0.122785399	-0.0109006842	0.0304285522	0.0143155915	-0.0133613712	0.0415293311	-0.0830175474	-0.0866455385	0.0440444671	-0.0230670794	-0.0243631711	-0.0910271406	0.0675942939	0.0589248775	-0.0352126	0.0081024	0.0012399271987599	6.564888576000005e-05	-0.0021814	0.006729	4.75850596e-06	4.527944100000001e-05	-0.0193555	-0.0520746	0.00037463538025	0.00271176396516	0.00152467	8.520000000000142e-06	7.259040000000242e-11	2.3246186089000004e-06	-0.0019092	-6.575000000000005e-05	4.323062500000007e-09	3.64504464e-06	-0.000385918	-0.00017351	3.0105720100000003e-08	1.4893270272400001e-07	0.0	0.0
57825.949913980105	-1.0340074913328865	1.0691714921325288	3343840483.454136	99965.22410900758	312.0690853509004	9993046031.16411	97387.11403174757	54579.4191648946	119.88879322299908	14373.32274046703	2978912996.377264	66120.31514696241	59478.37424832589	1.187544	21.148727	0.14968677	0.105387	0.0052189729	-0.1091557088	-0.0325857137	-0.0160267337	-0.0927837747	-0.1088372071	0.0188313669	0.1076646521	-0.091196573	-0.0775481109	-0.0644183924	-0.0321341483	-7.80103e-05	-0.0333048142	-0.073092685	0.0784017223	-0.2388018509	0.1228762541	-0.0711881588	0.005595675	-0.0519449787	-0.0407212147	-0.0309442299	-0.0610964371	0.058753671	-0.0903504983	-0.0170264805	0.0736553071	0.0436838947	0.1854240619	-0.1314769126	-0.0358841777	-0.0250282121	0.0087142671	0.0017641718	-0.1177507065	0.0130736553	-0.0172676965	-0.0777493411	0.0756577011	-0.0017223286	-0.0375044949	0.0960839476	-0.0771939588	0.0590312672	0.0567125206	0.1265429477	0.062474347	-0.0754000836	-0.0799601231	-0.0296359033	-0.129224666	-0.095457073	-0.1127408537	-0.0928323011	0.0608932215	-0.1590661942	-0.039226345	0.0471187695	-0.0587138236	0.1569594279	-0.007873214	-0.035329809	0.0285494296	0.0155939343	0.0030325112	-0.0985199379	0.093864256	0.0228558281	-0.0085836002	0.1580122106	0.0262767432	0.0593265449	-0.0260076665	-0.0894123968	0.0713382097	0.0532451548	-0.0394602	-0.0042476	0.00155710738404	1.804210576000004e-05	0.00589142	0.00807282	3.47088296164e-05	6.51704227524e-05	0.0744385999999999	0.0937940999999999	0.0055411051699599	0.0087973331948099	0.000930975	-0.000593695	3.524737530250001e-07	8.66714450625e-07	-0.0021826	-0.0002733999999999	7.47475599999999e-08	4.763742759999999e-06	-0.000381568	4.350000000000024e-06	1.8922500000000213e-11	1.4559413862399998e-07	0.0	0.0
57810.345093821714	-15.604820158390794	243.5104121757197	3342035999.8667564	98774.6659978986	-1190.558111108985	9756434642.996426	1417428.6159273942	54461.40063909949	-118.01852579510889	13928.37243085078	2966044159.5725064	66100.02602436626	58905.532595424105	1.372438	24.441479	0.10991343	0.0612376	-0.0201506326	-0.0685113806	0.056643144	-0.1159815304	0.0613019005	-0.0517698617	0.0186871645	-0.1268567676	-0.0794808332	0.0416657233	0.0524267619	-0.0919869075	0.0243650317	0.0432212605	0.0873265687	0.0075172293	-0.0916463822	-0.0168428479	0.0270978281	0.0190838007	0.1266036011	-0.1669602741	-0.208972347	0.0218382938	0.0083799206	0.0317318322	-0.0903316381	0.0942039513	0.0017258594	-0.1281895935	-0.0757345983	0.0963725345	0.0626604384	-0.0300934787	-0.0028309243	-0.0397486077	-0.0370570669	-0.077033537	-0.00597137	-0.0398585738	-0.1025711831	-0.0992850093	0.0302649545	0.0303645658	0.0105316432	0.0090364376	-0.0656037735	-0.0343782265	0.0455125071	-0.1433179906	-0.0097021829	0.0522161726	-0.0248707794	-0.0579044076	-0.1984474765	0.0559101585	0.0609798117	-0.0047302514	-0.1049545121	0.0422451734	-0.1437087458	-0.0806200049	0.2118892894	0.062400447	-0.0316257307	0.0789815534	0.0067569727	-0.0779965446	-0.0304462884	-0.0513710541	-0.0583910008	-0.0134705458	0.0523026837	-0.0276450517	-0.0876998819	0.074906629	0.0473326046	-0.0460019	-0.0065416999999999	0.00211617480361	4.279383888999997e-05	0.0187571	0.0128656799999999	0.0003518288004099	0.0001655257218623	0.0238391	-0.0505994999999998	0.0005683026888099	0.0025603094002499	0.00110961	0.000178635	3.1910463225000007e-08	1.2312343521e-06	-0.00200902	0.00017358	3.01300164e-08	4.0361613604e-06	-0.0008274839999999	-0.0004459159999999	1.9884107905591087e-07	6.847297702558345e-07	0.0	0.0
58162.18264663751	351.8375528157994	123789.66357141043	3382839490.220822	99414.36538907795	639.6993911793543	9883216045.7131	409215.3110752365	54502.37657752404	40.97593842454808	1679.0275297723554	2970509052.598241	65970.61242351399	60525.54246735491	1.376666	24.516764	0.14232145	0.0808558	0.0597573157	0.1058275504	0.1253502409	-0.1397470223	0.066406081	-0.1270746878	0.0452860689	-0.0341629344	0.1705856362	0.0326406033	0.1200630748	-0.1288300426	-0.0982199119	-0.0775332236	0.0023999791	-0.0703270625	-0.1114786074	-0.0634707512	-0.0673144088	-0.010308532	-0.0596473463	-0.0174027515	-0.0123384653	-0.035281463	0.0617578471	0.0329907301	0.0330345315	0.0740142388	-0.0434233531	-0.0835723532	-0.0301919053	0.0007353885	-0.0791468078	-0.0332416496	-0.0568360174	-0.0247187044	0.0831588287	-0.0494576154	-0.1434059488	0.1237040887	0.0199641289	-0.0783619077	-0.0343339803	-0.0078666658	-0.0528016823	0.1673244107	-0.0628463947	0.0059420998	0.034779778	0.0582665434	0.0341745836	0.087042085	-0.102232308	-0.0776084182	0.0091943201	-0.0887568331	-0.0656124165	0.0335172109	0.0494367256	0.0150493009	-0.0611238613	0.0137636209	-0.0360395893	0.047240701	-0.0731950506	0.0993883501	0.0723901787	-0.0410909786	-0.0067505221	-0.1305046905	0.0566725459	-0.0369701717	-0.0349392307	-0.0292748789	-0.0858914684	0.0782907735	0.041213081	-0.0352161	0.0107857999999999	0.00124017369921	0.0001163334816399	-0.0202196	-0.0389767	0.00040883222416	0.00151918314289	0.0891706	0.0653315	0.00795139590436	0.00426820489225	0.00109017	-1.944000000000013e-05	3.7791360000000486e-10	1.1884706288999995e-06	-0.00212306	-0.00011404	1.3005121600000032e-08	4.5073837636e-06	-0.000416415	0.0004110689999999	1.689777227609178e-07	1.73401452225e-07	0.0	0.0
58093.56587024702	-68.61677639049594	4708.262002223321	3374862395.520729	98631.25980027202	-783.1055888059345	9728125409.788755	613254.3632190895	54539.59093010355	37.21435257951089	1384.9080379121483	2974566978.8230333	66264.0330774694	60786.025613490514	1.419833	25.285519	0.06746079	0.0373815	0.0765868268	0.1468751769	-0.0087236884	-0.0393912357	0.1106175334	0.1258135828	0.048198271	-0.0267728713	0.0235367601	-0.0375040813	-0.0276158392	0.0702050754	0.0157994072	-0.073938715	0.0274958149	-0.0773704391	-0.0346319545	-0.0865221293	0.012108912	-0.1287279676	-0.045935324	-0.0954634579	0.0228290063	-0.009015372	0.0920976472	0.0234027786	0.0740427018	0.0181752642	-0.0642267967	-0.0134583387	0.0433394703	-0.0283220046	0.0510106499	-0.0783936872	0.0057610788	-0.0900749408	-0.0749113957	0.1215866567	0.025820237	-0.0580576544	-0.0047114617	-0.0034968494	0.0728143103	-0.0992403826	0.0250075176	-0.0733137699	-0.0916010517	0.0939678028	0.0396245261	0.0782071794	-0.0135021715	0.0482579747	-0.0214238309	0.065431747	-0.0404951822	0.01467223	-0.0722399089	-0.1217782374	0.0107303442	-0.0311897304	-0.0374420619	0.0192654266	-0.0026105603	0.0352070297	0.023654091	-0.0120722861	0.0348040455	0.0853479786	-0.0465804739	-0.0082433976	-0.0488275324	0.0913828964	0.0086982844	-0.0308967027	-0.0839891338	0.0814823178	0.034913343	-0.0352299	-1.3800000000001311e-05	0.00124114585401	1.9044000000003615e-10	-0.00903751	0.01118209	8.167658700010001e-05	0.0001250391367681	0.0856848999999999	-0.0034857000000001	0.0073419020880099	1.2150104490000737e-05	0.00154157	0.0004514	2.0376196e-07	2.3764380649e-06	-0.00225911	-0.0001360499999999	1.8509602499999992e-08	5.103577992099999e-06	-0.000884549	-0.000468134	2.19149441956e-07	7.82426933401e-07	0.0	0.0
58283.85177894433	190.28590869731124	36208.72704876147	3397007378.189952	99557.04742451783	925.7876242458152	9911605691.887691	857082.7252067105	54625.79893791605	86.2080078125	7431.820611000061	2983977909.6056304	66178.00404010052	61476.957922712056	1.349821	24.038696	0.1920027	0.0977963	0.14200693	0.0378333621	-0.0699742867	-0.030071158	-0.0687333173	0.0385467868	0.0502735089	0.0706453434	0.1029355199	-0.1008917099	-0.0340393302	-0.0020261944	-0.0988280275	0.0346208645	0.0573639416	-0.0588994191	0.0193401738	-0.1245722274	0.0781793497	-0.0839392072	0.1139163421	0.0155047545	-0.0420151118	0.0266003544	0.0934742389	-0.1110094912	0.0864076676	0.0921122212	0.0784816359	0.1200089994	0.0523974764	0.1231309402	-0.1387719787	-0.0177748473	0.0604362431	-0.0374837667	0.0081972603	-0.181793381	0.0368251167	-0.0198523729	-0.0016838843	-0.081046099	0.0521566565	0.0250918608	0.0060715161	0.0188022504	0.0801282661	0.033654103	0.0458944069	0.0072520191	0.1335535633	0.0192085098	-0.0979590724	0.165376276	-0.0361058374	0.1092419522	-0.0609005317	0.1328199776	0.111967764	0.1006554437	-0.0965917328	-0.1037634855	0.0431163264	-0.0576150381	-0.0193171484	-0.1152269108	0.0524675803	0.1096801927	-0.0650216432	0.0006321957	0.1088421216	-0.0069985984	-0.0540790271	-0.0325100797	-0.0819949584	0.0844734105	0.0284609379	-0.0270069	0.008223	0.00072937264761	6.761772900000001e-05	0.00897752	0.01801503	8.059586535039999e-05	0.0003245413059009	0.00460388	-0.0810810199999998	2.1195711054400004e-05	0.0065741318042403	0.00114761	-0.0003939599999999	1.5520448159999988e-07	1.3170087121000002e-06	-0.0012006	0.00105851	1.1204434201e-06	1.44144036e-06	-0.000643346	0.0002412029999999	5.8178887208999975e-08	4.1389407571600004e-07	0.0	0.0
58257.16395312605	-26.687825818276902	712.2400469066874	3393897151.861409	100264.08643706168	707.0390125438425	10052887029.058577	499904.1652589719	54704.960694804	79.16175688795192	6266.583753587204	2992632724.620051	66112.56901496941	61186.46669001116	1.199293	21.357964	0.20937855	0.122443	0.1383331643	-0.0786416979	0.0163137256	-0.0585427888	-0.1524007742	-0.1274701427	0.078698321	0.028287946	0.0653727511	-0.1077156612	0.0643929862	-0.1848660116	-0.0769320575	-0.0691287515	-0.0620442312	0.0438476172	-0.0362432595	0.0694919427	0.0115579167	-0.0064387088	-0.1518485793	0.0508647449	0.0084975341	0.0924934986	0.0937113058	-0.0935793455	-0.1656929243	-0.0581573553	-0.0806428789	0.0057657246	-0.0848410493	0.0063752383	-0.0620814673	-0.0805571816	0.0267774932	-0.0167313339	0.0651092315	-0.0007586021	-0.0014555333	-0.066784432	-0.0495850251	-0.109416209	-0.0369233286	0.0667991558	-0.1014942343	0.1687749803	0.1743191829	0.0387383816	0.0064125022	-0.0038464462	0.0184095965	0.0263634721	-0.042040825	-0.087953558	-0.0046903858	-0.0107151357	-0.0041826422	-0.0527637644	-0.0269842771	0.0458360817	0.1107283173	-0.027913352	-0.0929823228	0.041782049	0.0086119955	-0.1498473315	0.0860010608	-0.0478641	0.0519028579	-0.0089073917	0.0362679272	0.0128541553	0.0234533884	-0.0341145687	-0.0799111227	0.0872566935	0.0218840804	-0.0351243	-0.0081173999999999	0.0012337164504899	6.589218275999995e-05	0.0228708	0.01389328	0.00052307349264	0.0001930232291584	0.113084	0.10848012	0.012787991056	0.0117679364352144	0.000775631	-0.000371979	1.3836837644100005e-07	6.016034481610001e-07	-0.00192385	-0.0007232499999999	5.230905624999999e-07	3.7011988225e-06	-0.00016082	0.000482526	2.3283134067600007e-07	2.58630724e-08	0.0	0.0
58005.968327022776	-251.1956261032756	63099.24257341662	3364692361.5555696	99016.59515038418	-1247.4912866774976	9804286115.175083	1556234.5103362785	54497.54476007766	-207.4159347263412	43021.36997840184	2969982384.876668	66215.1184413243	60502.21358775112	1.397204	24.88253	0.1546646699999999	0.0782558	0.0567820637	0.0341824465	0.1016761311	-0.0285322298	0.0279597225	0.0336306041	0.0101990916	-0.1093147249	0.0132280187	0.0142072022	0.0902935388	-0.1125597462	0.0306710975	-0.0595433105	0.1287585015	-0.09202567	-0.0497677763	0.037276797	-0.0552431547	0.0154393206	0.0413421381	-0.1096409207	0.0376880422	0.1500712501	0.1080638169	0.0321737588	-0.0207389976	-0.0189237302	0.1455336245	-0.0634248495	-0.0024956423	0.0965316404	0.031296487	0.0751070407	-0.0281413171	-0.0665680763	-0.0064925477	0.0643582774	0.007031813	0.1483986322	-0.0102327074	0.0796338409	0.0472881526	0.0528987029	-0.0252581457	-0.0085181341	-0.0469582411	-0.0442134203	0.0940374711	-0.0039024388	-0.0941780763	0.0585512826	-0.0546166209	-0.0513049836	-0.0635634329	-0.0616325952	-0.0750192282	-0.0150574329	-0.1390372797	0.0591266149	-0.0253539956	-0.0360168435	0.0537250843	-0.0013074334	0.0368022009	-0.0331870439	0.182864929	0.003843718	0.0024146033	-0.0427233342	-0.0696684197	0.0128228324	0.0712936445	-0.0357097311	-0.0777399053	0.0898253196	0.0152115293	-0.016585	0.0185392999999999	0.000275062225	0.0003437056444899	0.00898783	-0.01388297	8.07810881089e-05	0.0001927368560209	0.0706328	-0.0424512	0.00498899243584	0.00180210438144	0.00175313	0.000977499	9.555042950010004e-07	3.0734647969000005e-06	-0.00207384	-0.00014999	2.2497000100000005e-08	4.3008123456e-06	-0.000629155	-0.0004683349999999	2.19337672225e-07	3.9583601402500004e-07	0.0	0.0
58128.737273604886	122.76894658210948	15072.214244880854	3378950097.023782	98889.76034253815	-126.8348078460258	9779184700.604631	16087.068481338289	54468.24562569342	-29.2991343842441	858.4392756659948	2966789781.54087	66240.48739346591	60918.9758406808	1.200022	21.370945	0.0839819399999999	0.0485813	0.0858839553	0.0828737169	-0.0258719688	0.01489973	-0.0086193612	0.0544696262	-0.0592092336	-0.0180656349	0.0748738073	0.0369874217	-0.030120782	0.0809495203	-0.0106370704	0.0072602768	0.0944126971	0.04680924	0.1474254876	-0.0247968597	0.1054772891	-0.0404377366	0.0571248572	0.0359143091	-0.087213848	0.0260019982	0.0976409065	-0.0033297179	-0.0389650813	-0.0280106309	-0.0308149508	0.1638286513	-0.0088348057	-0.0893929498	0.1240816164	-0.0274727007	-0.0656186745	-0.0453946949	0.1225782639	0.0418762978	0.043909945	0.0236343005	0.1059971548	-0.1154550154	-0.0342937256	0.0038070072	0.0338304514	-0.0366181346	-0.0095505185	-0.0861966272	0.0246854202	0.0563479571	0.0739859387	0.0451339675	0.0387648965	0.0744597343	0.0016779501	0.1146635824	0.0120125305	-0.0639752973	0.0309160513	-0.0430548108	0.1332204054	0.0380042315	-0.038344745	-0.0596472096	-0.0328484299	-0.0858771993	-0.0256319325	0.2209780022	-0.1557451839	0.0353933456	-0.0849027728	0.0309028851	-0.0589381287	-0.0372951309	-0.0754836805	0.0921729699	0.0084724621	-0.0165948	-9.80000000000078e-06	0.0002753873870399	9.604000000001528e-11	0.00463899	-0.00434884	2.15202282201e-05	1.8912409345600003e-05	0.0512857	-0.0193471	0.0026302230244899	0.0003743102784099	0.000867667	-0.000885463	7.840447243690001e-07	7.52846022889e-07	-0.00181926	0.0002545799999999	6.481097639999997e-08	3.3097069476e-06	-0.000563674	6.548099999999994e-05	4.287761360999992e-09	3.17728378276e-07	0.0	0.0
58036.06291628079	-92.67435732409648	8588.536505434316	3368184598.822502	100177.48273128094	1287.7223887427826	10035528046.376093	1658228.9504694182	54570.76141249076	102.51578679734666	10509.486542679037	2977968001.138991	66172.20795044799	60940.156079799104	1.340268	23.868568	0.09591913	0.0422612	0.1027505644	-0.0864656064	-0.0552665087	0.0329480163	-0.117989137	-0.0237860733	0.0426859066	0.1048038459	-0.0468527737	-0.0508712621	0.0566274464	0.0137812282	0.0035337171	0.0056498292	-0.1448867056	0.0297586117	-0.020600109	0.0101281951	-0.0856547052	-0.1266314952	0.0894964883	0.086052306	-0.0690549149	-0.0030894578	0.064721595	-0.1551182757	-0.1077069881	-0.0779473357	0.0579302407	0.020757308	0.0636497005	0.1059950033	0.0562029117	0.1009120937	-0.0374853572	0.1536640874	-0.0503111961	-0.0174948742	0.0343106203	0.0480294944	0.0543040564	0.1177354783	-0.0640711253	0.0129916836	0.1046348399	0.0589980916	0.1142636551	0.0450690912	-0.0411063422	-0.0076663267	-0.0128772635	-0.1523444815	0.0457355305	0.0029068307	0.0529815376	-0.0201067983	-0.0571890329	0.0650374189	0.0594052326	0.0779120977	0.113449477	-0.2031421448	0.0719801183	0.0446176468	-0.1447245284	-0.0617661242	0.0425131795	-0.0494254103	-0.0212585169	0.0628796701	-0.0230585364	-0.0202270298	-0.0151943869	-0.0388703345	-0.0731449155	0.094293869	0.0016963469	-0.0305187	-0.0139239	0.00093139104969	0.0001938749912099	0.00895927	0.00432028	8.02685189329e-05	1.86648192784e-05	0.0732374999999999	0.0219517999999999	0.0053637314062499	0.0004818815232399	0.00148601	0.000618343	3.8234806564900003e-07	2.2082257201000003e-06	-0.00191911	-9.984999999999984e-05	9.97002249999997e-09	3.6829831921e-06	-0.000167404	0.00039627	1.570299129e-07	2.8024099216000004e-08	0.0	0.0
57795.287550347406	-240.775365933383	57972.77684035449	3340295263.027342	100326.42429706838	148.94156578744878	10065391412.235394	22183.59001921693	54516.24175989275	-54.51965259801364	2972.392519408095	2972020615.623074	66416.33585281906	60141.60641127232	1.242514	22.127686	0.06085053	0.0388077	0.0224265922	-0.1306353234	-0.0227515095	0.0745724395	-0.121874885	0.031945294	-0.00388031	-0.0470992739	-0.088164288	-0.0279062239	-0.0537305976	0.0075601337	-0.0830091448	0.0308586939	0.0232168454	0.1635330434	0.0336030451	-0.0002642932	-0.144800187	0.0703577236	0.0924222644	0.030787112	0.0458631161	0.0226543054	-0.0335748363	0.0485294245	0.0167215088	-0.1291096714	0.0877651871	0.0754829536	-0.1758624904	-0.0735206191	0.0778103659	-0.0205904034	0.0091278354	0.0142729248	0.0687688279	0.0178121289	0.0067899317	0.0070631919	0.0320374535	0.0780860598	-0.0105977293	-0.0371920164	-0.1026003706	-0.0528401767	0.1008965233	-0.0706588133	0.0258199474	-0.0825630423	-0.0049771498	0.0248147653	0.060701465	-0.0505579317	0.1271794708	-0.0411134269	0.0295828925	0.0744859249	-0.048021209	-0.0106017565	0.1065858484	0.036176682	-0.1215290897	-0.01744221	0.0473148895	0.0216282896	-0.1121499896	0.1068419612	-0.0584935583	-0.0544039791	-0.0409294128	0.0891732322	0.1521449845	-0.0404349114	-0.0707261675	0.0961827994	-0.0050871859	-0.0357481	-0.0052293999999999	0.0012779266536099	2.7346624359999983e-05	0.0454096	0.03645033	0.00206203177216	0.0013286265571089	0.0705749	-0.0026625999999999	0.0049808165100099	7.089438759999489e-06	0.0014337	-5.2310000000000073e-05	2.7363361000000075e-09	2.05549569e-06	-0.00184409	7.501999999999986e-05	5.6280003999999795e-09	3.4006679281000003e-06	-0.000370238	-0.000202834	4.1141631556e-08	1.37076176644e-07	0.0	0.0
57586.08004281341	-209.20750753399625	43767.7812085871	3316156614.697313	99811.79523450392	-514.6290625644615	9962394467.93454	264843.0720359764	54386.99434287167	-129.24741702107713	16704.894806620217	2957945153.651555	66126.58467548077	58923.996150111605	1.044421	18.599876	0.08165678	0.0461538	-0.0412355547	-0.151648785	0.0348494941	0.0346754914	-0.0888337643	-0.0229688029	-0.0744279025	-0.1144089478	-0.0808289665	0.087594762	-0.0202458843	-0.0444520494	-0.0624973461	0.0664909183	0.0596954964	-0.0661317371	0.0164811394	-0.107237006	0.0592354822	-0.0633442946	0.0049728716	0.0467667641	0.0327670906	0.0624097116	0.0517442208	-0.1004090605	0.0334739913	0.0075951009	-0.0212014495	-0.0511925459	-0.1800437761	-0.0837099911	0.0197248336	-0.0538379175	-0.0803365722	0.0140794504	0.1269795259	-0.0186118784	-0.0453781488	-0.0089116967	-0.134386244	0.0835910881	0.0111412952	-0.0959988183	0.0115435269	0.0058384028	0.0427572925	-0.1663276145	-0.0226310502	-0.0530641234	-0.0178774036	0.0492368291	0.008597335	0.0061994881	0.0299076861	-0.0461659986	0.1017333302	-0.0355509917	0.0371561684	0.0478909419	-0.0453925352	0.0923543264	0.027439364	0.091853355	-0.0135203642	-0.055574024	0.0734830115	-0.0359139502	-0.1358108724	0.0497428464	0.0255247602	-0.0668649153	0.165032749	-0.0419884337	-0.0682300815	0.0978351141	-0.0118484738	-0.0373687	-0.0016205999999999	0.0013964197396899	2.6263443599999997e-06	0.0089453199999999	-0.0364642800000001	8.001874990239823e-05	0.0013296437159184	0.097886	0.0273111	0.009581668996	0.00074589618321	0.00148601	5.2310000000000073e-05	2.7363361000000075e-09	2.2082257201000003e-06	-0.00200111	-0.0001570199999999	2.4655280399999972e-08	4.0044412321e-06	-0.000486124	-0.000115886	1.3429564995999998e-08	2.36316543376e-07	0.0	0.0
57364.91569146346	-221.1643513499512	48913.67030804465	3290733552.2887106	99088.87838412749	-722.9168503764377	9818605819.424408	522608.7725581888	54316.02101631842	-70.9733265532559	5037.213082035099	2950230139.045144	66150.27991012893	58020.43786802455	1.067323	19.007732	0.07573918	0.0358941	-0.1145534619	-0.1349675398	0.0514624471	0.0037784614	-0.0045786034	-0.0481281742	-0.0947253537	-0.1272872698	-0.2043717029	0.1173351402	-0.0688856934	-0.0751114146	-0.0412138342	-0.0050724159	0.0949811856	0.1310193469	-0.0894642333	0.1264076858	-0.030689044	-0.1825451407	-0.1993018534	0.008027332	0.0059541357	-0.052633995	0.0101053387	0.0136432187	0.0051850427	0.0185788964	0.1142846024	0.0347272762	0.1419307063	0.1102544231	0.1635140063	0.0564651402	-0.1234707131	0.1120753111	0.0159507523	-0.0101905858	0.0819650171	0.0084221313	-0.0582162634	-0.0338608187	-0.1256516394	0.0726131657	-0.0318423972	-0.0521082293	-0.025396995	-0.1049737521	-0.0691738679	-0.1425981209	-0.085887409	0.0235477589	-0.0095039828	-0.018198294	-0.0958862715	-0.0813285375	-0.0873948868	-0.199861433	0.0720294584	-0.0276542398	0.1048229206	0.0766799995	-0.0820403978	0.2064394389	0.038256608	0.0427759128	0.0548843132	0.0254286416	0.0117954398	0.0934788202	0.0385761069	-0.0334863921	-0.0329431668	-0.0435304769	-0.0656593869	0.0992467484	-0.0185579513	-0.0617297	-0.024361	0.00381055586209	0.000593458321	0.0244206	0.0154752800000001	0.00059636570436	0.0002394842910784	0.0999131	0.0020271	0.00998262755161	4.109134410000016e-06	0.00121422	-0.00027179	7.386980410000002e-08	1.4743302084e-06	-0.0023679	-0.00036679	1.3453490410000005e-07	5.60695041e-06	-0.00052506	-3.893600000000005e-05	1.5160120960000036e-09	2.756880036000001e-07	0.0	0.0
57394.545808875	29.630117411543324	877.9438578218428	3294133888.607051	98532.63108820649	-556.247295920999	9708679389.164597	309411.05421942344	54326.53949588572	10.518479567304894	110.63841240781056	2951372893.598031	65939.68005627186	57190.12683175223	1.059368	18.866062	0.0930351	0.0425967	-0.1461547823	-0.0731310819	0.0909560696	-0.0498874857	0.064895387	-0.0833664112	-0.0906900648	-0.1089199972	-0.0570297161	0.1293331992	-0.0576272336	-0.0941951736	0.0296030988	0.0017488654	0.0928481358	-0.0934472484	-0.0250776602	0.0612592528	0.0206072331	-0.0941516356	0.0444310054	0.0628902288	-0.0185019366	-0.011598988	0.0356961047	0.0445934523	-0.06433491	-0.0096369619	0.0553995271	-0.167022302	0.0226846598	0.0039043936	-0.0157036141	-0.1205006319	0.0925651162	-0.1453039254	0.0376705658	0.0538705401	-0.0570202375	-0.091631874	-0.0492040873	-0.0723176807	-0.0210909759	-0.1438808668	0.0698049817	0.0381293263	-0.084939532	-0.0977290061	-0.0636472037	-0.055774772	-0.064491961	0.0378655911	-0.115351651	0.0452379607	-0.1154869448	-0.0380614863	0.0147161104	-0.0465422871	-0.0271782145	0.0662502619	-0.1475428089	0.0058743956	0.0747779002	0.0768873666	0.0889093031	0.0727162205	0.0778436207	0.0908321702	-0.1146496195	-0.0708429499	-0.0365714191	-0.0187989119	-0.0985725834	-0.0450606192	-0.0630168947	0.1004142296	-0.0251862796	-0.0394439	0.0222858	0.0015558212472099	0.00049665688164	-0.0045156	-0.0289362	2.039064336e-05	0.00083730367044	0.0871148999999999	-0.0127982000000001	0.0075890058020099	0.00016379392324	0.00153656	0.0003223399999999	1.0390307559999997e-07	2.3610166336e-06	-0.00216513	0.00020277	4.111567290000005e-08	4.6877879169e-06	-0.000580248	-5.518799999999996e-05	3.0457153439999957e-09	3.36687741504e-07	0.0	0.0
57657.82647625277	263.2806673777668	69316.70981488228	3324424953.965675	98930.53875631704	397.90766811055073	9787251498.615149	158330.5123411762	54463.19723095415	136.65773506843107	18675.336554033493	2966239852.617812	66047.13343531468	58121.19299302455	1.220061	21.727825	0.10151925	0.0495716	-0.111794363	0.0844841935	0.10985582	-0.1203263785	0.155859342	-0.1439028672	0.0085464559	0.0190168375	0.0143713791	0.0402588224	0.0328290396	-0.0494166336	0.0506080181	-0.0695093381	-0.0578396046	-0.0915429615	0.0209023206	-0.0202735893	-0.0197156685	-0.0726802142	-0.0394132469	0.11960446	-0.0675119498	-0.0594021021	-0.0088584332	0.1027082705	-0.039745757	0.0413969915	-0.0289572418	0.0775469272	-0.0709573206	-0.0533732654	0.0659318737	0.1041557574	0.0614234575	0.0523476644	-0.0079671976	-0.0295938834	0.0111952855	-0.025834967	0.0529783377	0.0097322876	0.0589032214	-0.1239745317	-0.0818422228	0.1072896572	-0.1255005043	0.0882542011	-0.0390302488	0.0431082109	-0.1059609479	0.0324492205	-0.0434497532	-0.0390701956	-0.0104854876	-0.0248730184	-0.0112290955	0.044958753	-0.0079454389	0.1053502941	0.0189235537	0.0581509843	-0.0090162027	0.1499398036	-0.0990436276	0.05177804	-0.1174307736	0.1314643218	0.0243409476	-0.0722321186	0.07414097	-0.0152334013	0.0277216046	-0.0465784425	-0.0603054945	0.1013346856	-0.0317044747	-0.0332531	0.0061907999999999	0.00110576865961	3.832600463999995e-05	-0.0341637	-0.0296480999999999	0.0011671583976899	0.0008790098336099	0.100384	0.0132691000000001	0.010076947456	0.00017606901481	0.00105801	-0.0004785499999999	2.290101024999999e-07	1.1193851601e-06	-0.00178011	0.00038502	1.482404004e-07	3.1687916121e-06	-0.000395593	0.0001846549999999	3.4097469025e-08	1.5649382164900004e-07	0.0	0.0
57956.1382352416	298.31175898882793	88989.90555100856	3358913959.142433	98955.01160916872	24.472852851686184	9792094322.570717	598.9205267002847	54590.18725152552	126.99002057137112	16126.465324717265	2980088544.15662	66503.81048951049	60154.99814536831	1.333513	23.74827	0.0725369199999999	0.0421088	0.0049753384	0.1032096934	-0.0689468368	-0.0123161	0.0899859265	0.1164889387	0.0676274582	0.0482715185	-0.0017100356	-0.0854531174	-0.0459598856	0.1063651415	0.0533753619	-0.0509820539	0.0175385051	-0.0548669116	0.0347379358	0.0757626833	-0.0039012129	0.1248857188	-0.0271863724	-0.0886689789	-0.0610298575	0.0479935034	0.0367288692	0.0388105041	0.0141336869	-0.080236384	0.0312771551	-0.0041816795	-0.0670768462	0.0241025842	-0.0051050615	0.017226502	-0.061238226	0.0493531982	0.0311629382	-0.062744557	0.0598289801	-0.0133152946	0.0769713413	0.1441846521	-0.115802234	0.0699078657	-0.0074422177	-0.1249406123	-0.0512491385	0.1252903469	0.0244484086	0.0530980893	0.0224623364	0.0558105852	0.0547773088	-0.0332175214	-0.0046731123	0.0965059079	0.0246211745	-0.1617070906	-0.041493677	0.0023101962	0.1009362086	0.0151958367	-0.0273478656	-0.0627925252	-0.0935657236	0.1092027084	-0.0261189902	-0.0139553109	-0.0125913627	-0.0397365907	-0.099501725	-0.0521077964	-0.0038847255	-0.0480835316	-0.0575281511	0.102005852	-0.0380840342	-0.0395024	-0.0062492999999999	0.00156043960576	3.905375048999999e-05	-0.00401683	0.03014687	1.6134923248899998e-05	0.0009088337707969	0.0730996	-0.0272844	0.00534355152016	0.00074443848336	0.00105801	0.0	0.0	1.1193851601e-06	-0.0016131	0.00016701	2.78923401e-08	2.60209161e-06	-0.00040571	-1.0116999999999973e-05	1.023536889999994e-10	1.646006041e-07	0.0	0.0
57904.23560136097	-51.902633880628855	2693.883403746602	3352900500.577919	99670.7797335886	715.7681244198757	9934264332.701536	512324.0079355466	54529.192723742606	-60.99452778291743	3720.3324194610864	2973432859.103064	66284.43629534528	60050.360976004464	1.075246	19.148836	0.09391404	0.0606759	0.0415863281	-0.036628359	-0.0617549395	0.0614520364	-0.0659452196	0.0576713812	0.0802698742	0.0531574384	0.0304818688	-0.0350738642	-0.0174815781	0.0384173917	-0.1296926131	0.0355283083	0.0067896818	0.0160748425	0.0507724164	-0.0114565049	-0.0016801687	0.0665988948	-0.0069430499	0.0515743049	-0.03495238	-0.0926040048	0.0400682021	0.0198418295	0.0255350101	0.089617552	-0.0235932956	-0.0115764007	-0.0443878643	0.076929249	0.0767578996	0.1631867557	0.0277862232	0.0566262109	-0.0066689979	-0.0741553357	0.0429348484	0.0377674881	-0.141603939	0.0540308275	-0.0191306666	-0.0291333928	0.02392151	-0.035273389	0.0632733902	0.0090989293	0.0258263567	-0.0301524214	0.0890950885	-0.0081657776	0.0148999235	0.1628288058	-0.0109938482	-0.0106926395	-0.078108159	0.0450706063	-0.0055390176	-0.1187585654	-0.0185835465	0.0302438711	0.0381982607	0.0196617697	-0.0738042132	0.0471603397	-0.0500691709	-0.0607692172	-0.0052251872	-0.0951748204	0.0558580073	0.0055485917	-0.0667744854	-0.0495754752	-0.0546879015	0.1024260777	-0.0442970619	-0.0395419	-3.949999999999787e-05	0.00156356185561	1.5602499999998315e-09	-0.00308434	0.0009324899999999	9.5131532356e-06	8.695376000999997e-07	0.0322209	-0.0408787	0.0010381863968099	0.00167106811369	0.00171743	0.00065942	4.3483473640000004e-07	2.9495658049e-06	-0.00154164	7.145999999999997e-05	5.106531599999995e-09	2.3766538896e-06	-0.000716097	-0.0003103869999999	9.634008976899999e-08	5.12794913409e-07	0.0	0.0
57790.27980144298	-113.95579991798876	12985.92433494869	3339716439.5290685	99594.13987565748	-76.63985793112079	9918992697.572027	5873.667823702378	54508.59678947855	-20.595934264056268	424.192508209327	2971187123.957951	66166.1780812937	59662.71699107143	1.137807	20.262972	0.0934987	0.0503164	0.0156310336	-0.0973903547	0.0140300637	0.0624231022	-0.1064171863	-0.0076724116	-0.0016605704	0.0160048022	0.030313518	-0.009372745	0.0202549415	-0.002939734	-0.0717722902	0.0061083981	-0.0174338706	-0.015497961	-0.0437817092	0.1016893435	-0.0402355652	0.0345384123	0.085075515	0.0206016658	0.1302837193	0.032488652	0.0180107048	0.1765986838	0.0668297655	0.0962265751	-0.0663929915	-0.0792966495	0.0230231711	-0.0044171562	0.0425176919	0.0375297511	0.1042476601	0.0122504903	-0.0371466689	-0.0367512531	-0.1569659851	-0.0270312455	0.1451964395	0.0333174319	-0.0402769034	0.0960396971	-0.0197198517	0.033471199	0.0894991119	-0.0497242553	0.0317143218	-0.0332231884	0.0260180132	-0.0646402173	-0.046289731	-0.0054641986	0.031553672	-0.0462454987	-0.1464400239	0.0327376736	-0.0338769263	-0.0382504101	-0.0141787303	0.0725968307	0.0259304116	-0.0871136292	-0.0142274396	-0.0152850348	0.0163007941	0.0319084834	0.1106331327	-0.11226385	0.0102683036	-0.0371311181	-0.0488785983	-0.0510538654	-0.0517878515	0.102594329	-0.0503163898	-0.0161319	0.0234099999999999	0.00026023819761	0.0005480280999999	-0.00308644	-2.1000000000001053e-06	9.5261118736e-06	4.410000000000442e-12	0.0321614	-5.9499999999997055e-05	0.00103435564996	3.5402499999996493e-09	0.00131546	-0.00040197	1.615798809e-07	1.7304350116000005e-06	-0.00114362	0.00039802	1.5841992040000005e-07	1.3078667043999998e-06	-0.000115545	0.000600552	3.60662704704e-07	1.3350647025000002e-08	0.0	0.0
57622.01805353565	-168.26174790733057	28312.015808830063	3320296964.5619884	98834.82363539089	-759.3162402665912	9768322363.03882	576561.1527325916	54440.5224378236	-68.07435165494826	4634.117353241557	2963770483.303175	66355.6458096591	58840.24918191965	1.344332	23.940929	0.1053692149999999	0.0595656	-0.0723069166	0.0116989448	0.1185346659	0.0873886314	0.0346794008	0.0590465992	-0.0495882179	-0.1096623077	-0.0321976063	0.048306874	0.0318400983	0.0137866615	0.1336143872	0.0546125946	0.0509935444	-0.0269628429	-0.032520976	0.0907005277	-0.019597834	-0.0421627172	0.0434687178	-0.0626525234	0.0355748187	0.0520642233	-0.0307724771	-0.1129203849	0.0039652791	-0.0347913491	0.0251533264	0.0193675489	0.0605867635	-0.0399641136	-0.0915035063	0.0900267944	0.034179071	0.059056129	0.0326693208	-0.0627968942	-0.0260065966	-0.0239046405	0.1145854288	-0.0321828131	0.1000325294	0.0114661748	-0.0357415467	-0.0811042263	-0.0436842154	-0.0579164644	0.0549129452	-0.0042239144	-0.1742086713	-0.0069229042	0.0010337487	-0.0208413972	0.0491228547	0.0353488491	-0.0386316332	-0.0225721598	0.0107548144	0.0460423848	-0.0405464377	-0.068220664	0.0467194154	-0.0876178842	0.0105275133	0.0399866793	0.092282628	-0.0187398145	0.0558671745	0.1091262646	-0.004692928	-0.0017620109	0.087202802	-0.0525182979	-0.0488311722	0.1025101919	-0.056115697	-0.0325083	-0.0163763999999999	0.0010567895688899	0.0002681864769599	0.0210362	0.02412264	0.00044252171044	0.0005819017605696	0.0833235999999999	0.0511621999999999	0.0069428223169599	0.0026175707088399	0.0013734	5.794000000000003e-05	3.3570436000000034e-09	1.8862275600000005e-06	-0.000956015	0.0001876049999999	3.5195636024999995e-08	9.139646802249998e-07	-8.69305e-05	2.86145e-05	8.1878961025e-10	7.556911830250001e-09	0.0	0.0
57620.03103630782	-1.9870172278315292	3.948237463699296	3320067976.6250763	99009.21190600506	174.38827061417396	9802824042.248217	30411.268927802368	54362.89021472818	-77.6322230954247	6026.762062737793	2955323832.4985886	66220.76015761582	58925.15029799107	1.144282	20.378281	0.129637205	0.0553397	-0.0824150823	0.0310779443	-0.0279440352	0.1053483296	-0.0303218736	0.0653942879	-0.1351634859	-0.0205792502	0.0017563806	0.0749783577	-0.0733746663	0.0859641595	0.015023031	0.0185793505	0.0181741419	-0.0733712682	-0.055217523	-0.0930035779	-0.1034314462	-0.0649093523	0.0786995181	0.0849421013	0.0251224623	0.0518925242	0.0580679285	0.1499466674	0.0213767764	0.0382947803	0.0748464395	0.0191185579	-0.1508810831	0.0111379551	0.0621850353	0.0041828717	0.0065992158	-0.1134841184	0.1013755526	0.0533726489	0.0201181304	0.0435718388	-0.0251774625	0.0142976775	0.0391091529	0.0305321037	0.0158260066	-0.0820961926	0.0080281875	-0.1294092474	-0.0418744325	0.076012135	0.0283159528	-0.0246254447	0.0067067739	-0.0472685494	0.0776934077	0.0462313625	0.0296512236	0.0174959035	-0.0004654121	-0.0672095797	-0.0397049071	-0.0018670379	0.0453281922	0.1508320949	0.0873207615	-0.0233997426	-0.0618241394	0.1923021141	0.0208081528	-0.044362349	-0.0724426999	0.0192571564	0.0790474607	-0.0539683725	-0.0458210968	0.1021738733	-0.0616696245	-0.0495518	-0.0170435	0.00245538088324	0.00029048089225	0.00545012	-0.01558608	2.97038080144e-05	0.0002429258897664	0.0497931	-0.0335304999999999	0.00247935280761	0.0011242944302499	0.00108463	-0.00028877	8.338811290000002e-08	1.1764222369e-06	-0.00144347	-0.000487455	2.3761237702500014e-07	2.0836056409000004e-06	-0.000580248	-0.0004933175	2.4336215580625e-07	3.36687741504e-07	0.0	0.0
57561.20752077951	-58.82351552830369	3460.205979108585	3313292611.250244	99026.46249097564	17.25058497057762	9806240273.476604	297.58268182711845	54551.26079419379	188.3705794656125	35483.47520821065	2975840054.2361445	66187.49710445805	58288.72365959822	1.271192	22.638399	0.12408267	0.0727402	-0.1128226105	0.0296678165	-0.028282809	-0.0014159968	0.0169132357	-0.0581784803	-0.0904744763	0.1082362145	0.0341265735	-0.0541862382	-0.0662362758	0.0680077146	0.0846109473	-0.0854615421	-0.005213395	0.0173143133	0.0468786386	0.0198897149	0.0384436564	-0.0174344797	-0.0340701163	0.0468694066	0.0167379665	-0.0517316787	0.0059077508	0.0918015116	-0.0773389018	-0.0116085088	0.1151554196	-0.0848928679	0.0262924105	0.0301072339	0.1099191404	-0.0179982564	0.1802580275	0.0256326545	-0.1702295994	0.1533530261	-0.1645503702	0.1625026508	-0.0728669378	0.0524406749	0.0785288698	-0.0393087115	-0.0514131948	-0.0086367415	0.0118989232	0.0935275713	-0.1432505123	0.074971005	-0.0273994931	-0.0446384412	0.0478645045	0.0138397002	-0.148722467	0.0085024445	-0.0045607309	-0.0420096142	0.0093823422	-0.041684121	-0.0492337195	0.0187195565	0.0067213376	0.0039711395	0.1272772388	0.0704406849	0.0231600043	0.0183742128	-0.0186919418	-0.0262152555	0.0179791286	-0.070675224	-0.1083072836	-0.0554036926	-0.0427609166	0.1015862008	-0.0669538864	-0.0430095	0.0065423	0.0018498170902499	4.280168929000001e-05	-0.0292613	-0.03471142	0.00085622367769	0.0012048826784163	0.108654	0.0588609	0.011805691716	0.00346460554881	0.0010776	-7.0300000000001e-06	4.942090000000141e-11	1.16122176e-06	-0.000971139	0.000472331	2.230965735610001e-07	9.43110957321e-07	-0.000580248	0.0	0.0	3.36687741504e-07	0.0	0.0
57784.473272935385	223.26575215587215	49847.59608572735	3339045351.430584	99147.01644847104	120.55395749540185	9830130870.633389	14533.256667803154	54446.19493112056	-105.06586307322868	11038.83558332244	2964388142.477578	66196.31787860577	58914.51559123884	1.342846	23.914471	0.1930629	0.0978753	-0.0486377908	-0.0481243906	0.0048377583	-0.1679011631	0.0835333539	-0.1410615213	0.025169343	0.0037793188	-0.1468014201	0.0675149296	0.0297536429	0.0192055974	0.0723803015	-0.1043110078	-0.0033291412	0.2435944268	-0.2419681846	-0.1417847636	0.159924481	0.1498278269	-0.0580840938	0.0289205552	0.0307161938	0.1367260995	0.0038924479	0.02353762	0.0415705934	-0.0489316537	0.0418225969	-0.0439394222	-0.0146788406	0.0008932274	0.0178824634	0.0399868649	0.0978107638	-0.0220207006	0.0421215858	0.0236909648	0.048827244	-0.193020149	-0.0196867166	0.1926302141	-0.0142781966	0.0270364982	0.0894237127	0.0346561133	-0.0881839994	0.0198864743	-0.0491514151	-0.1599219427	0.0267846312	0.0503112758	0.1811943649	-0.2459649146	-0.1714060166	0.0765767058	0.0281759349	0.1250811205	0.0609627063	-0.1775971224	-0.0406186833	-0.007214365	-0.0716535751	-0.0749828901	0.0377745515	-0.1190782889	0.0682661757	-0.0176417212	-0.0202805108	-0.018438675	0.0214373865	-0.0090346429	-0.0713626291	-0.0568238659	-0.0396539781	0.1007486199	-0.071945376	-0.0945917	-0.0515822	0.00894758970889	0.00266072335684	0.0147409	0.0440022	0.00021729413281	0.0019361936048399	0.0512993	-0.0573547	0.0026316181804899	0.00328956161209	0.00123531	0.00015771	2.4872444100000043e-08	1.5259907961000002e-06	-0.000326373	0.000644766	4.1572319475600005e-07	1.06519335129e-07	-0.000580248	0.0	0.0	3.36687741504e-07	0.0	0.0
57894.61521409646	110.14194116107684	12131.24720273011	3351786470.788289	98739.50475711632	-407.51169135472446	9749489799.680595	166065.77859078822	54518.03656041975	71.84162929918966	5161.219700362187	2972216310.4032645	66080.38390515734	59705.87587806919	1.302294	23.192287	0.12929985	0.0666306	0.0036319375	0.0752095552	0.1403479357	-0.0287995006	0.0603649034	-0.0380337663	-0.0148061937	-0.0805168285	0.1600823505	0.0195150338	0.0531476653	-0.1514966655	0.0064073216	-0.1424083807	0.0788197807	0.006925469	0.0734743431	-0.0301782455	-0.1068089541	0.0037122557	-0.0431703206	-0.1276820532	-0.0150531148	-0.1050782079	-0.1126693184	0.0107978145	0.0194924808	-0.0707002529	-0.0913912487	-0.0285024806	0.0825625083	0.038810578	0.0337568623	-0.0075881162	-0.1701088795	0.0934621383	-0.0052467155	-0.108465019	-0.0605710231	-0.0209593791	-0.0546436133	-0.0460658753	0.0338914896	-0.0847454058	-0.0166185238	0.0963263156	-0.0440366113	-0.0079213563	0.0279054887	0.0748451889	-0.0471516623	0.1180275785	-0.0924043361	0.0162999546	0.0554945031	-0.2129054315	-0.0331575067	0.0265480076	0.0410940133	0.0114528092	-0.0097758723	-0.0827060166	-0.0309739069	-0.0473497977	0.0228057587	0.1505900896	-0.0974744523	-0.1516274721	-0.0288956384	-0.0516046363	-0.0585587751	-0.1777737564	-0.0712963388	-0.0582285042	-0.0365036785	0.0996631912	-0.0766222668	-0.0741678	0.0204238999999999	0.00550086255684	0.0004171356912099	-0.0235589	-0.0382998	0.00055502176921	0.00146687468004	0.0915262	0.0402269	0.00837704528644	0.00161820348361	0.00126177	2.645999999999985e-05	7.001315999999922e-10	1.5920635329e-06	-0.000906898	-0.0005805249999999	3.370092756249999e-07	8.22463982404e-07	-0.000580248	0.0	0.0	3.36687741504e-07	0.0	0.0
57887.24884357463	-7.3663705218350515	54.26341466496041	3350933578.677932	98733.77470413056	-5.730052985760267	9748358267.326012	32.83350721962015	54539.19784925111	21.16128883136116	447.8001450042906	2974524102.0397573	66273.14192526224	59288.56860267857	1.335301	23.780104	0.0533118	0.0388842	-0.0364125413	0.1057900931	-0.0546456482	-0.0593686962	0.0870326071	0.0499132882	0.0509451701	0.0268770456	0.0706797644	-0.0333045159	-0.029661848	0.0409608157	0.0705370617	-0.0067053615	-0.0407692282	-0.0229609355	0.1542513047	0.0310972603	-0.0143418151	0.0887184438	-0.0170188054	-0.0223699979	-0.0203749951	0.1193862272	0.0534202869	-0.0471047181	0.0503565529	-0.0006151073	0.0097759374	0.0123099054	0.0465981178	0.1444418313	-0.0028674201	-0.1115908135	-0.1177435712	0.0857408839	-0.0753444354	-0.0408360364	0.0035464695	-0.0465249479	-0.0665412939	0.0582048362	0.1622329269	0.0049595331	0.1678243513	-0.0523557256	-0.0547275374	0.0966659637	-0.0303439752	0.0789714755	-0.0046790974	0.0360970406	0.0355913176	0.1132900108	0.0012383823	0.0773001861	-0.0255252499	-0.024139906	-0.1715544779	0.0111389485	0.0807092671	0.0363807122	0.0289897592	-0.0065514304	-0.1046479892	0.0453337532	0.0754399177	-0.0288895856	-0.0695541363	0.0034007626	-0.0523634416	-0.0490794303	-0.054415504	-0.0596172234	-0.0333134626	0.0983325849	-0.0809641079	-0.064034	0.0101338	0.0041003531559999	0.00010269390244	-0.0184875	0.0050714	0.00034178765625	2.571909796e-05	0.0879570999999999	-0.0035691000000001	0.0077364514404099	1.2738474810000734e-05	0.00195252	0.00069075	4.771355624999999e-07	3.8123343504e-06	-0.000906898	0.0	0.0	8.22463982404e-07	-0.000580248	0.0	0.0	3.36687741504e-07	0.0	0.0
58106.74244759388	219.49360401925517	48177.44220536158	3376393517.871009	99589.82756259025	856.0528584596905	9918133753.94646	732826.4964770068	54640.03313956176	100.83529031064973	10167.75577203301	2985533221.492408	66289.18053567526	60710.02752594866	1.297456	23.106134	0.1145611799999999	0.0794886	0.0906769192	-0.0368027529	0.025375348	-0.0933777727	0.0218145057	0.0214618302	0.1681446987	-0.0421072905	-0.0723677342	-0.0708041465	0.0451953732	0.0067241599	-0.0653520506	0.1521174433	0.047068384	0.0136091257	-0.0475067948	-0.0294480763	0.0755138685	0.1011786305	0.024476857	-0.1295237433	-0.0096179076	-0.0454041695	-0.0114157045	0.0600113362	-0.0452183171	0.0410522273	0.009203856	-0.0495448275	0.041784889	0.014162598	-0.1226574865	-0.0037139505	-0.0869536581	-0.0088108838	-0.0639991327	-0.0276310705	-0.0399851566	-0.0196268337	-0.0488431188	0.0345845826	0.0433495154	-0.1109943809	-0.1124675189	0.0106531139	-0.00051631	0.0623734826	0.1058124943	-0.1046104029	0.0026427406	-0.0098525313	-0.0105852757	0.0733350048	0.0197517735	-0.047461914	0.0064367729	0.0343142091	0.01227399	-0.0421245982	-0.1688333513	0.1126845852	0.0041884113	-0.1044027382	0.0330275835	-0.0050596033	0.0196492694	-0.1027199285	0.0017616473	-0.1433413235	-0.0606923881	0.0111309076	-0.0671632045	-0.0609896438	-0.030086819	0.0967600744	-0.0849519136	-0.0575791	0.0064548999999999	0.00331535275681	4.166573400999991e-05	-0.00207872	0.01640878	4.3210768384e-06	0.0002692480610884	0.0195156	-0.0684414999999999	0.00038085864336	0.0046842389222499	0.00241764	0.00046512	2.163366144000001e-07	5.8449831696e-06	-0.000906898	0.0	0.0	8.22463982404e-07	-0.000580248	0.0	0.0	3.36687741504e-07	0.0	0.0
57955.50251489571	-151.23993269817583	22873.517242548754	3358840271.7540827	98971.73708230196	-618.0904802882869	9795404741.088305	382035.8418230052	54538.56281203772	-101.47032752403902	10296.22736783575	2974454833.602584	66043.94341810534	60407.76628934152	1.034288	18.419422	0.06988042	0.0410132	0.0756823847	0.0070717366	0.0725231592	-0.004253305	-0.0029388078	0.0183010019	0.0453472833	-0.0803397629	0.085484492	-0.0023214652	0.1398290938	0.0425187517	-0.0114045808	-0.016272506	0.0681567669	0.0416766918	-0.0835579021	-0.0625230861	0.0311590318	-0.039551871	0.02696612	0.0642594039	-0.0821906349	-0.0504820647	0.0064704937	-0.0576998394	0.0335851197	0.0283927479	-0.0883766127	-0.0922792209	-0.0120804231	-0.0377243996	0.1275263866	-0.0844856691	-0.0838129132	0.0107599176	-0.090598494	0.0417866331	-0.0684992916	0.0742999375	0.132754438	-0.0711242442	-0.13889383	0.0180332092	-0.0315355931	0.0692869056	1.76777e-05	-0.0468329866	0.1107598117	0.0630050689	0.0371200891	-0.0288175315	0.082707515	0.0075164342	0.0014542478	-0.046430928	-0.0014519144	-0.0002308949	0.0619603992	-0.149434343	-0.0526922884	-0.0292813996	0.0335651339	0.0288609415	0.0611697906	0.0092682455	0.0736684179	0.0281105286	0.0024666319	-0.0165102567	-0.0977227507	0.0518315573	-0.0163008365	-0.0623453902	-0.0268272759	0.0949495281	-0.0885682462	-0.068801	-0.0112219	0.004733577601	0.00012593103961	0.0354296	0.03750832	0.00125525655616	0.0014068740692223	0.0195787	6.309999999999996e-05	0.00038332549369	3.981609999999995e-09	0.00212715	-0.00029049	8.438444010000001e-08	4.5247671225e-06	-0.00103815	-0.000131252	1.7227087504000026e-08	1.0777554225e-06	-0.000580248	0.0	0.0	3.36687741504e-07	0.0	0.0
58085.17522990321	129.67271500750212	16815.013017416866	3373887581.488561	99742.56458526712	770.8275029651559	9948579190.046185	594175.0393274974	54575.03821306398	36.475401026254985	1330.4548800261232	2978434795.957393	66177.37663352273	60520.55128962053	1.09609	19.520054	0.12889177	0.0683189	0.0645335644	-0.0278968054	-0.0299292296	0.0175057102	-0.1008210432	-0.0371786934	0.0304327437	0.0289190726	0.0689942225	-0.0120318391	0.1640142743	-0.0218684138	-0.1276960518	0.0394099863	-0.047104514	-0.0819101253	-0.0049972189	-0.0434466153	-0.1284820093	-0.073216959	0.041878888	0.0253691315	0.1522078564	-0.0955433261	-0.0576178692	-0.0581125691	0.0272343438	0.0295540892	0.0258701642	0.0114435367	-0.1180854132	0.0306865671	-0.0387084969	-0.0811095755	-0.0785845684	-0.0771061659	-0.1076919607	0.0118369534	-0.0622812585	0.0391874621	0.0212301766	-0.0097396448	0.0638609379	0.1463646433	0.0823900873	0.0868983538	0.0653583779	-0.0403776712	0.0565176105	0.0487460336	0.1035217502	-0.0358409514	0.0298449516	0.0043335926	0.1698692116	-0.0158665763	-0.1580447183	0.035874751	-0.0208042095	0.0413116402	-0.0377047982	0.0133328854	0.0083995013	0.0854652504	0.0273362876	0.0104164566	-0.0043512466	-0.0421004324	-0.073161333	0.0888256508	0.0209120834	0.0334903934	0.0683241468	-0.063684092	-0.0235383975	0.0929054001	-0.0917972923	-0.0576093	0.0111916999999999	0.00331883144649	0.0001252541488899	-0.00745877	-0.0428883699999999	5.56332499129e-05	0.0018394122812568	0.0553344	0.0357557	0.0030618958233599	0.00127847008249	0.00159484	-0.00053231	2.833539361e-07	2.5435146256e-06	-0.00093934	9.881000000000008e-05	9.763416100000011e-09	8.823596355999999e-07	-0.0007302479999999	-0.0001499999999999	2.249999999997e-08	5.33262141503854e-07	0.0	0.0
57817.53391001574	-267.6413198874652	71631.87611110449	3342867227.4358206	99641.8673067502	-100.69727851692004	9928501720.376013	10139.941900714168	54501.088295118345	-73.94991794563248	5468.590364165776	2970368625.352286	66280.69061680506	60207.54053013393	1.326493	23.623238	0.0977998199999999	0.0554811	0.0335569022	-0.0905452034	0.1085598625	0.0599556469	-0.0713875287	-0.0021476399	0.0393625165	-0.1159479715	-0.0399788708	0.0056687428	0.0239975338	-0.0360132656	0.0381534825	0.0363176327	0.0337102791	0.1914114915	0.1221868585	-0.0002643702	0.0120357327	0.095863806	0.0298315109	-0.1057520309	-0.0974846703	-0.1113998015	0.0186542367	0.0705543338	0.0053953646	-0.0069827503	-0.0180231548	-0.1138316001	-0.0547765118	0.1243817513	-0.118362904	-0.0629573587	0.142585384	0.0137772361	0.0878834069	0.019483165	-0.0220774742	0.0206919207	-0.1022557851	0.1186445709	-0.0827389151	0.103250738	-0.0128438064	0.0298309208	0.0517576032	-0.0254974545	0.0124972964	-0.0450939239	-0.1656866116	0.0299172939	0.1469782145	0.103109267	0.0211004255	-0.1127964616	0.082917861	0.0378062112	-0.0126029579	-0.1480433772	-0.0219012309	-0.0725448723	-0.0226237103	-0.0906728357	0.0322781173	0.0251067504	-0.0323977037	-0.1520907172	0.0684612629	-0.0835227866	0.0704258526	0.0713208111	-0.0077302561	-0.0650053833	-0.0202237803	0.0906327191	-0.0946249323	-0.0635273	-0.0059179999999999	0.00403571784529	3.502272399999992e-05	0.0215803	0.02903907	0.00046570934809	0.0008432675864649	0.102084	0.0467495999999999	0.0104211430559999	0.0021855251001599	0.00169528	0.00010044	1.0088193600000006e-08	2.8739742784e-06	-0.0008679169999999	7.14230000001e-05	5.101244929014285e-09	7.532799188888263e-07	-0.000580248	0.0001499999999999	2.249999999997e-08	3.36687741504e-07	0.0	0.0
57680.5738254356	-136.96008458014694	18758.064768201	3327048596.8315263	99272.07224628712	-369.7950604630751	9854944328.07205	136748.38674288933	54419.1257569804	-81.96253813794465	6717.857658014031	2961441248.1540475	66141.58988472466	58796.03862472098	1.285628	22.895483	0.0603054299999999	0.035565	-0.0863940075	0.0465029698	0.1040326203	0.0680433537	-0.0114139712	-0.0555019509	-0.1310935341	-0.0555295007	0.1250566347	0.1025509862	0.0605804788	0.0333039438	0.0447073669	-0.0181360035	-0.0142069282	0.0076059813	0.0159926151	-0.0300308382	0.0405063205	0.0153509376	-0.0272571618	0.0238402657	0.002095256	0.0408430147	-0.0214833329	0.0238293124	0.0692654465	0.0552955107	-0.1019983603	0.0410576482	0.1327961997	-0.1805702634	-0.0235600572	-0.0425761865	-0.0170281843	-0.0375525027	-0.0553568239	0.0049131307	0.0561274144	-0.0490759708	-0.0230520932	-0.0262447865	0.057231872	0.0324846515	0.098587437	0.0393756801	-0.0425433892	-0.1204819156	-0.0252180281	0.0963070586	-0.0304417909	0.0518247136	0.0807595119	0.0327299355	0.0774331198	0.0879775465	-0.0651863461	-0.0161310936	0.0046809335	-0.0044607155	-0.0407389661	-0.0283726243	-0.0336662137	-0.0059569387	-0.0916121061	-0.0666215794	0.007639981	0.0114103877	0.0395819312	0.0079489654	0.0544107651	0.0392084656	-0.0291087112	-0.0663089027	-0.0168870486	0.088137076	-0.0970388015	-0.0576576	0.0058696999999999	0.00332439883776	3.4453378089999905e-05	0.00499172	-0.01658858	2.49172685584e-05	0.0002751809864163	0.0963235	-0.0057604999999999	0.00927821665225	3.318336024999986e-05	0.00169528	0.0	0.0	2.8739742784e-06	-0.000839256	2.866099999989996e-05	8.214529209942653e-10	7.043506335360001e-07	-0.00119332	-0.000613072	3.758572771840001e-07	1.4240126224000002e-06	0.0	0.0
57783.695106514206	103.12128107860916	10633.998611293518	3338955420.162594	99502.8313383096	230.75909202247567	9900813444.340086	53249.7585510374	54549.38099227996	130.25523529956263	16966.426322944426	2975634966.6409144	66064.04807692308	59088.705078125	1.200191	21.373955	0.1430724699999999	0.0858306999999999	-0.0799919373	0.0619703181	0.0556745369	0.0064344565	-0.0089627133	-0.1634572434	-0.0638032059	0.0456640556	0.1094940053	-0.0353825117	0.0815524881	-0.1075604043	0.1549446495	-0.1634739095	-0.1634693964	-0.0710105515	0.0995252014	0.1127229846	0.0075536053	0.1500682364	0.0414173761	0.0942861095	0.0696013388	-0.0003861263	-0.0268443938	-0.0056359319	0.0483855656	0.049214428	0.0641437525	-0.0908394413	-0.0111309681	-0.114635762	0.1454490182	-0.0129026313	0.0773350913	-0.0948996978	-0.0304938161	-0.0694047094	0.0468496533	-0.0844060262	-0.0052242544	-0.0471940323	0.0308792727	0.0212792662	-0.0718992994	0.1467840665	0.0235947337	0.0629495956	-0.10882969	0.1516312726	-0.0681636945	0.0221048256	0.0889382424	-0.1616907042	0.0855597175	0.1198066292	-0.0368201826	-0.085001618	-0.1190358314	0.0286315569	-0.0140566531	0.0353956371	0.1353540551	-0.061483435	0.099004638	-0.026405874	0.0411302374	-0.0028828188	0.0933242356	0.0336276314	0.0294671077	-0.0369766682	-0.0281296167	-0.0675942939	-0.0135318513	0.0854246103	-0.0990283447	-0.0992047	-0.0415471	0.00984157250209	0.00172616151841	0.0032347	-0.0017570199999999	1.046328409e-05	3.087119280399999e-06	0.162009	0.0656854999999999	0.0262469160809999	0.0043145849102499	0.00127787	-0.00041741	1.742311081e-07	1.6329517369e-06	-0.000585569	0.000253687	6.435709396900003e-08	3.42891053761e-07	-0.00118276	1.056000000000017e-05	1.1151360000000359e-10	1.3989212176e-06	0.0	0.0
57648.858428437095	-134.83667807711026	18180.929754870267	3323390878.1019826	98495.2769086479	-1007.5544296617009	9701319573.311228	1015165.9287309152	54475.73500485392	-73.64598742603994	5423.731463956433	2967605704.319067	66238.08836593095	58779.54972544643	1.248015	22.225655	0.113157	0.0464151	-0.0953188665	0.0860266829	-0.0691213567	0.0252605513	0.0692810007	0.0511459943	-0.0613525735	0.0568877824	0.051747085	-0.003980355	-0.0648447463	0.0020853875	-0.0034749063	-0.0830530297	-0.1036323769	-0.0093679328	0.1742349971	-0.0570155811	0.0171417223	-0.0647981297	0.0693503408	0.013365672	0.0929789068	0.0798906887	-0.0878233666	0.015514417	-0.0653641921	0.1458549372	-0.0788797392	-0.0554628516	-0.0131973069	0.0506988271	-0.0034030439	0.0131657531	0.0142934156	-0.0442928501	-0.0545317752	-0.0119410451	0.0890774892	-0.0665488765	0.0221781008	0.0590925697	-0.1481628386	0.096490545	0.0005243288	-0.0502710488	-0.0506648229	0.0519241785	-0.1012484487	0.0800188258	0.0232835451	0.1105563839	0.1229861372	0.0500201456	0.1011647899	-0.0366570205	-0.0065519517	0.0060445527	-0.1021834861	0.1354919436	-0.0602846317	-0.0651652842	0.0266540811	-0.0059978817	-0.0075125094	-0.129587687	-0.0543854414	-0.0236278034	0.0715749764	0.0917391905	0.0153732389	0.1111932157	-0.0451822561	-0.0688612056	-0.010161857	0.0825019948	-0.1005848622	-0.088878	0.0103267	0.0078992988839999	0.00010664073289	0.02967	0.0264353	0.0008803088999999	0.00069882508609	0.146033	-0.0159759999999999	0.021325637089	0.0002552325759999	0.000925821	-0.000352049	1.23938498401e-07	8.57144524041e-07	-0.00109834	-0.000512771	2.62934098441e-07	1.2063507555999998e-06	-0.00152632	-0.00034356	1.180334736000001e-07	2.3296527424e-06	0.0	0.0
57736.07437395452	87.21594551742601	7606.621152498622	3333454284.114808	98869.73367239068	374.4567637427826	9775224236.449465	140217.86791271812	54500.10834643121	24.373341577287647	594.0597796431387	2970261809.772741	66254.8144094187	58960.1160234375	0.971389	17.299278	0.16092925	0.0786792	-0.067158981	0.0416716495	-0.0352883491	-0.0769627283	0.0521958739	-0.0323594784	-0.018799702	0.048004932	0.0378540895	-0.0201805112	-0.1100511717	-0.0455619195	-0.0026228446	-0.0130155667	-0.0046920106	0.0412396831	0.0184321452	-0.0553620275	0.0294237344	0.0471676309	0.1518828307	0.0864475691	-0.0094789079	-0.0576785795	0.1164311304	-0.0441838836	0.1339396717	0.1423863622	-0.1506995206	0.011504575	0.0592735649	0.0133787355	-0.1150815902	-0.0687888863	0.0734970383	0.0258905158	0.1120522217	0.0241909698	0.0539227711	0.0038934796	0.0080549796	-0.0805075538	0.0115737116	-0.0722933096	0.0346280742	-0.0081766729	-0.0239207019	0.0871338771	-0.0938355259	-0.0320636974	0.0132091541	0.1281620479	0.0271270176	0.0835388133	0.0217979539	0.0367104265	-0.0265442613	0.0779152381	0.0157852033	-0.0650302573	-0.0657869173	-0.0435697116	0.1634930874	-0.0872127463	0.015845689	-0.0038061699	0.0325542929	0.051248202	-0.0163516204	-0.1113280617	0.1022918744	0.1577567403	-0.0281721982	-0.0701092912	-0.0067807509	0.0793764193	-0.1017015476	-0.0763000999999999	0.0125779000000001	0.0058217052600099	0.00015820356841	-0.0117898	-0.0414598	0.00013899938404	0.0017189150160399	0.0911626	-0.0548704	0.00831061963876	0.00301076079616	0.00126433	0.0003385089999999	1.14588343081e-07	1.5985303488999998e-06	-0.000817516	0.0002808239999999	7.886211897599997e-08	6.68332410256e-07	-0.00110523	0.00042109	1.7731678810000005e-07	1.2215333529e-06	0.0	0.0
58030.97715248748	294.9027785329599	86967.64878646	3367594309.272524	99581.67290313017	711.9392307394883	9916509578.186008	506857.4682659343	54485.53793569712	-14.570410734093455	212.29686896018583	2968673844.1422896	66081.19921192089	59721.14563040597	1.130487	20.132622	0.0812495999999999	0.0409204	0.0232769472	-0.0003585522	-0.0333149858	-0.2046637954	0.0631012923	-0.1879418734	0.1297897498	0.0480314972	-0.0347158927	0.0194099213	0.0556063301	-0.1092152558	0.0559867311	0.0730503656	-0.0249118991	0.0769907824	0.1317661817	-0.0214479508	-0.0057500759	-0.0606087339	-0.0903024475	0.0101232366	-0.0081514982	-0.1409008044	0.089290767	0.041057529	-0.0343404395	0.0735186901	0.0141018834	-0.0073019161	0.0359835478	-0.014791362	-0.0269069983	0.0014946387	-0.0317618175	-0.1311690469	0.0263808622	0.0019596201	-0.0884296398	-0.009243861	0.0343653165	0.1761047014	0.0123605988	0.0577805721	0.0311154392	0.1170344059	-0.0492282925	0.1051832256	-0.0450680902	-0.0838504366	-0.0119629254	0.0998013749	0.0620741277	0.111509972	0.0045718694	0.0380510374	0.0470182633	0.02647737	0.0185349834	0.0208164631	0.109899763	0.1353945977	0.0511808473	0.1792988335	0.0752836982	0.0272777897	-0.030845144	0.0164620981	0.0887728464	0.020085326	0.0173357124	0.0359753838	-0.0713477892	-0.0713382097	-0.0033922301	0.0760555728	-0.1023735181	-0.0694363	0.0068637999999998	0.00482139975769	4.711175043999853e-05	-0.0244028	-0.012613	0.0005954966478399	0.000159087769	0.0855398	-0.0056227999999999	0.0073170573840399	3.161587983999997e-05	0.000878823	-0.0003855069999999	1.486156470489999e-07	7.723298653290001e-07	-0.000661214	0.0001563019999999	2.4430315203999996e-08	4.37203953796e-07	-0.000524039	0.000581191	3.37782978481e-07	2.74616873521e-07	0.0	0.0
58185.18141811854	154.20426563105866	23778.955538814094	3385515336.659367	99654.97323799763	73.30033486746834	9931113691.066025	5372.939091682994	54672.66629877034	187.1283630732214	35017.02426646338	2989100440.216698	66700.3044798951	61788.14338727679	1.351879	24.075342	0.1388708	0.0731899	0.1061770164	0.1110114775	-0.0607835787	0.0309564784	0.0467458423	0.1116200883	0.0946905984	0.0645788905	0.0777954568	-0.1147691084	0.0536645689	0.0361236377	0.1151150964	0.0054305213	0.0343326746	-0.1225317674	0.0580824331	-0.0009116777	-0.0618582341	0.0020436609	0.0198743399	-0.0015963922	-0.0369994989	0.031987092	-0.0134678614	-0.0513748007	0.0442793167	-0.0031453823	0.0386052842	0.0725280123	-0.0366728561	0.0451140067	-0.0271063964	0.0304551495	-0.1525362889	0.000303052	0.0783802816	-0.0951153782	-0.0059593138	-0.1643242153	0.0457403483	0.0788400701	-0.065377841	-0.0441221505	0.0620783809	-0.0925206279	0.000342381	0.1115977706	0.0841940025	0.0888416542	0.0140336232	0.1021928251	0.0234557219	-0.0220751501	0.0836119458	0.1179222445	0.0763408233	-0.0407564969	-0.0566986534	0.0600764366	0.1442558689	-0.0344951295	0.0555755851	-0.0059593885	-0.0525731484	0.1610316813	-0.0069314615	0.0068032944	-0.1299787002	0.0440769625	-0.0071231883	-0.0118813145	0.0062385114	-0.072547625	0.0	0.072547625	-0.1025978352	-0.0842548	-0.0148184999999999	0.00709887132304	0.0002195879422499	0.0168572	0.04126	0.0002841651918399	0.0017023875999999	0.0408637	-0.0446760999999999	0.00166984197769	0.0019959539112099	0.00127709	0.000398267	1.58616603289e-07	1.6309588681e-06	-0.000661214	0.0	0.0	4.37203953796e-07	-0.000888096	-0.000364057	1.32537499249e-07	7.88714505216e-07	0.0	0.0
58009.64050311605	-175.54091500249342	30814.61283991262	3365118391.3007617	99411.28867735408	-243.6845606435527	9882604316.492228	59382.16509604131	54562.17341207471	-110.4928866956252	12208.678010332267	2977030767.4493127	66618.87674825174	61326.68183314732	1.299788	23.147663	0.2609213	0.1327	0.0576955131	0.0583407491	-0.0248861869	0.1224844506	-0.0504838603	0.1051730656	-0.0542533334	-0.0144084818	0.0960000952	-0.0571356706	-0.0299159801	-0.0125006426	-0.078656424	-0.0345080333	0.0374327315	-0.0650409863	-0.1458594639	-0.047842723	-0.0233877427	0.1092286899	0.048017119	0.1363803211	-0.0162821885	-0.0577162541	0.001722333	0.0364219184	0.0238480332	-0.1790229686	-0.0358677656	0.0418748135	0.0317620334	0.0351045255	0.022824216	0.0913965511	-0.1890902179	0.1566066426	-0.0579580857	-0.0223373407	0.029601972	-0.0672653335	0.1669409267	0.0378209896	-0.0911088436	-0.0835952472	0.0103749804	-0.1259389414	0.0650799335	-0.0903585833	0.0998766105	0.0219710415	0.0808929135	0.1231741634	-0.0378502971	-0.2192975735	0.0728993439	0.0724360095	-0.0321700505	-0.030934934	0.0479839877	-0.0721147679	0.0982317439	-0.1049825879	0.0852054702	0.0461567467	-0.1079653648	-0.0396332125	-0.0728217416	-0.0289588487	-0.0686709984	-0.0936597127	0.0592965254	-0.1432107872	0.0670375099	-0.0737372065	0.0033922301	0.0688612056	-0.1023735181	-0.055026	0.0292288	0.0030278606759999	0.00085432274944	-0.0660251	-0.0828823	0.00435931383001	0.00686947565329	-0.0478745	-0.0887382	0.00229196775025	0.00787446813924	0.00187692	0.00059983	3.597960289e-07	3.5228286864e-06	-0.00100246	-0.0003412459999999	1.1644883251599995e-07	1.0049260516e-06	-0.00114846	-0.000260364	6.7789412496e-08	1.3189603716e-06	0.0	0.0
57868.97075438489	-140.66974873115396	19787.97820808599	3348817776.171854	99038.62809647663	-372.6605808774475	9808649855.23221	138875.9085399166	54532.294777413095	-29.87863466161798	892.7328092424394	2973771173.690676	66232.16518793706	59751.753000558034	1.389661	24.748199	0.116548856	0.0605794	0.003507663	0.0224843196	-0.0975855334	0.0575628023	-0.0388515248	0.0476637004	-0.0243576096	0.0910601978	-0.0688134671	-0.0525611007	-0.0556192418	0.0859682031	-0.0575868194	0.0289244458	-0.0422877356	-0.0133526377	0.0141170736	-0.0239330952	0.116468531	0.0403099545	-0.112723695	-0.041625078	0.0265002433	-0.1791343774	-0.0193399928	0.0592709981	0.0363728682	0.1002167879	-0.0627594415	-0.0302476297	0.1474023695	-0.0460839292	-0.0378173956	0.0978651439	-0.0420245164	0.0810561191	0.143855396	0.1283135362	-0.0669683197	0.0087850934	0.2134816408	0.0205553503	-0.016557511	0.1218846918	0.0073315311	-0.043890358	0.0513665335	0.0726209819	-0.0507432155	0.0315065867	-0.0004223561	-0.1367963632	-0.005716015	0.1591935057	-0.1069194165	-0.0638416966	-0.0282012852	0.0448230259	0.0232830281	-0.099312159	-0.1088184777	0.1778245967	-0.0488226276	-0.0318130551	-0.1235655663	-0.0759544081	-0.0435996145	-0.1037656025	-0.0170791796	0.0687662591	0.0036624838	-0.018543215	-0.0261801858	-0.074906629	0.0067807509	0.0650053833	-0.1017015476	-0.0814797	-0.0264537	0.00663894151209	0.00069979824369	-0.0553971	0.010628	0.00306883868841	0.000112954384	0.000532206	0.048406706	2.832432264360001e-07	0.0023432091857704	0.00176629	-0.00011063	1.2238996900000004e-08	3.1197803641e-06	-0.000661214	0.0003412459999999	1.1644883251599995e-07	4.37203953796e-07	-0.000979127	0.000169333	2.8673664889000013e-08	9.58689682129e-07	0.0	0.0
57822.789189497904	-46.18156488698878	2132.736935411155	3343474949.653116	99532.26697220503	493.6388757284003	9906672168.626295	243679.33963039904	54443.67019924187	-88.62457817122777	7854.315856028062	2964113224.763817	66299.17874644886	60446.48178125	1.020217	18.168839	0.0817542559999999	0.041979	0.0258180285	0.003452291	-0.0828505784	0.0451223676	-0.0502771279	0.0810415228	-0.0267343537	0.0621536252	-3.61068e-05	0.0261580604	-0.0219728321	0.1228252078	-0.0381739412	0.0149063965	-0.023779144	-0.0068371491	0.0966360426	0.0804830275	-0.067782028	-0.0765428486	-0.0106579206	0.0340245172	-0.0770088051	0.1998731266	-0.1942444575	-0.0047081873	0.0741517751	0.104549029	-0.017400404	-0.1274996027	0.1039870836	-0.1925091403	-0.0209292715	0.0241374313	0.0053172501	-0.1561140127	-0.1300293211	-0.0186519964	0.0621183406	0.039658879	-0.0557528911	-0.0214617452	-0.0532132521	0.0327634377	0.0982474862	-0.0551592064	0.0166770127	-0.0380163732	-0.0264728376	0.0192561897	0.078343937	-0.1009545911	0.0600743198	0.0269354432	-0.0445434859	0.011378622	0.1273081097	0.0799104674	-0.1073965479	0.107955331	-0.0803443405	-0.0630129093	-0.158679309	-0.0087768932	-0.0078969488	0.0866871714	0.0994017595	0.0490144517	0.0768065343	0.0809364277	-0.0168476695	0.064363697	-0.0407872975	-0.0760555728	0.010161857	0.0609896438	-0.1005848622	-0.0792155999999999	0.0022641000000001	0.0062751112833599	5.126148810000462e-06	-0.0548824	0.0005146999999999	0.0030120778297599	2.6491608999999986e-07	-0.0362618	-0.036794006	0.0013149181392399	0.001353798877528	0.00129182	-0.00047447	2.2512178090000005e-07	1.6687989124e-06	-0.000461388	0.000199826	3.9930430276e-08	2.1287888654400002e-07	-0.00114846	-0.000169333	2.8673664889000013e-08	1.3189603716e-06	0.0	0.0
57816.6371285216	-6.152060976302892	37.847854256148885	3342763528.8511424	98926.89945757273	-605.3675146323076	9786531436.288704	366469.82777209714	54332.93265763683	-110.7375416050345	12262.803120726743	2952067571.179299	66043.94962303322	59899.47985435268	1.024126	18.238445	0.0552821	0.0236928	0.0120236881	0.018661532	-0.0784443235	0.0068756674	0.0061868496	-0.0199427028	-0.1010513757	0.0283987736	-0.0175050868	0.1231301719	0.0369669315	0.1111938138	-0.0766194598	0.0335555348	-0.0901174742	0.1112236027	0.1222605739	-0.0432489278	-0.0926275204	-0.0433670658	-0.0980325039	0.0506491291	-0.019630912	0.0388508485	-0.1090207749	-0.0613020717	-0.0126087453	-0.0884825888	-0.0217492714	0.0677125089	-0.001931414	0.000846901	0.03950721	-0.0260777718	0.0544031632	0.0109703785	-0.05687116	0.0598564821	0.0217330225	-0.005591537	-0.170981025	-0.0271927738	-0.0166735418	-0.0334114401	-0.0484319087	0.0384370234	-0.0573974958	-0.0779061759	-0.0634301222	0.0259727628	0.1061425861	-0.1247214412	0.0676752058	0.0358396863	0.0966069441	-0.0415833893	0.03685251	0.0584273987	0.0532999158	0.0324273834	0.0393284295	-0.0765154999	-0.1880087932	0.0689176836	-0.0081645822	0.0799527886	-0.0005830992	-0.0397565487	-0.0750482273	0.0179942356	-0.0831241501	-0.0148815197	-0.0582500468	-0.0771837238	0.0135318513	0.0568238659	-0.0990283447	-0.0756929999999999	0.0035226	0.0057294302489999	1.2408710760000005e-05	-0.0660104	-0.0111279999999999	0.0043573729081599	0.0001238323839999	-0.0235583	0.0127034999999999	0.00055499349889	0.0001613789122499	0.0014482	0.00015638	2.4454704400000005e-08	2.09728324e-06	-0.000731478	-0.00027009	7.29486081e-08	5.350600644840001e-07	-0.00101637	0.00013209	1.7447768100000022e-08	1.0330079768999998e-06	0.0	0.0
57711.92338183353	-104.71374668807402	10964.968745454134	3330666100.4306235	99809.58825965604	882.6888020833139	9961953908.562069	779139.5213232758	54521.0715837648	188.1389261279692	35396.25552458544	2972547246.642006	66240.66632156905	59624.36415569196	1.233389	21.965178	0.0745184999999999	0.0450128	-0.0194090937	-0.0686136374	-0.0830619957	0.0061678591	-0.0225191431	0.0195761996	0.0494750549	0.1400473436	-0.1088142098	-0.0244644835	-0.0725264873	-0.0484027186	-0.0113284059	0.15807297	-0.1877518359	-0.0722145965	0.018910686	0.0387586113	-0.0463475371	0.0695178865	-0.0240260305	0.0377858966	0.1092291442	0.1160590968	-0.0668088656	-0.0134624114	-0.0514107718	-0.0912267184	-0.1046938296	-0.0686873515	-0.004978011	-0.1037177657	-0.0428083654	0.0942443453	0.0727601299	0.08795638	-0.0446104612	-0.0195843279	-0.1042259914	0.0312943896	-0.0701810706	-0.0434987002	0.0347284145	0.0657220369	0.028337283	-0.007384468	0.0264812834	0.0951891121	-0.068018102	-0.0683319921	-0.0075558688	-0.1750967611	-0.1290028253	0.0072131908	0.1770807355	-0.01936866	0.1164868565	0.03169557	-0.02923249	0.0858797569	0.0357834651	-0.0255629711	-0.1014636988	-0.0740978159	-0.0378140053	-0.036384835	0.0262341134	-0.1084271971	0.0403254783	-0.0277781759	-0.0258455157	0.0472405397	0.0359219439	-0.0782907735	0.0168870486	0.0525182979	-0.0970388015	-0.0750812	0.0006117999999998	0.00563718659344	3.7429923999987597e-07	-0.052656	0.0133543999999999	0.002772654336	0.0001783399993599	-0.0244345	-0.0008762	0.00059704479025	7.67726440000001e-07	0.00147387	2.566999999999999e-05	6.589488999999993e-10	2.1722927769e-06	-0.00136472	-0.000633242	4.00995430564e-07	1.8624606784e-06	-0.00048176	0.0005346099999999	2.858078520999999e-07	2.3209269760000002e-07	0.0	0.0
57719.30919030878	7.385808475250087	54.55016683307602	3331518653.406463	99408.65360232312	-400.934657332924	9882080411.026669	160748.59945066916	54501.133274778105	-19.93830898669694	397.5361652489999	2970373528.235125	66383.80709134616	59320.99374037388	1.088902	19.39204	0.1410947	0.0803615	-0.0237796377	-0.1154812114	-0.0161269921	-0.0131496415	0.016485848	0.025373184	0.0341624371	-0.0175235796	-0.1208860068	-0.0068261328	-0.0028328431	0.0052095128	-0.068876033	0.1874505342	-0.0091854836	-0.0024924287	-0.1082433848	0.0308105359	0.139112594	0.0794002561	-0.0122494067	0.0568985365	-0.00310717	0.0832893029	-0.1958259177	0.0694396815	-0.1779197946	-0.0962955183	-0.0400625276	0.0888564287	0.111058802	0.0199020526	0.0905512454	0.002921393	0.110022921	-0.0173889067	-0.0052894337	0.0038284643	-0.0607903161	0.013426914	-0.0241408343	-0.1601807382	-0.0502381309	-0.0899089908	-0.0621673768	-0.0661488044	-0.0207735856	-0.0344336412	0.1030320651	-0.1747896106	0.0875568524	-0.0401003593	-0.057953503	-0.1376802508	0.0511011934	0.0757540105	0.1067039579	-0.1016095243	0.0504079649	0.018135371	-0.0055575355	0.086239707	-0.0415077459	-0.026832369	0.0051238937	-0.054417481	-0.1586670553	-0.0655052976	0.0590493924	0.0383866731	-0.061861152	0.0394706902	-0.137953242	-0.0793764193	0.0202237803	0.0480835316	-0.0946249323	-0.0792563	-0.0041751	0.00628156108969	1.7431460010000008e-05	-0.0151817	0.0374743	0.0002304840148899	0.00140432316049	-0.0941848	-0.0697503	0.00887077655104	0.00486510435009	0.00136461	-0.0001092599999999	1.1937747599999982e-08	1.8621604521e-06	-0.00108643	0.00027829	7.744532410000002e-08	1.1803301449e-06	-0.00068811	-0.00020635	4.25803225e-08	4.734953721e-07	0.0	0.0
57770.06461062121	50.75542031243094	2576.112691091528	3337380365.115349	99733.45125406096	324.7976517378411	9946761299.046154	105493.5145744159	54575.98987610947	74.85660133136116	5603.510762882342	2978538670.957203	66136.46169143356	59169.03771261161	1.054183	18.773729	0.13715795	0.0890393	-0.026802987	-0.12501621	0.0638673879	-0.0381967284	-0.0677549641	-0.1159484821	0.0402291825	-0.0384327431	0.020743672	-0.0570076762	0.0202078582	-0.0896700108	0.0186902804	-0.0159585761	0.0016336555	0.0212796553	-0.1598734068	0.1493683692	0.0075378385	-0.0824839556	0.0866893608	0.0246147339	-0.0337690938	0.0356316286	-0.0729164309	-0.0814256893	0.0083188638	-0.0719974652	0.0069459545	0.0445901533	0.0624911406	0.0435534051	0.0368829277	-0.1392154266	0.0428216383	0.1135875953	0.137357143	0.0860787679	0.0618664548	0.1728678531	0.0707144597	-0.0202173911	-0.0249362678	-0.0124750392	0.0577707952	0.1250950849	0.0973194883	0.0078574918	0.0172148256	-0.0649079277	-0.0173074734	-0.019452482	-0.091955874	-0.1052895116	-0.0583825348	-0.0002348316	-0.0129762138	-0.0402839165	-0.032795334	-0.0209118699	-0.0502220039	-0.0726253761	0.0316182876	-0.0772154746	0.008737159	0.0973039489	0.0221707655	0.1406149831	-0.0631086837	0.1401740584	0.0557973505	0.027084107	-0.0458657529	-0.0804403643	0.0235383975	0.0435304769	-0.0917972923	-0.0791974	5.890000000000062e-05	0.00627222816676	3.469210000000073e-09	-0.0184384	-0.0032567	0.00033997459456	1.0606094890000008e-05	-0.0150706	0.0791142	0.00022712298436	0.00625905664164	0.00105347	-0.00031114	9.68080996000001e-08	1.1097990409e-06	-0.000763357	0.000323073	1.04376163329e-07	5.82713909449e-07	-0.00114846	-0.00046035	2.119221225e-07	1.3189603716e-06	0.0	0.0
57587.92899073766	-182.13561988354925	33173.38403036473	3316369565.442243	98801.79851871906	-931.6527353418932	9761795390.533556	867976.8192700319	54414.08809287167	-161.901783237794	26212.187415577635	2960892982.978799	66261.25718149038	58925.35194614955	1.195718	21.294294	0.106795037	0.0513187	-0.0515392185	-0.0121898859	0.1171383112	0.0126452412	0.0670750358	0.0572719129	0.0008805696	-0.0968929749	-0.0680699223	0.0478190822	0.0136306065	-0.0516509918	0.0527735788	0.0267658261	0.0672121313	-0.0222307436	-0.0164148952	-0.0420390227	-0.0042003421	-0.0176196698	-0.019404122	-0.0085014408	0.0908854191	0.013925234	0.0835867546	-0.0071177652	-0.0564607792	-0.181355481	0.0601734591	-0.008381977	0.0497231363	-0.0066773365	-0.0423694555	-0.059908355	0.0748305518	0.0009427339	-0.0351458193	-0.0792949408	0.0081962303	0.0853302224	0.0750703318	-0.0996753283	-0.0460783465	0.0198174179	-0.1009416343	-0.0368612935	-0.073661807	-0.0224491947	0.0752796877	-0.0588521261	-0.1013873272	-0.0032684071	-0.1261447144	-0.0200920272	-0.0058661678	-0.0753633676	-0.0017561367	0.0084791521	0.0866249415	0.0360129059	0.0999975892	-0.0134556305	0.0173460667	-0.0763497066	0.009306765	-0.0744366854	0.0781820567	-0.0027812961	-0.0597257123	0.0219277988	-0.0053845894	-0.0419431659	-0.0183434253	-0.0814823178	0.0268272759	0.0388703345	-0.0885682462	-0.082682	-0.0034846	0.006836313124	1.214243716000003e-05	0.000167687	0.018606087	2.8118929969e-08	0.0003461864734515	-0.0441947	-0.0291241	0.00195317150809	0.00084821320081	0.0007673279999999	-0.000286142	8.18772441640572e-08	5.887922595838465e-07	-0.00150558	-0.000742223	5.508949817290002e-07	2.2667711364000003e-06	-0.0012317	-8.324000000000005e-05	6.928897600000008e-09	1.51708489e-06	0.0	0.0
57731.591341353786	143.6623506161268	20638.870984550944	3332936638.805075	98411.19003326114	-390.608485457924	9684762323.762636	152574.9889117332	54369.84272143121	-44.245371440461895	1957.652893904441	2956079797.5531664	66157.71627786277	59154.61125139509	1.053672	18.764633	0.182163237	0.0893988	-0.0558447945	0.1066494771	0.0839881135	-0.0328717467	0.1061165626	0.0160195359	-0.0326141637	-0.0364617699	0.0365445178	0.0749552541	-0.0148786309	0.0717299147	-0.0090222991	-0.0451852976	0.0474851022	-0.0314093157	-0.009563812	0.0039433036	-0.0252776029	-0.0326724685	-0.103338883	-0.1818212307	0.0663943054	0.0861736587	-0.0448358317	0.0805714002	0.0883915794	0.0553575589	-0.0334176606	0.1735589126	0.0290981933	0.0817241481	-0.0335543549	-0.0400938933	-0.0171540653	0.0503658959	0.0724911795	0.0221789365	0.0241216945	0.0475710643	0.0295315063	-0.1273707945	-0.0339857723	-0.0085862844	-0.0173971432	-0.0225597499	-0.1202492442	-0.0419834008	0.0662448656	0.0309508459	-0.0306709439	-0.0051091851	-0.0946850146	0.029156633	-0.0960131484	-0.0305935031	-0.1013793475	0.1289094538	-0.0625368133	0.0422686525	-0.0581957538	0.0512308152	-0.1059157542	-0.0472796768	-0.1143037736	-0.0886273541	-0.0961643975	0.0932747392	0.1019596922	0.0496137337	-0.0449975711	-0.1811996646	0.1289222341	-0.0825019948	0.030086819	0.0341145687	-0.0849519136	-0.0791993	0.0034827	0.00627252912049	1.2129199290000035e-05	-0.0517453	-0.051912987	0.00267757607209	0.0026949582192621	-0.0855444	-0.0413497	0.00731784437136	0.00170979769009	0.00168201	0.0009146820000001	8.36643161124183e-07	2.8291576401000003e-06	-0.0008995849999999	0.0006059950000001	3.672299400251213e-07	8.0925317222482e-07	-0.00104402	0.0001876799999999	3.5223782399999995e-08	1.0899777604000002e-06	0.0	0.0
58120.86839318124	389.2770518274556	151536.62307947554	3378035342.777494	98935.17781656096	523.9877832998172	9788169409.594536	274563.1970474562	54470.87413322855	101.0314117973394	10207.346169763568	2967076128.838027	66070.77439630682	61104.22516113281	1.185048	21.104275	0.03762085	0.0228963	0.0589172168	0.1681702769	0.0156409902	-0.0612809122	0.1291757776	-0.020401344	0.0333835059	0.0184213399	0.0676378186	0.0055689433	0.0380324188	0.0713276057	-0.0370311216	-0.0452950918	-0.1295261082	-0.1827942492	-0.0243330472	-0.0410608575	-0.0349635065	-0.0497506249	-0.1153450194	-0.0661278873	-0.081900987	-0.0819345554	0.02269013	0.0539048355	0.0310004957	-0.0850999089	-0.0114659714	0.0375750603	-0.0665623858	-0.0325095247	0.0120785922	0.0546487723	0.0376733843	0.0285899954	-0.0213646233	0.0869525213	-0.0888697933	-0.024960053	-0.0202120384	0.0259740628	-0.0614791186	-0.0081663191	0.0477244039	0.0838650239	-0.113230858	0.0473311855	0.040118078	0.1193232124	0.0760545913	-0.0945452542	-0.0893433206	-0.048123905	-0.0133541454	-0.0268263286	0.0585081972	-0.081162886	0.0098720226	-0.0491744568	0.0177886525	0.0228027297	-0.0670555174	0.0950522823	0.0567478855	0.0700501709	-0.0930485153	-0.0025407524	0.0294565456	-0.0881624888	-0.0055484447	0.014806484	0.0913198256	-0.0834991166	0.0333134626	0.0292748789	-0.0809641079	-0.0792053	-6.0000000000060005e-06	0.00627347954809	3.600000000007201e-11	-0.0633269	-0.0115816	0.00401029626361	0.00013413345856	-0.0839982999999999	0.0015461000000001	0.0070557144028899	2.3904252100003267e-06	0.00134633	-0.00033568	1.1268106240000007e-07	1.8126044689e-06	-0.000949208	-4.962300000010001e-05	2.4624421290099262e-09	9.00995827264e-07	-0.00114846	-0.0001044399999999	1.0907713599999982e-08	1.3189603716e-06	0.0	0.0
58065.67012206504	-55.19827111619816	3046.849134217316	3371622046.724477	99155.98881142995	220.8109948689962	9831910117.172422	48757.49545503587	54517.4722170858	46.59808385725046	2171.381419167346	2972154776.940722	66419.37920126748	61989.57723339844	1.202497	21.415022	0.0794703	0.0447498	0.1209954096	0.0840355372	-0.0801902491	0.0652301722	0.0247124234	0.1668941166	0.0757802365	0.0360317967	0.0474119642	-0.0255138056	-0.0222964377	0.1040814834	-0.030557615	0.0762030969	-0.0657575151	-0.0453347587	-0.0147949603	-0.1514985193	0.0753848839	0.0148955923	-0.0057728158	0.040205817	-0.0645290088	0.1259293482	0.0513692916	0.0335360038	-0.0717558894	-0.0582531655	-0.108444042	0.1383233154	-0.0040181783	-0.0220009201	0.0234725193	0.0252524957	0.0273623067	0.0584521499	-0.0149128067	0.0024803298	-0.0089747915	0.0761401753	-0.0881009785	0.1047237948	0.1488144028	0.1234520568	-0.0753063931	-0.0958209374	-0.032752689	0.0081096075	0.0695849861	0.050953199	0.086298902	-0.0653708645	-0.0020566727	-0.0017042453	0.0303259408	0.0107393691	0.1137394088	-0.1087041653	-0.0076162486	-0.1027875919	0.0318911031	-0.1061927665	-0.0402175361	0.0714186458	-0.0295180556	-0.2395899182	-0.0406436388	-0.0703099853	0.0585228819	0.0020956314	-0.0069432588	0.0533110663	-0.1020115746	-0.0844734105	0.0365036785	0.0243631711	-0.0766222668	-0.0861031	-0.0068977999999999	0.00741374382961	4.757964483999994e-05	-0.0247251	0.0386018	0.00061133057001	0.00149009896324	-0.0754801999999999	0.0085181	0.0056972605920399	7.255802761000001e-05	0.00163158	0.00028525	8.136756250000007e-08	2.6620532964e-06	-0.00117301	-0.0002238019999999	5.008733520399997e-08	1.3759524600999998e-06	-0.00114846	0.0	0.0	1.3189603716e-06	0.0	0.0
57942.01541001591	-123.65471204913048	15290.487811953371	3357277149.7745214	99485.70238049196	329.71356906200526	9897404978.139824	108711.03762360572	54461.404418223006	-56.06779886279401	3143.598069318725	2966044571.20524	66353.82386909965	61257.13800558036	0.986696	17.571869	0.074722	0.0399148	0.0766066319	0.0166423008	-0.0728807048	0.1047303593	-0.0762962642	0.1155075757	-0.0089962366	0.0099723732	0.0126600607	0.0042253475	0.0069456388	0.0352161197	-0.0330152163	0.0817567307	-0.0383101677	-0.015264252	0.0319527338	-0.1036813935	0.0621896453	-0.0162556507	0.0674597356	0.1714278473	-0.0580670798	-0.1142998058	-0.0913695262	-0.0456009662	-0.0509661387	0.1039654711	0.0705539221	0.0740946491	0.0564253658	0.0365828694	-0.0330604509	-0.0669384688	-0.0785761141	-0.0748508526	-0.0589437717	-0.0098041555	0.0361115909	-0.1332705688	-0.0365445395	-0.0876386171	0.0575220718	-0.0816200616	-0.0742000881	-0.0542944882	0.0428232564	-0.0483817167	0.0345803015	0.0129295914	0.0770633273	-0.0763376784	0.0188190349	0.0493916726	0.0431613776	0.0640122242	0.100305267	0.1246899323	0.1100277247	0.0450478297	-0.0293240626	-0.0062604283	0.0417863392	0.0676529775	-0.0075234612	-0.0248272982	-0.0499911341	-0.00194503	0.0047201998	0.0463359677	0.1056110967	0.0591176571	-0.0898068134	-0.0854246103	0.0396539781	0.0193915285	-0.071945376	-0.0843436	0.0017594999999999	0.00711384286096	3.09584024999999e-06	-0.0364118	-0.0116867	0.00132581917924	0.00013657895689	-0.111917	-0.0364368000000001	0.012525414889	0.00132764039424	0.00129315	-0.00033843	1.1453486490000003e-07	1.6722369225e-06	-0.00111014	6.287000000000003e-05	3.952636900000003e-09	1.2324108195999998e-06	-0.00105298	9.548e-05	9.1164304e-09	1.1087668804e-06	0.0	0.0
57827.85547727343	-114.15993274248468	13032.490243768623	3344060869.1004224	99585.53300491182	99.83062441986112	9917278383.87238	9966.153572059373	54404.81532567493	-56.58909254807804	3202.325395414942	2959883930.6207933	66106.49483719406	60309.04773604911	1.083929	19.303476	0.0559996	0.037252	0.0330111685	-0.0832165357	-0.0795727102	0.0878715063	-0.1260557383	0.0096828317	-0.0648676069	0.0802706723	-0.05130987	0.0197091294	-0.0519450326	0.0165002988	-0.0049699244	-0.0050028862	-0.017288814	-0.0498252783	-0.0878295519	0.0654576071	0.0596183495	-0.0066095387	-0.0223584926	0.0092649017	0.0670492421	0.0023074199	-0.0530375676	-0.0879795931	-0.0485032767	-0.1016468121	0.0278644266	-0.0755586839	0.0529889742	-0.0312106289	-0.177557352	-0.047424535	-0.1311055195	-0.0840159512	0.1430157974	-0.1194850103	-0.0362196487	0.1232124106	-0.0453526313	-0.0116637553	0.0675583459	-0.0067398703	0.0635446306	0.0149423995	0.1089435359	-0.0687628247	-0.0603945259	0.0174449046	0.043013352	-0.1613242385	-0.0731627738	-0.0642247693	-0.0232262123	-0.0443437654	0.0295815077	0.0308197557	0.1297197525	0.0807358299	0.0642920948	0.0578370671	0.0385114913	-0.045055989	0.0008367466	0.0009343514	0.1198129062	-0.0891770188	0.0257500892	0.0510596085	-0.156232766	-0.0696281049	0.0043279227	-0.0863524559	0.0427609166	0.0143721814	-0.0669538864	-0.0792239	0.0051197	0.00627642633121	2.621132809000005e-05	-0.0363989	1.2900000000003188e-05	0.00132487992121	1.6641000000008222e-10	-0.08006	0.0318569999999999	0.0064096036	0.0010148684489999	0.00105924	-0.00023391	5.4713888100000075e-08	1.1219893776e-06	-0.0012367	-0.00012656	1.6017433600000043e-08	1.5294268900000005e-06	-0.00107271	-1.972999999999992e-05	3.892728999999969e-10	1.1507067440999998e-06	0.0	0.0
57661.60764173655	-166.2478355368803	27638.3428206976	3324860995.829571	99656.22051135778	70.68750644596003	9931362286.608368	4996.72356754764	54479.71677376109	74.90144808615878	5610.226925403539	2968039539.749225	66487.19386746066	59466.70524609375	1.10713	19.71665	0.1167895499999999	0.0587382	-0.0357962878	-0.1051965406	-0.057866251	0.0603507812	-0.0423441703	0.0583336366	-0.0281488911	0.0490327169	-0.1610099825	-0.0522269952	-0.1186461028	0.0188855786	0.0378086203	0.0359731148	-0.0116692994	0.034088879	0.0191252969	0.1385575591	-0.0381899559	-0.1219908322	0.0254897366	0.0156141777	-0.0502991495	0.0789905527	0.0288909191	-0.0407114547	-0.0849455341	-0.0270076633	0.0842056102	-0.0066638423	0.0492896365	0.0492069773	-0.0160042635	0.0183417031	-0.0506549103	-0.0598350974	-0.1005393614	0.1514073936	0.0500982349	0.0886065875	-0.0240028491	0.0025580232	0.0181176655	-0.0108960343	0.0862272385	-0.1232104688	0.0597780814	0.0322785441	-0.0247118827	-0.0810328824	-0.0668363507	-0.0822014316	-0.0519742309	0.0198296476	-0.0002902898	-0.0037808003	-0.0704427588	-0.0520168213	-0.0108991754	0.1292620406	0.0048339533	-0.0576239039	-0.0360321389	0.0244828553	0.0102622791	-0.0302000077	0.0339438755	0.0805799324	0.0068222637	0.0258820148	-0.0139506608	0.0593939415	0.0368536768	-0.0872566935	0.0458210968	0.009317478	-0.0616696245	-0.0968888	-0.0176648999999999	0.00938743956544	0.0003120486920099	-0.0158793	0.0205196	0.0002521521684899	0.00042105398416	-0.0391247	0.0409353	0.00153074215009	0.00167569878609	0.000626665	-0.0004325749999999	1.8712113062499998e-07	3.92709022225e-07	-0.00131029	-7.35899999999999e-05	5.415488099999985e-09	1.7168598840999998e-06	-0.00131994	-0.00024723	6.11226729e-08	1.7422416036e-06	0.0	0.0
57662.89928489077	1.2916431542253122	1.6683420378571137	3325009953.939457	99195.71474867214	-460.5057626856433	9839789824.499931	212065.557466686	54383.56366147375	-96.1531122873348	9245.421002540816	2957571996.5215683	66176.65846263112	59011.57267996652	1.028573	18.317646	0.08885645	0.0487347	-0.0607850669	-0.1232201228	-0.0198469665	-0.0421469119	-0.0029218317	-0.0582564642	-0.0263089142	-0.0640771769	-0.1435467591	0.0464243292	-0.0673706203	-0.1013814112	0.0566186859	0.0878021246	0.0230091473	0.053135118	-0.0091331376	-0.0346049903	-0.0139806573	0.0149636525	-0.1081941806	-0.033184148	-0.0179511859	-0.0759379871	-0.1725126724	-0.1690340472	-0.0333435475	0.150762106	0.1054919098	0.0665452675	-0.0357788685	-0.0719295539	-0.0633387262	-0.0711281787	0.0484409574	0.0568549514	-0.1101092558	-0.0562579823	0.053339875	-0.0156155599	0.0433353709	0.0170530301	0.0870688478	0.0786983371	-0.0792291186	-0.0137681745	0.0001545522	-0.0476651137	-0.0355577625	-0.1451338418	-0.0320777055	0.0273598858	-0.0680281052	0.017847459	-0.1151594333	0.1694503357	0.0812268884	0.0584855395	0.0372806763	0.0713139271	-0.0282726006	0.0031052536	-0.0037646842	0.0462583611	0.1095343271	0.0409773476	-0.0634765969	-0.1641934882	0.0738239464	0.2547925076	0.1288271724	-0.0117927093	0.1316852059	-0.088137076	0.0488311722	0.0042398529	-0.056115697	-0.110895	-0.0140061999999999	0.0122977010249999	0.0001961736384399	-0.0175323	-0.001653	0.00030738154329	2.732409000000005e-06	-0.0744834999999999	-0.0353587999999999	0.0055477917722499	0.0012502447374399	0.0007498249999999	0.0001231599999999	1.516838559997537e-08	5.6223753062485e-07	-0.000809191	0.000501099	2.51100207801e-07	6.54790074481e-07	-0.00145245	-0.00013251	1.7558900100000048e-08	2.1096110025e-06	0.0	0.0
57758.05858824431	95.15930335353914	9055.293014730889	3335993331.8830624	98865.67169934767	-330.04304932446394	9774421040.563196	108928.41440739052	54477.97999491494	94.416333441186	8914.444020477218	2967850304.326352	66069.18108883304	59451.59385993303	1.131082	20.143209	0.07949265	0.0389666	-0.0105136064	-0.0288405725	0.0633613762	-0.07506887	0.0595835227	-0.0607922204	0.019482533	-0.0671126531	-0.0321680488	-0.0142965556	0.0157399671	-0.0930495921	-0.0311055417	-0.0089922603	0.0155186158	0.0314670561	-0.11288833	0.1227597396	-0.0777660308	-0.1246168758	-0.0630733882	-0.1457542389	0.0629372983	0.0132245794	0.0407193665	0.0941582115	0.0557974749	-0.0624543918	-0.0397552773	-0.0552552318	-0.0433211201	-0.0993375762	0.0184631753	-0.0827821715	0.1648167943	0.0468344338	-0.0113450572	-0.0631603281	0.0842007247	-0.1179206934	-0.0264028207	0.0076641085	0.0353255692	-0.1556773887	0.0848448213	0.0874703096	-0.0384621157	0.0297009608	0.0416576836	-0.0611999835	-0.0521261757	-0.0312286454	-0.1514710728	-0.011396399	-0.0976297805	-0.0711994301	-0.0245025438	-0.063921903	-0.0669749913	0.0108717668	-0.030963331	-0.0455433791	-0.1147492395	-0.0127550618	0.0939674185	0.0292265033	-0.0318694603	0.0899925937	-0.0234716176	-0.0074884122	0.1038448438	0.0053025715	0.1716091487	-0.0889933628	0.0517878515	-0.0008482025	-0.0503163898	-0.0847630999999999	0.0261319	0.0071847831216099	0.00068287619761	-0.0364303	-0.0188979999999999	0.00132716675809	0.0003571344039999	-0.0910677	-0.0165842000000001	0.00829332598329	0.00027503568964	0.000595663	-0.0001541619999999	2.3765922243969183e-08	3.54814409569e-07	-0.0010126	-0.000203409	4.1375221281e-08	1.02535876e-06	-0.00145245	0.0	0.0	2.1096110025e-06	0.0	0.0
57908.99395533609	150.93536709177715	22781.48503912953	3353451580.919152	98630.8425405773	-234.8291587703716	9728043100.264153	55144.73380880038	54500.29220599112	22.312211076183303	497.8347631081568	2970281850.5384164	66427.9373361014	60222.62271414621	1.135834	20.22784	0.0938908	0.0474861	-0.003245361	0.126806256	0.0309201191	-0.0001780116	0.1385083169	0.0798996876	0.012752938	-0.0164846624	0.0161332	-0.022927336	0.0296630494	0.027882801	0.0644421179	-0.0193755933	0.0739467824	-0.058327819	0.0055065506	-0.0947859324	-0.0960254873	-0.0265637897	0.1118630342	-0.1209422056	-0.009979569	0.0738148107	0.0664737734	0.0402346782	-0.0582971786	0.0287121996	-0.027975953	0.0860860258	-0.004583603	-0.0670792147	-0.0022100896	0.0125296418	0.0466916585	0.1359062891	-0.0508049312	0.0215196983	0.036185356	-0.037106723	-0.0582426389	-0.0165020126	-0.0052613223	-0.0002856247	0.051194689	-0.0815985709	-0.1130203566	0.0617634843	0.0969285025	0.0645200809	-0.0672411726	0.0143496678	-0.0998470395	-0.0440180885	0.0132105148	0.0104490321	-0.0376506368	0.1166683239	-0.0922172034	0.0842720351	0.0207444313	-0.0658456437	-0.0005770573	-0.033805487	-0.0124963292	-0.0953666323	-0.0566875056	0.0667389167	-0.0646274008	-0.0029375723	0.0361396196	0.0145967129	0.0596054603	-0.0898253196	0.0546879015	-0.0059341712	-0.0442970619	-0.106367	-0.0216039000000001	0.011313938689	0.00046672849521	-0.0159099	0.0205203999999999	0.00025312491801	0.0004210868161599	-0.117945	-0.0268772999999999	0.0139110230249999	0.0007223892552899	0.00092936	0.000333697	1.1135368780900001e-07	8.637100095999999e-07	-0.000916173	9.642699999999996e-05	9.298166328999991e-09	8.39372965929e-07	-0.00152011	-6.765999999999999e-05	4.577875599999998e-09	2.3107344121000003e-06	0.0	0.0
58115.51942380743	206.52546847134363	42652.769127307954	3377413597.898939	98768.45961285582	137.6170722785173	9755208614.296331	18938.45858251065	54516.77432738536	16.482121394241403	271.6603256545102	2972078683.063064	66344.64753332605	61493.65673856027	1.144493	20.38204	0.08814585	0.0417465	0.0974741197	0.069870752	-0.0758476928	0.0410428617	0.0218460686	0.107611223	0.0511724947	0.0265424481	0.0329625984	-0.0579500382	-0.0330992204	0.0099038112	-0.1144623937	0.0269111029	0.0574520966	-0.1391267099	0.0675321965	-0.0642090029	0.0041480022	-0.0161754887	0.075481826	0.0122264937	-0.0283971373	-0.0502913176	-0.0349077217	0.0433311397	-0.0512813556	-0.0039597826	0.1210724916	0.038562188	-0.0108159854	-0.130016022	-0.0496029748	0.0983131623	0.0971039795	-0.0395387648	0.0981753947	-0.0723221742	0.003228928	0.0596387626	0.0294026145	-0.0372705299	-0.0411855803	0.0059568977	-0.1129482135	-0.0845265414	0.0089173491	0.0108109111	0.0798353188	0.0188316457	0.1071001209	0.0411532699	-0.1362837211	0.0587914491	-0.031841521	-0.0793086218	0.0684212437	-0.0042946371	-0.0248346944	-0.017042528	-0.0352509283	0.041899203	0.1366929146	0.0267909047	-0.0576017706	-0.1094993051	-0.0836768019	0.1010782375	0.139152139	0.1599408678	0.0298890555	-0.0071673174	0.0325292373	-0.0906327191	0.0575281511	-0.0110055415	-0.0380840342	-0.112383	-0.0060159999999999	0.012629938689	3.619225599999992e-05	-0.0237499	-0.00784	0.00056405775001	6.14656e-05	-0.145544	-0.027599	0.021183055936	0.000761704801	0.00121542	0.00028606	8.183032360000007e-08	1.4772457764e-06	-0.00119982	-0.000283647	8.045562060900004e-08	1.4395680324000003e-06	-0.001156	0.00036411	1.3257609210000013e-07	1.3363359999999995e-06	0.0	0.0
57983.65094958879	-131.86847421864513	17389.294492753477	3362103777.443749	99799.66850698742	1031.2088941316033	9959973834.104576	1063391.7833361242	54596.17758413462	79.40325674925407	6304.8771823879615	2980742606.798363	66492.27464215472	61312.133730747766	1.22714	21.853891	0.10343444	0.0652062	0.0913619248	-0.0029458908	-0.1003445682	0.1257287372	-0.087744387	0.0921330628	0.046168926	0.1389444556	0.014586159	-0.1637586416	-0.1011497911	0.0100998728	-0.0241859418	-0.0627952012	-0.0169313826	-0.0439396611	-0.0390582092	0.084790149	-0.0188363139	0.0034998332	0.0444546293	-0.0615800223	-0.0881363842	0.012664979	0.0307344627	-0.0265957953	-0.0086259044	0.067683445	0.0166093051	-0.0151440217	-0.016976754	0.0045815012	-0.0333573287	0.1033314559	0.012236368	0.0016961788	-0.0242936258	-0.1236247234	0.0233421467	0.0484789584	-0.1160752776	0.0371649362	-0.0399225701	-0.0892008156	-0.0709573303	-0.0863630105	0.1430507763	0.1004262792	-0.0179047328	0.1076179109	-0.0061574503	-0.0609317614	-0.0950741975	-0.018418369	-0.0485085031	-0.148956492	0.0010180381	0.0117708967	0.0117514403	0.0173840676	0.0412678323	0.0359709893	0.0466695062	-0.0394361857	-0.0138814801	0.057043506	0.0604642245	-0.0115141237	0.1956929917	-0.032816261	0.0004569324	0.0869400184	-0.018777217	-0.0914153405	0.0603054945	-0.0160498375	-0.0317044747	-0.112374	8.999999999995123e-06	0.012627915876	8.099999999991222e-11	-0.00160726	0.02214264	2.5832847076e-06	0.0004902965061696	-0.0865062	0.0590378	0.00748332263844	0.00348546182884	0.00119637	-1.9050000000000056e-05	3.6290250000000215e-10	1.4313011769e-06	-0.00149418	-0.0002943599999999	8.664780959999988e-08	2.2325738724e-06	-0.00102451	0.0001314899999999	1.7289620099999988e-08	1.0496207401e-06	0.0	0.0
57773.741083052046	-209.9098665367419	44062.1520694728	3337805158.731536	99050.34998001752	-749.3185269699025	9810971831.163956	561478.2548603445	54358.604307276255	-237.57327685836208	56441.06187721996	2954857862.235033	66341.94634642701	60285.019419154574	1.239008	22.065248	0.09954253	0.0530384	-0.0035786155	-0.0087876913	-0.0718319863	0.127462506	-0.0811825506	0.0935825839	-0.1001340306	0.0131083581	0.0265021438	0.0039087054	-0.159257684	0.1146155217	0.0036687117	-0.0381004856	0.0725627051	-0.0761563181	-0.0872954331	0.0869620075	0.0645540016	0.0432102415	-0.0054197965	-0.0224186362	0.0031373806	-0.045277605	0.0119498234	-0.0524377521	0.0613609648	-0.0965624219	0.0019907663	0.0193607949	-0.1210765916	0.0603948006	0.0368926054	-0.0862422719	0.0455791757	0.011780608	0.0575422375	0.0078472714	0.0470993844	-0.1458111482	0.0171277792	-0.01335125	-0.0213278613	0.0048832447	-0.1070000885	-0.1234972049	0.057342587	-0.1109474164	-0.0201927629	0.0273780072	0.0445253935	-0.0142988715	-0.0667557167	-0.0849310713	-0.1279989417	0.0132444334	0.0978025958	-0.0594479963	0.1227495195	0.0198238485	0.0266348952	0.0532874371	0.0412507699	-0.0552523404	0.0231438842	0.0526501818	-0.0057997441	0.0772892951	0.075408597	-0.0869935804	0.0028212826	-0.0659236845	0.06102241	-0.0921729699	0.0630168947	-0.0210546499	-0.0251862796	-0.127073	-0.0146989999999999	0.016147547329	0.0002160606009999	0.00392997	0.00553723	1.5444664200899996e-05	3.06609160729e-05	-0.128507	-0.0420008	0.016514049049	0.00176406720064	0.00148048	0.0002841099999999	8.071849209999999e-08	2.1918210304e-06	-0.00172881	-0.00023463	5.50512369e-08	2.9887840161e-06	-0.00125188	-0.0002273699999999	5.169711689999998e-08	1.5672035343999998e-06	0.0	0.0
57867.7267079915	93.98562493945064	8833.297695259087	3348673794.3507924	99401.2916328254	350.9416528078873	9880616778.274006	123160.0436755317	54403.51819642197	44.91388914571144	2017.257438193256	2959742792.148416	66108.16168323864	59367.94060435268	1.276727	22.736979	0.20564177	0.138599	-0.0485744248	0.0350939595	-0.040578792	-0.0118727624	-0.053774017	-0.1520380771	-0.1050104625	0.1110610617	0.0878934992	0.0058148407	-0.0714296465	-0.0961662239	-0.0625175712	-0.182934548	-0.1042152001	-0.0942062214	-0.0927544827	0.0629718684	0.0123206849	0.1741698281	0.0123587123	-0.0972601663	-0.1938301639	-0.018234595	-0.0413345499	-0.1020214653	-0.0624284296	0.1146336648	0.0153024096	-0.0725246892	0.1831754775	-0.0813569328	-0.105969329	-0.0844192686	0.0162330016	0.0262593421	0.0385184077	0.0440055324	0.0021914463	-0.0908534805	0.0346587829	-0.0038352474	-0.0224452397	0.1087646548	0.035463487	0.0850929463	0.0702660739	0.0123914668	-0.180813047	0.1089156292	0.0752055807	0.0236155013	-0.1155791609	-0.1511796227	-0.1128418369	0.0872978164	-0.0442157986	-0.0028488155	-0.0229895672	-0.0202163245	-0.059833636	-0.0134013499	0.0456529637	-0.161021154	-0.0352598136	0.1474350327	0.0178387824	-0.1481877808	0.0209727401	-0.009525781	0.0134609981	0.1815802155	-0.131561763	-0.0929054001	0.0656593869	-0.0260076665	-0.0185579513	-0.11909	0.0079829999999999	0.0141824281	6.372828899999985e-05	0.0104324	0.00650243	0.00010883496976	4.22815959049e-05	-0.00984876	0.11865824	9.69980735376e-05	0.0140797779198976	0.000552918	-0.0009275619999999	8.603712638439999e-07	3.05718314724e-07	-0.00132022	0.0004085899999999	1.6694578809999993e-07	1.7429808484e-06	-0.00136569	-0.00011381	1.29527161e-08	1.8651091761e-06	0.0	0.0
57769.29998373237	-98.42672425912316	9687.820048381462	3337292020.610461	98227.37719645989	-1173.9144363655214	9648617630.895609	1378075.1039073798	54316.98312107063	-86.53507535133394	7488.319266061044	2950334655.374672	66307.03355823863	59465.61596205357	1.306861	23.273617	0.11881609	0.0600405	-0.0400730221	0.1104746692	-0.0682102322	-0.0782078937	0.1507022506	0.0186498979	-0.060561907	0.0690646972	-0.0495968765	0.0679197584	-0.1046670527	0.0644565731	0.0596936276	-0.1406842393	0.0331456778	0.1289495582	-0.0148511494	-0.1405611749	0.0017441968	0.1199695882	-0.1248464933	0.0032129917	0.003802974	0.0637980363	-0.0076264578	-0.0901244724	-0.0667325293	-0.0327180873	-0.1901841494	-0.0407828836	-0.0028677063	0.0864432251	-0.0302816455	0.0239171292	0.0771493993	-0.0673357771	0.0191001421	0.0553362589	-0.0668301302	0.0232036773	0.0205204093	0.007334758	0.0415676217	0.0153443878	0.1342541402	-0.0958313401	-0.125410625	0.0397325755	-0.096218596	-0.0097632245	-0.0096773917	0.0686348498	0.0761919865	-0.12021481	-0.1481971719	-0.0518224115	0.005224528	0.1684157415	-0.0165458449	-0.0882530862	0.1000801667	0.0032886578	-0.1213055524	-0.0093312564	-0.0183492753	-0.1331724859	-0.0352940277	-0.1044370107	-0.0922552284	0.0008147234	0.0061241904	0.0763119209	-0.0268722538	-0.0936124309	0.0682300815	-0.0308967027	-0.0118484738	-0.102548	0.016542	0.010516092304	0.000273637764	-0.0127034	-0.0231357999999999	0.00016137637156	0.0005352652416399	-0.0576918	-0.04784304	0.00332834378724	0.0022889564764416	0.0007990729999999	0.0002461549999999	6.059228402495077e-08	6.385176593288402e-07	-0.00150812	-0.0001878999999999	3.5306409999999984e-08	2.2744259344e-06	-0.00155754	-0.00019185	3.6806422500000056e-08	2.4259308516e-06	0.0	0.0
58221.931493306205	452.6315095738319	204875.28345908583	3389793306.811241	99050.4769363655	823.0997399056214	9810996981.321476	677493.1818327015	54491.59066429364	174.60754322300636	30487.794150374037	2969333453.1249337	66193.27755954982	61024.86623786273	1.263931	22.509085	0.0867473599999999	0.0504711	0.078495321	0.088095738	-0.0744466599	-0.1548512862	0.0706143545	-0.0593042073	0.0395217287	0.1035618298	0.0231822274	-0.0068492621	0.0342617277	-0.0749010752	-0.097231159	-0.0337372767	0.1355815526	0.0704547659	0.0999026398	-0.0521894461	0.1283217449	-0.074178572	-0.012220395	-0.0837132993	0.0793313341	0.0351229132	0.0240788169	0.0626124297	-0.0131269181	0.0115255122	0.0253253771	0.1210854252	-0.101816965	0.0328561305	0.0825152506	-0.0163511918	-0.0781972104	-0.0169137054	-0.1700263081	-0.0732594979	-0.0339098436	-0.0625469066	0.1209549932	-0.073249851	0.0599075685	-0.0511897	-0.019865372	0.0696192669	-0.0645435413	0.0639093209	0.0008794395	-0.0328015236	0.1275917306	0.157734505	0.0093447444	0.0516103183	0.0224887879	0.0004615959	-0.0254489908	-0.0351640438	0.1583797394	0.1809692746	0.035903747	0.0969979172	-0.0709473533	-0.032085966	0.0845241206	-0.0173785628	0.0132160734	0.0622139084	-0.0251803631	-0.0983922727	-0.1191434235	0.0558242367	0.1002357549	-0.094293869	0.0707261675	-0.0357097311	-0.0050871859	-0.0916954	0.0108526	0.00840804638116	0.00011777892676	-0.00582519	0.00687821	3.39328385361e-05	4.73097728041e-05	-0.0739284999999999	-0.0162366999999998	0.0054654231122499	0.0002636304268899	0.0015791	0.000780027	6.084421207291559e-07	2.49355681e-06	-0.00123255	0.0002755699999999	7.593882489999998e-08	1.5191795025e-06	-0.00155754	0.0	0.0	2.4259308516e-06	0.0	0.0
58269.91970890917	47.98821560296346	2302.868836756506	3395383542.882721	100216.5195763717	1166.0426400061988	10043350796.001291	1359655.4383126255	54758.054982202295	266.4643179086561	71003.23271852534	2998444585.4338894	66396.96202605987	62276.41873883929	1.414935	25.198298	0.0661569499999999	0.0459693	0.1838094919	-0.0658085028	-0.0333624988	-0.0716618941	-0.0854830508	-0.0382685577	0.1869891448	0.057426892	0.0436815812	-0.2273377364	0.0217434098	-0.0731127939	0.006954245	-0.0149712453	-0.1301571435	0.0701960755	-0.0408587254	0.0468174901	-0.0207685688	0.0803159866	0.0509922515	0.0026827049	0.0927905405	-0.0562121713	0.1732432498	0.1319516846	0.0747938058	-0.0419079801	0.117813243	0.0197776757	-0.0119973135	0.0047523711	-0.1024648294	0.0137500773	-0.1405975616	-0.0812385994	-0.105193253	0.1741209897	-0.1083924482	-0.0691899875	-0.0994265866	-0.2178163308	-0.1224801532	-0.0385573415	-0.0203330661	0.0770779412	0.1653184236	0.1896867982	0.0522140373	-0.0237644574	-0.0138634172	-0.0166247371	0.0070201757	0.0272954525	0.0476450402	0.0220153856	-0.1287848683	-0.0587151449	-0.0695677624	-0.129785274	-0.0118025919	-0.0274429533	-0.0269509931	-0.0774795408	0.1013943712	-0.0754287544	-0.0011339626	0.0644672185	0.0141331882	-0.1385118273	-0.0477087637	-0.0603839069	0.1538856359	-0.0949495281	0.0731449155	-0.0404349114	0.0016963469	-0.0894279	0.0022674999999999	0.00799734929841	5.141556249999962e-06	0.00015496	0.00598015	2.40126016e-08	3.57621940225e-05	-0.0408297	0.0330987999999999	0.0016670644020899	0.0010955305614399	0.00108289	-0.00049621	2.462243641e-07	1.1726507521e-06	-0.00123255	0.0	0.0	1.5191795025e-06	-0.00155754	0.0	0.0	2.4259308516e-06	0.0	0.0
57984.91592010516	-285.0037888040097	81227.15963264056	3362250474.261665	99813.73394956684	-402.7856268048636	9962781484.954912	162236.26116058682	54607.28590745192	-150.76907475037297	22731.31390108355	2981955674.1781974	66561.85090417395	61453.18395019532	1.423893	25.357815	0.06513124	0.0320916	0.1093967312	-0.0995031176	0.0356751782	0.0279655737	-0.1374327839	0.0361284095	0.0666272612	-0.1187926242	0.034014014	-0.1247844941	-0.0201659423	-0.0624952694	-0.0337950657	0.0215824512	0.1764466256	0.0685765721	0.1177109458	0.0409656355	-0.0182506689	0.1321099077	-0.0327379097	-0.0100102954	0.0068263624	-0.1317125058	-0.0097461207	0.0223680917	-0.004626899	-0.0340756828	0.0165994041	0.1079131536	-0.0344198143	-0.0444627088	-0.0116370005	-0.1155596249	0.0615943786	-0.0695610552	-0.1612634795	0.0433771126	0.088940609	0.0652619629	0.0935957028	0.0370697978	0.040916787	-0.042068269	0.0038606091	-0.0550622438	0.1502704481	-0.0440998015	0.1033654084	-0.0439039842	-0.0336407806	0.1862077025	0.0544410984	0.0464194831	-0.0371272505	0.0653454422	-0.0039664533	-0.0291978282	-0.0910121072	0.002345681	0.0006013104	0.0216679877	0.011162111	-0.0169902426	0.0554844977	0.0318976226	-0.1043710371	-0.1102116655	-0.0374265794	-0.0680241927	0.0504098341	-0.08820101	0.0261056637	-0.0955792289	0.0754836805	-0.0450606192	0.0084724621	-0.0958563	-0.0064284	0.00918843024969	4.132432656000001e-05	0.0106287	0.0104737399999999	0.0001129692636899	0.0001096992295875	-0.0599533	-0.0191236	0.00359439818089	0.00036571207696	0.00110998	2.7090000000000013e-05	7.338681000000006e-10	1.2320556004e-06	-0.00134186	-0.00010931	1.1948676100000013e-08	1.8005882596e-06	-0.00111183	0.00044571	1.986574041e-07	1.2361659489e-06	0.0	0.0
57726.790359899285	-258.1255602058736	66628.80483159609	3332382325.255761	99820.64637882244	6.912429255593452	9964161443.485916	47.78167821358424	54401.03195497411	-206.25395247781125	42540.69291271922	2959472277.766114	66262.27047913024	60131.93159430804	1.094123	19.485022	0.1153665	0.0570992	0.0130053652	-0.1307958891	0.0596844903	0.069851241	-0.1567788522	-0.0305282947	-0.0629002936	-0.1168523992	-0.0269660287	0.0195294859	-0.0140329908	-0.1027513919	0.0380585981	-0.0040188312	0.2294213722	-0.0143330934	0.0570226149	0.0061313172	0.0103247941	-0.0040044815	0.0449834587	0.1438506691	0.2287822444	-0.0227162044	0.0281489626	-0.0083690543	-0.0259799826	0.0590752769	0.0067435941	-0.0633983583	-0.1144054006	0.0552520154	-0.0532549188	-0.0050478911	0.0571282083	0.0846893588	0.0191255255	-0.0573274129	0.0877543206	0.0114080041	-0.0420150509	-0.0265999398	-0.1129661624	0.0001033259	0.0229730975	0.0061030911	0.1409739583	-0.1266935	-0.0120736925	0.0186346042	-0.1444730683	0.1516122338	0.0390228203	0.0761371647	0.0110681743	-0.0264877737	0.006118847	0.0931602471	-0.0057478794	0.0746568885	0.0436839046	0.1521144804	0.114549787	0.0256105635	0.1037606481	-0.108925283	0.0600426456	-0.0311658153	-0.0283557232	0.0574572547	0.0237599632	0.0169100501	0.1287067796	-0.0961827994	0.0777399053	-0.0495754752	0.0152115293	-0.0690174	0.0268389	0.00476340150276	0.0007203265532099	0.0351563	0.0245276	0.00123596542969	0.00060160316176	-0.0193612	0.0405921	0.0003748560654399	0.00164771858241	0.0011491	3.911999999999991e-05	1.5303743999999927e-09	1.3204308099999998e-06	-0.00113699	0.00020487	4.19717169e-08	1.2927462601e-06	-0.000887662	0.000224168	5.025129222400003e-08	7.87943826244e-07	0.0	0.0
57500.744339801415	-226.0460200978705	51096.80320208687	3306335599.6312046	100101.47778562036	280.8314067979227	10020305854.865046	78866.27904410033	54484.343784670855	83.3118296967441	6940.860967419292	2968543717.6462016	66441.01104813155	58778.82529547991	1.163641	20.723051	0.22046852	0.1147	-0.0799024314	-0.1529894373	0.0606165477	0.0441356234	-0.121470829	-0.0493895501	-0.025709662	-0.0610352442	-0.1464972693	-0.0590731114	-0.1006303823	-0.1433069607	0.1990716947	-0.0499402636	0.0607972388	-0.0439820594	-0.0290677794	0.0644762801	0.1113718323	0.0006257861	-0.0038462429	0.0463735154	0.0403371428	0.0407932946	0.0997227274	0.021852661	-0.0783665817	0.0235146465	0.0384850934	0.0178111446	-0.0544897178	0.0080944714	-0.0348038897	0.0002799442	-0.0594816389	-0.049250296	-0.0194651312	0.1480939967	0.0933820608	0.0144361721	0.0490287764	0.0575276661	0.132927492	0.0299344901	0.0970362103	-0.0297015949	0.1436408061	0.0173379131	-0.0802877992	-0.0189614927	-0.2312058729	0.0655445705	0.0135287989	-0.0650611391	-0.0301128701	0.0828902471	0.0583704418	-0.0916448423	-0.0370031456	0.0638418083	-0.0006978802	0.058038496	-0.0280885183	-0.0243000989	0.0765465398	-0.1207287537	0.0235361621	0.0416695894	-0.0832749623	-0.029919402	0.0012176695	-0.0241229485	-0.043272955	-0.0967600744	0.0799111227	-0.0539683725	0.0218840804	-0.156515	-0.0874975999999999	0.0244969452249999	0.0076558300057599	0.0663001	0.0311438	0.00439570326001	0.0009699362784399	0.00969087	0.02905207	9.391296135690002e-05	0.0008440227712848	0.00052815	-0.0006209499999999	3.855789025e-07	2.789424225000001e-07	-0.000315053	0.000821937	6.755804319690001e-07	9.925839280899998e-08	-0.000875048	1.2613999999999985e-05	1.5911299599999962e-10	7.65709002304e-07	0.0	0.0
57437.15528704964	-63.58905275177676	4043.567629868248	3299026807.468654	98754.618616891	-1346.859168729352	9752474698.167597	1814029.620390321	54189.30323132397	-295.04055334688746	87048.92811923755	2936480584.696378	65992.8013357736	57855.36510770089	1.31031	23.335043	0.19454707	0.0902415	-0.150477087	-0.0182873302	0.1094275495	-0.0521115686	0.0365637751	-0.1196169921	-0.1156106649	-0.105669184	-0.0033855753	0.1562533756	-0.0560859383	-0.0754093432	0.0226944543	-0.090566327	0.0753937355	0.0620729685	-0.0211087552	0.081474907	-0.050914966	0.0547721711	-0.0352716554	-0.0604489148	-0.0184052195	-0.0911578775	0.1521007103	-0.1299406666	0.0541965849	0.0157261811	0.0521397994	0.1942647782	-0.0327446386	-0.1011901826	0.0859547617	-0.0407760599	-0.0668567056	-0.0608272555	-0.0018608095	0.0584776014	-0.0057662232	-0.1039750975	0.0960579136	0.0928894641	-0.0271944045	-0.0155203213	0.0042357832	0.0547818479	-0.0719961411	-0.1094997735	-0.10801724	-0.0200691511	-0.0713820549	0.1096076871	-0.0271065433	0.08903657	-0.1225830884	0.1625586489	-0.1326922418	-0.0327983986	0.0134636307	-0.0201255335	0.0983568567	-0.0397036555	-0.0685289177	-0.0773579029	0.0406486131	0.0288604475	-0.0325465819	0.0129979713	-0.0380348863	0.0327678759	0.1152897778	-0.1342209898	0.0732586574	-0.0973108962	0.0819949584	-0.0582285042	0.0284609379	-0.125557	0.0309579999999999	0.015764560249	0.0009583977639999	0.0158678	-0.0504323	0.00025178707684	0.00254341688329	-0.0459542	-0.05564507	0.00211178849764	0.0030963738153049	0.000592261	6.411099999999994e-05	4.110220320999992e-09	3.50773092121e-07	-0.000959214	-0.000644161	4.149433939210001e-07	9.20091497796e-07	-0.00131701	-0.0004419619999999	1.9533040944400002e-07	1.7345153401e-06	0.0	0.0
57768.491650206335	331.3363631566972	109783.78554990672	3337198627.539959	98531.88251759746	-222.7360992935428	9708531872.461628	49611.36992850296	54253.5886476054	64.28541628143284	4132.614746477111	2943451881.1435776	66016.45769094187	59302.40755998884	1.357497	24.175388	0.0754431	0.0437697	-0.0603720741	0.1186182641	0.0167994468	-0.1226839348	0.1436344871	-0.1039477238	-0.0498515575	0.0524034046	0.0327920518	0.1622461387	0.0520059386	0.004114269	0.0464996546	-0.0686967451	-0.0369508345	0.1241906363	-0.0596992355	-0.2509790798	-0.1071234641	0.1181024683	-0.1118289109	0.0237105201	-0.002907125	0.1038796238	-0.1087525066	-0.0503949522	-0.0246385343	0.0909466252	0.0335970806	0.0585365562	0.0330777727	0.0321620852	0.0359634946	0.1048860094	0.0237159726	0.0129995997	-0.0123485036	-0.1143640512	0.0671183297	-0.0901641215	0.0122340413	-0.0124913869	-0.1038108622	-0.1026101846	0.0057886978	0.0815085442	-0.175802064	-0.0014209495	-0.0643648755	0.0076689542	0.0106915577	0.0344654481	0.0464363361	-0.1102697416	-0.0293870623	0.0495616804	-0.0574768469	0.2690122154	-0.039451397	-0.1135070985	0.1417139941	0.0300542638	-0.140979665	0.0767849305	-0.0450206836	-0.0524067023	-0.0195903665	-0.0334593332	-0.0660354423	0.0768020751	-0.0538324808	0.0147746197	-0.056216615	-0.0978351141	0.0839891338	-0.0623453902	0.034913343	-0.115498	0.0100589999999999	0.013339788004	0.0001011834809999	-0.0140381	-0.0299059	0.0001970682516099	0.0008943628548099	-0.0764872	-0.030533	0.00585029176384	0.000932264089	0.000524584	-6.767699999999993e-05	4.5801763289999905e-09	2.7518837305600004e-07	-0.000927997	3.121700000000005e-05	9.745010890000032e-10	8.61178432009e-07	-0.001317	9.999999999940612e-09	9.999999999881223e-17	1.734489e-06	0.0	0.0
57926.43972540186	157.94807519552705	24947.594457971867	3355472419.260615	98953.95769034913	422.07517275166174	9791885742.583405	178147.4514533451	54534.3956060466	280.8069584412005	78852.54790899814	2974000304.1167946	66403.03295454546	60603.68642857143	1.394247	24.829865	0.12242735	0.0536709	0.0388230526	0.028555501	-0.1333296033	-0.0305135272	0.0223692793	0.0889711133	0.0892963927	0.081852141	-0.0397997101	-0.0792272009	-0.0334984518	0.0536551065	-0.0179678851	0.004128061	-0.0034023223	-0.0085889039	0.1448457043	-0.0067110528	-0.0282636888	-0.0887816429	0.0528198715	-0.0072787675	0.0577614144	0.0198269615	-0.0622901013	0.1014371485	0.1031737784	-0.0402542236	0.0194506611	0.0240825293	0.0462217824	-0.0164553323	-0.0160622225	0.0463953545	0.0355665164	0.0434977595	0.1031203526	-0.0388477031	-0.039092615	0.0391656954	-0.0312738275	0.0646386577	0.0690226597	0.0329818418	-0.041615246	-0.0856383477	0.0063828285	0.114504796	-0.0305608766	0.0092876733	0.0388889747	0.0399241628	0.0774353762	0.1127042232	0.0892164665	-0.1110150314	0.0100832536	-0.0706625696	-0.0382527077	0.0385683484	-0.0438317256	-0.0252801904	-0.0567006627	-0.0136063111	-0.0457637079	0.000236984	-0.020239924	0.0918953906	0.0227065794	0.0328572111	0.0062160053	-0.0461978697	-0.0810390026	-0.0983325849	0.0858914684	-0.0663089027	0.041213081	-0.124118	-0.00862	0.015405277924	7.430440000000004e-05	0.0175939	0.031632	0.0003095453172099	0.001000583424	-0.0506383	0.0258489	0.0025642374268899	0.00066816563121	0.00106844	0.0005438559999999	2.957793487359999e-07	1.1415640336e-06	-0.00124895	-0.000320953	1.0301082820900001e-07	1.5598761025e-06	-0.00157872	-0.00026172	6.84973584e-08	2.4923568384000003e-06	0.0	0.0
57751.43872235637	-175.00100304549414	30625.35106692905	3335228674.5020823	99961.32941902587	1007.3717286767496	9992267379.219007	1014797.7997371828	54573.304768398666	38.90916235206532	1513.9229149393775	2978245593.3445244	66514.30027316434	60497.672234375	1.093275	19.469913	0.06999235	0.0319562	0.0251811675	-0.0347828806	-0.0634140022	0.0798477437	-0.1450966994	0.0094192777	0.0008376273	0.0745935846	0.1100953958	-0.1186411617	-0.0819595201	0.0005782533	-0.0110962714	-0.0629243435	0.0553868894	0.1467707916	0.0410381639	-0.1155955118	-0.0278304506	-0.0877499553	-0.0131391996	0.0104554032	0.1307923709	0.0095793832	-0.0849952017	-0.0453712221	-0.0018123716	-0.0579286728	0.0797870495	-0.170330689	-0.0289829876	0.0508833874	0.0041310631	-0.0739425348	-0.0451102721	-0.0010140429	0.0945894824	-0.0217649603	-0.036899853	0.166142485	-0.0363964521	-0.0432869368	0.0083024635	-0.0331601184	0.0684437582	-0.0439236111	0.1693931797	0.017558781	-0.0224445528	0.0277752315	0.0175864807	0.1141186096	0.0636720525	0.0070042993	0.0121896711	-0.0602630464	-0.0120265138	0.0945605458	0.0646924881	0.0280496171	-0.0284395346	-0.0673546038	-0.0547596518	0.0072508687	0.0695859162	0.1132958325	0.0030912891	-0.0248044379	-0.0544319966	0.1066604795	-0.0594430053	-0.0888805085	0.0335430444	-0.0988031726	0.0876998819	-0.0701092912	0.0473326046	-0.115481	0.008637	0.013335861361	7.45977690000001e-05	0.0312681	0.0136742	0.00097769407761	0.00018698374564	-0.0719595	-0.0213212	0.0051781696402499	0.0004545935694399	0.000992726	-7.571399999999995e-05	5.7326097959999924e-09	9.85504911076e-07	-0.000886795	0.0003621549999999	1.3115624402499996e-07	7.86405372025e-07	-0.00148939	8.93300000000001e-05	7.979848900000017e-09	2.2182825721e-06	0.0	0.0
57551.795745571326	-199.64297678504224	39857.31817959293	3312209193.539962	99885.58166705344	-75.74775197243434	9977129424.965605	5737.721928877431	54477.62306421043	-95.68170418823864	9154.988516365607	2967811414.726192	66297.60807746941	59215.92229017857	1.169152	20.821194	0.1257827799999999	0.0762517999999999	-0.0584959828	-0.0723953653	-0.0783563392	0.0621691959	-0.1711682813	-0.0611709119	-0.1170094245	0.1041770642	0.0200627853	-0.0629954479	-0.0888455481	-0.0901080546	0.026225359	-0.1141981221	-0.0613816161	0.0348790519	-0.0128304739	0.0819321833	-0.0337711929	-0.0703639546	0.0004851817	0.1372579354	-0.0425282033	-0.0234576799	-0.0728141024	-0.0597037501	-0.0108391389	0.0401135865	-0.1125640664	-0.0889162745	0.0229396156	-0.0285618612	0.0029752706	-0.0999707674	-0.0156881784	-0.0711446324	0.1502062372	0.0111910652	-0.0079303522	0.0689187233	-0.0075842954	0.1328749766	0.03020176	0.0467858735	-0.1658956468	0.0088677362	0.1902356473	-0.01268585	-0.1676638384	0.0939722112	-0.0338969508	0.0650938338	0.0583109646	-0.1015914763	-0.0229293323	-0.0572733347	-0.0018856377	0.029417694	0.0100879416	0.0858395598	-0.0279677498	0.0476433906	0.0748867904	0.1120714822	-0.033414617	0.1694724078	0.0614374172	-0.0174084134	0.0305870483	-0.0382030867	-0.0789846045	0.0477526204	-0.0415238989	-0.0992467484	0.0894123968	-0.0737372065	0.0532451548	-0.107231	0.0082499999999999	0.011498487361	6.806249999999989e-05	0.0233775	-0.0078906	0.0005465075062499	6.226156836000002e-05	-0.00509597	0.0668635299999999	2.59689102409e-05	0.0044707316440608	0.000747658	-0.000245068	6.005832462399999e-08	5.58992484964e-07	-0.00105129	-0.000164495	2.7058605025000026e-08	1.1052106641000002e-06	-0.00104338	0.0004460099999999	1.989249201e-07	1.0886418244e-06	0.0	0.0
57276.02333394216	-275.7724116291647	76050.42301576545	3280542848.950287	98641.56992654833	-1244.0117405051133	9730159317.574123	1547565.2105145613	54270.26282243898	-207.3602417714501	42998.26986751424	2945261426.816602	66364.91976753715	57820.60938950893	1.191039	21.210966	0.0479273299999999	0.0202492	-0.1642391376	-0.0295882182	-0.0772841051	0.0519531322	0.0046458367	0.0394814101	-0.1427652905	0.0278299752	-0.0651394005	0.0631834319	-0.1305114009	0.0097240123	-0.0286846191	-0.0941471081	-0.0089640124	0.1192614305	0.0130931494	0.1218928611	0.0171273199	-0.0580377733	0.0452355592	-0.0258808524	0.0914445736	-0.0893173874	0.0576668529	0.0258394701	-0.0530386656	0.0213761185	-0.0925287582	-0.0448300563	0.0325075799	0.0605673132	0.0315347706	0.1022424468	-0.1109212756	0.0009883078	-0.0253256008	0.0475862678	0.0001009237	-0.0168257242	-0.0603189254	-0.0720768515	0.0123758863	0.0136778041	-0.0290213658	-0.1501493041	0.006525289	-0.0413435249	-0.1380522428	-0.0244847905	-0.039924103	0.0850314541	0.099938246	0.0603656303	0.0040255541	-0.0752560573	-0.1604567791	-0.1517591773	0.0127735901	0.0146809954	0.0294759068	0.006076903	0.0494845786	-0.005057465	-0.017249698	0.0173679526	-0.0341161867	-0.0550944713	-0.0174229943	-0.08255346	-0.0467425474	-0.0141356077	-0.0086966177	-0.0996631912	0.0910271406	-0.0771837238	0.0589248775	-0.115437	-0.0082059999999999	0.013325700969	6.733843599999986e-05	0.0139959	-0.0093815999999999	0.00019588521681	8.801441855999997e-05	-0.0127309	-0.00763493	0.0001620758148099	5.82921561049e-05	0.000775797	2.813900000000005e-05	7.918033210000027e-10	6.018609852090001e-07	-0.00125702	-0.0002057299999999	4.232483289999995e-08	1.5800992804e-06	-0.0008231529999999	0.0002202270000001	4.8499931529044046e-08	6.775808614088354e-07	0.0	0.0
57408.37949302308	132.3561590809186	17518.15284665343	3295722036.0149527	98476.30483414551	-165.26509240281302	9697582613.787552	27312.550766910328	54196.519016965605	-73.74380547337205	5438.148845694537	2937262673.5563145	66058.17956321023	57557.84854575893	0.990223	17.634689	0.07993035	0.039344	-0.1642987539	-0.0292834636	-0.1018877668	-0.0759425623	0.033744668	-0.0710078191	-0.0989046189	0.1183905547	-0.0746348877	0.1513639497	-0.0811436871	0.0317450087	0.0231225474	-0.0775757602	-0.1126545877	0.1044898041	0.0676817624	-0.0203729701	-0.0051236838	-0.0746404046	0.009701195	0.0214151504	0.0399844313	-0.0807289133	0.0394306741	0.0119863746	-0.0147752878	0.1023898616	0.0588685039	0.068129042	-0.0199821616	0.1289919558	-0.0388488691	0.0103825196	0.0916501429	-0.0616418538	-0.0332633568	-0.0903782959	-0.0408599049	0.1498104465	-0.046862471	-0.117712304	-0.0492349492	-0.0333287047	0.0320698282	-0.0020400663	-0.0680599891	-0.0339102646	-0.1859904483	-0.0888508106	0.0284302629	0.0362270262	0.1174493859	0.0693748926	0.0441026281	0.0627717179	-0.127919963	0.0705855591	0.1013083389	0.1025812301	0.0170335989	-0.0861691852	0.0252326527	0.0505940742	0.0869414267	0.0565233602	-0.0031287192	0.0221471716	0.0586199484	-0.0689237832	-0.0474969789	-0.0645340528	-0.0598297238	-0.1000523871	0.0925423476	-0.0804403643	0.0643469367	-0.115435	2.000000000002e-06	0.0133252392249999	4.000000000008001e-12	0.00423535	-0.00976055	1.7938189622499997e-05	9.52683363025e-05	-0.0360153	-0.0232844	0.00129710183409	0.00054216328336	0.00097799	0.0002021929999999	4.0882009248999974e-08	9.564644401e-07	-0.000924932	0.000332088	1.1028243974400003e-07	8.554992046239999e-07	-0.00122654	-0.000403387	1.627210717690806e-07	1.5044003715999995e-06	0.0	0.0
57491.12150876054	82.74201573745813	6846.241168297769	3305229052.3350687	98319.92399894286	-156.38083520265354	9666807455.1579	24454.965618679485	54250.13939418454	53.620377218932845	2875.144853100652	2943077624.288453	66175.51263794799	58616.21380664063	0.988307	17.600554	0.17847485	0.0939179	-0.0953582999	0.0198509518	-0.0919396366	-0.0480040531	0.1014805207	0.0549187758	-0.0397454307	0.0971902701	0.005626165	0.0944733497	-0.0568948992	0.0680262101	-0.0073650421	-0.0439960166	-0.0602714549	-0.0265475347	0.0115010702	-0.0582353547	0.0452715445	0.1236452575	0.0498608228	-0.048542864	-0.0443664769	-0.0217966977	0.0081283252	-0.0037631487	0.0537791768	-0.0498374926	0.1365156878	-0.0825730311	-0.0587928533	0.0181435402	0.0339760726	0.016182671	0.0052289172	0.0359981661	-0.0924726272	-0.1112408235	0.0695680185	0.0209674505	-0.0459912994	-0.0110373589	-0.0833888303	-0.0359852383	-0.0359050127	-0.0689386218	-0.1110249434	0.001838037	-0.0760049456	-0.0267762675	0.0582700407	-0.0111609596	-0.0024052082	-0.0460476621	0.0634746071	-0.133070111	0.1278873577	-0.010141269	0.0044287391	-0.0590165692	0.0772980486	-0.0245925145	0.0562535323	-0.1148512945	0.0122090376	0.1132067777	0.0140390903	-0.0369656571	-0.0033591438	-0.0643576465	0.0721475176	-0.1504180024	0.0402831899	-0.1004142296	0.0939563609	-0.0834991166	0.0694876231	-0.131992	-0.016557	0.017421888064	0.000274134249	0.0220226	0.01778725	0.00048499491076	0.0003163862625625	-0.112429	-0.0764137	0.012640280041	0.00583905354769	0.00130937	0.00033138	1.0981270440000002e-07	1.7144497969e-06	-0.00140251	-0.000477578	2.280807460840001e-07	1.9670343001e-06	-0.00177192	-0.00054538	2.974393444000001e-07	3.1397004864e-06	0.0	0.0
57626.587488656165	135.46597989562724	18351.031709082483	3320823585.5877438	98380.71323427508	60.78923533222405	9678764736.484669	3695.331132276517	54360.37000161797	110.23060743343376	12150.78681514378	2955049826.712807	66076.0928116805	58882.888496930806	0.908281	16.17539	0.0503322999999999	0.0292762	-0.0713776345	0.0247763359	-0.077465041	-0.0517727067	0.0776747821	-0.0543521473	-0.0434765721	0.1048497113	0.0582092863	0.0339255475	-0.00267159	0.0373725375	-0.0527480065	-0.0023674533	-0.1241318026	0.027623073	-0.0095451122	-0.0595683091	0.0493908512	-0.0035259081	0.0700253539	-0.0161777702	-0.0094707263	0.0963657616	0.2035589355	0.0441915154	0.1156086045	-0.0064732896	0.0813737544	-0.0649165374	-0.0563273361	-0.0252616162	0.0614569579	0.0664138326	-0.1066882982	0.0735598095	0.0332696308	-0.2021494355	-0.1262555988	0.0606966429	0.0692137951	-0.0117515606	-0.068932863	0.0048724053	0.0045619792	0.0212673488	-0.0661652979	0.0370822671	-0.049816829	-0.005952918	0.1239956609	-0.0108340251	0.0048954114	-0.0245715862	0.0490605636	-0.053562283	0.0385131305	-0.0487793018	0.0516126601	-0.1125749467	0.0908153975	-0.0399020648	0.0683643571	-0.0291301256	-0.0539767211	0.0140334275	0.1421475036	0.0716162695	0.0870511545	-0.076356338	-0.0116383304	-0.1222934592	0.1229885798	-0.1007486199	0.0952676342	-0.0863524559	0.0743244578	-0.115626	0.0163659999999999	0.013369371876	0.0002678459559999	0.0220374	1.4799999999998842e-05	0.0004856469987599	2.1903999999996567e-10	-0.129819	-0.0173899999999999	0.0168529727609999	0.0003024120999999	0.00135376	4.439000000000005e-05	1.970472100000005e-09	1.8326661376e-06	-0.00168935	-0.00028684	8.227718560000002e-08	2.8539034225e-06	-0.00177192	0.0	0.0	3.1397004864e-06	0.0	0.0
57813.86084334529	187.27335468912497	35071.30937651881	3342442505.6136937	99302.98086437062	922.2676300955354	9861082008.549557	850577.5815220354	54563.5204095784	203.1504079604274	41270.08825448809	2977177759.4864783	66467.95669662369	59675.82832142857	1.200073	21.371859	0.0462522999999999	0.0258515	-0.0046383237	-0.0565158876	-0.0726932045	-0.0861241028	0.0599512723	-0.0229268877	0.1202140166	0.098322537	-0.1468632933	-0.1010632449	-0.0005419939	0.0579164192	-0.0362013034	0.0832519971	-0.0796582345	0.087644361	-0.0727034561	-0.1074421868	-0.0027216013	-0.0276056054	0.0769528295	-0.0460008485	0.0571649356	-0.0752836386	0.002326836	0.0464166755	0.0617339164	0.0695336198	-0.0424269314	-0.0555321262	0.0398979097	0.0516136446	0.019335758	-0.0308396202	0.0035768185	0.0906701997	-0.0433987977	0.0131677051	0.0609646612	0.0924794558	0.0132072055	-0.0054250137	0.0468354169	-0.1343733776	-0.0824950335	-0.0744059426	-0.0127680613	0.1503793861	0.0332497999	-0.1245388804	0.0145102428	-0.0247327918	0.0651236056	-0.0707340984	0.1351899474	-0.0739678911	-0.1164798435	0.0619048567	0.0590285851	-0.0369620456	-0.0613489581	-0.0426540445	0.0443949771	0.0805768489	-0.0985387349	-0.0115157127	0.0112623068	0.0333104929	-0.0275020295	-0.0391703079	0.0160019265	-0.0745127311	0.0162153999	-0.1010554665	0.0964747338	-0.0889933628	0.0788362905	-0.115675	-4.899999999999349e-05	0.013380705625	2.400999999999362e-09	0.0300057	0.0079683	0.00090034203249	6.349380489000001e-05	-0.116703	0.0131159999999999	0.013619590209	0.0001720294559999	0.00144751	9.374999999999988e-05	8.789062499999975e-09	2.0952852001e-06	-0.00209798	-0.00040863	1.669784769000001e-07	4.4015200804e-06	-0.00177192	0.0	0.0	3.1397004864e-06	0.0	0.0
57971.04445426435	157.18361091906263	24706.687541555264	3360641995.118294	99199.3879297842	-103.59293458641332	9840518565.643816	10731.49609622491	54532.72897212463	-30.791437453772232	948.1126204695674	2973818529.1472006	66267.85193946678	60683.42780970982	1.138344	20.272533	0.1484569	0.0907737	0.0697577753	-0.0673035443	0.0556128468	-0.069484791	0.0162766913	-0.0256569213	0.1414939522	-0.1130583964	0.0117226388	-0.0506124583	0.1097890106	-0.034361103	-0.083744921	0.1146554845	0.1171273255	0.0017735957	0.0361035312	-0.045034647	0.0579383564	0.0376572017	-0.0495652209	0.0207786374	-0.0860650338	-0.011914646	0.1240033717	0.0576679493	-0.0018179094	-0.0743471767	-0.122042502	0.0256903701	0.1198068598	0.0197044909	0.0418000882	0.037430999	0.0720015639	-0.1299752367	-0.0149865904	-0.0783725924	-0.022658401	-0.0655156453	-0.0751950278	0.047348212	0.0701467594	0.0080365851	-0.0904360557	0.052351652	-0.0071708693	0.0181636031	0.1618030991	-0.1029862275	0.03957273	0.072531041	-0.0190585607	0.0526610988	-0.0618182667	0.037087787	0.0728652218	-0.1131444328	0.0613526657	-0.0902828779	0.0340372521	-0.0381510952	0.0147095685	0.0603292197	-0.0268787996	-0.0088553071	-0.0328754062	-0.0582738116	-0.0036102034	-0.054076682	0.0125292236	0.0090619435	-0.0611122172	-0.1013346856	0.0975763397	-0.0914153405	0.0830033923	-0.132073	-0.0163979999999999	0.0174432773289999	0.0002688944039999	0.0487361	0.0187303999999999	0.00237520744321	0.0003508278841599	-0.197455	-0.0807519999999999	0.0389884770249999	0.0065208855039999	0.00170576	0.00025825	6.66930625e-08	2.9096171776e-06	-0.0017047	0.00039328	1.5466915840000018e-07	2.90600209e-06	-0.00177192	0.0	0.0	3.1397004864e-06	0.0	0.0
57991.05476870545	20.010314441096853	400.41268403156926	3362962433.186995	100015.90047764542	816.5125478612172	10003180348.354277	666692.7408148164	54576.96502288277	44.23605075813976	1956.8281866767168	2978645111.1089687	66124.59106479459	61167.02125223215	1.078887	19.213684	0.1029913	0.0769855	0.1064401008	-0.1029699719	0.0878884843	-0.0230148688	-0.142224378	-0.0888930785	0.1124006061	-0.1008876823	0.075688103	-0.0604804644	0.1384278993	-0.0630933527	-0.089329449	-0.0014083682	-0.0592985745	0.0438712208	0.0871448683	0.1016927835	0.0222466622	0.0431713547	-0.0475410473	-0.0357373421	-0.0099049083	0.0648156376	-0.0363602633	0.0555215287	0.0347956181	0.0107057834	0.0356592046	-0.1520478749	0.0372143861	0.008520548	-0.1238819753	-0.0071871474	0.0131301997	-0.0172771405	0.0044930677	0.196336555	0.0643058424	-0.0433899902	0.0807738579	0.0699217347	0.1761727128	-0.0802755348	0.0106533683	0.1833515577	0.1333447361	-0.0187368501	0.0751139456	-0.0270666826	0.0257308021	-0.0185783316	0.0648115263	0.0430073899	-0.0527540384	0.0080532278	0.0400887487	-0.0450036519	-0.2208146548	-0.0321119423	-0.1372336076	-0.0120679905	-0.0803492581	-0.0366718006	-0.0830996313	0.0978249855	0.0474311482	-0.0149817211	-0.0584128728	0.0072201463	-0.0231920076	-0.0173815049	-0.0404642114	-0.1015862008	0.0985712473	-0.0936124309	0.0868075413	-0.127227	0.0048459999999999	0.016186709529	2.3483715999999896e-05	0.0389618	-0.0097743	0.00151802185924	9.553694049e-05	-0.12782	0.069635	0.0163379523999999	0.004849033225	0.00133104	-0.00037472	1.4041507840000006e-07	1.7716674815999998e-06	-0.0017047	0.0	0.0	2.90600209e-06	-0.00177192	0.0	0.0	3.1397004864e-06	0.0	0.0
57706.730506613465	-284.32426209198456	80840.28601415153	3330066745.762913	98828.10606580676	-1187.7944118386658	9766994548.55435	1410855.564795162	54352.137452616495	-224.82757026627223	50547.436351835575	2954154845.6681166	66130.49611287151	60004.94481417411	1.22084	21.74169	0.0283379	0.0175549	0.0216503618	-0.0410705913	0.1244214245	0.0141977403	-0.007171825	0.0562577608	0.0401616733	-0.1488169945	-0.0154522421	0.0778080438	0.0688816863	0.0900472545	-0.0003654826	0.0355148662	-0.0267759541	0.0834379543	-0.0132487995	0.075363034	0.0844158121	0.0327089211	0.0398567333	-0.0473057784	-0.1331486365	0.1204237206	0.0256544332	-0.0896538273	0.0766464979	-0.0348959395	-0.0707392635	0.0202012333	0.0611409419	0.003306117	-0.0484487892	0.0010518969	-0.057870761	0.1205802354	-0.0103595869	0.0851276602	-0.0445953114	-0.031683571	-0.0117619591	0.0451070527	0.0516741584	0.0121819354	-0.0496294486	0.0024057783	-0.0469968102	-0.0728999879	0.0510345637	-0.0380631857	-0.0533181325	-0.0588097935	0.1003387583	0.0476505653	0.0051308323	-0.0290855088	0.0301260476	-0.0427304449	-0.0333462243	-0.0272185554	0.0243248826	-0.115169692	-0.0286687179	-0.1153320048	-0.2151561081	-0.058424482	0.097599831	-0.0083262829	0.0687732806	0.0518610281	-0.013709619	-0.06240271	-0.0511907532	-0.1018099433	0.0994583687	-0.0955792289	0.090232103	-0.138147	-0.0109199999999999	0.0190845936089999	0.0001192463999999	0.0444962	0.0055344	0.00197991181444	3.062958336000002e-05	-0.128163	-0.000343	0.016425754569	1.1764900000000685e-07	0.00156185	0.00023081	5.327325610000007e-08	2.4393754225e-06	-0.0017047	0.0	0.0	2.90600209e-06	-0.00177192	0.0	0.0	3.1397004864e-06	0.0	0.0
57732.16516223599	25.434655622528226	646.9217066366067	3333002894.3196955	98616.64144363654	-211.4646221702133	9725241969.622772	44717.28642959105	54285.86488766642	-66.27256495007168	4392.05286506147	2946955126.601974	66051.08786877185	59929.60969203404	0.9380750000000002	16.705996	0.0752113	0.0382597	-0.001440198	-0.0035065863	0.1100210276	0.0457921556	0.0110659743	0.0327079338	-0.0371903315	-0.085812791	0.0307834045	0.1028607088	0.0651834584	0.0334100667	-0.0276831965	0.0627030542	0.0120901233	-0.0418581742	-0.0094711588	0.0287929792	-0.0060894328	-0.0651256136	0.0745104342	-0.0207851756	-0.0910649409	-0.0514010389	0.0259357511	0.030547217	0.0750539199	-0.0944371239	-0.0409969804	-0.0499330825	0.1418777993	0.0393924627	0.0148345855	-0.080045994	0.0568894913	0.0776786371	0.0325718188	-0.0006120727	-0.0208363027	-0.0156352565	-0.0043493187	-0.0233938084	0.027796734	0.1179221364	-0.014766566	0.0043683371	-0.0685407793	-0.1250616068	0.0611507764	0.0057413514	-0.0009958017	-0.0683129089	-0.0263507729	0.0465222534	0.0263302604	-0.0302031571	-0.0361324667	0.018237912	0.006544666	0.0091989223	-0.0857579209	-0.0764529047	0.0616686447	-0.0075798889	-0.1573073603	-0.0294764036	0.0071649499	0.0522962475	0.0189747896	0.006436276	0.0285523838	-0.090639624	-0.0972157971	-0.102005852	0.1002367339	-0.0973108962	0.0932621027	-0.131303	0.0068439999999999	0.017240477809	4.684033599999985e-05	0.0390014	-0.0054948	0.0015211092019599	3.0192827040000013e-05	-0.160002	-0.031839	0.025600640004	0.001013721921	0.00110225	-0.0004596	2.112321600000001e-07	1.2149550624999998e-06	-0.00186577	-0.00016107	2.594354490000004e-08	3.481097692900001e-06	-0.00177192	0.0	0.0	3.1397004864e-06	0.0	0.0
57799.15248682205	66.9873245860581	4487.301655197904	3340742028.194908	99182.26460613593	565.6231624993816	9837121612.401564	319929.5619558018	54451.646519045855	165.78163137943193	27483.54930282585	2964981808.6351185	66030.78111614948	59873.21398297991	1.078025	19.198334	0.0921741	0.0607813	-0.015205561	0.051795609	0.1229494159	0.0018826096	0.0176966246	-0.0749476025	0.0019841427	-0.0554884589	0.0316103624	-0.0009516573	0.0536693106	-0.0011191362	0.0840457183	0.0451592781	-0.0830982501	-0.0126416116	0.0202902288	-0.033971288	0.0003841507	-0.056812294	-0.0934065125	0.038004815	-0.0901869961	0.0593663556	-0.1403255596	-0.0013366873	-0.0150649488	-0.0711323466	0.1004569273	0.0167601279	-0.046990151	-0.008485848	-0.0266555992	0.0202541314	-0.1348986306	-0.0492046875	0.0299960845	0.0041161879	-0.1044937407	-0.0035983568	-0.014635521	-0.0381645352	-0.0170001685	-0.0885445665	-0.0409185871	0.1315112858	-0.0196286264	0.0345233569	-0.0142289043	0.0727466427	-0.0816068126	-0.1253234247	-0.0143110699	0.0010334224	0.035417816	0.056762085	0.122405503	0.0066782152	-0.0025251456	-0.018832428	-0.0838552708	0.02074339	-0.1549637548	0.0199995978	0.0814992668	0.1265525467	-0.0063734285	0.0691910994	-0.1406961219	0.0120187677	-0.0562191762	0.0531662365	-0.0124954328	-0.1021738733	0.1009054916	-0.0988031726	0.0958842909	-0.134856	-0.003553	0.018186140736	1.2623809000000004e-05	0.0146978	-0.0243035999999999	0.00021602532484	0.0005906649729599	-0.105612	0.05439	0.0111538945439999	0.0029582721	0.00103956	-6.269000000000001e-05	3.930036100000001e-09	1.0806849935999998e-06	-0.00200163	-0.0001358599999999	1.845793959999995e-08	4.006522656899999e-06	-0.00177192	0.0	0.0	3.1397004864e-06	0.0	0.0
57772.11981940851	-27.03266741354309	730.7651074912347	3337617828.4280934	98371.32310198792	-810.9415041480097	9676917208.8357	657626.1231498364	54347.52414825259	-104.12237079326589	10841.468099610343	2953653381.0448985	66141.07393465909	60084.23292243304	1.031596	18.371492	0.11123	0.0594413	-0.0068250983	0.0737917474	0.0535332416	0.0125044296	0.0694513591	0.0666961037	-0.0093914497	-0.0758414945	0.0089284126	0.0606672154	0.0855556223	-0.0029561217	0.0230045747	0.0487319877	-0.047751833	-0.204610065	-0.0059565513	0.0397855015	0.0922386998	-0.0859695737	-0.0349175697	0.0462538918	0.0886306515	-0.0200284608	-0.0682487851	0.0880044143	-0.0711232857	-0.0579620699	0.0013048264	0.1179187047	0.0113165575	0.0767991059	0.0198208556	-0.0887383455	-0.0099557828	0.0035922941	0.0171035577	-0.0635906654	0.1214043376	-0.0062021628	0.0438502053	-0.0702616199	0.0496577981	0.0953815182	0.10735552	-0.0062269084	-0.0997819096	-0.0399964304	0.0593492064	0.0302361289	-0.0003385025	-0.0562618084	-0.0402345764	-0.0169518452	0.1210673678	0.0085076615	-0.0096834737	-0.1061942074	0.0152935232	0.113515819	-0.045897876	0.0665966178	0.0744303292	0.0203353478	0.007959397	-0.1197497155	-0.0483305142	0.0210363862	0.0309077246	0.0356492325	0.0552674328	0.0066318734	-0.1342243071	-0.1023139614	0.1014639107	-0.1000523871	0.0980872016	-0.145886	-0.0110299999999999	0.0212827249959999	0.0001216608999999	0.0428838	0.028186	0.00183902030244	0.0007944505959999	-0.152922	-0.04731	0.023385138084	0.0022382361	0.00100415	-3.5409999999999825e-05	1.2538680999999875e-09	1.0083172225e-06	-0.00211925	-0.00011762	1.3834464400000032e-08	4.4912205625e-06	-0.00211297	-0.00034105	1.1631510250000005e-07	4.4646422209e-06	0.0	0.0
57820.04456412224	47.92474471373134	2296.78115587632	3343157553.397082	98683.00866336632	311.68556137839914	9738336198.85403	97147.88917176782	54376.55323132397	29.02908307137841	842.6876639649885	2956809541.319009	66056.25571323208	60498.80406554304	0.8766319999999999	15.611755	0.0568663999999999	0.0277195	0.0268772099	0.0471830336	0.1036846132	0.0399557454	0.022250432	0.0162629428	0.0068928172	-0.0703935812	0.0199961523	0.0397696653	0.1250826452	0.0042834736	-0.0453183669	0.0275001068	0.0329890462	-0.060101912	-0.0808732521	0.0727331077	-0.0751283703	-0.0276398421	0.0683856401	0.0864939919	0.0130039849	0.0059410831	-0.0548346205	-0.0214214464	0.1290744391	-0.0232005663	0.0352180842	-0.045573974	-0.0367288039	0.0378051872	0.0313114832	0.155002447	0.0764612388	0.0256717943	0.0196936641	0.01723122	0.0955461949	-0.0555093851	0.0399690062	0.0829572624	0.0676908567	0.0076244875	-0.0299803851	0.0439508713	-0.0506836761	-0.0606440969	0.0990043892	0.0146168021	0.0030850345	-0.0495217131	-0.0065702785	-0.0152655786	0.0359468611	-0.0751982971	-0.0371165321	-0.0214642397	0.0145965555	-0.0886538123	-0.0750305201	0.0390604385	0.0618395043	-0.0046674564	-0.0502108356	0.0338752419	0.0279623069	0.0522162491	0.102105613	0.0278159947	0.0542281877	0.159004136	-0.000958552	-0.1024260777	0.1019113804	-0.1010554665	0.0998612018	-0.144491	0.0013949999999999	0.020877649081	1.946024999999943e-06	0.0326519	-0.0102319	0.0010661465736099	0.00010469177761	-0.168993	-0.016071	0.028558634049	0.000258277041	0.00128652	0.0002823699999999	7.973281689999995e-08	1.6551337104e-06	-0.00199412	0.00012513	1.5657516900000053e-08	3.976514574399999e-06	-0.0019371	0.00017587	3.0930256900000024e-08	3.75235641e-06	0.0	0.0
57793.0815642438	-26.96299987843668	727.0033624445762	3340040276.691337	98798.23770755982	115.2290441935038	9761091774.119495	13277.732625748453	54383.00544910318	6.4522177792096045	41.63111427034852	2957511281.677186	66178.87761964598	60386.7594108538	0.861557	15.343299	0.0638486	0.0298032	0.0237445509	0.0422482201	0.0819000694	0.0321193382	0.0477983919	0.02958635	0.0366904222	-0.0798217549	-0.0312024321	0.0080960168	0.0306606441	0.0187766486	0.1396747649	0.1389466901	0.0890038065	-0.0784817032	-0.0304735791	0.0218910768	-0.0005530867	-0.0365585413	0.013763503	-0.0503537376	0.0110665947	-0.0076585297	0.028139343	-0.0057771891	-0.0075792281	0.0426625201	-0.0831470137	-0.0085239672	-0.0697791979	-0.1506345378	0.0518133872	0.168432856	-0.0206494685	-0.0829309928	-0.0439064608	0.0333901133	-0.0105541199	-0.0414422143	-0.0750202079	-0.0804439068	-0.1545442433	0.0863719672	0.0746291362	-0.0058193626	-0.0537495432	0.0152913355	0.0643532966	0.0170136019	-0.1124621204	-0.0949682522	-0.0254182956	0.0769985479	0.0195135195	0.0939560281	0.0126349972	-0.0050399643	0.050526028	-0.062778707	-0.0053839246	0.0531099076	0.0333462463	0.0009343566	0.0246286926	-0.1212383129	-0.0114773951	0.0547576659	-0.0495017099	0.0235108165	-0.0511138633	0.1207505321	0.0937054729	-0.1025101919	0.1022474116	-0.1018099433	0.1011985345	-0.149032	-0.0045409999999999	0.022210537024	2.0620680999999904e-05	0.0217383	-0.0109135999999999	0.0004725536868899	0.0001191066649599	-0.151021	0.017972	0.0228073424409999	0.000322992784	0.00104901	-0.00023751	5.6411000100000016e-08	1.1004219800999998e-06	-0.00219987	-0.00020575	4.2333062500000094e-08	4.8394280169e-06	-0.00177192	0.00016518	2.7284432400000004e-08	3.1397004864e-06	0.0	0.0
57908.752313263634	115.67074901983142	13379.722178808832	3353423594.478916	98838.9292652898	40.69155772998056	9769133938.30896	1655.8028704923406	54477.38911681768	94.38366771450092	8908.276731241323	2967785924.985165	66125.40540319055	60799.75513685826	0.889749	15.845366	0.06412475	0.0406555	0.0349254248	0.0831345714	0.0577302643	0.0425379546	0.0289979447	0.0257031933	0.0233914642	-0.0380568125	0.0482462611	-0.0349927383	0.1210592157	0.0506402123	0.0050892841	0.0099837953	0.0342856135	-0.0921538278	-0.0202547306	-0.0085858503	-0.1214571372	0.0379442845	-0.0322896428	0.0231954272	-0.0638906441	0.025216841	0.0418210627	-0.0619961903	-0.0873464058	0.0587070466	-0.0802258591	0.0194233654	-0.0436975767	-0.0488438369	0.0886298559	-0.0179929613	-0.0272898415	-0.0579140117	-0.0361822442	0.0397222414	-0.0881170103	0.0298325084	-0.0426149719	0.1329195629	-0.0858796805	0.067893963	0.1222384683	0.0519322323	-0.0362703954	-0.0209047485	0.1163508937	0.0944132611	0.0500968118	-0.0796449832	-0.0406508118	-0.0284096928	-0.002805258	0.0663222761	-0.0303057076	-0.0116286302	-0.059053949	-0.0221578626	0.0186874502	0.030687412	0.0268272015	0.0985947475	0.0957499311	0.0173777704	0.0207816389	-0.0702243748	-0.027585195	-0.0249758907	0.0083420811	0.1324734156	-0.0352320711	-0.1025662807	0.1024716367	-0.1023139614	0.1020933517	-0.140329	0.0087029999999999	0.019692228241	7.57422089999998e-05	0.0218004	6.210000000000243e-05	0.00047525744016	3.856410000000302e-09	-0.191134	-0.040113	0.036532205956	0.001609052769	0.0007812869999999	-0.000267723	7.167560472905353e-08	6.104093763688437e-07	-0.00216266	3.7210000000000194e-05	1.3845841000000143e-09	4.6770982756e-06	-0.00177192	0.0	0.0	3.1397004864e-06	0.0	0.0
58017.16720051029	108.41488724665396	11753.787776704692	3365991689.9719667	98800.03967003146	-38.88959525834071	9761447838.79979	1512.4006193575558	54397.180357803256	-80.20875901442196	6433.445022633616	2959053230.8793764	66051.58444602272	61440.57770591518	0.855676	15.238564	0.02719985	0.0159438	0.0849796083	0.0640024784	0.0382400703	0.0091842319	0.0339847319	0.0259095425	0.0195096039	-0.0474732133	0.0546905994	0.0123264529	0.1214835376	0.0573466621	-0.0009902174	0.0904067257	0.0296958581	-0.0756712303	-0.042784563	-0.0325473995	-0.0754336584	0.0165067858	-0.0234488395	0.013729203	-0.0387972625	-0.0398872533	-0.0191324883	-0.0130030396	-0.1333783972	0.0918589384	-0.0252204746	-0.051483485	-0.140694143	0.0237796616	0.1090758983	-0.0465471974	0.0609173368	0.0406400673	0.1864726715	0.0452886787	-0.085896403	-0.0544081339	0.0549519928	0.0599793994	-0.0244408497	0.0487345876	0.0191324761	0.0713454986	-0.0550823519	-0.0062704899	0.0701324496	0.0339370102	0.0556277806	-0.0946926066	0.0174856937	0.0350818408	-0.0521220655	0.0691559123	0.0457445743	0.0210510642	-0.0565866728	-0.0061510917	-0.0112238115	0.048334733	0.0689405586	0.1480304574	0.1009319666	0.0218126096	-0.0390821558	-0.0327817616	-0.1097069821	-0.0246483515	0.0016818144	0.1070001422	0.000976759	-0.102594329	0.1025838106	-0.1025662807	0.1025417406	-0.13736	0.0029689999999999	0.0188677696	8.814960999999996e-06	0.0168233	-0.0049771	0.0002830234228899	2.4771524410000017e-05	-0.186074	0.00506	0.0346235334759999	2.560360000000009e-05	0.000543112	-0.0002381749999999	5.672733062495237e-08	2.94970644544e-07	-0.00214819	1.4469999999999934e-05	2.0938089999999807e-10	4.614720276099999e-06	-0.00174069	3.122999999999993e-05	9.753128999999956e-10	3.0300016761e-06	0.0	0.0
