global_signal	global_signal_derivative1	global_signal_derivative1_power2	global_signal_power2	csf	csf_derivative1	csf_power2	csf_derivative1_power2	white_matter	white_matter_derivative1	white_matter_derivative1_power2	white_matter_power2	csf_wm	tcompcor	std_dvars	dvars	framewise_displacement	rmsd	t_comp_cor_00	t_comp_cor_01	t_comp_cor_02	t_comp_cor_03	c_comp_cor_00	c_comp_cor_01	c_comp_cor_02	c_comp_cor_03	c_comp_cor_04	w_comp_cor_00	w_comp_cor_01	w_comp_cor_02	w_comp_cor_03	w_comp_cor_04	w_comp_cor_05	w_comp_cor_06	w_comp_cor_07	w_comp_cor_08	w_comp_cor_09	w_comp_cor_10	w_comp_cor_11	w_comp_cor_12	w_comp_cor_13	w_comp_cor_14	w_comp_cor_15	w_comp_cor_16	w_comp_cor_17	w_comp_cor_18	w_comp_cor_19	w_comp_cor_20	w_comp_cor_21	w_comp_cor_22	w_comp_cor_23	w_comp_cor_24	w_comp_cor_25	w_comp_cor_26	w_comp_cor_27	w_comp_cor_28	w_comp_cor_29	w_comp_cor_30	w_comp_cor_31	w_comp_cor_32	w_comp_cor_33	w_comp_cor_34	w_comp_cor_35	w_comp_cor_36	w_comp_cor_37	a_comp_cor_00	a_comp_cor_01	a_comp_cor_02	a_comp_cor_03	a_comp_cor_04	a_comp_cor_05	a_comp_cor_06	a_comp_cor_07	a_comp_cor_08	a_comp_cor_09	a_comp_cor_10	a_comp_cor_11	a_comp_cor_12	a_comp_cor_13	a_comp_cor_14	a_comp_cor_15	a_comp_cor_16	a_comp_cor_17	a_comp_cor_18	a_comp_cor_19	a_comp_cor_20	a_comp_cor_21	a_comp_cor_22	a_comp_cor_23	a_comp_cor_24	a_comp_cor_25	a_comp_cor_26	a_comp_cor_27	cosine00	cosine01	cosine02	cosine03	non_steady_state_outlier00	non_steady_state_outlier01	non_steady_state_outlier02	trans_x	trans_x_derivative1	trans_x_power2	trans_x_derivative1_power2	trans_y	trans_y_derivative1	trans_y_power2	trans_y_derivative1_power2	trans_z	trans_z_derivative1	trans_z_power2	trans_z_derivative1_power2	rot_x	rot_x_derivative1	rot_x_derivative1_power2	rot_x_power2	rot_y	rot_y_derivative1	rot_y_derivative1_power2	rot_y_power2	rot_z	rot_z_derivative1	rot_z_derivative1_power2	rot_z_power2	motion_outlier00	motion_outlier01	motion_outlier02	motion_outlier03	motion_outlier04
56919.63250359528	n/a	n/a	3239844564.344341	97805.40489299753	n/a	9565897226.283184	n/a	54042.91324602971	n/a	n/a	2920636472.1178937	65924.88753266503	60265.1942516741	n/a	n/a	n/a	n/a	0.0	0.0	0.0	0.0	0.0	0.0	0.0	0.0	0.0	0.0	0.0	0.0	0.0	0.0	0.0	0.0	0.0	0.0	0.0	0.0	0.0	0.0	0.0	0.0	0.0	0.0	0.0	0.0	0.0	0.0	0.0	0.0	0.0	0.0	0.0	0.0	0.0	0.0	0.0	0.0	0.0	0.0	0.0	0.0	0.0	0.0	0.0	0.0	0.0	0.0	0.0	0.0	0.0	0.0	0.0	0.0	0.0	0.0	0.0	0.0	0.0	0.0	0.0	0.0	0.0	0.0	0.0	0.0	0.0	0.0	0.0	0.0	0.0	0.0	0.0	0.0	0.0	0.0	0.0	1.0	0.0	0.0	0.0	n/a	0.0	n/a	3.68781e-06	n/a	1.35999425961e-11	n/a	-1.6601e-06	n/a	2.75593201e-12	n/a	6.66647e-05	n/a	n/a	4.44418222609e-09	-0.0	n/a	n/a	0.0	0.0	n/a	n/a	0.0	0.0	0.0	0.0	0.0	0.0
56976.72218746586	57.089683870573936	3259.23200444207	3246346871.227664	98185.28327801476	379.8783850172331	9640349852.384005	144307.58740330118	53971.76647057796	-71.14677545175073	5061.86365718184	2912951575.954603	65592.92250187045	59700.9386015625	1.371131	23.491587	0.13515443001	0.0986996	0.0	0.0	0.0	0.0	0.0	0.0	0.0	0.0	0.0	0.0	0.0	0.0	0.0	0.0	0.0	0.0	0.0	0.0	0.0	0.0	0.0	0.0	0.0	0.0	0.0	0.0	0.0	0.0	0.0	0.0	0.0	0.0	0.0	0.0	0.0	0.0	0.0	0.0	0.0	0.0	0.0	0.0	0.0	0.0	0.0	0.0	0.0	0.0	0.0	0.0	0.0	0.0	0.0	0.0	0.0	0.0	0.0	0.0	0.0	0.0	0.0	0.0	0.0	0.0	0.0	0.0	0.0	0.0	0.0	0.0	0.0	0.0	0.0	0.0	0.0	0.0	0.0	0.0	0.0	0.0	1.0	0.0	-1.52974e-05	-1.52974e-05	2.3401044676e-10	2.3401044676e-10	-8.83497e-05	-9.203751e-05	7.80566949009e-09	8.470903247000099e-09	0.0566215	0.0566231601	0.0032059942622499	0.0032061822597102	-0.00128017	-0.0013468347	1.8139637091240896e-06	1.6388352288999998e-06	0.000221644	0.000221644	4.9126062736e-08	4.9126062736e-08	0.0	0.0	0.0	0.0	0.0	0.0	0.0	0.0	0.0
57083.62060258316	106.89841511730629	11427.271154591936	3258539741.099657	96875.53911642062	-1309.7441615941352	9384870079.097143	1715429.7688299243	54039.18808651965	67.4216159416901	4545.674296188761	2920233849.050247	65636.82718300009	59860.03691978237	1.172335	20.085609	0.0793793022	0.0472002	0.0	0.0	0.0	0.0	0.0	0.0	0.0	0.0	0.0	0.0	0.0	0.0	0.0	0.0	0.0	0.0	0.0	0.0	0.0	0.0	0.0	0.0	0.0	0.0	0.0	0.0	0.0	0.0	0.0	0.0	0.0	0.0	0.0	0.0	0.0	0.0	0.0	0.0	0.0	0.0	0.0	0.0	0.0	0.0	0.0	0.0	0.0	0.0	0.0	0.0	0.0	0.0	0.0	0.0	0.0	0.0	0.0	0.0	0.0	0.0	0.0	0.0	0.0	0.0	0.0	0.0	0.0	0.0	0.0	0.0	0.0	0.0	0.0	0.0	0.0	0.0	0.0	0.0	0.0	0.0	0.0	1.0	-0.0084692199999999	-0.0084539225999999	7.172768740839832e-05	7.14688073267891e-05	-9.88793e-05	-1.0529599999999997e-05	9.777115968489998e-09	1.1087247615999987e-10	0.0196734	-0.0369481	0.00038704266756	0.0013651620936099	-0.000918046	0.0003621239999999	1.3113379137599993e-07	8.428084581160001e-07	0.000372679	0.000151035	2.2811571225e-08	1.38889637041e-07	-0.000166176	-0.000166176	2.7614462976e-08	2.7614462976e-08	0.0	0.0	0.0	0.0	0.0
57398.084817823255	314.464215240092	98887.74266656692	3294540140.7540326	97703.0725831576	827.5334667369752	9545890392.189762	684811.6385697165	54183.43771685218	144.24963033253152	20807.955851072	2935844922.8159995	65563.2300702637	60664.20968261719	1.341887	22.990553	0.0757384506999999	0.03855	-0.0556315081	0.1512157495	-0.1471404982	0.0425843245	-0.0116920689	-0.1171882651	-0.0213437519	-0.1272874144	-0.1609794119	-0.0342369759	0.0459862754	-0.0337777122	0.0791956949	-0.0025439548	0.2965567691	-0.0246725949	0.1009600035	-0.044557148	0.0257434072	-0.0325952025	0.0927811229	-0.0362589241	0.0249085761	-0.0235123179	0.0166913056	-0.000511587	0.0055654662	-0.0303967767	0.034346318	-0.0106333384	0.0111519001	-0.022770783	0.0310696845	-0.2248970799	0.0722899327	-0.0942487687	0.0282877785	-0.0845988967	0.0270441286	-0.1517970441	0.0801958371	-0.0383575335	0.0895098039	-0.0019656626	0.0373405127	-0.001624745	-0.0247978745	-0.0485812376	-0.0105792639	0.0354526101	0.1642082724	-0.0270949982	0.0005526937	-0.0357986412	0.093189957	-0.1440827331	0.1966627511	-0.2226314366	0.0500361343	-0.1558610502	0.1030333925	-0.0928750555	0.0498525364	-0.0123403353	0.0387480498	-0.0385786221	0.0062090702	0.0184400512	-0.0591828851	0.0307897035	-0.1382185237	0.0575020993	-0.0320773657	0.1491759333	-0.0739129184	0.1034138895	0.1034029441	0.1033847028	0.1033591666	0.0	0.0	0.0	-0.0173898	-0.0089205800000001	0.00030240514404	7.957674753640178e-05	-0.0216841	-0.0215852207	0.00047020019281	0.0004659217526677	0.0169916	-0.0026818	0.0002887144705599	7.192051240000008e-06	-0.00135119	-0.0004331439999999	1.876137247359999e-07	1.8257144161e-06	0.000471042	9.836300000000002e-05	9.675279769000004e-09	2.21880565764e-07	-0.000485686	-0.0003195099999999	1.0208664009999997e-07	2.35890890596e-07	0.0	0.0	0.0	0.0	0.0
57424.95396220134	26.869144378084457	721.9509196103476	3297625337.560944	97828.91399360144	125.8414104438416	9570496413.167467	15836.060582495404	54024.01866820744	-159.41904864474054	25414.43307079415	2918594593.062826	65735.11816745099	60741.31935505023	1.441447	24.696308	0.0881754	0.0414168	-0.1583071316	0.0079975608	-0.1998881605	0.0185867485	-0.1376458612	-0.1063890946	-0.0294344491	-0.1720121926	0.0073339423	-0.1815329204	-0.0178619172	0.1480524346	-0.0017209798	0.0057898577	-0.1945675052	-0.0537952634	-0.0277113235	-0.0627780756	-0.2908322996	0.0100630524	0.1588737705	-0.1143424888	0.0379967292	0.0494487217	0.1043119829	-0.0971693185	0.0938248104	0.0361514722	-0.0039147767	-0.1238597754	-0.1008186894	0.0017153788	0.0881550785	0.0138202938	-0.0018533967	-0.0536003641	0.0349862691	0.0609975111	0.0727758914	-0.1059596921	-0.0691707119	-0.0393967464	0.1053327944	-0.0519775232	-0.0056215473	0.1166686669	-0.0924029327	0.035270653	0.1616137425	0.0182476794	0.1592039704	0.0244329749	0.0511353121	-0.1365234343	-0.0009482608	0.1500640405	-0.2671559076	-0.1532128482	0.1748594531	-0.1589769291	0.094651877	0.0698923214	0.2293569727	-0.0825449058	-0.1819050694	-0.0625526393	-0.027249844	0.021147871	-0.0062819024	-0.0325436748	-0.0197590976	-0.028760513	0.0401554543	0.0610363449	0.0698254278	0.1033847028	0.1032862179	0.1031221459	0.102892591	0.0	0.0	0.0	-0.0388281	-0.0214382999999999	0.0015076213496099	0.0004596007068899	-0.0240723	-0.0023882	0.00057947562729	5.70349924e-06	0.0376794	0.0206878	0.00141973718436	0.00042798506884	-0.00161553	-0.00026434	6.987563560000003e-08	2.6099371809e-06	0.000131625	-0.000339417	1.1520389988900005e-07	1.7325140624999995e-08	-0.000755151	-0.000269465	7.261138622500002e-08	5.70253032801e-07	0.0	0.0	0.0	0.0	0.0
57562.34400541088	137.39004320953973	18876.023973119198	3313423447.3972616	97359.65146903758	-469.2625245638628	9478901734.17247	220207.31696005	54181.67558040704	157.6569121995999	24855.701964312357	2935653968.7004766	65695.05092356654	61421.78660965402	1.261897	21.620071	0.079878175	0.05904	-0.0974536308	0.1419789419	-0.0247808967	0.0536436408	-0.0762530902	0.0196375439	-0.0271266007	-0.0422063161	-0.1186609905	-0.0202486878	0.0907847607	0.028220655	-0.0943816452	0.0364055298	0.1358022534	-0.0375450306	-0.0536587915	0.0337194242	0.064977829	-0.0445881974	-0.0004696911	-0.0350627496	0.07612953	-0.0425942184	0.0789282251	0.0022665734	-0.0985699984	-0.0704915425	-0.0559957812	-0.0011464168	0.040172657	0.1398575748	0.0429831194	0.1038304161	-0.0039713605	-0.1042463658	-0.141882578	-0.0015523237	0.0143993564	-0.024006377	-0.015849038	0.0595170051	-0.0368449413	-0.0479020341	-0.099516275	-0.0449708089	-0.0472555454	0.0584943419	0.0071992317	0.0742094366	0.1038820755	0.0055979046	-0.0841496682	0.0205911693	-0.0871976693	0.0375058837	0.139601804	-0.0208134192	0.097333402	-0.1106463018	0.0588321032	-0.0826820396	-0.007873274	-0.0521125734	0.0306833923	0.1040455362	-0.0415467449	0.1003614293	-0.0150413987	0.0201967814	0.0024594194	-0.1096571079	-0.0280149181	-0.1048637412	-0.0443619911	0.1033263376	0.1030528971	0.1025976989	0.1019615458	0.0	0.0	0.0	-0.0439776	-0.0051495	0.0019340293017599	2.651735025000001e-05	-0.0282639	-0.0041916	0.00079884804321	1.7569510560000003e-05	-0.019602	-0.0572814	0.000384238404	0.00328115878596	-0.00158513	3.040000000000009e-05	9.241600000000053e-10	2.5126371169e-06	9.24365e-05	-3.918849999999999e-05	1.5357385322499987e-09	8.54450653225e-09	-0.000950676	-0.000195525	3.8230025625e-08	9.03784856976e-07	0.0	0.0	0.0	0.0	0.0
57743.02497507365	180.6809696627679	32645.612798278053	3334256933.271979	98693.55284221626	1333.9013731786836	9740417372.619331	1779292.8733679776	54263.42533444719	81.74975404014549	6683.022285624284	2944519329.027125	65500.646535880034	61492.90315708705	1.132822	19.408628	0.0633757399999999	0.0316273	-0.0437310741	0.0724861096	-0.0911731787	0.0973062229	-0.0401382593	-0.1548769518	-0.1025038716	-0.0190853019	-0.0438405804	0.0253010054	-0.0361500123	-0.0298692918	0.1178749673	0.0710917207	0.0693861623	-0.0405663779	0.0627069428	0.0895798398	0.0435321454	0.0025107385	-0.0299962277	-0.0329118099	0.1269890679	-0.0013521773	0.0877004704	-0.0264964551	-0.0120678952	-0.0367349703	-0.1499381737	0.0782903085	0.0542748238	-0.016928604	-0.0524313412	-0.0623423686	0.010695044	0.014482497	-0.0004772498	-0.0856081022	0.0269467578	-0.0908576144	-0.0200374701	-0.0843469275	-0.1112274966	-0.008121663	-0.1128892127	0.0165555573	-0.0805383912	-0.1327206351	0.0478981002	0.0559428854	0.0892584007	-0.0416959253	0.017947295	0.0418565689	0.0487716006	-0.0668198601	0.0407075818	0.0124517684	0.1198885732	-0.1532169179	-0.0897689595	-0.1148830054	0.0264015482	0.0425651186	0.053901014	0.0308845682	-0.0722118148	0.0640362574	-0.0543951742	0.0279430851	-0.0961384446	0.0883448049	-0.0466024583	0.0675914764	0.0994522644	0.1032388104	0.1027032453	0.1018126938	0.1005702341	0.0	0.0	0.0	-0.0464847	-0.0025070999999999	0.0021608273340899	6.285550409999992e-06	-0.0331422	-0.0048782999999999	0.0010984054208399	2.3797810889999952e-05	-0.0318325	-0.0122304999999999	0.00101330805625	0.0001495851302499	-0.00202063	-0.0004354999999999	1.8966024999999995e-07	4.082945596899999e-06	2.69737e-05	-6.54628e-05	4.285378183840001e-09	7.2758049169e-10	-0.00132491	-0.000374234	1.400510867560001e-07	1.7553865081000002e-06	0.0	0.0	0.0	0.0	0.0
57940.70318257513	197.6782075014853	39076.67372100028	3357125085.291272	97785.567664398	-907.9851778182638	9562017243.44856	824437.083137664	54148.09083050019	-115.33450394700048	13302.04780070067	2932015740.5880985	65776.25582413471	62159.81612695313	1.166853	19.991692	0.086449035	0.0440562	-0.0723327579	-0.019935153	0.0021210591	0.1230446698	-0.1187932595	0.010653685	-0.0989096852	-0.103716844	-0.0024220832	-0.0575464066	0.0356555967	0.1841263351	-0.078319103	0.033251296	-0.1440272236	0.0762432701	0.0035137468	-0.0162315495	-0.0915312787	-0.0829982106	0.0690367836	-0.1112203851	0.1372224032	-0.0259772225	0.0209400058	-0.0192511998	-0.0506510169	0.0666457738	-0.0509349631	-0.0189734827	-0.0699161015	0.0102069922	-0.1266002624	0.0393466694	0.1277341355	0.1240394156	-0.0007955806	-0.0028215299	-0.0342987846	0.0459163794	0.0492646705	-0.0216093682	-0.1351988965	9.81935e-05	0.1309649709	-0.0465139034	-0.0240255837	0.0554159127	0.1071149823	0.0661223373	0.0804730784	0.0551920381	-0.0761937688	-0.0297814555	0.0217753623	0.0680125432	-0.1547894135	0.0965309433	0.1141928476	-0.0886035111	0.1728286732	0.0692413454	0.1075347062	-0.1445245369	-0.0515137807	-0.0046467545	-0.1637816495	0.1045652103	-0.0927615211	0.0620117075	-0.0432259458	-0.0806864385	-0.0476098668	0.0131779477	-0.0074996265	0.1031221459	0.102237657	0.1007691241	0.0987249362	0.0	0.0	0.0	-0.0596765	-0.0131918	0.00356128465225	0.00017402358724	-0.0105594	0.0225827999999999	0.00011150092836	0.0005099828558399	-0.0309261	0.0009063999999999	0.00095642366121	8.215609599999967e-07	-0.00154347	0.0004771599999999	2.276816655999999e-07	2.3822996409e-06	-0.000452067	-0.0004790407	2.2947999225649003e-07	2.04364572489e-07	-0.00136407	-3.915999999999989e-05	1.5335055999999912e-09	1.8606869649e-06	0.0	0.0	0.0	0.0	0.0
58067.11401701757	126.4108344424385	15979.699064433597	3371789730.2653184	98152.86286785852	367.295203460526	9633984489.15664	134905.76648510917	54333.40960320417	185.318772703984	34343.04751651088	2952119399.109559	65598.31248034677	62803.8142734375	1.093521	18.735296	0.0587649	0.0253144	0.0387587277	0.046836182	-0.0008834013	0.1216848631	-0.0470407036	-0.071127387	-0.0267683566	0.0716745873	-0.0165172211	0.0751681204	-0.0499324121	-0.0432860038	0.0149766479	0.0066085958	0.0614360319	0.1169168813	0.076514456	-0.09078175	-0.0401488604	-0.0025382526	0.0260320456	-0.0718360824	0.0712304139	-0.0554015975	-0.0691714501	-0.0633962858	-0.04612507	-0.0154440821	0.0259098902	0.0990804214	-0.0268023729	0.1191907691	0.0515369129	0.0114524605	0.0344539594	-0.0302294992	0.0416012397	0.0551629988	0.0493954678	0.0650813438	0.0040628714	0.0360243724	-0.1295294667	-0.0261156667	-0.093150517	0.0860277521	0.118456204	-0.0833670076	0.0243380455	0.0298743679	0.0072093627	-0.024749388	-0.1131115126	0.0520830349	0.0946740535	0.004081476	0.1198640308	0.150513374	0.0429553694	-0.1990007442	0.0250305597	0.1004258552	0.0156204313	0.0340519311	0.0695272236	-0.0194135012	0.0645671456	0.0674422881	0.0354636082	0.0067567335	-0.0189578423	0.0186973564	0.0571720947	0.0137232751	0.0403515735	0.102976377	0.1016566579	0.09946964	0.0964339822	0.0	0.0	0.0	-0.071456	-0.0117795	0.005105959936	0.00013875662025	-0.0168197	-0.0062603	0.00028290230809	3.919135609e-05	-0.0183196	0.0126065	0.0003356077441599	0.00015892384225	-0.00121281	0.00033066	1.0933603560000001e-07	1.4709080960999998e-06	-0.000303815	0.000148252	2.1978655504000013e-08	9.230355422499998e-08	-0.00144753	-8.346000000000004e-05	6.9655716000000075e-09	2.0953431009e-06	0.0	0.0	0.0	0.0	0.0
58432.19208202515	365.0780650075758	133281.99354967574	3414321071.510682	98301.41333756712	148.55046970859985	9663167864.16322	22067.24205064564	54422.96924483048	89.55964162630698	8020.929408232539	2961859581.423764	65531.33394710162	64034.80497377232	1.371948	23.505583	0.0986254	0.0543963	0.0290806602	-0.1244068169	0.110169549	0.1629454612	-0.0539564389	-0.0553258819	-0.1851995449	-0.0526290854	0.0825583148	0.1446201729	-0.0404595111	-0.03160214	0.0358710466	-0.0777974958	3.50281e-05	0.0320356747	0.1186662583	0.0001925617	0.1652834186	0.0938732143	0.0568675207	-0.051664331	-0.0964255596	-0.0820005295	0.0102766939	-0.0098864512	0.0190203867	0.0136024189	0.0817443196	0.0821891967	-0.0844336772	-0.0405630405	0.0882175254	0.0188708567	-0.0593311274	0.0248202141	-0.0287630268	0.0413962936	0.079849205	0.0425617618	-0.0528508937	0.1386729311	0.0188861062	-0.0525776692	-0.0181633304	0.2037627933	-0.0764945865	-0.1602463101	0.0453988333	0.1247913172	-0.0559062468	0.0625156114	-0.0436454569	0.2065751969	0.1745974736	0.0181077465	0.0326573073	0.0102718589	0.1130531685	-0.0455439268	-0.0583068738	-0.0036277767	-0.1109249352	0.1855930131	0.024995629	0.174459057	-0.0211536495	-0.0603380167	0.1398718521	0.0332357695	0.022001008	0.0331297851	0.0569587663	-0.0488895779	-0.0036811769	0.1028015449	0.1009609038	0.0979175418	0.0937077136	0.0	0.0	0.0	-0.0699931	0.0014629	0.00489903404761	2.140076410000009e-06	-0.0343428	-0.0175231	0.00117942791184	0.0003070590336099	-0.0623814	-0.0440618	0.0038914390659599	0.0019414422192399	-0.00187398	-0.00066117	4.371457689e-07	3.5118010404e-06	-0.000267383	3.643199999999998e-05	1.3272906239999983e-09	7.1493668689e-08	-0.00146148	-1.3949999999999988e-05	1.9460249999999964e-10	2.1359237904e-06	0.0	0.0	0.0	0.0	0.0
58375.16676718507	-57.02531484008068	3251.886532610326	3407660095.096668	98673.08591353528	371.6725759681576	9736377883.699917	138140.50372680588	54407.42609561289	-15.543149217584867	241.58948760010912	2960168014.349579	65882.7788380736	64567.149261858256	1.304708	22.353552	0.0850833499999999	0.0479866	0.135668118	-0.1720018961	0.0544504418	0.0365107342	-0.0183878901	-0.007175942	-0.0656387815	0.1604765472	0.1229634877	0.1431692114	-0.0821043654	0.0462074121	0.1834510577	-0.0745338671	-0.0367273592	-0.113884938	0.0476868771	0.0498485915	0.0094198355	-0.0014807988	0.0296770373	0.0976514784	0.0386984343	-0.1004069696	-0.0577608265	-0.0006186516	-0.0345419441	-0.0123967292	-0.1029769393	0.0434250129	-0.1325444735	-0.0312346009	-0.0310773865	0.0295138986	0.0305264157	0.06511469	-0.0359985421	0.2063541788	0.0087850042	-0.0518564719	0.0658960435	-0.0938703329	0.062129613	-0.0203782577	0.0873565416	-0.0681393087	0.1191702518	-0.0448623755	0.0310728803	0.0279964712	-0.1479285359	-0.017010905	-0.0510159696	-0.0754379983	0.1826608385	0.0871279208	0.0828478649	0.1852727351	0.0168232032	0.0514197692	0.0088003689	-0.0584478315	0.1218226724	0.0539299928	0.0224805348	0.0459904599	0.1438859892	0.0849325374	0.0004433184	0.0887315193	-0.0312559366	-0.0006640913	-0.0793893621	0.0918610438	0.0946518642	0.1025976989	0.1001511802	0.0961167712	0.0905584372	0.0	0.0	0.0	-0.0726069	-0.0026137999999999	0.00527176192761	6.831950439999997e-06	0.00669445	0.04103725	4.48156608025e-05	0.0016840558875624	-0.0436561	0.0187252999999999	0.00190585506721	0.0003506368600899	-0.00165754	0.0002164399999999	4.684627359999992e-08	2.7474388516e-06	-0.000303913	-3.653e-05	1.3344409000000003e-09	9.2363111569e-08	-0.00166265	-0.0002011699999999	4.046936889999994e-08	2.7644050225e-06	0.0	0.0	0.0	0.0	0.0
58244.69619293876	-130.47057424630475	17022.57074416052	3392444634.607735	99463.3727293424	790.2868158071215	9892962514.696096	624553.2512385591	54348.925958806816	-58.50013680607663	3422.266006329681	2953805752.875865	65878.79819989916	64725.87102064732	1.369914	23.470732	0.12034712	0.0671504	0.0630665937	-0.0344576564	0.2200639529	-0.0515493584	0.1410088389	0.1146310018	-0.0790231881	0.042256855	0.0998032746	0.1067756111	0.0920324516	-0.0825399417	-0.0774035794	-0.0633685491	-0.0351647345	0.0520072214	0.0171229181	0.1062139939	-0.0042062919	-0.141809753	-0.0363384384	-0.0637713126	0.0197471887	-0.0494174478	0.0320606806	0.0392472951	-0.0982408046	0.0512255244	-0.0813904904	0.0796928008	0.0022181733	0.0993147698	-0.0189311425	0.0174110669	-0.0750059907	-0.0400424503	0.1236275535	0.0167912437	-0.1250544514	0.0288323046	-0.0713001067	-0.0912303891	0.0425011021	-0.0234105019	-0.1191729797	0.029278659	0.074561699	0.0152893696	-0.1602309726	0.0341447156	-0.1309250661	0.0496304023	-0.0400704105	0.1088595155	0.0019478792	0.0725142574	0.0053786036	0.054576447	-0.0220364357	-0.0519480459	-0.112282828	-0.0183480126	0.0807957615	-0.0856263689	0.0688888939	-0.1000005617	0.0590781713	-0.0891319722	-0.0379861504	0.1445114693	0.2124874712	-0.0546182464	-0.0321843914	-0.0415917784	-0.0065885452	0.1023648966	0.0992284011	0.0940719014	0.0870003692	0.0	0.0	0.0	-0.0668117	0.0057952	0.00446380325689	3.358434304000001e-05	0.00544203	-0.00125242	2.9615690520899995e-05	1.5685558564000016e-06	-0.0939038	-0.0502476999999999	0.0088179236544399	0.0025248313552899	-0.00114423	0.00051331	2.634871561000001e-07	1.3092622929e-06	-0.000720769	-0.000416856	1.7376892473600005e-07	5.19507951361e-07	-0.00199352	-0.00033087	1.0947495690000005e-07	3.9741219904e-06	0.0	0.0	0.0	0.0	0.0
58101.82694785193	-142.86924508683296	20411.621191681545	3375822294.6781325	99393.10488161426	-70.26784772814426	9878989298.007572	4937.5704243456685	54177.91180374441	-171.014155062403	29245.841231707614	2935246127.414308	65731.13142864114	63734.32998828125	1.404438	24.062233	0.0510345799999999	0.0263363	0.1681507623	-0.0262358289	0.0023919212	-0.0802949927	0.1334187477	0.0071550553	0.1396941859	0.0871059885	0.0474700467	-0.0401396856	-0.0323969298	-0.0642122494	-0.0298997272	0.0033882711	-0.0176905691	0.0655201734	0.0642879622	-0.0738115177	0.0935030935	0.0681376784	-0.0375358584	0.041088587	0.0151235739	0.056710199	-0.0436282349	-0.056967207	-0.1147662094	0.1245772276	-0.0160901706	0.1663158648	-0.0456607894	-0.0450251741	-0.0409671427	-0.0127460857	-0.0529389019	0.040220364	0.174320867	0.0246589492	-0.0499741029	-0.036160917	0.1020055241	0.0439911564	0.1893429694	0.0128196913	0.0437651062	0.0742570573	0.0053166758	-0.0214127902	-0.1028112841	-0.1421639546	-0.0397755549	0.018962729	0.0086367635	-0.0410105926	0.0338835117	-0.0288495153	0.0517660555	0.2082899602	-0.0277303496	0.0110016662	0.015144861	0.1267239502	-0.052550846	0.0624254259	0.0041321109	0.0489537604	0.1208564156	-0.1781129461	0.0198319156	0.099089919	-0.0290389738	-0.0485925483	0.0572650142	0.0458367083	-0.1410354003	0.1021032036	0.0981936081	0.0917881257	0.0830495711	0.0	0.0	0.0	-0.0633866	0.0034251	0.00401786105956	1.1731310010000005e-05	-0.0101509	-0.0155929299999999	0.0001030407708099	0.0002431394659848	-0.0875892	0.0063145999999999	0.00767186795664	3.9874173159999866e-05	-0.00132502	-0.00018079	3.268502410000004e-08	1.7556780004000003e-06	-0.0007259779999999	-5.208999999899979e-06	2.7133680998957985e-11	5.270440564838548e-07	-0.00232156	-0.0003280399999999	1.0761024159999997e-07	5.389640833599999e-06	0.0	0.0	0.0	0.0	0.0
57845.702070552135	-256.1248772997933	65599.95277183417	3346125248.0350795	98815.81255392062	-577.2923276936344	9764564810.691576	333266.4316139346	54131.19014588767	-46.72165785674588	2182.913312882824	2930185746.610246	65692.56579428891	63223.70649706596	1.476068	25.289467	0.08514103	0.0557642	-0.0555464926	-0.1084526953	-0.0070592895	-0.1413599414	-0.003965714	0.0771355587	0.1639578052	-0.0472044773	0.0716913118	-0.0650273886	0.01024946	-0.0957541596	0.094260463	-0.0288354032	-0.0062127595	-0.0025601876	-0.0985737851	0.0371233078	0.0660537849	0.0143846822	-0.0039186055	0.0056993628	-0.0176476881	0.0528892932	0.0623185964	0.0561623268	0.0267740506	0.0002088298	0.0376949602	0.1039156176	-0.1217459704	0.0394576755	0.0675089076	0.0706039096	0.0038002552	-0.0896134299	0.0729931129	0.0677809528	0.0900479229	-0.0127209465	-0.0490271374	0.0413410126	-0.0929105908	0.0384349464	-0.0210833766	0.0064005368	-0.082781276	0.0312420297	0.0064389863	-0.0535912478	-0.0178614829	0.055231534	0.1700608619	0.0309336698	0.1031081406	0.0909648489	0.069261899	0.0238809312	-0.0315789256	0.0479585736	-0.0801507542	0.0582260538	-0.0407809461	0.0834248927	0.0329444387	0.058238291	0.024191528	-0.0750898073	0.0036180242	0.0867221232	0.1065785592	-0.0187288238	0.0799016709	-0.1466786921	-0.0227813566	0.1018126938	0.0970479694	0.0892712439	0.0787238772	0.0	0.0	0.0	-0.0662698	-0.0028832	0.00439168639204	8.312842240000014e-06	-0.00482142	0.0053294799999999	2.32460908164e-05	2.8403357070399997e-05	-0.0382035	0.0493857	0.00145950741225	0.00243894736449	-0.00164301	-0.00031799	1.011176401e-07	2.6994818601000003e-06	-0.000804091	-7.811300000010006e-05	6.101640769015632e-09	6.46562336281e-07	-0.00216681	0.0001547499999999	2.3947562499999985e-08	4.6950655761e-06	0.0	0.0	0.0	0.0	0.0
57838.84040620748	-6.861664344658493	47.08243757875767	3345331459.5347385	98832.6813230924	16.868769171778695	9767898897.511938	284.5553733707513	54246.13745517418	114.94730928651552	13212.883912209856	2942643428.805651	65789.74800418004	62920.11732059152	1.288114	22.069262	0.09725288	0.0431309	-0.0066507291	0.0999280497	0.053673034	-0.072386514	0.0744091099	0.0832547751	0.0673235612	-0.0534046098	-0.0773242971	0.0298569782	0.0651200821	-0.0266427537	-0.0368572499	0.1023324252	0.0007993011	-0.0102062202	-0.1254803337	0.0429748833	-0.1084939962	-0.1111924829	0.0031699254	-0.0973065782	-0.0783719528	0.0140646386	0.0207214523	0.0521016431	0.0241886566	-0.0053203491	-0.0918382204	-0.085479179	-0.0147973563	-0.0548690778	0.020660388	0.0453422273	0.0009602414	0.0036985478	0.1006432746	-0.0472448714	-0.0878871196	0.1110178911	0.1112921135	0.0383347401	0.0350657895	0.0044228301	0.001685155	0.030156499	-0.0562866942	0.0359686128	-0.1118583678	0.0285854964	0.0285490383	0.0385265195	0.0212593456	0.0305597237	-0.0021626541	0.1095528483	0.0076874659	0.0774441966	-0.1252589589	0.0124890417	-0.0629235555	-0.0132208998	0.0685286374	-0.0025741503	-0.050243337	-0.0573237316	-0.0634808248	0.0444689007	0.0733909647	0.0706126065	0.1337076169	-0.111321635	0.0904548432	-0.0155005468	0.0361202734	0.1014934492	0.0957927783	0.0865276478	0.0740428144	0.0	0.0	0.0	-0.048468	0.0178018	0.0023491470239999	0.00031690408324	0.00280371	0.00762513	7.8607897641e-06	5.81426075169e-05	-0.0584047	-0.0202011999999999	0.0034111089820899	0.0004080884814399	-0.00132373	0.00031928	1.019397184000001e-07	1.7522611129e-06	-0.000277336	0.000526755	2.774708300250001e-07	7.6915256896e-08	-0.00235327	-0.00018646	3.47673316000001e-08	5.537879692900001e-06	0.0	0.0	0.0	0.0	0.0
57971.79478970285	132.9543834953729	17676.868090634685	3360728991.1394186	98579.65113952264	-253.030183569761	9717947618.789988	64024.27379734695	54230.76708038375	-15.370374790429196	236.24842119826133	2940976098.1268344	65758.29882270342	62779.01039508929	1.242231	21.283148	0.11662146	0.0516243	0.0345985169	0.0044284496	-0.0400165583	0.0450414601	0.0180301201	-0.0455610811	0.1001882925	0.0135179957	-0.0213423799	-0.0108144016	-0.1208562797	-0.0119371235	-0.0404917137	-0.0478818647	0.0707753973	-0.1171975918	0.0717326321	0.0229846818	0.0852287218	-0.0403600972	-0.1107021508	0.0084367179	-0.0089102613	-0.0144179608	-0.0570652379	-0.012043802	0.0189643159	-0.0343717209	0.0189162575	-0.1228758407	-0.0044052719	0.0945821319	-0.1249463181	0.003806967	-0.0514131028	0.1492606322	-0.0421555167	-0.0385227751	-0.061748938	0.1455591398	0.0545547066	-0.0022939047	0.1242349582	0.0332444745	0.0263327328	-0.0021270401	-0.1660735727	-0.0377482634	-0.0055167669	-0.0833014863	0.0207675797	-0.0016535819	-0.0680220588	-0.040402304	-0.064011151	-0.1451614784	0.0863670913	0.0719245831	-0.0334938348	0.1225689181	-0.1027539242	0.0644028138	0.0393230629	0.0547967799	0.0223348143	0.0481431963	-0.0830667562	0.0152869268	0.2205716942	0.0792179586	0.0542100684	0.0243255823	-0.096823161	0.0252075904	-0.004956236	0.1011455599	0.0944294516	0.0835643053	0.0690275134	0.0	0.0	0.0	-0.0474472	0.0010207999999999	0.00225123678784	1.0420326399999904e-06	-0.020061	-0.02286471	0.0004024437209999	0.0005227949633841	-0.0892054	-0.0308007	0.00795760338916	0.00094868312049	-0.00169576	-0.00037203	1.3840632089999998e-07	2.8756019776e-06	-0.000723571	-0.000446235	1.99125675225e-07	5.23554992041e-07	-0.00277371	-0.0004204399999999	1.7676979359999984e-07	7.6934671641e-06	0.0	0.0	0.0	0.0	0.0
57958.75948610031	-13.035303602540807	169.91914001041334	3359217801.1676226	98068.75455329756	-510.896586225077	9617480619.634922	261015.3218164376	54287.05938111261	56.29230072885548	3168.823121347903	2947084816.2484465	65800.62546083449	62674.92597070312	1.208707	20.70878	0.06898807	0.0381266	-0.0527188913	-0.0882166071	-0.0081781587	-0.0058808928	-0.0568995754	0.0502553747	-0.0013331826	0.0011121876	0.0480682913	0.0695833034	0.0241091157	0.0660322465	0.1373139599	-0.0887778733	0.0404610682	-0.0183131264	-0.0495869099	0.1126239221	0.0388509762	0.0688434001	0.0397156693	0.0878547217	-0.0056836158	0.0495572054	-0.0233063308	0.0420502669	-0.0218930183	0.0516566082	0.0229995303	0.0114818194	0.0325318646	0.0405832625	0.0444659151	-0.1125111429	-0.0216844806	0.1443073727	-0.0101849681	-0.0816159389	0.0880498292	-0.1398350409	-0.1102323207	-0.0186455922	-0.0782202543	0.0928196653	0.0249761697	0.0226905674	0.0577781262	0.0159767452	0.0696500698	0.0587072187	-0.0970207282	0.0220377565	0.1033144951	-0.0472359831	0.074233253	-0.0927560406	0.0853312261	-0.065891507	-0.0957758198	0.0334412062	-0.060659794	0.0109879318	0.0649956891	0.0029331667	-0.0296758994	0.0076080013	0.0264110009	-0.0321237178	-0.0494479662	0.0735369652	-0.1050399589	0.1023701738	-0.1148366836	-0.0488646323	-0.050113837	0.1007691241	0.0929595284	0.080388742	0.063700614	0.0	0.0	0.0	-0.0496259	-0.0021786999999999	0.00246272995081	4.746733689999994e-06	0.00499257	0.0250535699999999	2.49257552049e-05	0.0006276813697448	-0.0702146	0.0189908	0.00493009005316	0.00036065048464	-0.00166945	2.6309999999999875e-05	6.922160999999933e-10	2.7870633025e-06	-0.000723571	0.0	0.0	5.23554992041e-07	-0.00234472	0.00042899	1.8403242010000018e-07	5.497711878399999e-06	0.0	0.0	0.0	0.0	0.0
57948.95777799056	-9.801708109749596	96.07348186873102	3358081707.5553327	98896.92732697468	828.1727736771136	9780602234.716911	685870.1430600436	54286.14204836531	-0.9173327472963138	0.8414993692622026	2946985218.4952965	65870.1526500694	63305.20979966518	1.227982	21.039009	0.09720053	0.0560302	0.0494805084	0.0923746784	0.0931265556	-0.0284319069	0.1210233269	0.0563669526	-0.0730435556	0.0313130719	-0.0431202528	0.0647975185	0.022400673	-0.0699359845	0.0091487871	-0.0166521553	-0.0943593105	-0.0671421027	-0.033772145	0.0229015886	0.0152366508	0.0721902476	-0.055930667	-0.0506157295	-0.1338200757	-0.02331795	-0.1599616662	0.0246772659	-0.0044011493	-0.0057244593	-0.0398026966	0.1670993964	-0.0754868091	0.0109928847	0.032893392	0.0606165374	0.0542258703	0.0187977217	-0.148241871	-0.0407245694	-0.0030718918	-0.1269677403	-0.0812405941	0.0711469869	0.1545990534	0.0086720138	-0.046988811	0.0361556506	0.0504443488	0.0164748323	-0.1251139034	0.0432843021	-0.0381729927	-0.0443823608	-0.0406536062	-0.0192590501	0.0472397221	0.0769713044	-0.0058171222	-0.1164712858	-0.0076814556	0.1328996288	-0.0565323526	0.01072393	-0.0389087892	-0.017682947	-0.0484889543	-0.0432656491	-0.0034790576	-0.0380490617	0.1055175054	-0.0625690101	-0.0349609973	-0.0380513837	0.0699113912	0.0972340199	0.0059267068	0.100364248	0.0913846679	0.0770090226	0.0580861624	0.0	0.0	0.0	-0.0586309	-0.0090049999999999	0.00343758243481	8.109002499999998e-05	0.0128476	0.00785503	0.00016506082576	6.17014963009e-05	-0.116053	-0.0458384	0.013468298809	0.00210115891456	-0.00134197	0.00032748	1.072431504e-07	1.8008834809000002e-06	-0.000637849	8.572199999999999e-05	7.348261283999998e-09	4.06851346801e-07	-0.00262156	-0.00027684	7.664038560000023e-08	6.872576833600001e-06	0.0	0.0	0.0	0.0	0.0
57890.91241952917	-58.04535846138606	3369.263638910802	3351357740.765597	98651.75377444402	-245.1735525306576	9732168522.77353	60110.07086050313	54101.59518209762	-184.546866267694	34057.54584922613	2926982601.247568	65748.33852630551	62826.20710742188	1.228361	21.045507	0.04040894	0.022706	0.063117381	-0.0224250971	-0.0704760366	-0.0503439761	0.0486055208	-0.0207756965	0.1137791833	0.0216420568	0.0495985365	-0.0813256858	-0.0940569694	0.0186714764	0.0423744259	-0.0320100973	0.0951364128	0.0883565956	-0.0597962909	-0.0657171445	0.0141917779	-0.0710978258	-0.0547491001	0.1124517987	0.0812920065	0.0992723128	-0.0964415071	0.097290669	0.0560821908	0.1154142547	-0.0045680658	-0.0453058057	-0.031024625	0.0203993668	-0.0643406977	0.0985010227	0.0324049708	-0.1319300881	0.0070529743	0.0177149311	-0.0606293357	-0.0339428148	-0.0701070397	0.0284525987	-0.101050273	0.0546439999	0.0568428175	-0.1094639512	-0.0606366926	-0.0103074652	-0.0130878106	-0.1397001309	-0.0017153791	-0.0026665764	0.0314618474	-0.0930576171	-0.0994798215	-0.0765185635	0.0674912936	-0.0097335726	-0.0339112264	-0.0227777035	0.0025670477	0.0780679782	-0.0350933654	-0.0612027175	0.0291519046	-0.1343631141	0.0522536631	-0.0010631903	-0.0628056487	0.1014153162	0.0863271781	-0.0147155805	-0.1508852402	0.1181222604	-0.1270167441	0.0999310458	0.089706648	0.0734337302	0.0522095028	0.0	0.0	0.0	-0.060792	-0.0021610999999999	0.003695667264	4.670353209999996e-06	-0.00318724	-0.01603484	1.01584988176e-05	0.0002571160938256	-0.114797	0.001256	0.013178351209	1.577536000000018e-06	-0.00153547	-0.0001934999999999	3.744224999999995e-08	2.3576681209e-06	-0.000650239	-1.2390000000000036e-05	1.5351210000000087e-10	4.2281075712100004e-07	-0.00240831	0.00021325	4.547556250000014e-08	5.7999570561e-06	0.0	0.0	0.0	0.0	0.0
57741.86927201675	-149.04314751242055	22213.85982040915	3334123467.0266724	98284.17286953604	-367.5809049079835	9659778636.648844	135115.72165297202	54110.194063780735	8.598881683115906	73.94076620022624	2927913101.620012	65736.55813156012	62422.47942327881	1.283401	21.988499	0.0442478399999999	0.0237561	-0.1111790497	-0.0502745563	0.0002159474	-0.0959340492	-0.0461113026	0.0885984422	0.1007158771	-0.029908033	0.017351148	-0.0873262373	0.0400917152	0.0593146497	0.1084192628	-0.0419402281	-0.0946545679	-0.0483372193	0.0007464189	0.0368069746	0.0085193617	-0.0577285627	0.0012435239	0.0030104912	-0.0457205628	0.015777137	0.0410055102	-0.0319896261	0.0203446736	-0.1302471928	0.0099161699	-0.0627392297	-0.0853891514	-0.1760932553	-0.103185607	-0.0568650036	-0.0332649381	-0.006825965	0.0502733366	-0.0994884782	0.0576235698	0.0514017537	-0.0569692385	0.0512827214	-0.1707821535	-0.1181550994	0.1237294228	0.017664595	-0.0495814751	0.0705190178	0.0565210316	-0.0319964432	-0.0129593889	0.0366862682	0.1303606036	0.0022852561	0.0763812774	-0.015439383	-0.0168262815	0.0169151609	0.0415664812	0.1122036725	-0.0192947587	-0.0235863286	-0.0449953709	-0.0576708972	-0.116460984	0.0387379534	-0.0817354263	0.0143612783	-0.0104678936	-0.0190494047	-0.0103842306	0.0930727353	0.0399331241	-0.0036563865	0.017297239	0.09946964	0.0879273629	0.0696719448	0.0460971633	0.0	0.0	0.0	-0.0643843	-0.0035923	0.00414533808649	1.2904619290000048e-05	0.0128805	0.01606774	0.00016590728025	0.0002581722687076	-0.0984198	0.0163771999999999	0.00968645703204	0.0002682126798399	-0.00153547	0.0	0.0	2.3576681209e-06	-0.000723571	-7.333199999999995e-05	5.377582223999993e-09	5.23554992041e-07	-0.00231743	9.087999999999978e-05	8.259174399999961e-09	5.370481804900001e-06	0.0	0.0	0.0	0.0	0.0
57775.82814575209	33.9588737353406	1153.2051053728055	3338046317.92748	98125.81860501342	-158.35426452261163	9628676276.904	25076.073092497256	54110.78972178884	0.5956580081037828	0.3548084626181661	2927977564.315649	65621.48776552199	62378.10328473772	1.235007	21.159374	0.0655843999999999	0.0394026	0.0095805319	0.1223353275	0.0171769148	-0.0623800881	0.0473348196	0.0485663417	0.0486668467	-0.0026932999	-0.125047862	-0.0824482382	0.0676741306	-0.1006411718	-0.0600621214	-0.0039404433	0.0158791473	-0.0426218115	0.0045799214	0.1134803752	0.0393405603	0.0331955778	0.123638973	-0.0247217113	0.0003374156	-0.0478733839	-0.0217541857	-0.1199923069	0.1534175331	-0.0061030768	0.0114925817	-0.061338663	0.0169961434	-0.0077284764	0.0194770339	-0.020667334	-0.1268272	-0.0903794043	-0.0002023645	-0.071091239	-0.134107903	-0.0270836068	0.0554341771	0.0874134643	-0.0046713929	0.0155870004	0.0644523478	-0.0282409117	0.2644160207	0.0434207155	-0.0737685884	-0.0099873603	0.0902001227	-0.0734394477	0.01348905	0.0801909777	-0.009422109	0.0829704176	0.0279836532	0.0057847225	-0.0933372735	0.0032348495	-0.0559912414	-0.0288558625	0.0459915652	0.052401558	-0.0712266696	0.036296227	0.0127757961	-0.1011172168	0.0089067887	-0.0321549759	-0.0803900552	-0.0500869674	-0.0968958987	0.0282747656	0.0350541539	0.0989801606	0.0860488212	0.0657332198	0.0397767358	0.0	0.0	0.0	-0.0682429	-0.0038585999999999	0.00465709340041	1.4888793959999922e-05	0.0120204	-0.0008600999999999	0.00014449001616	7.397720099999984e-07	-0.124937	-0.0265172	0.015609253969	0.00070316189584	-0.00127376	0.0002617099999999	6.849212409999993e-08	1.6224645376000002e-06	-0.000723571	0.0	0.0	5.23554992041e-07	-0.00274269	-0.0004252599999999	1.8084606759999985e-07	7.5223484361e-06	0.0	0.0	0.0	0.0	0.0
57925.601936392064	149.77379063997068	22432.18836266577	3355375359.693348	98409.97139211082	284.15278709739505	9684522469.39607	80742.80641521752	54072.29974065062	-38.48998113822017	1481.4786480205446	2923813599.242765	65801.9037174434	62800.60136683872	1.189814	20.385088	0.1011897	0.0485219	0.0043437855	-0.0194855208	-0.0466798532	0.0494216351	-0.0558707391	-0.052292372	-0.0100668827	-0.0166956665	1.0789e-05	-0.1163460724	-0.1111994052	-0.002733529	-0.1648608785	0.0098203667	-0.2364619285	0.0437058111	-0.1084896798	-0.1177241118	-0.0818368894	-0.0102824921	0.1857560424	0.0095558569	-0.0089698336	0.0753637072	0.008922265	0.0553462274	-0.1689459486	-0.0540273227	-0.0065812519	-0.0128508971	0.1266578388	0.0726320545	-0.0800626137	-0.0037434322	0.0249030683	0.0189409162	-0.1204886172	-0.0292456561	-0.102928518	0.0511671639	-0.0885800977	0.0160679318	-0.0021792874	-0.0861301003	-0.0414483739	-0.0399766924	-0.0285801062	0.027911329	0.1074673437	-0.1099088779	0.036890474	-0.0432809957	-0.0780948801	-0.0498797175	-0.1227219095	0.0555644791	-0.2604498025	0.0013928999	-0.0552599248	-0.0067206803	0.0914943653	0.0702003849	-0.078980026	-0.0552531782	-0.1079320418	-0.1008325343	-0.0073292938	-0.0409759407	0.1159478937	-0.0452345627	0.0191921597	0.0006536695	-0.0988953548	-0.1962153722	0.0984513437	0.0984627459	0.0840731433	0.061627558	0.0332767512	0.0	0.0	0.0	-0.066894	0.0013489	0.0044748072359999	1.81953121e-06	0.00173205	-0.01028835	2.9999972025e-06	0.0001058501457225	-0.16366	-0.0387229999999999	0.0267845956	0.0014994707289999	-0.00166678	-0.00039302	1.544647204e-07	2.7781555684000004e-06	-0.00113769	-0.000414119	1.71494546161e-07	1.2943385361e-06	-0.00253324	0.0002094499999999	4.3869302499999966e-08	6.4173048976e-06	0.0	0.0	0.0	0.0	0.0
57977.04534213385	51.44340574178932	2646.4239943143625	3361337786.6038446	98232.47907280482	-177.4923193059949	9649619944.789038	31503.52341262125	54242.43765718144	170.13791653082444	28946.910641449784	2942242042.993216	65849.911956893	62972.67781612723	1.106774	18.962355	0.0507318099999999	0.0263143	-0.0441816227	-0.0244315355	0.0644073984	0.0210424041	-0.0451166185	0.0473079701	-0.0675857583	0.0205547964	0.0214279597	0.071177792	0.1370800511	0.0259597292	0.0388241369	0.1218700611	0.070113067	0.0663295454	-0.0306155339	-0.1748994762	0.0955338018	0.0690905981	-0.0211786498	0.1240092421	-0.0479277073	-0.0365076677	-0.0467648875	-0.0786864502	0.0526409791	0.0284652498	0.1437800016	0.0483033351	-0.0962429156	-0.1204823065	0.0430837341	-0.0153634612	0.0733004618	-0.0200715973	0.0249366595	0.0857901197	0.0906821002	0.1035982714	0.0565108136	-0.1330239804	-0.0036356155	-0.0027388558	-0.0255421923	-0.0558143397	-0.0913909268	0.0523849242	0.0141278951	0.1028261972	-0.0566129279	0.0237340049	0.0793379826	-0.0018237426	-0.1219767953	-0.1129332603	0.0373494903	-0.0415307819	-0.0123729353	-0.0500265435	0.0798695566	0.0422758756	-0.1787168708	0.0070354616	0.0110800384	0.1055230987	0.0222164742	0.0103253065	-0.0721294792	-0.1372305342	0.0527137211	-0.1258055729	0.0967436037	0.129462239	0.0355784572	0.0979175418	0.0820025596	0.0573653863	0.0266265514	0.0	0.0	0.0	-0.0612965	0.0055974999999999	0.0037572609122499	3.133200624999998e-05	0.00854586	0.00681381	7.303172313960001e-05	4.642800671610001e-05	-0.146372	0.0172879999999999	0.021424762384	0.0002988749439999	-0.00187162	-0.0002048399999999	4.1959425599999995e-08	3.5029614244000003e-06	-0.00113769	0.0	0.0	1.2943385361e-06	-0.00231743	0.0002158099999999	4.6573956099999945e-08	5.370481804900001e-06	0.0	0.0	0.0	0.0	0.0
57934.97039676161	-42.074945372245566	1770.3010280774486	3356460794.873644	98943.62770202264	711.148629217816	9789841462.836462	505732.3728383788	54339.5379695068	97.10031232535404	9428.4706536813	2952785386.739471	65866.46104186546	62955.30716768973	1.191556	20.414917	0.06641564	0.0358681	0.1118073804	0.0463731491	-0.0305655617	-0.0340655985	0.1069615955	-0.0283398855	-0.0078321043	0.1076025533	-0.0064559158	0.106266837	-0.0208528091	0.0032658884	-0.0033413672	-0.0873928384	0.1052376536	-0.1358433485	-0.0489183404	0.0109572425	-0.0836932805	-0.0338828165	0.0024581186	0.0190083817	0.039175494	0.0116702076	0.036583786	0.0036487453	-0.0121200007	-0.0650771751	0.0001782305	-0.0228468589	0.0296042297	-0.0989187898	-0.087352283	-0.007212689	-0.1147291264	0.0503209212	-0.0236664707	0.0364572672	-0.0808261157	-0.0984676355	0.1131234636	-0.1461423127	-0.0509424843	-0.0599170845	0.0936027781	-0.0398431623	0.1114125944	-0.0376666827	-0.0876295876	-0.0143961912	-0.0984884101	-0.0876702447	-0.0243265979	-0.1083259573	-0.0220654117	-0.0733278298	0.0951187073	-0.0203393694	-0.0345425321	0.0276064347	0.0115452794	-0.0947539231	0.0572342738	-0.0363737552	-0.075003127	-0.0117409459	0.0079316154	0.1067572445	0.0141663673	-0.0079813629	-0.0925315951	0.0425168292	0.0184163326	-0.1062334046	-0.0016580908	0.0973447023	0.0798394074	0.0529575288	0.0198561562	0.0	0.0	0.0	-0.0772382999999999	-0.0159417999999999	0.0059657549868899	0.0002541409872399	0.0168592	0.00831334	0.00028423262464	6.911162195560001e-05	-0.162806	-0.016434	0.026505793636	0.000270076356	-0.0014475	0.00042412	1.7987777440000005e-07	2.09525625e-06	-0.00104728	9.040999999999996e-05	8.173968099999994e-09	1.0967953984e-06	-0.00231743	0.0	0.0	5.370481804900001e-06	0.0	0.0	0.0	0.0	0.0
57868.85109369099	-66.11930307061994	4371.762238544491	3348803926.9037805	98201.9638072757	-741.6638947469473	9643625695.605486	550065.3327712109	54133.75554064596	-205.782428860839	42346.40802786626	2930463488.934417	65737.94789520623	62897.26175216239	1.296289	22.209324	0.05338613	0.0263385	-0.0344837581	-0.1002451742	-0.0621147876	-0.0910056041	-0.0119933127	0.0278644069	0.0865721542	-0.0313094432	0.1045288266	-0.0762251564	-0.0639457788	0.0948217221	0.0241169326	-0.0694477865	0.0264523563	0.0249452966	-0.0579025273	-0.0127087029	0.0024303149	-0.0950227271	-0.0808400691	-0.0111027916	-0.2436802613	0.0271192025	0.0199743791	-0.0183703379	0.0647555475	-0.0524769397	0.0772427612	-0.0596332349	-0.0716243973	-0.0218555065	-0.0339360885	-0.0373627371	0.0081325058	-0.091531326	-0.0237682097	0.0234642425	-0.020639677	-0.0430556731	0.0711900509	-0.0435941637	0.0767308932	0.1882021222	-0.1221960799	-0.0443166898	0.1436418047	0.0198527159	0.0334137416	-0.119506704	-0.0469754889	0.0896018127	0.0499385203	-0.0174713342	-0.0493980301	0.0585239005	0.0362930127	-0.1395755671	-0.0226680916	0.1002998455	0.0504583966	-0.0043316911	-0.0464539628	-0.0856569157	0.0166028433	-0.0571987327	0.0580828402	-0.0878663668	0.0720378467	0.0008466283	0.038351257	0.0053186059	0.0748775553	0.1908336117	-0.0841006565	0.0967443889	0.0775861287	0.0484151798	0.0129961279	0.0	0.0	0.0	-0.0802148	-0.0029765000000001	0.00643441413904	8.85955225000062e-06	0.0085130699999999	-0.0083461300000001	7.24723608248983e-05	6.965788597690168e-05	-0.150105	0.012701	0.0225315110249999	0.000161315401	-0.00174857	-0.00030107	9.064314490000004e-08	3.0574970449000003e-06	-0.00118137	-0.0001340899999999	1.7980128099999973e-08	1.3956350768999998e-06	-0.00246952	-0.0001520899999999	2.3131368099999904e-08	6.098529030399999e-06	0.0	0.0	0.0	0.0	0.0
57742.43503286885	-126.41606082213548	15981.020433785856	3334188803.52508	98419.30184168904	217.3380344133475	9686358975.005495	47235.82120265742	54111.360498556256	-22.395042089701747	501.5379101995128	2928039335.0047145	65756.44359928001	62745.24771683175	1.239152	21.230394	0.06458633	0.0329643	-0.0933349766	0.031972161	0.0615511537	-0.0710886707	-0.0042387975	0.0955829368	0.0694110777	-0.0267792261	-0.0376118231	-0.0770445259	0.0922430657	0.017658666	0.0084611812	-0.0889246202	-0.0248738818	0.0868221942	0.0207741689	-0.034004426	-0.0361234056	0.0549380703	-0.0417289657	-0.006747485	-0.0694969215	-0.0821478521	0.083155773	0.0682514812	0.0010417848	0.03282972	-0.0091994753	-0.0251012047	0.0448569231	-0.0606154052	-0.0041207512	0.0259182152	0.0273742351	0.2147161395	-0.0742230097	0.0565568119	-0.0374781011	0.0499931884	-0.046947512	-0.0367643593	-0.0012606032	0.0221188439	-0.0031867133	0.0768556711	-0.0278647306	0.0801764801	-0.0148998378	0.0009461728	0.0178178844	0.0061914604	0.0852776841	0.0657737672	-0.0367808155	-0.0564515943	-0.0275686336	0.0253322624	0.0273715181	0.0291468611	-0.0058502407	-0.0073553417	0.0476695431	-0.0428956902	0.1274094059	-0.0971832638	0.0086148028	-0.0021648011	0.1020096942	-0.0995512258	-0.0896523555	-0.0287047671	0.0741360786	-0.1797459098	-0.0027803489	0.0961167712	0.0752452669	0.0437498751	0.0060774336	0.0	0.0	0.0	-0.0819407999999999	-0.0017259999999998	0.0067142947046399	2.979075999999635e-06	0.0327404	0.0242273300000001	0.00107193379216	0.0005869635189289	-0.142984	0.0071209999999999	0.020444424256	5.070864099999984e-05	-0.00159493	0.00015364	2.3605249600000012e-08	2.5438017049e-06	-0.00154195	-0.00036058	1.3001793640000009e-07	2.3776098025000003e-06	-0.00258554	-0.00011602	1.3460640400000025e-08	6.6850170916e-06	0.0	0.0	0.0	0.0	0.0
57809.46552794497	67.03049507612013	4493.087270149766	3341934304.626658	98320.68715850268	-98.61468318635887	9666957523.320154	9724.855739945937	54162.13216194346	50.77166338720417	2577.7618031035686	2933536560.3278303	65668.93760843165	62480.649102260046	1.195595	20.484127	0.0888605	0.0541615	0.0201218409	0.0821248447	-0.0400693842	-0.0091727202	0.023320008	-0.0409530682	0.0124214273	-0.0011353252	-0.128782371	-0.0372136975	-0.0322930221	-0.082509453	0.0367867109	0.0824636636	-0.2171666726	0.0073077728	0.0305688606	-0.0105267401	0.1261394261	0.0841172714	-0.0785568289	0.0045680144	0.0216235138	0.0156779311	-0.0553433029	0.1828565524	0.0576652051	0.0645832437	-0.0249251354	0.0334995131	0.1331673367	-0.0359851274	0.0756422385	0.0383788953	-0.0758563363	-0.1281631086	-0.0627953088	0.1624142806	-0.0248752115	0.059770162	-0.086940057	-0.0382183981	-0.0203363993	0.0530471109	0.0984419461	-0.0637302709	-0.0301381767	-0.002686555	-0.0131976569	-0.0199055904	0.0823052451	-0.0791483456	0.0054986523	0.0423999232	0.0696193438	0.0045371653	-0.1447304678	-0.0235843353	-0.1182075483	0.2166549739	-0.053112532	-0.0008276087	-0.1650002013	0.1189345385	0.0994571446	-0.1585149188	0.0709198482	-0.0548835844	-0.0983972649	-0.0415448325	0.0498985102	0.0276465359	-0.0400619071	0.0162983582	-0.0994223067	0.0954620263	0.0728194646	0.0389734627	-0.0008686951	0.0	0.0	0.0	-0.0889878999999999	-0.0070471	0.0079188463464099	4.966161841000001e-05	0.032578	-0.0001624	0.001061326084	2.637376000000001e-08	-0.19038	-0.0473959999999999	0.0362445443999999	0.0022463808159999	-0.00141962	0.00017531	3.0733596100000054e-08	2.0153209444e-06	-0.00126368	0.0002782699999999	7.743419289999998e-08	1.5968871424e-06	-0.00281706	-0.00023152	5.3601510400000114e-08	7.935827043600001e-06	0.0	0.0	0.0	0.0	0.0
58074.054652955856	264.58912501088344	70007.40507402491	3372595823.834504	98250.7687763612	-69.9183821414772	9653213565.145994	4888.580161281638	54106.452034917565	-55.68012702589476	3100.276545619776	2927508151.806835	65694.3341944613	63427.84376213728	1.21428	20.804253	0.0869718	0.0435059	0.0226497514	-0.0653019122	-0.0433406553	0.0781512865	-0.1014152637	-0.0947448714	-0.0053215306	0.014243781	0.0160832243	-0.1098281515	-0.1597791642	-0.0080613678	-0.2140496806	0.1135410127	-0.058547824	0.1157544309	0.0393190443	-0.0666526494	-0.0414893715	0.0886655228	0.0385152284	0.0828569204	0.0472140929	0.103428231	-0.0041503987	-0.0279375525	0.0579557562	-0.1097379753	0.0345459757	-0.0382266485	0.0881797823	-0.0468926234	-0.0469102936	0.0034936965	0.1100815457	-0.1118317614	-0.0224260967	-0.0960865686	0.0761933939	-0.0478216263	-0.0119773183	-0.0318140109	0.053579907	-0.0160952789	0.0539748118	0.0082444653	0.1013443881	-0.0499678556	0.1348193301	-0.0857065168	0.089212241	-0.0141130528	-0.07803874	0.0395812059	-0.2000012708	0.0712218823	-0.275794495	-0.00445203	-0.0446653186	-0.0391635803	0.0649045282	0.0392271038	-0.0493987441	0.0888441612	-0.0196998463	0.002931603	-0.0037375591	0.0195298451	0.0135058854	-0.0323274538	-0.1131902402	0.0032345601	-0.0749553447	0.035855688	-0.0115184781	0.0947803389	0.0703114602	0.034098073	-0.0078109023	0.0	0.0	0.0	-0.0750168999999999	0.0139709999999999	0.0056275352856099	0.0001951888409999	0.0107692	-0.0218088	0.0001159756686399	0.00047562375744	-0.20302	-0.01264	0.0412171204	0.0001597696	-0.00203129	-0.0006116699999999	3.741401888999999e-07	4.1261390641e-06	-0.00122549	3.819000000000001e-05	1.458476100000001e-09	1.5018257401000002e-06	-0.00269588	0.00012118	1.468459240000006e-08	7.267768974399999e-06	0.0	0.0	0.0	0.0	0.0
58111.91635212402	37.861699168162886	1433.508263900466	3376994822.116259	98221.14729318443	-29.621483176772017	9647393775.589432	877.4322655917877	54347.20731650521	240.75528158764791	57963.10561234764	2953618943.1031976	65993.94209750174	63772.421366908486	1.204931	20.644079	0.06969345	0.0328922	-0.0086636948	-0.0082616149	0.1450010695	0.0444007532	-0.0315522066	0.0985311108	-0.1168408257	0.0758400173	-0.0069895027	0.1093164854	0.0583781301	-0.008486137	-0.0908885989	-0.0013341015	-0.0393747745	-0.0185948445	-0.0254654488	0.1326420907	0.0465703915	0.0141904389	0.028501088	0.0126427924	0.0303619393	-0.078279672	-0.1026407428	0.0104829945	0.1871475311	0.1086520369	0.0259999979	0.0583770514	0.1313400446	0.033989356	0.0338329797	-0.0302944521	-0.0476777039	0.0452830279	-0.0020155732	-0.1168264898	-0.0412439197	0.1879236372	-0.0926344714	0.0488160067	0.0703680358	-0.0125913265	-0.040303052	-0.0639672908	-0.0085219915	0.0815922455	-0.0111363221	0.1233818887	-0.079193537	-0.0208556688	-0.0891390586	0.030792889	-0.0905102568	0.0236257236	0.0113346685	-0.0163040612	-0.0333909023	0.0014526334	-0.1860525443	-0.0517218577	-0.0883617423	0.007445511	-0.0283279566	-0.0361160107	-0.034607247	-0.0298448015	0.0251509093	-0.1111941916	0.0666018348	-0.1174010155	-0.0967169089	0.0050217532	0.0298706588	0.0940719014	0.0677240848	0.0291360874	-0.0147178502	0.0	0.0	0.0	-0.0791289	-0.0041120000000001	0.00626138281521	1.6908544000000836e-05	0.0215501	0.0107809	0.0004644068100099	0.0001162278048099	-0.178731	0.024289	0.031944770361	0.000589955521	-0.00167675	0.0003545399999999	1.2569861159999982e-07	2.8114905625e-06	-0.000997669	0.000227821	5.1902408041000016e-08	9.953434335610002e-07	-0.00272375	-2.787000000000015e-05	7.767369000000085e-10	7.418814062500001e-06	0.0	0.0	0.0	0.0	0.0
58031.70753712808	-80.20881499593816	6433.454003052633	3367679079.674768	99129.52254481404	908.375251629608	9826662239.962795	825145.5977731538	54236.73006415332	-110.47725235189137	12205.223287223487	2941622888.0518327	65812.72330006289	63644.631628348216	1.239799	21.24148	0.0857432499999999	0.0600439	0.1427857471	0.0005472641	-0.0198755269	-0.0231086501	0.0961422001	-0.0398277968	0.0014646119	0.1777833076	0.0750358007	0.0442739345	-0.0324412992	-0.0895052108	-0.0052731727	-0.0259190154	0.0195876615	0.0139272417	0.0120772774	-0.0812163827	0.0559272113	0.011388875	-0.0090448818	0.1119862296	-0.0702619623	0.0087362609	0.1256248542	-0.0456223676	-0.0730786114	0.0280801657	0.072783286	-0.0278301711	0.0926594189	0.0070411047	0.0549371459	-0.1217397935	0.0204933645	0.0116499942	-0.0388618227	-0.0333544052	0.0441619217	0.1150472543	0.0138861687	-0.0036313176	0.0677510168	-0.0676582206	0.0618670826	0.1096470174	0.0341802795	-0.0415066017	-0.0552401137	-0.0762935609	-0.1075066946	-0.0837080887	-0.0283474842	-0.0687597833	-0.019223587	-0.0618957771	0.0165964378	-0.0061598416	0.0208222271	-0.0377197482	0.0099646069	-0.0443130704	-0.1164624122	-0.0292673269	0.0650602748	0.0250701476	0.0742222108	-0.1233831738	-0.0389979908	-0.1581670273	-0.0034047217	0.0614576814	0.0499658751	-0.0679915068	0.0209163297	0.0933369139	0.0650602592	0.0241001075	-0.0215583599	0.0	0.0	0.0	-0.0819122	-0.0027833	0.00670960850884	7.746758890000013e-06	0.0195857	-0.0019643999999999	0.00038359964449	3.858867359999992e-06	-0.238799	-0.060068	0.057024962401	0.003608164624	-0.00186296	-0.00018621	3.467416410000001e-08	3.4706199616e-06	-0.00119777	-0.0002001009999999	4.0040410200999944e-08	1.4346529728999997e-06	-0.00275599	-3.2239999999999786e-05	1.039417599999986e-09	7.595480880099999e-06	0.0	0.0	0.0	0.0	0.0
57950.77404953354	-80.93348759454238	6550.229414215946	3358292212.9400897	99001.59348638804	-127.92905842600156	9801315512.84403	16365.843989763323	54194.67734433215	-42.0527198211712	1768.4312443579247	2937063052.4562683	65685.00102061285	63524.90676342773	1.378839	23.623648	0.1236345	0.0610405	-0.0036554698	-0.119098035	-0.039464725	-0.1364947547	0.0406464776	-0.0099207425	0.0576796536	-0.0389930487	0.1096364498	0.0196624385	0.0351772632	0.0142141713	0.088334638	0.0604827701	-0.0065689214	-0.0752113472	-0.0795594496	0.0846741808	-0.0515512709	-0.0247720305	-0.0094468404	-0.0090437	-0.0212304356	0.0360736281	-0.0160213822	-0.0348536091	0.0497189279	-0.0583481551	0.1825832407	-0.0014391952	0.0823199023	0.0026798285	0.044324855	-0.0687801121	0.043664528	0.0209323805	0.0886085809	-0.0211929355	-0.0657611688	0.0398752725	0.0416913217	0.156468013	0.0518522274	-2.43449e-05	-0.0665804594	-0.1016274327	-0.0495112526	-0.0514462038	-0.0190087989	-0.0114697451	-0.0859179113	0.0304659771	0.1638424008	0.0559561571	0.0049512039	0.0818918576	-0.000816052	-0.1134713636	0.0439039264	0.0571127198	-0.0406196711	-0.1048177688	-0.0396187014	-0.0592553884	-0.10815857	0.0026252318	-0.0380649998	0.0211933745	-0.1206270715	-0.1083922667	0.0050928664	0.0687745362	0.0394075587	-0.0126187258	-0.0099146392	0.0925755837	0.0623229904	0.0190029227	-0.0283015527	0.0	0.0	0.0	-0.0715782	0.010334	0.0051234387152399	0.000106791556	0.0344657	0.01488	0.00118788447649	0.0002214144	-0.195536	0.043263	0.0382343272959999	0.001871687169	-0.00207092	-0.0002079599999999	4.3247361599999947e-08	4.2887096464e-06	-0.00154195	-0.00034418	1.1845987240000009e-07	2.3776098025000003e-06	-0.00220498	0.0005510099999999	3.036120200999998e-07	4.8619368004e-06	0.0	0.0	0.0	0.0	0.0
57831.04464615185	-119.729403381687	14335.130034134723	3344429724.8652086	98572.59739862922	-428.9960877588164	9716556957.912245	184037.6433123701	54060.60026429769	-134.0770800344617	17976.663390567446	2922548500.9361835	65885.47346203266	63095.67462444196	1.37658	23.584934	0.1092556	0.0561637	-0.0745503018	0.0646037481	0.1031336857	-0.0467803255	0.0150684708	0.1188699254	0.0150595604	-0.0423946482	-0.0338184325	-0.0800181055	0.0831250934	0.0719014123	0.0184701983	-0.0501371659	0.0935766253	0.0039981855	0.0008203804	0.072418577	-0.0203901555	0.0214271709	-0.0983501894	-0.0072618627	0.0262606157	0.0897415026	-0.0327425856	0.0278895248	-0.0836727696	-0.0709729378	0.0115418688	-0.0847026327	0.1300570743	0.0222864012	0.0002717945	0.1222366875	0.0573126719	-0.0315589203	0.0543533493	-0.0763352813	0.0993263757	0.0877523054	-0.0738462861	0.0719975196	-0.0531092692	-0.0227897074	0.0017727629	0.0403315776	0.0870808477	0.1368947143	-0.0389421515	-0.040139753	0.0212007798	0.0465445841	-0.0053236684	0.0630646454	-0.0757884468	-0.0949021553	0.050867403	0.0127598314	0.003872271	0.0886830259	-0.0212015617	-0.0359131863	0.0631635527	-0.0844255418	-0.0062917397	-0.1159775496	-0.075279262	0.0376287395	-0.1418102737	-0.0459072229	-0.0535212028	-0.0055782716	0.0295997235	-0.1034652288	-0.0171901515	0.0917881257	0.0595153684	0.0138574779	-0.0349169888	0.0	0.0	0.0	-0.0821695	-0.0105913	0.00675182673025	0.00011217563569	0.0495355	0.0150698	0.00245376576025	0.00022709887204	-0.195637	-0.000101	0.038273835769	1.0201000000003585e-08	-0.00148064	0.0005902799999999	3.484304783999999e-07	2.1922948096000003e-06	-0.00108338	0.0004585699999999	2.1028644489999999e-07	1.1737122244000005e-06	-0.002826	-0.0006210199999999	3.8566584039999996e-07	7.986276e-06	0.0	0.0	0.0	0.0	0.0
57902.25410250312	71.20945635126554	5070.786673842793	3352671030.150839	98314.38466377492	-258.2127348542999	9665718231.816702	66673.816440937	54011.11118986354	-49.48907443414646	2449.1684883484886	2917200131.963803	65676.43897873655	62954.19884305246	1.283483	21.989918	0.0992271999999999	0.0465793	0.0295630341	0.0234268663	-0.0352899529	0.0131933439	0.0280315338	-0.0304777032	0.0713126435	-0.0113356006	-0.0967531218	-0.131998374	-0.005083647	-0.0603484132	0.023655996	0.0444954032	-0.072271338	-0.0791586826	0.1301520475	0.0038295082	-0.0209397453	0.0042224413	0.0235664517	0.0412628651	0.0715184289	0.0508515033	-0.1850710383	-0.0647118735	-0.0430014185	-0.1042686147	-0.0785473991	0.0225071467	0.0689045126	0.0361661329	-0.0799115845	-0.0618645446	-0.0216644015	-0.0021561117	-0.0412327782	0.1207959461	0.1003828851	0.080637565	0.0742006409	0.0735905681	0.0353413534	0.0717331146	-0.020798952	-0.0435151867	-0.1007534229	-0.0159571689	0.0094218473	-0.0884669131	0.1003199859	-0.0486936137	0.0226480604	0.0513341277	0.093800733	-0.1445032482	-0.1010348296	0.0041359891	-0.0628296264	0.1383684067	0.0302546653	0.1150493236	-0.037275975	-0.021435039	-0.1085436954	0.0421297081	0.0763399799	0.0300379578	0.0379402087	-0.0811261801	0.0625648903	0.0421907369	-0.1080245039	0.0238253379	-0.0224857137	0.0909747621	0.0566405625	0.0086768406	-0.0413748055	0.0	0.0	0.0	-0.0768391999999999	0.0053303000000001	0.0059042626566399	2.8412098090001143e-05	0.0306586	-0.0188769	0.00093994975396	0.00035633735361	-0.223023	-0.0273859999999999	0.049739258529	0.0007499929959999	-0.00194919	-0.0004685499999999	2.195391024999999e-07	3.7993416561e-06	-0.0015528	-0.0004694199999999	2.203551363999999e-07	2.41118784e-06	-0.00281129	1.470999999999981e-05	2.1638409999999439e-10	7.903351464100001e-06	0.0	0.0	0.0	0.0	0.0
57947.81662318296	45.562520679843146	2075.943290701134	3357949451.39404	97828.63501126342	-485.7496525114984	9570441828.166996	235952.72491504147	54162.0798991128	150.96870924926043	22791.55117238773	2933530898.997879	65926.78119510648	62979.36820061384	1.207596	20.689737	0.0355114	0.0153021	-0.0480435691	-0.0839001876	-0.0320432409	0.0232797884	-0.1301445676	0.0495810763	0.0247595172	0.0575777601	-0.0160847719	-0.0365117016	-0.0017097369	-0.0568297467	0.0226379174	0.0405313437	-0.1006227666	0.0329296368	-0.0174142124	-0.0338859041	-0.0437037625	0.0445365669	-0.0701716054	-0.0309597997	0.0193837576	5.61967e-05	-0.0480703124	-0.0567721046	0.0312619403	0.1698980102	0.0394721741	-0.0651260241	-0.0420932252	-0.0933230604	0.0688762732	-0.0598414211	-0.208592211	-0.0348389556	0.0248341231	-0.0608490992	-0.001275198	-0.0898059392	0.0874183133	0.0240939781	-0.0865891372	-0.1421326957	-0.1022387055	-0.0622834607	0.1195010741	0.0928117734	0.1483920767	0.017041428	-0.0105381292	-0.075777323	0.0223222886	-0.0444732873	-0.031052473	0.0404208468	-0.1367079802	-0.0034457318	-0.0708499413	0.0056803142	-0.0544435387	0.125534851	-0.0082004535	-0.0246754977	0.0668034688	0.1495124899	-0.006258657	0.0002752801	-0.0879758281	-0.1315797384	0.1158756734	0.0205231865	0.0648304851	0.0125929724	0.063720864	0.0901357226	0.0537018181	0.0034741674	-0.0476458513	0.0	0.0	0.0	-0.08343	-0.0065908000000001	0.0069605649	4.3438644640001386e-05	0.0261525	-0.0045061	0.0006839532562499	2.030493721000002e-05	-0.23061	-0.007587	0.0531809721	5.756256900000016e-05	-0.00212482	-0.0001756299999999	3.084589689999999e-08	4.5148600324e-06	-0.0015528	0.0	0.0	2.41118784e-06	-0.00265037	0.00016092	2.5895246400000053e-08	7.0244611369e-06	0.0	0.0	0.0	0.0	0.0
58098.1279410424	150.31131785944308	22593.492276642533	3375392470.253732	98735.16524276264	906.530231499215	9748632855.515644	821797.0606220204	54248.32603797969	86.24613886688894	7438.396469446691	2942880877.922945	65820.48369797991	64008.78517452567	1.25473	21.49728	0.0988532	0.0580503	0.0751781654	0.0349708512	0.096730861	0.0147622499	0.0870919213	0.0236475492	-0.0985451452	0.0618727865	-0.0538969324	0.0518211073	0.0415877486	-0.1102414314	-0.1243689319	0.0024531814	0.0671234599	-0.0697431469	-0.045308943	-0.0184575952	0.0622730092	-0.0359091658	0.0346296044	-0.0951729454	-0.0106842242	0.0865241551	0.0139415087	-0.0362790559	-0.0410386757	-0.0428429652	0.0886072375	-0.0524548029	0.0165426292	-0.0740749631	0.1797636653	-0.0213682385	0.0235189957	-0.1548490413	-0.0973856982	0.0229785762	-0.0814514287	0.020146385	-0.0102160286	-0.0796506263	-0.0674305397	0.0320148444	0.0530491761	0.0048613592	-0.0791980846	-0.0074121429	-0.0893888747	0.0117439983	-0.0341500714	-0.0605901674	-0.0882648305	0.0700669692	-0.0009638344	0.0278265596	0.0268978727	-0.1551405079	0.0400362798	-0.016962579	0.0235715979	-0.0041289545	-0.1562234829	0.0120130916	-0.1008751604	0.0177792621	-0.0173070193	-0.0196314778	0.0171142932	-0.1134150621	0.0927588465	0.040169966	0.0959082992	-0.0589901223	-0.0071012448	0.0892712439	0.0507024524	-0.0017373288	-0.0537018181	0.0	0.0	0.0	-0.0928286	-0.0093985999999999	0.00861714897796	8.833368195999987e-05	0.0281396	0.0019871	0.00079183708816	3.948566410000008e-06	-0.278636	-0.0480259999999999	0.077638020496	0.0023064966759999	-0.00197819	0.00014663	2.1500356900000007e-08	3.913235676099999e-06	-0.00104808	0.00050472	2.547422784e-07	1.0984716864000002e-06	-0.00278785	-0.00013748	1.890075040000004e-08	7.7721076225e-06	0.0	0.0	0.0	0.0	0.0
58103.36421329565	5.236272253248899	27.4185471101443	3376000932.902886	98976.8209715299	241.6557287672622	9796411089.63028	58397.49124603659	54302.87988717865	54.55384919895732	2976.1224624225765	2948802764.041352	65755.85413097458	63644.66564983259	1.302017	22.307451	0.0688894	0.0343918	0.0899556681	-0.110044061	-0.0367522525	-0.048411474	0.0384718183	-0.0869145041	0.0307813525	0.0711379884	0.1135639747	0.0974459161	-0.0875685957	0.0761972668	-0.0216032484	0.0255478875	-0.0030214466	0.0072027188	-0.0735612656	0.1021937164	-0.0181663344	-0.0099142694	-0.1489571757	0.0487858763	0.1424407623	0.0902367931	0.0380202325	0.0094135551	0.0734610318	-0.1367111105	-0.0396153888	0.069247355	-0.0221491148	-0.1035610101	-0.065316443	0.0760449341	-0.0918510601	-0.0141903242	0.0948340057	0.1131721512	0.0047944559	-0.0661885554	-0.0633832679	0.0574110477	0.0106162439	-0.0185818189	-0.0804440701	-0.1272720177	0.0305616897	-0.1216771889	-0.0104131922	-0.0402482809	-0.1263534755	0.013426774	0.0536438852	0.0112816812	-0.1222279914	-0.0113440098	-0.0186219588	0.0111497203	0.0350903273	0.0320234253	-0.0339659794	-0.1269854978	-0.0489180791	0.04456484	-0.1195944188	-0.0004207376	0.0027197957	0.1469392892	-0.0772295114	0.1371564291	0.0197365221	0.0152303314	0.0266975496	0.0234882601	-0.0869673402	0.0883815699	0.0476458513	-0.0069444129	-0.0595153684	0.0	0.0	0.0	-0.107302	-0.0144733999999999	0.011513719204	0.0002094793075599	0.0326951	0.0045554999999999	0.0010689695640099	2.075258024999997e-05	-0.270169	0.008467	0.072991288561	7.169008900000004e-05	-0.00239628	-0.00041809	1.7479924810000026e-07	5.742157838400001e-06	-0.00145382	-0.0004057399999999	1.6462494759999994e-07	2.1135925924e-06	-0.00279189	-4.03999999999986e-06	1.6321599999998867e-11	7.7946497721e-06	0.0	0.0	0.0	0.0	0.0
57891.70982052956	-211.6543927660896	44797.58197718212	3351450065.944399	98757.36349094134	-219.45748058856407	9753016843.681911	48161.585786279975	54189.20618421665	-113.67370296199806	12921.710745092569	2936470066.875544	66122.394407909	63541.44070689174	1.48769	25.488588	0.1097816	0.0597538	-0.0787103371	-0.0029593721	0.111567825	-0.0978271437	0.0014483429	0.1565422275	-0.0249942789	-0.0201835273	0.0377295795	0.0295137145	0.0942241679	0.1206913712	0.0118267209	-0.070334171	-0.0008896712	-0.0070804253	0.0067452479	-0.1839096791	-3.52356e-05	0.0079220332	-0.083244031	0.0914403571	0.1859199669	0.0152601449	-0.0945486752	0.0173747394	-0.0335017555	-0.0797762317	0.0151645378	-0.0637818271	0.0185878696	0.0208276869	0.1185942684	0.0477233948	0.1329782719	0.1108453803	-0.1232388703	-0.1187962425	-0.0299977767	0.0461816059	-0.1471486763	-0.0320487258	0.0823881939	-0.0654877554	-0.0152977411	0.0464310774	0.0630522283	0.1693779445	-0.0273569645	0.0313299324	-0.0829006298	0.0394207982	-0.0210320966	-0.0573510387	-0.0674524232	-0.1055024566	-0.0152512797	0.0176918778	0.0533851521	0.0287639352	0.0540059932	0.0102683678	-0.0831328284	0.0148373498	0.0328623037	-0.1459120414	0.0154481868	0.0838172389	-0.0961375383	-0.077721748	0.046117765	0.1147400946	-0.0487819127	0.0403440854	0.0997298438	0.0874669519	0.0445354653	-0.0121338609	-0.0650602592	0.0	0.0	0.0	-0.114682	-0.00738	0.013151961124	5.446440000000017e-05	0.0430022	0.0103071	0.0018491892048399	0.00010623631041	-0.21642	0.0537489999999999	0.0468376164	0.0028889550009999	-0.00174225	0.00065403	4.277552409000002e-07	3.0354350625000003e-06	-0.00150226	-4.844000000000007e-05	2.346433600000007e-09	2.2567851076e-06	-0.00272745	6.443999999999981e-05	4.152513599999976e-09	7.438983502500001e-06	0.0	0.0	0.0	0.0	0.0
57843.36810982686	-48.34171070270531	2336.9209936640536	3345855234.2889347	99139.07360165835	381.7101107170165	9828555914.595032	145702.608623597	54105.54733926742	-83.65884494923375	6998.802338239934	2927410252.881708	65736.86408567727	63025.45264746094	1.321077	22.63401	0.1099399999999999	0.062716	0.0949872798	0.0841089686	-0.0333753004	-0.0880766072	0.1371127661	-0.0045810654	0.0584452462	0.0207927175	-0.0517729217	-0.0429058186	0.0299112637	-0.0879582164	-0.0155570635	0.0257770067	0.0297181349	0.0401593154	0.0455496641	-0.1530706559	-0.1133212165	0.0117455149	-0.1623315868	0.0362861236	-0.0635425174	0.0255987649	-0.0514109164	0.0366303808	-0.0266706136	-0.0368485744	0.0130510535	0.0087712823	0.0253705464	-0.0246978459	-0.0651872105	-0.0691930964	0.0712538108	0.0416121268	0.0614621218	-0.0513892648	0.0180236243	-0.0331994573	-0.016522167	-0.0020544244	-0.1903444871	0.0282765744	-4.30752e-05	-0.000529728	-0.0996430179	-0.0032211257	-0.132440243	-0.0835286008	0.0250400424	-0.0661023505	0.0100261672	-0.0096947839	0.0424876438	-0.1098672568	-0.0802723438	0.0395547695	-0.0136012739	0.0452003222	0.0225457765	0.0902543288	-0.003229445	-0.0270453578	0.0276290793	0.0178366852	-0.020240432	0.1431968663	-0.0031948179	-0.0320821214	-0.0412695172	0.0723300679	0.1195112157	0.0654609248	-0.075283954	0.0865276478	0.0413748055	-0.0172924936	-0.0703114602	0.0	0.0	0.0	-0.0951795	0.0195025	0.00905913722025	0.00038034750625	0.0312617	-0.0117404999999999	0.00097729388689	0.0001378393402499	-0.275839	-0.059419	0.076087153921	0.003530617561	-0.00192551	-0.0001832599999999	3.358422759999999e-08	3.707588760100001e-06	-0.00139717	0.0001050899999999	1.1043908099999992e-08	1.9520840089000004e-06	-0.00282466	-9.720999999999992e-05	9.449784099999984e-09	7.9787041156e-06	0.0	0.0	0.0	0.0	0.0
57838.84025299286	-4.5278568339999765	20.50148750920029	3345331441.811227	98485.044292801	-654.0293088573526	9699303949.354977	427754.3368444263	54069.17556294244	-36.3717763249806	1322.9061130344194	2923475746.056292	65703.83234705716	63316.6916813616	1.306118	22.377708	0.0373033999999999	0.023186	-0.015810414	-0.0534242559	-0.0602391619	-0.1081730716	-0.016428236	-0.0122686268	0.1448490465	-0.0501983626	0.0483868515	-0.0994224634	-0.0620742561	0.0144291336	-0.1137741159	0.0855646783	0.0953334137	0.0740192673	-0.0980172996	-0.0668314154	-0.0334837833	-0.0112000348	-0.0227106612	0.136236509	-0.0527584005	-0.2223811205	0.0392738603	-0.0532800183	0.1104952585	-0.0047027765	-0.058617202	0.0298237242	0.0540137689	-0.1282141261	0.0362614204	0.05156295	0.0107144476	0.0019473079	0.1628347172	-0.0298798793	-0.0109683068	0.0128087318	-0.0407635472	0.0681685504	0.0667295381	0.0773910319	0.0939007977	-0.2004852112	-0.0873316005	-0.0072056036	0.0078647006	-0.1489189807	0.0367280607	0.0816882455	0.0348636178	0.0332614753	-0.1307380154	0.0541016894	0.039990357	-0.0157867281	-0.0900313242	-0.0174131613	0.0843692736	-0.1216657099	-0.1037490474	0.075963669	0.0567694117	-0.0220532219	0.0596922656	0.1157847301	-0.0217708912	-0.061328693	0.027075696	-0.093749375	0.053067609	0.0649272843	0.052453278	0.0855639229	0.0381674398	-0.0224072101	-0.0752452669	0.0	0.0	0.0	-0.0956031	-0.0004235999999999	0.0091399527296099	1.794369599999968e-07	0.0290534	-0.0022083	0.00084410005156	4.876588890000015e-06	-0.256022	0.0198169999999999	0.065547264484	0.0003927134889999	-0.00206094	-0.0001354299999999	1.834128489999993e-08	4.247473683599999e-06	-0.001464	-6.682999999999993e-05	4.46624889999999e-09	2.143296e-06	-0.00272983	9.483000000000016e-05	8.992728900000033e-09	7.451971828899999e-06	0.0	0.0	0.0	0.0	0.0
57693.03951660953	-145.80073638332397	21257.854729919527	3328486808.665069	98221.99826854868	-263.0460242523259	9647560943.86678	69193.21087495521	54184.38085209808	115.205289155645	13272.258649435777	2935947128.3252134	65983.22356707581	62412.40066043527	1.418007	24.294718	0.0845162	0.0459977	-0.1131536675	0.050189036	0.0176874029	-0.0851237076	-0.0460801324	0.0925783708	0.0051279275	-0.0434844418	-0.0508988186	0.0239306642	0.1406581235	0.0618430916	-0.023310372	0.0911764854	0.0129988719	0.0703770084	0.021107318	0.0607734764	-0.0954192789	0.076083133	-0.087788101	0.0866118697	-0.1036243173	0.0368434726	0.0205944058	0.027436163	0.0255476684	0.0257727197	-0.0617094031	-0.1490148197	0.034384445	0.1841120226	-0.1029466116	-0.0579433041	-0.0701140293	-0.0167260872	0.0242485819	-0.012389499	0.1183044263	-0.0097244529	-0.072638038	0.0164220755	0.0253178846	0.0630098897	-0.0535007017	0.009284892	-0.0122783922	0.1180786821	-0.0032960029	0.1270977946	0.0072922836	0.0053262724	0.1150045493	-0.0382763823	-0.1104119548	-0.136600988	-0.0945963011	0.0362576547	-0.0675346187	0.0429026668	0.010518961	-0.0208006309	0.0395274822	0.0481278177	0.0800753304	0.0631753386	0.0057583829	-0.0147082786	0.0063889567	0.0593984673	-0.0024438732	0.1018411324	0.0193215347	-0.0541819351	0.0381267555	0.0845760492	0.0349169888	-0.027465021	-0.0798394074	0.0	0.0	0.0	-0.113652	-0.0180489	0.012916777104	0.00032576279121	0.0250791	-0.0039743	0.00062896125681	1.579506049e-05	-0.218092	0.03793	0.047564120464	0.0014386849	-0.00220656	-0.00014562	2.1205184400000112e-08	4.8689070336000005e-06	-0.0017175	-0.0002535	6.426225000000003e-08	2.94980625e-06	-0.00282197	-9.21400000000001e-05	8.489779600000021e-09	7.9635146809e-06	0.0	0.0	0.0	0.0	0.0
57751.43298569319	58.39346908365405	3409.797231623662	3335228011.901011	98517.94469540835	295.94642685967847	9705785427.00754	87584.28757101102	54178.34524031296	-6.035611785118817	36.42860962066516	2935293092.9785423	65810.68436429238	62428.07108454241	1.393023	23.866657	0.1064498	0.0677859	0.0285517103	0.1445381769	-0.0533837467	0.0011192189	0.0656929871	-0.0329102774	0.0042609513	0.0025713105	-0.1157827103	0.0024855115	0.0450432356	-0.140457739	-0.0315427692	0.0330338821	0.0555259362	-0.028274159	0.0019063751	-0.0221309742	-0.0997504613	0.0671273083	0.0376758039	-0.0430690946	-0.1166733708	-0.0971269453	0.0508356142	-0.041927376	0.0605657088	-0.0866148517	0.0052230399	0.0832471383	0.0525029111	0.0209642971	0.0386315352	0.0619271588	-0.0563065788	0.135292856	-0.1801003784	0.0099762615	0.0689218173	-0.0049363083	0.0569830695	-0.1956105286	-0.0500808302	-0.0132194266	0.0174662281	-0.0338954992	0.072266994	-0.0071275303	-0.0707164183	-0.025209623	0.0673935948	-0.1092081868	-0.0584360833	-0.0087934474	0.0668235477	-0.0356400321	0.0118497842	-0.0845856877	-0.1293046433	-0.0215679197	0.0059552183	-0.068718766	-0.0018219991	0.0094750496	0.0739271664	0.0505528026	-0.0128857697	0.0891388885	0.0095979522	-0.0525184386	-0.0689329009	-0.022422701	0.11879492	-0.0490868578	0.1451212264	0.0835643053	0.0316271219	-0.0324530815	-0.0840731433	0.0	0.0	0.0	-0.125084	-0.0114319999999999	0.015646007056	0.0001306906239999	0.0234438	-0.0016352999999999	0.00054961175844	2.674206089999997e-06	-0.274624	-0.0565319999999999	0.075418341376	0.0031958670239999	-0.00171717	0.00048939	2.3950257210000013e-07	2.9486728089000003e-06	-0.0015528	0.0001647	2.7126090000000016e-08	2.41118784e-06	-0.00273905	8.292000000000022e-05	6.875726400000036e-09	7.502394902499999e-06	0.0	0.0	0.0	0.0	0.0
57863.66332878562	112.2303430924294	12595.649910644412	3348203533.8270493	98168.58640481211	-349.3582905962394	9637071356.719065	122051.21520832644	54220.886015799646	42.54077548668283	1809.717579008355	2939904480.3383374	65750.93502165921	62663.58562995257	1.290095	22.103188	0.0604838	0.0353429	0.0116831768	-0.0437362222	-0.1217523757	0.0386893272	-0.0610992563	-0.1100866165	0.0641325507	0.0001437246	0.0042338783	0.0214827269	-0.1651298798	0.1275695125	-0.144675758	-0.0392117248	0.1497850768	-0.0350279433	0.0679698624	-0.0332805831	0.0080095887	0.0043804543	0.0430564473	0.1225934035	0.0160970081	-0.0121496897	0.008506516	-0.0692003723	0.0393168774	0.1388319642	0.1026593791	-0.0697345301	0.0633284253	0.0260218727	0.027993841	0.27578312	-0.0769659032	0.1581022069	0.0864800493	0.040713891	0.0445878184	0.0085375292	0.0802243933	0.0387704495	-0.0071746417	0.0573089512	-0.0643672407	-0.0866619966	0.0188847712	-0.0810213034	0.0966865474	-0.0591435299	-0.0177388468	0.0143960226	-0.0486999763	-0.0326113234	-0.2201493074	-0.072565987	0.0458791467	-0.032495499	-0.0269872002	0.0372081609	0.1249807998	-0.11799159	0.0400657233	0.1027548238	0.038271036	0.1273102025	0.0282492061	0.0108534323	-0.02817912	-0.0086318853	0.0766687296	-0.0781346873	-0.0792545601	-0.0378882706	0.0122067232	0.0825289769	0.0283015527	-0.0373587237	-0.0879273629	0.0	0.0	0.0	-0.135646	-0.0105619999999999	0.0183998373159999	0.0001115558439999	0.0157685	-0.0076752999999999	0.00024864559225	5.891023009e-05	-0.274946	-0.000322	0.075595302916	1.0368400000002864e-07	-0.00229824	-0.0005810699999999	3.376423448999999e-07	5.2819070976e-06	-0.00163069	-7.788999999999995e-05	6.0668520999999916e-09	2.6591498761e-06	-0.00291858	-0.00017953	3.223102090000008e-08	8.5181092164e-06	0.0	0.0	0.0	0.0	0.0
57856.192008371385	-7.471320414231741	55.82062873211595	3347338953.709537	97970.4568395322	-198.12956527991628	9598210413.346642	39255.324638008606	54101.148195906295	-119.73781989335112	14337.14551281259	2926934236.115415	65961.93705204177	62982.74671142578	1.344259	23.031193	0.0745276	0.0399195	-0.1281550917	-0.0276272027	0.047054816	0.0553609288	-0.1256234821	0.0733455027	-0.0344894651	0.0356007542	0.003274501	-0.0307249662	0.0850751741	0.0461991846	-0.0260641474	-0.0801978078	-0.0742243721	0.0541083056	-0.0197665763	0.1383120378	-0.0219266697	-0.0412048368	-0.1525519497	0.0722662325	0.0142826169	-8.21598e-05	0.05318652	0.020255845	0.0178715529	-0.0037782867	0.0245651325	-0.0083123174	-0.1245017175	0.115785483	0.0025672877	-0.0899806969	-0.1255548046	-0.0207482154	0.0344619421	-0.1181352039	-0.1013031397	0.0400345987	-0.0749521164	-0.0335809076	0.0341171485	0.1202867175	0.1205394602	0.0731269658	0.0294059313	0.1270978031	0.1124266521	0.059071825	-0.0253244779	-0.0081980103	-0.0196211187	0.005979648	-0.0136719019	-0.0384165792	-0.0380349299	-0.0368459549	0.0375095824	0.0476133189	-0.1062967001	0.0020377271	0.0136894491	-0.1401685499	0.0393488586	0.0846160378	-0.0810329359	0.0493644597	-0.0772179838	0.1232838766	0.0357300311	0.0931196855	0.0200288632	-0.0460536025	-0.0101303452	0.0814703562	0.0249440353	-0.0421694894	-0.0913846679	0.0	0.0	0.0	-0.135784	-0.0001379999999999	0.0184372946559999	1.9043999999999793e-08	0.0365786	0.0208101	0.00133799397796	0.00043306026201	-0.270109	0.004837	0.0729588718809999	2.3396569000000343e-05	-0.00194021	0.00035803	1.2818548090000006e-07	3.7644148441e-06	-0.00216072	-0.00053003	2.809318009000001e-07	4.6687109184e-06	-0.00283179	8.679000000000022e-05	7.532504100000037e-09	8.019034604099999e-06	0.0	0.0	0.0	0.0	0.0
57940.03833429271	83.84632592132402	7030.206370504893	3357048042.1793084	98379.80611939223	409.3492798600346	9678586252.089205	167566.83292192893	54173.29724175671	72.14904585041222	5205.484817124885	2934746134.043725	65672.4161992811	63305.49741106306	1.220364	20.908491	0.0943305999999999	0.0495731	0.0548651686	0.0608750254	0.0200726606	0.031456435	0.0300601315	-0.0418235187	-0.0793508222	0.0370052477	-0.0769026667	0.023106706	-0.0352718246	-0.034664034	-0.0036129386	-0.0900002806	0.0208601182	0.0170607279	0.1152077443	0.0145988077	-0.0588558371	0.0188314427	0.0131076539	-0.0964480586	-0.0461922007	0.0055026768	0.0415617236	0.0329760955	-0.0331877928	0.0259067251	-0.0102418016	-0.1235393288	0.0191334246	-0.0438779931	-0.0300641076	0.0075684329	0.1749714255	-0.0533511926	0.0038071328	-0.0090389469	0.0707123696	-0.0134097501	0.0383421373	0.0308545699	0.0446906788	0.0442502794	0.0034000296	-0.0612733884	0.0628681543	-0.0463362931	-0.0238385718	0.0396095496	0.0218030993	-0.0866322491	-0.037881097	0.0785198695	0.0166326079	0.0610107129	-0.0170952208	-0.1032415063	0.0455524299	0.0063127814	0.062111462	0.0207629852	0.0677729305	0.0287038427	0.0159143537	-0.1091879967	-0.0088326547	-0.108725904	0.012744215	-0.0484487884	-0.0196493298	0.0561964561	0.0707325027	0.0691321597	-0.0490769897	0.080388742	0.0215583599	-0.046873161	-0.0944294516	0.0	0.0	0.0	-0.135669	0.0001149999999999	0.018406077561	1.3224999999994532e-08	0.0459502	0.0093715999999999	0.0021114208800399	8.782688655999989e-05	-0.303861	-0.033752	0.092331507321	0.001139197504	-0.00182862	0.0001115899999999	1.2452328099999992e-08	3.3438511044e-06	-0.00163811	0.00052261	2.731212121000002e-07	2.6834043721e-06	-0.00321943	-0.00038764	1.5026476960000022e-07	1.03647295249e-05	0.0	0.0	0.0	0.0	0.0
58030.87208659093	90.83375229821831	8250.770556574082	3367582115.130278	98518.46562260351	138.65950321128184	9705888068.63211	19226.45783079948	54234.46196063478	61.16471887806984	3741.122835433313	2941376864.1595407	65693.74647868234	63239.80576422991	1.065179	18.249702	0.0780216999999999	0.0399347	0.0314794735	-0.033379143	-0.0409008236	0.086477854	-0.0696849819	-0.1449766515	-0.0069678425	0.0821555835	0.022092245	0.0429088208	-0.0811707808	0.001066255	0.0440589304	0.0438340564	0.0946745402	0.1451500843	-0.0177771411	0.0768823471	0.0058093958	0.0228677861	-0.0073993241	-0.1131940127	0.0157073857	0.0367057226	0.1761284932	0.0115580457	0.0407195513	-0.0743160585	-0.0175037859	-0.0320227242	0.1572760965	-0.0502612734	0.1350075288	0.130729051	-0.0168549485	-0.0265794957	-0.041825693	-0.0503305167	-0.0058489896	0.0309133329	0.1890612986	0.0151468861	0.0987402202	0.0506847605	-0.0521949656	-0.1193587649	-0.0767034462	-0.1223487872	0.0729684687	0.0033420122	-0.0222366778	-0.0407487081	-0.0104865842	0.0925169063	-0.0978568892	0.0484680283	0.0324679738	-0.0055429179	0.0463909615	-0.0457584956	0.0120346601	-0.1487001926	0.0122027112	-0.0782377766	0.101000449	-0.021399972	-0.060490761	0.0107564148	-0.0053881578	-0.0398130782	-0.1490073964	-0.0853252297	0.1183969096	-0.0832252226	0.0517874106	0.0792844395	0.0181483484	-0.051457793	-0.0970479694	0.0	0.0	0.0	-0.14824	-0.0125709999999999	0.0219750976	0.0001580300409999	0.0278635	-0.0180866999999999	0.00077637463225	0.0003271287168899	-0.303752	0.0001089999999999	0.092265277504	1.188099999999351e-08	-0.00230572	-0.0004770999999999	2.2762440999999985e-07	5.3163447184e-06	-0.0020525	-0.00041439	1.7171907210000013e-07	4.21275625e-06	-0.00327304	-5.360999999999994e-05	2.874032099999994e-09	1.07127908416e-05	0.0	0.0	0.0	0.0	0.0
58242.292472602494	211.42038601156676	44698.57962127988	3392164632.464169	98669.33853168137	150.87290907785064	9735638366.27954	22762.634693613385	54403.21475788236	168.75279724758002	28477.50657888285	2959709775.9922686	65970.07133853444	63889.4945405971	1.233056	21.125952	0.0389905	0.0202081	0.0186818275	-0.0276789809	0.0934875654	0.1187009868	-0.0390801492	-0.0099322223	-0.1831179688	0.0597713071	-0.011104019	0.1923633399	0.033041234	-0.0041356178	0.0247740345	-0.0340200188	-0.0610211896	-0.0868987566	0.1710693174	0.0861096162	0.0815384265	0.1489716822	0.0176523807	0.004201905	-0.0650276292	0.1310362664	-0.0045459315	0.1422539821	0.0522382071	0.0363601653	-0.0938799888	-0.0462694373	-0.0686205831	-0.0404530864	0.0098226728	-0.0614472567	0.0074383929	0.0023525557	0.034635111	0.0017805642	0.0432844082	0.0981803691	0.1012856911	-0.0900510674	-0.0694980748	0.006105082	-0.0447206312	0.0766613362	-0.1634286332	-0.0361374296	0.0267942675	0.1877251327	-0.0923965973	-0.0837254617	-0.0642617929	0.0438339711	0.0678917395	-0.0481794165	-0.0809556069	-0.0694128203	0.0192829788	0.1208386946	-0.0708889781	-0.0203838185	0.0462100565	0.1467150999	-0.0101825544	0.0307666366	-0.0863446487	-0.1922803021	-0.0732170933	0.080546354	-0.0493014499	0.0323553924	0.0379973487	-0.005035676	0.0268366011	0.0781577603	0.0147178502	-0.0559117423	-0.0992284011	0.0	0.0	0.0	-0.151183	-0.002943	0.022856299489	8.661249000000007e-06	0.0380445	0.010181	0.00144738398025	0.000103652761	-0.291024	0.012728	0.084694968576	0.000162001984	-0.00205328	0.0002524399999999	6.37259535999998e-08	4.215958758400001e-06	-0.0020525	0.0	0.0	4.21275625e-06	-0.00326271	1.0330000000000237e-05	1.0670890000000486e-10	1.0645276544099998e-05	0.0	0.0	0.0	0.0	0.0
58304.30969633357	62.01722373107623	3846.1360393103646	3399392529.165977	98794.77839819786	125.43986651649176	9760408238.749022	15735.160111675268	54310.72956932284	-92.48518855951988	8553.510102889948	2949655346.352118	66039.42219893954	64973.74464955357	1.305508	22.367262	0.0634938	0.0344505	0.0827515512	-0.1991711319	0.0367215337	0.0566234557	-0.0359819443	-0.0096798125	-0.1069061325	0.0708906324	0.1881521277	0.0881432761	-0.0801332328	-0.0203810293	-0.0267531083	-0.094590682	-0.1230450119	0.0090103316	-0.1234712505	-0.0749170135	-0.0150362627	0.1833474203	0.0790168274	-0.047555877	-0.1569953822	-0.0388376127	0.0153509428	0.0933417153	-0.0691390817	0.0208033849	0.0401996249	-0.0170234009	-0.0018801126	-0.009881035	0.0103267603	-0.0216087232	0.0854663045	-0.0853627269	-0.1056592189	0.0443160611	-0.1003188157	-0.0886020249	0.1884147037	0.0267831847	-0.0602961152	-0.0399399756	-0.0493473699	-0.0044935249	0.0025285312	-0.0107606331	0.0465536356	-0.023569142	-0.1778181427	0.0468917422	-0.1094287061	-0.0517104921	0.0940583716	0.203352605	-0.0279393255	0.0066968171	-0.0137164295	0.044827931	0.0310736677	0.0609843702	0.0167676424	0.0895893611	0.030188119	-0.0073988466	0.0359102524	0.0365076109	0.0601616946	-0.1302661964	-0.1640572546	-0.0790367163	-0.0058932333	0.033761724	0.034249313	0.0770090226	0.0112707377	-0.0602236975	-0.1009609038	0.0	0.0	0.0	-0.154647	-0.0034639999999999	0.023915694609	1.1999295999999964e-05	0.0498028	0.0117583	0.00248031888784	0.0001382576188899	-0.316491	-0.025467	0.100166553081	0.000648568089	-0.001822	0.00023128	5.349043840000007e-08	3.319684e-06	-0.0018588	0.0001937	3.751969e-08	3.4551374400000005e-06	-0.0032316	3.110999999999999e-05	9.678320999999996e-10	1.044323856e-05	0.0	0.0	0.0	0.0	0.0
58137.1420981981	-167.16759813547105	27945.005866382344	3379927291.346077	99957.72450752492	1162.9461093270656	9991546688.722248	1352443.6531989593	54150.05494946908	-160.6746198537585	25816.3334651498	2932228451.0305204	66033.81651400395	65060.50801116072	1.403575	24.047441	0.0492514	0.0236344	0.0353346348	-0.0083547241	0.2047917598	-0.0065030181	0.158569424	0.0945345052	-0.1110245392	-0.030711242	0.1354087702	0.000913632	-0.0180555416	0.0106223441	-0.166713548	-0.019769784	0.0006122455	-0.0267872582	0.1267976093	0.0137028621	0.1454066664	-0.0246923355	-0.022328736	0.0558716446	-0.0427911512	-0.0082519566	0.1150899355	-0.0129520257	-0.0856707668	0.0763935888	-0.0909953987	-0.0037585811	-0.0909977941	0.1503181719	-0.0269864517	-0.1082018643	-0.0541316071	0.2203562233	0.0133471461	0.018709637	-0.0595214248	-0.106180856	0.0969596104	0.000720658	-0.0813976595	0.0047627313	0.0206834046	0.0880200135	-0.0892735135	0.0258062887	-0.159503522	-0.0343819092	-0.0524663559	0.1454748067	-0.0802877291	0.013373345	-0.0506398819	-0.0104606678	-0.1009730785	0.0130790007	0.1542484807	-0.015946519	-0.05268444	0.0205815453	0.1616432093	0.0101975429	0.1503071381	0.1265168553	0.0682534044	-0.1936949585	-0.0500978448	0.0392186582	-0.0208834178	0.1948352253	-0.1675142362	-0.0762362961	0.0901050638	0.0758385504	0.0078109023	-0.064382708	-0.102237657	0.0	0.0	0.0	-0.156002	-0.0013549999999999	0.024336624004	1.8360249999999868e-06	0.0401684	-0.0096344	0.00161350035856	9.282166336000004e-05	-0.298242	0.018249	0.088948290564	0.000333026001	-0.00168827	0.00013373	1.7883712900000022e-08	2.8502555929e-06	-0.00162988	0.00022892	5.240436640000004e-08	2.6565088144e-06	-0.00319399	3.760999999999999e-05	1.4145120999999991e-09	1.02015721201e-05	0.0	0.0	0.0	0.0	0.0
57928.363332352674	-208.77876584542537	43588.57306793895	3355695278.3650618	100204.1251198236	246.4006122986757	10040866691.029264	60713.26174116229	54140.12733880169	-9.927610667386034	98.55745356319696	2931153388.2616625	65795.24486372853	63850.479352120536	1.361475	23.326149	0.0429526999999999	0.0203037	0.1220263915	0.019984425	-0.0260369338	-0.0647846877	0.1761753864	-0.0526271329	0.0027123115	-0.0415077868	0.0076677044	-0.0043131756	0.0526602902	-0.0969149237	0.1390426922	0.0669590837	-0.1193420955	0.1169589026	0.0966747603	-0.0679691372	0.1397877006	-0.2026599401	0.0073225673	-0.0936256038	-0.0498267794	0.0428839334	-0.0421444982	-0.0253346147	0.0487494835	0.0098893765	0.0407840494	-0.00974542	0.0428353924	0.0265061007	-0.0201094404	0.1521115158	0.0316022654	0.0639760209	-0.1347290136	-0.0077491983	0.0399778664	-0.0496098201	-0.0054857281	-0.0277246924	-0.1188431948	0.0288370805	-0.0611550093	-0.0293090614	-0.0345330558	-0.0945814711	-0.1438722708	0.0075553521	0.0362889092	0.0054866135	0.1198744113	0.001627133	0.1570240133	-0.0159051514	-0.1252428875	0.0541511834	0.07289828	0.0584341597	0.0957336542	0.0382920699	-0.0372327176	-0.1478088711	0.1457838279	0.0599136541	-0.2268758212	-0.0580960716	-0.0098242673	-0.0147820599	0.071695108	-0.0790179604	-0.0829669602	0.0864076737	-0.0153993376	0.0746466742	0.0043422496	-0.0683782115	-0.1030528971	0.0	0.0	0.0	-0.160707	-0.0047049999999999	0.0258267398489999	2.213702499999988e-05	0.0320747	-0.0080937	0.00102878638009	6.550797969000003e-05	-0.291752	0.0064899999999999	0.085119229504	4.212009999999994e-05	-0.00189976	-0.0002114899999999	4.4728020099999983e-08	3.6090880576e-06	-0.00185245	-0.00022257	4.9537404900000034e-08	3.4315710025e-06	-0.00315477	3.921999999999997e-05	1.5382083999999972e-09	9.9525737529e-06	0.0	0.0	0.0	0.0	0.0
57747.53323859553	-180.83009375714028	32699.52280821614	3334777595.142696	98536.83466137844	-1667.2904584451608	9709507785.083832	2779857.4728222745	54056.15588033253	-83.971458469161	7051.205837438032	2922067988.5588093	65852.15904482565	63239.07132728794	1.32903	22.770273	0.0936129	0.0462498	-0.0397025989	-0.0436967959	-0.0745342908	-0.123700708	-0.0596564877	0.0369112167	0.1613211573	0.0475245804	0.0470129928	-0.0644778017	0.0302933746	-0.0539023929	0.0751092868	0.0116919926	-0.0113021194	0.03343174	-0.1001897579	0.0177557746	-0.0220739305	0.029061612	-0.0396164071	0.0267635545	0.0724888557	-0.121062885	0.1083759464	-0.1035122786	0.0569793074	0.1246401089	-0.0503622537	-0.0926080896	0.0196196531	0.0060035539	-0.0079718159	0.0758287207	0.1143359633	-0.016140884	-0.0739562958	0.0060693102	-0.0496651833	-0.1020845472	0.0320224318	0.135051219	0.0105402475	-0.114534307	0.052409101	0.1345301003	0.1024666668	0.062934818	0.0313381466	-0.0506462617	0.0091597702	0.0092413148	0.1128232113	-0.0596761487	0.012953939	0.1447663001	0.0541503755	0.1321441286	-0.0927186297	-0.0369287597	-0.0235332777	0.0161292988	0.1166063641	0.0991585426	0.1159337299	0.0587609702	-0.012979616	-0.035606832	-0.0064367529	-0.0582984939	-0.0383415678	0.0163506493	-0.0085165226	-0.0082589707	0.020770458	0.0734337302	0.0008686951	-0.072200061	-0.1034029441	0.0	0.0	0.0	-0.163824	-0.003117	0.0268383029759999	9.715689000000052e-06	0.0435291	0.0114544	0.00189478254681	0.00013120327936	-0.250202	0.04155	0.0626010408039999	0.0017264025	-0.0015349	0.0003648599999999	1.331228195999999e-07	2.35591801e-06	-0.00202772	-0.00017527	3.0719572900000064e-08	4.1116483984000005e-06	-0.00294507	0.0002096999999999	4.397408999999989e-08	8.673437304900001e-06	0.0	0.0	0.0	0.0	0.0
57773.14819230216	25.61495370662305	656.1258533924422	3337736652.049706	98285.25261814609	-251.5820432323526	9659990882.212791	63293.52447696533	54130.984131950914	74.82825161838264	5599.267240263984	2930163443.0935216	66013.91491097762	62974.716578125	1.181058	20.235064	0.106623	0.0719744	-0.1215446522	0.0409943025	0.0511687136	-0.0095507306	-0.037030507	0.1034900525	0.0175996013	-0.0684394685	-0.0128424336	-0.0149677141	0.0264998878	0.130273233	-0.0979687197	0.030199086	-0.0393356554	0.019061151	-0.0017969949	0.0223888707	0.0298551544	0.042618004	-0.0611151216	0.0271785303	0.0321488333	-0.1499102265	-0.0245169801	-0.0131409689	-0.0882498624	-0.0713396826	-0.0729359947	-0.0017658829	0.0014200814	0.0052675633	0.0192422212	0.0558773425	-0.0259409488	-0.0128102344	0.0250153881	0.0081433509	0.0839704156	0.1109478006	-0.0056885462	-0.1231947438	0.0878289105	0.1530314611	-0.0269647337	0.1238108577	-0.0343516543	0.118996853	0.0077269427	-0.0110104867	0.005477533	0.1111480902	-0.0942634668	0.0289348181	0.0208743804	-0.0560911774	-0.0328284159	0.1028802984	-0.0432548096	0.0391187945	-0.0149808623	-0.067010043	-0.0196474201	0.1064106149	0.0008718331	0.0013877286	0.0073407109	0.1026717017	0.0720351437	0.0420069966	-0.004842148	0.0401769373	0.0700273949	-0.0841476833	-0.0668518355	0.072200061	-0.00260584	-0.0758385504	-0.1032862179	0.0	0.0	0.0	-0.167537	-0.0037129999999999	0.0280686463689999	1.3786368999999957e-05	0.0530191	0.0094899999999999	0.0028110249648099	9.006009999999997e-05	-0.320152	-0.06995	0.102497303104	0.0048930025	-0.00158448	-4.958000000000002e-05	2.458176400000002e-09	2.5105768704e-06	-0.00183838	0.00018934	3.584963560000012e-08	3.3796410244e-06	-0.00317555	-0.0002304799999999	5.3121030399999966e-08	1.00841178025e-05	0.0	0.0	0.0	0.0	0.0
57872.983937381614	99.8357450794574	9967.175995570404	3349282269.81643	98566.8077430023	281.5551248562115	9715415588.645975	79273.28833279683	54122.77754895911	-8.2065829918065	67.3480044014077	2929275049.614112	65706.54282168958	63053.88846679688	1.248919	21.397726	0.0893928999999999	0.0551701	0.0282285717	0.1091074153	-0.0033861914	0.0628887056	0.040841973	-0.0494055529	0.0042782086	-0.056897386	-0.087193809	-0.0003527988	-0.0445189982	0.0468506435	-0.01139046	0.0072951997	0.0056881512	-0.053105448	0.010379962	0.0293208979	0.0559893314	-0.0843836838	-0.0369337897	-0.0498296631	0.0692814629	-0.0505191066	-0.0039847996	0.1017816899	-0.0808062424	-0.0677771431	-0.0273354552	0.0049885613	-0.0709207106	0.0260647008	0.0144948821	-0.0487764045	-0.0201151241	-0.0639490591	-0.0247740719	0.012237436	0.0252321273	0.0666833757	-0.0792239628	0.0329949794	-0.0449824201	0.0609523958	0.1468053794	-0.0680234475	-0.0162983615	-0.0648006098	-0.0266641437	0.0079261852	0.1127319477	0.0211139947	-0.05057417	0.0461272494	0.0268641155	-0.0324657619	0.097891802	0.0411429098	-0.0472091157	0.0737377261	0.039415337	0.000413569	-0.0141747469	0.0150116386	-0.0575073005	-0.1312175573	-0.042405966	0.0041798952	0.0015737018	0.0698077941	0.015900514	0.0590250586	0.0028048144	-0.0477612291	-0.0884103075	0.0709460145	-0.0060774336	-0.0792844395	-0.1027032453	0.0	0.0	0.0	-0.159123	0.008414	0.0253201291289999	7.079539600000009e-05	0.0206652	-0.0323539	0.00042705049104	0.00104677484521	-0.277478	0.0426739999999999	0.076994040484	0.0018210702759999	-0.00166174	-7.726e-05	5.969107600000001e-09	2.7613798276e-06	-0.00184715	-8.770000000000175e-06	7.691290000000308e-11	3.4119631225000005e-06	-0.00320854	-3.29900000000001e-05	1.0883401000000066e-09	1.0294728931600002e-05	0.0	0.0	0.0	0.0	0.0
57791.067436213154	-81.91650116845994	6710.313163682299	3339807475.4169364	98415.55759921396	-151.2501437883329	9685621977.5642	22876.605995991387	54117.667629645584	-5.109919313523278	26.11127539071821	2928721949.6727896	65781.75743163384	62446.39263016184	1.368053	23.438852	0.0518629999999999	0.0297372	0.0041841969	0.0087505144	-0.1236634342	0.0621974365	-0.0603636761	-0.1079382002	0.0378984182	0.0633193064	-0.0187618628	0.0191507267	-0.0022152169	-0.0767393374	0.0686075499	0.0584500438	-0.029852277	-0.1196568803	0.0049229959	-0.0615008924	-0.0533866722	-0.017216237	0.0321908986	0.0952459143	0.0663358814	0.0377887391	0.1470462545	-0.0376368743	-0.0387366264	0.0147328191	0.0958853222	0.0738192874	0.0670758984	0.0513249629	-0.0540773444	-0.0366045617	0.1851982914	0.1597966898	0.0757896641	0.0212263696	0.1438467999	-0.029666983	0.0881202864	0.0905838012	0.0213153755	-0.075125496	-0.0800416816	-0.0336317351	0.0106474213	-0.0553743133	0.0751526543	0.0637121924	0.0460934363	-0.1134910119	0.0873643286	-0.1490342238	-0.0361408826	0.016505095	0.0144441156	0.0756776269	0.0270386181	-0.0951231963	-0.0517472928	0.0123850513	-0.0054284661	0.0296354152	-0.0536680606	0.036604843	0.076448915	-0.0610764726	0.0060451082	0.040899926	0.1066657212	-0.040973113	0.0385183137	-0.0730384728	-0.0068588213	0.0696719448	-0.0095421666	-0.0825289769	-0.1016566579	0.0	0.0	0.0	-0.154785	0.0043379999999999	0.023958396225	1.8818243999999837e-05	0.0441782	0.023513	0.00195171335524	0.000552861169	-0.260795	0.016683	0.068014032025	0.000278322489	-0.00166776	-6.01999999999981e-06	3.6240399999997706e-11	2.7814234175999995e-06	-0.00193545	-8.829999999999992e-05	7.796889999999987e-09	3.7459667025e-06	-0.00315628	5.226000000000016e-05	2.731107600000016e-09	9.9621034384e-06	0.0	0.0	0.0	0.0	0.0
58044.48789281409	253.4204566009357	64221.92782382674	3369162574.7390413	98035.01697301572	-380.5406261982425	9610864552.89948	144811.16818735056	54254.59608298016	136.92845333457808	18749.40133259973	2943561196.1273265	65963.48273429368	63142.54774192551	1.352401	23.170679	0.0949268	0.0635634	-0.1010692225	-0.0328993289	0.0617324765	0.1561363684	-0.1081987102	0.042492953	-0.081685662	-0.0568197422	0.0415496505	0.093148041	0.0273061251	0.1117935672	-0.0438721	-0.0089248033	-0.061741767	0.0783320625	0.0163470801	-0.1009974422	0.0102277042	-0.0087329624	0.023597432	-0.1148039956	-0.0434807789	-0.0972661793	-0.0143983444	0.02541205	-0.0541517816	0.0507866863	0.0425978701	-0.0163965133	-0.0197892679	-0.0608128414	-0.0416140149	-0.0812193329	-0.1035252795	-0.1330303914	-0.0720147345	0.0564180064	-0.0772722627	0.1029068373	-0.0572117803	0.0538477132	0.0509963405	-0.0312467761	0.005947857	-0.0743070078	0.005107193	0.0244298826	0.0798177169	0.0979417275	-0.0430746718	0.0873105309	-0.1263853765	0.0055131114	0.0559075324	-0.0307787834	0.0102475826	0.096238274	-0.0448969802	-0.0112690283	0.1100562138	0.0877793957	-0.0626718946	-0.0408841089	0.0270079416	0.0283971867	-0.0823746284	0.0135076544	0.0817942921	-0.0358185274	-0.021323565	-0.0613583615	0.0516642258	-0.0038463102	-0.0387590869	0.0683782115	-0.0129961279	-0.0855639229	-0.1001511802	0.0	0.0	0.0	-0.155002	-0.0002169999999999	0.024025620004	4.708899999999782e-08	0.051277	0.0070988	0.002629330729	5.039296144000004e-05	-0.319062	-0.058267	0.101800559844	0.003395043289	-0.0014758	0.0001919599999999	3.6848641599999966e-08	2.17798564e-06	-0.00161456	0.00032089	1.029703921000001e-07	2.6068039936e-06	-0.00308225	7.40300000000001e-05	5.480440900000015e-09	9.5002650625e-06	0.0	0.0	0.0	0.0	0.0
58151.38672286064	106.89883004654985	11427.359865321148	3381583777.7916927	98599.03835554064	564.021382524923	9721770364.637377	318120.1199453255	54190.708675833645	-63.88740714651794	4081.600791904952	2936632906.789072	65702.1211256018	64165.88596456473	1.32398	22.683754	0.09357	0.0524923	0.1220854651	0.0209299915	0.0583182594	0.1005788844	0.0555257695	-0.0682815682	-0.0911563689	0.0087778934	-0.053589292	0.0397025947	-0.0791613746	-0.0310503758	0.022502417	-0.0703585983	0.0889474997	0.0217607955	0.0877743775	-0.0722712613	-0.0682858144	-0.0313947625	0.036028086	-0.1620218811	-0.1768145771	0.0831727571	-0.0242514886	0.1172712243	-0.0997223613	0.0575585694	0.0294545947	-0.0392449372	-0.0292570203	0.135499569	0.0323953428	0.0078886746	0.0974949021	-0.07590096	0.0820527246	0.0102650443	0.1289064295	0.0153538436	-0.064599416	-0.0713851277	0.0546544868	0.0902992861	0.0491048838	-0.0263619716	0.1117607711	-0.1256402252	-0.0442215269	0.0064103349	0.0138502433	-0.0132693643	-0.0644695916	0.0642886098	0.0424835977	-0.0160435505	0.0806636636	-0.0950175025	0.0410607384	0.0605456082	0.1570607081	0.1160547352	0.0767597744	-0.0736897801	0.0457110828	-0.0898708891	0.0511078029	-0.1668263074	0.1394343554	-0.0205519225	0.057112119	0.0823323301	0.1209670785	-0.0706025739	-0.0583010329	0.0670651796	-0.0164354186	-0.0883815699	-0.0981936081	0.0	0.0	0.0	-0.151166	0.003836	0.022851159556	1.4714896000000049e-05	0.0395395	-0.0117375	0.0015633720602499	0.00013776890625	-0.303185	0.015877	0.0919211442249999	0.000252079129	-0.00221379	-0.00073799	5.446292401000003e-07	4.900866164100001e-06	-0.00207225	-0.0004576899999999	2.094801361e-07	4.2942200625e-06	-0.00303554	4.670999999999972e-05	2.1818240999999742e-09	9.2145030916e-06	0.0	0.0	0.0	0.0	0.0
57982.028474499886	-169.35824836075335	28682.21628782261	3361915626.0177155	99021.32518333012	422.2868277894741	9805222841.062807	178326.1649244969	54207.7373046875	17.02862885385548	289.9742006423594	2938478783.694009	65974.73981352468	63752.308531808034	1.363971	23.368906	0.0718496	0.0420948	0.0725124351	-0.0982655298	-0.0391538748	-0.0087478283	0.0307274452	-0.0370268781	0.0336945708	0.0495690341	0.1180280771	0.0783836121	0.0362233501	0.0599941194	0.0232171372	0.0645474142	-0.1503895975	-0.0235699228	-0.1543023444	0.0389330627	0.0373664816	-0.0942041733	0.0343525129	-0.0514064794	0.0995519782	0.1115466196	0.1726993128	0.0162889292	-0.0400893036	0.0681381719	0.0239530608	0.0199495054	0.1824719287	0.035807628	-0.1600374438	-0.039210468	-0.0211717239	-0.0508188357	0.0330988006	0.0086225641	0.0408793534	-0.226695176	-0.0274781425	-0.1122717371	0.0157421031	-0.0653294456	0.0385367064	0.0565886108	-0.000821143	-0.0394642106	-0.0123317147	0.0518205588	-0.0794675008	0.0142440533	0.0849596618	-0.1835129563	-0.0440527782	0.0943685654	-0.0381793371	0.1399559427	0.0233333004	-0.0673832616	-0.0064602244	-0.0790145719	-0.0564089034	-0.0171587326	-0.0921138933	-0.0695262597	-0.106389678	-0.1240968759	-0.0212767284	0.1090987484	-0.0058710886	-0.0492734609	-0.1188366734	-0.0872531516	-0.1032506733	0.0657332198	-0.0198561562	-0.0909747621	-0.0957927783	0.0	0.0	0.0	-0.153573	-0.0024069999999999	0.0235846663289999	5.793648999999964e-06	0.0548081	0.0152686	0.0030039278256099	0.00023313014596	-0.264027	0.0391579999999999	0.069710256729	0.0015333489639999	-0.00205773	0.00015606	2.435472360000013e-08	4.2342527529e-06	-0.00219409	-0.00012184	1.4844985600000057e-08	4.8140309281e-06	-0.00301312	2.2419999999999992e-05	5.026563999999997e-10	9.078892134400002e-06	0.0	0.0	0.0	0.0	0.0
57826.36558913521	-155.6628853646762	24230.93388005632	3343888557.2483206	99080.82217575728	59.49699242715724	9817009323.024036	3539.892107877206	54137.24504441831	-70.49226026918768	4969.158757858896	2930841300.999395	65939.36452008154	63572.823482142856	1.29758	22.231436	0.0897651	0.0472537	-0.0837365043	-0.0615408801	0.0209343747	-0.0576114282	0.0329039295	0.0578721626	0.0570045475	-0.1103194017	0.1112862099	0.0142584569	-0.018831125	0.0373850869	0.0399727476	0.1343246513	0.1314294191	0.0793265971	-0.0688604647	0.1605510001	-0.1362414108	0.138044678	-0.0120191243	0.006978483	0.0123043599	-0.0785252476	-0.1718859413	-0.0217360936	-0.0593892505	0.0252193036	0.0140121326	0.0018199359	-0.023329249	-0.0393538487	-0.0377043643	-0.1086309018	0.0295227429	0.0522374449	0.0068279724	0.04925975	-0.142672095	-0.0256114289	-0.0034348411	-0.0506077676	-0.1577893007	0.1267202241	0.0325936972	0.0823794036	0.0415488221	0.017697315	-0.0398962409	-0.0140916506	-0.0196794256	0.1815449474	0.0398271136	-0.0445685755	0.0357573109	0.0088429752	0.058975452	-0.0077611338	-0.1521451419	-0.0910481836	-0.1289726959	0.1185680627	0.0550651308	-0.0539350269	-0.0452333254	0.0822979443	0.0431306727	0.0944947357	-0.0750171042	-0.0362384474	-0.1489347371	0.072351767	0.0937284988	-0.0288854883	-0.0182148386	0.064382708	-0.0232544792	-0.0933369139	-0.0929595284	0.0	0.0	0.0	-0.146887	0.0066859999999999	0.0215757907689999	4.470259599999997e-05	0.0599177	0.0051095999999999	0.0035901307732899	2.6108012159999988e-05	-0.259333	0.004694	0.067253604889	2.2033636000000292e-05	-0.00251777	-0.00046004	2.116368016000001e-07	6.3391657729e-06	-0.00146269	0.0007314	5.349459600000001e-07	2.1394620361e-06	-0.00273905	0.00027407	7.511436490000021e-08	7.502394902499999e-06	0.0	0.0	0.0	0.0	0.0
57864.5985257015	38.23293656628812	1461.757438481811	3348311762.540616	98824.93789541794	-255.8842803393345	9766368350.033213	65476.764924779134	54062.58378062127	-74.66126379703928	5574.304311771089	2922762965.0366945	65919.10649546214	63600.68698688616	1.167509	20.00293	0.0821222999999999	0.0412708	-0.0399743561	0.087330009	0.0733652553	-0.0092911333	0.0726443673	0.0643589849	0.0401915111	-0.0960597373	-0.0438330554	-0.0557134173	-0.0155852417	0.0176815981	-0.0768191104	0.0298527059	0.0506968408	-0.0412174378	0.0342685919	0.1916401818	-0.021764595	0.0916120116	0.0045764116	-0.0141255659	-0.0983989363	0.0153855639	-0.1178349865	0.1289489909	-0.110088995	-0.0383395562	0.0602866711	0.1021167455	-0.0666987953	-0.0104239253	-0.0330521188	-0.072457635	0.0995280507	-0.0957141839	0.0496871412	0.078528127	-0.0794557878	-0.1950781777	-0.0910136644	0.0142900437	0.1397572768	-0.1269296414	0.0248025396	-0.0458561706	-0.0588537015	0.0276759468	-0.1094451685	-0.0121871506	0.0884217188	0.1047636032	-0.0416849748	0.0265352478	-0.0647883879	0.0562793854	0.0482779501	0.0417116836	-0.00740492	0.0738303613	-0.1166892992	0.0361036832	0.1937147711	-0.0570175303	-0.0498669709	0.0745419733	0.1048604925	-0.0202845912	0.1161262959	0.0067514336	-0.1634572379	-0.026542513	-0.098923567	0.0286275545	-0.1077477782	0.0630140253	-0.0266265514	-0.0954620263	-0.089706648	0.0	0.0	0.0	-0.143377	0.0035099999999999	0.020556964129	1.2320099999999898e-05	0.0391169	-0.0208007999999999	0.00153013186561	0.0004326732806399	-0.278701	-0.0193679999999999	0.0776742474009999	0.0003751194239999	-0.00209224	0.0004255299999999	1.8107578089999992e-07	4.3774682176e-06	-0.00180603	-0.0003433399999999	1.1788235559999994e-07	3.2617443609e-06	-0.00273905	0.0	0.0	7.502394902499999e-06	0.0	0.0	0.0	0.0	0.0
57670.02561332032	-194.5729123811761	37858.618232492845	3325831854.241022	99147.23647191336	322.298576495421	9830174500.017508	103876.37241097474	54110.69501269094	48.11123206967022	2314.6906512616647	2927967314.7564564	65915.3170168557	62729.28177197266	1.307504	22.401464	0.0734574999999999	0.0362976	0.0502408382	0.0935618333	-0.0827553423	-0.0289190527	0.0643240406	-0.0466165282	0.0259831135	-0.0149325687	-0.1119319739	-0.0030025666	0.0426452864	-0.0768034555	0.0522028912	-0.0212313576	0.0910035709	-0.0758044933	0.0011738387	-0.1242790055	0.0327924082	0.0449757194	0.0803577159	0.0425790326	0.008389567	-0.0186819243	-0.0341513569	0.0121171498	0.1534808536	-0.0503671093	-0.0269098026	-0.0500013597	0.0450870926	0.1085995788	-0.0962430837	-0.014061882	-0.0367447443	0.0314963331	0.0460624072	0.0328512594	-0.0886007581	-0.0549946031	-0.0850051852	-0.0702249162	-0.0250270936	0.0407284124	0.037673506	0.1071325239	-0.0475026636	0.0035708718	-0.0584438866	0.0435375486	0.0905889357	-0.0704136507	0.0580709279	-0.126402824	0.0770904817	-0.0827724191	0.0206053438	-0.0428153504	-0.044307933	-0.0025682831	0.0664551597	0.0273636979	0.010250256	0.1270970696	0.0877386039	-0.0272704512	0.0713470468	0.0976284912	0.0428949763	0.0274939167	-0.0699648798	-0.0157492866	-0.1775332666	0.0600418437	0.1216396193	0.061627558	-0.0299685663	-0.0973447023	-0.0860488212	0.0	0.0	0.0	-0.145637	-0.0022599999999999	0.0212101357689999	5.107599999999929e-06	0.0547834	0.0156665	0.00300122091556	0.00024543922225	-0.254886	0.0238149999999999	0.064966872996	0.0005671542249999	-0.00238075	-0.00028851	8.323802010000005e-08	5.6679705625000005e-06	-0.0019145	-0.00010847	1.1765740900000013e-08	3.66531025e-06	-0.00297639	-0.00023734	5.633027560000018e-08	8.858897432100002e-06	0.0	0.0	0.0	0.0	0.0
57674.03311659844	4.007503278116928	16.060082524117927	3326294095.934493	97874.95005751534	-1272.286414398026	9579505848.761122	1618712.7202617854	54121.00562069206	10.310608001120272	106.30863735276536	2929083249.394982	65812.47560559073	62424.610656040735	1.308618	22.420547	0.0812185	0.0403109	-0.0993357952	-0.0143273091	-0.1314117778	0.0391038454	-0.1003327223	-0.0627476993	0.084128908	-0.0775398979	0.0287145214	-0.0051021341	-0.0417035497	0.1322281817	0.0019950366	0.0187708306	0.0829468154	0.0264816681	-0.0393065807	-0.0776279605	0.1345113676	-0.0741982085	0.0508596943	0.0373928927	-0.0567011965	0.0434550959	0.0381944342	-0.0405568786	-0.0069167521	0.096577792	-0.0053563371	-0.0810124754	-0.1207631539	-0.0029115264	-0.0326939334	-0.0746633526	-0.0293543392	-0.0947621799	-0.0396866723	-0.0466316227	-0.0194075091	0.1064147193	-0.0369740942	-0.0130611798	0.0318614846	-0.0420777828	-0.0510736957	-0.0503978991	0.0217512068	-0.0118785223	0.0935804496	-0.019444688	0.0515918985	0.0676204129	-0.0132225522	-0.0483432318	-0.036340272	0.0371279925	0.0891560055	-0.0053240407	-0.1111292967	-0.0259547484	0.1583558727	-0.0461679895	-0.012454674	0.0113948928	0.0352251745	0.0377206814	-0.0352758032	-0.1032959455	-0.0596643647	0.021872496	0.0885331929	0.0432505305	-0.0642074684	0.0609984651	-0.0346239645	0.0602236975	-0.0332767512	-0.0989801606	-0.0820025596	0.0	0.0	0.0	-0.149337	-0.0037	0.022301539569	1.3690000000000064e-05	0.0469979	-0.0077855	0.00220880260441	6.061401025000001e-05	-0.283642	-0.028756	0.080452784164	0.000826907536	-0.00220424	0.0001765099999999	3.115578009999998e-08	4.8586739776000006e-06	-0.00150881	0.00040569	1.645843761e-07	2.2765076161e-06	-0.00273905	0.00023734	5.633027560000018e-08	7.502394902499999e-06	0.0	0.0	0.0	0.0	0.0
57894.82741413269	220.7942975342521	48750.12182364384	3351811041.31221	98039.97020585698	165.02014834164584	9611835757.965324	27231.6493586988	54132.09499289773	11.089372205664404	122.9741759157622	2930283708.320103	65965.25265860838	62989.45688420759	1.193483	20.447941	0.0658950999999999	0.0318914	-0.0917226566	0.0366751356	0.0352385236	0.1139666442	-0.0467002676	0.0386181819	-0.0504942037	-0.0683367743	-0.0319894124	-0.0019156287	-0.0372616604	0.0654344789	-0.0669171787	-0.0139514658	0.1176238048	-0.0275130792	0.0080305181	0.1191032681	-0.0025332856	-0.057808509	0.0816013571	-0.0239542138	0.0046467822	-0.0239064578	-0.0541200982	-0.0700128369	-0.0578269106	-0.021694654	0.0520056168	0.0249626408	0.0178143571	-0.0301010018	-0.0567659763	0.0419537835	0.0037843007	-0.0011052153	-0.088115515	-0.0378860803	-0.12877005	-0.060053158	0.0294808333	0.0258382566	-0.0985002231	0.0156564867	-0.0866026118	-0.0439848258	-0.034866444	0.0285719004	0.0262509847	0.032836067	0.040133663	0.0889760956	-0.0861946369	-0.0284792909	-0.0821777695	-0.0310275223	0.1009251191	-0.09903495	0.0093394978	-0.0064946537	-0.074018052	-0.0127005143	0.0206102049	-0.0781316998	-0.0447183111	0.1301689294	0.036344445	0.0306858578	0.1111424298	0.0163539742	-0.0278783393	-0.0700956264	-0.0961626422	-0.015796726	-0.0174626948	0.0588028399	-0.0365473717	-0.100364248	-0.0775861287	0.0	0.0	0.0	-0.145633	0.0037039999999999	0.021208970689	1.371961599999989e-05	0.0280863	-0.0189116	0.00078884024769	0.00035764861456	-0.294193	-0.0105509999999999	0.0865495212489999	0.0001113236009999	-0.00248291	-0.0002786699999999	7.765696889999999e-08	6.1648420681e-06	-0.00151555	-6.740000000000088e-06	4.542760000000119e-11	2.2968918025000003e-06	-0.00310821	-0.00036916	1.3627910560000024e-07	9.6609694041e-06	0.0	0.0	0.0	0.0	0.0
57792.48286842494	-102.34454570775416	10474.406036126578	3339971076.09719	98714.1811074099	674.2109015529131	9744489551.70652	454560.3397727919	54151.44288783066	19.347894932929197	374.3410383356672	2932378766.8339853	65950.64275364873	63002.295073939735	1.211831	20.762295	0.0712056999999999	0.0414617	0.0565838595	0.1093181388	-0.0070609832	0.0184469861	0.0638731153	-0.0068348362	-0.0730628884	0.0515570884	-0.0983089193	0.0630043255	0.0413713061	-0.0793445108	0.0631819423	0.0147260202	0.0631027659	-0.0647505	-0.0554761819	-0.1125028021	-0.0466128112	-0.0578664981	0.017203344	-0.1532047154	0.0450003893	0.1386562849	-0.0451651776	0.0723214495	0.1507670672	0.0323384842	-0.0272648739	0.0586042901	-0.0045874732	-0.0412623164	0.0510510399	-0.0097580656	0.1361260993	-0.0523213661	0.0881683419	-0.094880787	0.0455840136	0.0485894099	0.0736540592	-0.0694603277	-0.0272625436	-0.0621263952	0.0008334001	0.0366045036	0.067466552	0.0044849752	-0.0625399666	0.1015195459	0.0218508671	-0.0913892947	0.0019795827	-0.1094816534	0.034574759	0.0023514157	0.0829923471	-0.1082423828	0.0018375925	-0.0121934262	0.0458254916	0.0772932102	-0.0304854442	-0.0349994064	0.0132429038	-0.1099803805	-0.0276299596	-0.0640635807	0.0218834795	0.0244383498	0.0136330088	-0.0074788692	0.0834008672	0.0690107584	0.0852702964	0.0573653863	-0.0397767358	-0.1014934492	-0.0728194646	0.0	0.0	0.0	-0.148047	-0.0024139999999999	0.021917914209	5.827395999999998e-06	0.0632275	0.0351412	0.00399771675625	0.00123490393744	-0.289594	0.0045989999999999	0.083864684836	2.115080099999967e-05	-0.0025192	-3.629000000000002e-05	1.3169641000000015e-09	6.3463686400000005e-06	-0.00192443	-0.0004088799999999	1.6718285439999992e-07	3.7034308249e-06	-0.00297235	0.00013586	1.8457939600000066e-08	8.834864522499999e-06	0.0	0.0	0.0	0.0	0.0
57734.93252865659	-57.55033976834966	3312.0416074524883	3333322434.0885286	98678.6380487922	-35.54305861769535	9737473607.16454	1263.3090159009278	54098.02232704219	-53.42056078846508	2853.756314954093	2926596019.6971555	65820.56711512187	62812.657956891744	1.04037	17.824648	0.0726668999999999	0.0355918	0.0400794207	0.0031009889	-0.1033213081	-0.00586323	0.023870041	-0.0805530094	0.0425413226	-0.0138419108	0.0687784007	0.0169695477	-0.0165763301	-0.0377759641	0.0104265907	0.0810266697	0.0056307268	-0.1297098492	-0.1561643705	0.0027150883	0.0077460376	-0.1063347989	0.0021232987	0.0624064407	0.0175662658	-0.0090056102	-0.0026529118	-0.0065766058	-0.0340422316	-0.0015618708	-0.072220121	0.0675702284	0.1033291273	-0.0078338152	0.1221231367	0.0630606561	0.036746209	-0.0005439234	0.1214800837	0.1554895046	-0.0699898275	0.0291735304	0.0681514576	-0.021652363	-0.0018444268	-0.0445448452	0.0663686624	0.0867006533	0.0718428568	-0.0643605095	-0.0215189936	-0.0197004778	0.0138204788	0.0170365441	0.0233931359	-0.1289902682	-0.0448923159	0.0674084626	0.084919868	0.0445925088	-0.0283376731	-0.0567342234	-0.0150017042	-0.0720011119	-0.0189831357	-0.0182614661	-0.1328065511	-0.068466865	0.0387836158	0.0025950429	-0.0660690376	0.0161138176	0.099297057	-0.0269716609	0.0454036323	-0.0382633622	0.0557288679	0.0559117423	-0.0429611979	-0.1023648966	-0.0677240848	0.0	0.0	0.0	-0.153073	-0.0050259999999999	0.0234313433289999	2.5260675999999747e-05	0.0683179	0.0050903999999999	0.00466733546041	2.591217215999995e-05	-0.307325	-0.0177309999999999	0.094448655625	0.0003143883609999	-0.0023347	0.0001845	3.404025000000007e-08	5.45082409e-06	-0.00151555	0.0004088799999999	1.6718285439999992e-07	2.2968918025000003e-06	-0.00327536	-0.00030301	9.181506010000017e-08	1.07279831296e-05	0.0	0.0	0.0	0.0	0.0
57675.04843795085	-59.884090705738345	3586.1043196530977	3326411212.319977	98436.12993673312	-242.50811205907667	9689671676.921408	58810.18441445768	54085.62900230533	-12.393324736862269	153.59449803332222	2925255264.5750117	65609.97969820762	62746.2494296875	1.094099	18.745188	0.0557436	0.0303414	-0.0628550468	-0.0478799199	-0.0798095173	-0.0504151656	-0.0153915566	-0.0522737343	0.0271443114	-0.1060623164	0.0660440134	0.0047865079	-0.0029614421	0.0163409699	0.1877706702	0.0446226892	0.0131132824	-0.0637034589	-0.0554232266	0.0831130428	0.0058318127	0.073418432	0.206495859	0.08201771	0.0301003397	-0.108578446	-0.2223185406	0.0091421859	-0.0437582126	-0.0146824449	-0.0819021928	0.0100038619	0.0852174039	-0.0383840856	-0.1128625469	0.0574974186	-0.0432777866	-0.0069108378	0.0962876299	-0.0524713049	0.0092702458	0.1705977349	-0.0875721958	0.0431823563	0.0735123994	-0.066587983	0.0870366715	0.0612765977	0.039292068	-0.0913162995	0.028179698	0.0176739684	0.0162145356	0.0751808443	0.1430121363	0.0542466804	0.1138777453	0.0753801107	0.0798045383	-0.0045487933	-0.0638189936	0.0485980509	-0.013215237	-0.0264903464	0.0376548741	0.0068368987	-0.0926346704	-0.1111897202	0.0795127767	0.1111157185	-0.112302546	-0.0696595582	0.0051412412	-0.1510165728	-0.1966778664	-0.03968906	0.0573151444	0.0544423182	-0.0460971633	-0.102976377	-0.0623229904	0.0	0.0	0.0	-0.15997	-0.006897	0.0255904009	4.75686090000002e-05	0.0584163	-0.0099016	0.0034124641056899	9.804168256000006e-05	-0.307196	0.0001289999999999	0.094369382416	1.6640999999997482e-08	-0.00270345	-0.00036875	1.359765625000001e-07	7.3086419025e-06	-0.00190909	-0.0003935399999999	1.5487373159999996e-07	3.6446246281e-06	-0.00326133	1.403000000000038e-05	1.9684090000001064e-10	1.06362733689e-05	0.0	0.0	0.0	0.0	0.0
57650.42437649415	-24.624061456699565	606.3444026233171	3323571430.7898707	98003.22245854104	-432.907478192079	9604631612.258284	187408.88467462533	54055.21209598547	-30.41690631985693	925.1881900709528	2921965954.7419744	65970.7970281597	62915.79705301339	1.179551	20.209246	0.0805577999999999	0.040748	-0.118725077	0.0585616676	0.0527342023	-0.0216205507	-0.0484024423	0.0977331506	-0.041466103	-0.0871871685	-0.0163475196	-0.0300745903	0.0781704953	0.0589161988	0.025869279	-0.0042724695	-0.0244645383	0.0016751265	0.0513959386	-0.0090345184	-0.1198407658	-0.0166760711	0.0290802664	0.0790759291	-0.1225543895	0.0078034988	-0.0578500413	0.1320682129	-0.0259638619	0.0634911344	-0.109183084	0.0434080683	-0.049276616	0.0245463725	0.1597588961	0.0631640937	-0.0358565842	0.0602728772	-0.1488187044	-0.1501742513	-0.0177420424	-0.0971068793	0.0450533743	-0.0299230675	-0.0375653245	-0.0633048836	0.0326230495	-0.0725535709	-0.0223043116	0.1194170734	0.0123431332	0.0420217009	0.0269559512	0.0608169311	-0.0407737236	0.00771419	0.0151746442	-0.0412069723	-0.018281421	-0.0241843139	-0.0242758252	0.0265456196	0.0295689328	-0.0747150752	0.1107467521	-0.0689094172	0.0539477915	-0.0814172697	0.1222641687	-0.001637901	-0.0336381903	-0.0419098242	0.0166470487	0.0400132299	0.0684621594	0.0130025212	0.1351615336	0.0529575288	-0.0491810921	-0.1033263376	-0.0566405625	0.0	0.0	0.0	-0.177428	-0.017458	0.031480695184	0.000304781764	0.0726235999999999	0.0142072999999999	0.0052741872769599	0.0002018473732899	-0.335153	-0.0279569999999999	0.1123275334089999	0.0007815938489999	-0.00248182	0.00022163	4.91198569e-08	6.1594305124e-06	-0.00198697	-7.787999999999979e-05	6.065294399999967e-09	3.9480497809e-06	-0.00338053	-0.0001192	1.420864000000007e-08	1.14279830809e-05	0.0	0.0	0.0	0.0	0.0
57723.13718953317	72.71281303901924	5287.153180047366	3331960567.001667	98475.41936469518	472.1969061541313	9697408219.052582	222969.91818153343	54041.171694532415	-14.040401453057711	197.1328729630251	2920448238.1179314	65812.85981821435	62827.17304677037	1.088018	18.64101	0.0742714	0.0343583	0.019729991	0.1125357265	0.0054628711	0.0117723328	0.0578168899	0.0068288007	-0.0184674869	-0.0456172293	-0.0869814762	-0.0292327221	0.0567364016	-0.078105369	-0.0178385508	0.0707337933	0.1265422702	-0.0227020283	0.1093585775	-0.0313783396	-0.1262003789	-0.0310245691	0.0320576803	0.0389109092	-0.0648846266	0.1247927794	0.0346117655	0.0241378322	-0.0418404959	0.0770483514	-0.0255772136	0.080131585	-0.1221752966	-0.0178238058	0.0629052646	0.0234718227	-0.0104642885	-0.0123669024	-0.0723722847	-0.0096068953	-0.0403239292	0.1374827355	0.0459516081	-0.0424356625	0.0763722057	-0.1079582346	0.0882580043	-0.028559373	-0.0105187641	0.0010865816	-0.0553737717	-0.0210111308	0.0850158024	-0.0080237425	-0.0415072008	-0.0236283352	0.0563934547	-0.0570082972	0.0409036258	-0.0643509247	-0.0525192108	-0.1017299687	0.0959534698	-0.0177800352	0.0664436522	-0.0276911961	0.0303883993	0.081283071	0.0494764113	-0.0403319697	0.0086492956	0.0022478403	0.0410646311	0.0252133463	0.1365154867	-0.0298183077	0.0758606177	0.051457793	-0.0522095028	-0.1034138895	-0.0507024524	0.0	0.0	0.0	-0.181917	-0.0044889999999999	0.033093794889	2.0151120999999937e-05	0.0593647	-0.0132588999999999	0.0035241676060899	0.0001757984292099	-0.357323	-0.02217	0.127679726329	0.0004915089	-0.00269253	-0.0002107099999999	4.4398704099999927e-08	7.249717800899999e-06	-0.0020795	-9.25300000000004e-05	8.561800900000071e-09	4.324320250000001e-06	-0.00376436	-0.0003838299999999	1.4732546889999996e-07	1.41704062096e-05	0.0	0.0	0.0	0.0	0.0
57626.95007792075	-96.18711161241664	9251.960440339491	3320865375.2831707	98746.0453652224	270.62600052721973	9750781475.27056	73238.43216135874	54065.66656284929	24.49486831687682	599.9985738611358	2923096300.8852	65786.95219045476	62484.54883426339	1.156227	19.809641	0.0764551	0.0483145	0.0282986951	0.0443512238	-0.1099317739	-0.0308605457	0.0110270695	-0.0877818155	0.040131857	0.0206688715	-0.0259665649	0.0092630419	0.0061355987	-0.0387489231	0.1491096285	0.0378103533	0.0010197004	0.00963863	0.0289222055	-0.0079086251	-0.0327566803	-0.1662984444	0.0168019669	0.0550672421	-0.0101058589	0.0839307572	-0.018654682	-0.0691911769	0.0511864122	0.1525045962	0.0698001421	-0.0672287399	0.0756608445	0.0812194845	0.0074773572	0.0066223321	-0.0368206461	0.0468606322	0.0209546791	0.1677482092	0.0054632944	-0.0073818222	-0.0342503019	0.0925060875	0.0676700524	-0.0372010741	-0.0060849786	0.0185995329	-0.086477979	-0.0580834605	-0.0005110301	0.0368663768	0.0227673502	-0.0560469967	0.1105136427	-0.0969811381	-0.0426422864	-0.0344428575	0.0318111265	0.0438115798	0.0017829385	-0.0466202502	-0.040210357	0.0250448804	0.0426447409	-0.1676332941	-0.0130974615	0.0115630353	0.0309476224	-0.083952524	0.0329515231	-0.0127069797	0.0883335386	-0.0741017435	-0.0519132438	0.0068578729	0.0295135278	0.0499435342	-0.0551789769	-0.1032388104	-0.0445354653	0.0	0.0	0.0	-0.195417	-0.0135	0.038187803889	0.00018225	0.0534361	-0.0059285999999999	0.00285541678321	3.514829795999999e-05	-0.314043	0.0432799999999999	0.098623005849	0.0018731583999999	-0.00283574	-0.0001432099999999	2.0509104099999987e-08	8.041421347599999e-06	-0.00203056	4.894000000000036e-05	2.395123600000034e-09	4.1231739136e-06	-0.00384714	-8.278000000000018e-05	6.852528400000029e-09	1.48004861796e-05	0.0	0.0	0.0	0.0	0.0
57589.39329016164	-37.55678775910928	1410.512306782781	3316538219.528915	98034.97172761695	-711.073637605441	9610855681.634657	505625.7180974341	54038.66851015276	-26.998052696530067	728.8948494046144	2920177694.350176	65822.82756996552	62269.254702915736	1.160301	19.879435	0.1044082999999999	0.0526621	-0.0807578376	-0.0593456403	-0.124768774	-0.0017222261	-0.0626257219	-0.0225555039	0.0232007551	-0.053781423	0.0613649093	-0.0316477788	-0.0324153592	0.0419912664	0.0753308994	-0.0629945478	0.0704209727	-0.0686936963	-0.1438755873	-0.0976718411	-0.0446095947	0.0247434024	0.0757320782	0.0089902733	0.0568985792	-0.0556243042	0.1194162445	-0.0895837819	-0.0031187475	-0.0376906797	0.0202670549	-0.0549425382	-0.173367491	0.0241222758	0.0975911039	0.0186549216	-0.0554232831	0.135707431	0.0367324974	-0.0069531937	0.0139612944	0.0701326236	0.0159126617	0.0068306968	-0.0244874517	0.0796380251	-0.0914222502	0.0367208703	0.0358933391	-0.0028947956	0.0984093586	-0.024517638	-0.0111177286	0.0193830346	0.0487345438	-0.0649597221	0.0652370433	0.0677241075	0.0539950278	-0.1448561639	0.0322915139	-0.0745374639	0.0287622565	0.0296340939	0.0027726893	0.0281049155	-0.0648909573	-6.5912e-06	0.0220471627	0.1102553229	-0.032653057	0.0256968455	0.0259148602	0.0293364702	0.0473628653	-0.04163556	0.0102702361	0.0484151798	-0.0580861624	-0.1028015449	-0.0381674398	0.0	0.0	0.0	-0.21018	-0.0147629999999999	0.0441756324	0.0002179461689999	0.0716444	0.0182082999999999	0.00513292005136	0.0003315421888899	-0.349039	-0.0349959999999999	0.1218282235209999	0.0012247200159999	-0.00289525	-5.951000000000003e-05	3.541440100000004e-09	8.3824725625e-06	-0.00141443	0.0006161299999999	3.796161768999999e-07	2.0006122249e-06	-0.00379396	5.318000000000033e-05	2.8281124000000347e-09	1.43941324816e-05	0.0	0.0	0.0	0.0	0.0
57642.164717098574	52.77142693693168	2784.823500959918	3322619153.273124	97854.46651528947	-180.50521232748	9575496616.991907	32582.131677388625	53995.328072606186	-43.34043754657614	1878.3935267286668	2915495453.6683736	65783.51733686459	63053.5170609654	1.057021	18.109947	0.0369262	0.0180882	-0.1133406539	-0.0057130587	0.0122685755	0.024839006	-0.0593473396	0.0437761979	-0.0277864099	-0.0444325892	-0.005375257	-0.0782398571	-0.0573630124	0.0300655453	-0.0023905974	0.0127910447	-0.0269110778	-0.0186027271	-0.111070089	0.0324661956	0.0371428333	-0.0058279753	0.0650057409	-0.1346844494	0.053610302	0.0222755644	-0.0452062693	-0.0917249017	0.0141731976	0.1148649232	0.0059087577	-0.1027078363	0.0602801558	0.059053425	0.0051475841	-0.0648671781	-0.2909376363	-0.0007313427	0.0761408433	0.1226774601	0.1729122223	-0.1224355487	0.0148081485	-0.0518290688	0.0121204289	-0.0074723346	-0.0054063164	0.0638127628	-0.0393949535	0.0535318223	0.0746443125	-0.038625245	0.0334200797	0.0537101048	-0.040797782	-0.0178693108	-0.0027194041	0.0185709253	0.0444396008	-0.0433467507	0.0396129176	-0.12079878	-0.1004462381	0.1013098031	-0.0314445742	-0.0347828567	-0.0914715109	-0.020195485	-0.0503282351	-0.0493737952	0.022978413	-0.0168989924	-0.0466013829	-0.0099585639	-0.0636374823	-0.1110406932	-0.0556840923	0.046873161	-0.0609277773	-0.1021032036	-0.0316271219	0.0	0.0	0.0	-0.212466	-0.0022859999999999	0.0451418011559999	5.22579599999992e-06	0.0658202	-0.0058242	0.0043322987280399	3.392130564000002e-05	-0.364661	-0.015622	0.132977644921	0.000244046884	-0.0030034	-0.00010815	1.16964225e-08	9.02041156e-06	-0.00135811	5.631999999999989e-05	3.171942399999988e-09	1.8444627721e-06	-0.00389337	-9.94100000000003e-05	9.882348100000058e-09	1.51583299569e-05	0.0	0.0	0.0	0.0	0.0
57694.55219137047	52.3874742718981	2744.4474605887854	3328661352.562772	97896.56183497891	42.09531968944066	9583736819.10985	1772.0159397562102	54095.5509427976	100.22287019141368	10044.623709404956	2926328631.80481	65718.54797964738	62884.8184805385	1.128735	19.338614	0.058659	0.0307202	-0.0612644093	0.067148082	0.031154219	0.0445827686	-0.052658609	-0.0116664219	-0.082952025	-0.0782084379	-0.0755677613	0.0335620216	0.0166399077	0.0837982458	0.0074649762	0.1010851206	0.0015793096	0.0556811938	-0.1125943641	0.0761280873	0.0427008395	0.0769042481	0.0244508108	0.1935713117	0.1986738775	0.1468001398	0.0413501995	0.0860735886	0.0011746157	-0.1434078877	0.2088739928	-0.0083712746	-0.171835527	-0.0571223479	-0.0057016878	-0.0244696149	-0.0026901307	-0.0696106244	0.0336881214	0.0437953499	-0.017515161	-0.0010005345	-0.0462850374	-0.0370253243	-0.0206245382	-0.0798324233	-0.1438452839	0.1770781645	0.0395674968	-0.0310352299	0.025151199	0.142386493	0.0814679213	0.0174033069	0.0487978106	0.1097962146	-0.0785527792	0.0116977736	0.0091215747	0.0219472622	-0.0520764744	0.0313620344	-0.0178438031	0.0144308992	-0.1254361462	-0.0334446214	-0.1924237287	-0.0134555276	0.1289377328	0.1528215489	-0.0756434604	0.16200222	0.0024633661	0.0886914194	-0.0662691252	0.0029283078	-0.2286412574	0.0453179131	-0.063700614	-0.1011455599	-0.0249440353	0.0	0.0	0.0	-0.213891	-0.001425	0.045749359881	2.0306250000000277e-06	0.0546272	-0.0111929999999999	0.00298413097984	0.0001252832489999	-0.364534	0.0001269999999999	0.132885037156	1.612899999999701e-08	-0.00339514	-0.00039174	1.5346022760000018e-07	1.15269756196e-05	-0.00161695	-0.00025884	6.69981456e-08	2.6145273025e-06	-0.00416107	-0.0002677	7.166329000000003e-08	1.73145035449e-05	0.0	0.0	0.0	0.0	0.0
57842.65615570932	148.10396433885035	21934.78425288345	3345772871.147618	98680.212956528	783.65112154909	9737784429.145718	614109.0803051466	54101.02674413189	5.475801334287098	29.984400252580365	2926921094.7692738	65865.63843535847	63078.36979813058	1.135199	19.449364	0.0753507999999999	0.0363553	0.061138475	0.0804957062	-0.024686767	0.1346545705	-0.025798555	-0.1165937486	-0.0944086364	0.0623804637	-0.1372072323	0.0156150487	-0.0331933037	-0.1257103126	0.0816591851	0.0166990261	-0.1593558998	-0.0464719623	0.073201707	-0.0367829557	0.0203196518	0.0351256893	0.007946355	-0.0038428395	0.1060688251	-0.0603930749	0.0907556943	0.0308987376	0.0393002436	-0.0193097824	0.0897904442	-0.0372795853	-0.0987857354	0.0245602838	-0.1010929242	0.0227932566	-0.0338877708	0.0123312649	-0.1088957868	-0.0633790545	-0.0771053499	-0.0172476784	-0.0140578892	0.071290773	0.011812326	-0.0607429192	-0.0536377834	-0.1845493345	0.0085975271	-0.0487857996	0.0459956785	0.0718694813	0.0859051695	-0.135329539	-0.0819580329	-0.0687307139	0.0610366606	0.011129879	-0.0680263235	-0.0191846679	0.0765095219	0.0892925238	-0.0685782293	0.0351078687	-0.0442409063	-0.080484708	0.1547929263	0.0334965661	0.0174207405	0.0292843846	-0.1053013466	0.026252828	0.001617469	-0.1363282276	-0.0588494198	0.0352504091	-0.0364174134	0.0437498751	-0.0664015423	-0.0999310458	-0.0181483484	0.0	0.0	0.0	-0.228376	-0.0144849999999999	0.052155597376	0.0002098152249999	0.070115	0.0154877999999999	0.0049161132249999	0.0002398719488399	-0.373948	-0.0094139999999999	0.139837106704	8.862339599999958e-05	-0.00301579	0.00037935	1.439064225000001e-07	9.0949893241e-06	-0.0015099	0.00010705	1.1459702500000006e-08	2.27979801e-06	-0.00439395	-0.0002328799999999	5.4233094399999785e-08	1.93067966025e-05	0.0	0.0	0.0	0.0	0.0
57953.754646614056	111.0984909047329	12342.874681309018	3358637677.6399403	97952.8047474118	-727.4082091161981	9594751957.88458	529122.7026896346	54113.15880274311	12.132058611226968	147.18684614624638	2928233955.6108947	65688.8333134542	63226.172983677454	1.194444	20.464405	0.0645651999999999	0.0282114	0.0167457976	-0.0660568083	-0.0409812035	0.1207109062	-0.1339804731	-0.0927812636	-0.0087797301	0.0136220674	0.0251333078	-0.0097453447	-0.1689554835	-0.0114323008	0.0212990797	-0.0548499787	0.0229584585	0.0365616507	0.0011851041	0.0929053429	0.0713354969	-0.0686730159	-0.0575218913	0.0804995369	-0.0110265066	-0.0897442131	-0.0020882291	-0.150655645	-0.0720408382	0.1179759557	-0.0651718872	0.0518511146	-0.0936572572	0.027240787	0.0324157807	-0.0295487488	0.1447426401	-0.0926014491	-0.0069564287	-0.0916275556	0.1367089912	0.0162070036	0.0037401151	0.0925949804	0.0842701547	-0.1435025066	0.0677534745	-0.047159546	-0.0522321872	-0.0565297625	0.1355969378	-0.0293692596	0.0273073066	-0.0039784773	-0.1182556168	0.0755332113	-0.026132525	0.157694252	0.1241532006	0.1103324169	0.0048049857	-0.0746232031	0.0068017918	-0.009516066	0.0728229359	0.000265706	0.0977365595	0.0297489691	-0.1385482972	-0.0553633341	-0.0472702832	-0.0150897547	0.0908489659	0.1315938919	-0.0757587531	0.1575642844	-0.0385903853	0.0421694894	-0.0690275134	-0.0984627459	-0.0112707377	0.0	0.0	0.0	-0.212212	0.0161639999999999	0.045033932944	0.0002612748959999	0.0660648	-0.0040501999999999	0.00436455779904	1.6404120039999917e-05	-0.364737	0.009211	0.1330330791689999	8.484252100000045e-05	-0.00282439	0.0001914	3.663396e-08	7.9771788721e-06	-0.0011547	0.0003551999999999	1.2616703999999998e-07	1.3333320900000002e-06	-0.00423775	0.0001561999999999	2.4398439999999867e-08	1.7958525062500002e-05	0.0	0.0	0.0	0.0	0.0
58017.78750407341	64.03285745935136	4100.20683440961	3366063666.8678164	98172.81997699388	220.01522958207352	9637902582.235249	48406.70124805252	54243.66595740965	130.50715466653492	17032.117419154867	2942375296.4990425	65865.45760729311	63699.75646372768	1.33774	22.9195	0.0686713	0.0364408	-0.0465804124	-0.0503525453	0.1255914899	0.097939866	-0.076799294	0.0445786467	-0.1402427556	0.0113644204	0.004990757	0.1571320684	0.1376651773	0.1910771839	-0.0321935305	0.0091035825	-0.0554148934	-0.0754798459	0.1067253694	-0.0719753826	0.0870418416	-0.0700860277	-0.0841703206	-0.1217687619	0.0163118493	0.0431823931	0.070800365	0.008127352	0.0712097714	-0.0591332822	-0.078529853	0.0423237144	-0.0544546083	0.019715664	0.0932493418	0.0328123849	-0.0291747389	-0.0683281036	0.0428802046	0.1189514727	0.1258315641	0.0496389373	0.055734853	0.0812498823	-0.0066308488	-0.0117099041	-0.030518974	-0.0229702932	0.0552567373	-0.0005627678	0.037161719	0.1947156866	-0.0760700788	0.0145065325	-0.0210174353	0.0772133202	-0.0259417724	-0.1159675334	0.0221665796	0.1487144627	0.1705768524	0.0157777114	0.1088040979	-0.062795159	-0.036765564	0.0866994657	-0.0906425706	-0.0129118367	-0.0681935545	-0.0763739689	0.0128748347	0.0650653871	0.0970217977	0.0130968376	0.1077520451	0.0885032531	0.1390915764	0.0405772022	-0.0715755629	-0.0967443889	-0.0043422496	0.0	0.0	0.0	-0.21238	-0.000168	0.0451052644	2.8224000000000498e-08	0.0668691	0.0008042999999999	0.00447147653481	6.468984899999902e-07	-0.3816	-0.016863	0.14561856	0.000284360769	-0.00327387	-0.0004494799999999	2.0203227039999997e-07	1.07182247769e-05	-0.00164809	-0.00049339	2.434336921e-07	2.7162006481e-06	-0.0041639	7.38500000000003e-05	5.453822500000045e-09	1.7338063209999998e-05	0.0	0.0	0.0	0.0	0.0
58022.27877897499	4.491274901585712	20.171550241613744	3366584834.705092	98993.80432203796	820.9843450440821	9799773294.149942	674015.2948074605	54204.83946243946	-38.82649497019156	1507.4967116703106	2938164621.1488338	65932.71388412995	64161.06805217634	1.387449	23.77116	0.1255111	0.05976	0.1743359458	0.0213891982	0.0462771078	0.0104262383	0.1180877672	-0.0095965438	-0.0455870647	0.0986693655	-0.0192354751	0.0921184129	0.0033608642	-0.0876619072	-0.0011935819	0.0009244318	-0.1012974022	-0.0673504102	0.0817026559	-0.0448118132	0.0785198482	-0.161075466	0.0489226905	-0.0854047527	-0.063063429	-0.116019506	-0.1020548508	-0.0440969331	-0.1368727738	-0.0395248671	0.0143921032	-0.0731882252	-0.0664180515	-0.136152171	-0.007259135	0.022329817	0.0250822759	-0.0443111032	0.0745747291	-0.0393447452	-0.1417381401	-0.1170948222	-0.1012524345	0.0021335979	-0.0494419194	0.1828246387	0.0568808465	0.0356873508	-0.0218156185	-0.0465347844	-0.112439245	-0.0233721779	-0.0769774501	-0.079302675	-0.0987109573	-0.0615716424	0.1621103812	0.0199881283	-0.0347289186	-0.0214988522	0.0639402823	0.0558768093	0.0543666737	-0.0389493895	-0.0706086684	-0.069307164	-0.0033127299	0.0105274908	0.1002709055	0.0354769664	0.0578718421	-0.0279544755	0.054035405	-0.0848749644	-0.0089678918	0.1031340675	-0.0980383236	0.0389734627	-0.0740428144	-0.0947803389	0.00260584	0.0	0.0	0.0	-0.229855	-0.0174749999999999	0.052833321025	0.0003053756249999	0.0864362	0.0195671	0.00747121667044	0.00038287140241	-0.428272	-0.0466719999999999	0.1834169059839999	0.0021782755839999	-0.00341755	-0.00014368	2.0643942400000057e-08	1.16796480025e-05	-0.00126125	0.00038684	1.4964518560000005e-07	1.5907515625e-06	-0.00446932	-0.0003054199999999	9.328137639999989e-08	1.99748212624e-05	0.0	0.0	0.0	0.0	0.0
57901.79053825556	-120.4882407194309	14517.416151663529	3352617347.536021	98838.88644315569	-154.91787888227557	9769125473.323025	23999.5491973834	54053.68616104694	-151.15330139251455	22847.32052185634	2921800987.5969577	65716.72321467297	63921.24877512905	1.268054	21.725563	0.0990162999999999	0.0498237	0.0664526417	-0.1001370672	0.0037777994	-0.0420257428	0.0460319136	-0.0103579636	0.1042735618	-0.0013739665	0.1133652725	-0.050407492	-0.1137459226	0.0031163311	-0.0835710393	-0.0366663663	0.0311924232	0.0136764952	0.0407033813	-0.1168110296	0.053463802	-0.0326491361	-0.0042717845	-0.0594053719	-0.0090067141	-0.0375031969	0.0827022855	-0.032766875	0.0425222351	0.0003916783	0.0257728313	0.1179784676	0.0937630343	-0.0049988908	0.0194418632	-0.0528952819	-0.0409300948	0.0399104942	0.0213962604	0.053204121	-0.0373380633	0.0501644352	-0.050460794	0.0725485523	-0.0721471626	-0.0260820574	-0.0604478479	0.0584051107	-0.039798732	-0.0548685673	-0.0395803287	-0.1432602509	-0.0375978116	0.0722475372	-0.0207384293	0.0292644287	-0.0672613792	0.048520287	0.0027369472	0.0170392711	0.1823277738	-0.1116831798	0.0238223367	-0.02031408	-0.0957696433	0.0990630383	0.0373307279	-0.0249823547	-0.0152678514	0.0130270666	0.1331512661	0.0180330975	0.0500291336	-0.0119710831	0.0073746917	-0.0470705698	-0.023831667	0.0373587237	-0.0764264828	-0.0925755837	0.0095421666	0.0	0.0	0.0	-0.255438	-0.0255829999999999	0.065248571844	0.0006544898889999	0.0713119	-0.0151243	0.0050853870816099	0.00022874445049	-0.395252	0.0330199999999999	0.156224143504	0.0010903203999999	-0.00346659	-4.903999999999976e-05	2.404921599999976e-09	1.20172462281e-05	-0.0010009	0.0002603499999999	6.778212249999996e-08	1.0018008100000005e-06	-0.00466571	-0.00019639	3.856903210000011e-08	2.17688498041e-05	0.0	0.0	0.0	0.0	0.0
57697.32382646664	-204.46671178891847	41806.63622977265	3328981176.7361555	98583.3612322661	-255.5252108895802	9718679111.851467	65293.13340016444	53990.56902157461	-63.11713947233511	3983.773295170203	2914981543.273412	65833.1931154038	63504.73637541853	1.225508	20.996628	0.0642758	0.0293681	-0.0678675933	-0.0774323493	0.0459725287	-0.1161085664	-0.0372938697	0.1156521617	0.0905168223	-0.0077702235	0.0339386653	-0.0581085243	0.0168471973	0.1055642586	-0.0337003837	-0.0555084999	-0.0049918925	-0.0367414785	-0.0166402061	0.0100684293	0.0354703919	-0.0536192448	-0.0755946779	-0.0825140613	0.0647606864	-0.0156666457	0.0110577424	-0.0986341249	-0.0080614386	-0.0857671244	-0.0270336656	0.1214159721	0.0112917812	-0.0610470871	-0.0619043754	-0.0703132243	0.0652347418	-0.0200756509	-0.0714717085	-0.0897920661	0.0456199996	0.0257720909	-0.0290196622	0.0359364975	0.007097648	-0.0649438532	0.0509002468	-0.0087514321	0.1387410576	0.1049877903	0.0300911199	-0.053355108	-0.0483402249	0.0693089834	0.0608257413	0.0279881355	0.0811972985	-0.0251124213	-0.000871341	0.0607862834	0.0888490287	-0.0484719795	-0.069891784	-0.0096092025	-0.0370612857	0.0995097037	-0.0616928219	-0.0168636868	-0.1389077551	0.015774658	0.0342329721	0.1115284852	-0.0061044769	0.0824195953	0.0446010387	-0.0198493723	-0.0540434252	0.0357334409	-0.0787238772	-0.0901357226	0.0164354186	0.0	0.0	0.0	-0.266836	-0.011398	0.071201450896	0.000129914404	0.0882977	0.0169858	0.00779648382529	0.00028851740164	-0.392701	0.0025509999999999	0.154214075401	6.507600999999847e-06	-0.00363547	-0.00016888	2.852045440000005e-08	1.32166421209e-05	-0.00137725	-0.0003763499999999	1.4163932249999994e-07	1.8968175625e-06	-0.0047873	-0.00012159	1.47841281000001e-08	2.2918241290000004e-05	0.0	0.0	0.0	0.0	0.0
57693.192402690685	-4.131423775957956	17.06866241655069	3328504449.6138864	98634.46620374807	51.10497148196737	9728757923.29832	2611.718110172698	54030.97477819952	40.40575662491028	1632.6251684314811	2919346235.4824324	65676.59445819417	63275.65506138393	1.185573	20.312426	0.049906	0.0298951	0.0354512066	0.0917979108	0.0651641312	-0.0971332909	0.0853050007	0.0567214904	0.026585992	-0.0161521454	-0.0954311411	-0.0384240492	0.0897997314	-0.1410759369	-0.0394671894	-0.0052883377	-0.0741507123	-0.0269594721	-0.026988387	-0.0581227354	-0.0030060493	0.0444364986	-0.0532142896	-0.0129471511	-0.0140361149	-0.0658908131	-0.1141642658	0.0312233516	0.2128809981	-0.1333776637	-0.1296010536	-0.0248363037	-0.0084885809	-0.0902200691	0.0264599672	-0.0734465345	-0.1252061756	0.0477189468	-0.1094206976	-0.1266403526	0.0765924288	0.0367097158	0.0389872023	0.03281258	-0.0639347953	0.0384451029	-0.141023273	0.0486313575	0.0144600952	0.0303805204	-0.1157157182	-0.0076251284	0.0867537458	-0.0644214775	0.0079879605	0.1065641111	0.071165159	0.0818149338	-0.0454859356	0.0564035071	-0.0207076821	-0.0016310452	-0.0659348663	-0.0092819689	-0.075932611	0.1494136181	0.009864588	-0.0577522712	-0.1459118585	0.1872451136	0.0615721375	0.0178949013	0.0045298983	0.0607472873	0.0235836697	0.1168962074	0.2068610265	0.034098073	-0.0809324044	-0.0874669519	0.0232544792	0.0	0.0	0.0	-0.257266	0.00957	0.0661857947559999	9.158490000000044e-05	0.0878706999999999	-0.0004270000000001	0.0077212599184899	1.823290000000921e-07	-0.412159	-0.0194579999999999	0.169875041281	0.0003786137639999	-0.00365755	-2.2079999999999843e-05	4.87526399999993e-10	1.3377672002499998e-05	-0.00135927	1.7979999999999906e-05	3.2328039999999655e-10	1.8476149329000003e-06	-0.00441834	0.00036896	1.3613148160000046e-07	1.95217283556e-05	0.0	0.0	0.0	0.0	0.0
57835.35005043368	142.15764774299168	20208.79681182051	3344927715.4561987	99027.05200345092	392.5857997028506	9806357028.494171	154123.61012832675	54112.730187860936	81.75540966141853	6683.947008906365	2928187568.3842363	65690.36170424726	62902.20136024693	1.300638	22.283829	0.0670919999999999	0.0324582	0.0707985709	-0.010990415	-0.0636548138	0.0169363507	0.0376710693	-0.1182798558	0.0248356334	0.0242140287	-0.0252512538	0.0379582312	-0.0031446375	-0.0723136307	0.1463260342	0.032270098	0.0309595569	0.0115742978	0.0974317331	-0.0173899324	-0.0464174625	0.1138784299	-0.0442445773	-0.0704330775	0.0395510677	-0.0012430568	0.103459479	-0.0568945965	-0.1538224702	-0.1043378459	-0.0822423288	0.0678266337	0.1225081964	0.0437294053	-0.0697982989	0.065950614	0.0165221337	-0.0434805028	0.0023165019	-0.1493573506	-0.1131594743	-0.015871352	0.070542894	0.0626057771	0.0187927848	-0.0784688598	0.021869587	0.0073081434	0.0284903263	-0.1438486543	-0.0221439226	0.0187702806	0.0118192718	-0.0562430495	0.1215867927	0.0341200677	-0.0095614657	-0.1228792029	0.0199516703	0.0941137933	0.0413047568	-0.0457849888	-0.0585184512	0.017943095	0.0707634736	-0.035172899	0.040135224	-0.0030120689	-0.0310727039	0.0469470284	0.0133991177	-0.0220474494	-0.1019383323	-0.1649291277	-0.0058099336	-0.051071946	-0.0053728369	0.0324530815	-0.0830495711	-0.0845760492	0.0299685663	0.0	0.0	0.0	-0.250555	0.0067109999999999	0.062777808025	4.5037520999999554e-05	0.0762617	-0.0116089999999998	0.00581584688689	0.0001347688809999	-0.40017	0.0119889999999999	0.1601360289	0.0001437361209999	-0.0040235	-0.00036595	1.339194025000002e-07	1.618855225e-05	-0.00124631	0.00011296	1.2759961600000012e-08	1.5532886161e-06	-0.00416159	0.00025675	6.592056250000001e-08	1.7318831328099997e-05	0.0	0.0	0.0	0.0	0.0
57747.59236753892	-87.75768289475673	7701.410907056677	3334784424.2474394	97877.76099980828	-1149.2910036426474	9580056098.33559	1320869.8110539238	54053.26577199376	-59.46441586717265	3536.016754424054	2921755540.6177926	65973.08695065818	63620.80638344029	1.437613	24.630611	0.0841963999999999	0.0394194	-0.0838034003	-0.0981611214	0.034559421	-0.0182598224	-0.112506882	0.1026250408	0.0095064995	-0.0021402347	0.0767004928	-0.014345754	0.0203065049	0.0785787257	0.0388359463	-0.0714859829	-0.0154356823	0.0656709966	-0.1139859216	0.0676293019	0.0507447604	0.008384987	0.0109191637	0.0389658093	0.0887188252	-0.1176309974	-0.0318933093	-0.0210315699	0.0935708423	-0.0031596278	-0.0680125192	-0.0759079206	-0.0007096639	-0.0927813147	-0.0805484349	0.0236666166	0.1269284508	0.1270588983	-0.0463848818	0.0870425514	0.1606091307	-0.0154596046	0.0186801697	0.0726888088	0.0043136459	0.1352393612	-0.0174117383	-0.085094905	-0.0482243872	0.1133167887	0.1108534047	-0.0214969223	-0.0617692836	0.0262316714	-0.0123934747	-0.0232646353	0.0901420303	0.0022164042	0.0384085029	0.0008534821	-0.0691510018	-0.0423139954	-0.0946379736	-0.0542676051	-0.0777638096	0.0340073686	0.0189215743	-0.0175059666	-0.083559655	0.0615356382	-0.0233953802	0.0498165008	-0.0718170096	-0.0641292011	-0.0257227477	0.0891537442	-0.0263649492	0.0307989307	-0.0850729874	-0.0814703562	0.0365473717	0.0	0.0	0.0	-0.263889	-0.0133339999999999	0.0696374043209999	0.0001777955559999	0.0913646	0.0151029	0.00834749013316	0.00022809758841	-0.416259	-0.0160889999999999	0.1732715550809999	0.0002588559209999	-0.00377644	0.00024706	6.103864360000018e-08	1.4261499073599998e-05	-0.00137393	-0.0001276199999999	1.6286864399999985e-08	1.8876836449e-06	-0.00458032	-0.0004187299999999	1.7533481289999996e-07	2.09793313024e-05	0.0	0.0	0.0	0.0	0.0
57792.60407211103	45.01170457211265	2026.0535484871468	3339985085.435785	98536.450608704	658.6896088957292	9709432098.561563	433872.00086720864	54067.43996978623	14.174197792468476	200.9078830600182	2923288064.886438	65800.1980897055	63812.12197767857	1.201792	20.590305	0.0549393999999999	0.0299561	0.0568404917	0.0632676055	0.092790695	-0.0499510882	0.0841916891	0.0706604492	-0.0266043569	0.0314630231	-0.0486956897	0.0055469586	0.0396006788	-0.0672378221	-0.1378277321	-0.0809210909	0.0408593255	0.0808803787	-0.001398793	-0.0037303695	-0.139931886	-0.1726184274	-0.0034950868	-0.117347851	0.012763326	-0.0329200715	-0.0900548032	-0.0339280652	-0.0388359325	-0.040647689	-0.0353096468	0.0344812157	-0.1417616479	0.117871928	-0.0200400769	-0.076315835	-0.0940864346	0.0669393759	0.0718050134	0.071175242	0.0859611855	0.0384200591	-0.0546681666	-0.0416984825	-0.0104135909	-0.0054261536	0.0044429587	-0.0226824365	0.0756636158	0.0214537737	-0.1077512155	-0.008825046	-0.0082294018	-0.022090548	-0.0548200073	0.0527726845	-0.0001775543	0.0447185414	-0.0086569797	-0.0577103589	0.0235846048	-0.1449941391	0.0418384623	0.1018316257	0.0619085751	-0.0772429349	-0.0242737552	0.0491420282	-0.0582178958	0.071486069	0.1013896993	0.1308874457	0.0828193976	0.1050235372	0.0207867292	0.0425815035	0.0842017488	0.0291360874	-0.0870003692	-0.0781577603	0.0429611979	0.0	0.0	0.0	-0.243823	0.0200659999999999	0.059449655329	0.0004026443559999	0.0715977	-0.0197669	0.00512623064529	0.00039073033561	-0.420609	-0.00435	0.176911930881	1.892250000000018e-05	-0.0036579	0.0001185399999999	1.4051731599999973e-08	1.338023241e-05	-0.00137114	2.7899999999999106e-06	7.784099999999502e-12	1.8800248996e-06	-0.00448652	9.37999999999998e-05	8.79843999999996e-09	2.01288617104e-05	0.0	0.0	0.0	0.0	0.0
57656.45411528313	-136.14995682790322	18536.810744239912	3324266701.147749	99404.60223950344	868.1516307994316	9881274946.393892	753687.2540597125	54069.10324201285	1.6632722266149358	2.766474499828606	2923467925.395444	65843.0055239146	63042.99609102958	1.244506	21.322115	0.0682747	0.0353235	0.0846455383	0.0167595133	-0.0514120776	-0.0935609594	0.0992904137	-0.0616226877	0.0143671445	0.0214131153	-0.0037901669	0.0326885422	0.072583517	-0.0797063036	0.0177519161	0.0230248251	0.0252763604	0.133961829	0.035525791	-0.0985687996	0.0760616087	-0.1362217545	0.0032591806	0.0763361828	-0.0249258687	0.0309651613	-0.0056299044	0.0375959673	0.0737182442	0.0438141941	-0.0682253622	0.0650692797	0.0255519859	-0.0805571132	0.0879184924	-0.025113497	-0.0133682762	0.0648481873	-0.0663337647	0.0233008965	-0.0183973297	-0.1527850051	-0.1432173041	0.1948031364	0.0609929393	-0.0126318225	-0.0139831563	0.0638802953	-0.0878985539	-0.0660805353	-0.1021136872	0.0268055054	-0.0261721914	-0.0586656288	0.1323088222	0.0045571298	-0.0311843019	-0.0372477086	-0.1120908677	-0.0248204705	0.0378220051	-0.0698194459	0.0809629102	-0.0422080937	-0.040752269	-0.0364632768	0.1001652621	0.043207772	-0.0596394122	-0.0039748837	0.0857182805	0.0242945683	0.0209578191	0.0374276852	-0.0802316767	0.0554640611	-0.0010314414	0.027465021	-0.0888295408	-0.0746466742	0.0491810921	0.0	0.0	0.0	-0.261544	-0.0177209999999999	0.068405263936	0.0003140338409999	0.0742078999999999	0.0026101999999998	0.0055068124224099	6.813144039999457e-06	-0.399155	0.021454	0.1593247140249999	0.000460274116	-0.00397366	-0.00031576	9.970437760000028e-08	1.5789973795600005e-05	-0.00147882	-0.0001076799999999	1.1594982399999992e-08	2.1869085924000003e-06	-0.00459287	-0.0001063499999999	1.1310322499999969e-08	2.10944548369e-05	0.0	0.0	0.0	0.0	0.0
57526.02622250607	-130.42789277705742	17011.435214263587	3309243692.9524565	98128.68047234471	-1275.9217671587248	9629237931.243526	1627976.3559094432	53895.01455092679	-174.08869108605722	30306.87236405666	2904672593.4446106	65712.57348819179	62683.70936481585	1.208301	20.701811	0.1108611	0.0537552	-0.007786166	-0.0510747831	-0.110633547	-0.1003560915	-0.0533880829	-0.0068896536	0.1064538174	0.0141944824	0.0566712613	-0.1298556307	-0.0085753024	-0.0251762472	0.046118991	-0.0675485619	-0.0267574946	0.0637118282	-0.0375454129	0.136266508	-0.0176995958	0.0709510695	0.0925891658	0.0046380255	-0.0409557489	0.0073230738	0.0441490237	0.1526021781	-0.0919079411	-0.0579340941	-0.0122726499	0.1455498305	-0.0102943518	-0.0717247089	0.0210088263	0.01922169	0.0083233779	0.0436957655	0.1211993944	0.0404175513	0.1431891243	-0.0266192548	-0.0093538484	-0.0082866017	-0.0481045219	0.1102647798	-0.0518330684	-0.0359067021	0.1067920337	0.03234671	0.0611382898	-0.1258154745	0.0156103502	-0.0304965947	0.0401845824	0.0294834139	0.1035553579	0.0889624118	-0.0051032666	-0.020187058	-7.29021e-05	-0.035003229	-0.0051208391	-0.115252786	0.0495733984	-0.0503201557	-0.0335022996	-0.0372529281	0.0679307273	-0.0168882331	-0.005700858	0.0819358718	-0.0815737733	-0.0699485279	0.0714927695	-0.0357860739	-0.0953755325	0.0257862031	-0.0905584372	-0.0709460145	0.0551789769	0.0	0.0	0.0	-0.277919	-0.016375	0.077238970561	0.000268140625	0.102501	0.0282931000000001	0.0105064550009999	0.00080049950761	-0.433465	-0.03431	0.187891906225	0.0011771761	-0.00400511	-3.144999999999971e-05	9.891024999999816e-10	1.60409061121e-05	-0.0012313	0.00024752	6.12661504e-08	1.51609969e-06	-0.00495156	-0.00035869	1.2865851610000005e-07	2.45179464336e-05	0.0	0.0	0.0	0.0	0.0
57603.33586280995	77.30964030387986	5976.780483915285	3318144302.5236874	97610.81599285852	-517.8644794861902	9527871398.791683	268183.61911350273	53853.49374330523	-41.52080762155674	1723.9774655463243	2900198788.360216	65713.26457999002	62586.632359793526	1.125145	19.277109	0.1082515	0.0514598	-0.1247620285	-0.0282812645	0.0162223402	0.0014283481	-0.0744814798	0.0841270145	0.0232637013	-0.0487949869	-0.0267831474	-0.1587484342	-0.0159572029	-0.0199226282	-0.0369509713	-0.0411753363	0.0744237716	0.0223759913	-0.0339546531	0.0665562138	-0.0156427496	-0.0241987721	0.0624165632	0.060181932	0.1038304121	-0.0682651852	-0.0634008853	0.0256120845	0.0496729747	0.0106041933	0.0081362705	0.1179092755	-0.1470773098	-0.0139964908	-0.1050583264	-0.1217092405	0.041166271	-0.0846268556	-0.1202924373	0.0626390909	-0.0232216106	0.1002063368	-0.0332240036	-0.1097494751	-0.0120507574	-0.0917067351	-0.0825083615	-0.1061958401	-0.1514729259	0.1019163622	0.0770231211	-0.0950328842	0.0601806698	0.0315386771	-0.027271522	0.0585023393	0.0231634621	-0.0675398856	0.0267931595	-0.1016183467	0.0320898381	-0.0827242524	-0.1236701788	0.0564828578	-0.0586043961	-0.0040140556	-0.00022935	0.0413050622	0.0524016337	0.0377297737	-0.035456428	0.1262248693	0.0541619736	0.033480382	-0.042747302	0.066702296	-0.0163685889	0.0241001075	-0.092185107	-0.0670651796	0.0609277773	0.0	0.0	0.0	-0.267361	0.010558	0.071481904321	0.000111471364	0.090325	-0.0121759999999999	0.008158605625	0.0001482549759999	-0.417133	0.016332	0.173999939689	0.000266734224	-0.00359395	0.00041116	1.6905254560000022e-07	1.29164766025e-05	-0.00144616	-0.0002148599999999	4.6164819599999946e-08	2.0913787456e-06	-0.00419387	0.00075769	5.740941361000001e-07	1.7588545576899997e-05	0.0	0.0	0.0	0.0	0.0
57652.28352171488	48.94765890493	2395.8733122733724	3323785795.268197	97705.95295724692	95.13696438839544	9546453243.283749	9051.04199303882	54048.17565172085	194.6819084156159	37901.04546434626	2921205291.27927	65823.77966757568	62789.308531529015	1.223496	20.962151	0.0936884	0.0521581	-0.0196290146	0.107448769	0.0279038814	0.0046457789	-0.0154920221	0.0342288062	0.0027611747	-0.0248851022	-0.1253277819	-0.0122321114	0.0660807916	-0.0209409621	-0.0881585613	0.0199127467	0.0171807007	0.0336455194	0.0494006087	0.0077121802	0.0541329512	0.1073563327	-0.0442813231	-0.0672697369	0.0109375957	0.0173698263	0.0574507453	0.0578380064	-0.0964882714	0.0119086229	0.0621217455	-0.1017332705	-0.0689083524	-0.0608515829	0.0174563241	0.0281560991	-0.0378592421	-0.028081901	-0.014254894	0.014608901	0.0678849929	-0.0591374902	0.0554453999	-0.1497651553	0.0139461654	0.0314527452	-0.0021987786	0.0726667105	-0.0958042407	0.0486101522	-0.02012713	0.0729568705	0.0863790992	-0.0300121367	-0.0269549677	0.064101505	-0.0946439004	0.0120047844	0.0062270301	-0.0114025175	-0.0268922387	0.0425281368	0.033813292	0.0243723641	0.0081625096	0.0631626961	-0.0047737585	0.0160861544	0.0484316494	-0.054449804	0.0220759474	-0.047713333	-0.0268629101	-0.0632099262	0.0555491396	-0.0419077463	-0.1428719767	0.0224072101	-0.0937077136	-0.0630140253	0.0664015423	0.0	0.0	0.0	-0.252146	0.015215	0.0635776053159999	0.000231496225	0.0931754	0.0028504	0.00868165516516	8.124780160000017e-06	-0.370447	0.0466859999999999	0.137230979809	0.0021795825959999	-0.00357976	1.4189999999999862e-05	2.0135609999999606e-10	1.28146816576e-05	-0.00116221	0.00028395	8.062760250000004e-08	1.3507320840999998e-06	-0.00447447	-0.0002806	7.873636000000036e-08	2.0020881780900004e-05	0.0	0.0	0.0	0.0	0.0
57681.70423007011	29.420708355224637	865.5780801231846	3327179002.885288	98471.11458133628	765.1616240893636	9696560406.89066	585472.3109790726	53976.60574527292	-71.56990644792677	5122.25150896499	2913473967.7806296	65773.56128963176	62792.73392578125	1.209739	20.726458	0.1154176999999999	0.0588082	0.0158289476	-5.07169e-05	-0.0729768614	0.0816278597	-0.0381076853	-0.0677864697	0.0281998834	0.0644673967	-0.016551532	-0.0775527636	-0.050735006	0.003630063	-0.0606692977	-0.0197761324	-0.0789746475	-0.0503638661	-0.0080162212	0.0169840118	-0.0369343927	0.0825893121	-0.0550185073	-0.0815268861	0.1079175733	0.0488567498	-0.0724626646	-0.0330144788	0.0944835142	0.0850306003	-0.0231770819	0.1211083871	0.0690359338	0.1093284241	0.0492799989	0.0366881061	0.1145980633	0.0319494777	-0.0762985089	0.0609210906	0.0104633586	0.0905243846	-0.0302720532	-0.0377893774	-0.0843891083	-0.0495714401	-0.0115598841	0.0319860532	0.0269866234	-0.0321699933	0.0732817801	-0.0742124119	0.0299705869	-0.0560526429	-0.0452821378	-0.0503541429	-0.0431589648	-0.0609366503	-0.0317882599	0.0730481981	0.0371205063	-0.0015043688	-0.1035668568	0.1353058948	-0.0120917481	0.0369523224	-0.1277977181	-0.1264645177	-0.0515806357	-0.0791521732	-0.1149494428	0.0216380187	0.0360142144	-0.1515122394	0.096321019	-0.0471156963	0.0831855	0.0207079886	-0.0951245385	-0.0588028399	0.0715755629	0.0	0.0	0.0	-0.262005	-0.009859	0.068646620025	9.719988100000011e-05	0.0806463	-0.0125291	0.00650382570369	0.00015697834681	-0.42382	-0.0533729999999999	0.1796233923999999	0.0028486771289999	-0.00389761	-0.00031785	1.0102862250000012e-07	1.51913637121e-05	-0.0008405179999999	0.000321692	1.0348574286406429e-07	7.064705083238319e-07	-0.00462806	-0.0001535899999999	2.3589888099999832e-08	2.14189393636e-05	0.0	0.0	0.0	0.0	0.0
57818.4861073963	136.78187732618971	18709.281964876813	3342977335.7511787	98027.01393548696	-444.1006458493212	9609295461.108154	197225.38364378415	54095.51728995902	118.91154468609602	14139.955459633413	2926324990.868255	65735.08106078678	63219.23517543248	1.21861	20.878437	0.0880051999999999	0.0386616	-0.0385052306	-0.0941072899	-0.0014497866	0.0554241192	-0.0862670071	-0.0287364731	-0.0412304329	0.0011344801	0.0490075219	0.0212783865	-0.07006045	0.0208314299	0.1319925289	-0.1058062614	-0.1077901993	0.0616437455	-0.0558113239	0.0624989942	0.0501699948	-0.0268500436	-0.0662174368	-0.1140740283	0.0528754405	-0.0243610456	-0.0094266307	-0.0588774318	0.1169617493	-0.0842971258	0.1005785202	-0.0653274802	-0.1005509059	0.0563213031	0.0107213195	0.001567859	0.0891394038	-0.0379573693	0.0654478017	-0.1350171668	-0.1186095786	-0.0813595724	0.0389757924	-0.002393108	-0.0830854464	0.1004167978	0.0915115611	0.1364735718	-0.0997451447	-0.053362407	0.1006632091	0.0117945289	-0.0796420494	-0.0030848236	0.0550776263	0.1060840527	0.088332479	0.0229401104	0.0123841265	-0.0301606367	0.0465977882	0.1198151589	-0.0661716708	0.0726660261	-0.0249710932	-0.1320965383	-0.0497621067	-0.0232431661	-0.1033910935	0.0620344481	-0.0157416914	0.0242709527	-0.0770924926	0.0278124515	-0.0160780065	0.1051806869	0.0605383174	0.0190029227	-0.0964339822	-0.0544423182	0.0764264828	0.0	0.0	0.0	-0.258328	0.0036769999999999	0.066733355584	1.3520328999999896e-05	0.0631287	-0.0175176	0.0039852327636899	0.00030686630976	-0.444173	-0.020353	0.197289653929	0.000414244609	-0.00428582	-0.0003882099999999	1.5070700409999998e-07	1.83682530724e-05	-0.00108974	-0.0002492220000001	6.211160528404988e-08	1.1875332676000002e-06	-0.00433634	0.0002917199999999	8.51005583999998e-08	1.88038445956e-05	0.0	0.0	0.0	0.0	0.0
57737.39953549821	-81.08657189808582	6575.0321421834415	3333607305.121749	98573.79040452454	546.776469037577	9716792154.715134	298964.50709320046	54109.08649782275	13.569207863729387	184.1234020490955	2927793241.628864	65989.54575476557	63470.62646051897	1.304939	22.35751	0.0899368999999999	0.0402415	0.0162935014	0.0643898482	0.1022008603	-0.0159523799	0.0678453162	0.0820862729	-0.1322793919	0.0647501723	-0.0481014769	0.0473235444	0.0801302203	-0.1001837095	-0.070073139	0.0049799522	0.0180061117	0.0389073564	-0.1264020716	-0.0092773709	-0.0278535074	0.0686066419	-0.1128923	-0.1369255291	-0.0144173221	0.0203226236	0.0061762227	0.0540108908	-0.0856161288	0.0346789774	-0.0386147268	0.0802029297	-0.1246966426	-0.0703614663	-0.1159647991	0.05415382	-0.0401977932	0.0261507291	0.0398940876	-0.1598051599	0.0202579881	0.0033697454	-0.0713044197	0.11280241	0.0537971722	0.0312446395	0.0585157941	-0.0007340932	0.0084708167	0.0750165138	-0.081941928	0.0784960539	-0.0368366876	-0.0592107758	-0.0177989398	-0.0048057051	-0.0725786076	0.0941234548	-0.0202152052	-0.075460091	0.0099266593	-0.0554878377	-0.0637827921	0.0749259197	-0.066616947	0.0286915085	0.0507082364	-0.0391244566	0.0048296282	-0.0066535898	0.0346451319	0.041595447	0.0049662031	0.0094346512	0.0784865716	0.0482222259	-0.0770693988	0.0172924936	-0.0976345665	-0.0499435342	0.0809324044	0.0	0.0	0.0	-0.253846	0.0044819999999999	0.064437791716	2.008832399999988e-05	0.0779136	0.0147849	0.00607052906496	0.00021859326801	-0.41306	0.031113	0.1706185636	0.000968018769	-0.00392624	0.0003595799999999	1.292977764e-07	1.54153605376e-05	-0.00132158	-0.0002318399999999	5.3749785599999946e-08	1.7465736964e-06	-0.00453606	-0.0001997199999999	3.988807839999983e-08	2.05758403236e-05	0.0	0.0	0.0	0.0	0.0
57641.88000679721	-95.51952870099922	9123.980363261013	3322586330.718008	98815.2655291411	241.4751246165688	9764456701.594662	58310.23580858743	53975.88815957992	-133.19833824282978	17741.79731065129	2913396502.6154795	65794.62023307382	63221.69985226005	1.164379	19.94931	0.1121675	0.0753392999999999	0.0951754419	-0.0104087378	-0.0681126645	-0.0599759696	0.0549693843	-0.0295396243	0.0502993718	0.0772243487	0.0751695371	-0.0626957813	0.0036255577	-0.0308053369	-0.0189082326	-0.0229627121	0.0155627069	0.0151165476	0.1074335456	0.0414278237	0.077354782	0.0470584355	0.1857171719	0.1108399716	-0.031626042	-0.0108747772	0.0246586444	-0.1360765918	0.0387757207	-0.1321748931	-0.0734695512	0.0206423971	0.1034122589	-0.0699653967	-0.1208498207	0.0439527552	-0.0117198269	0.0265936052	0.0732433912	0.0457006074	0.0400790638	-0.0565775831	-0.0134441298	-0.1030397383	0.0365306807	0.0308567625	0.0091145486	0.0750708557	0.0528328007	-0.0203277767	-0.0320296035	-0.1405075827	-0.0382773215	-0.0648061726	0.0013665925	-0.0001257052	0.0669477676	-0.0458719987	-0.0652067897	0.0596814053	-0.0055920693	-0.0986293457	0.0368977597	-0.165268598	-0.0553398918	0.0407394328	-0.0782161514	0.035287936	0.0776254389	-0.0425162537	-0.0051496594	0.0043231588	-0.1328756034	-0.0908084119	-0.0830189122	-0.0009191362	0.0770221192	0.015577184	-0.0987249362	-0.0453179131	0.0850729874	0.0	0.0	0.0	-0.267415	-0.0135689999999999	0.071510782225	0.0001841177609999	0.0887546	0.010841	0.00787737902116	0.000117527281	-0.486925	-0.073865	0.237095955625	0.005456038225	-0.00403854	-0.0001123	1.2611290000000016e-08	1.63098053316e-05	-0.00120723	0.00011435	1.3075922500000007e-08	1.4574042728999997e-06	-0.00458726	-5.120000000000038e-05	2.621440000000038e-09	2.10429543076e-05	0.0	0.0	0.0	0.0	0.0
57625.6306091874	-16.24939760981215	264.0429226817688	3320713303.106516	98630.00429567676	-185.26123346434903	9727877747.365215	34321.72462473205	53895.15838650335	-80.72977307656402	6517.29626099352	2904688097.506283	65671.45169641307	63332.98357952009	1.223262	20.958147	0.0735688999999999	0.0435169	-0.0383443526	-0.0976735921	-0.0409049024	-0.114369513	0.0137372988	-0.0140950655	0.0901720708	-0.0729036851	0.102803279	-0.1364883716	-0.0792192116	0.0831650337	-0.0525137703	-0.0018796638	0.0137686702	-0.0265598019	0.0248895081	0.0435664126	0.0363938392	0.1150259671	-0.0538249022	-0.0269930882	-0.1001052976	0.1023249799	0.0920803024	-0.1067847331	0.044401629	-0.107442049	0.0325409974	0.1124972511	-0.0587501344	0.127102634	0.0926153141	0.0540994011	0.0095063062	-0.0027921017	0.0234287911	-0.0873640418	-0.0455871188	0.0022049624	0.0387771783	-0.0132551751	-0.0600125856	0.0242075631	0.0283711834	0.0363582678	-0.1128984697	-0.0110502711	0.0221945602	-0.1662464434	-0.0125411552	0.1144545893	0.0428993402	0.116710172	-0.0220035082	0.0340586432	-0.0611268582	-0.1019506393	0.1144055538	0.0778459021	0.0189595427	-0.0468178382	-0.0211211913	0.0886235437	-0.0387809537	0.1053749779	0.0681059595	0.0297922604	-0.0455562317	0.0670016946	-0.0780846346	-0.0165027099	0.1077212363	0.0123986892	0.070082512	0.0138574779	-0.0997038604	-0.0405772022	0.0888295408	0.0	0.0	0.0	-0.269918	-0.0025029999999999	0.072855726724	6.265008999999887e-06	0.0809492	-0.0078054	0.00655277298064	6.092426916000006e-05	-0.454395	0.03253	0.206474816025	0.0010582009	-0.0044078	-0.0003692599999999	1.363529475999998e-07	1.942870084e-05	-0.00144733	-0.0002401	5.7648010000000024e-08	2.0947641289e-06	-0.00459251	-5.250000000000046e-06	2.7562500000000486e-11	2.10911481001e-05	0.0	0.0	0.0	0.0	0.0
57481.03075064609	-144.59985854131082	20909.1190901671	3304068896.156721	97706.61208900498	-923.3922066717788	9546582045.911291	852653.1673421769	53850.616584971125	-44.54180153222842	1983.972083736426	2899888906.581568	65832.73164387795	62722.16413351004	1.285265	22.020435	0.0737448	0.0349911	-0.0950781072	0.0483467305	0.0539876806	-0.0699880147	-0.0558898093	0.1291259238	0.0390941327	-0.0142612537	-0.0748164946	-0.1733683085	0.0733060587	0.134853021	-0.0006701273	-0.1244893586	-0.0423721587	0.0139176565	0.1654558142	-0.060246921	0.0548962103	0.0318516546	-0.0056745665	0.0326194463	-0.0612787187	0.1434967902	0.0154185772	0.039614799	0.0013433675	0.0377700099	0.0188173236	0.0844344282	0.1396000726	-0.0690170646	0.0299195386	0.016880665	0.0936487224	0.0098049105	-0.0030562756	0.0338290206	-0.1813252327	0.0186687268	-0.0493611272	-0.0849561178	0.0422353028	0.177665074	0.0747619795	0.015954341	0.092731235	0.1666177326	0.0305516039	-0.0569894673	0.0525752678	0.0013336585	0.0100042489	0.0714634974	0.0609214132	-0.1101243291	-0.0835256285	0.0667128192	0.1123729692	0.0423129206	0.0412161006	-0.0991695812	0.0654015656	0.0577471787	-0.0034954823	-0.0974398121	0.0566865413	-0.1437096921	0.105494932	-0.0498001424	-0.1061954637	0.0561876903	-0.036385676	0.0077996051	-0.1346103774	0.0121338609	-0.1005702341	-0.0357334409	0.092185107	0.0	0.0	0.0	-0.275812	-0.005894	0.076072259344	3.473923600000012e-05	0.096904	0.0159548	0.009390385216	0.00025455564304	-0.425237	0.029158	0.1808265061689999	0.000850188964	-0.00419777	0.0002100299999999	4.411260089999997e-08	1.76212729729e-05	-0.00156952	-0.00012219	1.4930396100000024e-08	2.4633930304e-06	-0.00446997	0.0001225399999999	1.5016051599999994e-08	1.99806318009e-05	0.0	0.0	0.0	0.0	0.0
57656.63131708247	175.60056643638382	30835.558932778848	3324287134.833976	98200.94011814609	494.3280291411065	9643424640.087711	244360.20039453064	53956.585826890834	105.96924191970902	11229.480233037815	2911313154.094637	65700.7128919804	62785.912874441965	1.202102	20.595608	0.0930471	0.0474375	0.031929296	0.0671206094	-0.0452948853	0.0529130676	-0.0202663414	-0.0510241533	0.0147043649	0.0776822579	-0.1282627676	-0.0817537603	0.0146355066	-0.0799001353	0.0338845539	0.003841048	-0.0535617007	0.0312675676	0.1648700758	0.0073165616	-0.0575034017	0.0022635842	0.0184923982	0.0217072565	0.0592214748	0.031404187	-0.0616492671	-0.0248511275	0.0061881516	0.018226094	0.0359137723	-0.0408766474	0.0473361243	0.0362295203	0.054085909	-0.111326264	-0.0003223126	0.0328434605	0.0569307124	0.0532624848	-0.0567787058	0.0589219377	0.1617385652	0.0139604574	0.0683695581	0.1369640534	0.1263268001	-0.0457346795	0.1378392783	-0.0102871111	0.0400958359	-0.0548643028	0.0750724878	-0.1346099872	-0.0109832768	0.0359861913	0.0702858143	-0.1147612148	-0.0750804152	0.0022957301	-0.0535319757	0.0213245067	0.0131443739	0.0486129849	0.0327350369	-0.0508007107	-0.0035901801	0.0351420204	0.0603463901	-0.0477332619	-0.0174681948	-0.0602266342	0.0016290099	-0.0337231947	0.0179014984	0.0650484543	0.0045081286	0.0104068193	-0.1013230792	-0.0307989307	0.0951245385	0.0	0.0	0.0	-0.267402	0.00841	0.0715038296039999	7.072810000000049e-05	0.0840529	-0.0128511	0.00706488999841	0.00016515077121	-0.458019	-0.032782	0.209781404361	0.001074659524	-0.00382061	0.00037716	1.422496656000001e-07	1.45970607721e-05	-0.0011666	0.0004029199999999	1.6234452639999997e-07	1.36095556e-06	-0.00446997	0.0	0.0	1.99806318009e-05	0.0	0.0	0.0	0.0	0.0
57828.67597086969	172.04465378721943	29599.3628967642	3344155764.543842	98135.04787552722	-65.89224261886557	9630487621.53202	4341.787637343444	54095.83213312686	139.2463062360257	19389.53380037705	2926359054.1754403	65636.49525543785	63406.96359765625	1.281457	21.955202	0.0705857	0.0386702	0.0270721984	-0.1097761853	-0.0602390659	0.0098983356	-0.0807911051	-0.0922823231	0.0110612586	0.064535109	0.0640946189	0.0299400719	-0.0405697593	-0.0353377314	0.1101677604	-0.0364425798	-0.0148682367	-0.0296774539	0.0412981129	0.1499031696	-0.0414233405	-0.1162569663	-0.1320130893	0.0252034131	0.0408265507	-0.0205256488	0.0492101775	-0.0392855481	0.0935096399	-0.0232556195	0.0461394172	0.0470711421	-0.0082327323	-0.0158225848	0.0296019913	0.0446133075	-0.134367601	-0.1186672909	-0.0184707002	-0.0098048482	-0.0427812692	0.0168918467	0.0453841823	-0.1006797374	0.0587473445	-0.0859434711	0.05638563	-0.0303141332	-0.0476835172	-0.1222861452	0.0907431994	0.0091414767	-0.0663648246	-0.0477155033	0.0978747968	0.1335337731	-0.0225835322	0.0379528749	0.0230211824	0.0449936967	0.0471678145	0.0717436396	-0.0713125372	-0.0430829618	0.0885051674	-0.0030864309	-0.0303094544	0.0371692371	0.0038100126	0.0169108993	0.0267645993	-0.0071345205	0.1842669657	0.0100536169	0.0172649725	0.0500602064	0.0095310537	0.0086768406	-0.1019615458	-0.0257862031	0.0976345665	0.0	0.0	0.0	-0.267567	-0.000165	0.071592099489	2.7225000000008663e-08	0.0754206999999999	-0.0086322000000001	0.0056882819884899	7.45148768400018e-05	-0.461337	-0.0033179999999999	0.212831827569	1.100912399999992e-05	-0.0044269	-0.00060629	3.6758756410000026e-07	1.959744361e-05	-0.00146113	-0.0002945299999999	8.674792089999993e-08	2.1349008769e-06	-0.00473856	-0.00026859	7.214058809999998e-08	2.24539508736e-05	0.0	0.0	0.0	0.0	0.0
57791.353503964856	-37.32246690483589	1392.9665358625705	3339840539.820231	98075.6651948332	-59.382680694019655	9618836103.409016	3526.3027664078945	54080.103952240126	-15.728180886733751	247.37567400581696	2924657643.485098	66068.7258895461	63616.03065122768	1.32891	22.768217	0.0572491999999999	0.0266573	-0.0586539588	-0.0070419888	0.1452419578	0.0223232841	-0.0166708264	0.1356724767	-0.1106926807	0.0341658729	0.017007685	0.0339278101	0.0686175425	0.1065996536	-0.0968687303	-0.0191404804	-0.1227628156	-0.0722767126	0.0774112256	0.0881852736	-0.0193799688	-0.1025685399	-0.0626139015	0.1480520919	-0.0540817354	-0.0102239237	-0.0124832756	-0.1202050597	-0.0672162189	-0.0414483536	0.0079772214	0.0814286192	0.0086476076	0.0370552396	-0.0204332923	0.0560037366	0.001824724	0.0255198982	-0.0974309987	-0.0992437019	-0.0540370147	-0.0336483077	-0.1085610045	0.0047706808	0.1191397166	-0.0157956797	-0.0105989982	-0.0459041612	0.088259807	0.1293980322	-0.0152977332	0.0501780428	-0.0935070703	0.0117499609	-0.1015056379	0.0203336812	-0.0099769158	-0.0611608606	-0.1183857693	0.0680585918	0.094457082	0.0099939612	-0.0899695014	-0.164327261	0.0130926632	-0.0951094972	-0.0819772418	0.0455032193	0.0482320813	0.0037823593	0.0335598653	-0.074246029	0.0727941083	0.0622589335	-0.0593292643	0.059105574	0.0104988532	0.0069444129	-0.1024849134	-0.0207079886	0.0997038604	0.0	0.0	0.0	-0.280031	-0.0124639999999999	0.0784173609609999	0.0001553512959999	0.0915329	0.0161122000000001	0.00837827178241	0.00025960298884	-0.457926	0.0034109999999999	0.209696221476	1.1634920999999982e-05	-0.00422559	0.0002013099999999	4.052571609999987e-08	1.7855610848100005e-05	-0.00158714	-0.0001260099999999	1.587852009999999e-08	2.5190133796e-06	-0.00491648	-0.0001779199999999	3.165552639999993e-08	2.41717755904e-05	0.0	0.0	0.0	0.0	0.0
57790.05903830448	-1.294465660379501	1.675641345901738	3339690923.650717	98346.57047426188	270.9052794286836	9672047924.04896	73389.67042233313	53992.857798819394	-87.2461534207323	7611.891286713958	2915228693.283532	65683.23537053804	63290.272033238005	1.314729	22.525242	0.0525322	0.0331452	0.1418991079	-9.79406e-05	-0.0346990352	-0.0178324591	0.0250499597	-0.0388145565	0.0497984549	0.1375629524	0.0330153143	-0.0373568634	-0.0683709893	-0.0977768499	-0.0096677928	-0.120493956	-0.116501072	-0.0753476643	0.0090630195	-0.1292975071	-0.0275123912	0.1006841113	-0.0324101295	0.0415529797	0.1221747401	0.0341790591	0.0938051181	0.0260360864	-0.17086186	-0.1023434307	-0.1109630009	-0.0932595882	-0.0382510795	-0.139159387	0.1761789942	-0.0379680304	-0.0983266881	0.0145484726	0.0871127042	-0.0338243022	-0.0040558473	-0.0281477467	-0.0905419884	-0.0400402378	-0.0137077814	0.0905062306	-0.0857661899	-0.114580398	0.0957273349	-0.0296877594	0.0030840357	-0.1237958829	-0.0478418311	-0.1362472842	-0.0455481407	-0.0187011023	0.0561672209	-0.0146671985	-0.0322335056	0.1118191335	0.069150055	-0.0944505275	0.0166386466	0.0470015062	-0.0379936161	0.0448714211	-0.1183785589	-0.1088534199	0.0581965279	0.0073909073	-0.0871533263	-0.1188989107	-0.0230154701	0.1853429977	0.1004522698	-0.1082564861	-0.0565508492	0.0052100254	-0.102892591	-0.015577184	0.1013230792	0.0	0.0	0.0	-0.284087	-0.004056	0.0807054235689999	1.645113600000003e-05	0.0934616	0.0019287	0.00873507067456	3.719883690000021e-06	-0.488022	-0.030096	0.238165472484	0.000905769216	-0.00414896	7.663000000000027e-05	5.872156900000042e-09	1.72138690816e-05	-0.00139985	0.0001872899999999	3.507754409999996e-08	1.9595800225e-06	-0.00498159	-6.511000000000017e-05	4.239312100000022e-09	2.4816238928100003e-05	0.0	0.0	0.0	0.0	0.0
57699.80599891386	-90.25303939061996	8145.611119244798	3329267612.3122954	98758.71769555214	412.14722129025904	9753284320.869764	169865.33201728176	53968.996662805046	-23.86113601434772	569.3538118952018	2912652600.789862	65647.45582901414	63637.8665710798	1.339327	22.946684	0.1676918999999999	0.0910753	0.0055422372	-0.0926902416	-0.003629806	-0.1155083489	0.0312776092	0.0044921597	0.0430140067	0.0022876868	0.0594651413	-0.0745705454	-0.0391967248	-0.0205193785	0.0748886299	-0.0260499695	-0.0207199113	0.0534431538	0.07071607	-0.0535424269	0.0254095826	0.0500835332	0.1107283307	0.0201226234	-0.0624590436	0.0182112756	-0.0578324082	0.0366056113	0.0746927101	0.0456646548	-0.0949292904	-0.0514957784	-0.0218109316	0.0484990019	-0.0617697796	0.0076852131	-0.142271925	-0.0055098822	0.047703535	-0.0005260419	-0.098396706	0.0730906508	0.0262799913	-0.1224454364	0.0416174477	-0.0375716908	-0.1434238388	-0.0360305599	-0.0749421871	-0.0441888912	0.0022872021	-0.0385205433	-0.0303493009	0.0078575689	0.1850200128	0.134342268	0.0230732604	0.0385363634	-0.0927188707	-0.086011794	0.0726051748	0.0502787102	0.0187738153	0.0335324954	0.0243386327	0.0279140541	0.0478652332	0.0115645008	0.08920276	-0.0022653887	0.0526161868	-0.089995551	0.0840489331	-0.0038430155	-0.1758851614	0.0363007736	0.0884295766	0.0034741674	-0.1031841184	-0.0104068193	0.1024849134	0.0	0.0	0.0	-0.267424	0.0166629999999999	0.071515595776	0.0002776555689999	0.113026	0.0195643999999999	0.012774876676	0.0003827657473599	-0.42265	0.0653719999999999	0.1786330225	0.0042734983839999	-0.00432352	-0.0001745599999999	3.0471193599999945e-08	1.86928251904e-05	-0.00153827	-0.00013842	1.91600964e-08	2.3662745929e-06	-0.00397272	0.00100887	1.0178186769000005e-06	1.57825041984e-05	0.0	0.0	0.0	0.0	0.0
57734.81912633605	35.013127422193065	1225.919091882728	3333309339.550739	98120.76113760544	-637.9565579467017	9627683766.223022	406988.5698272033	54003.5552696535	34.55860684845538	1194.297307306107	2916383981.7625203	65731.4385097697	63038.16459514509	1.178517	20.191536	0.0652055	0.0398932	-0.0138803437	0.0472599705	0.07028399	-0.0194059153	-0.0022090487	0.0734467396	-0.0151597899	-0.0219989119	-0.0270593635	-0.0310664452	0.1393271168	-0.0970390621	-0.0795827234	0.0528461974	-0.0824174111	0.2041059711	0.0641147371	0.1252918301	-0.0704449988	0.036402136	-0.0410296927	0.0806785924	-0.0301907401	0.0053657858	0.025352824	0.0011609641	0.062540619	0.1144523767	0.0641071145	0.0235102424	0.0481721947	-0.0027920161	0.0207750343	0.0152590301	0.1013501511	-0.0075932624	0.0889729037	0.0453934901	-0.0430501876	-0.0203421357	0.0001133045	-0.0708070016	-0.0032172366	-0.110964026	-0.0492719366	-0.0367345126	-0.14694609	0.0658324015	-0.0425023304	0.0106875898	0.0388714786	-0.0249822949	-0.0082682077	0.1681653208	-0.0429729849	0.0127122486	-0.1179036357	0.1085865479	-0.1493880052	-0.073993384	-0.0823512911	-0.0152519876	0.0387467452	-0.0458447157	0.0842078365	0.0616700259	0.0919387391	-0.0786687241	-0.0523830513	0.0695487985	-0.0191679974	-0.1197618392	0.0930734112	0.0375374504	-0.0099958107	0.0017373288	-0.1033591666	-0.0052100254	0.1031841184	0.0	0.0	0.0	-0.267483	-5.900000000003125e-05	0.071547155289	3.4810000000036874e-09	0.129484	0.0164579999999999	0.016766106256	0.0002708657639999	-0.451431	-0.028781	0.203789947761	0.000828345961	-0.00401901	0.00030451	9.272634010000003e-08	1.61524413801e-05	-0.00156831	-3.0040000000000055e-05	9.024016000000035e-10	2.4595962561000004e-06	-0.00403632	-6.360000000000046e-05	4.044960000000058e-09	1.6291879142400003e-05	0.0	0.0	0.0	0.0	0.0
58026.631304419	291.8121780829533	85154.34727751727	3367089940.5389795	98449.975999329	329.21486172356526	9692397774.268456	108382.4251796662	54135.629807132544	132.0745374790422	17443.68345030292	2930666414.6148977	65784.69913810397	63634.63292745536	1.308494	22.418423	0.1185505	0.067698	0.0648564679	-0.0472475474	-0.0139619563	0.1304837802	-0.0177948711	-0.1324449779	0.006231054	-0.0084817866	0.0027062254	0.031148325	-0.1998670421	0.0117105273	-0.0657259411	-0.0637311509	0.0502504818	0.023605799	0.1085118637	0.0059636371	0.0898308859	0.0221870215	0.0492925435	-0.0148412659	0.0755372351	-0.0330315424	0.0492285139	0.1405204555	0.0967354565	-0.0574507431	-0.0406278434	0.0088113332	0.0617349487	0.0609658037	0.0277001876	-0.0094416266	0.042483646	-0.0368518539	-0.0199513296	0.0560603984	-0.1136051851	-0.0804488341	0.0639533022	0.0382399562	0.0418480476	-0.0516978615	-0.0338258707	0.0337841837	0.0344628955	-0.1325889528	0.0466092268	-0.0744220848	-0.0020144112	0.0189145689	-0.1098165947	0.052879265	-0.1137603519	-0.0459426202	0.0473824871	-0.0082446405	-0.0299099496	0.1470820907	0.0392057209	0.029641063	0.0284846344	0.0782636615	0.0818644401	-0.0874019284	0.0739818509	-0.0328844686	0.0934864863	0.0412689326	-0.016177595	-0.0981817251	-0.1590608027	-0.0109537372	0.0672783634	0.0	-0.103417538	-0.0	0.103417538	0.0	0.0	0.0	-0.255509	0.011974	0.0652848490809999	0.000143376676	0.106992	-0.0224919999999999	0.011447288064	0.0005058900639999	-0.393015	0.058416	0.154460790225	0.003412429056	-0.00419871	-0.0001796999999999	3.229208999999987e-08	1.7629165664099995e-05	-0.00141431	0.000154	2.3716000000000022e-08	2.0002727761e-06	-0.00385665	0.00017967	3.2281308900000096e-08	1.48737492225e-05	0.0	0.0	0.0	0.0	0.0
57920.299406348975	-106.33189807002782	11306.472547174786	3354761083.3211093	98422.37255559817	-27.60344373084081	9686963419.472963	761.9501058016947	54132.83700429629	-2.7928028362512123	7.799747682172816	2930364042.13371	66069.77840705782	64155.187041294645	1.447686	24.803205	0.0428209999999999	0.021333	-0.0274785721	-0.0505018262	0.1425953664	0.0230634505	-0.0314266819	0.0973435615	-0.1004647656	0.027986135	0.0339960838	0.0530011326	0.0642323323	0.101669119	-0.013087702	-0.0007449941	-0.0034163087	-0.0914388437	-0.0562545233	-0.1041239663	0.0251624781	0.069066428	0.0665370311	0.011757693	-0.0173504476	-0.0213734991	-0.1141457135	0.0114750229	0.0637993569	0.0103312865	0.0365690483	-0.0550811355	-0.0224781358	0.010401229	-0.101530039	0.0671894945	0.042159184	-0.085818993	0.0795255039	0.0068160208	-0.0307691054	0.0655259024	-0.0071910254	0.0736509001	0.036075447	-0.0467408494	-0.2395357075	0.0338581172	0.0076242488	0.0926206644	0.0334249668	0.0834891438	-0.0603579759	0.0433272965	-0.0281622256	-0.0379078714	-0.0442294685	-0.0551584999	0.0025228492	-0.0391833178	0.0169491108	0.0259286668	0.0353026477	0.0630115057	-0.0613381803	0.0980890743	-0.079854188	-0.0451982795	0.0521274495	-0.0410320401	0.03608235	-0.0600088201	0.116297465	-0.043437511	-0.0543152943	0.0197952189	0.00458952	-0.0017373288	-0.1033591666	0.0052100254	0.1031841184	0.0	0.0	0.0	-0.253007	0.002502	0.0640125420489999	6.2600040000000215e-06	0.115949	0.0089569999999999	0.013444170601	8.022784899999988e-05	-0.379075	0.01394	0.143697855625	0.0001943236	-0.00391144	0.0002872699999999	8.252405289999954e-08	1.5299362873600004e-05	-0.00144472	-3.041000000000003e-05	9.247681000000017e-10	2.0872158784e-06	-0.00388741	-3.07599999999999e-05	9.46177599999994e-10	1.51119565081e-05	0.0	0.0	0.0	0.0	0.0
57831.47114382019	-88.82826252878294	7890.460223882384	3344479054.658508	99314.44706791604	892.0745123178785	9863359396.405895	795796.9355271808	54112.83035755868	-20.00664673760912	400.2659136834855	2928198409.3059244	65901.47879754727	64010.08833147321	1.286909	22.048601	0.119565	0.0682575	0.1405096012	-0.0019362106	0.0230765305	-0.0438880304	0.134019958	0.0089330634	0.0366366036	0.1087266459	0.0378244545	0.0443082729	-0.0156027822	-0.0496637153	-0.0328708898	0.0026191808	-0.0242492788	-0.048993487	0.0489524887	-0.0310595677	-0.0178488124	0.2007790998	-0.016110107	0.0497858849	-0.0544786373	-0.0485581401	-0.069660222	-0.1098403362	-0.0284517146	-0.0764430187	0.0004371683	-0.0967298913	-0.0267769903	-0.0591905751	-0.0639584922	-0.0460236481	0.090496361	0.0523103494	0.0120327547	0.1040223055	-0.1094510745	-0.0782166912	-0.0182807382	0.026162983	-0.1074026875	-0.1879286203	0.035674809	-0.0756221195	-0.0304713364	-0.0242818247	-0.1025523907	-0.0753045198	-0.0853722377	-0.0634110966	-0.0142357868	-0.0754932522	0.0312775719	-0.0426741269	-0.0823599543	0.0126614244	-0.0041949233	0.0197233505	-0.0013373782	0.0691972206	0.0260013617	0.0719820762	-0.0457418658	0.1442666994	0.0600713347	0.0122173248	-0.0523394471	-0.0812120041	-0.1938059143	-0.0365888917	0.0126663654	0.009330748	0.0618086982	-0.0034741674	-0.1031841184	0.0104068193	0.1024849134	0.0	0.0	0.0	-0.261344	-0.008337	0.068300686336	6.950556900000065e-05	0.127098	0.0111489999999999	0.0161539016039999	0.0001243002009999	-0.446057	-0.0669819999999999	0.198966847249	0.0044865883239999	-0.00427595	-0.0003645099999999	1.328675400999995e-07	1.82837484025e-05	-0.00125123	0.0001934899999999	3.7438380099999985e-08	1.5655765129000005e-06	-0.00399135	-0.00010394	1.080352360000006e-08	1.5930874822500002e-05	0.0	0.0	0.0	0.0	0.0
57783.278929928616	-48.1922138915761	2322.4894797714205	3338907323.8939323	98121.46764163152	-1192.9794262845244	9627822412.14774	1423199.911538153	53961.19667764996	-151.63367990872212	22992.7728826608	2911810746.8840213	65818.13844010235	63636.745770856585	1.215667	20.828014	0.0818629999999999	0.0600162	-0.014382789	-0.0999684192	-0.0011065659	-0.0608595746	-0.0203658306	0.0449487899	0.0737885528	-0.0341111181	0.101825498	-0.0899633431	-0.043423876	0.0501676439	-0.0136862489	-0.0487657478	-0.0219807946	-0.0359727667	-0.1615162859	-0.0034296769	-0.036897249	0.0748295982	-0.0172974525	-0.0553401221	-0.149833415	-0.0657329831	-0.0527562659	-0.0918225894	-0.0660093228	0.0885573257	0.1003637652	0.1128109445	0.0282698505	0.0021797245	0.0052655937	0.0350541413	0.0577849381	0.0031282249	-0.1206736209	-0.0033545739	0.1002695113	0.0013342277	-0.0564278187	-0.0450178925	-0.020672717	0.1039742474	0.0493363382	0.0290691215	-0.0854242609	0.0665066195	0.0303934915	-0.124199658	-0.01531469	0.1188085945	-0.0284022962	-0.0307673373	0.0801109172	0.0954767774	0.0523557345	-0.0801513538	-0.0640776272	0.011055326	-0.0230567151	0.0975140344	-0.0339914074	0.038929425	-0.0243818949	0.0283437378	-0.047734776	-0.0021253905	-0.0050626313	-0.1033424235	-0.0297542033	0.0302969433	0.1059896767	-0.0190710965	-0.0901067564	-0.0052100254	-0.102892591	0.015577184	0.1013230792	0.0	0.0	0.0	-0.261046	0.000298	0.068145014116	8.88040000000122e-08	0.112901	-0.0141969999999999	0.012746635801	0.0002015548089999	-0.38724	0.058817	0.1499548175999999	0.003459439489	-0.00420866	6.728999999999936e-05	4.527944099999913e-09	1.7712818995600002e-05	-0.00119549	5.5740000000000086e-05	3.106947600000009e-09	1.4291963401e-06	-0.00403934	-4.798999999999949e-05	2.303040099999951e-09	1.63162676356e-05	0.0	0.0	0.0	0.0	0.0
57716.67355854106	-66.60537138755899	4436.275497674662	3331214406.6631923	99083.35618769172	961.8885460602032	9817511473.416988	925229.5750418116	54148.39513668964	187.19845903968235	35043.26306683163	2932048695.8790746	65779.92001539729	63408.94781389509	1.392466	23.857117	0.1160987999999999	0.0520041	0.0197403366	0.0864267352	0.0775481306	-0.0558094262	0.1214236288	0.0227957303	-0.0335296777	-0.0916057573	-0.077048562	0.0774096329	0.0431166135	-0.0435667719	-0.0596204883	0.1151096322	-0.0325421485	0.0746246794	-0.1558805742	-0.0360699299	0.0153193116	0.1192445614	-0.1608354057	-0.0280467147	0.0574347173	-0.0306217629	0.03275374	-0.0379747977	0.0259814042	-0.0560637029	0.0012158889	-0.0713895867	0.0711866546	0.0127218681	0.0409298329	0.0291972123	-0.0980839802	0.0228495121	-0.0218177234	0.0544970303	0.0049725324	0.0611596527	0.0490793124	0.0746398481	0.0590561092	0.0675563734	0.0838381639	-0.0675270157	-0.070460818	-0.0535105839	-0.133655792	0.1152049752	0.0362147404	0.0322608155	0.0977269379	0.0817015734	-0.1677635439	0.1158991609	-0.0532432276	0.0570642863	-0.0269272786	0.0268850524	-0.0184724574	0.0955223871	-0.0442927855	0.0837677194	0.0330053963	-0.0602782641	-0.1279908816	0.1295616411	-0.1016089986	-0.0800244641	-0.0637023434	-0.0095059927	0.0289584803	-0.0219760302	-0.0549132803	-0.0069444129	-0.1024849134	0.0207079886	0.0997038604	0.0	0.0	0.0	-0.234496	0.0265499999999999	0.054988374016	0.0007049024999999	0.0983662	-0.0145348	0.00967590930244	0.00021126041104	-0.360205	0.0270349999999999	0.129747642025	0.0007308912249999	-0.00390568	0.00030298	9.179688040000028e-08	1.52543362624e-05	-0.00136578	-0.00017029	2.8998684100000007e-08	1.8653550084e-06	-0.00355303	0.0004863099999999	2.364974160999998e-07	1.26240221809e-05	0.0	0.0	0.0	0.0	0.0
57530.5050851252	-186.1684734158553	34658.70049399001	3309759015.3496165	98620.75974166028	-462.5964460314426	9726054252.022282	213995.4718809214	53948.64609287677	-199.74904381287345	39899.68050415723	2910456415.254468	65921.75181284155	62786.56801227679	1.314388	22.519409	0.0484752999999999	0.0231741	0.03557856	-0.0104773854	-0.0960499245	-0.0777634583	0.0026333914	-0.0108278093	0.1241198308	0.0715401843	0.0225148382	-0.0805071655	-0.0331957597	-0.0684758214	0.1421966858	-0.0033572956	0.0744923049	0.039820696	-0.0277748162	-0.1668486966	0.0025360447	-0.0781800936	-0.1232257485	-0.1023046881	0.0708878548	0.0171546277	0.0523547145	-0.0824867807	-0.0578182662	-0.0005106563	0.0546013621	0.0237711392	0.0528619648	0.0974361338	-0.0216143488	-0.0771867801	-0.0714104732	-0.0735645313	-0.1044295141	0.1389426671	0.0117726702	0.0834758438	0.0226606206	-0.0227125691	-0.0314487013	-0.0349525782	0.0131329584	0.0489577191	0.1283360983	0.0374093095	0.0112757554	-0.0888510638	0.0162352395	-0.0695122454	0.0834700815	-0.1548962045	0.0438080456	-0.0464880419	0.0330017765	0.0224963588	-0.0119677953	-0.0973693797	-0.0808650545	0.0694027754	-0.0152113725	-0.0628645819	0.1588962821	-0.0321642845	-0.0968254241	-0.0167167191	0.0070060073	-0.0192145936	0.005690104	0.0689306173	0.0507510062	-0.0465914881	-0.0716689631	-0.0086768406	-0.1019615458	0.0257862031	0.0976345665	0.0	0.0	0.0	-0.241141	-0.0066449999999999	0.058148981881	4.4156024999999794e-05	0.117309	0.0189427999999999	0.013761401481	0.0003588296718399	-0.366728	-0.006523	0.134489425984	4.2549529000000016e-05	-0.00409671	-0.00019103	3.6492460900000016e-08	1.67830328241e-05	-0.00122952	0.00013626	1.8566787600000012e-08	1.5117194304e-06	-0.00355303	0.0	0.0	1.26240221809e-05	0.0	0.0	0.0	0.0	0.0
57594.99606541302	64.49098028781737	4159.086538483648	3317183571.774941	97950.64734710506	-670.1123945552245	9594329315.716938	449050.6213365368	54130.44026959529	181.79417671851843	33049.122688763906	2930104563.7802234	66023.44426613463	62325.53523409598	1.229261	21.060921	0.1043431	0.062252	-0.1129873812	0.0513787578	0.0024038665	0.029662414	-0.0462208357	0.0758905252	0.0033059252	-0.0632663215	-0.0339753414	0.0590302516	0.0854082471	0.0754140339	-0.0230055328	-0.0414844403	0.1283901147	-0.0346178441	0.0685004544	-0.0154710995	-0.1430498466	0.0208237067	0.0046860413	0.05855373	0.0181024234	-0.0414941237	-0.0921480127	-0.0303162023	0.0032266117	0.0181196693	-0.0170880766	-0.0231839011	0.0862209701	-0.063256344	-0.0178188434	-0.1330715303	-0.1319847548	-0.0700013774	-0.0466570989	-0.0236209359	0.0825368209	-0.0959781609	0.027164917	0.0458300463	0.0779408201	0.0803784282	0.0020436558	-0.0604959412	-0.1382867747	0.1120371381	0.0094719661	0.0537363544	-0.0153370144	0.0336699648	-0.0821652539	-0.0515436826	0.0420587252	-0.1645824311	0.0335721545	-0.0248772027	-0.1005785732	-0.0752357885	0.0195004647	-0.0709288523	0.0600591746	0.094731136	0.0035636331	0.0157231067	-0.1047617238	0.1079347042	0.0774596945	-0.0827696678	-0.0362296465	0.0306670923	-0.0351272869	0.0559629049	-0.142737541	-0.0104068193	-0.1013230792	0.0307989307	0.0951245385	0.0	0.0	0.0	-0.239586	0.001555	0.0574014513959999	2.4180250000000026e-06	0.0882663999999999	-0.0290426000000001	0.0077909573689599	0.00084347261476	-0.366784	-5.6000000000000494e-05	0.134530502656	3.1360000000000553e-09	-0.00307497	0.00102174	1.0439526276000003e-06	9.455440500899998e-06	-0.00168157	-0.00045205	2.0434920250000005e-07	2.8276776649000004e-06	-0.00355303	0.0	0.0	1.26240221809e-05	0.0	0.0	0.0	0.0	0.0
58026.1630164833	431.1669510702777	185904.93969523927	3367035594.415494	99103.11304160276	1152.4656944977032	9821427014.536695	1328177.1769940734	54351.216360259874	220.77609066458533	48742.08220913721	2954054719.839781	65866.19883652845	63400.60823758371	1.566393	26.837004	0.1459291	0.0747916	0.0756202758	0.0066467472	-0.021372358	0.1724751535	0.0153854298	-0.2036458763	-0.1301291416	-0.0313428246	-0.0472119608	0.2122820972	-0.1077494069	-0.0051547848	-0.0219496458	0.045296375	-0.0387261777	-0.0519457106	0.0195343449	-0.0018446868	-0.0307041532	0.0178899919	-0.0910538336	-0.0186236744	-0.0706477344	0.0272279032	0.0058062706	0.0259096082	-0.0579258964	0.0344689543	-0.0659723623	-0.1494994821	0.1121148501	-0.0474646803	-0.0655581301	0.1327597791	0.0060383766	-0.0188124148	-0.0132129202	-0.1412662288	0.0274005776	0.0715299189	0.0013145532	-0.0641398348	0.0614590058	-0.0477878484	0.0845686761	0.0245988247	0.0747597414	-0.2027719658	0.004892591	0.1174661142	-0.0405662784	-0.0280505345	-0.0733348487	0.0009383789	-0.0729517658	-0.03172995	-0.032257648	-0.0048822378	-0.0641523112	0.2372839675	0.0477496351	-0.0200161236	0.1048224577	-0.0274367703	0.0442118665	-0.0282846225	-0.1660315206	0.0822606377	-0.096129645	-0.082919449	-0.0340638305	-0.0501224911	0.0311086044	-0.0676989413	-0.0135021709	-0.0121338609	-0.1005702341	0.0357334409	0.092185107	0.0	0.0	0.0	-0.222348	0.017238	0.049438633104	0.000297148644	0.118706	0.0304396000000001	0.014091114436	0.00092656924816	-0.374896	-0.008112	0.140547010816	6.580454400000013e-05	-0.00435781	-0.00128284	1.645678465600001e-06	1.89905079961e-05	-0.00202356	-0.00034199	1.1695716010000009e-07	4.0947950736e-06	-0.00337507	0.00017796	3.16697616e-08	1.13910975049e-05	1.0	0.0	0.0	0.0	0.0
58009.68417123702	-16.47884524627443	271.55234065066145	3365123457.646667	98216.8421743194	-886.2708672833542	9646548086.695168	785476.0501951887	54200.87741302627	-150.33894723360572	22601.79905530889	2937735112.3419013	66061.9354242117	64227.385994419645	1.530528	26.222525	0.0829144999999999	0.0489814	-0.0073305844	-0.1740128346	0.0550352474	0.0618908394	-0.0867031969	0.0494687327	-0.0705475441	0.1123065909	0.1002194534	0.1136759616	-0.0083970495	0.0238518159	0.1402049426	-0.039079708	-0.0041637204	-0.0381192124	-0.067032854	0.0275507956	-0.1582104045	-0.0451487949	0.0732783041	0.1029732067	0.0027080151	0.0235816078	-0.0417515272	-0.0796690522	-0.0644609135	0.074237495	0.0582545238	0.0009185773	0.0881522206	0.1041156741	0.049517251	0.0758108321	-0.0469908873	-0.1344890898	0.0930806938	0.0179848304	-0.0046573802	0.0433629005	-0.0035206228	0.0137094331	-0.0574868883	0.0595625595	0.0459363355	0.0643388532	-0.0475052524	0.0194301332	0.0998288774	0.1287450518	-0.1263283667	-0.0095439104	0.0773148301	-0.1097917184	0.0773012276	0.0523690097	0.0536133504	-0.01104632	-0.0871611587	0.0130557349	-0.0416896151	0.0649200017	0.1178234856	-0.0577539935	-0.0331193793	0.0496950698	0.1013434267	0.0520607079	0.0671091335	-0.1347654184	0.1365952648	0.0216179462	-0.0674620372	-0.0442412127	-0.0331490459	-0.0138574779	-0.0997038604	0.0405772022	0.0888295408	0.0	0.0	0.0	-0.228209	-0.005861	0.052079347681	3.435132100000006e-05	0.13669	0.017984	0.0186841561	0.000323424256	-0.329838	0.0450579999999999	0.108793106244	0.0020302233639999	-0.0042866	7.121000000000037e-05	5.070864100000053e-09	1.837493956e-05	-0.00207277	-4.920999999999962e-05	2.421624099999962e-09	4.2963754729e-06	-0.00321526	0.0001598099999999	2.5539236099999943e-08	1.03378968676e-05	0.0	1.0	0.0	0.0	0.0
57893.88817572784	-115.7959955091792	13408.712575961848	3351702288.10368	98614.24731595092	397.40514163151965	9724769773.691534	157930.8465951682	54199.71896830756	-1.158444718705141	1.3419941662958332	2937609536.243519	66074.6664114005	64226.89762667411	1.362146	23.337646	0.1013535	0.0508127	0.0358009849	0.0333377121	0.1420789196	0.0325191514	0.0820231133	0.068102992	-0.1007686732	0.0124041217	0.0457620167	0.1108473263	0.0823571131	-0.0473944224	-0.1050211246	0.0295047146	0.0540197795	-0.0332182392	0.0076864415	-0.0670919627	-0.0532111239	-0.0406292813	0.0767035576	0.1209820859	0.0069424849	-0.0225137654	0.1405348727	0.0020881142	0.0420952757	0.1128103098	0.0943954252	0.0816640918	0.0111631798	-0.0671845447	-0.0158266787	0.0049383661	0.0297015243	-0.0528816153	0.1055734519	-0.0425733587	-0.0783695719	0.0776101772	-0.0817862854	0.017389375	0.0180426159	-0.0044294002	-0.0283954008	0.0126887183	0.0774351292	0.0394459507	-0.1352222559	0.0546875236	-0.0457535241	0.0444522955	-0.1338136711	-0.0385681137	-0.0526120465	0.0537886267	0.0422387965	0.0005129321	-0.0311046943	-0.0698991047	0.0819903858	-0.0315473894	0.050765385	-0.0462316047	0.0538741595	0.0446406341	0.1146446967	-0.014567753	-0.1106904878	-0.0192286976	0.0053095632	0.0453678388	0.0847257491	-0.0439337292	-0.0109920575	-0.015577184	-0.0987249362	0.0453179131	0.0850729874	0.0	0.0	0.0	-0.222174	0.0060349999999999	0.049361286276	3.6421224999999815e-05	0.126694	-0.009996	0.016051369636	9.99200160000001e-05	-0.375966	-0.046128	0.141350433156	0.002127792384	-0.0046953	-0.0004087	1.6703569000000045e-07	2.204584209e-05	-0.00180399	0.0002687799999999	7.224268839999986e-08	3.2543799201000004e-06	-0.00310885	0.00010641	1.1323088100000076e-08	9.6649483225e-06	0.0	0.0	0.0	0.0	0.0
57797.42547501515	-96.462700712691	9305.052628786198	3340542391.5399303	99013.73130751534	399.4839915644116	9803718987.436842	159587.45951623484	54030.864663864566	-168.8543044429971	28511.776128928348	2919334336.3248487	65852.09570583579	63745.47218533761	1.221803	20.933155	0.0784310000000001	0.0395632	0.0823510947	0.0039694245	0.013257552	-0.0191618519	0.1337426469	-0.0066161743	0.0607664736	-0.0369617275	0.0084112525	-0.0160474531	-0.0386438253	-0.0146160751	-0.0242123966	0.0212659614	0.0784633692	0.0420209988	-0.024499463	-0.1060786428	-0.0250587204	0.0041750562	0.0417225021	-0.0174689994	0.0843888662	0.0301824978	-0.1032253661	0.1182457671	-0.06678074	0.0322502194	0.118032703	-0.0731412595	-0.1053878329	0.1721046151	-0.0592508465	0.0738883428	-0.0696613153	0.0917361662	0.0047222103	-0.0687325232	-0.0123412246	-0.0470075676	0.0194141761	0.2036231741	-0.0589636046	-0.0228893319	0.1828002201	0.0487263069	-0.0523915307	-0.0350596819	-0.0810603677	-0.0986453529	-0.016014832	0.0758836841	-0.0041493137	-0.0657297693	0.0297741419	-0.0282579574	-0.0132061065	-0.1332203126	0.0407073669	0.0200335854	0.1614309641	0.2400116098	-0.0622692281	-0.0402560119	0.0420080514	0.1237853928	-0.0053660731	0.0713473809	-0.0881986236	0.0980942095	0.0493758698	0.0251013679	-0.0836754208	-0.2024426208	0.0061065989	-0.0172924936	-0.0976345665	0.0499435342	0.0809324044	0.0	0.0	0.0	-0.222204	-3.0000000000002247e-05	0.049374617616	9.000000000001347e-10	0.110963	-0.0157309999999999	0.012312787369	0.0002474643609999	-0.356241	0.019725	0.126907650081	0.000389075625	-0.00401497	0.00068033	4.62848908900001e-07	1.6119984100899996e-05	-0.0017839	2.009000000000017e-05	4.036081000000068e-10	3.18229921e-06	-0.00326733	-0.00015848	2.5115910400000112e-08	1.06754453289e-05	0.0	0.0	0.0	0.0	0.0
57584.94774569708	-212.47772931807413	45146.78545616478	3316026206.874663	98684.08110261695	-329.65020489838207	9738547863.06788	108669.25758954528	54111.31958771889	80.4549238543259	6472.994772405378	2928034907.52425	65733.94393338502	63165.85474511719	1.350454	23.137333	0.0698459999999999	0.0364775	0.0021035975	-0.0543295132	-0.0999637776	-0.1403733961	0.0128964285	-0.0411339933	0.1199451699	-0.0283110559	0.0402482667	0.0277674689	-0.0470365878	-0.0223507682	0.1323651441	0.0763455611	0.0522478194	0.1205369306	-0.1032888663	0.0814372144	0.0303664061	0.0110120827	0.0183624812	0.035610897	-0.1522184227	-0.010891196	-0.0513213004	0.0647888408	0.0148756762	0.003544747	-0.0322252339	-0.1369926126	0.0734882964	-0.0103182494	0.0874518879	0.0914249553	0.0150885107	0.012895671	0.0383354818	-0.0182168166	0.0434213103	-0.0762966615	-0.0922164653	-0.0327640893	-0.0137390329	-0.0577683819	0.1165166928	-0.0592075338	-0.0007366446	-0.0640890607	-0.016381352	0.0038929583	-0.0226175695	0.0212621219	0.1814764371	0.035306289	-0.0132491516	0.1425337265	0.0530825854	0.0511101482	-0.1442567249	0.0871748073	0.0685033201	-0.0557513132	0.0093882185	-0.0400210486	0.1151122301	0.010348545	-0.0135582001	0.0365275938	-0.0085370387	-0.0726638388	-0.0613921457	0.0542987952	-0.0775425702	-0.0718709146	0.0183354962	-0.0190029227	-0.0964339822	0.0544423182	0.0764264828	0.0	0.0	0.0	-0.237673	-0.0154689999999999	0.0564884549289999	0.0002392899609999	0.110578	-0.000385	0.012227494084	1.4822500000000796e-07	-0.349225	0.0070159999999999	0.121958100625	4.9224255999999534e-05	-0.004492	-0.00047703	2.2755762090000065e-07	2.0178064000000004e-05	-0.00194933	-0.00016543	2.7367084900000012e-08	3.7998874489e-06	-0.00356439	-0.00029706	8.824464360000003e-08	1.2704876072100002e-05	0.0	0.0	0.0	0.0	0.0
57520.689402820215	-64.25834287686303	4129.134629280493	3308629709.375714	98194.62511383244	-489.4559887845098	9642184401.246094	239567.1649570222	53993.74065061475	-117.5789371041392	13824.80645053912	2915324029.445848	66061.65245692553	63044.212701450895	1.397092	23.936377	0.0487624999999999	0.0247903	-0.1245018407	0.0641971475	0.0864035936	-0.0516639782	-0.021288619	0.142720911	0.0034841229	-0.0661516163	-0.0409033518	-0.0645529428	0.1220395935	0.0873751695	-0.0406316456	-0.0401464607	-0.0329968289	-0.0419140185	0.0972945724	0.0230119349	0.030840425	-0.0297860038	0.0337563626	-0.0808075405	-0.0744598234	0.0003391731	0.0512935598	0.1495994175	0.1138945727	-0.025227365	0.1240960111	-0.1013985756	0.0133845822	-0.0418599684	-0.0658007231	-0.0272138021	-0.0661428626	0.078264455	-0.0251994714	0.0156257839	0.024377273	-0.0203706056	-0.0056050886	-0.0454798897	-0.0645387003	-0.1320116688	-0.0349577051	-0.0228234073	-0.0122551975	0.1684882227	-0.0118713027	0.0217298235	0.0409954957	0.0546401811	-0.0307243238	-0.0042325984	0.0443874642	-0.0821641969	-0.0607282392	-0.0517107293	0.0383808494	0.07033856	-0.0295921852	-0.0698422959	-0.0192229621	0.0207194399	0.0406229679	0.0204040889	-0.0962965048	-0.106668089	0.0660996462	0.0799531472	0.0169013725	-0.0597953191	0.016224634	-0.1182933952	0.093055278	-0.0207079886	-0.0951245385	0.0588028399	0.0715755629	0.0	0.0	0.0	-0.237021	0.0006519999999999	0.056178954441	4.251039999999817e-07	0.130376	0.0197979999999999	0.0169979013759999	0.0003919608039999	-0.3635	-0.0142749999999999	0.1321322499999999	0.0002037756249999	-0.00461253	-0.0001205299999999	1.4527480899999945e-08	2.12754330009e-05	-0.00183169	0.00011764	1.3839169600000003e-08	3.3550882561e-06	-0.00360697	-4.257999999999996e-05	1.8130563999999967e-09	1.3010232580900002e-05	0.0	0.0	0.0	0.0	0.0
57475.89455733638	-44.79484548383334	2006.5781819205044	3303478455.16605	98289.11204706672	94.4869332342787	9660749547.000835	8927.78055201904	54082.070883010434	88.33023239568138	7802.22995507508	2924870390.994965	65822.45523941708	62227.89559584263	1.35606	23.233376	0.047754	0.0270834	0.0283784591	0.1063164328	-0.105013914	-0.0304612313	0.0306130018	-0.0409293274	0.078688032	-0.0039379784	-0.1147396314	0.0027647719	0.0121917733	-0.0011998834	-0.0540562194	-0.03244184	-0.0113586635	-0.0974842022	0.0079331233	0.0550701037	-0.0062375945	-0.0966207667	0.1433623797	0.0107272419	-0.0109878385	0.0524537432	-0.0605614623	-0.0323514401	-0.060982122	-0.0422081787	0.0424696005	-0.0841139153	-0.0151279889	0.0020993424	0.0386548576	0.014792391	-0.0496667937	-0.0306093603	-0.1186559848	0.0731699611	0.0260318469	-0.0414162805	0.0730779531	0.0474302718	-0.0189918215	-0.0298937923	-0.0178346671	-0.0525695379	0.0488627359	0.0126524818	-0.025848919	-0.0382207638	0.0512674874	-0.0848139349	-0.0722854923	-0.0624725973	0.0783143747	-0.0176248151	0.0206605669	-0.0150224907	-0.1058356531	0.0490042038	0.0910720861	-0.0741065892	0.0553069591	-0.0096652064	-0.1205859874	0.0313492474	-0.0594171656	0.0108436211	0.044908434	0.0092307291	0.0201804339	-0.0093916453	-0.074050779	0.0088374975	0.0563866177	-0.0224072101	-0.0937077136	0.0630140253	0.0664015423	0.0	0.0	0.0	-0.238853	-0.001832	0.057050755609	3.356224000000001e-06	0.129508	-0.0008679999999999	0.016772322064	7.534239999999651e-07	-0.38324	-0.01974	0.1468728976	0.0003896676	-0.00456179	5.074000000000051e-05	2.5745476000000513e-09	2.08099280041e-05	-0.00167258	0.00015911	2.5315992100000025e-08	2.7975238563999995e-06	-0.0039034	-0.0002964299999999	8.787074489999993e-08	1.523653156e-05	0.0	0.0	0.0	0.0	0.0
57676.37974002946	200.48518269307533	40194.30847947579	3326564779.9160805	97893.4124209164	-395.69962615032273	9583120195.411629	156578.19413550518	54073.05192518163	-9.01895782880456	81.34160031775505	2923894944.503389	65718.70224941446	62753.90623005023	1.375064	23.558962	0.0770530000000001	0.0383778	-0.0968237441	-0.0532823797	-0.0765421644	0.0479700637	-0.0879401699	-0.0816107669	0.0326408859	-0.0811518651	0.0041195671	-0.0226384603	-0.1373984091	0.047131843	-0.0104999546	0.0002995855	0.0618909836	-0.0145137494	-0.0238091443	0.1199173725	0.0126472176	0.0682320169	0.0829698252	-0.0147851021	-0.0692913738	0.0880484598	0.0878843054	0.0633817235	-0.0416015419	-0.0773710989	-0.0115185244	-0.152061248	-0.0488275982	-0.0070070758	0.0584101643	0.0248755054	0.0311569154	0.0171104558	-0.019664059	0.0059017498	0.125039913	0.1163524356	-0.0118960534	-0.0700987797	-0.0382370109	0.033681889	0.0463242358	0.0300435251	0.0595001126	-0.1068137913	0.1183006617	-0.0417234598	0.0318910734	0.0663372578	0.0027289605	0.0866925451	-0.0776698613	0.0060965685	0.0202646656	-0.1717841724	-0.0873320096	0.1124057438	0.0346875137	-0.0279878361	0.0888919643	0.0314186797	-0.0432210022	0.0560765961	-0.005455399	-0.0699545819	-0.0211223107	0.0501129953	-0.0428558183	0.0717595598	0.0310775993	-0.1191519536	0.0277204876	-0.0241001075	-0.092185107	0.0670651796	0.0609277773	0.0	0.0	0.0	-0.23872	0.000133	0.0569872383999999	1.768900000000585e-08	0.117569	-0.011939	0.013822469761	0.000142539721	-0.37193	0.01131	0.1383319249	0.0001279161	-0.00499157	-0.00042978	1.8471084840000027e-07	2.49157710649e-05	-0.00201979	-0.00034721	1.205547841000001e-07	4.0795516441e-06	-0.00360697	0.0002964299999999	8.787074489999993e-08	1.3010232580900002e-05	0.0	0.0	0.0	0.0	0.0
57610.966030396936	-65.4137096325212	4278.953407887798	3319023406.9555497	97844.24410467791	-49.16831623848702	9573496104.415798	2417.5233217278665	54099.55823427021	26.506309088581474	702.5844214994169	2926762201.1431937	65877.4497961485	62693.51457868303	1.380983	23.660381	0.0817124999999999	0.0348144	-0.0018249607	0.0982520659	0.0127772132	-0.0149574178	-0.0069597135	0.0449491578	-0.0707124671	0.0324518285	-0.1117095519	0.028362001	0.0792413505	-0.0241385282	-0.1238136624	0.0680937332	0.0985483681	0.0164694729	-0.0118268658	-0.0624368198	0.0435890247	-0.0256250173	0.0977018775	0.0652190085	-0.06841672	-0.1232437673	-0.0106431782	-0.0177933036	-0.0197349	0.0071321476	0.0553921709	-0.0190095666	-0.0319923738	0.0584639892	0.0396219664	0.1449837761	0.0106523054	-0.0542125899	0.0542294852	0.0106698544	0.0015115054	-0.0407685124	0.0950256356	-0.0551159094	-0.0440849042	0.0087643138	0.0074930778	0.0974178283	-0.0655125254	0.0574563093	-0.0369475468	0.1102281184	0.0394023504	-0.073954079	-0.0372528362	-0.0146923014	-0.1040247195	0.0939685536	0.0412316086	-0.064149033	-0.0026049779	-0.0634231772	0.0784759823	0.003915519	-0.0526358971	0.0388527154	0.0180636333	0.1106592704	0.082209658	0.0193949543	0.1130383236	-0.0175339186	0.0632890551	-0.0505150781	-0.0581270771	-0.0285487282	0.0197268865	-0.0257862031	-0.0905584372	0.0709460145	0.0551789769	0.0	0.0	0.0	-0.222228	0.0164919999999999	0.049385283984	0.0002719860639999	0.107671	-0.009898	0.011593044241	9.797040400000008e-05	-0.353938	0.017992	0.1252721078439999	0.000323712064	-0.00465358	0.0003379899999999	1.1423724009999989e-07	2.16558068164e-05	-0.00161117	0.0004086199999999	1.6697030439999996e-07	2.5958687689e-06	-0.00360697	0.0	0.0	1.3010232580900002e-05	0.0	0.0	0.0	0.0	0.0
57589.46532923023	-21.500701166703948	462.2801506599045	3316546516.906611	97954.14332702264	109.8992223447276	9595014194.930897	12077.839071975875	54083.25668312221	-16.301551148004364	265.7405698310024	2924998653.4524827	65909.27101405273	62832.84435372489	1.177527	20.174568	0.102156	0.0540868	-0.0419644669	-0.0476351683	-0.0821435342	-0.0292372304	-0.0548979638	-0.0276124413	0.0557122605	0.0250145803	0.0356653398	0.0117344135	0.0305111814	0.0300313913	-0.0090746852	-0.0287483179	0.114329606	-0.0431780767	-0.0549800984	0.015318988	-0.0176938225	0.046159454	0.0969235835	0.0415290019	-0.0804680729	0.0239729717	0.0436042614	0.104600699	0.0405426453	0.0543579923	-0.1077004859	0.0579295456	0.02755297	-0.119710596	-0.1307525477	0.0098625749	0.0548294332	-0.123450627	-0.1293454801	0.0543454249	0.0456844622	-0.0359243512	0.0468693467	0.0896705448	0.0382705486	0.036804262	-0.1128061783	-0.0232145147	-0.0339146798	0.0122003968	0.059043376	-0.0315683081	-0.0653654507	-0.0139999639	0.0342686605	-0.062107381	-0.0312349502	0.0445187204	0.0493256243	-0.1283159211	-0.0100863967	-0.0557896921	0.0476783697	-0.1217540139	0.0346795288	0.1099368919	-0.027516211	-0.0053949431	0.0359694411	-0.0752090519	-0.010553121	-0.0406910119	0.034942839	-0.1004524804	0.012132474	0.0005843888	-0.0825661069	-0.027465021	-0.0888295408	0.0746466742	0.0491810921	0.0	0.0	0.0	-0.237293	-0.0150649999999999	0.056307967849	0.0002269542249999	0.126473	0.018802	0.015995419729	0.000353515204	-0.403044	-0.049106	0.162444465936	0.002411399236	-0.00490448	-0.0002509	6.295081000000004e-08	2.40539240704e-05	-0.00164228	-3.110999999999999e-05	9.678320999999996e-10	2.6970835984000003e-06	-0.00370862	-0.00010165	1.03327225e-08	1.37538623044e-05	0.0	0.0	0.0	0.0	0.0
57666.75115189244	77.28582266220474	5973.098384573759	3325454188.414288	98167.90479414302	213.76146712037732	9636937531.671928	45693.96482545617	53992.53778758383	-90.71889553837536	8229.918007702661	2915194136.743668	65925.56377000564	62897.18175669643	1.117854	19.152185	0.0639415	0.0288525	-0.0295476921	0.0792058103	0.0392962709	0.0093556557	0.0313276211	0.0551852433	-0.0453016419	-0.0016477968	-0.0163127347	-0.0428623159	-0.0052166457	0.0777653667	-0.0045501835	0.0004709336	-0.0453476246	-0.0936261253	0.0354361388	0.149443778	0.1447574001	-0.0130879626	-0.2422031876	0.0225005223	0.0890780373	0.035102388	-0.120728801	-0.0950905005	-0.0579629437	0.1098561737	0.0337528814	-0.1786371267	0.0510076236	0.0592661684	0.1546742103	-0.1134610533	0.0747316336	-0.0243564191	-0.0259317365	-0.0124471131	0.0060242758	-0.0683844152	0.1749961466	0.0427972289	0.0322847162	0.0333494472	-0.0929655866	-0.0416208547	-0.0379248972	0.0722208645	-0.0580365877	-0.0039337992	0.0232386111	0.0337415852	-0.0974175773	-0.0161841369	-0.1007191385	-0.0378311045	0.0713977317	0.0754737642	0.11651987	0.1279505031	-0.1322161128	-0.0740308269	0.007847109	-0.1735885772	-0.0414985325	0.050742163	-0.01851405	-0.0653592561	-0.1492022519	-0.1173748956	-0.1016168012	0.1461406832	-0.0937512556	0.1443542235	-0.0315109445	-0.0291360874	-0.0870003692	0.0781577603	0.0429611979	0.0	0.0	0.0	-0.239686	-0.002393	0.057449378596	5.726449000000029e-06	0.108149	-0.018324	0.0116962062009999	0.000335768976	-0.394327	0.008717	0.1554937829289999	7.598608900000053e-05	-0.00475662	0.00014786	2.186257960000016e-08	2.2625433824399995e-05	-0.00138305	0.00025923	6.720019290000002e-08	1.9128273025e-06	-0.00399168	-0.0002830599999999	8.012296359999995e-08	1.59335092224e-05	0.0	0.0	0.0	0.0	0.0
57614.07610317541	-52.6750487170284	2774.660757341316	3319381765.2224874	99043.7249269076	875.8201327645802	9809659447.396938	767060.9049557669	54047.77700901173	55.239221427895245	3051.3715839600413	2921162199.6158566	65745.20823077507	62800.04392633928	1.184085	20.286934	0.0442579999999999	0.0251705	0.0218127641	0.0166944242	-0.0493186125	-0.052319764	0.0658299053	-0.063318526	0.0159336939	0.0345267693	-0.0338107269	0.0159183866	-0.008106542	-0.0545347845	0.046463859	0.0523434335	0.0517159281	0.0549142024	-0.0635888106	-0.0840684634	-0.0326425056	-0.0007849299	0.0011245091	0.0811110817	0.1535700565	0.0304511169	0.0849022572	0.1169080479	-0.0082628649	-0.063669119	0.0171175602	-0.0715784236	0.0512414515	-0.1325377162	-0.0024274154	-0.1194868758	0.012084213	0.0100792786	-0.064069235	0.0697003388	-0.026201812	0.1486085927	0.0589333786	0.0247923051	-0.0048009182	0.0210078105	0.0759989276	-0.0026896386	0.0526002674	-0.0814877907	-0.0274091759	0.0200567305	0.006015556	-0.064459101	0.1480152826	-0.0206635866	-0.084354473	-0.0689647629	-0.0589719572	-0.0170140415	-0.0280806823	-0.0544671942	-0.0093491481	0.0225722089	-0.1062323557	-0.0040316126	0.0238238172	-0.0710782196	0.0096425925	0.0682836017	-0.0457676689	0.0389427784	0.036364404	0.1065198508	0.0169458808	-0.0964835338	0.0257497226	-0.0307989307	-0.0850729874	0.0814703562	0.0365473717	0.0	0.0	0.0	-0.245893	-0.0062069999999999	0.060463367449	3.852684899999988e-05	0.108593	0.0004439999999999	0.011792439649	1.9713599999999997e-07	-0.38184	0.0124869999999999	0.1458017856	0.0001559251689999	-0.00510272	-0.0003461	1.1978521000000016e-07	2.60377513984e-05	-0.00149579	-0.00011274	1.2710307600000016e-08	2.2373877241e-06	-0.00403524	-4.355999999999978e-05	1.897473599999981e-09	1.62831618576e-05	0.0	0.0	0.0	0.0	0.0
57569.66652553381	-44.40957764159975	1972.2105863052768	3314266503.861168	97723.3492978336	-1320.3756290739984	9549852997.986397	1743391.801852557	54041.08504680514	-6.691962206583412	44.78235817434073	2920438873.0360265	65976.39058230504	62630.15340764509	1.165493	19.968397	0.053409	0.0292081	-0.0693715846	0.0279617483	-0.0002876918	-0.018842083	-0.0707668226	0.0742294051	0.0056497816	-0.0280528276	-0.0108876054	-0.0078587136	0.1027407086	0.0152463914	-0.0550188398	0.0070850834	0.0712743688	-0.0213924068	0.0121651907	0.0182656555	0.0377288655	-0.0319691323	0.0250661064	0.0192679554	-0.0212204385	-0.0882326009	0.1029469292	0.0736739864	-0.0202800057	0.0824159894	0.0397737859	-0.0067140406	0.0914833424	-0.0311936096	0.0985153992	-0.0701734998	0.0305828379	0.1225126852	0.0751791236	-0.0465121726	-0.0128238708	0.2022904921	-0.1371510013	-0.0183175511	-0.109143911	0.0153640025	-0.1162504362	-0.0264418333	0.046753224	0.1240153647	0.0189412998	0.0046722266	0.0120732147	0.0136949903	-0.0577347997	-0.0295801617	0.0100841944	-0.0346438727	0.0253101603	-0.0241240106	-0.030978264	-0.04189254	0.0034715855	-0.1679403151	-0.0583132603	0.0239582995	0.0732991087	-0.0498921961	-0.0129431716	0.0193356721	0.0127058336	-0.0883056247	0.0564518888	-0.0979789183	0.0254058595	-0.0594474604	-0.0430816595	-0.0324530815	-0.0830495711	0.0845760492	0.0299685663	0.0	0.0	0.0	-0.254319	-0.008426	0.064678153761	7.099747600000028e-05	0.133418	0.024825	0.017800362724	0.000616280625	-0.381781	5.900000000003125e-05	0.1457567319609999	3.4810000000036874e-09	-0.00504079	6.192999999999997e-05	3.835324899999996e-09	2.54095638241e-05	-0.00173803	-0.0002422399999999	5.868021759999996e-08	3.0207482809e-06	-0.00393743	9.781000000000026e-05	9.566796100000051e-09	1.5503355004899996e-05	0.0	0.0	0.0	0.0	0.0
57751.71794495492	182.05141942111368	33142.71931324225	3335260925.5936284	98072.4797138612	349.1304160276049	9618211277.225718	121892.04739560852	53991.99423522494	-49.09081158020126	2409.907781602822	2915135441.4965634	65688.70579377386	62789.657382952006	1.089072	18.659061	0.1115735	0.0647995	0.0023942802	0.054579721	-0.0376576187	0.0812930826	-0.0342362716	-0.0776299963	0.0222181887	0.0075601931	-0.0439007619	-0.0605548608	-0.0764270808	-0.0060594265	0.0219538447	0.0314874762	0.0427461557	-0.0379715275	-0.0053433086	-0.0067565323	0.0478251247	-0.0409550191	-0.0007904494	-0.0055289909	-0.0529110482	0.0566552081	0.0331858837	-0.0165427753	0.1176091723	0.0355970578	-0.1510851033	0.0336546145	-0.0877656882	0.0829084264	0.1706036428	-0.0195161284	-0.0074761523	0.1120109305	0.0943082484	-0.0100337195	0.0485437313	0.0092385108	-0.088678514	0.0284946263	-0.0575772735	-0.0823102934	0.2500935988	-0.0869538402	0.0115797031	-0.0479036271	0.045881083	-0.0353072582	0.0897278266	-0.0300015878	-0.0316682523	-0.0018715212	-0.0631397481	-0.0389667351	0.1053814404	0.0315564601	-0.0010704887	0.0439544593	0.0040562629	0.0547647233	-0.0012271605	-0.0586198414	-0.0321525187	-0.0826661772	-0.0487027375	-0.1735097295	-0.0691987697	0.0006514283	0.0371757556	0.1024910113	0.0529393904	-0.0483230939	0.2463571605	-0.034098073	-0.0809324044	0.0874669519	0.0232544792	0.0	0.0	0.0	-0.239641	0.014678	0.057427808881	0.000215443684	0.132713	-0.000705	0.017612740369	4.970250000000158e-07	-0.328471	0.0533099999999999	0.107893197841	0.0028419560999999	-0.00532406	-0.00028327	8.024189290000022e-08	2.8345614883600003e-05	-0.00158024	0.00015779	2.4897684100000032e-08	2.4971584576e-06	-0.00352088	0.0004165499999999	1.7351390249999957e-07	1.23965959744e-05	0.0	0.0	0.0	0.0	0.0
57860.92079107415	109.20284611923124	11925.2616005405	3347886154.790957	98175.47046946894	102.9907556077378	9638423001.901567	10607.095740652778	54247.19565014904	255.2014149241004	65127.76217926285	2942758235.905549	65957.56503933358	63332.82977092634	1.226216	21.008749	0.046524	0.0242694	-0.0286199901	-0.00691375	0.0443557655	0.0257042613	-0.0095770618	0.0251411896	-0.1012315946	-0.0564934678	0.0007485471	0.1329218437	0.0589253323	0.0581680862	-0.0401452664	0.0583845981	-0.010665179	0.0231903066	-0.0703023233	-0.0761102088	0.0520122944	0.023941189	-0.1548857455	0.003626561	-0.0669093989	-0.0820385506	0.0655010444	-0.0668269969	0.0180450281	-0.004404425	-0.0817851431	8.65546e-05	0.0643478016	-0.0305326376	-0.0790791492	-0.0870169977	-0.0114526662	-0.079631	0.0320386287	-0.116302506	0.1637258148	-0.0822037805	0.1082095244	-0.024897918	0.0618024424	0.0488421146	0.0306001256	0.0369351116	0.024290232	-0.0015294828	-0.0252229135	0.1682869408	-0.0301698157	0.0602812075	0.0346443859	0.0033928608	-0.1447384337	0.0258674851	0.0397661489	0.0249047786	-0.040025406	0.0493907678	0.0913389094	0.0068494266	-0.0450470442	0.1154882559	0.0338086369	-0.0095034118	-0.0486747857	-0.016398461	0.0342655694	-0.0314420218	-0.0282978072	0.0772457553	0.0169197598	0.1792997383	0.009177018	-0.0357334409	-0.0787238772	0.0901357226	0.0164354186	0.0	0.0	0.0	-0.224985	0.014656	0.0506182502249999	0.000214798336	0.121899	-0.010814	0.0148593662009999	0.000116942596	-0.325297	0.003174	0.105818138209	1.0074276000000065e-05	-0.00535554	-3.147999999999953e-05	9.909903999999703e-10	2.86818086916e-05	-0.00182905	-0.00024881	6.190641610000006e-08	3.3454239025e-06	-0.00344357	7.731000000000014e-05	5.976836100000022e-09	1.18581743449e-05	0.0	0.0	0.0	0.0	0.0
57819.29608553483	-41.62470553932508	1732.6161112355198	3343070999.826743	98479.99234926188	304.52187979294104	9698308893.11068	92733.57527262645	54127.80247240592	-119.39317774312076	14254.730891600426	2929819000.4917927	65859.99750607218	63543.629781668526	1.096694	18.789663	0.0794025	0.0331702	0.0398539313	-0.0350252733	-0.0509652425	0.0349774278	-0.0139167044	-0.060735495	0.0409145355	0.0719780919	0.0422363092	0.0514636726	-0.0524624974	-0.0359961611	0.0514436625	-0.1087468967	-0.033537855	-0.0431869699	-0.155656831	-0.0385775968	0.0076575858	-0.1132136272	0.0411380961	0.0780624956	-0.0230020492	0.040194502	-0.0730217847	0.063245572	0.0001954499	0.0381894105	-0.0697655565	-0.0116532941	-0.00810832	0.0735688916	-0.1259503002	0.0367223632	0.1048904665	-0.0310350617	-0.1120206893	0.0735873651	0.0755565306	0.0842088469	0.1048729486	-0.1006209901	-0.0177132513	0.0575797855	-0.0790462483	0.0063778444	0.0197229803	-0.0337108692	0.030558638	-0.0118488681	-0.040726123	-0.0392681288	-0.0124078197	-0.1046728818	0.0206940203	0.0659758159	0.0923010838	0.0098175881	-0.0590237333	0.0516384914	0.0544586872	-0.016522489	0.058546315	-0.0478088245	0.0048841323	-0.107167232	-0.0296394929	0.0455393363	-0.087521308	0.0731733269	0.0379434105	0.0991854901	-0.0587708221	0.0047096291	-0.0085196586	-0.0373587237	-0.0764264828	0.0925755837	0.0095421666	0.0	0.0	0.0	-0.239606	-0.014621	0.057411035236	0.000213773641	0.131526	0.009627	0.017299088676	9.26791290000002e-05	-0.345865	-0.0205679999999999	0.1196225982249999	0.0004230426239999	-0.0055981	-0.00024256	5.8835353600000083e-08	3.133872361e-05	-0.00149095	0.0003381	1.1431161000000005e-07	2.2229319025e-06	-0.0033325	0.00011107	1.23365449e-08	1.110555625e-05	0.0	0.0	0.0	0.0	0.0
57844.865978545415	25.569893010586384	653.8194285728345	3346028520.075881	98453.40778374232	-26.584565519558964	9693073504.231852	706.7391238637234	54104.348741966285	-23.453730439636274	550.0774715351212	2927280552.792309	65925.08039596525	63727.047109375	1.055464	18.083269	0.0920454999999999	0.0515096	0.0039614247	0.0369985189	0.0917254258	0.0359492358	0.0537603055	0.0578790521	-0.0560254973	0.0178483465	0.0111539225	0.0311610233	-0.0035358618	0.0146124798	-0.0114447081	-0.0583918348	0.0083942247	-0.0030713958	-0.0503398929	0.073151668	-0.0193979374	-0.1495684486	0.0805737588	-0.0966154013	0.0654165921	-0.1021485285	-0.0871969738	0.0575829676	0.0095394496	-0.1141148852	0.1022946118	-0.0358544703	0.1332817148	0.0951463198	0.1132113658	-0.0734907814	0.1198829895	0.0627981056	-0.0485432448	-0.042653089	-0.0134250762	-0.0828259681	-0.0717006394	-0.1099313062	0.0866486875	-0.0339754436	-0.0975603892	-0.0454421967	-0.0570558231	0.0194687654	-0.0621517185	0.0525313563	-0.0130733003	0.0147659643	-0.0596465516	0.0187174386	-0.0133715783	0.0616475764	0.0550947047	-0.0447196042	0.0280713864	-0.0496767155	-0.0884102084	-0.0380099984	0.002062461	-0.1754752985	-0.042632596	-0.1377496959	-0.0459608929	0.0235259248	0.1332391951	-0.0211527548	0.0108503421	0.0229325026	-0.1304110641	-0.0504984491	0.1098987214	-0.0389734627	-0.0740428144	0.0947803389	0.00260584	0.0	0.0	0.0	-0.256416	-0.0168099999999999	0.065749165056	0.0002825760999999	0.131759	0.0002329999999999	0.0173604340809999	5.428899999999218e-08	-0.37764	-0.031775	0.1426119695999999	0.0010096506249999	-0.00536434	0.0002337599999999	5.464373759999979e-08	2.8776143635600003e-05	-0.00154662	-5.567000000000007e-05	3.0991489000000075e-09	2.3920334244e-06	-0.00390762	-0.0005751199999999	3.307630143999997e-07	1.5269494064399997e-05	0.0	0.0	0.0	0.0	0.0
57851.81355810661	6.9475795611942885	48.26886175912463	3346832331.961928	99193.01684720092	739.6090634585998	9839254591.249086	547021.5667501072	54125.78298045129	21.434238485002425	459.4265794319591	2929600383.24691	65725.6962287474	63461.47414285714	1.259869	21.585323	0.0666274999999999	0.0490416	0.0820395425	-0.0398934919	-0.055105067	0.0470783471	0.0548754295	-0.1526002728	-0.0009554163	-0.0122672162	0.0431916338	0.0483677705	-0.0862494005	-0.0430964286	0.1010586875	0.0250026216	0.0678966538	0.1584972624	0.0595797383	0.0795626076	-0.1070441204	-0.0607402547	-0.1218731552	0.0015276445	-0.022815087	-0.0158577867	0.1022972726	0.0651981363	-0.124663046	-0.0837264039	-0.0168849917	0.05355674	-0.0071333408	0.0247759195	-0.0230679023	0.124947037	-0.0074615682	0.0534707893	-0.0318291661	0.0402908852	0.0681971483	0.0254726465	-0.0013214926	-0.0311239651	0.0169135148	-0.0451713723	-0.0971538909	0.1040307358	0.0228745895	-0.1864671715	-0.0204839305	0.0079418921	-0.0065071487	0.0164397263	0.1144350601	0.0519958194	-0.0513323539	-0.0672606849	-0.0442002041	0.0045105707	0.0453468203	0.0103205856	-0.0434404083	-0.0465995712	0.0925951679	-0.0973193822	0.1481424633	0.0083242872	0.0291697342	0.1424120978	0.0556045848	0.147652561	0.0240990416	-0.056124202	0.1043673844	-0.1186909214	-0.0558778711	-0.0405772022	-0.0715755629	0.0967443889	-0.0043422496	0.0	0.0	0.0	-0.256308	0.0001079999999999	0.0656937908639999	1.1663999999999351e-08	0.118233	-0.0135259999999999	0.013979042289	0.0001829526759999	-0.377399	0.0002409999999999	0.142430005201	5.8080999999995774e-08	-0.00623258	-0.0008682399999999	7.538406975999988e-07	3.88450534564e-05	-0.00170476	-0.0001581399999999	2.500825959999999e-08	2.9062066576e-06	-0.00387895	2.8669999999999737e-05	8.21968899999985e-10	1.50462531025e-05	0.0	0.0	0.0	0.0	0.0
57747.39580310166	-104.41775500494988	10903.067560273734	3334761722.040083	98119.61518644556	-1073.401660755364	9627458884.33616	1152191.1253123735	54083.35929786466	-42.42368258662464	1799.7688442106785	2925009752.941924	66110.06513353357	63337.28370675224	1.373608	23.534016	0.1495175	0.0849890999999999	-0.0797664793	-0.0011839687	0.0625052691	0.0201491899	-0.0569965804	0.0933306985	-0.0369794817	-0.0415569433	0.0411616966	-0.0055783887	0.0330478867	0.0208407245	-0.1063582745	0.0235781488	0.0227868956	0.0729722483	-0.0314417535	-0.047253914	-0.0169750314	-0.0027967213	-0.0249883447	0.0203731122	0.0492076695	-0.0447740562	0.0278296221	0.1322486089	-0.0759041567	-0.0611461576	-0.1151433531	0.0184524099	-0.0874123103	-0.0108077605	0.0045699353	-0.0745532347	-0.0312664938	0.1096848663	-0.0680799038	0.0360928824	0.0294443388	-0.1185942001	0.1376762986	0.1324358271	0.0421996977	0.0198273557	-0.0177125184	0.0204764758	0.0600238845	0.1223895433	0.029695589	0.040279594	0.0286818686	0.0640217253	-0.0671149104	-0.0940148029	-0.058678563	-0.0126764823	-0.0162567965	0.0051098869	-0.1097214985	-0.0702206107	0.0338974667	-0.014917691	-0.072371905	-0.0065766799	0.117387738	-0.0009390391	0.0940440669	0.028431347	0.0882900281	0.1036694876	-0.0760382064	0.0584097629	0.0188646889	0.0172057423	0.0223717927	-0.0421694894	-0.0690275134	0.0984627459	-0.0112707377	0.0	0.0	0.0	-0.256168	0.0001399999999999	0.065622044224	1.9599999999992572e-08	0.133279	0.015046	0.017763291841	0.000226382116	-0.297378	0.080021	0.0884336748839999	0.006403360441	-0.00562746	0.0006051199999999	3.661702143999998e-07	3.16683060516e-05	-0.00130127	0.00040349	1.6280418010000005e-07	1.6933036129e-06	-0.00380135	7.759999999999972e-05	6.021759999999956e-09	1.44502618225e-05	0.0	0.0	0.0	0.0	0.0
57774.88301924839	27.487216146728315	755.5470514969618	3337937107.8878355	98438.45071055408	318.8355241085228	9690128578.294186	101656.09143355644	54090.41744335646	7.058145491799223	49.8174177834057	2925773259.196561	65737.56763017218	62985.17393345424	1.145137	19.619633	0.054184	0.0430014	0.0444060373	0.0507554456	-0.0400638238	0.0766201812	0.0183879597	-0.0729026659	0.0329175396	0.0475612567	-0.0174112543	0.0216494649	-0.019217349	-0.1068588783	0.0170328984	0.0531153782	-0.0024740259	0.0348823413	-0.0231635622	-0.0716217218	-0.0190566243	-0.0194179761	0.0471556973	-0.0584926262	0.078048092	0.0616751369	-0.0619916062	0.0468777507	0.0611867627	0.1148000287	-0.0066920225	-0.0203737799	0.0073127407	-0.0044427584	-0.0310348131	-0.0551174946	0.0439265982	0.1082314872	0.1476156479	-0.1220155329	-0.0852814459	-0.0215757215	-0.0099524496	-0.0551226842	0.0653019709	-0.0216254766	-0.0818449896	0.0591157574	0.0736446486	-0.0681628939	-0.0147866818	-0.013124562	0.0496038538	-0.0447853936	-0.0649796577	-0.055837707	0.0266243885	-0.0190562947	0.1021332656	0.1386429191	-0.0891289618	-0.0812373621	-0.0078267623	0.1266101055	-0.047361152	-0.0546768107	0.0025221547	-0.1273948875	-0.0237688812	-0.0762119591	-0.0038265807	0.0094522561	-0.0217127111	-0.0235116891	0.0696903502	0.0073618051	0.0427411552	-0.0437498751	-0.0664015423	0.0999310458	-0.0181483484	0.0	0.0	0.0	-0.256166	2.000000000002e-06	0.065621019556	4.000000000008001e-12	0.136204	0.0029249999999999	0.0185515296159999	8.555624999999902e-06	-0.33854	-0.041162	0.1146093316	0.001694310244	-0.0055111	0.00011636	1.3539649600000058e-08	3.037222321e-05	-0.00122385	7.741999999999992e-05	5.993856399999988e-09	1.4978088225000005e-06	-0.00380947	-8.119999999999915e-06	6.593439999999862e-11	1.45120616809e-05	0.0	0.0	0.0	0.0	0.0
57893.15889423888	118.27587499048968	13989.182604765943	3351617846.75359	97707.84330066142	-730.607409892662	9546822642.466606	533787.1873900641	54216.6082281576	126.19078480113969	15924.114168727545	2939440607.765527	65834.45895658938	63302.58646707589	1.26278	21.635204	0.0957065	0.043897	-0.0609054044	-0.0689203478	0.0341878071	0.0897259982	-0.0891662323	0.001804849	-0.0678864958	-0.0657131831	0.0236787665	0.1324218943	0.0690452857	0.1477638331	0.0577092257	0.0797597542	0.0306930582	-0.0316616465	-0.0058161754	0.0259043883	-0.149763516	0.1102772431	0.024727212	-0.0421557381	0.0348293344	0.2461525644	-0.058385157	0.0063479411	-0.0742444619	0.1257238063	-0.0711025336	-0.0063046258	-0.0582931211	-0.0372161971	0.0920963568	0.0938417266	-0.1524515995	0.0136123625	-0.125693495	0.0080380931	-0.106979524	-0.0332748022	-0.0531070688	0.0638846565	0.0252480797	0.067442242	0.013314329	-0.1001027146	-0.0297468854	-0.0329346581	0.0698272032	0.1426985783	-0.0557061526	0.0612774917	0.0520094539	0.0274910859	-0.032075579	-0.1266148692	0.0337829004	-0.0082440396	-0.0997736906	0.0228869199	0.1337443943	0.0227187713	0.083546714	0.0227984521	-0.0981648878	0.0186072684	0.0695689899	0.0032749547	-0.0735321662	-0.0261321838	0.010544463	0.0359890192	0.0853387291	0.009447101	-0.0610539593	-0.0453179131	-0.063700614	0.1011455599	-0.0249440353	0.0	0.0	0.0	-0.233982	0.022184	0.054747576324	0.000492129856	0.148266	0.012062	0.021982806756	0.000145491844	-0.343964	-0.0054239999999999	0.1183112332959999	2.941977599999983e-05	-0.00596989	-0.00045879	2.1048826410000053e-07	3.56395866121e-05	-0.00159111	-0.0003672599999999	1.3487990759999992e-07	2.5316310321e-06	-0.00351479	0.00029468	8.683630240000017e-08	1.23537487441e-05	0.0	0.0	0.0	0.0	0.0
57967.38528687191	74.22639263303427	5509.557363313364	3360217756.996654	98501.1884166507	793.345115989272	9702484119.49252	629396.4730640315	54212.34084796479	-4.2673801928103785	18.210533709990344	2938977900.215912	65948.18083484234	63855.17836715262	1.269493	21.750229	0.0615995	0.0375099	0.1218963514	-0.0042029554	-0.0242194647	0.0912826057	0.0192820068	-0.0572097701	-0.0260252749	0.1381866182	0.0511639382	0.0895628027	-0.0704054068	-0.0298737857	-0.0655895472	-0.066081094	-0.0592646025	-0.0683387122	-0.0259794792	-0.016599031	0.1122832525	-0.0647773475	-0.0761541695	0.0011888368	-0.14333582	-0.0298165807	-0.0131868642	0.0509939747	0.0809284167	-0.0238671122	-0.0376271727	-0.131907698	0.0424188682	-0.0611225445	-0.1032551802	-0.0201415973	0.0889894393	0.0201900516	0.0556435046	0.07768323	0.018496548	0.0068003935	-0.0977778396	-0.0065715409	-0.2472713009	-0.1066341281	-0.0050405155	-0.034828449	0.0060614838	-0.0642470675	0.0015628975	-0.0217861964	-0.085964202	-0.0546691611	-0.1035688665	-0.1254721879	-0.0101580429	0.0196175188	0.0085461395	0.0518226267	0.0090990921	0.0940782755	-0.0196826564	-0.0491846674	-0.0086035659	0.0309144918	0.0334184227	-0.0869745263	-0.0486350911	-0.0412787945	-0.0235440022	0.0091686718	-0.0470168812	-0.0403493616	0.0468794035	-0.0295114342	0.0416389562	-0.046873161	-0.0609277773	0.1021032036	-0.0316271219	0.0	0.0	0.0	-0.224727	0.0092549999999999	0.050502224529	8.565502499999973e-05	0.148528	0.0002619999999999	0.0220605667839999	6.864399999999186e-08	-0.362923	-0.018959	0.1317131039289999	0.000359443681	-0.00545676	0.00051313	2.6330239690000056e-07	2.97762296976e-05	-0.00163155	-4.0440000000000094e-05	1.6353936000000074e-09	2.6619554025e-06	-0.00340589	0.0001088999999999	1.1859209999999976e-08	1.16000866921e-05	0.0	0.0	0.0	0.0	0.0
57956.5904565356	-10.794830336308223	116.5283619896803	3358966377.346594	99063.10111316142	561.912696510728	9813498002.156445	315745.8784999575	54093.76278554629	-118.57806241849904	14060.756886925452	2926135172.298953	66089.6519439083	64428.95464006696	1.344204	23.030247	0.0262815	0.0153926	-0.0376333162	-0.1062870709	0.0857649612	-0.0062934368	0.0433929683	0.0807876673	-0.1071277187	-0.0529023525	0.1509354257	0.0251036411	-0.0568322094	0.0921313457	-0.0619640782	-0.087206469	0.0821343237	-0.0565682535	-0.0156676747	0.0472930858	0.0871360047	-0.0328933512	-0.0706892243	-0.1117306174	-0.0531919856	0.0160972683	-0.0159257094	0.1088654031	0.0677998702	-0.0245092441	0.1176931961	0.1759293359	0.100697515	-0.0448035845	-0.0473619802	-0.0770047437	-0.0194356401	-0.0142612567	-0.0419081182	0.0611741316	0.0076846206	0.0472123148	0.0158628465	0.1876842179	-0.0658996226	-0.1357478067	0.080187325	0.0531260866	0.0263060054	0.0555112333	-0.0085365208	-0.028183059	-0.1097970314	0.1568485552	-0.0637746011	-0.0746220466	0.0127400399	-0.0118398903	0.0123222915	-0.2220791508	0.0925293748	0.0560105335	-0.0898680126	-0.002323482	-0.0415272305	0.0742059242	0.0421779976	-0.0900742579	-0.1117416608	-0.037469791	0.0517243385	0.037799694	-0.0032637952	-0.0378925866	-0.0282449949	-0.0046265463	-0.0410541343	-0.0484151798	-0.0580861624	0.1028015449	-0.0381674398	0.0	0.0	0.0	-0.216078	0.008649	0.0466897020839999	7.480520100000031e-05	0.142629	-0.0058989999999999	0.020343031641	3.4798200999999855e-05	-0.362882	4.100000000001325e-05	0.131683345924	1.6810000000010862e-09	-0.0054841	-2.7340000000000697e-05	7.474756000000381e-10	3.0075352810000005e-05	-0.00183191	-0.0002003599999999	4.014412959999996e-08	3.3558942481e-06	-0.00339974	6.1499999999999055e-06	3.782249999999884e-11	1.15582320676e-05	0.0	0.0	0.0	0.0	0.0
57751.34924178987	-205.24121474573624	42123.95623030541	3335218339.247183	99697.23121764764	634.1301044862194	9939537912.465096	402120.98941570346	54184.25619702404	90.49341147774976	8189.057520881332	2935933619.624738	66038.73015429823	63688.04547684152	1.444178	24.743097	0.0937889999999999	0.0610893	0.0660097139	0.1009333799	0.072954584	-0.1046256424	0.1697409239	0.0352472844	-0.0515065712	-0.0115475016	-0.0215199554	0.105428166	0.0940431842	-0.1348519609	-0.1143232131	0.0935382135	-0.0154567715	0.0102054122	-0.0351824345	0.0249432872	-0.0713461109	-0.0194227685	-0.0388534234	-0.0561309968	0.0264537926	0.0494975031	0.0868145201	0.0446741856	0.0002298741	0.0297870259	0.0024812602	0.0271002224	-0.0850861519	0.0472070014	-0.204479864	0.1192425051	0.0721093892	0.0321441731	-0.0890285019	0.0085566615	-0.0040349702	-0.0175724656	0.0135791713	-0.0250043973	-0.0048275471	0.1134242638	0.0538104315	0.0189329778	-0.0513770252	0.0344244164	-0.1848774558	0.1216490466	-0.0154911365	-0.0044320369	0.0312360695	-0.0684212152	-0.103148059	0.1322733624	-0.0820137899	-0.02509889	-0.0264874216	-0.046498912	-0.008209767	0.0603190252	0.0454305098	0.040612057	0.1022508025	0.0224467166	-0.0732200855	0.004992974	-0.0807210231	0.1450585638	-0.0035406184	-0.0101466469	0.0068196049	0.0004037629	-0.033703612	-0.0499435342	-0.0551789769	0.1032388104	-0.0445354653	0.0	0.0	0.0	-0.216052	2.5999999999998247e-05	0.046678466704	6.759999999999087e-10	0.152213	0.0095839999999999	0.0231687973689999	9.185305599999964e-05	-0.305781	0.0571009999999999	0.093502019961	0.0032605242009999	-0.00548729	-3.18999999999927e-06	1.0176099999995342e-11	3.01103515441e-05	-0.00206551	-0.0002336	5.4568960000000024e-08	4.2663315601e-06	-0.00309497	0.00030477	9.288475290000013e-08	9.578839300899998e-06	0.0	0.0	0.0	0.0	0.0
57556.09547319458	-195.2537685952848	38124.03415066102	3312704126.1194897	99596.02339556172	-101.20782208592571	9919367876.209276	10243.023251376397	54021.65525306213	-162.60094396191562	26439.06697730602	2918339236.280695	65984.10081228855	63278.17054436384	1.208656	20.707897	0.1615649999999999	0.0760303999999999	0.0371530177	0.0290910855	-0.0758429667	-0.1114172847	0.0923893853	-0.0367630055	0.0963358017	-0.0022299743	0.0553263915	-0.0236059097	0.0455340684	-0.0756432194	0.0399304077	0.1485575973	-0.0481930866	0.0485381198	-0.027001219	0.044537042	-0.0052343768	0.0088224758	-0.0090312219	0.0530866454	-0.0576374839	0.1299874215	-0.0195826085	-0.0192529053	0.115996834	-0.0043807638	0.0589986416	0.0046068932	0.0460404144	0.0767208393	-0.0066573357	-0.0373106436	0.0707407882	0.1019930416	-0.0626186469	0.0872003841	-0.0061705636	-0.1023062276	-0.0414587896	-0.0252311986	-0.0345593502	0.1384780184	0.1462478196	-0.0601518565	0.1161930822	0.0080659288	-0.0827714866	-0.0640734381	0.0050322554	-0.0185278938	0.0682176731	-0.1223829644	0.0341252538	-0.0150328357	-0.1070031829	0.0776423245	-0.0701792321	-0.0511505861	-0.0873515916	-0.0811348446	-0.059315665	-0.0917729439	0.0136243401	0.0408556866	-0.0704560333	-0.0474853319	-0.0889653889	0.0841845783	-0.1035905956	-0.0137077161	0.0818834078	-0.0325918503	0.0724264653	-0.051457793	-0.0522095028	0.1034138895	-0.0507024524	0.0	0.0	0.0	-0.232944	-0.016892	0.054262907136	0.000285339664	0.143002	-0.0092109999999999	0.0204495720039999	8.484252099999995e-05	-0.366102	-0.0603209999999999	0.134030674404	0.0036386230409999	-0.00594003	-0.00045274	2.049735076000001e-07	3.52839564009e-05	-0.00156761	0.0004978999999999	2.479044099999999e-07	2.4574011121000005e-06	-0.00364715	-0.00055218	3.049027524000002e-07	1.33017031225e-05	0.0	0.0	0.0	0.0	0.0
57557.1836970309	1.08822383631923	1.1842311179333425	3312829395.13376	98000.17167729104	-1595.851718270671	9604033648.778517	2546742.706707453	53916.23444485842	-105.42080820370757	11113.546802322897	2906960336.7129374	65684.56272092948	62493.06227197266	1.113203	19.072504	0.0539354999999999	0.027138	-0.0440104641	-0.0161685917	-0.1100853202	-0.0521716627	-0.0553335375	-0.0387784204	0.1291661036	-0.1237602841	0.0328611335	-0.1476966731	-0.0447063131	0.0571325482	0.0888709183	0.0734807728	-0.0771261246	0.0536707532	0.0965884053	-0.0245111038	-0.0113599314	-0.1483964982	-0.0301180813	-0.1088625291	0.0207999332	0.0073537596	-0.0336745823	-0.0344920843	0.0895632511	0.1746381325	-0.074116521	0.1669466588	-0.0021749041	-0.1622066406	-0.0532928732	0.067869896	0.0151144846	-0.1063747396	0.0073102342	-0.0924907428	0.0449092318	-0.029422505	0.0881034342	-0.0550801127	0.0760770231	0.0533134978	-0.0993581412	0.0877629554	0.0379512785	0.0096635035	0.0565868009	-0.126215598	0.1241869751	0.1049939134	-0.0171134408	0.0277733503	0.0636954712	0.0265017601	0.0043697304	0.1128301894	-0.0381357277	0.0587523192	0.0595387039	-0.0895408026	0.0008030703	-0.0513019908	0.0745360654	-0.0682928469	-0.0886794578	-0.0292634144	0.0076109938	0.0185655982	0.115000561	-0.0948480581	0.1097854837	0.2723471143	-0.0668314269	-0.0529575288	-0.0491810921	0.1033263376	-0.0566405625	0.0	0.0	0.0	-0.235852	-0.0029079999999999	0.055626165904	8.456463999999965e-06	0.134556	-0.0084459999999999	0.018105317136	7.133491599999968e-05	-0.347746	0.0183559999999999	0.120927280516	0.0003369427359999	-0.0061593	-0.00021927	4.8079332900000257e-08	3.793697649e-05	-0.00174903	-0.0001814199999999	3.291321639999994e-08	3.0591059409e-06	-0.00356333	8.382000000000008e-05	7.025792400000013e-09	1.26973206889e-05	0.0	0.0	0.0	0.0	0.0
57573.23064172306	16.046944692156103	257.5044339531169	3314676886.5250387	97689.2023042082	-310.969373082844	9543180246.832518	96701.950995537	54042.54130379098	126.30685893256305	15953.42261341038	2920596270.5719543	65726.24305901934	62392.33540513393	1.358055	23.267555	0.066943	0.050701	-0.1535180692	0.0362897829	0.0017329714	0.0303903653	-0.0941343834	-6.93105e-05	0.0024428913	-0.1340889876	-0.085783702	0.0001654887	0.0938719064	0.1003793975	0.0877904272	0.1066597861	0.0140925446	0.085030817	0.1020048686	-0.0163140717	0.0468548261	0.0496541594	0.0197188471	-0.0710382731	0.0518767349	0.082522919	0.0539916583	-0.1670444042	-0.0324479715	0.1155195073	-0.0999065723	-0.0592157847	-0.1875534332	-0.0475576082	-0.0885410363	-0.1274761794	0.1042896466	0.0426110745	0.0434132586	-0.0216391848	-0.0123899515	0.0648071112	-0.1355548829	0.0140539931	0.0899909123	-0.0300435406	-0.0631881187	-0.0462072701	-0.0069398826	-0.014435805	0.0709349072	0.1537572806	0.1032748307	0.0550005554	0.130538758	0.0806217357	-0.0178214406	-0.1386652369	-0.0103393077	0.0407449038	0.0010069427	-0.1002203679	0.0281295598	0.0624613247	-0.0172059217	0.0151273834	-0.0873582218	0.0074300492	0.0498104764	-0.1919029698	-0.0734771816	0.0638252022	-0.0415622278	0.0186628097	0.0659657216	0.1183742611	-0.0700015747	-0.0544423182	-0.0460971633	0.102976377	-0.0623229904	0.0	0.0	0.0	-0.239725	-0.0038729999999999	0.057468075625	1.5000128999999903e-05	0.126739	-0.007817	0.0160627741209999	6.110548900000029e-05	-0.297601	0.0501449999999999	0.088566355201	0.0025145210249999	-0.00613221	2.7090000000000447e-05	7.338681000000242e-10	3.76039994841e-05	-0.0018241	-7.507e-05	5.635504899999999e-09	3.32734081e-06	-0.00356333	0.0	0.0	1.26973206889e-05	0.0	0.0	0.0	0.0	0.0
57693.29333103261	120.06268930955412	14415.04936424252	3328516095.380572	97917.42875886695	228.22645465875397	9587822854.747786	52087.31460610426	54095.24393832666	52.70263453567895	2777.56768700134	2926295416.7470675	65876.56480349475	62484.54915917969	1.408345	24.129173	0.0854745	0.0538089	0.040475797	0.1228963527	-0.0391681801	0.0963700129	-0.0296182898	-0.0421089688	-0.044635773	0.0379807282	-0.1685350507	0.0143790404	0.0229932765	-0.0646816162	-0.036786539	0.0095304976	-0.0954409049	-0.073332533	0.0527660632	0.0713681023	-0.0625159813	0.0323829935	0.1412128696	0.0405998104	0.0070324111	0.0014600507	0.1396895747	-0.0371875278	-0.0410412059	0.0516769107	-0.059886792	0.0594301275	-0.0347558063	0.0711585282	0.0307456944	0.0251882613	-0.0513916175	-0.0083424165	0.0307376637	-0.0986193358	-0.031704926	0.0711074376	0.0502742707	0.0670767057	-0.1071520234	0.0259051557	-0.1289315224	-0.0171416499	-0.0540346468	0.0062176414	0.0122306201	0.0553731536	0.0849416693	-0.1195147723	-0.1165389866	-0.0360798001	0.1325449467	0.0185256191	-0.0447949411	-0.0505536518	-0.0835881274	0.0446848279	0.0149853708	-0.0225249536	0.0586399619	0.0077610629	-0.0447199642	0.0990786988	0.083654035	-0.0408327994	-0.0657378502	0.0644803221	0.0399506448	-0.0575536195	0.0071583205	-0.0407433116	-0.0575093828	-0.0559117423	-0.0429611979	0.1023648966	-0.0677240848	0.0	0.0	0.0	-0.249518	-0.0097929999999999	0.062259232324	9.590284899999992e-05	0.13647	0.009731	0.0186240609	9.469236100000034e-05	-0.347667	-0.050066	0.120872342889	0.002506604356	-0.00617213	-3.991999999999971e-05	1.593606399999977e-09	3.80951887369e-05	-0.00180825	1.584999999999998e-05	2.512224999999993e-10	3.2697680625e-06	-0.00382525	-0.00026192	6.860208640000006e-08	1.46325375625e-05	0.0	0.0	0.0	0.0	0.0
57839.510784403225	146.21745337061293	21379.54367018737	3345409007.779097	98049.81096026648	132.38220139952318	9613765429.343992	17525.047247383918	54099.8545460367	4.610607710041222	21.25770345589156	2926794261.902328	65827.48398667917	63389.5380015346	1.264158	21.658812	0.042782	0.0210661	0.0174898482	-0.076758114	-0.0580695748	0.1004224678	-0.0896389293	-0.0724995426	0.0214013472	0.0237537281	0.0460570673	0.0112412393	-0.1248049526	-0.0102946937	-0.0205644677	0.0197600639	-0.0347343474	0.0242290176	-0.0715421789	-0.0393334274	0.1159122542	-0.0479707905	-0.0506875793	-0.0152451833	0.0163459789	0.0177736733	-0.0585700618	0.0246006115	-0.1043516232	0.0551276821	-0.0501619364	-0.0083655419	0.0118940233	-0.1372577017	0.0677823693	-0.0560099921	-0.0042101675	0.0818268141	0.2006963293	-0.0562696488	0.0179136326	-0.0689059154	-0.0118571546	0.0201255432	-0.0179906414	0.0341556636	-0.0495763354	-0.0712357646	-0.0221415425	-0.0581175982	0.0978260484	-0.0491009839	-0.0170788521	0.0078236103	-0.0887741155	-0.0505235395	-0.0802304513	0.0967151661	0.052268542	0.0251487758	0.072812882	-0.026435639	-0.0272816986	-0.001791747	-0.1510496589	-0.0393214033	0.0212782167	-0.0114906122	-0.0800127987	-0.0439380402	-0.0236933831	-0.0805914325	0.0324482943	-0.0372099346	-0.0134635494	0.0752604938	-0.0402924683	-0.0573653863	-0.0397767358	0.1014934492	-0.0728194646	0.0	0.0	0.0	-0.260278	-0.01076	0.067744637284	0.0001157776	0.122797	-0.013673	0.015079103209	0.000186950929	-0.347634	3.300000000000525e-05	0.120849397956	1.089000000000346e-09	-0.00615426	1.786999999999969e-05	3.19336899999989e-10	3.78749161476e-05	-0.00189478	-8.653000000000003e-05	7.487440900000004e-09	3.5901912484e-06	-0.00356333	0.00026192	6.860208640000006e-08	1.26973206889e-05	0.0	0.0	0.0	0.0	0.0
57735.01475447194	-104.49602993128792	10919.42027140062	3333331928.6990924	98358.99844828412	309.1874880176474	9674492575.74956	95596.90274666286	54125.13411797923	25.279571942526676	639.0567575973818	2929530143.289239	65808.81532057816	62972.91401143973	1.328771	22.765821	0.0854035	0.046384	-0.0716370151	-0.0559192977	0.0281623871	-0.0094878247	-0.0373677272	0.0205991169	-0.0638170292	0.004445904	0.0392059233	0.0599612429	0.0791484013	0.1168655138	0.1543351099	-0.0047091462	-0.0488857045	0.0089311693	0.0616882961	-0.1461584305	-0.0292833048	0.0843022869	-0.0139618316	-0.0152301059	-0.019706292	-0.0651689268	0.0365697428	-0.1191415999	-0.0826682229	-0.1093804778	0.0049945036	0.0796420999	0.0271242771	0.0417842503	0.0163291868	0.0295912643	0.0470734402	0.0330254679	0.0366353595	0.0095011865	-0.0138938977	-0.0198615079	0.0148811946	0.0197368397	-0.04952966	0.1101453865	0.0499148836	-0.1899193984	-0.1459502794	0.0001183565	0.0253923171	0.1258736464	-0.063486065	0.0297700755	0.1184849106	0.0109773073	0.0901699948	-0.0725058719	-0.0169053773	0.1231973222	0.156750126	-0.0562817258	0.1090986876	0.0111212017	-0.0353601223	-0.0464847757	-0.0052140944	-0.0002662565	0.0549175304	0.0488196415	0.0667573782	-0.1568787526	-0.0931036196	0.0379185391	0.0394273736	0.0007666899	0.0093226513	-0.0588028399	-0.0365473717	0.100364248	-0.0775861287	0.0	0.0	0.0	-0.260282	-4.000000000004e-06	0.067746719524	1.6000000000032004e-11	0.142517	0.01972	0.020311095289	0.0003888784	-0.310859	0.036775	0.0966333178809999	0.001352400625	-0.00623454	-8.028000000000028e-05	6.444878400000045e-09	3.88694890116e-05	-0.00166358	0.0002311999999999	5.345344e-08	2.7674984164e-06	-0.00382994	-0.00026661	7.108089210000001e-08	1.46684404036e-05	0.0	0.0	0.0	0.0	0.0
57679.76101270539	-55.25374176654441	3052.975979203974	3326954830.482809	98253.04097967791	-105.95746860621148	9653660061.754269	11226.985153436292	54060.05409661419	-65.08002136503637	4235.409180873591	2922489448.928853	65762.28604335639	63104.39336997768	1.308718	22.42227	0.1047429999999999	0.0604811	0.0122106223	0.0993569393	0.0524506308	-0.0348986023	0.0672357217	0.0488916459	-0.0257647775	-0.031970446	-0.0453632898	-0.0057673048	0.0684586998	-0.0811356326	-0.0928719589	0.0290454692	-0.0845407661	-0.0209543656	-0.0354265316	0.0037748801	0.0189724917	-0.0876125861	0.0236316642	0.0191022505	-0.0616953362	-0.187637536	0.0351589943	-0.1237189717	-0.030915151	-0.0595990411	0.0217529081	-0.0119473364	-0.0142846609	0.0803538289	-0.0048660538	0.0228208812	0.059327544	-0.0286198114	0.1358037896	0.0644249391	0.0206005374	-0.0481144931	-0.016472913	-0.0022198044	-0.014248637	0.0091839946	-0.0059412024	0.0187585086	-0.0644838079	0.0201602678	-0.0950983895	0.0207495301	0.0640808045	-0.0114715809	-0.0504177748	0.0581332221	0.0496442146	0.1540266214	-0.0149759977	0.0199965056	0.0061508623	-0.087742836	-0.0096551476	-0.0286844386	-0.021326976	-0.0291472024	-0.0514976558	0.0490419887	0.0749432048	0.0563807457	0.0312887266	0.0159712846	0.0636587148	-0.0171447187	-0.0015112655	-0.0003299411	0.0117984273	-0.0602236975	-0.0332767512	0.0989801606	-0.0820025596	0.0	0.0	0.0	-0.27412	-0.0138379999999999	0.0751417743999999	0.0001914902439999	0.144642	0.0021249999999999	0.0209213081639999	4.515624999999949e-06	-0.359037	-0.048178	0.128907567369	0.002321119684	-0.00615249	8.205000000000018e-05	6.732202500000029e-09	3.78531332001e-05	-0.00107694	0.00058664	3.441464896000001e-07	1.1597997636e-06	-0.00397329	-0.00014335	2.05492225e-08	1.57870334241e-05	0.0	0.0	0.0	0.0	0.0
57715.27609031449	35.5150776090959	1261.3207375801048	3331053094.181227	98397.04443059817	144.00345092025236	9681978352.677109	20736.99387694153	53903.676417252704	-156.37767936148884	24453.97860248461	2905606331.295885	65701.12136076292	62780.45961774554	1.217369	20.857176	0.0860444999999999	0.0422176	0.0379840202	-0.0062054153	-0.067963454	0.0309647462	0.0064145373	-0.0703619226	0.0755093367	-0.0503652692	-0.0109724722	-0.1275340856	-0.1141157086	-0.0358833931	0.0146025557	0.075553597	0.0054944363	-0.1376214757	-0.0573185675	-0.0117951336	0.1794138386	0.0666332427	-0.0213613059	-0.0070200173	0.0285298106	0.0897340076	-0.0345084178	-0.0417265589	-0.0546270044	0.095843111	0.0266900959	0.1073699197	0.0655285766	0.0246449653	-0.0261662914	0.0191776458	0.0098323077	0.0376069962	-0.0177589722	-0.1099527652	0.0444024611	-0.0038488101	-0.0455051066	-0.1254412891	-0.0058983665	0.0355718492	-0.0256930708	0.027775804	-0.0085620853	-0.0461457713	0.0235416627	-0.1259176103	0.0992339979	0.030567935	-0.0294041778	-0.0758678815	-0.0196021446	-0.0268661101	0.0590645616	0.0862389723	0.0800246359	0.0153199037	-0.0849467228	0.0688578805	-0.1089392034	0.0557393423	-0.0539948378	0.023241947	-0.0216588917	-0.070669712	-0.0714204169	-0.0114766914	0.0014299508	-0.0220057083	-0.066236898	-0.04624734	0.0309422288	-0.061627558	-0.0299685663	0.0973447023	-0.0860488212	0.0	0.0	0.0	-0.266126	0.007994	0.0708230478759999	6.390403600000002e-05	0.135431	-0.0092109999999999	0.0183415557609999	8.484252099999995e-05	-0.33103	0.028007	0.1095808609	0.000784392049	-0.00602589	0.0001266	1.6027560000000038e-08	3.63113502921e-05	-0.00162375	-0.00054681	2.990011761e-07	2.6365640625e-06	-0.00383005	0.0001432399999999	2.0517697599999936e-08	1.46692830025e-05	0.0	0.0	0.0	0.0	0.0
57739.80813958118	24.53204926669423	601.8214412235129	3333885443.995645	98012.59418136504	-384.45024923312303	9606468618.160954	147801.9941354104	54119.01384506567	215.33742781296317	46370.20781710311	2928867659.5624094	65750.46841318421	62583.83851213728	1.362635	23.34602	0.1090824999999999	0.0731288999999999	-0.1170046364	-0.0382517822	-0.0177062232	0.0540400262	-0.0981201481	-0.0116657112	-0.0350341173	-0.1066900186	0.0071172438	0.0339132669	-0.0093019801	0.0904841256	0.1350186388	0.0530072797	0.078830885	0.1043821973	-0.0461212885	-0.1050150894	-0.0668668819	0.0241756988	0.0556815732	0.0060646746	-0.024067308	-0.1212895599	0.0280808692	0.0961822275	0.0212579077	-0.1516320227	0.0089119919	0.0361928993	0.0038624944	0.0756647059	0.0410320544	-0.0641581569	-0.0478845345	0.0409002553	-0.0460803781	-0.0754490119	-0.0247015623	-0.1093092213	-0.0292381487	-0.0779365165	0.1711559042	-0.1668231638	0.0871461258	0.1303040573	-0.0484725595	-0.0362785707	0.0998536051	0.1038701258	0.0221461694	0.0959915465	0.1137842977	0.0136358419	0.0384240705	-0.0445643322	0.0310109834	0.0024872151	-0.0737724004	-0.0461917755	0.0553342247	0.0493413182	-0.0556137218	0.0356619369	0.0975310652	-0.1156889474	0.0983767555	0.0417695983	0.1838068434	0.0322762757	-0.0487994018	0.0383528849	-0.012726554	-0.0364293434	0.1070424077	-0.0630140253	-0.0266265514	0.0954620263	-0.089706648	0.0	0.0	0.0	-0.260251	0.0058749999999999	0.067730583001	3.4515624999999574e-05	0.133436	-0.0019949999999999	0.017805166096	3.980024999999987e-06	-0.262996	0.0680339999999999	0.069166896016	0.0046286251559999	-0.00621088	-0.00018499	3.422130010000012e-08	3.8575030374400006e-05	-0.00183561	-0.00021186	4.4884659600000065e-08	3.3694640721000005e-06	-0.00356333	0.00026672	7.113955840000012e-08	1.26973206889e-05	0.0	0.0	0.0	0.0	0.0
57909.1528015848	169.3446620036193	28677.614549120062	3353469978.197297	98453.39817388804	440.8039925229969	9693071611.98614	194308.15982421424	54144.79323071908	25.779385653411737	664.5767246673308	2931658633.9973226	65804.63721143629	63490.11106682478	1.392953	23.865465	0.119045	0.0754737	0.0818328727	0.0892409048	0.0612364731	0.0993319628	0.051336774	-0.0065355672	-0.0980547562	0.0364197342	-0.0687757272	0.0600459878	-0.0023294133	0.0304550427	-0.0432050999	0.0168902747	-0.0086477101	-0.1311187065	0.1064363529	0.0487740087	0.0107170741	-0.1128744062	0.170408407	0.0279363556	0.1264187246	-0.0614799519	0.0700876758	-0.0693191123	-0.0488072264	-0.0423119641	0.212220748	0.0567574608	-0.071872693	-0.0971153926	0.0493523201	0.0799928175	0.0645647797	-0.0674465506	-0.0640265994	-0.075699707	0.0241188285	0.0260381608	-0.0238066624	-0.0327682924	0.0406126097	0.1381580784	0.161900764	-0.0680632831	-0.0246573084	-0.0325507942	-0.0467086035	0.0462308503	0.0340641847	-0.0404038918	-0.1223327134	0.0040377474	0.1392487484	-0.0210224501	0.0474384399	-0.0114298667	-0.0026862857	0.0386115528	0.1002090228	-0.0890297446	-0.0263149594	-0.0586276414	-0.1108064018	0.0868204144	0.0131325662	-0.0127705109	-0.046704026	0.0015492555	0.1005095419	0.0181484194	-0.0362425952	-0.115841161	-0.0496997277	-0.064382708	-0.0232544792	0.0933369139	-0.0929595284	0.0	0.0	0.0	-0.279034	-0.0187829999999999	0.077859973156	0.0003528010889999	0.125683	-0.007753	0.015796216489	6.010900900000015e-05	-0.331204	-0.0682079999999999	0.109696089616	0.0046523312639999	-0.00598009	0.0002307899999999	5.326402409999992e-08	3.576147640810001e-05	-0.00158038	0.00025523	6.514235290000008e-08	2.4976009444e-06	-0.00356333	0.0	0.0	1.26973206889e-05	0.0	0.0	0.0	0.0	0.0
57865.2030153354	-43.94978624940268	1931.5837113681848	3348381720.005981	99615.9325812404	1162.5344073523593	9923334024.030231	1351486.2482781012	54185.66005291775	40.86682219867362	1670.0971566180028	2936085755.3703666	65959.9995432317	64173.76603557478	1.314489	22.521137	0.0983935	0.0458306	0.1183357338	-0.0527056524	-0.0144341681	-0.0267036114	0.1317020848	-0.0696197427	-0.0234085044	-0.0046283743	0.0922689138	0.1016482621	-0.0587477128	0.007406614	-0.0475750349	0.120928916	-0.004222009	0.0401097942	0.021085919	-0.0242903377	0.0881498212	-0.0399499025	-0.02159278	0.0760152927	-0.0949948706	0.1527483328	-0.1086804445	-0.130582352	0.1155085176	-0.1668051897	-0.060487526	-0.0078125839	-0.1357307053	0.174735664	-0.0151719867	-0.081234221	0.0211126437	0.0651821652	-0.0211635923	0.1291325045	-0.030823298	0.0846030245	0.0151465361	-0.0343087508	0.0303950893	-0.0752432285	0.0279145105	0.0009205867	0.1460786378	-0.1277594758	-0.1002414911	0.0139707771	-0.0641355244	0.0606139135	0.0317795005	-0.0896680664	-0.0935684286	-0.0165293476	-0.0742764678	-0.017210442	0.0659252519	0.0142655865	0.0152627015	0.0294855971	-0.0968713055	-0.034525854	-0.1007102248	0.1944314477	0.0379083726	-0.080091042	0.0143338619	0.1334031951	-0.0238412367	0.0727707924	-0.014741402	0.1231315161	0.1646172394	-0.0657332198	-0.0198561562	0.0909747621	-0.0957927783	0.0	0.0	0.0	-0.260298	0.018736	0.0677550488039999	0.000351037696	0.132235	0.006552	0.0174860952249999	4.292870400000003e-05	-0.298757	0.032447	0.089255745049	0.001052807809	-0.00623126	-0.0002511699999999	6.308636889999969e-08	3.88286011876e-05	-0.00179049	-0.00021011	4.4146212100000046e-08	3.2058544401000003e-06	-0.00391522	-0.0003518899999999	1.2382657209999978e-07	1.5328947648399998e-05	0.0	0.0	0.0	0.0	0.0
57531.59673330284	-333.60628203256056	111293.15141158832	3309884622.683382	99041.35235932708	-574.5802219133184	9809189477.164385	330142.4314139582	54008.28602656948	-177.37402634826867	31461.54522299631	2916894959.5277405	65880.21439375868	63049.20496582031	1.256086	21.520523	0.055715	0.0276634	0.0140362667	-0.0515167311	-0.0908166	-0.1073738106	0.0362552411	0.0172307106	0.0854435049	-0.0137049667	0.1294325792	-0.0507373846	-0.0345747262	0.014133105	0.0269771495	0.0657339373	-0.0746120994	-0.1036522511	-0.0617382119	-0.0740388265	-0.0191169245	-0.0671816748	-0.0415289264	0.1007221197	-0.0995443562	-0.0086166289	0.0377335813	0.0272433173	-0.0439408368	-0.0436208996	0.0071633362	0.0690158795	-0.0661188147	-0.0117802757	-0.1242717641	0.0268261307	-0.118627002	-0.0544144588	0.0715229758	-0.0097638638	-0.0976658486	-0.0292147287	0.1195874877	0.0914290609	-0.0204244824	-0.0505757789	-0.0496741075	-0.0689447155	0.0598864377	0.0142601459	-0.0258409894	-0.064753207	-0.0257777633	0.0396004051	0.0590959745	-0.1210859836	0.0824659549	0.1446458338	-0.0387177232	0.0345631803	0.0335373374	0.0796673065	0.0657040636	-0.0834626257	-0.0233903237	0.0063698462	-0.0115342305	0.1088195672	0.0178440055	0.0621854975	0.0430688461	0.0224467767	0.0544485864	0.088511501	0.0206286645	0.0165975073	-0.0162462967	-0.0670651796	-0.0164354186	0.0883815699	-0.0981936081	0.0	0.0	0.0	-0.267903	-0.007605	0.071772017409	5.783602500000044e-05	0.153644	0.021409	0.023606478736	0.000458345281	-0.296473	0.002284	0.0878962397289999	5.216656000000037e-06	-0.00602261	0.0002086499999999	4.353482249999977e-08	3.62718312121e-05	-0.00164348	0.00014701	2.1611940100000044e-08	2.7010265104e-06	-0.00378254	0.0001326799999999	1.7603982399999895e-08	1.43076088516e-05	0.0	0.0	0.0	0.0	0.0
57469.35059316398	-62.2461401388573	3874.581962186262	3302726257.599997	98631.81536378452	-409.5369955425558	9728235001.95568	167720.55071802338	53874.2673539959	-134.0186725735839	17961.00459838549	2902436682.929828	65713.50138995814	62837.44791573661	1.104129	18.917048	0.059412	0.0346017	-0.1081871406	-0.0214822682	-0.0312781075	-0.0716042107	0.0260016079	0.0428323656	0.0847554142	-0.1215669157	0.0526641112	-0.1551970725	-0.0615345009	0.0178904386	-0.0131502252	0.0983130094	-0.0333678015	0.0926634672	-0.1952449764	0.0364496759	0.0493152585	0.1015240075	-0.0040889588	-0.0590780807	-0.135603098	-0.0305025755	-0.0182320954	-0.0706866864	-0.0299298203	0.0019083156	0.0272628267	0.0194726713	-0.0522558202	0.0270670184	-0.0059603364	-0.0782832071	0.0090289395	-0.0023912706	-0.0176090737	-0.0029842315	0.0096328228	0.0489577354	0.0173815518	-0.0560186842	0.0747292592	-0.1177371652	-0.0279023629	-0.0615875104	0.0132597575	0.0348945943	-0.0197709487	-0.1340416836	0.0644522023	0.1501856735	0.0444909517	0.0223114601	0.0029504304	0.1151894613	-0.0124440407	0.0097492808	-0.0225002914	0.022633539	-0.0828310564	0.1288512527	-0.0677362707	-0.0027180633	-0.0024330868	0.0881972764	-0.0409955263	-0.0192415584	-0.0593988709	-0.0117506332	-0.122001422	0.0653791692	0.028675675	0.0285846544	0.0286221502	-0.0683782115	-0.0129961279	0.0855639229	-0.1001511802	0.0	0.0	0.0	-0.276469	-0.008566	0.076435107961	7.337635600000031e-05	0.123845	-0.029799	0.015337584025	0.000887980401	-0.282205	0.014268	0.0796396620249999	0.000203575824	-0.0060107	1.1910000000000392e-05	1.4184810000000935e-10	3.612851449e-05	-0.0015513	9.217999999999988e-05	8.497152399999976e-09	2.40653169e-06	-0.00381403	-3.1489999999999903e-05	9.91620099999994e-10	1.45468248409e-05	0.0	0.0	0.0	0.0	0.0
57320.52154865339	-148.82904451058857	22150.084489934758	3285642190.6096377	98003.73719085506	-628.0781729294686	9604732503.374186	394482.1913104194	53892.92458492456	18.65723092866392	348.0922659254936	2904447320.3163667	65782.47061841277	62141.62507198661	1.242213	21.282833	0.0675415	0.0358643	-0.128508128	0.0917802019	-0.0108817922	-0.0926466581	-0.0516822174	0.0899902922	0.0651925781	-0.0702788637	-0.0975610437	-0.1391685666	0.1340443377	0.1472547705	0.0981001817	0.0070924417	-0.0407485907	-0.058203738	0.1263437261	-0.0446428794	-0.0068006323	0.0962245858	-0.0264289561	-0.1077916135	0.0076681996	-0.0601602181	-0.0128270579	0.026779218	-0.0131645731	-0.0445278906	0.123168265	-0.0112967814	0.1526550516	0.0482059134	-0.0204415113	-0.0401373048	-0.0222015813	0.0362579807	0.0323563552	0.030347795	-0.005689756	0.0491775149	0.030595434	0.0229337594	-0.0246033727	0.0098151725	-0.0755571884	0.0554846229	0.0099360662	0.1315806656	0.0184122914	0.053507498	0.1269302907	0.0020150042	0.1023960083	0.0298901431	0.0527942201	-0.0635582926	-0.0073161583	0.0994711609	0.1225854645	0.0940520174	0.0316343969	-0.0038791082	0.0401670863	0.0071203073	-0.043038649	-0.0683044743	0.0162675296	0.0070956627	0.133598506	-0.0932560659	-0.0771837511	-0.1127289226	-0.0123515457	-0.0764209184	-0.0327870926	-0.0696719448	-0.0095421666	0.0825289769	-0.1016566579	0.0	0.0	0.0	-0.260231	0.016238	0.0677201733609999	0.000263672644	0.130965	0.00712	0.017151831225	5.069440000000002e-05	-0.257156	0.0250489999999999	0.066129208336	0.0006274524009999	-0.00601666	-5.960000000000167e-06	3.552160000000199e-11	3.62001975556e-05	-0.00187531	-0.00032401	1.0498248010000001e-07	3.5167875961e-06	-0.00376131	5.272000000000002e-05	2.779398400000002e-09	1.41474529161e-05	0.0	0.0	0.0	0.0	0.0
57396.08693114887	75.56538249547884	5710.12703168802	3294310795.0079985	98084.83986771472	81.10267685966392	9620635811.875238	6577.644193803065	53960.37727330942	67.45268838485936	4549.86517034494	2911722315.477888	65757.73146225495	61972.18583175224	1.148406	19.675638	0.1231394999999999	0.0880441	-0.0595183716	0.1467223772	-0.0445119274	0.0059529011	0.0023116185	0.0119906717	-0.0080416651	-0.0758685206	-0.1420277162	-0.0866766466	0.0719805404	-0.0661086311	-0.0828816999	0.0394358203	0.0708447404	0.0626045236	0.0798056012	0.1051818703	0.06667869	0.0658823363	0.1456595537	-0.0425343508	0.0750034255	-0.072219369	0.0052004854	-0.0197581004	0.0427195264	0.0778406862	-0.0989350041	-0.0838840188	-0.018484093	0.0975124778	-0.0674910359	-0.0044687202	-0.0432113488	-0.0803013002	-0.0060393045	-0.0161646372	0.0231415034	-0.0160642737	0.0802380189	0.0774865678	-0.1199740247	-0.0106923567	0.0905531589	-0.0521567642	0.1319713611	0.0378688334	-0.0075898899	-0.0107295234	0.1469315621	-0.0604929229	-0.0383838857	0.0964211679	0.0768895861	0.0086675849	-0.0192511249	-0.0528895563	-0.1196184152	-0.1037289248	0.0010713595	-0.0646353384	-0.0038082726	0.0917318074	0.0005511797	0.067387714	-0.0227306403	-0.0581734097	-0.0503623018	0.0689364537	-0.0532783829	-0.0997877124	-0.1180361956	0.0096170562	0.0901147784	-0.0709460145	-0.0060774336	0.0792844395	-0.1027032453	0.0	0.0	0.0	-0.255566	0.0046649999999999	0.065313980356	2.1762224999999764e-05	0.124086	-0.0068789999999999	0.015397335396	4.732064099999995e-05	-0.343847	-0.086691	0.118230759409	0.007515329481	-0.00613033	-0.0001136699999999	1.2920868899999942e-08	3.75809459089e-05	-0.00219673	-0.00032142	1.033108164e-07	4.8256226929e-06	-0.00382431	-6.300000000000012e-05	3.9690000000000156e-09	1.46253469761e-05	0.0	0.0	0.0	0.0	0.0
57770.85812902143	374.7711978725565	140453.4507548309	3337472048.963521	98633.31189489072	548.4720271760016	9728530215.354792	300821.5645945526	54057.40815073119	97.03087742177011	9414.99117323858	2922203375.974739	65720.00452905426	62639.68552106585	1.336818	22.903704	0.0543464999999999	0.0393273	0.0100709706	0.0103425536	-0.10787019	0.1658964937	-0.0909787742	-0.1960276133	0.0041423166	-0.0029449231	-0.0431962317	-0.0413623102	-0.2100216657	-0.0793502412	-0.0477500808	0.0362962358	0.0684660123	-0.094613542	0.0892924355	0.0788828454	-0.1641804545	0.1064090331	-0.1714173261	-0.0469753864	0.0552337794	-0.1664410531	0.0034704554	0.0741744485	0.0351658662	0.1478608645	0.1065989742	0.0308171809	-0.0540412122	-0.0463281825	0.0771128011	-0.0563670296	-0.0661463322	-0.0110777375	-0.0009536053	0.0857246333	-0.0684035578	0.0027168457	-0.0560839949	-0.0257003702	0.0013720572	0.0566938512	-0.0590161166	0.1712426038	0.0494073863	-0.120959888	0.1082345009	-0.0284031218	0.1154295949	-0.0046895688	-0.0980302559	-0.0087004904	-0.1030223951	-0.007231759	0.0062403266	-0.0259002848	0.0379001396	0.0270421927	-0.2283725642	0.0953813162	0.2031762858	0.083152738	0.1495732932	0.0546486619	0.010463399	0.1006738809	-0.0023616606	-0.1482874286	0.0535930892	0.0240847265	0.0964923264	0.0262924783	-0.0728391451	-0.072200061	-0.00260584	0.0758385504	-0.1032862179	0.0	0.0	0.0	-0.251244	0.0043219999999999	0.063123547536	1.8679683999999932e-05	0.124204	0.0001179999999999	0.0154266336159999	1.3923999999998372e-08	-0.306076	0.037771	0.093682517776	0.001426648441	-0.00615284	-2.250999999999989e-05	5.067000999999951e-10	3.78574400656e-05	-0.00212487	7.185999999999998e-05	5.163859599999997e-09	4.5150725169000005e-06	-0.00367597	0.0001483399999999	2.2004755599999956e-08	1.35127554409e-05	0.0	0.0	0.0	0.0	0.0
57789.91254249561	19.05441347417945	363.0706728449916	3339673991.669291	98258.77178992525	-374.5401049654756	9654786233.66461	140280.2902275495	54154.27031715723	96.8621664260354	9382.27928474498	2932684993.5837364	65960.665463979	63277.15834891183	1.539626	26.37841	0.0995045	0.0506432	-0.0852321719	-0.1190013882	0.0304544121	0.0678563531	-0.1185828019	0.0471181426	-0.0929135066	0.0527294451	0.0681124975	0.0669556142	0.007435669	0.0755750492	0.1342896591	-0.0349727115	-0.0679732533	0.0205805005	-0.0819000677	-0.0893959769	0.0315275615	-0.049776086	0.0578453441	0.0785741854	-0.0186897722	-0.0702574126	-0.1201856358	0.0907997038	-0.0651994531	0.0493159491	0.1528684012	0.0039361362	-0.0058906388	-0.0883262197	0.0577168853	-0.0476104664	-0.093850046	-0.0216758422	-0.0832674756	0.0004385377	-0.0463625538	0.0136044651	-0.0050551024	0.0535753567	-0.0111028854	0.035494275	-0.0149498268	0.155577803	-0.0203405495	0.0297957939	0.1276523369	0.127994414	-0.0792562076	0.0005494943	0.0416224409	-0.0379925578	0.1165835734	0.0412925393	0.0002503578	0.0237969634	0.0293890717	0.021634153	0.0101121666	0.0514400785	-0.0835280433	-0.0714539872	0.0849766003	0.0740147895	-0.042365573	0.1079723579	0.0969660537	-0.1232692057	0.0894963303	0.06255736	-0.1206258466	-0.0482576767	-0.1077262618	-0.0734337302	0.0008686951	0.072200061	-0.1034029441	0.0	0.0	0.0	-0.248739	0.002505	0.0618710901209999	6.275025000000176e-06	0.160299	0.036095	0.0256957694009999	0.001302849025	-0.283302	0.022774	0.080260023204	0.000518655076	-0.00646728	-0.00031444	9.887251360000003e-08	4.18257105984e-05	-0.00208662	3.825000000000009e-05	1.4630625000000071e-09	4.3539830244e-06	-0.00326605	0.00040992	1.6803440640000024e-07	1.06670826025e-05	0.0	0.0	1.0	0.0	0.0
57771.26232884672	-18.650213648885256	347.8304691490659	3337518751.068424	98333.22504074004	74.45325081479677	9669423146.912825	5543.2865568910365	54076.60029631613	-77.67002084109845	6032.632137456668	2924278699.6075377	65804.9246799911	63797.9340125558	1.382736	23.690414	0.1437895	0.0990658	0.0490649934	0.0670659935	0.1169705908	0.0135569958	0.0466721085	0.0624296571	-0.1096232347	0.0832096634	-0.0153394101	0.0108045902	0.037551665	-0.0900060703	-0.0711557134	0.0170628398	-0.0611009362	-0.0381235216	0.0328093888	0.0915489512	0.0179981236	0.0233459555	-0.070460439	-0.0223340529	0.0783874715	0.0440010965	-0.0751843744	-0.1247817133	0.0086149109	-0.0831136253	0.0336971399	-0.0074897656	0.0230696373	-0.0724483995	0.1863816069	0.033186459	0.0198685073	-0.05355798	0.0634993652	0.0081856585	-0.0403709033	-0.0238668677	-0.0816583802	-0.1880265595	-0.0156215339	-0.1115230833	-0.0217390578	-0.0154201443	-0.0612521675	0.0257506697	-0.0845691646	0.0164928961	0.0112564891	-0.0491885992	-0.1163182592	0.1008849381	-0.0276656743	0.0718730293	-0.0056207316	0.0610895327	0.0517855063	-0.0129110833	-0.0995698344	-0.0413365175	0.0098119499	-0.0310842175	-0.1141508522	0.0401246597	0.0711189912	0.057449472	-0.0384344872	-0.0937732611	-0.0521566516	0.0533042805	0.0207982265	0.116976788	0.0020614814	-0.0746466742	0.0043422496	0.0683782115	-0.1030528971	0.0	0.0	0.0	-0.254039	-0.0053	0.064535813521	2.8090000000000285e-05	0.155507	-0.0047919999999999	0.024182427049	2.296326399999991e-05	-0.376285	-0.0929829999999999	0.141590401225	0.0086458382889999	-0.00627294	0.0001943399999999	3.776803559999978e-08	3.93497762436e-05	-0.00224871	-0.00016209	2.6273168100000052e-08	5.056696664100001e-06	-0.00372391	-0.00045786	2.0963577960000005e-07	1.38675056881e-05	0.0	0.0	0.0	0.0	0.0
57756.47436103347	-14.78796781325218	218.68399204578247	3335810330.6167164	98656.85740989263	323.6323691525904	9733175513.995888	104737.91036331854	53971.19348890415	-105.40680741197866	11110.59504878596	2912889726.6167297	65696.09152579588	63161.44555538504	1.260039	21.588247	0.0956109999999999	0.0561161	0.0844726163	-0.021498886	-0.0274975805	0.0030116892	0.0633562691	-0.0558487731	0.044663972	-0.0142650265	0.0027275405	-0.0711659333	-0.0697997434	-0.0245847173	-0.003624506	-0.0131079277	0.0570703102	0.0224854749	0.0650959251	-0.0936447415	-0.0431579041	0.0171629466	-0.0946443845	-0.0924211571	0.0218164009	0.0566458793	-0.0393933119	-0.0870422376	0.0543782073	-0.0459265174	0.1437748168	0.0172399714	-0.0544622741	-0.1342668193	-0.0022262626	0.1481653938	-0.0001022601	-0.0123004069	-0.0361333423	0.0038457223	0.0255174336	-0.0387930163	-0.1274837665	0.0466445366	0.0051758692	0.1021659679	-0.0506206382	0.0234592934	0.0737611333	-0.0716291343	-0.0387993591	-0.1157001662	0.022432795	0.0470721699	-0.0061476118	0.0026056071	0.0213798226	-0.1075177508	-0.0056727956	-0.0383961465	0.1238256148	0.0233800646	0.0435135652	0.1017148075	-0.0712162712	-0.0225593891	-0.0346039154	0.0520329632	0.0286252559	0.1001145209	0.0260989938	-0.0028305604	-0.0075033303	-0.0664873554	0.1371809771	0.0696102535	-0.1073301798	-0.0758385504	0.0078109023	0.064382708	-0.102237657	0.0	0.0	0.0	-0.260348	-0.006309	0.067781081104	3.980348100000012e-05	0.140362	-0.015145	0.0197014910439999	0.000229371025	-0.327282	0.0490029999999999	0.107113507524	0.0024012940089999	-0.00648594	-0.0002129999999999	4.5368999999999855e-08	4.20674176836e-05	-0.00208662	0.00016209	2.6273168100000052e-08	4.3539830244e-06	-0.00359592	0.00012799	1.6381440100000036e-08	1.29306406464e-05	0.0	0.0	0.0	0.0	0.0
57508.39200035358	-248.08236067988764	61544.85768050586	3307215150.466332	97979.95758842982	-676.8998214628082	9600072089.030508	458193.3682963816	53965.79118008336	-5.402308820790495	29.184940595190785	2912306617.6923637	65695.49912780296	62644.66020661272	1.406159	24.091726	0.056646	0.0423651	-0.0428054935	-0.0641692731	-0.0763449641	-0.1220496265	-0.067712989	0.0341091699	0.0818466187	0.0450246185	0.0172994155	-0.0643514604	0.037847877	-0.0367188156	0.116853064	-0.0525857174	-0.0115310406	0.0188820527	-0.039205904	-0.0196022722	-0.0283905303	0.009585913	0.0371883155	0.0891921427	0.0081362414	-0.096888021	0.1238248218	0.0119599658	0.0588851309	-0.0017008179	-0.0270247881	0.0398193376	-0.0434044116	0.0928487613	0.064725541	0.072651111	-0.0278254814	-0.1081297628	-0.0251523515	-0.0006626044	-0.0984958788	0.0399880991	-0.0022634194	-0.1036916245	-0.0078240925	0.0004899233	0.0492445561	0.0531479908	-0.0492132343	0.0489769631	0.0691772011	-0.0323016081	-0.003549932	-0.0300559597	0.1283557524	0.0156531786	0.100709717	0.0788393325	-0.0017453408	0.0185918327	0.0052650355	-0.0351476359	0.0258827039	-0.0677035453	-0.0086267922	0.0604074301	0.1015548705	-0.0992756178	0.1662561908	0.0337554779	-0.0641176284	0.0364000034	0.0200311462	0.0247526739	0.0356221749	-0.045439115	0.0125988813	-0.0770090226	0.0112707377	0.0602236975	-0.1009609038	0.0	0.0	0.0	-0.260348	0.0	0.067781081104	0.0	0.146832	0.00647	0.0215596362239999	4.1860900000000045e-05	-0.28677	0.0405119999999999	0.0822370329	0.0016412221439999	-0.00658854	-0.0001026	1.0526760000000091e-08	4.340885933160001e-05	-0.00213767	-5.104999999999997e-05	2.6061024999999966e-09	4.5696330289e-06	-0.00363555	-3.963000000000013e-05	1.5705369000000104e-09	1.32172238025e-05	0.0	0.0	0.0	0.0	0.0
57556.82630180367	48.43430145008461	2345.881556957668	3312788253.9359984	97877.42519411426	-102.53239431556722	9579990362.629433	10512.89188408296	54008.4527757079	42.66159562453686	1820.0117412315024	2916912971.22587	65829.64792990436	62818.41624665179	1.197273	20.512877	0.0788374999999999	0.0606268	-0.1044867951	0.0382517092	0.0777736214	-0.0418146105	-0.023916976	0.1153894379	0.0156803107	-0.0549530679	-0.0515390838	-0.0421153986	0.0783003214	0.0693971886	-0.0298242893	0.0134215061	-0.034184796	0.0223859042	0.0972097231	-0.0305085812	-0.0805347036	-0.0072377926	-0.0694617304	0.1552899874	-0.067784684	-0.018206291	-0.0020596929	0.0474889042	-0.0574264151	-0.0231129271	0.0182364399	-0.0662152288	0.0633530067	0.0610929433	0.0920199806	-0.0314182207	-0.1353660985	-0.1068343043	-0.0198356044	-0.0324174119	0.1131345694	0.0189209627	-0.0304324319	-0.1111937417	-0.0389447687	-0.1570626584	0.0352686433	-0.1553531997	0.0718577028	0.1000610649	-0.0054093259	-0.0307646842	0.0158639408	0.0624015165	-0.0506467472	0.0923343555	-0.0033265663	-0.0809383205	-0.0666105151	0.0814388402	0.0101171301	0.0035467994	0.0577509628	-0.0957713257	0.0120808157	0.0134555084	0.0534880724	0.0008887193	0.0834349652	0.0703801465	-0.09560678	-0.0635984997	0.1131542191	0.020625652	0.063327712	-0.0991582614	0.0550492848	-0.0781577603	0.0147178502	0.0559117423	-0.0992284011	0.0	0.0	0.0	-0.260369	-2.099999999999325e-05	0.067792016161	4.4099999999971636e-10	0.15263	0.0057979999999999	0.0232959168999999	3.361680399999997e-05	-0.346281	-0.0595109999999999	0.119910530961	0.0035415591209999	-0.00656844	2.010000000000033e-05	4.0401000000001306e-10	4.31444040336e-05	-0.00200145	0.0001362199999999	1.8555888399999955e-08	4.0058021025e-06	-0.00374938	-0.00011383	1.2957268900000021e-08	1.40578503844e-05	0.0	0.0	0.0	0.0	0.0
57650.77541772	93.9491159163299	8826.436381459993	3323611906.264388	98301.3945911618	423.96939704754914	9663164178.567295	179750.04963286236	53939.659646865686	-68.79312884221144	4732.494575901104	2909486882.8197103	65563.48932558228	62766.68537555804	1.151903	19.73555	0.083982	0.0420204	0.0319737443	0.0956646713	0.0216305399	-0.0074748657	0.0454595909	-0.0177838508	0.0184437794	-0.0750881452	-0.0971806557	-0.0866498524	0.0131507389	-0.0429405958	0.030030794	0.0314144104	0.0120781721	-0.0067047296	0.0897533298	0.0444636871	0.0984919084	0.0105731757	0.1016608786	-0.0749908387	-0.01677546	0.0013726896	-0.0999100212	-0.0094236095	0.0330139938	-0.0934283988	-0.0544149524	-0.0579722777	-0.0675574119	-0.0777569105	0.0738522254	0.0944723252	-0.0666112082	-0.0139337133	-0.074511102	0.0612983977	0.019496482	0.0152581547	-0.063971972	0.1283074184	0.0339040608	0.0077702317	0.0116845381	0.0125938171	-0.0140387487	-0.0431754228	-0.0392340211	-0.0354679988	0.1256430194	-0.0091386285	0.0075482892	0.1647181035	0.0900427658	0.009935173	0.0022960602	0.0126366581	-0.0126407568	-0.0127890428	0.0179625412	-0.0108194087	-0.011843377	0.0380383862	-0.1127889202	-0.0239083824	-0.0186998119	-0.0356716297	0.0643104965	-0.0401199947	0.029848191	-0.0050364767	-0.0794946387	-0.0185988664	-0.0079278595	-0.0792844395	0.0181483484	0.051457793	-0.0970479694	0.0	0.0	0.0	-0.253094	0.007275	0.064056572836	5.2925625000000456e-05	0.131725	-0.0209049999999999	0.017351475625	0.0004370190249999	-0.319185	0.027096	0.101879064225	0.000734193216	-0.00658577	-1.7330000000000297e-05	3.003289000000103e-10	4.33723664929e-05	-0.001565	0.00043645	1.904886025000001e-07	2.449225e-06	-0.00362904	0.00012034	1.4481715600000009e-08	1.31699313216e-05	0.0	0.0	0.0	0.0	0.0
57610.49280375156	-40.28261396844027	1622.6889881303794	3318968881.0911098	98786.61015984471	485.2155686829065	9758794346.873137	235434.1480922763	53968.22776464698	28.56811778129486	816.1373535659355	2912569608.056813	65812.72447993472	62466.88445354353	1.270742	21.771612	0.1084439999999999	0.0583517	0.0366860627	0.0303016882	-0.0800560266	0.0010674858	-0.0224164737	-0.0905588752	0.0245596154	0.0749746211	-0.0794092707	-0.0779061978	-0.0559131284	-0.1036413638	0.0052713377	-0.026853881	-0.0013581554	-0.1747686142	0.0754661432	0.0853174269	-0.2096030922	0.0231888475	-0.1699880001	0.0665649405	0.0330559425	-0.1690676332	0.1014249083	0.0555053384	0.0408733109	0.0831269667	0.0014124953	-0.1198050527	-0.0304474827	0.0026355903	-0.1260880402	-0.0162505075	0.0721756432	-0.0403325394	-0.0707764433	0.1283060626	0.0544625033	-0.043292546	-0.1132716426	0.0807381506	-0.0233432469	0.0966161861	-0.0776567102	0.0935705216	-0.0021928049	-0.0030563181	0.0512630234	-0.0012505123	0.0793058789	-0.1365360201	0.0405368046	-0.1120460034	-0.0798355692	-0.0516930109	-0.0803916191	-0.0646362616	0.1169885526	-0.0201099115	-0.3042969693	0.0082341389	0.2023247007	0.1563889518	0.0553529239	-0.02166063	0.1021270188	0.0723286946	0.0874960307	0.0244089011	0.1413472831	0.04102351	0.0697907422	0.0322136403	-0.1297050999	-0.080388742	0.0215583599	0.046873161	-0.0944294516	0.0	0.0	0.0	-0.2433	0.0097939999999999	0.0591948899999999	9.592243599999996e-05	0.148735	0.0170099999999999	0.022122100225	0.0002893400999999	-0.270983	0.048202	0.0734317862889999	0.002323432804	-0.00686976	-0.0002839899999999	8.065032009999976e-08	4.71936024576e-05	-0.00184016	-0.00027516	7.571302559999999e-08	3.3861888256e-06	-0.00351943	0.00010961	1.20143521e-08	1.23863875249e-05	0.0	0.0	0.0	0.0	0.0
57726.63219084485	116.13938709329524	13488.35723440627	3332364064.097085	97617.550152176	-1169.0600076687117	9529186097.712597	1366701.3015303677	54079.20087788748	110.97311324049952	12315.031862288728	2924559967.590906	65818.73404834967	62752.23264236887	1.264314	21.661491	0.1239714999999999	0.0708123	-0.0709148754	-0.1013289327	-0.0360978106	0.0643035923	-0.1536487195	0.0157819594	0.0115337025	-0.0053302018	0.0438642577	0.0096859371	0.0284554064	0.0933044714	0.0807714356	-0.0350521905	-0.0928029297	0.0639784236	-0.0102891148	0.0787566586	0.1181301748	0.0018765372	0.1054342063	-0.0296504766	0.0735818124	-0.0561219964	0.1034027756	0.0049256346	-0.0861409986	0.0932926499	-0.0660811326	0.0055030682	0.0458070374	0.0674664851	-0.0274256576	-0.1361612853	-0.0127708976	-0.0604183631	-0.0893178214	-0.0420362088	0.0393718027	0.0507421941	-0.014657786	0.0702756684	-0.0607249096	-0.0094973746	0.0302297775	0.0109468629	0.0707067615	0.0164188256	0.1486581758	0.0073637614	-0.0472382612	0.0033328111	-0.0150686667	0.0484300954	0.119768002	0.0365698593	-0.0146737208	0.0465367662	-0.0244221386	-0.0373513911	-0.0197823616	-0.0268271475	-0.0185774811	-0.0529626237	0.0161326843	0.0716673958	-0.1319890916	-0.1133463379	-0.067155273	-0.0152621728	0.0402251487	-0.0441374005	-0.0617090007	-0.0826893112	-0.0636762095	-0.0814703562	0.0249440353	0.0421694894	-0.0913846679	0.0	0.0	0.0	-0.23683	0.0064699999999999	0.0560884489	4.1860899999999686e-05	0.159074	0.0103389999999999	0.025304537476	0.0001068949209999	-0.331694	-0.060711	0.1100209096359999	0.003685825521	-0.00663283	0.0002369299999999	5.613582489999989e-08	4.39944338089e-05	-0.00131703	0.0005231299999999	2.736649968999999e-07	1.7345680209000002e-06	-0.00335046	0.00016897	2.8550860900000022e-08	1.12255822116e-05	0.0	0.0	0.0	0.0	0.0
57964.31288849616	237.6806976513108	56492.1140360138	3359861568.6354823	98107.05786282592	489.50771064992296	9624994802.499874	239617.7987857287	54096.82418818694	17.623310299459263	310.58106591102694	2926466387.247608	65776.10570458883	64110.890728236605	1.274077	21.828764	0.0928064999999999	0.0465331	0.0240871925	0.0086981805	0.1397187649	0.0822245372	-0.0033106555	0.0274030445	-0.078544217	0.0223257674	-0.0513612242	0.0214878176	-0.0192868963	-0.0198808821	-0.0685830376	-0.0258310504	-0.0259039521	-0.0232406755	-0.0277905688	-0.0453057683	-0.1054151358	0.0153757228	0.0386480029	-0.0854234521	-0.0160420805	0.0568300838	-0.1591004451	-0.0152831808	-0.0464213756	-0.0658990829	-0.0558891798	0.1644564077	-0.0244302324	0.1147453874	0.1458342351	-0.0210749619	0.0240867474	0.0617882988	0.0914759671	0.009057298	0.0080656374	-0.0447603363	0.0333777354	0.1344255734	-0.0052320714	-0.0433099186	-0.1094025886	-0.0689498069	-0.0045402198	-0.025521984	-0.0329650335	0.0316190873	-0.0035900937	-0.0004088525	-0.0711706922	0.0870824133	-0.0459916997	0.0636308855	0.0644680361	0.0366800679	0.0458937508	-0.0519928357	-0.0431835973	0.1231748262	0.0270306442	-0.0843009684	-0.1354763368	-0.0545129991	0.0725748852	0.0510378734	0.1426603329	-0.0296366108	-0.0291117394	-0.0991411957	0.0124926769	0.0210971583	0.0809424356	-0.0825289769	0.0283015527	0.0373587237	-0.0879273629	0.0	0.0	0.0	-0.234777	0.0020529999999999	0.055120239729	4.214808999999997e-06	0.136273	-0.0228009999999999	0.018570330529	0.0005198856009999	-0.298715	0.0329789999999999	0.089230651225	0.0010876144409999	-0.00674032	-0.00010749	1.1554100100000004e-08	4.54319137024e-05	-0.00159657	-0.00027954	7.81426116e-08	2.5490357649e-06	-0.0036629	-0.00031244	9.761875360000013e-08	1.341683641e-05	0.0	0.0	0.0	0.0	0.0
57849.63937504494	-114.67351345122006	13150.014687247149	3346580775.82275	99211.2890625	1104.2311996740757	9842879877.442932	1219326.5423336478	54144.311765031205	47.48757684426528	2255.06995454	2931606496.5088964	65901.02569491131	63159.35433049665	1.359687	23.295517	0.0658774999999999	0.0440919	0.1389264165	-0.0167925138	-0.0177299524	0.0055605548	0.0724375107	-0.0640779281	-0.0611385447	0.1152968713	-0.0061700018	0.0655698007	0.0050503202	-0.0652850189	0.005788045	-0.0202017601	-0.0259794984	-0.0636543083	0.0464773561	0.0058692245	0.0641572543	0.1009996376	0.0534805469	-0.000527517	0.0089224616	0.0955204974	-0.0192359541	-0.0477581287	0.0565003856	-0.170003018	0.029163838	-0.0134813315	-0.0577024862	0.1179959228	-0.1799574605	0.048368404	-0.0052782977	-0.0368954638	0.1092248766	-0.0346825222	0.0358929361	-0.0339907286	-0.047898109	-0.0706950444	0.2416849179	0.0437898781	-0.040544688	0.0426629275	0.0064228862	-0.0530700772	-0.0558779174	0.0536337965	-0.0460153511	-0.0945003059	0.0518151002	-0.1064320506	-0.0173767437	-0.0374595492	-0.0528895174	-1.13643e-05	0.0921082066	0.0697677259	-0.0410685706	0.0730846628	-0.0271436413	0.0720706057	-0.1051704522	0.0197884337	0.0562566779	0.0160167459	0.0747095775	0.1298706401	-0.1497456522	-0.0621669588	-0.1091970247	0.0486997526	-0.0101729472	-0.0835643053	0.0316271219	0.0324530815	-0.0840731433	0.0	0.0	0.0	-0.245946	-0.0111689999999999	0.060489434916	0.0001247465609999	0.129154	-0.007119	0.0166807557159999	5.06801610000002e-05	-0.256205	0.0425099999999999	0.065641002025	0.0018071000999999	-0.0066933	4.702000000000005e-05	2.2108804000000044e-09	4.480026489e-05	-0.00165039	-5.382e-05	2.8965923999999998e-09	2.7237871521000003e-06	-0.00366365	-7.499999999998827e-07	5.624999999998241e-13	1.34223313225e-05	0.0	0.0	0.0	0.0	0.0
57751.31593224297	-98.3234428019714	9667.49940443254	3335214491.9057407	98479.11187332249	-732.1771891775134	9698135475.358366	536083.4363518842	54032.51309554304	-111.79866948816198	12498.94249932328	2919512471.4200306	65831.31736451466	63462.20169158064	1.301246	22.294241	0.0816525	0.0576795	-0.0180647085	-0.1201556984	-0.0111013782	-0.0442667489	-0.0163167022	0.0118394515	0.0129534351	0.0150320899	0.1259185427	-0.0168793527	-0.0319610698	0.0641668977	0.0698772231	-0.0350642404	-0.0630893143	0.0559551693	-0.0098284928	0.1261673022	0.0354579858	-0.0016405175	-0.0534958336	0.0669464079	-0.02591403	0.010120678	0.0556796992	0.0192697399	-0.0511930375	-0.0221970026	-0.0679102336	0.1050974349	-0.0252337865	0.0160952055	0.0549075458	0.038769602	0.0444965747	0.0302835433	-0.0232766999	0.0118210647	-0.1061293006	0.1238486497	0.1293663722	0.0219561129	-0.0054181934	0.047363081	-0.049007018	-0.0030549008	-0.0354248931	-0.0029407685	0.0373991072	-0.0579182682	-0.0843279289	0.0484394542	0.023482589	0.0599056213	0.0670478538	0.0772848224	0.0081193483	-0.0053681666	0.0331818338	0.0656989464	-0.0248002681	-0.0862576018	-0.0001338754	-0.0947404896	-0.0270889827	-0.0176749714	0.0877203424	0.002501273	-0.06729903	0.0712752112	0.0018385905	-0.0812833128	0.0471927528	0.0375975552	-0.0079068601	-0.0845760492	0.0349169888	0.027465021	-0.0798394074	0.0	0.0	0.0	-0.256649	-0.010703	0.065868709201	0.000114554209	0.138713	0.009559	0.019241296369	9.137448100000024e-05	-0.312005	-0.0557999999999999	0.0973471200249999	0.0031136399999999	-0.00669228	1.020000000000014e-06	1.0404000000000284e-12	4.47866115984e-05	-0.00159417	5.6220000000000055e-05	3.1606884000000063e-09	2.5413779889e-06	-0.00360908	5.456999999999988e-05	2.9778848999999867e-09	1.30254584464e-05	0.0	0.0	0.0	0.0	0.0
57774.89389659504	23.577964352065464	555.9204029872698	3337938364.7628145	98705.20485645132	226.0929831288377	9742717465.754025	51118.03702009687	53952.7374836997	-79.77561184334627	6364.14824498025	2910897881.9850144	65794.84614701704	63406.78389620536	1.161705	19.903482	0.0408355	0.0160722	-0.0135869889	0.0051724156	0.0951922852	-0.0257718992	0.0482007756	0.069161313	-0.0078986723	-0.065625588	0.0033456694	-0.0912749143	-0.0121824575	0.0603711449	-0.0395463666	-0.096775738	0.0274506336	-0.0506623619	0.05105871	-0.0606940867	0.0079334277	-0.1218113893	-0.0451899686	0.001144062	0.098939063	-0.1391970009	-0.0299173312	0.1489190216	0.0096698579	-0.0852184118	-0.1500993119	-0.1350552558	-0.0026836993	0.0006395164	0.0967873458	0.1902807279	-0.0175148392	-0.0542434333	0.0982077629	0.0211050071	-0.0286972405	-0.0729698524	-0.0220718151	0.0168232514	0.0308106048	-0.119032455	0.0043414377	0.1120523884	-0.0073575037	0.0362857038	-0.0373454395	-0.1098444991	0.0121573092	0.08498225	-0.0606960003	0.0958410211	-0.0199436687	-0.0191297394	-0.0204228313	0.0019796096	0.1468314045	0.0603972502	0.0267596255	-0.014680707	0.1130185222	-0.019851993	0.056752073	-0.1476942338	0.0375576469	0.1383843432	-0.0638954512	0.0006496902	0.1036944166	-0.0119446719	-0.0839336327	-0.042621609	0.161200301	-0.0855639229	0.0381674398	0.0224072101	-0.0752452669	0.0	0.0	0.0	-0.248928	0.007721	0.061965149184	5.961384100000009e-05	0.128845	-0.009868	0.0166010340249999	9.737742400000032e-05	-0.304776	0.0072289999999999	0.092888410176	5.225844099999979e-05	-0.00655114	0.00014114	1.9920499600000152e-08	4.291743529959999e-05	-0.00146981	0.00012436	1.54654096e-08	2.1603414361e-06	-0.00366393	-5.484999999999995e-05	3.008522499999994e-09	1.3424383044900002e-05	0.0	0.0	0.0	0.0	0.0
57660.35536151442	-114.5385350806173	13119.076018413798	3324716580.416125	98814.93274899348	109.72789254215604	9764390934.188105	12040.210401742945	53983.21453229788	30.47704859818623	928.8504912562051	2914187451.240097	65745.16498755747	62798.720414969306	1.219747	20.897926	0.0813559999999999	0.0598803	0.0792340211	0.0784139615	0.0108864526	-0.0691591663	0.0914515888	0.0093039346	0.0155874186	0.0367355587	-0.0934390836	-0.0328709869	0.0612030337	-0.1282977185	-0.0569420372	-0.0419253822	-0.0163679285	-0.1013403428	-0.0345650965	-0.0629939394	0.0338605817	-0.0050457052	0.0894658766	-0.0592678745	0.1091578377	0.0843680247	0.0563936398	0.0514007225	0.1013616	0.0438780841	-0.0857236171	0.0027719916	0.021784554	-0.0188479567	0.013387292	-0.0746356863	0.0212905056	-0.0558418968	-0.0490395376	0.0853517805	-0.0114627823	0.0263173042	0.1088873626	0.0309365863	0.1308716146	0.1423779004	0.1652876945	0.0195848245	-0.1630064821	0.0198206288	-0.0864789101	0.0173665424	0.057086484	-0.106902906	0.0535407331	-0.0028909307	0.0349596923	0.0654791193	-0.0329411912	-0.1037118111	0.03560879	-0.0170906307	0.0568989982	0.0337892189	0.0119481494	0.1300586314	-0.0132875008	-0.1397712261	-0.0500433153	-0.1003064167	-0.0298823622	0.0228962001	-0.0017460462	0.0529479064	-0.0672389888	0.0174400008	-0.0676354118	-0.0865276478	0.0413748055	0.0172924936	-0.0703114602	0.0	0.0	0.0	-0.245375	0.003553	0.060208890625	1.2623809000000004e-05	0.140403	0.011558	0.019713002409	0.000133587364	-0.2456	0.0591759999999999	0.06031936	0.0035017989759999	-0.00647246	7.867999999999938e-05	6.190542399999902e-09	4.18927384516e-05	-0.00151361	-4.380000000000009e-05	1.9184400000000077e-09	2.2910152321e-06	-0.00368283	-1.889999999999965e-05	3.5720999999998656e-10	1.3563236808899998e-05	0.0	0.0	0.0	0.0	0.0
57606.17585938261	-54.179502131810295	2935.4184512508364	3318471497.142116	98317.99781321894	-496.9349357745377	9666428694.000124	246944.33039324396	54000.067299855626	16.85276755774248	284.0157743552975	2916007268.388937	65739.5425431558	62666.35948706055	1.134354	19.434893	0.0884714999999999	0.0455295	0.0286989773	-0.0502608908	-0.0828106226	-0.0458912309	-0.031038512	-0.0216082616	0.1340204427	0.039682886	0.0440485545	-0.0307573064	-0.0076909552	0.0196020151	0.0572209751	-0.1235566288	0.0289029785	-0.084143306	0.0293713705	-0.0628974961	-0.0379724908	0.0543293363	-0.0064420993	-0.0319162437	0.0162915389	-0.0626916999	-0.0590719893	0.0176826426	-0.053034397	0.0130101236	-0.188543313	0.0103518285	0.0775134619	-0.1087393533	-0.0159246635	-0.0374847771	0.061612894	-0.0080018369	0.0737058685	0.0301734964	-0.064879529	0.0156105843	0.120023148	-0.0800025216	0.0010016716	-0.0640620269	0.0345429251	-0.0404944556	-0.0784528291	-0.0037397036	0.0385202372	-0.0816534456	-0.0383775588	-0.051770923	0.0535357478	-0.0153577383	0.0261572306	-0.0102093288	0.0641289488	0.0404177179	0.0413267819	-0.0334290171	0.0478235295	0.0224992076	0.1529712608	0.1186061191	-0.0499802773	-0.0807478546	-0.0347111883	-0.0035203425	-0.0306186191	-0.0878060194	-0.0124246619	-0.058459859	-0.0323856182	0.0586927959	-0.0338369533	-0.0874669519	0.0445354653	0.0121338609	-0.0650602592	0.0	0.0	0.0	-0.25371	-0.0083349999999999	0.0643687640999999	6.947222499999969e-05	0.133719	-0.0066839999999999	0.017880770961	4.467585599999994e-05	-0.284288	-0.0386879999999999	0.0808196669439999	0.0014967613439999	-0.00669868	-0.00022622	5.1175488400000037e-08	4.48723137424e-05	-0.00109874	0.00041487	1.7211711690000014e-07	1.2072295876e-06	-0.00373703	-5.420000000000034e-05	2.937640000000037e-09	1.39653932209e-05	0.0	0.0	0.0	0.0	0.0
57706.85275803444	100.6768986518291	10135.83792215067	3330080855.237467	97984.57760376723	-333.4202094517095	9600977448.188684	111169.03607082184	54019.45872531669	19.3914254610645	376.0273814120206	2918101920.9761934	65703.32688074687	62646.25755580357	1.127746	19.321669	0.0851105999999999	0.0494116	-0.0756803878	-0.0611615521	0.0223089607	0.0405200273	-0.0664291336	0.0351537077	0.0196259689	-0.0420672865	0.0237776188	-0.0290291966	-0.0444789843	0.0137782404	-0.011854567	-0.0334456033	0.0926187117	0.0305602373	-0.065155016	0.0278659193	0.1318189513	0.0174010639	0.0255094352	-0.0275501803	-0.0296513862	0.0093005532	-0.0404469057	0.0305941911	-0.050440228	0.0879247919	-0.0083844998	-0.0262699623	-0.0059944622	0.0003535997	-0.1064337631	0.0930185391	-0.0158786085	0.0066126309	-0.0371900228	-0.083618688	-0.0305182287	0.0432167561	0.0320863037	-0.0600867377	0.0632613416	-0.0094952079	-0.0449468783	-0.0374213868	0.0341676251	0.0070706693	0.0460718309	-0.0553895229	-0.0094646866	0.0598747134	-0.0095459448	0.0747324587	-0.0028460223	-0.0488426486	0.101480889	-0.0512743242	-0.0542231693	-0.0007354239	-0.0250443521	0.0927678987	-0.0421369287	0.0569827391	0.0349418416	0.0753661147	-0.110941566	-0.0536375423	0.0500847234	0.0089859998	0.0075614409	0.032199701	-0.1225186026	0.008799551	0.0353994273	-0.0883815699	0.0476458513	0.0069444129	-0.0595153684	0.0	0.0	0.0	-0.243431	0.0102789999999999	0.059258651761	0.0001056578409999	0.0996664	-0.0340526	0.00993339128896	0.00115957956676	-0.267058	0.0172299999999999	0.071319975364	0.0002968728999999	-0.00715611	-0.00045743	2.092422049e-07	5.12099103321e-05	-0.00109874	0.0	0.0	1.2072295876e-06	-0.00375058	-1.354999999999976e-05	1.8360249999999347e-10	1.40668503364e-05	0.0	0.0	0.0	0.0	0.0
57676.098599873294	-30.754158161144005	945.8182442006604	3326532349.7023063	97921.27892542178	-63.29867834545439	9588576866.390251	4006.722680281297	54073.571887225226	54.1131619085354	2928.234291739367	2923951176.6429143	65866.39070564603	62786.36702678572	1.190973	20.404932	0.0658646	0.0316756	0.002764973	0.0633122227	0.0787812864	-0.0083743421	-0.0057855775	0.0813777398	-0.0289486783	0.059795502	-0.1101154495	0.0402334111	0.0789949238	0.0207054509	-0.1005322841	-0.0713463704	0.0262919129	-0.0189545684	-0.1753889064	0.0603346952	-0.05106353	0.0452120209	0.0125489775	-0.1280780257	0.069656054	0.1449442478	-0.0616219812	0.0115618407	-0.0011200553	-0.1001443992	-0.0295902586	-0.0229284517	-0.0494833001	-0.0659662477	0.0373568775	-0.0949460421	0.0974799429	-0.0118425783	0.1270012132	-0.0103666109	-0.0039138729	0.0793361484	0.0495735928	-0.0457562483	-0.0398614259	-0.0101097644	0.0230245965	0.047029262	-0.1051546799	0.076971458	-0.043521023	0.0819985156	-0.0130579774	-0.08350249	0.0054894521	0.0509237317	-0.1136892144	0.0861012594	0.0700628227	-0.0710239414	-0.0590059031	-0.0008549336	-0.0272055464	0.0599299473	-0.0153535013	0.0265962217	-0.190345439	-0.1043443138	0.0065905937	0.0235278635	0.0384795034	0.1115886232	-0.0859039434	0.0315482797	0.0466176687	0.0653816558	-0.0106082699	-0.0892712439	0.0507024524	0.0017373288	-0.0537018181	0.0	0.0	0.0	-0.254738	-0.011307	0.064891448644	0.000127848249	0.123944	0.0242775999999999	0.015362115136	0.0005894018617599	-0.255465	0.011593	0.065262366225	0.000134397649	-0.00721501	-5.889999999999975e-05	3.46920999999997e-09	5.20563693001e-05	-0.00136532	-0.00026658	7.10648964e-08	1.8640987024e-06	-0.00370232	4.8260000000000056e-05	2.329027600000005e-09	1.37071733824e-05	0.0	0.0	0.0	0.0	0.0
57708.18720676507	32.08860689177527	1029.6786922548874	3330234870.6910434	98942.38102712808	1021.1021017063032	9789594763.317394	1042649.5021090292	54080.99186440481	7.419977179582929	55.05606134553144	2924753681.037819	65957.81904723824	63112.88054394531	1.065617	18.257217	0.102879	0.0564863	0.0852667615	0.0352591935	0.0005032474	-0.0016105646	0.0744980588	-0.0151152196	-0.0067345483	0.0512394112	-0.0356725518	0.041018297	0.0234692783	-0.0975770264	0.012849849	-0.0402732786	-0.0027070834	-0.0939176074	0.0356920316	-0.0236508662	-0.0743971583	-0.1164854939	0.0742190699	0.0864351201	0.0864657287	0.0479831681	-0.0062149995	0.0427385404	0.0110634125	-0.0218145716	0.0602698378	0.0644764306	-0.0259186287	-0.0174676274	0.0149617517	-0.0395035141	0.0131796299	0.1062719065	0.0210278673	-0.1073291717	0.1268907579	-0.0768444821	-0.0068020943	0.0509277022	-0.0411251442	0.0399664508	-0.0405082765	-0.1086443362	-0.0721088103	0.004577699	-0.0488786866	-0.0378661891	-0.0601386991	-0.1108301753	-0.0389159777	-0.0642744408	0.0501737733	-0.1024914831	-0.0136700168	-0.1354232609	-0.0069833262	-0.0034614095	-0.0494051936	-0.0231525797	-0.0288179926	-0.061148524	-0.0694086721	0.0374340849	-0.0031853178	0.0831765475	-0.0205063431	0.0339588153	0.1370470038	-0.1116254726	0.005403376	-0.0237110129	0.0537755045	-0.0901357226	0.0537018181	-0.0034741674	-0.0476458513	0.0	0.0	0.0	-0.242125	0.012613	0.058624515625	0.000159087769	0.137917	0.013973	0.019021098889	0.000195244729	-0.297206	-0.041741	0.088331406436	0.001742311081	-0.00681355	0.00040146	1.6117013160000016e-07	4.64244636025e-05	-0.0016549	-0.00028958	8.38565764e-08	2.73869401e-06	-0.00370232	0.0	0.0	1.37071733824e-05	0.0	0.0	0.0	0.0	0.0
57698.1633510292	-10.023855735867985	100.47768381349346	3329078054.0820494	98707.43041842408	-234.9506087040063	9743156819.808031	55201.78853038308	54053.37936032973	-27.612504075077595	762.4503812961768	2921767820.27172	65697.31528533787	62735.39140290178	1.095915	18.776302	0.080391	0.0456759	0.0644166288	-0.0587384561	-0.0532036742	-0.0282293635	0.0263931233	-0.075375278	0.0530472942	0.0049469909	0.0908960036	-0.0136331633	-0.1065154125	0.0111342516	-0.0181018941	-0.0379844287	0.0815387993	0.0742079671	0.0963571288	-0.0339785167	-0.0035800369	0.0428253913	-0.000775428	-0.0052867238	0.0132981916	0.0609484997	0.0181003974	-0.1037870433	-0.0057982467	-0.0433336798	-0.0146693618	-0.0587893295	0.1022519213	-0.1236068108	-0.0945654299	-0.0846345137	-0.0683382741	0.022638522	-0.0687349569	-0.1572482493	-0.0223564248	0.0268425446	-0.080356934	0.0841460636	-0.0155479882	0.0045530995	0.0166555357	0.1221106107	-0.0306495672	-0.0928713503	-0.0003201295	-0.1008263522	-0.0460204218	-0.0046569328	0.0273200895	0.032098383	-0.0858788915	-0.068144931	0.0269315866	-0.0108664242	0.0246058599	-0.088985721	0.0202139843	-0.079874764	-0.0299708211	0.0062299994	-0.0172410798	0.0274371901	-0.0825384868	-0.0181004548	0.0768531255	-0.0759491909	-0.0803125981	0.0533086509	0.0037264072	-0.0146163498	-0.0397071215	-0.0909747621	0.0566405625	-0.0086768406	-0.0413748055	0.0	0.0	0.0	-0.241113	0.001012	0.058135478769	1.024144000000026e-06	0.130444	-0.007473	0.017015637136	5.5845729000000114e-05	-0.260993	0.036213	0.068117346049	0.001311381369	-0.00704228	-0.0002287299999999	5.2317412899999966e-08	4.95937075984e-05	-0.00129106	0.00036384	1.3237954560000004e-07	1.6668359236e-06	-0.00382361	-0.00012129	1.4711264100000008e-08	1.46199934321e-05	0.0	0.0	0.0	0.0	0.0
57602.5955965784	-95.56775445079984	9133.195690768373	3318059019.4629536	98224.99012653374	-482.4402918903361	9648148685.35765	232748.63523923268	54043.98780388413	-9.391556445603785	88.20133247096196	2920752617.746376	65926.2395641319	62602.02270591518	1.283104	21.983416	0.0638134999999999	0.0367371	-0.1070012961	-0.0595715034	0.0470939552	-0.0186910698	-0.07485127	0.1075542989	-0.0068736479	0.0233908504	0.0446742482	0.0073384687	0.1008335276	0.091106656	-0.038590425	-0.1213997974	-0.0276224628	0.0268571237	0.001764971	0.0308542699	-0.0239512058	0.1099257863	0.0658603257	0.0107883238	-0.005952378	-0.015025047	0.0723367348	0.0177429555	0.2260327818	-0.0589885311	0.0176923762	0.228721635	-0.0070129035	-0.0777589953	-0.0367205698	0.1432280503	-0.1147083553	0.0259936744	0.0922018374	-0.0057519128	0.043162085	-0.0355092997	0.0168699691	0.0354768407	-0.0610282441	-0.012460508	0.1183682973	0.0030233647	0.0692890339	0.1026301651	0.0675151584	0.0332394986	-0.0929900452	0.0216432581	0.0476940438	0.0423616429	0.0253662119	-0.0948489865	-0.0082440826	-0.0129032196	0.0202191787	-0.0271014819	-0.0416466983	-0.0285347391	0.0074826699	0.1418504977	-0.0753508522	-0.0426297906	-0.016292227	-0.0105146184	-0.027059451	0.1358366947	-0.0412554415	-0.1616957577	0.0590122999	-0.0721117956	0.1331287021	-0.0917881257	0.0595153684	-0.0138574779	-0.0349169888	0.0	0.0	0.0	-0.238744	0.0023689999999999	0.056998697536	5.612160999999916e-06	0.139227	0.0087829999999999	0.0193841575289999	7.714108899999974e-05	-0.226113	0.0348799999999999	0.051127088769	0.0012166143999999	-0.00685194	0.0001903399999999	3.622931559999992e-08	4.69490817636e-05	-0.00130534	-1.4280000000000195e-05	2.039184000000056e-10	1.7039125156000003e-06	-0.0036726	0.00015101	2.280402010000001e-08	1.3487990759999998e-05	0.0	0.0	0.0	0.0	0.0
57763.5171601239	160.9215635454966	25895.749613927303	3336623914.707928	98454.54314249424	229.55301596049685	9693297065.39726	52694.58713656012	54182.125109153785	138.1373052696581	19081.915107162717	2935702681.343993	65855.03162205608	63031.76238420759	1.38169	23.672491	0.0894874999999999	0.0653314	0.0988442767	0.0591824086	0.0358085063	0.0101027154	0.0435340925	-0.0177659304	-0.0713476487	0.1392626746	-0.0488471844	0.1033160931	0.0403652	-0.0612507915	-0.0463940202	-0.1813718322	-0.0245183167	0.0437336207	0.0174017966	0.0206497749	-0.0135746131	0.065435221	-0.0375690158	0.0441153643	0.0180753057	0.0911724543	-0.0377518002	-0.0350531	0.0320292427	0.0579993019	-0.0242746357	-0.019528958	0.0811404885	0.0286882948	0.0099142815	0.0257006183	0.0785703667	-0.0180619569	0.0116781464	-0.0571456099	-0.0950045847	0.0254246815	0.0130598528	0.0495604914	-0.0903998825	-0.0379008567	0.0772170631	0.0725840945	-0.0127876483	0.0149353411	-0.0460233461	0.0117526593	-0.1073871866	-0.1562783151	-0.0893973814	0.0419334217	0.0560031629	-0.0330702191	0.0313874378	-0.0090305925	-0.0850367094	0.041736228	0.0415126896	0.0225816075	0.1173218304	0.0091208091	0.0128499179	-0.0443749476	-0.0824367541	-0.0238200138	-0.0950395865	0.0080909047	-0.1600989075	0.1255022072	-0.0271873723	0.0013632244	0.0115725547	-0.0925755837	0.0623229904	-0.0190029227	-0.0283015527	0.0	0.0	0.0	-0.233068	0.005676	0.054320692624	3.2216976000000164e-05	0.135	-0.0042269999999999	0.018225	1.7867528999999838e-05	-0.28971	-0.063597	0.0839318841	0.004044578409	-0.00677389	7.804999999999965e-05	6.091802499999945e-09	4.58855857321e-05	-0.0011262	0.00017914	3.2091139600000064e-08	1.26832644e-06	-0.00373516	-6.256000000000013e-05	3.913753600000017e-09	1.39514202256e-05	0.0	0.0	0.0	0.0	0.0
57866.93260572796	103.41544560406328	10694.75438948697	3348581889.195862	98770.33375071894	315.7906082247064	9755578829.228409	99723.70824293	54118.57863292893	-63.546476224852086	4038.154640595692	2928820553.2485123	65854.92902200078	63697.44326618304	1.335226	22.876421	0.0462955	0.0279132	0.0830013828	-0.1341293463	0.0051237179	0.0462976565	-0.0113053985	-0.0542570541	-0.0346391138	0.1185603575	0.1222218591	0.0425536296	-0.097303173	-0.0443895057	0.070373766	-0.108724174	0.1409029006	0.175151303	0.0404392028	-0.0156979608	0.008586081	0.0142115043	0.0040637885	-0.1111622548	0.0464597847	0.0836700741	0.0882593629	-0.1272845272	0.0214500074	0.0030569723	-0.0149032417	-0.0498120277	-0.0878408398	-0.0260628561	-0.0894340448	0.0964615163	-0.0587407335	-0.0519343204	-0.0463891664	0.0215471196	-0.0658676939	-0.0519477737	-0.1034495741	-0.0542723554	-0.1037078212	-0.0572966758	-0.06485572	-0.1779203831	-0.143288918	-0.0784749509	0.0548817182	-0.0977733042	-0.1676879479	-0.0436950637	0.0115501052	0.0476092122	-0.1058416862	-0.0770182667	0.0307019127	-0.1052342522	0.0278850121	-0.0960306203	0.0261688688	-0.0098307637	0.0037979585	-0.0561423667	0.1253515862	0.034434673	-0.041484885	-0.0284449526	0.005745751	0.0181616783	-0.0711338665	-0.1453216226	-0.0214493086	0.0590636707	-0.0025067859	-0.0933369139	0.0650602592	-0.0241001075	-0.0215583599	0.0	0.0	0.0	-0.229767	0.0033009999999999	0.052792874289	1.089660099999999e-05	0.12091	-0.01409	0.0146192281	0.0001985281	-0.289643	6.700000000003925e-05	0.0838930674489999	4.4890000000052606e-09	-0.00718657	-0.0004126799999999	1.703047823999996e-07	5.164678836489999e-05	-0.0011158	1.0400000000000036e-05	1.0816000000000075e-10	1.2450096399999998e-06	-0.00388883	-0.0001536699999999	2.3614468899999955e-08	1.51229987689e-05	0.0	0.0	0.0	0.0	0.0
57683.35987411072	-183.57273161724152	33698.947793415784	3327370006.3661666	98515.4529991852	-254.88075153373936	9705294479.634668	64964.19750240379	54098.03361063245	-20.545022296486422	422.0979411631242	2926597240.537118	65861.43324338025	63244.00185323661	1.279953	21.929436	0.0740619999999999	0.0399872	-0.0342552471	-0.0748614254	0.0974913857	-0.0722832292	-0.0180870083	0.1070572119	-0.050120785	0.0577419244	0.0757674009	0.0631763124	0.0408417447	0.0155219765	0.0439766899	-0.1367520084	-0.0201181498	0.1580460876	-0.0639891897	0.0283623963	0.0984529813	-0.0083405405	0.0307427486	-0.0269754864	-0.0179670827	-0.0134806776	0.0084485395	0.0090909611	-0.0401927378	0.033676923	0.0357038412	0.0510072733	0.1111044897	0.0107303533	-0.0292302786	0.0280511365	-0.0825005173	0.1536739638	0.0279833604	0.0686435065	-0.110458007	-0.1047207244	-0.0366432427	-0.0967514769	0.0677435112	0.0462095921	-0.0088112845	-0.0680807733	-0.0354267449	0.0690681362	0.0052608664	0.0306705204	-0.1538919497	-0.0148182329	0.0666579653	0.0576470878	-0.0234554529	0.0131218858	-0.0016212138	-0.0048714693	0.0004596377	-0.0763210753	-0.0004252308	0.0021031313	-0.0640382344	-0.0692925276	0.0866993484	-0.1135153358	-0.0547430174	-0.0775778374	0.0746521171	-0.0335927814	-0.1073277396	-0.0483164998	-0.0984791338	-0.0721701102	-0.0859830754	-0.0940719014	0.0677240848	-0.0291360874	-0.0147178502	0.0	0.0	0.0	-0.230308	-0.000541	0.053041774864	2.926810000000148e-07	0.132873	0.0119629999999999	0.0176552341289999	0.0001431133689999	-0.255771	0.0338719999999999	0.065418804441	0.0011473123839999	-0.00711073	7.583999999999976e-05	5.751705599999964e-09	5.05624811329e-05	-0.00145406	-0.00033826	1.1441982760000013e-07	2.1142904836e-06	-0.00374921	0.0001396199999999	1.9493744399999884e-08	1.40565756241e-05	0.0	0.0	0.0	0.0	0.0
57567.79888681117	-115.56098729954827	13354.34178564636	3314051468.672337	98778.53180118866	263.07880200345244	9757198344.79844	69210.45606357174	54019.24355264996	-78.79005798248545	6207.873236883419	2918078674.0005145	65880.28828450295	62949.03407087053	1.073746	18.396492	0.090745	0.0610838	0.0217232644	0.0552280451	0.100241327	-0.1212088048	0.0946801979	0.1084657448	-0.023102385	0.0146232893	-0.0349140617	-0.0019914466	0.11100626	-0.1106925701	-0.0787836846	-0.0392383898	0.0236109036	0.1566697998	-0.0213959924	-0.0227861952	0.0744784398	-0.0708062913	-0.0378210273	0.0638438657	0.0254243113	-0.0484292241	0.0511916076	-0.0704086726	-0.068066544	-0.1153430493	0.0407767895	-0.0328899767	-0.0239132912	0.0292452798	0.0027850431	-0.0705950375	-0.0284537992	-0.0759820331	-0.1014505851	0.1016816511	-0.0845730205	-0.0124360359	-0.0308363656	-0.0014845983	0.0548484515	0.0702298485	-0.0117850686	0.0107247311	-0.0267513905	0.0967928943	-0.1219174316	-0.0172342876	-0.0638544192	-0.0460121395	0.0120778453	0.0808798885	-0.0054515627	0.0579276059	-0.1014061718	-0.0296145931	-0.066540107	-0.1060963519	0.0553794868	-0.0220836925	-0.0684754568	-0.0655613177	0.1339056354	0.0646016432	0.0520049521	0.0519799998	0.0168055943	0.0050801893	0.011622022	0.0155166766	-0.0481768768	0.0517760986	-0.0650846379	-0.0947803389	0.0703114602	-0.034098073	-0.0078109023	0.0	0.0	0.0	-0.236261	-0.0059529999999999	0.055819260121	3.543820899999984e-05	0.139332	0.006459	0.019413406224	4.171868100000026e-05	-0.312721	-0.05695	0.097794423841	0.0032433025	-0.0069424	0.00016833	2.833498890000013e-08	4.819691775999999e-05	-0.00138645	6.761000000000007e-05	4.571112100000009e-09	1.9222436025e-06	-0.00394093	-0.0001917199999999	3.6756558399999776e-08	1.5530929264899996e-05	0.0	0.0	0.0	0.0	0.0
57522.63277708973	-45.16610972143826	2039.977467369	3308853281.6079183	98548.64511838574	-229.88668280291316	9711835454.669537	52847.88693012719	53987.233903455664	-32.0096491942968	1024.6176415419457	2914621424.546433	65730.23625290055	62512.958595424105	1.108523	18.992323	0.0783675000000001	0.0428294	0.0922637402	0.0395894759	-0.0247971895	-0.0917413429	0.0589817624	-0.012639293	0.1113795368	0.0428192869	-0.055760118	-0.0485998685	0.0318096275	-0.0343677565	-0.0977988512	-0.0460499606	0.1021248098	-0.0174748897	-0.0162884009	0.0216291895	0.0374961573	-0.0898100949	0.0019998492	0.1038798826	0.0117106747	0.1714222604	-0.0967338005	0.059683691	-0.016114732	0.0333694222	0.076259481	0.0221855712	0.0405561863	0.0221268475	-0.1257390275	0.0306630788	-0.1332257985	-0.0152764912	0.0058583279	-0.1311385332	0.0770318322	-0.0471892479	-0.0080920563	-0.0247172698	-0.1066023403	0.0963499246	-0.0296556635	0.0501823329	0.0180537732	0.0323771774	-0.0718205674	-0.1307175107	-0.0080341678	-0.0706127747	-0.0396953394	0.0452159065	-0.0452732455	-0.1117847128	0.0303977545	-0.0100995978	-0.0473769991	0.0226691643	0.0719591256	-0.068251538	0.0175967625	-0.0145947799	-0.0672316571	0.0746532613	-0.0943729083	0.1299678659	-0.0158961608	0.0657995883	0.0387928305	0.0080880118	-0.1071414247	-0.0423687482	-0.0706059296	-0.0954620263	0.0728194646	-0.0389734627	-0.0008686951	0.0	0.0	0.0	-0.231302	0.0049589999999999	0.053500615204	2.4591680999999917e-05	0.115713	-0.023619	0.0133894983689999	0.000557857161	-0.281454	0.031267	0.0792163541159999	0.000977625289	-0.0070784	-0.000136	1.849600000000019e-08	5.010374656e-05	-0.00137678	9.670000000000034e-06	9.350890000000068e-11	1.8955231684e-06	-0.00416571	-0.00022478	5.052604840000037e-08	1.7353139804100003e-05	0.0	0.0	0.0	0.0	0.0
57397.48613794611	-125.14663914362607	15661.681288944968	3294471414.955716	98279.5888671875	-269.05625119824253	9658877587.903404	72391.26630885179	53994.949041193184	7.715137737519399	59.52335030889595	2915454521.9610486	65732.04924694223	61701.95959786551	1.22802	21.039661	0.0878645	0.0472592	0.0124780518	-0.055146924	-0.1132631206	-0.1060433857	-0.0580843419	-0.0514233018	0.1073693239	0.0623285782	0.018477131	-0.0334058155	-0.0156913428	-0.0493949538	0.0290166228	-0.124476851	0.0216074373	0.0507019086	-0.0543620025	0.0212472937	-0.0653461879	-0.0230261893	0.009335867	0.013481801	-0.1318922848	0.1181471442	0.1041328559	-0.024671659	0.1206379393	-0.0084050759	-0.1170793827	-0.1487458187	0.0439624151	-0.0285894801	0.0631510416	-0.0153341874	0.0804943709	0.0276990616	-0.0132819958	0.042958437	-0.0634976178	-0.005405429	-0.1447014997	0.1316731518	0.1738210992	-0.0036210273	-0.0911856362	0.0266963283	0.0357482186	-0.0016046491	0.069963248	-0.0418934608	-0.0435134612	-0.096756402	0.1223613351	0.0055993831	-0.0736398536	0.0513669106	-0.0649543651	-0.0902188555	-0.044240499	-0.0865626897	0.0090278867	-0.108956189	0.0952601563	0.0196074319	0.0274878461	-0.0816704185	-0.0477203894	-0.1119439009	0.0778791065	-0.0113958197	-0.0191246828	0.1027811296	0.0253923299	0.0896784934	0.0244583952	-0.0961167712	0.0752452669	-0.0437498751	0.0060774336	0.0	0.0	0.0	-0.23994	-0.0086379999999999	0.0575712035999999	7.461504399999964e-05	0.128079	0.012366	0.016404230241	0.000152917956	-0.237	0.0444539999999999	0.056169	0.0019761581159999	-0.00689514	0.00018326	3.358422760000007e-08	4.75429556196e-05	-0.00143489	-5.8110000000000106e-05	3.376772100000012e-09	2.0589093121e-06	-0.00395895	0.00020676	4.2749697600000124e-08	1.5673285102500003e-05	0.0	0.0	0.0	0.0	0.0
57518.2003335632	120.71419561709628	14571.917023482583	3308343369.6119103	97620.79940926956	-658.789457917941	9529820477.304844	434003.5498638146	54002.90608554164	7.957044348455383	63.31455476328576	2916313865.6838303	65792.9857466603	61969.64829282924	1.270991	21.775888	0.0626449999999999	0.0391094	-0.1284384348	-0.026411993	0.025721323	0.0409652981	-0.136684819	0.0836329365	0.0009695271	-0.0041346136	-0.0109724609	-0.0301908908	0.0121056094	0.0797826416	-0.0283882171	-0.1407346408	-0.0041960423	0.1555398197	-0.0124444323	0.007389267	-0.0322460286	-0.0364392846	-0.0564202098	0.0373974894	0.0994328828	-0.0420292843	-0.0683138665	0.0674163511	0.082613147	0.020351771	0.0083802269	0.014316791	0.0110682397	0.0092373076	0.0052197701	-0.0894372059	0.0500103568	0.0260318045	0.0323370764	-0.0140721491	0.0262985481	-0.0511958284	0.0856822149	-0.0683477447	0.0453864909	-0.1262368709	0.1183075174	-0.0337023876	-0.0545562497	0.0807512452	0.1272086901	-0.0355807088	-0.0546359737	0.0127162615	-0.0537310909	0.0966684584	-0.0109278631	-0.103068089	-0.0075331385	0.0060725371	-0.0767938874	-0.0458943526	0.0054815724	0.0825225171	-0.0098342744	-0.0491903158	0.0582886149	-0.054517135	-0.0391624228	-0.0021807024	-0.0748334741	0.1535524734	0.0059408771	-0.0225234433	-0.0365979951	0.0282318845	0.0299768622	-0.0967443889	0.0775861287	-0.0484151798	0.0129961279	0.0	0.0	0.0	-0.235523	0.0044169999999999	0.055471083529	1.950988899999979e-05	0.139036	0.0109569999999999	0.019331009296	0.0001200558489999	-0.272246	-0.035246	0.0741178845159999	0.001242280516	-0.00679341	0.00010173	1.034899290000008e-08	4.61504194281e-05	-0.00129612	0.00013877	1.9257112900000023e-08	1.6799270544e-06	-0.00395895	0.0	0.0	1.5673285102500003e-05	0.0	0.0	0.0	0.0	0.0
57768.13859695682	249.9382633936184	62469.13550821777	3337157836.9572124	98078.29170461082	457.4922953412606	9619351303.69473	209299.2002966152	54069.0816732256	66.17558768395975	4379.208405317445	2923465592.9859405	65632.0585009054	62952.357988071984	1.25282	21.464567	0.0934585	0.0437233	0.0403848538	0.0070105821	0.0615409352	0.0477595922	-0.0284853035	-0.0322631397	-0.0465360159	0.0071587478	-0.0627123889	0.0233874276	-0.0413465499	-0.0498653574	-0.016040355	-0.0948026325	-0.0058416822	0.0580385525	0.0491651373	0.1404828588	-0.0263757481	0.0500113048	0.0485875146	-0.0018404602	0.0248014465	0.0313974813	0.0140104855	-0.0102048512	-0.0308658918	0.100153198	0.1295783328	-0.09908295	-0.1278264693	-0.1156142737	0.0698115993	0.0655176042	0.0580932222	0.1805607907	-0.0518929826	0.0421339763	0.0688086686	0.0771379127	0.013689135	0.0346023223	0.0805410009	-0.1341652153	0.0407101211	0.0047561841	0.0275530538	-0.0675768307	0.0336656114	0.0131356158	-0.0079917324	-0.0592583043	-0.0513022486	0.1546674754	-0.0119408803	0.0444004013	0.0166109282	-0.0195007734	-0.0561202135	0.0170591383	0.0229687582	0.0559633516	0.0809250901	-0.0855953399	-0.0551969273	0.1258748582	-0.0283972669	-0.0776001916	0.0310056922	-0.0220749561	-0.0035781814	0.0349007975	0.0893574468	-0.0823703616	0.0117825118	-0.0973447023	0.0798394074	-0.0529575288	0.0198561562	0.0	0.0	0.0	-0.219265	0.016258	0.0480771402249999	0.000264322564	0.107869	-0.0311669999999999	0.011635721161	0.0009713818889999	-0.262104	0.0101419999999999	0.068698506816	0.0001028601639999	-0.00711071	-0.0003173	1.0067929000000027e-07	5.05621967041e-05	-0.00118187	0.0001142499999999	1.3053062499999996e-08	1.3968166969e-06	-0.00424523	-0.0002862799999999	8.195623839999994e-08	1.80219777529e-05	0.0	0.0	0.0	0.0	0.0
57767.760504795166	-0.3780921616562409	0.142953682705889	3337114153.7393723	98488.015061829	409.7233572181867	9699889110.819056	167873.22945014184	54140.6468875163	71.56521429069835	5121.579896473575	2931209645.398728	65912.97251461116	62789.286532993865	1.233774	21.138241	0.061073	0.036101	0.1233264446	-0.105239907	-0.0430616117	0.0316389442	-0.0783293689	-0.054028758	0.0137041945	0.2096250628	0.0246180479	0.0821424033	-0.024101143	0.0395912194	-0.071352446	-0.1428139223	-0.0667682986	-0.036086437	-0.0131134704	-0.0706697745	0.0213216153	0.0343726693	-0.0150893435	0.0570057034	-0.0187437264	0.0473573463	0.1252162291	-0.1100683968	-0.0664724872	0.1762726464	0.0246568881	0.0800524169	-0.0130181762	-0.1072242804	-0.0548263644	-0.0511688622	-0.0861608889	0.0004705952	-0.0206648711	0.1175910224	0.0848364211	-0.0100318088	-0.0585696539	-0.1429153335	-0.0199688436	-0.0752765879	0.0983434613	0.008545355	0.0465949136	-5.99068e-05	0.0863093252	-0.0336382273	-0.1442816536	-0.1370981599	-0.081616897	-0.0638694602	-0.0296442061	0.0306313442	-0.0702796718	0.0658153714	0.0479823798	-0.0565133393	0.0894676484	-0.0789667298	0.0544073617	0.0950812593	-0.0016737744	0.0943124932	-0.0853902667	0.002667246	-0.0482634396	-0.0055480603	0.0155225794	0.024366487	0.0211762346	0.0044889467	-0.2038434101	-0.0979175418	0.0820025596	-0.0573653863	0.0266265514	0.0	0.0	0.0	-0.228417	-0.009152	0.052174325889	8.375910400000039e-05	0.1393	0.031431	0.01940449	0.000987907761	-0.256423	0.0056809999999999	0.065752754929	3.227376099999991e-05	-0.00688903	0.00022168	4.9142022400000064e-08	4.74587343409e-05	-0.00120148	-1.9609999999999983e-05	3.8455209999999936e-10	1.4435541904e-06	-0.00430012	-5.489000000000015e-05	3.012912100000016e-09	1.84910320144e-05	0.0	0.0	0.0	0.0	0.0
57656.00279893921	-111.75770585595455	12489.78481818606	3324214658.751286	98616.18790140912	128.1728395801183	9725152516.206032	16428.276806030743	54030.61595042381	-110.03093709248787	12106.807117451024	2919307459.982192	65793.43872256679	63423.08558286831	1.248462	21.389891	0.0674465	0.0308261	-0.0164963119	-0.1311717385	0.0943962368	-0.0796428274	-0.0073850861	0.1015370786	-0.0372300266	0.086675893	0.110951475	0.0025324215	-0.0201427092	-0.001505499	0.0541766303	-0.2146346361	0.0650447223	0.0229246378	-0.060238882	-0.0894880163	-0.0442829241	0.0413820928	-0.0957930338	0.0486518806	-0.026383648	0.0364651768	-0.0529720416	-0.0894634217	0.0102271974	-0.0747254346	-0.1201371953	0.055808048	0.0579074954	0.1490305237	-0.033822831	-0.021410782	-0.0033783378	-0.1032981383	0.0738785032	0.0853511286	-0.0552103507	0.0600128887	-0.1058807676	-0.0181761039	-0.0694552696	0.0459609391	-0.0727192804	-0.0866600331	0.0239787834	0.0471374593	0.0072657773	-0.0795460137	-0.1832609741	-0.0097274756	0.0008129827	0.0689339156	0.0296257218	-0.0460795534	0.0650621889	-0.0276215925	0.113783027	-0.0736636348	-0.0090662609	0.1184684639	0.0464723204	-0.0256760234	0.0551291171	-0.0860853498	0.0308384358	0.0756391696	-0.0201160779	-0.0324618541	-0.0300324642	0.0595840414	-0.0515157669	0.0236767944	0.0197954195	-0.0984627459	0.0840731433	-0.061627558	0.0332767512	0.0	0.0	0.0	-0.226235	0.002182	0.051182275225	4.761124000000075e-06	0.13476	-0.00454	0.0181602575999999	2.0611600000000147e-05	-0.276772	-0.020349	0.076602739984	0.000414081801	-0.00713909	-0.0002500599999999	6.253000359999993e-08	5.09666060281e-05	-0.00082934	0.0003721399999999	1.3848817959999997e-07	6.878048356e-07	-0.00448543	-0.00018531	3.4339796100000064e-08	2.01190822849e-05	0.0	0.0	0.0	0.0	0.0
57554.7182227952	-101.28457614401124	10258.565364672007	3312545589.7053537	98751.88735980637	135.69945839724096	9751935257.123884	18414.34300930453	54001.215961484726	-29.39998893908341	864.359349618227	2916131325.3189125	65764.25107415098	62830.106740513394	1.1166	19.130697	0.105041	0.0726605	-0.0158129766	-0.0037576744	0.092109201	-0.1321946633	0.0454638186	0.09890698	0.0255561851	-0.01058885	0.0167372722	0.0076946916	0.1367551297	0.0804227417	-0.0343181815	-0.0336700096	0.0460340657	0.1252546984	0.0058920914	0.0419428975	-0.0914279921	-0.030031116	0.0109731275	0.0502747308	0.0827824859	0.0782172356	-0.0193557472	0.013348132	-0.0479455385	0.0303337259	-0.0899646057	0.0208451708	0.0031576306	-0.0242045601	0.0078327039	-0.0077771928	0.0849452001	-0.0500152313	-0.0216998633	0.157333208	-0.0547005781	0.0320732748	0.0807902158	0.0789305619	0.0125717763	0.0802586814	-0.0232472032	0.1015961779	0.0394596101	0.0561780289	-0.079723068	0.0200218722	-0.0621878692	0.0277839023	0.0793241187	0.0941790178	-0.0970084714	-0.0450506454	-0.0029171881	0.05335869	-0.0201510162	-0.0653242193	0.1304208085	0.0647164414	0.1207920924	-0.0682841639	-0.0746625293	-0.0830204843	0.0783557563	0.0288527523	-0.029461349	0.0100507133	0.0173834246	-0.054281964	0.0120589596	0.0453297692	-0.1084060275	-0.0989801606	0.0860488212	-0.0657332198	0.0397767358	0.0	0.0	0.0	-0.226786	-0.0005509999999999	0.051431889796	3.036009999999955e-07	0.13137	-0.00339	0.0172580768999999	1.1492100000000028e-05	-0.208116	0.068656	0.0433122694559999	0.004713646336	-0.00725315	-0.00011406	1.3009683600000009e-08	5.26081849225e-05	-0.00113806	-0.0003087199999999	9.530803839999997e-08	1.2951805636e-06	-0.00425933	0.0002260999999999	5.1121209999999966e-08	1.8141892048900003e-05	0.0	0.0	0.0	0.0	0.0
57492.403932266745	-62.31429052845488	3883.070804064681	3305376509.9109206	98936.19614527417	184.3087854678015	9788370907.696163	33969.72840061608	53926.78350293406	-74.43245855066925	5540.190885897096	2908097978.972321	65687.89244461854	62448.72242299107	1.082239	18.54199	0.05424515	0.03094	0.0533477952	0.0848189677	0.0562723624	-0.0983379604	0.0988536027	0.0557688155	0.045602075	0.0160777297	-0.0684071641	-0.0693822018	0.1155683053	-0.1241985952	-0.0075573219	-0.0205760684	-0.0332196159	0.0913082891	0.0529253905	-0.0174153684	0.0361332932	-0.030761636	0.028764901	0.0054471039	-0.0509680105	-0.0532196186	-0.1242630656	0.0481106338	-0.174794242	-0.0098505277	-0.0032468685	-0.0257997087	-0.016295099	-0.0594541904	0.0143352775	0.0313079144	-0.006352708	-0.1304051127	0.0650675238	0.0256083301	0.2545280727	-0.001664264	0.0034823315	0.0369972462	-0.0347495663	-0.0489112202	0.0699912944	0.0181271856	0.0453626288	0.0448420044	-0.1140508597	-0.0412170147	0.0529117246	-0.0843500037	0.0409407992	0.1120440167	0.0788399737	0.0039842391	-0.0610729149	-0.0102764316	-0.0471968096	-0.0259039526	0.0628793102	0.0225915479	-0.0221643813	-0.006167473	0.0282689726	0.006992243	-0.0530087067	-0.041285345	0.0177368654	0.0295353813	0.0954814323	0.0184597286	-0.023291074	-0.0398241371	-0.0934288457	-0.09946964	0.0879273629	-0.0696719448	0.0460971633	0.0	0.0	0.0	-0.223569	0.0032169999999999	0.0499830977609999	1.0349088999999984e-05	0.134501	0.003131	0.018090519001	9.803161000000142e-06	-0.237207	-0.029091	0.056267160849	0.000846286281	-0.00733835	-8.520000000000055e-05	7.259040000000094e-09	5.385138072250001e-05	-0.000915677	0.0002223829999999	4.9454198688999976e-08	8.384643683290001e-07	-0.00432787	-6.853999999999975e-05	4.697731599999965e-09	1.87304587369e-05	0.0	0.0	0.0	0.0	0.0
57538.00615562687	45.60222336012521	2079.5627753867493	3310622152.3649554	98195.70449098926	-740.4916542849096	9642396380.481688	548327.890065602	53985.98848645911	59.20498352505092	3505.230074201551	2914486952.8600955	65640.49941514681	62106.10877845982	1.182651	20.26236	0.04599965	0.0239274	0.0645487669	-0.0242259881	-0.0549622811	-0.0500987209	-0.0421919657	-0.0253373035	0.1406388332	0.0927011928	-0.014296269	-0.039866919	-0.0183945178	-0.0488601369	0.0019876832	0.023799664	-0.0544557962	0.0072696812	0.064273516	0.0198716657	-0.0826720082	-0.1368160467	-0.0297476193	0.1709724314	0.0097191027	0.0509143557	-0.1176858345	-0.0523016004	-0.019890196	0.0022282681	-0.027108856	-0.0170629779	0.0368638709	-0.0868903163	0.0371234537	0.0881528371	-0.0101385413	0.0316672948	-0.068628559	-0.0985812236	0.0947829867	-0.0304884274	0.1184675015	-0.0907569993	-0.0076744224	-0.0930267911	-0.1198486178	0.1090984919	-0.0998380435	-0.0024125008	0.0377331236	-0.1078035319	-0.0169468501	-0.0865218312	0.0217990407	0.0376726465	-0.0472401574	-0.1034006011	0.0036572832	0.1797433889	-0.1276235343	-0.0121791802	0.0063165897	-0.0213555087	0.0505777585	-0.039624745	-0.0563014148	0.0568356721	-0.0106779233	0.0204978655	0.0239004382	-0.0173875448	0.1937142685	0.0603080566	-0.0015653885	0.0810389217	0.0898010057	-0.0999310458	0.089706648	-0.0734337302	0.0522095028	0.0	0.0	0.0	-0.219446	0.0041229999999999	0.048156546916	1.69991289999999e-05	0.135245	0.0007439999999999	0.018291210025	5.535359999999921e-07	-0.23215	0.005057	0.0538936224999999	2.557324900000006e-05	-0.00713867	0.00019968	3.9872102400000285e-08	5.09606093689e-05	-0.00130684	-0.000391163	1.5300849256900002e-07	1.7078307856000002e-06	-0.00445854	-0.00013067	1.707464890000007e-08	1.9878578931600005e-05	0.0	0.0	0.0	0.0	0.0
57601.80476297122	63.79860734434624	4070.2622990780696	3317967911.9514537	98142.97667633244	-52.72781465681328	9632043870.891134	2780.2224384832534	54055.70596008756	69.71747362845053	4860.526129133696	2922019346.843446	65865.81074069657	62553.43270117188	1.347127	23.080317	0.083873	0.0464382	-0.0850120697	-0.1051194989	0.031758666	-0.003682661	-0.0898783989	0.0751635763	0.0086949539	-0.0131948223	0.0429871315	0.0256457148	0.0087859445	-0.0540039297	0.0700906049	-0.0728460174	-0.005351188	-0.0140671818	-0.1233360258	-0.0200586363	-0.0639258114	0.0298052226	-0.0164237892	0.0839378001	-0.0626664329	-0.0310652648	-0.078578784	-0.2090057242	0.0090178493	0.0213962758	-0.0503236811	0.0108572163	-0.0698657899	0.0122139501	0.0538999282	-0.036368162	-0.0159120805	-0.0237671919	-0.1387726808	-0.1803386101	-0.0362469812	0.0400263031	0.138503101	-0.006289914	-0.1413071705	0.0550584303	0.0083653143	0.0684987269	0.0470289346	0.057687565	0.1043916986	0.0004311163	-0.09174808	-0.0089962918	0.0626417999	0.0264688164	0.0437546662	-0.0484589097	0.0121663088	-0.078336308	-0.1943345039	-0.0135411578	-0.0585773634	0.131380557	-0.0160077133	0.04841254	-0.0508139163	0.0852146947	-0.0211912002	0.0614776493	-0.0270533713	-0.0655268974	0.05587218	0.0169848735	0.0177014247	0.1414113505	0.1832240672	-0.100364248	0.0913846679	-0.0770090226	0.0580861624	0.0	0.0	0.0	-0.214798	0.004648	0.0461381808039999	2.1603904000000125e-05	0.135802	0.000557	0.018442183204	3.102490000000022e-07	-0.196264	0.035886	0.038519557696	0.001287804996	-0.00707609	6.257999999999958e-05	3.916256399999948e-09	5.00710496881e-05	-0.00169784	-0.0003909999999999	1.528809999999999e-07	2.8826606656e-06	-0.00405648	0.00040206	1.6165224360000008e-07	1.6455029990400003e-05	0.0	0.0	0.0	0.0	0.0
57643.350310041766	41.54554707054922	1726.0324813912207	3322755834.966192	98240.38967240222	97.41299606977556	9651174162.985434	9489.291803290103	54098.84120453381	43.13524444625364	1860.6493134380555	2926684619.6733656	65739.79840863007	62969.63133356585	1.317244	22.568331	0.112471	0.0685143	0.0756708296	0.0365083221	0.0954667284	-0.0431899377	0.045039606	0.0831530175	-0.0393356861	0.1147431107	-0.085439082	0.0577905428	0.0473094746	-0.1628232038	-0.0597018422	-0.1189076968	-0.0196931853	0.0447673666	-0.1205383991	0.1155303958	0.0491091073	0.0183853329	0.0603310075	-0.1006308559	0.0689183949	-0.0637225455	0.0019173379	-0.0341613017	-0.0226344251	0.0279232522	0.1052727288	-0.0242200862	0.0856089609	-0.0043914467	0.0133197264	-0.0260961102	0.0172110577	0.0457452458	-0.0188535715	-0.0273260888	0.0939544415	0.0880868199	0.026204245	0.0045070472	0.1064819962	0.0068857661	-0.0385590593	-0.1057652786	0.0822123962	0.0323828129	-0.0610650267	0.0233183088	-0.0606366578	-0.1523153411	-0.0156263497	0.1291953424	-0.0372541203	0.1213073686	0.0571402543	-0.0799220905	-0.0801838532	0.0028382703	-0.0525567408	0.0408519845	-0.0305222368	-0.0644569321	-0.0021489869	-0.0122392516	-0.0656549664	-0.0316525668	-0.0099894582	-0.0160158871	-0.0279024918	0.0152788638	-0.0028327589	-0.1133793988	-0.0256552235	-0.1007691241	0.0929595284	-0.080388742	0.063700614	0.0	0.0	0.0	-0.214741	5.700000000000149e-05	0.0461136970809999	3.2490000000001702e-09	0.132094	-0.003708	0.0174488248359999	1.3749264000000124e-05	-0.261409	-0.065145	0.068334665281	0.004243871025	-0.00746529	-0.0003892	1.514766400000001e-07	5.57305547841e-05	-0.00174584	-4.800000000000008e-05	2.3040000000000078e-09	3.0479573056e-06	-0.00362246	0.00043402	1.8837336040000024e-07	1.31222164516e-05	0.0	0.0	0.0	0.0	0.0
57845.08341859945	201.733108557688	40696.24708834791	3346053675.7047296	99682.72368673312	1442.3340143309033	9936645401.605583	2080327.4088958984	54183.46113397681	84.61992944299709	7160.532458937806	2935847460.4571757	65997.756345962	63029.67296791295	1.348966	23.111826	0.2594041	0.18335	0.0975203539	-0.0352332822	0.0274583257	0.0712749546	0.0939124642	-0.0814412349	-0.0419505658	0.0193673074	0.0583629418	0.1280238397	-0.0062499305	-0.050980553	0.0509067932	0.1024418265	-0.0933325493	0.0439297227	0.0955630797	0.019235847	-0.0655489508	0.0612623685	0.0240371189	-0.0190386619	-0.0545499088	0.0106328456	-0.0295733185	-0.1327752495	-0.0648726372	-0.0658135129	0.1077397992	-0.0917074569	0.0347600053	-0.0692139555	-0.0235329672	0.0063861539	0.0258046124	0.0005976212	0.058702328	0.1324898738	-0.0331361681	-0.0279189068	-0.000339139	0.094496229	-0.02644512	0.0068199185	-0.0168250101	-0.0153817563	0.0617308967	-0.0800607889	-0.0667944631	0.0536880943	-0.0622570935	0.0465943837	0.0076821965	-0.1134223067	-0.0460292346	-0.1043876506	-0.0999324088	0.052614459	-0.0957160705	-0.0200862956	-0.1467124106	0.0245298039	-0.0216281505	-0.0747161539	-0.0308702789	0.0409291559	0.0667092611	-0.0543040913	0.0512950611	-0.1528352132	-0.0401041686	-0.174142385	0.0344022503	0.0725373512	-0.0160163803	-0.1011455599	0.0944294516	-0.0835643053	0.0690275134	0.0	0.0	0.0	-0.214763	-2.2000000000022e-05	0.046123146169	4.840000000009681e-10	0.119169	-0.0129249999999999	0.0142012505609999	0.0001670556249999	-0.0997549	0.1616541	0.0099510400740099	0.02613204804681	-0.0085513299999999	-0.0010860399999999	1.1794828815997831e-06	7.31252447688983e-05	-0.00222546	-0.0004796199999999	2.3003534439999986e-07	4.952672211599999e-06	-0.00375286	-0.0001303999999999	1.7004159999999923e-08	1.40839581796e-05	0.0	0.0	0.0	0.0	0.0
58084.57371271928	239.49029411982335	57355.600977599504	3373817703.388319	100989.21863916315	1306.4949524300318	10198822281.3487	1706929.060725151	54333.43633132685	149.9751973500388	22492.559820183084	2952122303.5703483	66018.43287064647	62662.82772635324	1.857216	31.819683	0.3675296	0.205403	-0.0236437233	-0.0417513464	-0.0127556373	0.2335101324	0.2271165103	-0.2247549285	-0.2717936692	-0.4785460198	0.2916407849	0.2011248257	-0.1964140114	0.1203531903	-0.0182128455	0.3294829666	0.0314722387	0.1114260517	0.1274640188	0.0727968739	-0.1002501995	-0.0579938367	0.122404907	-0.0750010709	0.0201928696	-0.1192526302	-0.017885322	0.0049456669	0.0762924009	0.0088997853	-0.121230176	0.0805497157	0.0789909151	-0.0141501163	0.0480720518	-0.1423981526	0.0409482254	-0.0489076433	-0.0570423175	-0.0012670361	0.0104047319	0.0159231405	-0.1415276887	-0.0751924379	-0.1592909398	0.0919167762	-0.0486236697	0.0026809127	0.0295677455	-0.3261858871	-0.1067979481	0.1121049389	0.0378477516	0.4497524468	-0.1291422749	-0.0531033038	0.1737202366	-0.1288418071	-0.2596374589	-0.0999133576	-0.1894449053	-0.217691542	-0.1372884217	-0.118419411	0.0039479109	0.0179118556	-0.0400787112	-0.1616266139	-0.0074781254	-0.0597346298	-0.0766972255	-0.1298820491	0.0772957908	0.0451499106	-0.0582130716	-0.0039738428	-0.0568152051	-0.1014934492	0.0957927783	-0.0865276478	0.0740428144	0.0	0.0	0.0	-0.187847	0.026916	0.0352864954089999	0.000724471056	0.0340424	-0.0851266	0.00115888499776	0.00724653802756	0.0897636	0.1895184999999999	0.00805750388496	0.0359172618422499	-0.00751488	0.0010364499999999	1.074228602499794e-06	5.64734214144e-05	-0.00247757	-0.00025211	6.355945210000013e-08	6.138353104900001e-06	-0.00372205	3.0809999999999605e-05	9.492560999999755e-10	1.38536562025e-05	0.0	0.0	0.0	1.0	0.0
58020.442421707856	-64.13129101142113	4112.822486791584	3366371738.8107166	98293.62869655866	-2695.5899426044925	9661637442.33694	7266205.138670491	54260.68633278223	-72.7499985446193	5292.56228824211	2944222081.30458	65911.43148610991	62912.86574860491	1.785371	30.588753	0.3472861999999999	0.195428	0.0591182642	-0.1255407186	-0.0268828726	0.1060352266	-0.0830511577	-0.0703427556	-0.0937378432	0.0426741728	0.0843115085	0.1286066762	-0.2482297067	0.1370890462	-0.1508352822	0.0468037467	-0.1567761048	0.0473638294	0.0114773504	-0.0720952955	-0.1309993124	-0.0829533285	0.0193278963	-0.029600267	-0.0533580908	-0.0007678137	-0.0618415309	-0.0111448509	0.0929158846	-0.0458278759	0.0152927101	0.0003063258	0.0272375226	0.0018666232	-0.0565319213	-0.0093239265	-0.0580537684	0.0136534718	0.008025809	-0.0258910071	0.0435449292	0.0835823015	0.0729879959	0.0240749242	0.0507623112	0.0309383409	0.1037649904	0.1257830175	-0.13221978	-0.0812934314	0.1247318107	0.0467560436	-0.0445832198	0.0658856359	-0.1749108177	-0.1308058513	-0.0064646428	0.0886591282	-0.198888806	0.0940651661	-0.1200506894	0.134732323	0.1328849563	0.0299110874	0.0296723925	0.0271703445	-0.000202481	-0.0592889346	-0.04031261	0.1261034221	0.1924612234	0.1951439719	-0.0662312639	0.0829747579	0.0876208862	-0.0059319998	-0.0329866175	-0.1018126938	0.0970479694	-0.0892712439	0.0787238772	0.0	0.0	0.0	-0.214859	-0.027012	0.0461643898809999	0.000729648144	0.0919725	0.0579301	0.00845894075625	0.0033558964860099	-0.0751219999999999	-0.1648855999999999	0.0056433148839999	0.0271872610873599	-0.00671739	0.0007974899999999	6.359903000999994e-07	4.51233284121e-05	-0.00186782	0.00060975	3.717950625000001e-07	3.4887515524000003e-06	-0.00426398	-0.0005419299999999	2.9368812489999945e-07	1.81815254404e-05	0.0	0.0	0.0	0.0	1.0
57785.24236950548	-235.20005220237363	55319.06455599928	3339134235.702492	98992.05113472969	698.4224381710228	9799426187.860935	487793.9021407562	54139.34559979275	-121.34073298947624	14723.573482423366	2931068741.9737988	66004.03773895623	63629.47889732143	1.330172	22.789831	0.2223903999999999	0.113998	-0.0053155262	-0.1360036832	0.080699849	-0.0086791419	-0.011323485	0.0701397988	0.0036937485	0.0454700567	0.139985581	0.0682443355	-0.0224935758	0.080042129	0.0188468672	-0.033688861	-0.0364279578	-0.0670430851	0.0194250723	0.0124222413	-0.0229754195	0.0244132435	0.0474450237	0.0048544456	-0.1104603564	0.0083866338	0.1358398273	0.0050516873	0.1669554025	-0.0134220024	0.0419717304	0.0215913393	-0.0080393544	0.1353298334	0.1097199209	-0.1185105393	0.0306888167	-0.0596178821	-0.0182088194	-0.0491025087	0.1098133969	-0.1162365962	0.0089059948	0.0894392225	-0.0091663061	0.062397737	-0.0670739145	-0.035114364	0.006994651	0.0282784821	0.0384004545	0.0100280098	-0.1190927651	0.083481201	-0.0257101848	-0.1017598492	0.0578341894	0.0456918702	0.0366817668	-0.0428554204	0.0395129997	0.0834839573	0.0326181125	-0.0286206123	0.0425666385	0.0264028057	0.0169843066	0.0148176425	0.0882085013	-0.0953202761	-0.0444163547	0.0918232792	-0.0381803136	-0.0961453396	0.120934368	-0.0217295663	0.1091315472	-0.1021032036	0.0981936081	-0.0917881257	0.0830495711	0.0	0.0	0.0	-0.21074	0.0041189999999999	0.0444113476	1.6966160999999865e-05	0.159501	0.0675285	0.025440569001	0.00456009831225	-0.0929019	-0.0177799000000001	0.0086307630236099	0.00031612484401	-0.00855925	-0.0018418599999999	3.3924482595999964e-06	7.326076056249998e-05	-0.00230353	-0.0004357099999999	1.8984320409999977e-07	5.306250460899999e-06	-0.00388229	0.0003816899999999	1.4568725609999973e-07	1.50721756441e-05	0.0	0.0	0.0	0.0	0.0
57585.541617111645	-199.7007523938373	39880.39050666472	3316094603.336097	99093.05768908167	101.0065543519886	9819434082.171667	10202.324022061226	54004.862028164585	-134.48357162816683	18085.83103786828	2916525122.681093	65841.0958562847	63170.65166573661	1.028906	17.628237	0.0677795999999999	0.0354863	-0.0120306611	-0.0048552384	0.0869971464	-0.0736323257	0.0764031051	0.0742778913	0.0225884148	-0.0223980047	0.0423412975	-0.0127532317	0.0174698498	0.1138829494	-0.034299705	0.0452388312	0.0221492464	-0.0737295182	0.0335567879	-0.0975661305	-0.0026559349	-0.0717310456	-0.0901399823	0.0443923668	-0.0683309778	-0.0694176725	-0.0181969988	0.1393914474	0.0902787277	0.0831543073	0.1210290875	-0.0241753542	-0.0903866037	0.0002485033	-0.0174135679	-0.0512201472	0.1427165694	-0.0051943157	0.0706158033	-0.0511676622	-0.1366457308	-0.0902166438	0.1036132917	-0.0897338473	-0.01646918	0.0124645664	-0.0283239277	-0.1307618736	0.1557599229	0.035740528	-0.07905457	-0.0033373897	-0.0015993392	0.1354474979	-0.0028527481	-0.066414523	-0.0478285244	0.001256275	0.0582578356	0.0428794045	0.0958339945	0.1411771194	0.0903117377	0.0515044427	0.0445484238	-0.0424448972	0.0457029803	-0.0712946693	0.1290840601	-0.037967624	-0.0215388073	0.0216640013	0.0404420384	0.0285897732	0.087699398	0.03959961	0.0523241958	-0.1023648966	0.0992284011	-0.0940719014	0.0870003692	0.0	0.0	0.0	-0.206015	0.004725	0.042442180225	2.2325625000000065e-05	0.160943	0.0014419999999999	0.025902649249	2.079363999999997e-06	-0.0604803	0.0324215999999999	0.00365786668809	0.0010511601465599	-0.0083199999999999	0.00023925	5.7240562500047266e-08	6.922239999999834e-05	-0.00206816	0.0002353699999999	5.539903689999997e-08	4.277285785599999e-06	-0.00377309	0.0001091999999999	1.1924639999999964e-08	1.4236208148100002e-05	0.0	0.0	0.0	0.0	0.0
57254.41267047159	-331.1289466400558	109646.37930295292	3278067770.240658	99718.4612490414	625.4035599597264	9943771513.876572	391129.6128102991	53946.73507649497	-58.126951669612026	3378.7425104014123	2910250225.413533	65936.41307916053	62536.71116015625	1.13767	19.491697	0.0736663999999999	0.0424383	-0.0044587462	0.0720656118	0.0447743347	-0.1215695072	0.1319988073	0.0957696553	0.0955426719	-0.1007230872	-0.0140977464	-0.0373052415	0.1459685155	0.094868202	-0.0543598087	0.1068147776	0.0997133754	-0.2119505644	-0.0702615377	-0.0600859061	0.1117233558	0.0927922438	0.0265758868	-0.1071806346	-0.0117280337	-0.0580680757	0.0273490397	-0.119349323	-0.0395762649	0.1483542673	-0.1551123611	-0.1017194795	0.0027324129	0.0329890295	0.0505431416	0.1107529393	0.0946246928	-0.0159434981	0.0024079422	0.042091741	-0.0883710062	-0.0941870502	-0.1269699576	-0.0357190483	-0.0083504422	-0.0286100226	-0.0198838797	0.0610311178	0.0178405564	0.0940862136	-0.1660489764	0.0277662695	0.0928664272	0.1156468953	0.0819206698	-0.1094895686	-0.0420556581	0.1038722817	0.0974723723	0.0718212963	0.0834278971	0.0033885666	0.1314942207	0.0805757441	0.1565251494	0.2175122767	-0.0459787013	0.1050532692	-0.0809057432	-0.0627313826	-0.1605073114	-0.13992662	0.0587393583	-0.081885594	-0.1073260414	-0.0024850457	0.0221232169	-0.1025976989	0.1001511802	-0.0961167712	0.0905584372	0.0	0.0	0.0	-0.207724	-0.0017089999999999	0.0431492601759999	2.92068099999996e-06	0.149917	-0.011026	0.0224751068889999	0.000121572676	-0.0205864	0.0398938999999999	0.00042379986496	0.0015915232572099	-0.00820791	0.0001120899999998	1.2564168099977544e-08	6.736978656810001e-05	-0.00186782	0.0002003399999999	4.013611559999992e-08	3.4887515524000003e-06	-0.00388141	-0.0001083199999999	1.1733222399999972e-08	1.50653435881e-05	0.0	0.0	0.0	0.0	0.0
56954.049887697205	-300.362782774384	90217.80127597175	3243763798.610302	99470.3629367571	-248.09831228430264	9894353102.77018	61552.77255831937	53906.89639268583	-39.83868380914646	1587.1207276451482	2905953478.6917644	65836.00745060938	61389.769757254464	1.159849	19.871695	0.0565176	0.0255863	-0.0351247916	0.1320633475	-0.0590404331	-0.0686325088	0.1140644553	0.008705118	0.1404096356	-0.1345784788	-0.1189054152	-0.0647200539	0.1381556229	0.024487606	0.046695139	0.1176432108	0.1498242772	-0.2037372349	-0.0035973859	0.0238570983	-0.0542210071	-0.0174955205	-0.1676157443	-0.1533147197	-0.0579875272	0.0251478307	-0.0264168857	-0.0357221109	-0.0184114626	-0.0059345099	0.0887189403	0.0742766633	0.0873786749	-0.028574063	-0.1325464697	0.0886612231	-0.0453436961	0.0786520178	-0.055735626	0.1032375996	0.0202611606	0.0386793987	-0.0101466071	0.0126406725	0.0273052458	-0.145093808	0.1066403237	0.0100073836	-0.0509381406	0.0428164088	-0.1474188474	0.0090364913	0.14222481	0.0642526747	0.0890693664	-0.1176002035	0.0404158534	-0.0528209444	0.0854563672	-0.0474113405	0.0914689425	0.1087528747	-0.0165561756	-0.0230294425	0.0783127712	0.1127005635	-0.0516880178	0.0865377913	-0.2525640203	0.058368781	0.0472575252	-0.0514129338	0.0933480245	-0.1092458718	0.1199470567	-0.0725607469	-0.0458510802	-0.1028015449	0.1009609038	-0.0979175418	0.0937077136	0.0	0.0	0.0	-0.214706	-0.006982	0.046098666436	4.874832400000023e-05	0.137435	-0.0124819999999999	0.018888379225	0.0001558003239999	-0.028139	-0.0075526	0.000791803321	5.704176676e-05	-0.00853661	-0.0003286999999999	1.0804368999999965e-07	7.28737102921e-05	-0.00167517	0.00019265	3.7114022500000066e-08	2.8061945289e-06	-0.00381274	6.867000000000028e-05	4.715568900000038e-09	1.4536986307599998e-05	0.0	0.0	0.0	0.0	0.0
56899.795243135806	-54.25464456139889	2943.5664564837302	3237586698.71078	98502.60578927818	-967.7571474789148	9702763347.27794	936553.8964965258	53888.13500285256	-18.76138983326382	351.989748475695	2903931094.085664	65650.96999899701	60151.23172377232	1.113346	19.074959	0.0508987999999999	0.0285291	-0.0455921706	0.1367882348	-0.1828870419	-0.032950599	0.0104992769	-0.1012019803	0.1315711838	-0.098047759	-0.0703882928	-0.0783236969	-0.0312834489	-0.0231886368	0.0376493823	0.196950608	0.0300004662	-0.0897685038	-0.1214937317	0.0197142566	0.0752090951	-0.1495127149	0.0011583342	-0.069630121	-0.0347401611	0.0345990954	0.0327880031	0.0439588779	-0.0255020245	-0.0728496062	-0.0909019161	0.0019777598	-0.0687382606	-0.1338502243	0.0454618581	-0.0554492924	-0.0657438927	0.2555791117	-0.1015892481	0.0444397777	-0.0631941037	0.0117916596	-0.0306916281	-0.0854325493	0.0782461231	0.0493380067	-0.0456926384	0.0066017241	0.0584506243	-0.0345742069	-0.0473779604	-0.0253615338	0.1723846906	0.0196718319	0.0532778993	-0.1457481903	-0.0534027294	0.0342675008	0.1121326901	0.0913060202	-0.0569158751	0.0278409873	-0.0657663874	-0.1676190565	-0.1472001149	-0.0700820584	-0.0454294104	-0.0171742967	-0.0900823506	0.0065640684	0.1663334137	-0.0286298618	-0.0587462223	0.1384467712	0.0649944164	-0.0042889449	0.1083213995	-0.102976377	0.1016566579	-0.09946964	0.0964339822	0.0	0.0	0.0	-0.214652	5.3999999999998494e-05	0.046075481104	2.915999999999837e-09	0.116149	-0.021286	0.013490590201	0.0004530937959999	-0.0121757	0.0159633	0.0001482476704899	0.00025482694689	-0.0085381699999999	-1.5599999999005298e-06	2.433599999689653e-12	7.29003469488983e-05	-0.00186782	-0.00019265	3.7114022500000066e-08	3.4887515524000003e-06	-0.00389044	-7.769999999999999e-05	6.037289999999999e-09	1.51355233936e-05	0.0	0.0	0.0	0.0	0.0
56913.9158119974	14.12056886159553	199.3904649750613	3239193813.055128	97587.19035779333	-915.4154314848564	9523259721.92819	837985.4122006061	53827.742976318	-60.39202653456596	3647.1968689517184	2897425913.9245515	65646.95795224128	59771.50821505301	1.171304	20.067955	0.05505844	0.0407919	-0.1179529547	0.0498448266	-0.2105477858	0.0081811563	-0.1052130587	-0.0648830662	0.0795240477	-0.066191041	-0.0477585902	-0.1489361899	-0.008542753	-0.0430675577	0.1058204422	0.1174205213	-0.0359025496	-0.0987011751	0.0134944226	0.1140293725	0.0001945718	-0.146111628	0.0046548767	0.0728760344	-0.227901983	0.0456196217	0.159662487	0.0857515643	-0.1090502987	-0.082239556	-0.0061307422	-0.03533598	0.0127160617	-0.022989609	-0.0269098231	-0.0819046124	0.0122392193	-0.0442660791	0.1019913325	-0.0276642103	-0.0937153155	0.1362907308	-0.0087982329	0.1235795853	-0.0257055198	0.0066126509	0.015856092	0.0520295009	-0.0903712498	0.0162093511	0.0866886906	0.0038397898	0.1616806842	-0.0096627071	0.1125390964	-0.1197805536	-0.0078103836	0.0783626335	-0.0141099103	-0.0778991574	0.0287082602	0.1065507373	-0.0504802938	-0.2155584168	-0.0018842909	-0.1555704718	0.037292196	0.0616740708	0.0849049278	-0.0953423055	0.1560089997	0.0130528552	0.0059559871	0.120676914	0.042147699	0.0606624113	0.0114487451	-0.1031221459	0.102237657	-0.1007691241	0.0987249362	0.0	0.0	0.0	-0.214606	4.600000000001825e-05	0.046055735236	2.116000000001679e-09	0.118253	0.0021039999999999	0.0139837720089999	4.426815999999978e-06	-0.00860576	0.0035699399999999	7.40591051776e-05	1.2744471603599992e-05	-0.00929574	-0.00075757	5.73912304900151e-07	8.64107821476e-05	-0.00176771	0.00010011	1.0022012100000008e-08	3.1247986441e-06	-0.00376135	0.0001290899999999	1.6664228099999915e-08	1.41477538225e-05	0.0	0.0	0.0	0.0	0.0
57144.61850727634	230.70269527893836	53223.73360896668	3265507424.3421497	97253.75500563173	-333.43535216159944	9458292862.695438	111179.13407112984	53932.83052929396	105.08755297596508	11043.393790476268	2908750208.9015427	65689.17141281012	60618.58053822545	1.145038	19.617931	0.0799033399999999	0.047872	-0.1785765103	0.0672048155	-0.0495597247	0.114184733	-0.1571725058	0.0107490246	-0.0070887909	-0.0500340404	-0.0579863481	-0.0770406963	0.021404118	0.0763289858	0.1013686513	0.0699745579	-0.0131416549	0.105980048	0.0450671973	-0.00753037	0.0508201967	0.0507503292	0.0300763144	-0.1573807572	0.0248554683	-0.0882436416	-0.0282740002	0.0833921032	-0.0755576352	-0.0397339613	0.1719460878	-0.0401811318	0.0135643407	0.0823149558	-0.0442730686	0.064454574	-0.0691595484	0.0761027348	0.1376170639	-0.0365341548	-0.0402163803	0.0318424877	0.1707358543	-0.0209458291	-0.0058621891	-0.01587121	-0.0468821603	-0.0895680497	0.0287761946	0.0415595932	0.1255558372	0.0707876767	0.137222313	0.0456498751	-0.0064055764	0.0093252182	0.0176561852	-0.0091121382	0.0833218038	0.024919874	0.0502908101	0.0806542964	0.0247930726	0.1169222631	-0.1357027293	-0.1903002695	0.0862211273	0.0538391354	0.0454458446	-0.0330807257	-0.0013089958	0.0146800068	-0.1201208156	-0.1267062996	-0.0019891254	-0.0552824166	-0.0003968675	-0.1032388104	0.1027032453	-0.1018126938	0.1005702341	0.0	0.0	0.0	-0.214576	3.0000000000002247e-05	0.0460428597759999	9.000000000001347e-10	0.10433	-0.0139229999999999	0.0108847489	0.0001938499289999	-0.0455661	-0.0369603399999999	0.00207626946921	0.0013660667329155	-0.00889436	0.0004013799999999	1.6110590439999986e-07	7.910963980960001e-05	-0.0017453	2.241000000000005e-05	5.022081000000023e-10	3.04607209e-06	-0.00391736	-0.0001560099999999	2.4339120099999948e-08	1.53457093696e-05	0.0	0.0	0.0	0.0	0.0
57336.7954192952	192.1769120188619	36931.9655131054	3287508108.954111	97756.14063698237	502.3856313506403	9556263032.237474	252391.32258758147	53976.3550117595	43.52448246553831	1894.380573892952	2913446900.355495	65641.74554142631	60985.93056040737	1.03938	17.807692	0.0202415	0.0152609	-0.0941627989	0.1037169482	-0.0214281016	0.1090261616	-0.0948483234	-0.027801625	-0.0913531624	-0.0613426341	-0.1043334778	-0.0360295452	0.0173313906	0.0545942476	-0.0347828661	0.1969317763	-0.0260642917	0.0479217776	0.0101641075	-0.0210003998	0.1944997847	0.0670244617	-0.0184094793	0.1460290881	0.084382502	0.0289288259	-0.0021927663	0.08215416	0.0043487464	-0.0400917346	-0.0348149345	0.0067553693	-0.0463223529	0.0350548626	0.0699693761	0.1345186584	0.0712233275	-0.0639712632	-0.0483751312	0.0066668788	0.0099240196	-0.0888333024	0.0846111744	0.0547730168	-0.1038157403	0.010645369	0.0066105279	0.097626027	0.0839421297	-0.0164540377	0.0599093115	0.1136176635	0.1420207404	0.0005781862	-0.0152353611	0.0520809797	-0.0406291108	0.0657694312	0.0067246383	0.0445610322	0.0721129617	0.0814963082	0.0310269972	-0.0915615131	-0.1620905497	-0.0141245383	0.0155407374	0.1069805713	0.1194737998	0.0130445386	-0.1481452175	0.0275290141	-0.1013468836	0.0255214617	-0.046595288	-0.0513257605	-0.0496779521	-0.1033263376	0.1030528971	-0.1025976989	0.1019615458	0.0	0.0	0.0	-0.214577	-1.000000000001e-06	0.046043288929	1.0000000000020005e-12	0.104326	-4.000000000004e-06	0.010883914276	1.6000000000032004e-11	-0.0439491	0.001617	0.00193152339081	2.6146890000000013e-06	-0.00860784	0.00028652	8.20937104000001e-08	7.409490946560001e-05	-0.00183116	-8.58600000000001e-05	7.371939600000018e-09	3.3531469456e-06	-0.00391737	-9.999999999940612e-09	9.999999999881223e-17	1.53457877169e-05	0.0	0.0	0.0	0.0	0.0
57497.97374110959	161.17832181439007	25978.45142290309	3306016984.333328	98661.8505260257	905.7098890433264	9734160749.219835	820310.4031108744	54046.89606522448	70.54105346497818	4976.040223948909	2921066974.285177	65750.73247541313	61680.84326695034	1.012813	17.352524	0.0112689999999999	0.0085866199999999	0.0159271095	0.1023843413	-0.0239038396	0.1663271991	-0.0128553766	-0.0938771556	-0.1524020907	-0.0091116394	-0.1089721979	0.0320096025	-0.0245325527	-0.0952773955	0.098089645	0.0721827089	-0.091138535	-0.0910314467	0.0258301817	-0.0536753468	0.0280307393	0.1167459828	-0.0636344957	-0.0194341294	0.1170964935	-0.1519246156	0.0142455653	0.1925267431	0.0994124632	0.0595424235	0.0281216094	-0.0186527769	-0.1375136708	0.1666092271	-0.0544122354	0.0610621409	0.0446315419	-0.0570989364	-0.0030869759	-0.1129835073	0.0717828633	0.074993031	-0.083201564	-0.075576785	0.1056801026	0.0440308108	0.0327133264	-0.1397460758	0.0245835754	-0.034758555	0.0230426631	0.1166301091	0.1346962754	-0.0591708377	-0.1081583316	-0.0719950369	0.0765992597	0.0622930566	0.0194941002	-0.0597217915	0.1617754266	0.0691839026	-0.084095065	0.0318847536	-0.1438562428	0.0827718983	0.206324793	-0.1260427798	0.1086523091	0.084976755	-0.1990127554	0.0595499054	-0.0018688459	-0.0181924606	-0.0024234416	0.047964574	0.0303872057	-0.1033847028	0.1032862179	-0.1031221459	0.102892591	0.0	0.0	0.0	-0.214576	1.000000000001e-06	0.0460428597759999	1.0000000000020005e-12	0.104335	8.999999999995123e-06	0.010885792225	8.099999999991222e-11	-0.0429426	0.0010065	0.0018440668947599	1.0130422500000009e-06	-0.00876035	-0.0001525099999999	2.3259300099999942e-08	7.67437321225e-05	-0.00177863	5.253000000000007e-05	2.759400900000007e-09	3.1635246769e-06	-0.00391736	9.999999999940612e-09	9.999999999881223e-17	1.53457093696e-05	0.0	0.0	0.0	0.0	0.0
57513.99522424906	16.021483139469638	256.6879219883099	3307859646.654944	98629.27896136888	-32.57156465681328	9727734668.439522	1060.906824192968	54025.904183355065	-20.99188186941319	440.6591044193983	2918798322.8290625	65585.91282366846	61863.14918694196	0.957223	16.400095	0.0410940999999999	0.026067	0.0443705064	0.0326040563	-0.0543865764	0.0732454902	-0.0377526792	-0.0814886492	-0.0472051238	0.0813569523	-0.0167998981	0.001265107	-0.1170152455	-0.026857182	-0.0398124793	0.0859621053	0.032232515	-0.1189863625	-0.0501902872	-0.1280386083	0.0281311658	0.1199925396	0.0132064079	0.0692886787	0.0739601306	0.0271797131	0.0561576258	0.0863229215	-0.1149305798	0.0366108291	0.0281370077	0.0532344567	0.0837077758	0.0995104522	0.0555802753	-0.1028870974	-0.0869692505	-0.0332997541	-0.0087978936	-0.019323649	0.0267430601	-0.0541569254	-0.1107095389	0.0494290352	0.0193161124	0.0309166764	0.0002059306	-0.084355203	-0.0953386116	-0.0776482896	0.0554705795	0.0264771883	0.0636084738	-0.0493361594	-0.0489609104	-0.0397897589	-0.0385598054	0.0340151228	0.0501041756	0.1004712823	0.0584901391	-0.060511029	-0.0505467496	0.0272200697	-0.1199169814	0.1080685451	-0.0147140259	-0.0030807623	0.1361905389	0.0142385518	0.0078421523	-0.0990608527	0.0402464739	0.195462662	-0.0662391193	-0.1937387056	0.0108068255	-0.1034138895	0.1034029441	-0.1033847028	0.1033591666	0.0	0.0	0.0	-0.213456	0.0011199999999999	0.045563463936	1.25439999999996e-06	0.111035	0.0066999999999999	0.0123287712249999	4.4889999999999965e-05	-0.0628042	-0.0198616	0.00394436753764	0.00039448315456	-0.00853921	0.0002211399999999	4.8902899599999946e-08	7.29181074241e-05	-0.00177545	3.17999999999998e-06	1.0112399999999871e-11	3.1522227025e-06	-0.00387343	4.392999999999975e-05	1.929844899999978e-09	1.5003459964900002e-05	0.0	0.0	0.0	0.0	0.0
