global_signal	global_signal_derivative1	global_signal_derivative1_power2	global_signal_power2	csf	csf_derivative1	csf_derivative1_power2	csf_power2	white_matter	white_matter_derivative1	white_matter_power2	white_matter_derivative1_power2	csf_wm	tcompcor	std_dvars	dvars	framewise_displacement	rmsd	t_comp_cor_00	t_comp_cor_01	t_comp_cor_02	t_comp_cor_03	t_comp_cor_04	t_comp_cor_05	c_comp_cor_00	c_comp_cor_01	c_comp_cor_02	c_comp_cor_03	c_comp_cor_04	c_comp_cor_05	c_comp_cor_06	c_comp_cor_07	w_comp_cor_00	w_comp_cor_01	w_comp_cor_02	w_comp_cor_03	w_comp_cor_04	w_comp_cor_05	w_comp_cor_06	w_comp_cor_07	w_comp_cor_08	w_comp_cor_09	w_comp_cor_10	w_comp_cor_11	w_comp_cor_12	w_comp_cor_13	w_comp_cor_14	w_comp_cor_15	w_comp_cor_16	w_comp_cor_17	w_comp_cor_18	w_comp_cor_19	w_comp_cor_20	w_comp_cor_21	w_comp_cor_22	w_comp_cor_23	w_comp_cor_24	w_comp_cor_25	w_comp_cor_26	w_comp_cor_27	w_comp_cor_28	w_comp_cor_29	w_comp_cor_30	w_comp_cor_31	w_comp_cor_32	w_comp_cor_33	w_comp_cor_34	w_comp_cor_35	w_comp_cor_36	w_comp_cor_37	w_comp_cor_38	w_comp_cor_39	w_comp_cor_40	w_comp_cor_41	w_comp_cor_42	w_comp_cor_43	w_comp_cor_44	a_comp_cor_00	a_comp_cor_01	a_comp_cor_02	a_comp_cor_03	a_comp_cor_04	a_comp_cor_05	a_comp_cor_06	a_comp_cor_07	a_comp_cor_08	a_comp_cor_09	a_comp_cor_10	a_comp_cor_11	a_comp_cor_12	a_comp_cor_13	a_comp_cor_14	a_comp_cor_15	a_comp_cor_16	a_comp_cor_17	a_comp_cor_18	a_comp_cor_19	a_comp_cor_20	a_comp_cor_21	a_comp_cor_22	a_comp_cor_23	a_comp_cor_24	a_comp_cor_25	a_comp_cor_26	a_comp_cor_27	a_comp_cor_28	a_comp_cor_29	a_comp_cor_30	a_comp_cor_31	a_comp_cor_32	a_comp_cor_33	a_comp_cor_34	a_comp_cor_35	a_comp_cor_36	a_comp_cor_37	a_comp_cor_38	a_comp_cor_39	cosine00	cosine01	cosine02	cosine03	trans_x	trans_x_derivative1	trans_x_power2	trans_x_derivative1_power2	trans_y	trans_y_derivative1	trans_y_power2	trans_y_derivative1_power2	trans_z	trans_z_derivative1	trans_z_derivative1_power2	trans_z_power2	rot_x	rot_x_derivative1	rot_x_derivative1_power2	rot_x_power2	rot_y	rot_y_derivative1	rot_y_power2	rot_y_derivative1_power2	rot_z	rot_z_derivative1	rot_z_derivative1_power2	rot_z_power2	motion_outlier00	motion_outlier01
60442.65623469681	n/a	n/a	3653314692.705733	98558.02856143905	n/a	n/a	9713684993.917437	59479.88418856534	n/a	3537856623.085145	n/a	66630.66455995828	60291.14714511206	n/a	n/a	n/a	n/a	-0.0188267541	-0.0679165781	-0.0188104664	-0.0471470608	0.0644699342	-0.0859958528	-0.0323494233	0.0632125833	0.0206382667	-0.0592007875	0.0861316058	-0.110411756	0.0913208783	-0.0633382894	-0.0536069493	-0.0117052303	0.1316755003	-0.0141796344	0.04209895	-0.0499398453	0.0573755015	-0.0561242712	0.138932477	-0.0678420883	0.0673403246	-0.1284693581	0.0764614265	-0.1051462115	0.0396236455	-0.1166767822	-0.0256912577	-0.053937733	0.0155888223	-0.0084486107	0.0689519924	-0.0758715806	0.0172818121	-0.0581890058	0.1008226986	-0.0733078919	0.0672845293	-0.0922391137	0.1303269627	-0.1204490846	0.0142984217	-0.0183432086	0.030629867	-0.0461010245	-0.1262394571	0.0307075197	-0.0296960799	0.0154877621	-0.0155545092	0.0321796226	0.0561827631	-0.0150462195	0.0698374743	-0.088195553	-0.0340786587	-0.021693755	0.0265134387	-0.0684163702	0.039047348	-0.0662522841	0.0263726602	-0.123150112	0.033335232	-0.1855658061	-0.1295710692	0.1134420625	-0.0616625554	0.0976349179	-0.0269417073	0.0559667856	-0.0243677942	0.0127296408	-0.0210309063	0.1071418209	0.050858705	-0.00418649	0.0939704893	-0.0300985099	0.0412823115	-0.0074822643	0.0806626461	-0.094497003	0.0737566311	-0.0859212082	0.1342180528	-0.0464649536	0.0580929387	-0.1261839493	0.0520177065	-0.0945788018	0.0133133381	-0.0254508353	0.058440172	0.0021405515	-0.0067901787	0.102594329	0.1025838106	0.1025662807	0.1025417406	0.101986	n/a	0.0104011441959999	n/a	0.0114621	n/a	0.0001313797364099	n/a	-0.0185444	n/a	n/a	0.00034389477136	-0.00120408	n/a	n/a	1.4498086464e-06	-0.00105852	n/a	1.1204645904e-06	n/a	0.002	n/a	n/a	4e-06	0.0	0.0
60189.998558649655	-252.657676047158	63835.901265550645	3622835926.490248	98720.06987244406	162.041311005014	26257.38647222367	9745652195.620235	59412.87380552686	-67.010383038476	3529889573.83146	4490.391434963271	66672.61342301928	59906.893621791816	1.183768	20.746389	0.10489586	0.0482527	-0.0500590391	0.0353005799	0.1259407857	-0.1361614876	0.1114489942	-0.0177444397	-0.0205251613	-0.1160472046	-0.0795084022	-0.0682159474	0.1230157504	0.0261385348	-0.0226081634	-0.0507312754	0.0208157123	-0.0588454475	0.06042477	-0.0350511259	0.0687079624	0.1361815718	-0.0270994809	-0.0153698305	-0.0665487916	0.0241445102	-0.0210184403	-0.2143570729	0.0284835252	-0.0186595978	0.0031234043	-0.0174851705	-0.0048579303	0.0758952784	0.0437737073	-0.0381123395	0.0739179005	0.0134800312	0.1591695901	-0.1512393215	-0.0779509834	-0.0867321937	-0.0461249499	-0.1957085662	-0.0514976376	0.0626189152	-0.0500110009	-0.0946197714	0.0217944185	0.0608637997	-0.0439657064	-0.0742846815	-0.1846432091	0.0338175958	-0.0124937003	0.0439064457	-0.0479074872	-0.1113615546	-0.0386048889	-0.0154501324	0.1036164779	-0.0297137659	-0.0194175931	0.1097090378	-0.0060275523	-0.1286717809	-0.0053567298	-0.1364471354	0.0792417806	0.0349361658	-0.0819801459	-0.0671971901	-0.0655580714	0.1060965586	0.0608646539	-0.0006215162	-0.0578014545	-0.1775133698	0.0612912644	0.0162209234	0.0916766139	-0.0903323247	0.0594806548	-0.0028304531	-0.0025781839	-0.1054058649	0.0335556187	-0.0797888046	-0.0458496031	-0.0335469266	-0.0020001367	0.0553874199	0.0980461762	0.0725857779	0.052777077	0.0191725455	-0.0376758861	0.1739541895	0.0038393547	0.0128927179	0.020982081	0.1025662807	0.1024716367	0.1023139614	0.1020933517	0.117781	0.015795	0.0138723639609999	0.000249482025	0.0244814	0.0130193	0.00059933894596	0.00016950217249	0.00244016	0.02098456	0.0004403517583936	5.954380825599999e-06	-0.00113207	7.200999999999996e-05	5.1854400999999945e-09	1.2815824849e-06	-0.00166069	-0.00060217	2.7578912761000003e-06	3.6260870890000005e-07	0.00157224	-0.00042776	1.829786176000001e-07	2.4719386176e-06	0.0	0.0
60320.25920385993	130.2606452102773	16967.835690597734	3638533670.420849	98186.2778742284	-533.79199821566	284933.8973590672	9640545162.795193	59365.72233341942	-47.151472107441805	3524288988.168653	2223.2613218988627	66500.48678760936	59334.86372681809	1.218629	21.357351	0.09347879	0.0451415	0.0340941777	-0.0363758423	0.1758143437	0.156183992	0.0467361856	-0.0165340604	-0.0563060282	0.0615171541	-0.0054421647	0.160683886	0.0711104292	0.0024383297	0.049471897	-0.1734865323	0.085579829	-0.0341683018	-0.0431214738	0.1411783026	-0.0403746162	0.1230726752	0.1171589703	0.1558851852	-0.0898955667	-0.0314367108	-0.0061746809	0.095266156	0.1700488662	-0.2072390035	-0.0272018586	0.0031352278	-0.0789446261	0.0528848315	0.0379782667	0.0356671068	-0.0098977892	-0.2132489298	0.1035766911	-0.0684108655	-0.10499615	0.024544743	0.0554077878	0.059873399	0.0627806498	-0.065311635	-0.0059171365	0.0699382938	-0.0191831995	0.1005116413	-0.0437987847	0.0937312051	0.0732398809	0.0712676879	0.0240016285	-0.0987587891	-0.0131517259	0.0482262671	-0.0193280949	-0.0577846178	-0.0970057859	0.0123959155	0.1110120339	0.0179094156	-0.0668946919	0.1199484963	0.0977426984	-0.0904760361	-0.0095008041	0.1526033994	-0.2293233148	0.0940465156	-0.1037846281	0.1525767712	-0.0905936458	0.0017463697	0.1507243626	-0.030456119	0.0353538753	0.1137223976	0.0598144365	-0.0693001111	-0.0588222122	0.0007522395	0.0146105914	0.0767485848	-0.0472161658	-0.0382773801	0.0144787103	0.0011350756	0.0157412089	-0.034503552	-0.0559608665	0.1128868984	-0.0469409972	-0.0481913923	0.007378661	0.0430317656	-0.0342343219	-0.1334675664	0.124936352	0.1025101919	0.1022474116	0.1018099433	0.1011985345	0.112083	-0.0056979999999999	0.012562598889	3.246720399999994e-05	0.013309	-0.0111724	0.000177129481	0.00012482252176	0.0077535499999999	0.0053133899999999	2.8232113292098945e-05	6.011753760249845e-05	-0.00150477	-0.0003726999999999	1.3890528999999993e-07	2.2643327528999995e-06	-0.00108727	0.00057342	1.1821560529e-06	3.288104964000001e-07	0.00205202	0.0004797799999999	2.301888484e-07	4.210786080399999e-06	0.0	0.0
60499.28446449837	179.02526063843834	32050.04394666078	3660163420.716294	98306.9463553723	120.6684811439045	14560.882341576837	9664255701.718048	59557.70670034866	191.9843669292386	3547120427.404756	36857.99714522053	66625.51015042733	60091.21009800895	1.17942	20.670187	0.18368365	0.0809948	-0.0344725059	0.0484935348	-0.0120744464	0.0408024993	0.0837751188	-0.1158494808	0.0412529652	-0.030372888	0.0365087881	-0.0211135949	-0.1111584209	0.0364845604	-0.0407983907	-0.0272526024	-0.1509194921	0.0199539886	-0.0724722938	0.034876722	-0.0298385967	0.0182781564	0.0211722641	-0.0082826314	-0.0249384188	0.0016443637	-0.0711501098	0.0037301755	-0.0006982931	0.0832352635	0.0327259352	-0.0560361234	0.0354425866	-0.0179672376	-0.0319033961	0.0997119728	0.0745209866	-0.1320097791	0.0611412019	-0.0819825589	0.0384904335	-0.127587265	-0.1173477132	-0.0118597336	0.0579339643	0.1126919468	-0.0992961054	-0.1175648581	-0.0611895008	0.047148847	0.1314566079	0.090398563	-0.1139470742	-0.0060635461	0.065823273	-0.0368403037	0.1421558862	0.0142288035	-0.0203060157	0.0119282966	0.0644190257	0.0525507364	-0.1367454402	-0.0674106313	0.0462401242	0.077576438	0.053189213	-0.0596541295	-0.0342294485	0.0610457586	0.0486168848	-0.0246589719	-0.0252393965	0.0628691216	0.022069014	0.0789503096	-0.0494079449	0.0122303477	-0.0582879547	0.0007023149	0.0380082377	-0.0227745637	0.0632368403	-0.0471149791	-0.0613511749	0.0192138842	-0.0841336197	-0.1077751243	0.1101534446	-0.1134026373	0.0044646207	0.0140674366	0.0054885042	0.0900767012	-0.0510474048	-0.138800418	-0.0500323778	0.0591728616	0.0556487886	-0.0517433625	0.00640648	0.1024260777	0.1019113804	0.1010554665	0.0998612018	0.0767999	-0.0352831	0.00589822464001	0.0012448971456099	0.00192715	-0.0113818499999999	3.713907122500001e-06	0.0001295465094224	-0.0322152	-0.0399687499999999	0.0015975009765624	0.00103781911104	-0.00110593	0.0003988399999999	1.5907334559999996e-07	1.2230811649e-06	-0.000548951	0.000538319	3.01347200401e-07	2.89787345761e-07	0.00104818	-0.00100384	1.0076947456e-06	1.0986813123999998e-06	0.0	0.0
60520.21185029942	20.92738580104924	437.95547646595736	3662696042.405122	98466.81649064428	159.87013527197996	25558.46015188117	9695713949.802216	59413.0563904313	-144.65030991735694	3529911269.65257	20923.71215918741	66662.11220658822	60852.74959588543	1.146997	20.101952	0.1170902	0.0524759	0.0731935847	-0.0848340125	-0.0184810069	-0.0947320327	0.0941425513	-0.0007946635	-0.022746919	0.0878627672	-0.0812205798	-0.0819622233	0.0203231727	-0.0553278642	-0.0042939489	-0.0369495804	0.0574193146	0.0560004291	0.0305543768	-0.022725332	-0.0501296549	-0.0320158992	0.0029779394	-0.098357179	0.0452498091	0.0382371622	-0.0476725848	-0.000683824	0.1007599471	-0.1050555585	0.0982396936	-0.0966197183	-0.1060861699	-0.0615626229	-0.0442001746	-0.0013557799	0.1123396245	-0.0621357602	-0.0213186668	0.1332891205	-0.0697084742	-0.0461501735	-0.0847928522	0.0944714714	0.0604548321	-0.0551563418	-0.093913722	0.0274394255	-0.0881981533	0.0603688408	0.0072765788	-0.0978200234	0.0327600452	0.0768319869	-0.0354435456	0.2436244644	-0.0555947091	-0.0199442432	0.0436528317	0.0658360194	-0.0388108436	-0.0412336504	0.0822948313	-0.0329785105	0.0810163745	-0.0273077099	-0.0621733297	-0.0502828111	-0.0594112673	-0.0387308519	0.0224921747	0.0697620511	0.0261060628	0.1170904577	0.025979408	-0.0836808604	0.0876558908	0.0316510298	-0.0232782218	0.1696594811	0.0498851505	0.0613354007	0.0195667167	-0.0763320307	-0.0760806587	0.0590734383	-0.0560345907	0.0493096683	0.0289398616	-0.024960182	-0.0197130847	0.2196205289	-0.0613838473	-0.0368430361	-0.0837206736	-0.0321585898	-0.1578619517	0.0881808567	0.0727244867	0.1061380264	0.0193482983	0.1023139614	0.1014639107	0.1000523871	0.0980872016	0.059434	-0.0173659	0.003532400356	0.00030157448281	0.0295714	0.02764425	0.00087446769796	0.0007642045580625	-0.0601183	-0.0279031	0.00077858298961	0.00361420999489	-0.000610793	0.000495137	2.45160648769e-07	3.73068088849e-07	-0.000260186	0.000288765	6.769675459599998e-08	8.3385225225e-08	0.000948543	-9.963699999999986e-05	9.927531768999971e-09	8.997338228490001e-07	0.0	0.0
60324.61044723777	-195.60140306164976	38259.90887968597	3639058625.610988	98451.15529755015	-15.661193094128976	245.27296913159316	9692629979.422338	59337.12085162706	-75.9355388042386	3520893910.960595	5766.2060534900265	66618.63487195196	59739.41749947782	1.180155	20.683071	0.12199519	0.0619328	-0.1067448757	0.0537743434	0.0771182634	-0.1001272382	0.0848125569	0.0150961465	-0.0105407429	-0.081106742	-0.0349936827	-0.0184188573	0.0716219766	0.066334786	0.0383191011	0.0313944277	0.0338960188	-0.1131742213	0.0249137194	-0.1441193414	0.1007685585	-0.0012226582	0.0557819903	-0.0842084178	0.0870604453	0.0652797257	-0.0951725021	0.0739595437	0.0650023063	0.0085992959	-0.0437793934	0.0486984691	0.0483295416	0.0143601522	0.0069803558	-0.0649961938	0.0258213068	0.0230580285	0.0456546335	-0.0660385167	0.0406072724	-0.0118634282	0.0312549811	0.0480063572	-0.0933507088	-0.0614439211	-0.0585779682	0.0869003582	0.0306794921	-0.0771301592	-0.0620573752	-0.0052761083	0.1016938633	-0.1011017983	0.001674219	-0.0437022265	0.2009608019	0.0603006748	-9.74265e-05	-0.0620755919	0.0205864076	-0.0511882204	-0.0388336581	0.0879725916	-0.0280653136	-0.1260798614	-0.0891638558	-0.0825118609	-0.0103533613	-0.087348247	-0.0119583488	-0.1517285259	-0.1050350421	0.0826083895	-0.0849650094	-0.001599348	0.0612971436	0.0283999837	-0.0279700089	-0.0489226398	0.0203160848	-0.0435468052	0.0433409581	0.1257321559	0.0368342602	-0.0427299787	0.0230416993	0.1007226522	0.0936660053	0.0479783243	0.0095522881	0.0133483291	-0.0226564844	-0.0644451039	-0.0299669439	-0.0063354859	0.0261220659	-0.0734228471	-0.0625516939	-0.0626164537	0.0945674182	0.1021738733	0.1009054916	0.0988031726	0.0958842909	0.05942	-1.4000000000000123e-05	0.0035307364	1.9600000000000343e-10	-0.0089710899999999	-0.0385424899999999	8.048045578809821e-05	0.0014855235354	-0.0215044	0.0386139	0.0014910332732099	0.00046243921936	-0.000775773	-0.00016498	2.7218400400000004e-08	6.01823747529e-07	-0.000803965	-0.000543779	6.463597212250001e-07	2.956956008410001e-07	0.000760806	-0.000187737	3.5245181169e-08	5.78825769636e-07	0.0	0.0
60434.3725798652	109.76213262743111	12047.72575892178	3652313389.121963	98093.416347174	-357.7389503761515	127977.15661623055	9622318330.660025	59319.325804655215	-17.795046971848933	3518782413.918834	316.6636967303099	66532.2676641992	60060.258533470624	1.352878	23.710173	0.20000009	0.091995	0.0776358183	-0.1003475293	0.1060856638	0.1010836444	0.0014882566	-0.0228006968	-0.1141908038	0.08378717	-0.0011547362	0.0869065522	-0.0191981637	-0.0086151209	0.0830450843	-0.1650908415	0.1507947974	-0.0252238283	0.0047467106	0.0230499825	0.0029164685	-0.1446789843	0.0273004207	0.0267051565	0.0299705183	0.1090153941	0.003621801	0.1261821947	0.0393667623	-0.1612389829	0.0992364031	0.0235764081	0.0214183969	0.0304852995	-0.058559045	-0.0506867083	0.0359207821	-0.0534289491	-0.0842175657	-0.0528756834	-0.0529422599	-0.0522805165	-0.0521654936	-0.190844226	-0.0876899219	0.1373236272	0.0393901558	-0.1255628296	-0.0323819207	-0.0835195304	0.1090838193	0.0484200974	0.0569301469	0.0155103314	0.064668713	-0.061867673	0.0544458396	0.0651774168	0.1433270233	0.0050077976	0.0466360793	-0.0595114273	0.1568936422	0.0071857466	-0.0350030271	0.111107769	0.0018021016	0.0690660445	-0.0425038971	-0.0398733913	-0.1168216714	-0.03699778	-0.1000675732	0.0007605135	-0.0173977103	-0.0334149686	0.0444905478	0.0909316205	-0.1034307413	0.0605624665	0.1063374862	0.0057531685	0.0216982936	0.0835433746	-0.1055131717	-0.0163778563	-0.0074360414	0.144145713	0.1945832681	-0.0294228821	-0.1495608364	0.010339552	0.0323992206	0.1353070897	0.0915751635	0.0372489494	-0.0709021463	-0.0836149441	-0.0400542712	0.1300607308	-0.051748861	0.102005852	0.1002367339	0.0973108962	0.0932621027	0.079741	0.020321	0.006358627081	0.000412943041	0.0451584	0.0541294899999999	0.00203928109056	0.00293000168766	-0.0668607	-0.0453562999999999	0.0020571939496899	0.0044703532044899	0.000223779	0.000999552	9.99104200704e-07	5.0077040841000007e-08	-0.000487025	0.00031694	2.37193350625e-07	1.0045096360000005e-07	0.00104818	0.0002873739999999	8.258381587599992e-08	1.0986813123999998e-06	0.0	0.0
60688.52106634353	254.14848647832696	64591.45317922434	3683096589.220022	98464.91321855708	371.4968713830749	138009.92544741288	9695339135.137976	59420.52328012009	101.19747546487632	3530798586.8832936	10240.929040464249	66623.71629941672	60506.62097577351	1.417946	24.850523	0.1756813496549999	0.084133	-0.0967016683	0.1122260701	-0.0670235229	0.0614920605	-0.0175277469	-0.0792496721	0.0729517959	-0.0220485391	0.0484684899	0.010734922	-0.1314928189	0.0466049359	0.0205663168	0.0502581614	0.0381864756	0.0573352891	-0.0161498371	-0.0775544306	0.0921144165	-0.0142064135	-0.2302664694	0.0100236422	-0.1817746551	0.04845288	-0.0619438092	0.0829409704	0.031726983	0.1005803371	0.1331349474	0.0310084703	0.0231728737	0.011313845	-0.0367542015	0.0189613623	0.0211779106	-0.0703828922	0.0583509994	0.0268684673	-0.1136804923	-0.0034642865	0.0965842604	0.0237410628	-0.0160754928	-0.0387263492	-0.094402331	0.0334785644	0.0383995058	-0.0574133189	-0.039518004	0.049168609	-0.0044386701	0.1101819322	-0.0879099758	-0.0135558351	-0.056355845	0.0892952233	0.1284750929	-0.1419195217	0.1107527239	0.0356043729	-0.0034508748	0.0250165398	0.0386655417	0.025747695	-0.0868954086	0.1364697944	0.1839499763	-0.0072106962	0.0560921209	-0.1637323241	-0.1151629509	0.0302980517	0.1214968655	-0.0098115545	0.0471549144	0.0256426874	-0.0459594424	-0.0554466994	-0.0535886468	-0.0686784072	0.0682171939	-0.0872458267	0.0505787063	0.0221008186	-0.0368154806	0.0930468229	-0.0245731837	-0.0610154248	0.0330776594	-0.0314615312	-0.0521345971	0.0863717779	-0.0373744153	-0.0707962184	0.0387933277	0.0116249953	0.1321148633	0.0041200876	-0.0004216714	0.1018099433	0.0994583687	0.0955792289	0.090232103	0.0181919	-0.0615491	0.00033094522561	0.00378829171081	0.0087766	-0.0363818	7.702870756e-05	0.00132363537124	-0.0484467	0.0184139999999999	0.0003390753959999	0.00234708274089	-9.09931e-08	-0.0002238699931	5.0117773810594056e-08	8.279744247610001e-15	-0.000642754	-0.000155729	4.1313270451600004e-07	2.4251521441000025e-08	0.00024105	-0.0008071299999999	6.514588368999998e-07	5.81051025e-08	0.0	0.0
60713.74545978001	25.22439343648148	636.2700242384099	3686158887.7549577	98280.02730758104	-184.88591097603785	34182.800077439395	9658963767.578876	59501.83229758523	81.309017465137	3540468046.7699566	6611.156321145954	66573.37727463747	60875.72284084413	1.240787	21.745691	0.063537990345	0.0279987	-0.0194887973	-0.1373851182	-0.0751698399	-0.0173418145	-0.1168926236	-0.0218172638	-0.0167416699	0.0872628919	0.0503045211	-0.0293125803	0.0434872312	-0.0780474432	0.1092221061	0.0106449711	-0.0414633839	-0.0248299657	0.121898566	0.0592341133	-0.097021756	0.0463945764	0.0053818495	0.0697924256	0.0277024848	-0.0122554494	0.0416010379	-0.0207395429	-0.0523361494	-0.0622153368	-0.0242201382	0.0813554236	0.1538465301	-0.043845796	0.0268610739	0.0895807286	0.034395007	0.0373552704	0.0545085921	0.0654620072	0.0333673713	-0.0037849155	0.0431219406	0.0451229733	0.0196558399	0.1009912304	0.0013520324	-0.0576353152	0.0397994652	-0.0158655808	0.0607761571	0.152364753	-0.0305078812	-0.1013530512	-0.036294869	0.0345464043	-0.0457671936	0.024983468	0.0281339023	-0.0047543919	-0.0274525037	-0.0255525856	0.0461700593	-0.13855415	-0.0304905317	-0.023874326	0.076593347	-0.0009817696	0.0486076898	0.0031058097	-0.0689576073	0.0329787301	0.026491723	-0.0638823609	-0.1049979838	0.0890430634	-0.0983857017	0.0318696399	0.0141334993	-0.0153540397	-0.0587756716	0.0154545057	-0.0721086498	-0.0462630583	-0.0544258961	-0.0795094368	-0.0299869067	0.0382830068	-0.1252440227	0.020048558	0.0334515764	-0.0640835816	0.0317959028	0.0392576207	-0.0279518799	-0.0993000655	-0.0911402507	-0.1234367079	-0.0126659263	-0.0745196384	-0.1724426342	0.1015862008	0.0985712473	0.0936124309	0.0868075413	0.0032565	-0.0149354	1.060479225e-05	0.00022306617316	0.0254981	0.0167215	0.0006501531036099	0.00027960856225	-0.0586341	-0.0101874	0.0001037831187599	0.00343795768281	-8.819079999999998e-05	-8.809980689999998e-05	7.761575975817285e-09	7.777617204639997e-09	-0.000469985	0.000172769	2.2088590022500005e-07	2.984912736100001e-08	6.8045e-05	-0.000173005	2.9930730025e-08	4.630122025e-09	0.0	0.0
60617.316366927786	-96.42909285222412	9298.569948302862	3674459043.528211	98819.7568841628	539.7295765817544	291308.01583711983	9765344350.64504	59507.60422585227	5.771928267044132	3541154960.700671	33.31515591990307	66779.05287487849	61430.32141943497	1.295124	22.69799	0.071932955	0.0395568	-0.0034684765	0.1515354349	-0.0429484762	-0.0683080038	-0.1023288822	-0.0676691475	0.0994594853	-0.0727020877	-0.0699421719	-0.0889644261	-0.0212432642	0.0254663692	0.0656485446	0.0169558079	-0.0635063605	0.0548923935	0.0266667644	-0.0328482373	0.0953513766	-0.0040227182	-0.1056035439	0.1235550789	-0.0187379786	-0.063866387	-0.0874186643	-0.1090272265	-0.0900979412	-0.1362491967	-0.0285654749	-0.0738268695	-0.055275147	0.0569541968	-0.0090895028	-0.0387323454	0.0522768717	0.0912675914	0.008004961	0.1319113044	0.0173058064	-0.0215568067	-0.0140379569	-0.0159357516	0.0869323192	0.0607516609	0.0567591721	-0.0142599497	-0.0007335396	0.0024575629	-0.0161089875	0.0377622164	0.0272110055	0.0330919097	-0.0608771069	0.0358873644	-0.0350325429	-0.0433429835	-0.0602536068	-0.0279784433	0.0738842377	0.0164969332	-0.0394721868	0.0667840155	0.1532675658	-0.0565134734	-0.0117772708	0.0580308839	0.1174346883	-0.0093883764	-0.0091919911	-0.0271609092	-0.0729568571	-0.0139554078	-0.0846449886	0.0090798587	-0.0718157997	-0.1258940623	0.0596119327	0.045071567	-0.0228210469	0.1575458006	-0.0178592057	-0.0507955169	-0.0660853958	0.0077318325	0.1709781137	-0.0434605385	-0.0980039402	-0.0594743734	-0.0456205404	0.0043279672	-0.0112504137	-0.030645806	0.0573289545	-0.0746950021	-0.0139198295	0.0419686912	0.0146192407	0.0227079855	-0.0397499418	0.1013346856	0.0975763397	0.0914153405	0.0830033923	-0.00303701	-0.00629351	9.2234297401e-06	3.9608268120100006e-05	0.00712723	-0.0183708699999999	5.07974074729e-05	0.0003374888645568	-0.0256033	0.0330308	0.00109103374864	0.00065552897089	-2.89097e-05	5.9281099999999984e-05	3.514248817209998e-09	8.357707540899998e-10	-0.000316582	0.000153403	1.0022416272400001e-07	2.353248040900001e-08	-4.0264e-06	-7.207140000000001e-05	5.194286697960001e-09	1.6211896960000002e-11	0.0	0.0
60595.91689637504	-21.39947055274388	457.9373399377524	3671865144.51239	98144.71722487462	-675.0396592881734	455678.5416118933	9632385519.1506	59523.6700348657	16.065809013431135	3543067294.419569	258.1102192560451	66690.31914796663	60161.1476956881	1.265787	22.183844	0.067342255	0.0296507	-0.0158166254	-0.07380353	0.0001112005	-0.0064163275	0.0531458205	0.1163626232	-0.0535504366	0.0208777316	0.0359530847	-0.0723669371	0.0405652046	0.0292213876	0.0072097533	0.046796308	-0.1034024151	-0.1563272193	0.030799734	-0.0622284703	-0.0164221104	-0.1451149576	-0.0307814784	0.0559830585	-0.1535914041	-0.0833609379	-0.0067704309	0.0080005675	-0.032838315	0.0791947399	-0.0413812739	0.0027240315	-0.0521832841	-0.0145516694	0.0204606095	0.0032369352	0.0060784082	0.0844784739	-0.1591825407	-0.013015405	-0.0527366101	0.1029512227	0.0488127865	-0.0657916817	-0.0435384437	0.0316445931	-0.003989738	0.1137665688	0.0242353074	-0.0404332577	-0.0198047298	-0.085181897	-0.0194918477	-0.1418379972	0.0402678456	-0.0479772008	-0.0995880532	-0.0708007806	0.0537279556	0.0440034971	-0.0944276871	-0.0702692509	-0.0715674572	-0.0907620899	-0.0184767393	-0.0491274937	0.0021863515	0.1204418452	-0.119225862	0.0598998366	-0.0244385064	-0.0192607125	-0.0156774527	-0.1610873056	0.1278997821	0.0327167413	0.0498279314	-0.0761418296	0.0422736984	-0.0104849844	0.0321719355	0.0073251298	0.0488458638	-0.0378827574	0.0994994436	0.026819877	0.0763276116	0.1145162973	0.0907768209	-0.0728637614	0.0589563896	-0.0072575517	0.0366800232	-0.0643299089	-0.0119819803	0.1467358609	0.038996405	0.0369592245	-0.1368171445	-0.1144319865	-0.0970742704	0.1010554665	0.0964747338	0.0889933628	0.0788362905	-0.0222745	-0.01923749	0.00049615335025	0.0003700810215	0.0140957	0.0069684699999999	0.0001986887584899	4.855957414089999e-05	-0.0381101	-0.0125068	0.00015642004624	0.00145237972201	-0.000201469	-0.0001725593	2.977671201649e-08	4.0589757961e-08	-0.00018397	0.000132612	3.38449609e-08	1.7585942544e-08	-0.000271445	-0.0002674186	7.151270762595999e-08	7.3682388025e-08	0.0	0.0
60624.7380025191	28.82110614405974	830.6561593671581	3675358857.874084	98658.58947000386	513.8722451292415	264064.68431416724	9733517276.210756	59427.06087777634	-96.60915708936228	3531575564.5709352	9333.329233517075	66546.73515219944	61422.7188902778	1.169754	20.500793	0.081715715	0.0396223	0.082324322	0.0726982532	-0.048464782	-0.0316829665	-0.004973922	0.0016033244	0.0810738471	0.0348359201	-0.0888583066	0.0001232644	0.0077452575	0.0332506501	-0.0625982125	0.0988564802	0.0630804006	0.1023547773	0.0104901989	-0.0561201071	0.0077607832	-0.0299278424	0.0256200844	-0.0745967847	-0.1086322593	-0.0958479248	0.0941786409	-0.010068549	0.0415684374	0.0442093397	0.070482282	-0.0682502241	0.0357890162	0.114963354	0.0189772347	-0.0025240591	-0.0170965419	0.0324015974	-0.0893719958	-0.0875987054	-0.0097357155	0.0470301636	-0.042113628	-0.0049976696	-0.0512235872	0.0540241949	0.0398719441	0.0355813107	-0.010686959	0.0192900758	-0.0032434283	-0.0097784663	0.0830055496	-0.0215777049	0.1312749896	0.0165753775	-0.0661345884	0.0185012806	0.0129821988	0.0462879017	-0.1192948657	0.0874224808	0.0722346247	0.0674098513	0.0240366883	-0.0548105691	-0.0671722475	-0.0279295029	-0.0399408473	-0.0401304531	-0.0333809304	0.01896512	0.0237483865	-0.0275945611	0.129828754	0.017990778	-0.0008244411	-0.0678686324	-0.0487361184	-0.1281874456	-0.0160530027	-0.0391578289	-0.0156044151	-0.1040400794	0.0913338834	0.0154325984	0.0561989133	-0.0191657203	0.0732949495	0.08815592	-0.0235779414	0.0630871205	-0.0285105866	0.0946496935	-0.0257250975	0.0290270222	0.0418610217	-0.0450347997	-0.0216399486	0.0400834767	-0.0196873279	0.1007486199	0.0952676342	0.0863524559	0.0743244578	-0.0370999	-0.0148253999999999	0.0013764025800099	0.0002197924851599	-0.0153613	-0.0294569999999999	0.00023596953769	0.0008677148489999	-0.0214811	0.016629	0.000276523641	0.00046143765721	-0.000384052	-0.000182583	3.333655188900001e-08	1.47495938704e-07	-4.49787e-05	0.0001389912999999	2.0230834536899996e-09	1.9318581475689995e-08	-0.000176933	9.4512e-05	8.932518143999998e-09	3.1305286488999995e-08	0.0	0.0
60558.85070808959	-65.88729442951444	4341.135567241525	3667374399.0846825	98057.19940562308	-601.3900643807865	361670.0095359265	9615214355.274126	59493.0033614734	65.94248369705747	3539417448.968285	4348.41115613669	66732.5004392316	60279.27439734367	1.067245	18.70425	0.118963435	0.0523361	-0.0247671124	-0.0146091277	-0.0089638978	-0.026582227	0.0161059426	0.0852756106	-0.0656549373	-0.028765756	0.0398934736	-0.0791895896	-0.0309662434	0.0778763811	-0.047386761	0.0421837773	-0.0904909849	-0.0824417018	-0.0262916625	-0.072427436	-0.0720470569	-0.0708570596	0.0177955186	-0.0217307691	0.2063829586	-0.0139563635	-0.0318668003	-0.0130818648	-0.1512754206	-0.0561671138	-0.0317251372	-0.0645253819	0.0674508143	-0.0880625877	0.0778411718	-0.0566903607	-0.0894796324	0.0549185921	-0.1143125029	0.0223401747	-0.1455830255	-0.0489848868	0.100957311	0.0523379111	-0.0083326113	0.0115825522	0.0288068958	0.0995055023	-0.0112775906	0.0329010123	0.0728400948	-0.0283678365	0.0828475352	0.0176626078	-0.0557284341	-0.0193700042	-0.107813285	0.0865982864	-0.0959155705	-0.0810337287	0.0159579159	-0.0704921035	-0.1053697289	-0.0516925456	0.0084965467	-0.0060736674	-0.0555558157	-0.0006224784	-0.1016100322	0.0244864818	0.0555761339	0.0573536641	0.0556043741	-0.1956177008	-0.1248666453	-0.0343448159	-0.0939202808	0.0765711601	-0.0191711738	0.0604784924	0.1050866518	0.1133390033	-0.0266928503	-0.0245329065	0.0486439155	-0.0653501632	0.0252075875	0.1019241142	-0.0525928946	0.0491339626	0.0037962862	0.154537487	-0.0170248715	-0.0340022043	-0.0553128776	0.04068627	-0.0146594839	-0.0503600504	-0.0077303263	0.0307223732	0.0009793364	0.1004142296	0.0939563609	0.0834991166	0.0694876231	-0.052515	-0.0154151	0.0027578252249999	0.00023762530801	0.0152781	0.0306393999999999	0.0002334203396099	0.0009387728323599	-0.0454563	-0.0239752	0.00057481021504	0.00206627520969	-0.000196242	0.00018781	3.52725961e-08	3.8510922564000006e-08	0.00025114	0.0002961187	6.30712996e-08	8.768628448969003e-08	-0.000671679	-0.000494746	2.44773604516e-07	4.51152679041e-07	0.0	0.0
60477.02891151245	-81.82179657714005	6694.806395110887	3657471025.963913	98435.49585262344	378.2964470003644	143108.20181309953	9689546843.751846	59345.914373224434	-147.0889882489646	3521937552.7940865	21635.170464104045	66593.13749974684	60997.12916619335	1.055915	18.505682	0.20326365	0.0965474	0.1030262499	0.0290471308	-0.0112323744	-0.0708007427	0.014718814	0.0465435835	0.0070862228	0.0427992219	-0.1407181139	0.0013288226	-0.0063829966	0.0784222985	-0.0068474276	0.1220620734	0.1126201776	0.0699650726	-0.0143406712	-0.0681078718	0.0300156435	0.0666786531	0.1130262183	-0.0490728104	0.0135236567	-0.0089851597	-0.0414687194	0.0500428112	0.0045983155	0.1020872745	0.0143700347	0.0532001451	0.0152013618	0.0146524976	0.097934133	0.0663260739	-0.1043173803	0.0152878301	0.1918990784	-0.039555141	0.0132334291	0.0658405842	-0.0241016439	0.1070436277	0.1156837461	-0.0481721798	-0.0070575431	-0.0380917421	-0.084880251	-0.0587334685	0.1486096044	-0.1480361434	-0.0211980681	0.0325697261	-0.0690616413	-0.0469294119	-0.0106773961	-0.0004799791	0.0062983279	-0.0664675093	-0.0885540332	-0.0005502066	0.0841693287	0.0882695149	0.0196370413	-0.0441237245	-0.0795774357	-0.0446755267	-0.0671188447	0.0935108947	0.0829946472	-0.0026687543	0.0230726247	0.0415364937	0.0111186818	0.0303352844	0.0463892675	0.0292012642	0.0731348836	-0.1020991603	-0.1213847032	-0.0779482907	-0.0061454769	-0.0320328378	0.0140320618	-0.0056628659	-0.1454259493	-0.0678833204	-0.0718977178	0.1357578556	0.0526787622	0.0580536757	0.0155571632	0.0224236968	-0.0136761318	-0.0625209373	-0.1331946204	-0.0625249426	-0.08426225	0.0584590667	0.0153779778	0.1000523871	0.0925423476	0.0804403643	0.0643469367	-0.0376128	0.0149021999999999	0.00141472272384	0.0002220755648399	-0.0246548	-0.0399329	0.00060785916304	0.00159463650241	0.016804	0.0622603	0.0038763449560899	0.0002823744159999	-0.0010759	-0.000879658	7.737981969640001e-07	1.15756081e-06	0.000180666	-7.0474e-05	3.2640203556000005e-08	4.966584676e-09	0.000101554	0.000773233	5.97889272289e-07	1.0313214916e-08	0.0	0.0
60397.54532744521	-79.48358406723855	6317.640136173778	3647863481.580799	97999.12174479169	-436.3741078317544	190422.3619859596	9603827862.750504	59395.612236086	49.69786286156887	3527838752.8994894	2469.8775730073057	66565.84044120625	59522.37032342449	1.195769	20.956718	0.1202109	0.0570037	-0.0610546678	0.0100519054	0.0913043967	0.0453793153	-0.0383864829	0.1235521066	-0.0584562306	-0.0308657478	0.0942271453	0.0433860932	0.0454566002	0.1619012176	-0.0738658221	0.0017919137	0.0050575882	-0.0363868025	-0.1409243883	-0.1246962192	-0.0725888162	0.000662425	0.0612791822	-0.0303379659	0.0057679174	0.0252753816	-0.0517889143	-0.0136264476	-0.0243688054	0.0557727046	-0.0180069888	0.0436541222	-0.1352649646	0.0097316436	-0.0206967263	0.1236673224	0.0021286215	-0.0095918351	-0.0035152053	0.1549824412	0.0184679466	0.1242177308	-0.1052721866	-0.0780103636	-0.0683812551	0.0894885422	0.0195819386	0.060712941	0.1266578677	-0.0415140611	-0.0825427639	0.0461804912	-0.0507429455	0.0772857623	0.0257732016	-0.0442734898	-0.0627508163	-0.1358575657	0.1001728132	0.0198377247	-0.0763965711	-0.0008465504	-0.0784777102	-0.0210319419	-0.103071634	0.0549504568	-0.1533427257	0.0297607182	-0.0565046985	0.0367073847	0.0341332831	0.093123823	0.0378902202	0.0472055319	-0.0124356453	-0.0228339954	-0.0183287742	0.0656128573	0.0795534816	-0.0110067682	0.0020475106	-0.0021858173	0.1668323098	0.0136509512	0.000892813	0.056909976	0.0390584478	0.0393083758	-0.0299250892	0.0088956967	-0.0239519624	-0.1956965744	-0.0103982304	-0.0551191626	0.0783827807	0.0574083682	0.0198189177	0.0557227071	0.0478059275	0.0349186008	-0.1242690486	0.0996631912	0.0910271406	0.0771837238	0.0589248775	-0.0144422	0.0231706	0.00020857714084	0.00053687670436	-0.0126552	0.0119996	0.00016015408704	0.00014399040016	0.00140251	-0.01540149	0.0002372058942201	1.9670343001e-06	-0.000250784	0.000825116	6.808164134560001e-07	6.2892614656e-08	-0.000222907	-0.000403573	4.9687530649e-08	1.62871166329e-07	-6.25412e-05	-0.0001640952	2.692723466304e-08	3.911401697439999e-09	0.0	0.0
60643.64227457669	246.096947131482	60563.707387435454	3677651348.326825	98700.82532793208	701.7035831403919	492387.9185920648	9741852920.41496	59433.959609859245	38.347373773242	3532395554.90638	1470.521075304728	66559.20986030663	60611.083312186696	1.09372	19.168242	0.11755233	0.0677656	0.0235223391	-0.0398821833	-0.0170934918	0.0880482905	-0.0147773368	-0.0143757352	0.0274698127	0.044040687	0.072566175	0.0778039708	0.0847643758	-0.033421484	0.1198170022	-0.0277367957	0.0494961774	0.1152477275	0.0230476658	-0.0177484253	9.74935e-05	0.0473744011	0.0379511308	0.0905333482	0.0163257557	0.0389678351	0.052747706	0.0526236134	0.0758795072	-0.0559036355	0.1077075432	0.0174362773	-0.1025553589	0.0757654974	0.0477442106	0.1340642456	0.0538275419	0.0078932372	-0.0265172265	-0.0932191387	0.0070303138	0.0490104807	-0.0281573115	0.0175269509	0.053047383	-0.0123836596	0.0149731197	0.0961441021	0.163390899	0.0154583217	0.1605691381	-0.0669575316	-0.0288635213	-0.0410528184	-0.0208900456	0.0256492588	0.0769261708	0.0562040088	0.0346544616	0.001343789	0.1003769262	0.0715517517	0.0834175968	-0.0110113241	-0.0521326563	-0.0272908057	0.0254816661	0.0290305335	0.0120430575	-0.032492218	-0.0882979583	0.0162003999	-0.0067708578	0.1262393538	-0.0629186773	-0.0335347531	-0.0187860525	0.0618218343	-0.0146593083	-0.0225971317	-0.0777500662	0.0031560371	0.0594307888	-0.0978581463	-0.0832833557	0.1804737257	0.0481630597	-0.0407413388	0.0109906538	0.0834842968	-0.0088067125	-0.0100946191	-0.1175017432	0.1038996088	-0.0767811362	-0.0008861042	0.0576400678	0.0258571251	-0.07230559	0.1580099549	-0.0977082353	0.0992467484	0.0894123968	0.0737372065	0.0532451548	0.0408866	0.0553288	0.00167171405956	0.00306127610944	-0.00773072	0.00492448	5.97640317184e-05	2.42505032704e-05	-0.00150943	-0.00291194	8.4793945636e-06	2.2783789249e-06	-0.000285261	-3.447699999999999e-05	1.1886635289999991e-09	8.1373838121e-08	-0.000651637	-0.00042873	4.246307797690001e-07	1.8380941290000005e-07	0.000561994	0.0006245352	3.9004421603904e-07	3.15837256036e-07	0.0	0.0
60707.249775462966	63.607500886275375	4045.914168997522	3685370175.300448	99164.18873577354	463.3634078414616	214705.64772645268	9833536327.624117	59661.58132102273	227.62171116348327	3559504285.725008	51811.643392992206	66834.2639376924	61182.57318401516	0.962857	16.874758	0.06924885	0.0358699	0.0129777741	0.0292354736	-0.0556902347	0.0313301952	-0.0750336945	-0.093721947	0.0935636882	-0.0696398266	0.0178395157	0.0134092544	-0.0948454249	-0.061063803	-0.0122594976	-0.0577330395	-0.1940034074	0.1420826216	-0.0407107371	0.0970703151	0.0373605699	0.0520759188	0.1094689216	0.0331998691	-0.1468242344	-0.0530995405	-0.0305280966	0.0523969879	0.0396547268	0.00898673	-0.0631443833	-0.0264845607	-0.0937268271	0.0099039431	0.05409413	0.1348038803	-0.1160646511	0.1008226946	-0.0504739334	0.0679894865	0.0180014219	-0.0445142878	-0.0577917637	-0.0764656322	-0.1332256141	-0.1701284749	0.0028696688	0.008790549	-0.1057379895	0.0761295225	-0.0775528338	0.0986912105	0.0298888091	-0.1480083201	-0.0041569784	0.1568238159	-0.0071142665	0.0003013425	-0.0139686989	-0.0493319389	0.0154618245	0.0737610213	-0.107053705	-0.0413770372	0.1321341224	0.0443489339	0.1675980039	0.0756859688	0.0027278175	0.1315039269	-0.0364484524	0.0251953162	0.0771009713	0.0731931155	-0.0016894338	0.0342313234	0.0325866997	0.0191015218	0.0624708225	-0.0472705463	-0.0328631161	-0.0501706515	0.023774399	-0.0373280915	0.0020040305	0.2115624329	0.0311149122	0.0146628611	-0.0598475499	0.1840853747	-0.0421550872	0.0810622423	0.0201050228	-0.0198886696	0.1195673574	0.068242295	-0.0325844704	-0.0024746457	0.0674865238	-0.0973344344	-0.0046444032	0.0988031726	0.0876998819	0.0701092912	0.0473326046	0.0232809	-0.0176057	0.00054200030481	0.00030996067249	-0.00772379	6.92999999999961e-06	5.965693196410001e-05	4.80248999999946e-11	-0.0196075	-0.01809807	0.0003275401377249	0.00038445405625	-0.000311951	-2.6690000000000004e-05	7.123561000000001e-10	9.731342640099998e-08	-0.00018659	0.000465047	3.481582809999999e-08	2.162687122090001e-07	0.000382968	-0.000179026	3.2050308676e-08	1.46664489024e-07	0.0	0.0
60532.584695429614	-174.66508003335184	30507.890183057203	3664193809.90936	99080.54697145062	-83.64176432292152	6995.944739051147	9816954788.161833	59497.8190857438	-163.7622352789258	3539990475.9598994	26818.06970355025	66624.35176249595	61078.32408797674	1.047087	18.350952	0.08657745	0.0538959	0.0621868486	-0.0291199472	-0.0654539735	-0.0391714564	0.067745074	0.0774369692	0.0735077257	0.0275667631	-0.0307705542	-0.0075514315	0.076943169	-0.0815683367	-0.0525660608	-0.0271747147	-0.0381904491	0.0943652838	0.0191631125	-0.0732054456	0.0171266079	0.1077606227	0.0736909027	-0.0233976037	0.1892213617	0.1062354421	0.0236910696	0.0176959546	-0.0008348891	-0.0764755038	-0.0884927007	0.0730516729	0.0462326954	0.1509682772	0.0746343089	-0.1877534511	0.0266533528	0.0883285436	-0.0352213445	0.0401933437	0.0394017745	-0.0309993977	0.0950847055	0.099227627	0.0686411419	0.0900880284	0.0391872171	0.0993734381	-0.0099741954	0.0404442844	-0.1422565705	0.0678983517	-0.0622553441	0.0186021112	0.1409657468	-0.0011541176	-0.0689561791	-0.0043821685	-0.0237210737	-0.0133777716	-0.0589549508	0.1068424251	-0.0103259177	0.0368021238	0.0111260234	-0.0995951239	0.0397561425	-0.1158692129	-0.0741650762	-0.0486932494	0.0247816768	0.0684567361	0.0029820953	0.0508919886	-0.1344568587	-0.1515388608	0.0057762608	0.0623955243	0.058432683	-0.0919381877	-0.0324477986	-0.038664899	-0.1674274412	0.0513648577	0.0752003643	-0.128411777	0.1143871208	-0.0299595648	-0.0217093775	-0.0814693034	0.0319508726	-0.0343130766	-0.0225653195	-0.14365957	-0.0709390127	-0.0076576847	-0.029895197	-0.0117444164	0.0710871448	-0.0638702897	-0.0969002445	0.0983325849	0.0858914684	0.0663089027	0.041213081	0.0232575	-2.339999999999981e-05	0.00054091130625	5.47559999999991e-10	-0.0077241799999999	-3.89999999899672e-07	5.966295667239846e-05	1.5209999992174414e-13	0.0292068	0.0488143	0.00238283588449	0.00085303716624	-0.000492485	-0.000180534	3.2592525155999994e-08	2.42541475225e-07	8.53012e-05	0.0002718912	7.27629472144e-09	7.392482463743998e-08	8.060599999999998e-05	-0.000302362	9.142277904400003e-08	6.4973272359999966e-09	0.0	0.0
60491.17606762669	-41.40862780292082	1714.674456520827	3659182382.044613	98932.60838638118	-147.93858506943798	21885.82495234734	9787661002.13306	59472.32544147081	-25.493644272988604	3536957493.4162164	649.9258983176846	66860.44015943981	60326.78709769472	1.1397	19.97406	0.09615359	0.0578537	-0.0457441538	0.0525154917	0.0680289868	-0.0071521301	-0.0738804028	0.0187211332	-0.0632054368	-0.1597675269	-0.0001228665	0.0387770043	-0.0672964304	-0.0565097981	-0.0712756119	-0.062355275	-0.0406454021	-0.105326074	-0.1289005003	0.0558374269	-0.0691691575	-0.0180908718	0.0119814601	0.036387012	-0.0620412451	0.058979644	0.0595942121	-0.0447278038	0.0196108422	0.0559492906	-0.0326841924	0.0487237083	0.0649405832	0.0041230724	-0.0640226512	-0.0700665588	0.0030806408	0.0005073276	-0.0885766763	-0.0726749541	0.0125343079	0.0804434969	0.0901624114	0.0899851619	0.1513541827	-0.0171181581	-0.0243196028	-0.1122853484	-0.0285576168	0.0685007203	-0.0814017859	-0.0838152514	0.0268002224	-0.03357307	-0.0556077107	0.0519477307	0.039721727	-0.0623858251	0.0631249015	0.2547536912	0.0127185879	-0.0714349847	-0.1216035004	0.0640730708	-0.0053181652	0.1413426505	0.0433505068	0.0323666906	-0.0739811321	0.037367912	0.0195042997	0.0573119248	0.071855464	0.0242410388	-0.0121881766	-0.0266870197	-0.0327382771	-0.0502355634	-0.1346464526	-0.0483498393	-0.0510787066	-0.0109822484	-0.0284140244	0.0855894056	0.0133959486	-0.0353610871	0.0961987814	0.0321415625	-0.050208265	-0.1472312523	0.0869049848	-0.1000869337	-0.0258695903	0.1080058832	-0.1046816689	-0.0414466662	0.0412963938	0.0477919777	-0.0287597223	-0.08742217	0.0904026181	0.0978351141	0.0839891338	0.0623453902	0.034913343	-0.00529278	-0.02855028	2.8013520128400003e-05	0.0008151184880784	-0.00771549	8.68999999989982e-06	5.9528785940100005e-05	7.551609999825886e-11	-0.0199004	-0.0491072	0.00241151709184	0.0003960259201599	-0.000310967	0.0001815179999999	3.294878432399999e-08	9.6700475089e-08	-5.14232e-05	-0.0001367244	2.64434549824e-09	1.869356155536e-08	0.000132112	5.150600000000003e-05	2.652868036000003e-09	1.7453580544000002e-08	0.0	0.0
60552.6064488605	61.43038123380393	3773.6917385304896	3666618147.7505817	98204.4167269483	-728.1916594328795	530263.0928676109	9644107464.680122	59398.05800861958	-74.26743285123666	3528129295.1953363	5515.651582312947	66476.31284682841	60128.36202104007	1.086576	19.043026	0.0320870699999999	0.0240695	-0.0168705017	-0.0908658713	-0.0289690906	0.0596267495	0.046375965	0.0614815366	-0.0122623275	0.0828163847	0.0921500735	0.0486792418	0.0735012658	-0.0260870993	0.0347537759	-0.075152017	0.0834755958	0.0619543233	0.0025347956	0.0436361915	-0.0795808532	0.0067645069	0.0828830531	0.0169898775	-0.0536493792	0.029418597	-0.0705584105	-0.0334957861	0.0489857588	0.0134260999	-0.0321493344	0.0343690926	0.0731847947	-0.105064678	0.030816637	0.1702438522	0.0313851266	0.1579502304	-0.1409580794	-0.0317334875	0.0323391506	0.022117129	-0.0670866491	0.0550344971	-0.0741300371	-0.0885649946	0.0018426287	-0.002818334	0.2021852397	0.0502077056	-0.0439733708	0.0210599632	-0.1208968946	0.0202484424	-0.0893493537	0.0247134369	-0.0692776488	0.0476537651	-0.0840622105	-0.0747529321	0.0057080141	0.0488120422	0.0743162442	-0.0458102975	-0.0844447555	0.016901567	-0.0317327225	-0.0074758407	-0.0070079234	-0.0330395916	-0.0450006761	0.0223281529	0.0571034364	0.1017394304	0.0063610659	0.0407117571	-0.15956356	0.1062824135	0.0034649773	-0.0852393958	-0.0478994137	0.0918201515	-0.0314159215	-0.0257983726	0.0069518025	0.1250043525	-0.0011652724	-0.0130470691	-0.0239844877	0.0195556523	-0.0138375182	0.0023083462	0.1714659112	-0.0639928191	-0.061100145	0.0996833414	0.0815034989	0.0671252841	0.0061728315	-0.0403122051	-0.0848837901	0.0973108962	0.0819949584	0.0582285042	0.0284609379	-0.00529367	-8.899999999999186e-07	2.8022942068900005e-05	7.920999999998551e-13	-0.0077170299999999	-1.5399999998997813e-06	5.9552552020898456e-05	2.3715999996913264e-12	0.00317969	0.0230800899999999	0.000532690554408	1.01104284961e-05	-0.000451507	-0.00014054	1.975149160000001e-08	2.0385857104900001e-07	-5.14232e-05	0.0	2.64434549824e-09	0.0	0.000171663	3.9551e-05	1.564281601e-09	2.946818556900001e-08	0.0	0.0
60556.104691239896	3.4982423793990165	12.237699745023292	3667041815.376407	98682.0724464699	477.655719521601	228154.9863916984	9738151422.330334	59399.834767239154	1.7767586195768672	3528340370.3753133	3.1568711922406947	66772.5245007696	61160.68471001773	1.189145	20.840633	0.04587009	0.0252741	-0.0107946902	0.091198066	-0.0019219725	-0.0909003393	-0.1077877817	0.0510635766	-0.0112617691	-0.0634782051	0.0037755197	-0.0704877014	-0.0578232216	0.0159587163	-0.0037322915	0.0607844405	0.0390465717	-0.0728732319	-0.0943707453	-0.0887489873	-0.0965864585	-0.0150993806	0.0350168621	-0.0668604527	-0.0263402482	0.0667986476	-0.1260136051	-0.0066816137	-0.0600590935	0.0839929997	-0.0468119737	-0.0325491243	-0.0106379963	-0.0923961464	-0.0795137479	-0.094761746	-0.0403389035	0.0096089833	0.0263348012	-0.0277183635	0.0091705131	0.0049381594	-0.012746244	0.001716961	0.009594981	-0.0374312269	0.0764784397	0.0120720611	0.0055277948	0.1306452099	0.0045252698	0.1408932887	0.188567418	-0.0120562576	-0.0033707785	-0.0063317561	-0.0199017687	0.0384945588	0.0910264055	-0.0368330342	-0.0138242704	-0.0838063351	-0.0374511752	0.0246804149	-0.0130381143	-0.0164684475	-0.1548063037	0.0809034811	-0.0590156567	0.0597846369	0.1404118325	-0.089198811	0.0379358418	0.0791873037	-0.0090105976	0.0390988782	-0.0183323943	-0.0176680376	-0.1019017273	0.0161762079	-0.0237899942	0.0982504207	0.0580044408	0.1168608601	-0.0308601436	-0.0537326615	0.0307159142	-0.0583254001	-0.15268977	0.0774350421	0.0165880987	0.0672654611	0.0399324234	0.094880408	0.0111338837	0.0679195568	0.0317848974	-0.0063298706	0.0346421702	-0.108615706	0.044866519	0.0967600744	0.0799111227	0.0539683725	0.0218840804	0.00304047	0.00833414	9.2444578209e-06	6.94578895396e-05	-0.00771167	5.3599999998996464e-06	5.946985418890001e-05	2.872959999892421e-11	-0.015554	-0.01873369	0.0003509511410161	0.000241926916	-0.000166626	0.000284881	8.115718416100003e-08	2.7764223876e-08	-5.14232e-05	0.0	2.64434549824e-09	0.0	8.060599999999998e-05	-9.105700000000005e-05	8.291377249000006e-09	6.4973272359999966e-09	0.0	0.0
60477.23243916269	-78.87225207720621	6220.83214773036	3657495643.500512	98912.82614776236	230.75370129245857	53247.2706601692	9783747176.53746	59393.74101320377	-6.093754035384336	3527616471.543524	37.13383824376288	66491.60051568576	60429.32022913491	1.205177	21.121601	0.09032497	0.0542298	0.0468568812	0.0071902781	0.0218063532	0.0578893706	0.0439078124	0.0495922942	0.1350781225	-0.0145582833	0.00104352	0.0887042064	0.076973178	0.0386323495	0.0781389036	-0.0271747684	0.0708602553	0.0644502479	-0.1018221591	-0.0402743725	-0.0186535696	-4.49376e-05	0.0294185728	0.0586144075	0.0669015624	0.0347331433	0.0171202626	0.0250420567	-0.1577531042	-0.0020071333	-0.1320257774	-0.0909449593	0.0997269882	0.0298453554	-0.0516617702	-0.0157892202	-0.1372461745	0.0519739502	-0.0385937203	0.0824346424	-0.1353189911	0.0064793865	-0.1195437356	-0.0154813183	0.02939202	0.0369777836	-0.0721964633	-0.0622696428	0.0912629997	-0.0880622325	-0.0970209403	0.0680780831	-0.0322123506	0.012179587	-0.0212508377	0.0214177554	0.1421195846	0.0063851512	-0.0487268721	0.1289505233	-0.0856297931	0.110637864	0.0162356797	0.0798841407	-0.066311994	-0.0088192074	-0.0219102321	0.0560130275	-0.0486946519	0.1075339836	-0.0420422046	-0.024267649	0.0263102282	-0.1210954731	-0.0579134632	-0.0986992941	-0.0696856162	0.0429694638	0.0402015093	-0.0871096016	0.1607940616	0.0644246522	0.0398670992	0.0651453971	-0.0440024527	0.0813758556	-0.0941309574	0.0547277048	-0.0335448724	-0.1011695374	-0.0006662048	0.0077015788	0.1952390181	-0.1738330533	-0.0585644742	0.0332915211	0.0834614826	-0.0559683699	0.0347468282	0.0925825913	0.0487397015	0.0961827994	0.0777399053	0.0495754752	0.0152115293	-0.00529447	-0.0083349399999999	2.80314125809e-05	6.947122480359998e-05	-0.0220603	-0.01434863	0.00048665683609	0.0002058831828769	0.0339901	0.0495441	0.00245461784481	0.00115532689801	-0.000448844	-0.000282218	7.9646999524e-08	2.01460936336e-07	-5.14232e-05	0.0	2.64434549824e-09	0.0	0.000160334	7.9728e-05	6.356553984000001e-09	2.5706991556e-08	0.0	0.0
60515.441431823	38.20899266030756	1459.9271201154368	3662118651.6883993	98219.71161868249	-693.114529079874	480407.7504216156	9647111750.457151	59398.90524922521	5.164236021439137	3528229944.806434	26.66933368512953	66665.60335613455	60311.42442244481	1.182297	20.720606	0.15253093	0.0701938	-0.066362794	0.0427045656	0.0636758239	-0.0232181997	-0.0486394043	0.1269553729	-0.0451800718	0.0067499705	0.0801695297	-0.0390229348	-0.0967172638	0.0866484063	0.0155419819	0.0886075777	0.0269739561	-0.1096592461	-0.005964372	-0.1779300468	-0.0360827173	-0.0749998298	0.0496809369	-0.0243791372	-0.1549923589	-0.02817174	-7.92165e-05	0.1246293002	0.0335131971	-0.01279131	-0.0495325255	0.0195054232	-0.0442839735	-0.0344300159	-0.1269114536	-0.1537781678	-0.0580229307	-0.0166119558	-0.021873455	-0.0326610134	0.1155839492	-0.0717632501	0.0071872714	-0.0163519332	-0.051297019	-0.0764232265	-0.0430427423	-0.1071369619	-0.1045033447	-0.0642249704	0.0326622804	-0.1284631435	-0.0371592347	-0.0337426215	0.0510221815	-0.0789693021	-0.0707702546	-0.009014776	-0.0623951443	-0.0385719645	0.0543749655	-0.0620245147	-0.0309875458	-0.0418717178	-0.052098266	-0.0104770251	-0.1476114943	0.108569952	-0.1169122382	0.0566066678	0.0503437848	-0.1085098861	-0.0495743333	-0.0179596058	0.0576159939	0.1573914257	0.1128575439	-0.0484669005	-0.0176283687	0.0850400467	-0.0760004121	-0.0260577567	-0.0538752219	0.1942052161	-0.0440272298	0.0699018067	0.0115375217	-0.0188008051	0.1072033561	0.0009828579	0.0190107375	0.0032192272	-0.0722505058	0.0076067199	0.007528197	-0.0147819075	-0.0034468381	-0.0967863024	0.0178746654	-0.0464732092	0.0744562183	0.0955792289	0.0754836805	0.0450606192	0.0084724621	-0.021681	-0.01638653	0.000470065761	0.0002685183654409	-0.00771931	0.01434099	5.95877468761e-05	0.0002056639941801	-0.0191009	-0.053091	0.002818654281	0.00036484438081	-0.000131104	0.00031774	1.009587076e-07	1.7188258816e-08	0.00047325	0.0005246732	2.239655625e-07	2.7528196679824e-07	-0.000371501	-0.000531835	2.828484672250001e-07	1.3801299300099998e-07	0.0	0.0
60728.01073734596	212.569305522964	45185.70965051521	3687891288.1152062	98794.43420862268	574.7225899401965	330306.05538756726	9760340230.601875	59539.55009119964	140.6448419744338	3544958025.0624714	19780.971574013456	66675.25630999879	60988.69069535648	1.245487	21.828056	0.06478418	0.0315099	0.0934381183	-0.0272107753	-0.0549219702	0.0920228379	0.031551748	0.1174757298	0.0804142814	0.0815515835	-0.0132826675	0.0644603951	-0.0002959948	-0.0006153229	-0.0009173798	0.0922009387	-0.027545151	0.1401289029	0.0419751364	-0.0249349874	0.0052915085	0.0449451699	-0.0512424538	-0.0060345269	0.0081350793	0.0082444797	-0.0123938993	0.0227208675	-0.0095086513	0.0388584793	-0.0839303883	-0.0061477271	0.1405644724	-0.0613597962	0.0370160759	0.0285607634	-0.1023712898	-0.1154395904	0.0430251013	0.02043367	0.0311577477	-0.0229141063	-0.0259103776	-0.0321518233	-0.1284353069	-0.0258221967	-0.062298922	0.0780226226	-0.1285446423	-0.0023103011	-0.0251901296	0.0179788133	-0.0179758866	0.0325416794	0.023149435	0.0201274023	-0.0006572766	0.105962836	0.0194960138	0.058665326	-0.0170534758	0.0623239409	0.0619996855	-0.035578745	0.0188695923	-0.0387990832	0.0190545859	0.1069021396	0.0131409376	0.0227189254	0.035255114	-0.0178435741	0.0606539451	0.0203285619	-0.0610984148	-0.0016581061	-0.0296113338	0.0117699821	0.0750612173	-0.1134442585	0.0301790001	-0.0828024872	-0.0666198317	-0.0215721959	0.0945794096	-0.0201421714	-0.2285719345	-0.0017719535	0.0334954071	0.0648090471	0.0188888917	-0.0095930622	-0.0432730102	-0.1439217758	0.0043083325	-0.0505869496	-0.0322252967	-0.0061746484	0.0465193508	0.0463257731	0.0798867377	0.0949495281	0.0731449155	0.0404349114	0.0016963469	-0.0292276	-0.0075466	0.00085425260176	5.695117156000001e-05	-0.0271561	-0.01943679	0.00073745376721	0.000377788805504	0.00196009	0.02106099	0.0004435652997801	3.8419528081e-06	-0.000201859	-7.075500000000001e-05	5.006270025000001e-09	4.0747055881e-08	0.000376048	-9.7202e-05	1.4141209830399997e-07	9.448228804000002e-09	-0.000204662	0.0001668389999999	2.783525192099999e-08	4.1886534244000003e-08	0.0	0.0
60680.99790406284	-47.012833283122745	2210.2064933066936	3682183506.632879	98265.61113522376	-528.8230733989185	279653.8429590779	9656130331.779013	59486.08518288352	-53.46490831612027	3538594330.3852744	2858.496421251147	66718.45901728573	60983.03429282584	1.387028	24.308676	0.11378613	0.0525564	-0.0826190963	0.0876405318	-0.033761338	-0.0984914774	-0.1014554136	0.0769390631	-0.0417683598	-0.0088874644	0.0596849775	-0.0883087152	-0.1025100411	-0.0165558201	0.0715981165	0.0236118885	-0.0511420434	-0.0611191176	0.0380790218	-0.0282772721	0.0494022775	0.0567569366	-0.0936224446	-0.069959728	0.096325341	0.0368374045	0.0640595611	-0.0123497595	-0.0677622627	-0.0222906768	-0.0690555617	0.0331117644	-0.081594972	0.0415354605	-0.0602297292	0.0673618067	-0.0731689021	-0.0601165043	0.011742297	-0.0886603576	0.0360223321	-0.0475716125	-0.0674151003	0.0053574558	-0.0651881024	-0.009325306	0.107193913	-0.1097025252	0.10968454	-0.0204975616	0.018763128	0.1144593678	0.087906832	0.0405100114	-0.0904063655	-0.1529728145	-0.0659343881	-0.0413994812	-0.0803393414	0.0081378701	0.1543340005	-0.0451920009	-0.0415393809	-0.0501777385	0.0045508249	-0.028191644	-0.0188040198	-0.0340576001	0.0966183887	-0.0766952359	0.0343816293	-0.0727505918	-0.0052262598	-0.019690807	-0.128584402	-0.0349881251	0.0813587458	-0.0402304528	0.0263739405	0.0153363827	0.0151943392	0.0291839729	0.0032636963	-0.0138589521	-0.0683869643	-0.0043638719	-0.0886025954	-0.0897928945	-0.0907111064	-0.023540478	-0.115344361	-0.0483845657	0.0444022058	0.1411009264	0.1637417705	0.1542966841	0.1663670072	-0.1627598367	0.0322907076	-0.065913532	0.0455525161	0.094293869	0.0707261675	0.0357097311	-0.0050871859	-0.0625043	-0.0332767	0.00390678751849	0.00110733876289	-0.0077358599999999	0.0194202400000001	5.984352993959845e-05	0.0003771457216576	-0.0265188	-0.02847889	0.0008110471756321	0.0007032467534399	0.000108359	0.000310218	9.623520752400003e-08	1.1741672881e-08	0.000324	-5.204799999999996e-05	1.0497600000000001e-07	2.708994303999996e-09	-0.000494602	-0.00028994	8.406520360000002e-08	2.446311384040001e-07	0.0	0.0
60605.2706876676	-75.72721639523661	5734.611302970992	3672998835.125462	98900.83734809028	635.226212866517	403512.3415127376	9781375628.15341	59552.329799683626	66.24461680010427	3546479984.5702863	4388.349254992657	66755.1312593669	61201.24617322167	1.271605	22.285793	0.0759261099999999	0.0415036	0.0641223973	0.0087535703	0.0023891203	0.0203860468	-0.1139890669	-0.0321523829	0.0799434805	-0.0630626562	-0.0254147773	-0.0391710193	0.0247469036	0.041335535	0.0050149152	-0.1249813211	-0.0724640984	0.001316559	0.0372701829	-0.0788466862	0.1240815643	0.0025366686	-0.1265523748	0.0884594261	-0.0731965936	-0.0245994356	-0.0187619824	0.0437440269	-0.0104942655	0.1130541128	0.0682547526	-0.0409140285	0.0127586871	-0.0680020341	-0.017315745	0.0308461068	-0.0517306194	0.0156874141	-0.0758110507	0.0024848903	0.0399252843	0.0069003617	0.0079395157	-0.0055789998	0.1532546484	-0.021928456	-0.0405852713	0.1330420954	-0.0615254938	-0.0960487894	-0.0240590283	-0.00533891	-0.1571147754	-0.0991831784	0.0823178145	0.0663855344	-0.0680142799	-0.1661219797	-0.0721756152	0.0518045134	0.106342596	0.0101211608	-0.0351261117	0.0376621626	0.0554498964	-0.1106780587	0.0442725564	0.1624603105	0.0676743767	0.1179714169	0.0288871783	0.0435486794	-0.0519863362	-0.0640794803	0.112039545	-0.0425462154	0.0285321579	0.0478751265	0.0096391919	-0.0395572491	-0.074587707	0.0678957976	-0.0088085375	-0.1344003232	0.1696904439	-0.0998103285	-0.0584924331	-0.0029668438	0.0293974947	-0.110251044	0.0617845436	-0.0031408864	-0.0743651653	-0.0446416071	0.093525326	0.0997439247	0.0898873384	-0.0214423831	-0.0169962736	0.0428275575	-0.0845264993	0.0936124309	0.0682300815	0.0308967027	-0.0118484738	-0.0704668	-0.0079624999999999	0.0049655699022399	6.340140624999996e-05	-0.0298631	-0.0221272400000001	0.00089180474161	0.0004896147500176	0.00643887	0.03295767	0.0010862080118289	4.14590468769e-05	2.5934e-05	-8.2425e-05	6.793880625e-09	6.72572356e-10	0.000376048	5.204799999999996e-05	1.4141209830399997e-07	2.708994303999996e-09	-0.000371501	0.000123101	1.5153856201000007e-08	1.3801299300099998e-07	0.0	0.0
60544.89400164545	-60.37668602215126	3645.344215017436	3665684189.670483	97894.87909312308	-1005.958254967205	1011952.0107366642	9583407352.657185	59419.815938145664	-132.51386153796193	3530714526.1231093	17559.923499702145	66590.67038768835	59913.01925808046	1.271886	22.290718	0.10835238	0.0540345	-0.1361242167	-0.0128526322	0.0742425804	0.0020246426	-0.0572427598	0.0261568747	-0.0812523702	0.053714171	0.0833898591	-0.0109481606	0.0034939801	0.0783189145	0.0706138272	0.0926770637	0.0246009751	-0.1203559263	0.117106307	0.1007450795	-0.1381640164	0.1268580343	-0.0819251478	0.0183494568	0.0869862677	-0.0803923406	-0.0045246512	0.0413685393	-0.0054602008	-0.1127476199	-0.0381790668	0.0063407037	0.021353162	-0.0571405735	0.0747714006	-0.1149277468	-0.0624475692	0.128899965	0.0573928687	0.0353785832	0.1513245937	0.0282487351	-0.011513394	-0.0503524957	-0.0731260326	-0.0569532216	-0.0177500572	0.0268075179	-0.1213384449	0.0514072147	0.0743384848	-0.1290702153	0.02596755	0.1444216167	-0.0346419855	0.0106809888	0.1882320546	-0.128612813	0.0669937977	0.0529272335	-0.0506875391	-0.0494219392	0.0161579292	-0.1269510349	-0.0948525545	0.0018954101	-0.0251104201	-0.1206451143	0.1613069165	-0.0217702335	-0.0533027522	-0.0599610191	0.0353754869	-0.1654313481	-0.1572861485	0.0306278756	-0.0218071835	-0.0515018324	0.038632684	-0.0365007948	-0.1126688736	0.0489164325	-0.0852992256	0.1368351676	0.1192293623	0.0028034843	0.0180780086	-0.0740017123	0.1005400906	0.0367137395	0.0026432601	-0.0061533	-0.0262755061	-0.0213352209	0.1784299554	0.0142023951	-0.1879053162	0.0964407553	-0.0006160918	0.0989258266	0.120023059	0.0929054001	0.0656593869	0.0260076665	-0.0185579513	-0.0748144	-0.0043476	0.00559719444736	1.890162576000006e-05	-0.00778134	0.02208176	6.054925219560001e-05	0.0004876041246975	-0.0297969	-0.03623577	0.0013130310274929	0.00088785524961	-0.000384052	-0.000409986	1.68088520196e-07	1.47495938704e-07	0.000376048	0.0	1.4141209830399997e-07	0.0	-0.00087526	-0.000503759	2.53773130081e-07	7.660800676e-07	0.0	0.0
60769.96376067114	225.0697590256896	50656.39642788197	3692988495.473284	99007.17222463348	1112.293131510407	1237196.0104052275	9802420151.918236	59586.93392061597	167.11798247030674	3550602694.059854	27928.420064945756	66791.8394412265	61885.49479678156	1.438167	25.204927	0.0736034299999999	0.0344153	0.1216986404	0.0391350345	-0.0466557459	0.0264340072	-0.0675272405	-0.1099880124	0.064803975	-0.0435567661	-0.0407604891	-0.0264212117	-0.0469892208	0.0304205172	-0.0194982239	0.0102525115	-0.0886880147	0.0120023824	0.035527929	0.0378548671	0.0675833901	0.0669836109	-0.1182616065	0.0756744166	-0.0854527497	-0.0954966009	-0.0285133618	-0.019616552	-0.0467256248	0.0700394922	-0.0516482085	-0.0113636227	-0.0434120522	-0.002229592	-0.0444829685	-0.1139721961	0.1523538368	0.0072651538	0.0054124541	0.0654031441	0.0121756789	0.0438999469	0.0393988113	0.1296918393	0.0030482186	0.0535329978	0.1907364587	-0.0034866523	0.0261007588	-0.0794937058	-0.0278713283	-0.0120986422	-0.0107897405	0.0509129344	0.0674975601	0.0718479256	0.0247300598	-0.0756269917	-0.0077346757	-0.0498237283	-0.0463460323	0.0079084687	-0.0435884605	-0.004239316	0.0810424504	-0.0244529991	0.0569281583	0.0967710529	0.1000273144	0.1474115671	0.0348417812	0.0837344572	-0.0290443852	-0.0252121632	0.0935464117	0.0114196257	0.1007410642	-0.0567865484	0.0692258366	0.0365067316	0.0348534264	0.0707076953	-0.093845935	-0.0053249812	0.0082973507	-0.172843815	0.1145517768	0.0095007594	-0.0396543733	0.0092776767	0.0184937677	-0.0486737433	-0.0270296869	-0.0470840356	-0.0331152393	0.0012649588	0.0668388244	-0.0187478088	0.0600374121	0.0612101789	-0.0447900967	0.0921729699	0.0630168947	0.0210546499	-0.0251862796	-0.0628389	0.0119755	0.00394872735321	0.00014341260025	-0.0294844	-0.02170306	0.00086932984336	0.0004710228133636	-0.0217148	0.0080821	6.532034041000002e-05	0.0004715325390399	-7.71736e-05	0.0003068784	9.417435238656004e-08	5.9557645369600005e-09	0.000376048	0.0	1.4141209830399997e-07	0.0	-0.000545283	0.0003299769999999	1.0888482052899997e-07	2.97333550089e-07	0.0	0.0
60467.55095372218	-302.41280694895977	91453.5058067488	3656324718.340988	98611.72958863812	-395.442635995365	156374.8783629627	9724273212.462688	59482.71120383523	-104.2227167807432	3538192932.158865	10862.374693159012	66677.13059862079	60506.160480320345	1.370382	24.016941	0.0967359999999999	0.0424181	0.0144432069	-0.1058855499	-0.003099935	-0.1084423718	0.0957077189	0.044541128	-0.039134941	0.0572328319	-0.0580610666	-0.0542957748	0.0759445375	0.0542065902	-0.0033111968	-0.0184669289	-0.0237495056	0.0387269544	0.0892882097	0.1073484181	-0.0619241468	-0.0609422129	0.0132510392	-0.1474748531	0.0438554389	-0.1447293003	0.1077224476	0.0080952931	-0.014718349	-0.0573287236	-0.1151716668	0.1029740077	0.026103199	0.0892214945	-0.1035857917	0.1275200073	-0.061093168	-0.031968838	-0.0937473346	-0.0167744241	0.0607525603	-0.0075495762	-0.0588503316	-0.0030527889	0.0503066065	-0.038739279	0.0815979725	0.0504455433	-0.0565380535	-0.1398366097	-0.0767921691	-0.2174687498	0.0262930112	-0.0067691082	-0.0707324783	-0.0676001965	0.113829033	-0.0080477524	-0.0468110102	0.0019722223	0.05378416	-0.0064090762	0.0205525269	-0.0461478618	0.0556498723	-0.0200886947	-0.0191740274	-0.1060672426	-0.0249659964	-0.1188698358	-0.0800172662	0.1224003368	0.2286740378	-0.105754309	0.0814329969	-0.0282554527	0.0459557085	-0.0490794107	0.0702989258	-0.1353885239	-0.016411257	0.0304755242	-0.0839414229	0.0649470676	-0.1068922701	0.0755075098	-0.1284517356	0.0480479857	0.1003128485	-0.0703650047	-0.0746822025	-0.0057880854	-0.0102423166	-0.0416127038	0.0864745015	0.0627763317	0.0597524299	-0.0747997983	-0.0992877778	0.0087365177	0.0326398936	0.0914153405	0.0603054945	0.0160498375	-0.0317044747	-0.0822921999999999	-0.0194532999999998	0.0067720061808399	0.0003784308808899	-0.00343726	0.02604714	1.1814756307600002e-05	0.0006784535021796	-0.00420776	0.01750704	0.0003064964495616	1.7705244217599998e-05	-0.000250705	-0.0001735314	3.011314678596e-08	6.2852997025e-08	0.00054711	0.0001710619999999	2.993293521e-07	2.9262207843999998e-08	-0.00087526	-0.0003299769999999	1.0888482052899997e-07	7.660800676e-07	0.0	0.0
60383.24818952561	-84.3027641965673	7106.956051182029	3646136661.917848	98731.85763888888	120.12805025075797	14430.748457048629	9747979712.82582	59295.877824767565	-186.8333790676625	3516001127.009762	34906.711533840855	66742.71764749069	60548.00941567484	1.237704	21.69166	0.0754110099999999	0.0383711	-0.0291852576	0.0020500474	0.1444671832	-0.0401174705	-0.1238292089	-0.1058653045	-0.1116431215	-0.0948477324	-0.1082681999	0.076849382	0.0282647976	0.1029735719	0.0041694944	0.0233221677	0.1993383014	-0.0767477921	0.0117037873	0.0077072078	0.1062534437	0.0329306206	-0.0299841117	-0.0368983079	-0.0300172374	0.085161633	0.0833048334	0.0066494247	-0.0266797166	0.1452508852	0.0080718928	-0.0030610568	0.1697110024	-0.0782596114	0.0330524365	0.039821059	0.036602132	0.1408211951	0.0289174037	0.1394681865	0.0177031975	-0.071068206	0.1281196175	-0.1413143292	0.0662546923	-0.097679192	0.1035001724	0.023488616	0.0115572288	-0.0132413104	-0.0019192301	-0.1236572736	0.1314517221	-0.0426798251	-0.060853426	-0.0049086652	0.0798961491	-0.0271383797	-0.0526954365	0.0939035617	-0.0065208975	-0.0998847303	0.0771470318	0.1808902688	-0.0688471987	-0.0106843314	-0.0082908381	-0.0171328335	0.1230712696	-0.0216858073	0.0943839017	-0.0354959775	0.0353667405	-0.0606879373	-0.0273919439	0.0765667267	-0.0288343335	0.0999702454	-0.1497286445	-0.1136758495	-0.0075958962	-0.1214377161	0.0059405416	-0.0100830217	0.0084873885	-0.0302334725	0.1426666658	0.1192858639	-0.1827603499	-0.0933433065	-0.0115607356	0.0310052797	-0.045399839	-0.0988689473	0.1457786284	-0.0184156028	0.0842812515	0.0639532297	-0.1777382298	0.0660177138	0.1105808974	0.0906327191	0.0575281511	0.0110055415	-0.0380840342	-0.0748099	0.0074822999999999	0.0055965211380099	5.59848132899985e-05	-0.0325619	-0.0291246399999999	0.0010602773316099	0.0008482446551295	-0.00992733	-0.00571957	3.2713480984900004e-05	9.85518809289e-05	0.000145176	0.000395881	1.56721766161e-07	2.1076070976e-08	0.000281301	-0.0002658089999999	7.913025260100002e-08	7.065442448099996e-08	-0.00087526	0.0	0.0	7.660800676e-07	0.0	0.0
60441.77129738445	58.5231078588331	3424.9541534566124	3653207717.565326	98918.81084828316	186.95320939428348	34951.502502822805	9784931139.638422	59395.72875774794	99.850932980371	3527852594.663965	9970.20881705054	66567.32074666843	60177.75447194169	1.108638	19.42968	0.04947254	0.0246915	0.0066529483	0.0046976752	0.1278470302	0.0998061141	-0.0367719481	-0.0261884568	0.0048479165	-0.0292774253	0.0043271311	0.2080832834	-0.0558832094	0.047964856	0.0846935657	-0.1191436775	0.072279263	-0.0540030491	-0.1713072091	0.0877900814	-0.1001146049	-0.0206775479	-0.0745196001	0.0963930287	-0.027396978	-0.1084656777	0.0858303525	-0.0121197848	0.0007961484	-0.1256688257	-0.0577271076	-0.0411235467	-0.0223756871	0.0732161348	-0.0712598272	-0.0589597005	-0.0242976462	-0.0277530348	0.108676148	0.0675972062	-0.1613421507	0.1202414771	0.0515166285	0.1501003414	0.0594870506	0.0600181669	-0.0414190099	0.0695155119	0.0148814832	-0.0226089032	0.1245434666	-0.0751464252	-0.0349052185	0.0315319294	-0.0725716589	-0.1319955639	-0.0171827845	-0.0809035944	0.0048208085	-0.0143586775	-0.0083466952	0.0117890966	-0.0034761614	0.0469745257	-0.1087402348	0.1911389191	0.007587021	0.0148306751	0.0102663726	0.0919193805	-0.1563080659	0.051237392	0.0053089836	-0.1445995898	0.0464277006	-0.0955834983	0.0875906826	-0.1273765121	0.1059000898	0.0026518842	-0.0026422475	0.107595331	-0.0166591982	-0.0008844462	0.0458550489	-0.0521686388	-0.0653744749	0.0224202146	-0.0916176345	-0.0812039307	0.0031921078	0.0144090681	-0.1408098194	-0.0827865681	-0.0965645835	-0.0264325948	-0.0673298998	0.0192679008	-0.0753527586	0.1267330393	0.0203421926	0.0898253196	0.0546879015	0.0059341712	-0.0442970619	-0.0829619	-0.008152	0.00688267685161	6.64551040000001e-05	-0.0250371	0.0075247999999999	0.00062685637641	5.6622615039999976e-05	0.00264991	0.01257724	0.0001581869660176	7.022023008100001e-06	-0.000223968	-0.000369144	1.3626729273600004e-07	5.0161665024e-08	0.000226075	-5.5226000000000016e-05	5.1109905625e-08	3.049911076000002e-09	-0.00087526	0.0	0.0	7.660800676e-07	0.0	0.0
60702.087475291664	260.31617790721793	67764.51248022234	3684743423.857961	98050.54150390624	-868.269344376924	753891.6543847334	9613908689.20924	59495.01852240444	99.2897646565034	3539657228.9812474	9858.45736554383	66634.50214679196	60453.690186462976	1.193873	20.923492	0.07065463	0.0414105	-0.0699646722	-0.0694260997	-0.0219356706	0.0994778402	-0.0599786443	-0.0996919663	-0.0326583785	0.0940630043	0.0874067069	-0.0125948968	-0.0106259848	0.0247139145	0.0275967681	0.0747029648	0.0196636958	0.0289940995	0.1205889004	0.0667611204	-0.0744439552	0.005826707	0.0273250232	-0.1001214263	-0.0252087157	-0.0828943508	0.0039802812	0.0108843833	0.0606228121	0.0796600394	-0.0257574113	0.0608063572	0.0312538617	-0.1207260257	0.0914243958	-0.0428610947	-0.031135811	0.0938659646	0.0433522867	-0.0802191155	0.0648982671	0.0567641469	0.0676707454	0.0447688514	-0.2065511143	-0.0239401288	-0.1727595027	-0.0586616287	-0.0499653966	-0.0477543431	0.0657279749	0.1180975361	-0.1281495701	0.0498595724	0.0637929423	-0.0573010422	-0.0765602187	0.1587185661	-0.0146398346	0.1999044876	0.0901448746	0.0123088285	0.0688746078	-0.0984883882	0.007440901	0.0156139488	-0.0152854569	0.0036071508	0.0844264579	-0.0584371917	0.0074710954	-0.0432039168	0.1144357423	-0.0374458349	-0.0011494872	0.1771873459	-0.0938687813	0.0280208114	0.0080259721	-0.0059816945	-0.0665719923	-0.1572661341	-0.0140922063	0.0799424388	0.1230002122	0.0433034048	-0.0022378295	0.0166869653	0.1039476501	0.1637802635	0.0310232462	-0.0734999956	0.0437549719	-0.0152395234	-0.0105499834	-0.0484267881	0.0193307858	-0.111741769	0.0317448351	-0.0337411707	0.0753162553	0.0889933628	0.0517878515	0.0008482025	-0.0503163898	-0.0878914999999999	-0.0049295999999998	0.0077249157722499	2.4300956159998967e-05	-0.0250528	-1.5700000000000436e-05	0.00062764278784	2.464900000000137e-10	-0.0331081	-0.03575801	0.0012786352791601	0.00109614628561	9.67964e-05	0.0003207644	1.0288980030736e-07	9.36954305296e-09	0.000504337	0.000278262	2.54355809569e-07	7.742974064399999e-08	-0.00087526	0.0	0.0	7.660800676e-07	0.0	0.0
60749.28702306072	47.19954776905797	2227.7973096035853	3690475873.810214	98634.8874782986	584.3459743923595	341460.21778855607	9728841027.856625	59644.05700784479	149.03848544035282	3557413536.35504	22212.470142354257	66681.04422695236	61631.392437045615	1.221033	21.399481	0.03253198	0.023675	0.0248239638	0.0470530875	-0.0967206643	0.0276600491	0.036242138	-0.0936413327	0.0887132274	0.0073510845	0.0372644877	-0.0832485715	-0.0481014625	-0.0744228535	-0.1833156679	-0.0096723784	-0.1849897374	0.0185468963	-0.0425269002	-0.0044352165	0.0445541217	-0.072831553	0.0636614371	0.0667498931	0.0584866377	-0.0823483385	0.1779447461	-0.0218598754	0.0263186041	0.0844882726	0.0170188386	-0.1050838653	-0.0246335563	-0.1094379065	0.0343024358	-0.0300696403	0.0500306168	-0.0673233368	0.0312571958	-0.0650172008	-0.0070751034	0.056134515	0.1998760895	-0.1297967945	-0.0814416137	0.02098431	0.070628944	-0.1688886514	-0.0490467167	0.1382703458	-0.0775501704	-0.0203653607	0.0928776098	0.0279315393	-1.2341e-05	-0.0475670459	-0.0189589878	0.0826356907	-0.1410456697	0.0157756358	-0.0329625163	0.0982092475	-0.1157955607	-0.0896656522	0.050712012	0.0183617699	0.1215348368	-0.0360389426	-0.1051647077	-0.0551216697	0.1091633615	0.0288214995	-0.2094826108	-0.1397640441	0.1113487326	0.160864021	0.0133123986	-0.0081988721	0.0115400895	0.0921778337	0.1063159886	-0.0669586127	-0.0983597445	0.0004928417	-0.0137686886	-0.0534825993	0.0035283755	-0.0352323029	-0.0439983039	0.1361259582	0.0374224408	-0.0507406563	0.0230496369	0.0896223351	0.019765603	-0.0244362583	0.1283444136	0.1288942491	-0.0709067158	-0.023605452	0.0689381339	0.088137076	0.0488311722	-0.0042398529	-0.056115697	-0.0872421	0.0006493999999998	0.00761118401241	4.217203599998666e-07	-0.0250062	4.660000000000081e-05	0.00062531003844	2.171560000000075e-09	-0.0128256	0.0202825	0.00041137980625	0.0001644960153599	0.000327866	0.0002310696	5.3393160044160015e-08	1.07496113956e-07	0.000504337	0.0	2.54355809569e-07	0.0	-0.00087526	0.0	0.0	7.660800676e-07	0.0	0.0
60671.5165722134	-77.77045084732526	6048.243024996235	3681032923.1723647	98693.8331886574	58.94571035880654	3474.596769704312	9740472709.470531	59490.27683932722	-153.78016851757275	3539093038.4197927	23648.340229293077	66666.43812403799	61374.09119522639	1.078387	18.899511	0.10016985	0.0515057	0.0607867935	-0.0485099528	-0.060540554	-0.0071408642	0.0765593174	0.0344298324	-0.0027490053	0.1140390021	-0.0283500102	-0.066109653	0.0035977889	-0.1066009118	-0.1192909215	-0.0383668848	-0.0120851705	0.0511830696	0.0389693127	0.1155232642	0.0153956333	-0.0077310146	-0.024474476	-0.0703707054	0.1371324157	0.0075437601	0.0519906709	-0.0315752127	-0.1128112493	0.1314443081	-0.0284174985	0.0183192969	-0.0985566115	0.0231972804	0.0167406021	0.0687188008	-0.0240611251	0.0267983679	0.1075654639	-0.0607331642	-0.0199558054	0.0143094809	-0.0312290038	-0.0614328161	-0.0293319528	-0.0747156851	0.0685172535	-0.0603719393	-0.0377739503	0.0054110445	0.0190147936	0.049803243	0.0512421421	0.0255409273	0.0728988012	0.0506951319	-0.019652483	-0.0299867128	0.0359435691	-0.0049572591	-0.133419751	0.0205094532	0.0368697191	-0.0476420947	0.0422384934	-0.0106348901	0.0575020835	-0.0846430967	-0.0304445841	-0.1237863707	0.185848271	0.0777497032	0.0627303014	-0.0479779318	0.036873825	-0.0823934601	0.0147938879	0.0194917072	0.0938564135	0.0065334962	0.0374003794	0.0301981837	0.0197591628	0.0391263937	-0.0673110459	-0.0436947275	-0.0724278539	-0.1514081369	-0.0499937163	0.0217995907	0.0760998478	-0.0421718292	0.1421191735	0.0712559053	0.0770477867	-0.0440104647	0.0379596596	0.0107339877	0.0141114856	-0.0543860639	0.0295462874	0.0872566935	0.0458210968	-0.009317478	-0.0616696245	-0.110388	-0.0231458999999999	0.012185510544	0.0005357326868099	-0.0250844	-7.820000000000049e-05	0.00062922712336	6.115240000000077e-09	-0.015453	-0.0026274	6.903230760000001e-06	0.0002387952089999	-0.000424894	-0.00075276	5.666476176e-07	1.80534911236e-07	0.00019711	-0.000307227	3.88523521e-08	9.4388429529e-08	-0.00130164	-0.0004263799999999	1.817999044e-07	1.6942666895999998e-06	0.0	0.0
60562.74165050394	-108.7749217094606	11831.983592899283	3667845676.225684	98999.84970582562	306.0165171682165	93646.10877976536	9800970241.77606	59387.97436725206	-102.3024720751564	3526931499.4453883	10465.795792688155	66728.7796487666	60831.62882677833	1.09031	19.108475	0.04975075	0.0313693	-0.0600670182	0.0724507695	-0.0012201604	-0.0216729163	0.044977676	0.0558814588	-0.0265963034	-0.1052669975	0.0169625217	0.0372760326	-0.0007862462	-0.1048913287	-0.046440384	0.0672078151	0.0925765935	-0.109368517	-0.0657297101	-0.0297279304	-0.0124818656	-0.0509337409	-0.0735553065	0.0041971893	0.0425060451	0.0458612379	-0.0008783613	0.0595800592	0.0176072613	-0.0051226991	0.1653932028	0.0586803008	0.0195932659	0.0272543527	0.0497086763	0.0253063571	-0.0271765062	0.0057712424	0.051408093	0.0734274511	0.0505419118	-0.0862497499	0.0193638032	0.0281904979	0.0780692056	0.0325707555	-0.0859549867	-0.1053499691	0.1692533531	0.0230968726	0.0086217354	-0.0294273545	0.0227591201	-0.0960211386	0.1259856202	0.0721999594	0.0390672527	-0.1005268225	-0.0978500593	-0.0163150503	0.0207587024	-0.0496250101	-0.029001118	0.1025440234	-0.0943380329	0.0097846347	-0.0442698299	-0.0122965255	-0.0399115124	-0.0689592036	0.0427394609	-0.1588847734	-0.0886015765	-0.0436296353	-0.0060084943	-0.0619374111	0.0399978627	0.0101567827	-0.1905799273	0.0639828089	-0.1094227312	-0.0191900701	0.0270080462	-0.0497113843	-0.0628836273	0.055951702	-0.0221193334	-0.0840073667	-0.0679431444	-0.0589775618	-0.0378137948	-0.0375642231	0.0363691857	-0.0054521391	-0.1607091989	0.0092379655	0.0281476903	-0.0480693991	0.0182679688	-0.0324033436	-0.1692896573	0.0863524559	0.0427609166	-0.0143721814	-0.0669538864	-0.0985872	0.0118008	0.00971943600384	0.00013925888064	-0.025071	1.3400000000000216e-05	0.000628555041	1.795600000000058e-10	0.0127249	0.0281779	0.00079399404841	0.00016192308001	-0.000424894	0.0	0.0	1.80534911236e-07	0.000268583	7.147300000000004e-05	7.213682788900003e-08	5.108389729000005e-09	-0.00117794	0.0001237	1.5301690000000007e-08	1.3875426436e-06	0.0	0.0
60688.08716380276	125.3455132988238	15711.497704145611	3683043923.601321	99124.17988040124	124.330174575618	15457.992310003649	9825603036.96214	59452.81118043001	64.83681317794981	3534636757.255864	4203.812343072365	66654.81035194224	61232.9203307991	1.156252	20.264156	0.0941305	0.0512628	0.0838344372	-0.0560315934	0.0118455927	0.1198014308	0.0415926394	-0.0255762171	-0.009142898	0.0514837851	-0.0209576516	0.0923902977	0.0114495411	-0.0764295549	0.0012784205	-0.0096879264	0.0947285215	0.0414992451	-0.0033366141	0.1876616186	-0.0545246134	-0.0703676763	0.064439083	-0.0673662229	0.0338850856	0.0446581672	0.048654293	-0.1207703898	-0.0141551319	0.0033797323	-0.0282248779	0.065530787	0.0306179385	-0.0723831107	-0.0438631108	0.006243408	-0.0171280468	-0.0262778858	0.007652788	0.0562350349	0.0956842482	0.0303907945	-0.0459178253	0.0103253939	0.0058112627	0.1279890432	0.1151788197	0.0914352303	0.0276758858	0.0309802715	-0.048705596	0.0577827089	-0.1412079326	-0.0679923631	0.0082733894	-0.0840229815	-0.0235982293	0.05423835	-0.0798939039	0.0838085238	-0.0139713894	0.017860465	0.1133260498	0.0105297414	-0.0340758862	0.1305589513	0.0800864312	-0.0286558659	-0.0452201914	-0.0384901715	-0.0248929515	0.0704513936	0.1339207658	0.0183096939	0.0716437115	-0.0239301135	-0.0615945388	3.74098e-05	-0.0609174489	0.0913879863	0.0484374541	0.000778303	-0.0032671469	0.0723515313	0.0125813717	-0.0974911912	-0.0376572879	-0.0359205995	-0.0550823642	-0.0354431487	-0.0443343396	-0.1099649677	0.0626958945	-0.1496299581	-0.0099482558	-0.0186915132	-0.0054013548	0.0147726109	-0.05959637	-0.0575819608	-0.1133079612	0.0854246103	0.0396539781	-0.0193915285	-0.071945376	-0.0926854	0.0059017999999999	0.00859058337316	3.4831243239999986e-05	-0.0250715	-5.000000000005e-07	0.00062858011225	2.500000000005001e-13	-0.0226023	-0.0353272	0.00124801105984	0.0005108639652899	0.000273672	0.000698566	4.879944563559999e-07	7.4896363584e-08	0.000504337	0.0002357539999999	2.54355809569e-07	5.557994851599999e-08	-0.00130164	-0.0001237	1.5301690000000007e-08	1.6942666895999998e-06	0.0	0.0
60862.75582496589	174.6686611631303	30509.141192520427	3704275046.6094193	99276.93404586228	152.75416546103952	23333.83506569864	9855909633.546488	59574.164595170456	121.35341474044252	3549081087.212461	14726.651269165855	66678.54688449348	61532.14132719058	1.193027	20.908669	0.0817002799999999	0.0436326	-0.0455515817	0.0709461722	-0.1406345194	0.0894278767	-0.0342870941	-0.0820064308	0.0663609876	-0.0644328597	0.0618108998	0.1242921371	-0.1306016959	-0.1761595451	-0.2403804309	0.1214675105	-0.068035823	0.075114519	-0.1364913379	0.1902233054	0.082485007	0.0139926177	-0.0606784361	0.109343634	0.0920649435	0.0544556286	-0.0199231415	0.0018093242	0.0923133303	0.1613330596	-0.0469555623	0.1194178937	0.0286677134	-0.0030867994	-0.0593481295	-0.0643689205	0.1212567225	-0.0272786195	0.0569699321	-0.0803639541	0.0418023779	0.0527375329	-0.1222376094	-0.0932140196	0.0643677982	0.0931969627	-0.0370760934	-0.1345631507	-0.0434686111	-0.0270871891	0.0718042337	-0.0543877307	0.1179081693	-0.0037891743	-0.0816741372	0.0350634989	0.0511482604	0.0944771053	-0.0042435806	0.0366898855	-0.0892963552	0.106565314	-0.0895904391	0.0117739362	-0.0480223345	0.1686390944	0.1867005663	0.0347833317	0.0394531675	-0.0636032329	0.2026367553	-0.0008658045	-0.0970067589	0.0747895442	0.0209402631	-0.0447268887	-0.0181565103	-0.0896659702	0.0008225928	-0.0388009284	-0.1136732032	-0.030290134	0.0341048929	0.1259397334	-0.1613045891	-0.0210556618	-0.0877919363	-0.0304136541	0.1204063122	0.0517321583	0.0228120845	-0.0243291068	0.1768028216	0.0361106957	-0.1055566623	-0.0753082763	0.0013095621	0.0216839068	-0.1260784588	0.1088410687	-0.0034927069	0.0844734105	0.0365036785	-0.0243631711	-0.0766222668	-0.102492	-0.0098065999999999	0.010504610064	9.616940355999996e-05	-0.0332653	-0.0081937999999999	0.0011065801840899	6.713835843999996e-05	0.00774943	0.03035173	0.0009212275139929	6.00536653249e-05	-0.000285451	-0.0005591229999999	3.126185291289999e-07	8.1482273401e-08	0.000504337	0.0	2.54355809569e-07	0.0	-0.0011938	0.0001078399999999	1.1629465599999976e-08	1.42515844e-06	0.0	0.0
60740.26847571389	-122.48734925199824	15003.150726780994	3689380214.501803	98415.50145278744	-861.432593074831	742066.1124116273	9685610926.203608	59532.11562984246	-42.048965327994665	3544072791.364933	1768.1154851548974	66699.33999437986	61790.73431293423	1.205868	21.133705	0.1124224749999999	0.0513324	0.0659681943	-0.1267207321	-0.1154798924	-0.0192022864	0.024571846	-0.0124151705	-0.0616756928	0.1274643931	0.0237910882	-0.0828537024	0.0551548373	-0.1150335758	-0.1437589385	-0.118963803	0.0074004462	0.055145044	0.0902578923	0.0502172889	-0.0112352455	-0.0441463555	0.0044357681	-0.0017123262	0.0365640459	-0.0418269653	-0.0585312708	-0.0460016614	-0.0202446304	0.1130515785	0.0575233895	0.0139415809	0.082683932	-0.0788291346	-0.0317129566	-0.0748169076	0.0093167897	0.0335475081	-0.0185777934	-0.0718117345	-0.052259748	-0.0327601227	-0.1166633945	0.0525279586	0.04876714	0.0683764589	0.0614164217	0.1420919205	0.0525069825	0.0496482502	-0.0080118815	-0.0597625998	0.0117305339	-0.1137730667	0.0487490802	-0.058194381	0.0677373644	0.0424070371	-0.0830618857	-0.0899833738	-0.0366698693	-0.0175513202	0.0674870263	-0.0829840769	0.0430154187	-0.0387795902	0.0578381884	-0.01567986	0.0074261288	-0.0726712696	0.1257942826	0.0597814207	-0.0003369616	-0.0409157563	0.0883972724	-0.0016384904	-0.07118	0.0783314312	-0.0020524507	-0.012004897	-0.0349821997	0.0670937287	-0.0342394119	-0.0091594818	-0.0449060486	-0.0992051102	-0.0325552001	-0.0784190528	0.0127539203	-0.0017267717	-0.0212278745	0.0985771462	0.1290258134	-0.0687232712	-0.0996207659	0.0606990216	0.0118448645	0.0403459127	-0.1662075487	-0.116191987	0.0554610848	0.0834991166	0.0333134626	-0.0292748789	-0.0809641079	-0.0916827	0.0108092999999999	0.00840571747929	0.0001168409664899	-0.00957788	0.0236874199999999	9.17357852944e-05	0.0005610938662563	-0.0226843	-0.03043373	0.0009262119217128	0.00051457746649	0.000126945	0.000412396	1.70070460816e-07	1.6115033025e-08	7.473249999999998e-05	-0.0004296045	5.5849465562499984e-09	1.8456002642025e-07	-0.00130164	-0.0001078399999999	1.1629465599999976e-08	1.6942666895999998e-06	0.0	0.0
60672.81222390222	-67.4562518116727	4550.345908479797	3681190143.1568985	99145.55651403355	730.0550612461084	532980.3924510591	9829841376.47742	59548.334856017565	16.219226175104268	3546004184.1243963	263.0632977191874	66710.25287146083	61289.82913966653	1.324418	23.211378	0.1092341429999999	0.0584021	-0.0516266223	0.136271891	-0.0723948072	0.0293447879	-0.0730895032	-0.0836905458	0.1329369377	-0.141473018	0.013684265	0.0130475989	-0.008232514	0.0042352473	-0.116572321	0.1006122726	-0.0846040823	0.0799916697	-0.1022709301	0.1094068504	0.0661643743	0.1339166472	-0.0135320134	-0.0887139811	0.0712664585	0.1511097893	-0.0021273356	-0.0404811109	0.0002969906	-0.0566942478	0.0907199533	0.0472923294	0.0013562713	-0.1359172463	-0.1453161756	-0.044352755	0.0002148991	0.0700157574	-0.1019950574	0.0746520005	-0.0200166397	0.1546952453	0.0587764938	-0.1034043565	-0.0517238162	-0.0178735182	0.036073026	-0.0860928603	-0.0693662036	-0.0514144933	0.0739394417	-0.0252031779	-0.0382014989	0.0009225476	-0.1473411021	-0.0146500838	0.0766065333	0.0782583055	0.0602910855	-0.0226038672	0.1044733593	0.1281266999	-0.1264136125	0.0809306696	0.0129574431	0.0101671606	0.078610025	-0.0628965224	0.087919541	0.0210777645	0.1114850124	-0.0328508903	0.0795811657	0.0601523386	0.0403613173	-0.0393296002	-0.1307387957	0.0658312422	-0.1708770428	0.1821200999	-0.0287499137	0.0284725282	-0.0426400708	0.1278776172	-0.0411965421	0.004484152	-0.0283709108	0.1303473808	0.0955961209	0.1220983717	0.025122808	-0.0321370256	-0.028395285	-0.0189841909	0.1267928248	-0.0804089017	0.0113875787	0.0793463937	-0.0575213655	0.0489661887	0.0489716259	0.0825019948	0.030086819	-0.0341145687	-0.0849519136	-0.1104	-0.0187172999999999	0.01218816	0.0003503373192899	-0.0250464	-0.01546852	0.00062732215296	0.0002392751109903	0.0242968	0.0469811	0.00220722375721	0.00059033449024	-4.79496e-06	-0.00013173996	1.7355417060801603e-08	2.2991641401600004e-11	0.000504337	0.0004296045	2.54355809569e-07	1.8456002642025e-07	-0.00130164	0.0	0.0	1.6942666895999998e-06	0.0	0.0
60618.57764504459	-54.23457885762764	2941.3895438642307	3674611955.7083	98690.18806664736	-455.368447386194	207360.4228749129	9739753220.630224	59461.589004390495	-86.7458516270708	3535680566.9270525	7524.8427745057825	66814.74545325665	60856.85140813717	1.32934	23.297651	0.068266948	0.0441566	-0.0423039976	-0.13478959	-8.6902e-05	-0.0231063134	-0.0142760732	0.0613886034	-0.1368754825	-0.0067714124	0.0050842479	0.064869804	-0.01269205	-0.0477281262	0.0090708408	0.0310590669	0.0043341683	-0.1499252011	-0.0365574885	0.0548412221	-0.0051053174	-0.0590785775	0.0696252722	-0.1232036615	-0.0853026111	0.0324176968	0.0312512329	-0.0396666616	-0.1099665709	0.1265207774	-0.0725051157	0.001988698	-0.0174142053	0.0075435833	0.1024154811	0.0681306582	-0.0182303009	0.0043720655	-0.0684192594	0.0227955125	-0.0653545944	0.0239562178	-0.0312372593	0.0807763144	0.044431745	-0.0177848954	0.0966348257	0.0148828873	-0.114085709	0.0061538918	-0.132220871	-0.0050849135	-0.0320603947	0.1409862839	-0.0123968508	-0.0669907021	-0.0373043398	0.1489596771	0.0365630353	-0.0788130777	0.0269336698	-0.1469929751	-0.0179083902	-0.017806307	-0.1022256097	0.0341774682	0.0339963959	0.029116375	-0.1027210035	-0.0185001365	0.0538534539	-0.0212458482	0.1898931156	-0.0045977633	0.1078197034	0.0048901416	-6.03359e-05	0.0772039688	0.1271192738	-0.0275464999	0.0739311848	-0.0292874016	0.0232982166	-0.0234832628	0.0659975369	-0.0162838614	0.0828420006	0.0094595211	-0.0626408824	0.04183387	-0.0039433593	-0.0181987892	0.082778607	0.0181560071	-0.0197864542	-0.0177687346	-0.0505240209	0.1121019207	0.0813556768	-0.0031409745	0.0457029883	0.0814823178	0.0268272759	-0.0388703345	-0.0885682462	-0.110399	1.000000000001e-06	0.012187939201	1.0000000000020005e-12	-0.0150036	0.0100428	0.00022510801296	0.0001008578318399	-0.0162582	-0.040555	0.001644708025	0.00026432906724	0.000276188	0.00028098296	7.89514238103616e-08	7.6279811344e-08	0.000504337	0.0	2.54355809569e-07	0.0	-0.00137402	-7.238000000000014e-05	5.238864400000021e-09	1.8879309604000003e-06	0.0	0.0
60809.66433392359	191.0866888789969	36514.12266673857	3697815276.4044585	98967.9604914159	277.7724247685401	77157.51996179426	9794657203.830458	59511.68386008523	50.09485569473327	3541640515.8627286	2509.4945670761504	66704.4616476122	61768.33306964924	1.291721	22.638344	0.07003518	0.0308818	0.1063585226	0.0624302535	-0.0827063692	0.0697789858	-0.0088921779	0.0732579649	0.0583377251	0.0522027233	-0.0651746303	0.1114309418	-0.0483539172	-0.057838787	-0.0156653023	0.0652746994	0.0763376178	0.1215493463	0.0161222978	0.0892838044	0.0072335018	-0.0658055704	0.0682549647	-0.0023815318	-0.0564092044	0.1297717536	0.0669380023	0.0158913778	-0.0041324323	0.1121412801	-0.1033939294	0.1710249667	0.0335893848	0.0272115005	0.1075448514	0.0178396639	0.0314895883	-0.1429346028	-0.018576747	0.0265947144	0.0131373296	-0.0979078081	0.0898763539	0.0548059812	0.0407260297	-0.0493658382	0.04192497	0.0125080598	0.112418819	-0.1183549025	0.0911015425	0.0427749971	-0.0178461778	0.0365760388	0.033990351	0.0467221215	-0.1155904815	-0.0534565997	0.0527573701	-0.0985132298	0.0263861598	0.0398787231	0.1203619828	0.0466595303	0.0391561	0.0589860781	0.0694825506	0.0814317606	-0.069241209	-0.0560284859	0.0689693427	-0.0527371833	0.0984564775	0.0814134123	-0.0247104779	0.0054415576	-0.0367854555	0.0079026893	0.0333256297	-0.0263133149	-0.0298242623	-0.1688397587	-0.1073589926	0.0168311036	-0.0580620726	-0.0368444278	-0.0467269737	-0.0126635903	-0.0952963762	-0.1178739672	-0.0678791251	-0.0180685358	-0.1157035142	0.0979905843	-0.0525042748	0.0247228408	0.019406257	-0.0775216472	0.0631842107	0.072877286	0.0152162169	0.0804403643	0.0235383975	-0.0435304769	-0.0917972923	-0.0910158	0.0193832	0.0082838758496399	0.00037570844224	-0.0250748	-0.0100712	0.00062874559504	0.00010142906944	-0.0285	-0.0122418	0.00014986166724	0.00081225	6.35044e-05	-0.0002126836	4.523431370896e-08	4.032808819359999e-09	0.000585093	8.075599999999997e-05	3.42333818649e-07	6.521531535999995e-09	-0.00110068	0.00027334	7.471475560000009e-08	1.2114964624e-06	0.0	0.0
60863.57086768757	53.90653376398405	2905.914382447552	3704374258.766028	98853.85107421876	-114.10941719713446	13020.959093069689	9772083872.203823	59654.855605953	143.171745867774	3558701797.367102	20498.148814826465	66770.54383455525	61287.46342952077	1.253844	21.974522	0.03213253	0.0201878	-0.0691518782	0.0128446189	-0.1640226303	0.0478391298	0.0581293684	-0.079679937	0.0749573447	-0.0546006648	0.1278860973	-0.0334623148	-0.0781642463	-0.0770567198	-0.0775050615	-0.0843601586	-0.1746131817	0.0687969525	-0.0567579213	0.0695958451	0.044409673	-0.0027778799	-0.0822490387	-0.064204569	-0.0349206385	0.0277713643	0.0461785014	0.040565919	-0.0604818049	-0.0771168548	0.0826499656	0.0048319579	-0.0705644198	-0.0104236794	-0.0965368955	0.0409649963	0.0712407915	-0.0485551728	-0.1108390685	-0.0820895408	-0.0340513832	0.0616048154	-0.0775088173	-0.0596448561	0.0111178283	-0.011423957	-0.0094604748	-0.0375910792	-0.0110627642	0.0574827032	0.0204955967	-0.0528106168	-0.0272258627	0.0632529411	0.0160504382	0.0362549065	-0.074877351	-0.1466531528	-0.0406078471	0.0498849482	0.0782456836	0.1121680331	-0.1582586369	-0.0746258626	0.0461402765	0.0663899798	0.093420547	-0.0046895152	0.0747183374	-0.0498037701	-0.0539427626	-0.0134185881	0.0511984631	0.0338524398	0.0762025193	-0.0023710459	0.0790512614	0.0383985699	-0.0397857807	0.0753319914	0.0414017983	0.0925975532	0.0286430932	-0.0488595389	-0.06733187	-0.0141306281	-0.0036321119	0.0803747198	0.0771477228	-0.0001732353	0.063408071	-0.0098440855	-0.0351948288	0.1136249587	0.0248292062	0.1102247532	0.0336522276	0.1001504768	0.0885840633	0.0451009333	-0.0686857122	0.0793764193	0.0202237803	-0.0480835316	-0.0946249323	-0.0939463	-0.0029305	0.00882590728369	8.587830250000016e-06	-0.0250748	0.0	0.00062874559504	0.0	-0.00931894	0.01918106	0.0003679130627236	8.684264272359999e-05	3.1311e-05	-3.21934e-05	1.0364150035599995e-09	9.80378721e-10	0.000504337	-8.075599999999997e-05	2.54355809569e-07	6.521531535999995e-09	-0.00118815	-8.747000000000008e-05	7.651000900000014e-09	1.4117004225e-06	0.0	0.0
60849.87976425635	-13.691103431221563	187.4463131644069	3702707867.324455	99132.70937017749	278.858295958722	77761.9492250022	9827294067.072077	59550.12074267175	-104.73486328125	3546216880.4667845	10969.39158654213	66954.68611901531	62009.60539019443	1.124752	19.712095	0.08465896	0.0459218	-0.0431136176	-0.0810352792	-0.1100548407	-0.1124994678	-0.0851628005	-0.1053831011	-0.0934267653	-0.0160975846	-0.0370354967	-0.0424675702	-0.0268742478	-0.1404705436	0.0392301226	0.0859057726	-0.0178113664	-0.0802386337	0.0373695803	0.2147951356	0.0402836153	-0.0159514618	-0.0731864455	-0.0316810498	-0.0095817469	0.0701500504	0.0696811832	0.0754944621	-0.1534792222	0.0807453551	0.1119463103	-0.0677859041	0.0056676449	0.0597176754	0.043944758	-0.0337527765	-0.0057024517	0.0185735404	-0.0370331531	0.0014019505	0.0778566705	-0.0847531802	0.0787400201	0.0921917898	-0.1345711039	0.0436737187	0.0876336675	0.0428212224	-0.029963337	0.108635444	-0.0104234049	0.0343916881	0.0231844048	0.05941948	0.0035658892	-0.0006411247	0.0301657147	-0.1979174864	0.1178918283	-0.0361609087	-0.1451172761	-0.1177592109	0.0061216816	-0.0124079726	0.0129183869	0.037359726	0.1437296875	-0.0170408868	0.0865646947	-0.0476518691	0.0360749886	-0.069128807	0.1133750596	-0.1034539274	0.0095043924	-0.0053509738	0.0215588263	0.0938148204	-0.0564701824	-0.035246412	0.0759268139	0.0025667711	0.0556466641	-0.0505860058	0.0311624257	-0.064974763	0.1224090755	-0.0838424943	-0.08755481	-0.0444995721	-0.042425097	-0.0039377401	-0.1440487838	0.0619516383	0.0611928969	0.0374805015	-0.1485530175	0.0227677784	0.1428664767	0.0187309837	-0.0145419535	0.0782907735	0.0168870486	-0.0525182979	-0.0970388015	-0.104554	-0.0106076999999999	0.010931538916	0.0001125232992899	-0.0067645	0.0183103	4.575846025e-05	0.00033526708609	-0.0477026	-0.03838366	0.0014733053549956	0.0022755380467599	0.000282607	0.000251296	6.314967961599999e-08	7.9866716449e-08	0.000504337	0.0	2.54355809569e-07	0.0	-0.001284	-9.584999999999996e-05	9.187222499999996e-09	1.648656e-06	0.0	0.0
60791.74197322848	-58.137791027867934	3380.002745600041	3695635892.13959	99045.82477334104	-86.8845968364476	7548.93316743204	9810075405.031378	59543.81833112733	-6.302411544420465	3545466301.4502954	39.72039127524435	66769.64809446897	62184.5439004236	1.230026	21.557102	0.0737166499999999	0.0453095	0.1310099903	0.0332098723	-0.0795614745	-0.018999363	0.059166172	-0.1055032892	0.0614565952	0.0106102243	-0.1350477652	-0.0835246513	0.0251389642	0.0140474437	-0.0322309792	0.0642919404	0.0213919305	0.1235932993	0.0205702903	-0.0118800855	0.0480801291	-0.0054493078	-0.1155094945	0.0525945546	0.0537694668	0.0671107642	-0.0066547526	0.0151947046	-0.042205225	0.0556642094	0.1303754377	0.0372642436	0.0098619555	0.0584930309	0.0080066355	-0.0374547445	0.0615020696	-0.089505602	0.0501531797	0.1811197763	-0.0783266924	-0.0691532244	0.1242621003	0.0525991566	-0.0529919543	-0.0846537945	0.0463667987	0.0572780292	-0.0021717785	0.1401406443	0.0969048485	-0.0464828458	0.0343554798	-0.1379592475	0.0534015171	-0.0275265885	-0.0283064105	0.0136073228	-0.0413579431	0.0671817986	-0.0966881755	0.0349749772	0.0522029763	0.0619987958	0.1079134199	-0.0364180013	0.0118069377	0.0327991858	0.0512432667	0.0094759747	0.0955940161	0.0048117198	-0.0354932492	-0.069640781	-0.0199170716	-0.0925463227	0.049676852	0.0102609276	-0.0785875426	0.0674834358	0.042961406	-0.0976343136	0.0023621114	-0.1011401228	-0.1447513503	-0.0799515932	-0.0226664545	0.1032932837	-0.1252955674	0.0903563352	-0.0853039789	0.0792777134	-0.1835438192	-0.0860041863	-0.0488282929	-0.0006190872	-0.0039142692	0.0136887634	-0.0017045345	-0.0293800428	0.0348161702	0.0771837238	0.0135318513	-0.0568238659	-0.0990283447	-0.117251	-0.012697	0.0137477970009999	0.000161213809	-0.046082	-0.0393175	0.002123550724	0.00154586580625	-0.0291183	0.0185842999999999	0.0003453762064899	0.00084787539489	0.00028094	-1.6670000000000096e-06	2.7788890000000322e-12	7.892728359999998e-08	0.000504337	0.0	2.54355809569e-07	0.0	-0.00134469	-6.068999999999996e-05	3.6832760999999956e-09	1.8081911961e-06	0.0	0.0
60694.57658741313	-97.16538581535131	9441.112200646076	3683831627.125358	98472.20838155864	-573.6163917824015	329035.7649214615	9696775823.541107	59522.30346881456	-21.514862312767946	3542904610.233654	462.8893003373625	66730.45109719297	60968.864676012105	1.279722	22.428053	0.1067665299999999	0.0468988	-0.0926498348	0.0672891022	-0.0651093279	-0.009543346	-0.0029234586	-0.0672266064	0.0219669046	-0.0270659965	0.084736211	-0.0959806679	-0.0526904546	0.0740265636	-0.0882073323	0.0136682701	-0.0321562794	0.0530252354	-0.0259211278	0.008673935	-0.066192952	-0.0097681223	-0.1735391851	-0.0942782264	0.097504895	-0.0348768749	0.0056734728	0.0437270347	0.0432320406	-0.0206043968	0.0596673858	-0.078136183	-0.0303058438	0.095080068	-0.0455109075	-0.008978896	-0.008716165	0.0353495044	-0.0181486575	0.1943601689	0.0639628799	-0.0732272766	0.0432426828	0.0818920068	-0.0425894806	0.1419800126	0.0665270817	-0.014843647	-0.049160518	-0.0802319626	0.1393801	0.1199577548	0.0721506724	0.0592989307	0.073942759	-0.0020359461	-0.0050207449	0.0794953844	-0.0646462915	0.020256444	-0.0591271848	0.0351995341	-0.073435675	-0.0370091662	0.0421611633	0.0407213895	-0.0764731682	-0.0569156605	0.1518460145	-0.0647378067	0.0946327211	0.084645213	0.0253219551	-0.0896568924	0.0082394736	-0.1068322408	0.0643878008	-0.0328866939	-0.0933771794	0.0402634489	0.0197485271	0.0155113202	-0.0408395592	-0.0021066361	0.0150934132	0.0153054029	0.0022686297	0.0703873842	0.0175056615	-0.0119813171	-0.1924803674	-0.0258659583	-0.1231334649	-0.0221107876	0.0850056488	-0.069459461	-0.0982064034	-0.1645822084	0.0032056156	0.0820140413	-0.0813302193	0.0760555728	0.010161857	-0.0609896438	-0.1005848622	-0.126485	-0.0092339999999999	0.0159984552249999	8.526675599999986e-05	-0.0251233	0.0209586999999999	0.00063118020289	0.0004392671056899	-0.0116643	0.0174539999999999	0.0003046421159999	0.00013605589449	6.84564e-05	-0.0002124835999999	4.514928026895999e-08	4.6862787009599994e-09	0.00103323	0.000528893	1.0675642329e-06	2.79727805449e-07	-0.00178571	-0.00044102	1.944986404000001e-07	3.1887602041e-06	0.0	0.0
60702.67420684876	8.097619435626257	65.5714405242321	3684814655.8628216	98670.4451798804	198.2367983217555	39297.82820886036	9735856751.99578	59563.75379729468	41.450328480117605	3547840766.4247365	1718.129731109649	66869.55536470147	61034.33123790748	1.183764	20.746321	0.09372688	0.0410753	-0.0029412357	-0.1479588761	-0.0216704457	-0.0107580687	-0.0161683361	-0.0651110596	-0.1451209486	0.0209304317	-0.0708190868	0.0459094284	-0.0294420915	-0.129368466	-0.0997936432	0.0888302141	-0.0359687397	-0.1377170394	0.0864901694	0.0627203396	0.0433294765	-0.0825530737	-0.0056328408	0.0161265441	-0.0541121216	0.022380702	-0.0636145103	0.0174745373	0.0938269903	0.14426599	0.0001316742	-0.1785043831	-0.0653420691	0.1298183596	-0.1157183574	0.0066894217	-0.0214710811	0.0859214106	0.004689245	-0.0182960409	0.0084435083	0.152404845	0.0174823848	0.1310462492	-0.0707883704	-0.0278222524	-0.0956039574	0.0306585753	0.0161323332	0.0476128821	0.0834418528	-0.0742653893	0.0707233874	-0.0200424487	0.0066889044	-0.0203113497	0.0668955452	0.0286245327	-0.034678807	-0.0454514335	-0.0861561483	-0.1459727209	0.0201984595	-0.0277762987	-0.0403550211	-0.0084958581	0.1498947103	0.0133146025	-0.0390698222	-0.0436645396	0.0961451541	-0.0503394476	-0.0371534974	-0.0260867277	0.123758543	-0.0054530035	0.0696738368	-0.1125849679	-0.0222118824	-0.1357972392	0.0186204406	0.1474671671	0.0299115529	-0.0475133541	0.0685079769	0.1083057599	0.011781893	0.0311385443	0.0802580602	0.1281162302	-0.0166283639	0.0571755176	-0.0685684377	-0.015223973	-0.0944212492	0.0257561007	-0.0288318748	0.0004970322	-0.0372362243	-0.0932095969	0.049780749	0.074906629	0.0067807509	-0.0650053833	-0.1017015476	-0.148394	-0.021909	0.0220207792359999	0.000480004281	-0.0440223	-0.018899	0.00193796289729	0.0003571722009999	-0.0350868	-0.0234225	0.0005486135062499	0.00123108353424	0.000223159	0.0001547026	2.3932894446760003e-08	4.9799939281000004e-08	0.0008339149999999	-0.0001993150000001	6.954142272248332e-07	3.972646922503986e-08	-0.0015498	0.0002359099999999	5.5653528099999993e-08	2.4018800400000003e-06	0.0	0.0
60679.01318196971	-23.661024879045726	559.8440983268208	3681942640.737654	99044.23249421296	373.7873143325705	139716.9563559559	9809759990.367712	59512.74801055656	-51.00578673811833	3541767175.768004	2601.590280774408	66716.50950993398	61612.860113376526	1.175434	20.600334	0.09049308	0.0548551	0.0726008142	0.0627867911	-0.0387398756	-0.0484946579	0.0617156563	0.0570770604	0.0183946173	0.0460089277	-0.0814319501	0.0438342096	-0.0868429478	-0.0196972241	-0.0486592519	0.0785676423	-0.0036297652	0.0332274517	-0.0195337556	0.0814084146	-0.0226525841	-0.0896758641	0.0473189867	-0.0275485327	-0.0314845188	-0.0961957606	-0.0455786109	0.0118058058	-0.0146765912	0.0155410261	0.0551185454	0.0021560662	-0.1655664699	0.0259651029	0.0050085094	-0.0679120542	-0.0267506673	0.1320906265	0.0776421102	-0.143694731	0.193125293	-0.0682734142	0.0094606238	0.0609850197	0.1015674213	-0.0965404618	-0.0979341364	0.0163453758	-0.0224485167	-0.0050875884	-0.0188321089	0.0852124853	0.0307934848	0.0857330306	-0.0250914598	-0.0110926558	0.0155768057	-0.0071176296	-0.0633401385	0.0874537876	0.153744005	0.023792884	0.0490882112	0.015964527	0.0539575826	0.0736082532	0.0144798077	-0.0770513818	-0.0900884805	-0.0726201478	-0.0100159884	-0.066249366	0.0469512795	-0.0324405109	0.076086693	-0.0321501326	-0.0145695843	-0.0810049892	0.0420867526	-0.0271604032	-0.1645321528	0.08728074	0.035354314	-0.0115848324	0.1051387662	0.0430355564	0.1199965627	-0.1450497176	0.0223061111	0.0065736358	0.115964406	0.0296654682	-0.1048101821	0.0656424668	0.0248186672	0.0276362745	0.0027179049	-0.0942027037	0.0523958429	-0.0648068896	0.0773959389	0.0737372065	0.0033922301	-0.0688612056	-0.1023735181	-0.137268	0.0111259999999999	0.018842503824	0.0001237878759999	0.00643618	0.05045848	4.14244129924e-05	0.0025460582039104	-0.0367453	-0.0016585	2.750622250000001e-06	0.00135021707209	0.000173022	-5.013700000000001e-05	2.513718769000001e-09	2.9936612484e-08	0.00109287	0.000258955	1.1943648369e-06	6.705769202505175e-08	-0.00178571	-0.0002359099999999	5.5653528099999993e-08	3.1887602041e-06	0.0	0.0
60542.20181487143	-136.8113670982857	18717.35016730189	3665358200.592621	99251.38333092206	207.150836709101	42911.46914928062	9850837093.101637	59456.39017707257	-56.35783348399127	3535062332.888292	3176.205395009288	66867.262785817	60673.6515799517	1.085254	19.019867	0.1407839699999999	0.0596887	-0.0558023414	-0.0387607204	0.0260085603	-0.1215321591	0.0300393972	0.0543973056	-0.0835414087	-0.1281222555	-0.0711530811	0.0095443226	0.0793366385	-0.0546628347	0.0978278912	0.0742400308	0.1146238728	-0.0972380042	0.0951437324	0.0377618956	0.1585872099	-0.0155950894	0.0056209306	-0.0627324745	-0.0870796739	-0.0148010403	-0.0291102508	-0.1022042612	-0.0370188684	-0.0756399261	0.0422132688	0.0301505398	-0.0067748167	0.0517678364	0.1103971683	-0.1693269435	0.0134095003	-0.0474331531	-0.1057638467	0.062694605	-0.0361943952	0.0974803276	0.0242436693	0.0687618981	-0.0161844247	0.0661678532	-0.1590863956	-0.0523896306	0.2227860494	0.0074086041	0.0850774137	0.0556801952	0.0809522963	0.0371020481	-0.0941702525	0.1097978018	-0.1061142716	0.0637034995	-0.0404924396	0.0410330424	0.0695545351	-0.1177407055	0.0072334366	0.1441467327	-0.0405713145	-0.0648747681	0.0128271535	-0.0138071699	0.0670919851	-0.066861014	-0.0683581089	-0.1135780539	0.0648926373	0.0165409105	0.0251827701	0.0431757721	-0.0716754033	-0.0677621593	0.0076003709	0.1172888497	0.0042702388	-0.0764555808	-0.0621196475	-0.0411263809	-0.0237390741	-0.0299575345	0.1278372134	0.0261691924	0.0710296804	0.0763057559	-0.0596781647	-0.0009060894	0.0117798836	0.0302867621	-0.1825277951	0.0589676911	0.0609314112	-0.0681089426	0.1171953502	0.0140050444	-0.0555173106	0.072547625	-0.0	-0.072547625	-0.1025978352	-0.120262	0.017006	0.0144629486439999	0.000289204036	-0.0228765	-0.02931268	0.00052333425225	0.0008592332087824	-0.00653481	0.03021049	0.0009126737060401	4.2703741736100005e-05	0.000568175	0.000395153	1.56145893409e-07	3.22822830625e-07	0.000504337	-0.0005885329999999	2.54355809569e-07	3.463710920889999e-07	-0.0014843	0.00030141	9.08479881e-08	2.20314649e-06	0.0	0.0
60506.35509839734	-35.84671647408686	1284.9870819735704	3661019007.2933536	98588.92087432485	-662.462456597219	438856.5064008223	9719775319.163883	59382.05921519886	-74.3309618737112	3526228956.637384	5525.091893071109	66543.60744086196	60992.77260705544	1.202623	21.076838	0.05214894	0.0343473	0.1112042279	0.0648122785	0.08889338	0.0367476263	0.025537838	0.0973085656	0.0550949587	0.0814325293	-0.0408547133	0.010570489	-0.0200065022	0.1467883268	-0.0200567214	0.0485657866	0.1602953849	0.0536407014	-0.0248272568	-0.0424977234	-0.0765575935	0.0288404131	-0.0198952398	-0.044578261	0.0225040245	-0.1266034727	-0.0209253417	-0.0875752528	0.0077049432	-0.047116427	-0.0082214008	-0.0088042551	-0.1255663726	0.1093832686	-0.05333364	-0.0526526424	-0.0669058716	-0.0381043625	-0.1340741811	-0.0424431534	0.1601009109	-0.0544934857	0.0925551023	-0.0292105092	0.0089124437	0.0248819243	-0.0163838595	-0.0192414178	0.0200387914	0.0231627454	-0.0931200496	-0.0585198871	-0.01638008	-0.1327857277	0.07794579	0.0102478742	0.0521129419	0.0487824405	0.0126074161	-0.1049872433	0.0009679397	0.0482559723	0.0941095899	0.0278491848	-0.0123515633	0.0381400776	-0.1912648988	-0.0685885796	0.0019721203	0.0372044587	0.0309749021	0.0573352153	-0.0013320267	-0.0449120301	0.0892688608	-0.0416654776	-0.0494600665	-0.067720575	0.0731535247	0.0413387686	-0.0196870205	0.0047167338	-0.0689195626	0.0332900982	-0.0395742718	0.0627128531	0.0143461111	-0.0444166499	0.099158633	0.0285157255	0.0304138302	0.0462756667	-0.1148868974	0.0058761463	-0.0168964845	0.0661998963	0.0870134482	-0.0585908548	0.1065905233	-0.110532949	-0.126251894	0.0713382097	-0.0033922301	-0.0760555728	-0.1023735181	-0.120387	-0.000125	0.0144930297689999	1.5625000000000032e-08	0.00648164	0.02935814	4.20116570896e-05	0.0008619003842596	0.00106049	0.0075953	5.768858209e-05	1.1246390401000002e-06	0.000568175	0.0	0.0	3.22822830625e-07	0.000504337	0.0	2.54355809569e-07	0.0	-0.00178571	-0.00030141	9.08479881e-08	3.1887602041e-06	0.0	0.0
60585.7950625405	79.43996414315916	6310.707903066413	3670638563.360157	98647.825876495	58.90500217015506	3469.799280665972	9731393550.159275	59430.92752453512	48.86830933625606	3532035146.4265456	2388.111657384012	66757.2309155764	60060.413539865	1.241949	21.766064	0.11459493	0.0588801	-0.0964534544	-0.0100861238	0.0252786179	0.028669963	0.073394137	0.1261388774	-0.0854708877	-0.0713499905	0.0447266986	0.0460548187	0.0008034177	-0.0272476787	0.0531314009	0.0807966668	0.0611463928	-0.1605944896	0.0015413679	-0.0684398713	0.0675395423	-0.0987847088	-0.0277644847	0.0296420879	-0.0081823837	-0.0050001797	0.1224904091	0.0756242561	-0.0548110506	-0.0065009405	0.0454538019	0.0267516953	-0.0529432374	-0.1199191097	-0.073669436	0.0621457295	-0.0171114415	-0.0669021286	0.0719763053	-0.0271218741	0.1233247943	-0.0575712785	0.0471492174	-0.0393062502	0.008470784	0.0298988235	0.0291608095	0.0543868329	-0.1282143281	0.0363224615	-0.0309910427	0.0242993244	-0.1175997109	0.0189862258	-0.0465416386	-0.0507894108	-0.0349162814	0.1735097504	-0.1071666158	-0.0075579591	0.0708915129	-0.0904995545	-0.0350811974	0.0670134794	-0.1100497036	-0.0342503963	-0.0360438838	0.095649032	-0.0738795961	-0.095882553	-0.068373237	-0.0461314933	-0.033858711	-0.1143101303	0.0581563964	0.0242059023	0.0524266793	0.1271725797	0.0576943247	0.0764763669	-0.0229742351	0.0187995726	0.0005788187	0.0319220718	-0.006810742	-0.0028784154	-0.0686914793	-0.107297391	0.0682952533	-0.0385098609	0.0360527013	-0.0197405192	-0.0991891581	0.0023448958	0.126073656	-0.1142494067	0.0132683975	0.0440142534	-0.0213946783	-0.0582393001	-0.0033058973	0.0701092912	-0.0067807509	-0.0793764193	-0.1017015476	-0.128423	-0.008036	0.016492466929	6.457729600000024e-05	-0.0426697	-0.04915134	0.0018207032980899	0.0024158542237956	-0.0143339	-0.01539439	0.0002369872434721	0.00020546068921	0.000277258	-0.0002909169999999	8.4632700889e-08	7.6871998564e-08	0.000735974	0.000231637	5.416577286760001e-07	5.3655699769000025e-08	-0.001468	0.00031771	1.0093964410000008e-07	2.1550239999999995e-06	0.0	0.0
60588.6593001123	2.8642375717972755	8.203856867695153	3670985635.785084	98612.73240981868	-35.09346667632053	1231.5514033620195	9724470993.330503	59529.86699783704	98.93947330192168	3543805064.780167	9789.019377261671	66646.56945049214	61139.36145798216	1.236262	21.666395	0.0686786499999999	0.031148	0.1218651802	-0.008613802	0.0044632002	0.0617650422	0.0977548775	0.0739953143	0.0324118669	0.1363237846	-0.0051806747	-0.0133173446	-0.0436474432	0.0169993601	-0.0161449373	-0.0505847834	0.0146569889	0.0517928255	0.0387111959	0.0199998201	-0.0649415167	-0.083428975	0.0283462212	-0.0586682282	0.1304721445	-0.0140254707	0.0422012807	-0.0619324357	-0.0252092144	0.0032523727	0.1033442092	-0.0239127111	-0.079858573	-0.0377102563	-0.0153568437	-0.0661096746	0.0182302795	-0.0809735308	-0.1743164345	0.0164495063	-0.1755740668	-0.0406326435	-0.0956032665	-0.0371616262	0.0250339409	0.0189687775	-0.0712613842	-0.0372244132	-0.0438466846	-0.0788566358	-0.0885129121	-0.1615887492	0.0959961268	-0.0240295409	0.0930586671	0.0462107936	-0.0375733099	-0.0503430871	-0.0802076335	-0.145478542	-0.0479172903	0.0420291794	0.0856170786	-0.072913685	0.0340598913	0.0181494657	-0.041068387	-0.0556145585	-0.0803049015	-0.0352234864	0.0027424884	0.085872443	0.044195066	-0.0519216463	0.0409222469	-0.0837977456	-0.0087226126	0.0012482164	0.0070156936	0.1455301635	0.0063950598	0.0426588378	0.0139861657	-0.071700206	-0.0267520498	-0.0866676875	-0.0536984038	0.0294537078	0.1197006217	-0.0559362332	-0.1380297146	0.132632384	0.0696991559	0.0267097625	-0.0607096855	0.0877454476	0.1293431918	0.0708013255	0.0224889336	0.0820198699	0.0925428231	0.0688612056	-0.010161857	-0.0825019948	-0.1005848622	-0.141734	-0.0133109999999999	0.020088526756	0.0001771827209999	-0.0255393	0.0171303999999999	0.00065225584449	0.0002934506041599	-0.0198049	-0.005471	2.9931841e-05	0.00039223406401	0.000198289	-7.8969e-05	6.236102960999999e-09	3.9318527521000014e-08	0.00107304	0.0003370659999999	1.1514148416e-06	1.1361348835599995e-07	-0.00170729	-0.00023929	5.7259704100000044e-08	2.9148391441e-06	0.0	0.0
60550.65954896377	-37.99975114852714	1443.9810873499896	3666382371.8145175	99047.98660542052	435.25419560183946	189446.21478900436	9810503650.587564	59485.77157315341	-44.095424683626334	3538557019.6533866	1944.4064780293625	66880.18018875566	60558.80485193993	1.256269	22.017021	0.0905483999999999	0.0437287	-0.1026669702	0.0276270544	0.013844652	-0.0727492388	0.0486818059	0.0279243059	-0.0678893014	-0.1451520168	-0.0379484661	-0.0771638934	0.0091954016	-0.0405539059	0.0808077891	-0.0519230013	-0.0026535607	-0.073171974	-0.0591162281	-0.0811553659	0.1131899252	0.0678442149	0.0452217527	0.0431111673	0.0450244105	0.0094187854	0.0570213843	-0.0893497366	-0.0251233495	-0.1149107224	0.0401765347	0.0615946142	0.0409532469	0.0949710936	0.0508648653	0.0269298877	-0.1824896493	-0.0256132405	-0.0177687919	0.0098926703	0.0817926518	0.0300818858	0.0261810132	-0.0298358446	-0.0284508343	0.0100322133	0.0410414004	-0.0075198894	-0.1040757089	0.0766304821	0.0457786914	0.0185025421	-0.0788247184	-0.0031524825	-0.0074603168	-0.0630869476	-0.0604597096	-0.0185248746	0.0598149125	-0.0451234682	0.066396965	-0.0797951678	-0.094057142	0.1151627466	-0.0167935031	-0.0535320322	-0.0234508613	-0.0254557971	-0.0348471957	-0.0778097896	-0.0663221097	0.0522450737	-0.0605306337	-0.0435569283	-0.0428571418	-0.0649697001	-0.1094211799	0.0551760288	0.0339027499	-0.0094706698	0.0177099057	-0.1082728648	-0.0870616163	-0.0267239465	-0.0443738892	0.0615302739	-0.0485062749	-0.1265266623	-0.0051794891	0.0255582835	-0.0160149528	-0.0323759375	-0.0586604841	-0.0011564415	0.1208925842	0.0590643243	-0.1410522282	0.0748800619	0.057687095	-0.0668779328	-0.0508762449	0.0675942939	-0.0135318513	-0.0854246103	-0.0990283447	-0.120395	0.0213389999999999	0.014494956025	0.0004553529209999	-0.0429932	-0.0174539	0.00184841524624	0.00030463862521	-0.0196886	0.0001162999999999	1.352568999999994e-08	0.00038764096996	0.00047565	0.0002773609999999	7.692912432099997e-08	2.262429225e-07	0.000504337	-0.0005687029999999	2.54355809569e-07	3.234231022089999e-07	-0.00152057	0.00018672	3.4864358400000015e-08	2.3121331249e-06	0.0	0.0
60553.15050060411	2.490951640342246	6.204840074523725	3666684035.548812	98510.61078559028	-537.3758198302385	288772.77173822094	9704340437.350056	59550.77219863766	65.00062548424467	3546294469.454036	4225.081313343037	66779.47471823356	60599.48476073532	1.269096	22.241831	0.05733015	0.0277081	0.0399007308	-0.1146620126	0.1064784324	0.0662632284	-0.033819798	-0.0818702711	-0.1071369595	0.0715442421	-0.016523349	0.0758184524	-0.0120752037	-0.017216071	-0.0016319862	-0.0989380532	0.0263536893	-0.0831123862	0.005990912	0.0470151087	0.0036203219	-0.0714541831	0.0074662567	0.1533854219	-0.0372185602	0.1025697906	0.019973173	-0.0227982849	-0.0978453227	-0.051102457	0.1201940327	-0.0465964717	-0.042498066	-0.0470307836	0.0341963444	0.1086236489	0.0445953333	-0.0412492023	0.1031899187	0.0590860188	-0.0744329887	-0.0176290214	0.0227805151	-0.0535806623	-0.1061909297	0.0639127524	-0.0338000489	-0.121365273	0.0809983414	-0.0728413451	-0.0390181656	-0.0707790702	0.0268050046	0.0022872174	-0.0670010468	-0.0136869836	-0.0071595732	-0.0282633362	-0.1055641777	-0.0141726707	-0.0466066144	-0.0666662893	0.0745774325	-0.0457150795	-0.0428982005	0.06578578	0.1014270974	0.0120402878	-0.0059237083	0.0506406487	-0.0293524402	-0.081083994	-0.1523407161	-0.0683847263	0.0046681983	-0.0031339163	-0.081418414	0.0346590191	0.0498110851	0.096773824	0.0854185147	-0.0213744982	0.1140453258	-0.0894204655	-0.045754333	0.008720031	-0.0013080498	0.0804049264	-0.1049455329	0.0176974088	-0.1041632319	-0.1101407761	0.016025176	0.0059873152	0.0246510784	0.0088252566	0.0130257213	-0.0632619868	-0.0850364751	0.0206687625	0.0177754753	0.0663089027	-0.0168870486	-0.088137076	-0.0970388015	-0.13683	-0.016435	0.0187224489	0.000270109225	-0.0255333	0.0174599	0.00065194940889	0.00030484810801	-0.0103833	0.0093053	8.658860809000002e-05	0.00010781291889	0.000381841	-9.380899999999998e-05	8.800128480999996e-09	1.45802549281e-07	0.000504337	0.0	2.54355809569e-07	0.0	-0.00170936	-0.00018879	3.564166410000004e-08	2.9219116096e-06	0.0	0.0
60743.82334813316	190.67284752905107	36356.13478483676	3689812074.949208	99162.24283854169	651.6320529514051	424624.3324336628	9833150404.769913	59593.26334097366	42.49114233600267	3551357035.626635	1805.4971770184384	66734.41780419638	60994.61780237481	1.274817	22.342085	0.08202985	0.0400737	0.0171708164	0.0651855605	-0.002380025	0.019211703	0.0378240776	-0.0124037103	0.1171540128	0.0139536865	-0.0127581394	0.0244850815	0.0606027272	0.0344441983	-0.0028343647	0.118853059	-0.0256641825	0.1296653466	0.0991908427	-0.0835789433	0.0421992167	-0.0685086619	0.0554280971	0.0057248549	0.0191795811	0.021812165	-0.0428421058	-0.1452325599	-0.0799183564	-0.0511797863	-0.0473173631	0.0489649463	0.0216876321	-5.54497e-05	0.0988884341	-0.0182241134	0.0885626435	-0.1260706738	0.0356283033	0.0323681215	-0.0369169355	0.02237687	-0.0704334179	0.0971123724	0.0242907884	-0.0241928657	-0.1455273948	-0.0211143706	-0.1569071773	0.0492488996	-0.0298979176	-0.0333915469	0.0262740868	-0.0116560035	0.0240389306	0.105285633	0.0327869576	0.0081235578	0.0530456805	0.0238719759	-0.107974071	0.1149829156	0.0261527714	0.0123239477	0.0552179019	-0.0935762767	-0.0163855384	0.0452975897	-0.0421011278	-0.0577826823	-0.0252302782	-0.062112145	0.057630857	0.0249674275	-0.0496636032	0.0217265105	-0.0801633267	-0.1218121579	0.0866266844	0.059900824	0.0129950642	-0.0525695308	0.0339730405	-0.1322140724	-0.008704813	-0.0227599905	-0.0759347657	0.0267602659	0.1120010619	-0.0498621074	0.0105365331	-0.0901373325	0.0378116924	-0.0752953359	-0.0763759494	-0.1134058264	-0.0785680848	0.0150442303	0.04169618	-0.0477874476	0.1314627761	0.0650053833	-0.0202237803	-0.0906327191	-0.0946249323	-0.117994	0.018836	0.013922584036	0.000354794896	-0.0254682	6.509999999999849e-05	0.00064862921124	4.2380099999998035e-09	0.0151039	0.0254872	0.00064959736384	0.00022812779521	0.000568175	0.0001863339999999	3.4720359555999985e-08	3.22822830625e-07	0.000640184	0.000135847	4.098355538560001e-07	1.8454407409000008e-08	-0.00127871	0.00043065	1.854594225000001e-07	1.6350992641e-06	0.0	0.0
60688.60067024852	-55.22267788464524	3049.544152751286	3683106251.3128886	98724.71918402778	-437.52365451390506	191426.94825920297	9746570177.965143	59595.100077479336	1.8367365056765264	3551575953.2447777	3.373600991284817	66931.14761473185	61406.072581679466	1.149549	20.146681	0.0727247499999999	0.0483998	-0.0396018114	0.020488345	0.0008702945	-0.1293220361	0.0532133933	-0.0533478267	-0.0619613356	0.0063579288	-0.0091991462	-0.1612165159	-0.0288623814	0.0283509868	0.016652158	0.0070555604	-0.0612527837	-0.0413320421	0.0807380804	-0.0183257518	0.0022642342	-0.0128183319	-0.0342700073	0.0864809503	0.0444941977	-0.1824644003	-0.0787306186	-0.0777699437	0.0436850638	0.0088552331	-0.1492388555	0.0396477609	-0.0715027735	0.0046031935	-0.0477901062	0.009952745	-0.0698597262	-0.0207906781	0.0071720023	0.0032946564	-0.0150046056	0.0652229894	0.0108066966	0.0566073981	-0.1122312562	-0.0562201234	-0.0978959768	-0.0143713719	0.0543605417	0.006857063	0.0220154624	0.0720182295	0.0325119719	-0.0485681668	-0.0056130715	0.0159361768	0.0002390959	0.011440933	-0.017713258	-0.0670584549	0.0181928668	-0.0670195613	-0.0196334483	-0.0666171992	0.0829560981	-0.0596335683	-0.0151166518	-0.0285894685	0.0732208875	-0.0014167071	0.0147853742	0.0468121384	-0.0549016055	-0.0392552813	-0.1266075059	0.101831774	-0.02629669	-0.149887895	0.1004101639	0.0431013652	-0.0625341663	0.037964778	0.0058138632	0.0327551243	0.0480980042	0.0491036528	0.0467306348	0.0611995336	-0.0252365718	0.0959388724	-0.0078617437	-0.0360463528	-0.0326626758	0.0286697839	-0.1000082363	0.0570492292	0.0275674468	0.0130881291	0.0734018774	-0.074057296	0.0724082466	0.063684092	-0.0235383975	-0.0929054001	-0.0917972923	-0.120364	-0.0023699999999999	0.014487492496	5.616899999999986e-06	0.01399	0.0394582	0.0001957201	0.0015569495472399	-0.0128459	-0.0279498	0.00078119132004	0.00016501714681	0.000568175	0.0	0.0	3.22822830625e-07	0.000665749	2.5564999999999963e-05	4.43221731001e-07	6.53569224999998e-10	-0.00124534	3.3370000000000014e-05	1.1135569000000011e-09	1.5508717156e-06	0.0	0.0
60545.71669948261	-142.88397076590627	20415.82910183236	3665783810.654008	99587.86524643132	863.146062403539	745021.125042734	9917742904.341364	59533.208665579805	-61.8914118995308	3544202934.0194664	3830.546866917382	66932.22424229383	61451.10091275614	1.069803	18.749075	0.1447323999999999	0.0619378	0.0027883734	0.0281541645	0.0473470843	-0.0795079306	-0.073340081	-0.0896362829	0.0071632824	-0.1596315226	-0.0765327715	-0.0077977531	0.0761100063	-0.000431422	-0.0852078226	-0.1199366241	-0.0578041332	-0.0560009549	-0.0691519555	-0.0276637962	0.1171144738	0.093312479	0.0221538153	0.0312455395	0.2440632032	-0.0564560099	-0.0711304512	0.1095046948	0.0973857414	-0.0220845271	-0.0321153116	-0.0107615242	0.0394516149	-0.0086922351	0.0911776851	-0.0825980639	-0.0221928884	0.0340508346	0.0637097325	0.087608906	-0.0749053021	0.0902211494	-0.0631403568	0.0616676665	-0.1675745508	-0.1345040252	0.0656847358	0.0637101339	0.0067427576	-0.0091172638	-0.0020426561	-0.0046145062	-0.0827429697	-0.0773238562	-0.0463315497	0.0897693835	-0.08110651	0.0929404011	0.0687387145	0.0528951294	0.0338007442	-0.0263474245	-0.0877123358	0.1355636273	0.0327493396	-0.0207926402	0.0492656462	-0.0008166053	0.0152539739	0.047719959	0.0473886422	0.1553865856	-0.0498631282	0.0391915674	-0.2254035901	-0.0212036214	0.119626379	0.0495128972	-0.023822499	0.0157136053	0.0073226304	0.0414997218	0.0559518271	0.0366185741	0.1292940563	-0.0600415674	-0.0233776621	-0.0288635799	0.0085758633	0.2795112338	-0.038830113	-0.0367255235	0.0544978285	-0.1393202765	-0.0124354421	-0.0241667696	0.0072871616	-0.0036790892	0.0506366497	0.0255228844	-0.0076607315	0.0623453902	-0.0268272759	-0.0949495281	-0.0885682462	-0.0947965	0.0255674999999999	0.00898637641225	0.0006536970562499	-0.021513	-0.035503	0.000462809169	0.001260463009	0.0167126	0.0295585	0.00087370492225	0.00027931099876	0.0010009	0.000432725	1.872509256250001e-07	1.0018008100000005e-06	0.000245386	-0.000420363	6.0214288996e-08	1.76705051769e-07	-0.00101636	0.0002289799999999	5.243184039999997e-08	1.0329876496e-06	0.0	0.0
60433.22351527703	-112.4931842055812	12654.716492710824	3652174504.447433	98324.29241415896	-1263.572832272359	1596616.302456791	9667666478.745035	59343.51559675232	-189.69306882748788	3521652843.3819857	35983.46036119005	66675.62172664858	60086.32368947328	1.189487	20.846621	0.06314122	0.0366875	-0.0351181779	-0.0990841007	0.1780142466	0.0589122958	-0.0553978198	-0.0127843951	-0.1529855762	0.0658474366	0.0136097322	0.1373577289	-0.0313875498	0.091970188	0.0054589163	-0.0078477323	0.1770485167	-0.1012176678	-0.0185604801	-0.0175707415	-0.0686172271	0.058534903	-0.06426023	0.056530507	-0.0489718955	-0.0769904157	0.1305368587	0.0397615004	0.0917530596	-0.0253025358	0.0901145861	0.0322660913	-0.0163471976	-0.0408288513	-0.0223950134	0.0870283343	0.0659418187	0.0143251506	-0.0579663372	-0.1267215387	-0.0804371665	-0.0400446085	0.0008742683	0.0682010559	-0.0117407218	-0.1422700674	0.0222218088	0.0162452576	-0.1687314376	0.0450882779	-0.1050159756	0.0301009384	-0.0636987	-0.0311255736	-0.0608002357	-0.07343372	-0.0313323734	-0.0792742108	0.0681527841	0.0318554347	0.0183972063	-0.1035716621	0.0961552578	0.0065633248	-0.1486519222	0.0921348265	-0.0640778819	-0.0001749372	0.0852771703	0.0294984569	-0.0863820825	0.1083727507	-0.0733573271	-0.038087202	0.0768405432	-0.0036203884	0.0465636561	0.1416204478	0.0075047949	-0.0163189949	-0.0544381781	-0.0481402254	0.0122884405	-0.0266417015	0.0557376611	0.044146211	0.0679493604	-0.0070131485	0.0078942682	-0.0448442529	0.0354143179	0.0014483513	0.0365080034	0.1064382359	-0.0217372946	-0.1025260458	-0.0079240765	0.0720604332	0.0230120056	-0.1177620372	0.1405062945	0.0609896438	-0.030086819	-0.0967600744	-0.0849519136	-0.0739407	0.0208558	0.00546722711649	0.00043496439364	0.00679188	0.02830488	4.61296339344e-05	0.0008011662318144	0.00666571	-0.01004689	0.0001009399986721	4.44316898041e-05	0.00104697	4.606999999999984e-05	2.122444899999985e-09	1.0961461808999998e-06	0.000245387	1.000000000015745e-09	6.0214779769e-08	1.0000000000314906e-18	-0.000983758	3.2602000000000065e-05	1.0628904040000043e-09	9.67779802564e-07	0.0	0.0
60720.12408604342	286.90057076638914	82311.93750607986	3686933469.0245104	99012.06887779706	687.7764636381035	473036.46393453545	9803389783.46163	59484.42527682722	140.909680074903	3538396850.514441	19855.53793881152	66681.24316849279	61097.35714109038	1.287974	22.572672	0.09819422	0.055674	0.0276489928	0.0737261374	0.0086563276	0.1195486047	-0.0750518871	0.0180265595	0.1231733586	0.0107073893	0.0395964781	0.0944736643	0.0154939737	0.0954341781	0.1047792358	0.0940837728	0.0642195125	0.0991869259	-0.0443847789	-0.1773912099	0.0299019145	-0.0332713882	-0.048881224	0.1179736098	-0.1464350221	0.0540615305	-0.0820375893	-0.1188404223	-0.0778420147	-0.0615122962	0.0259395948	-0.0795030273	-0.0032008058	0.0696801447	0.0175247603	-0.0476172991	-0.0193371659	-0.0791918401	0.0628470634	0.0141366154	0.0207364483	-0.0125629083	-0.0193900002	-0.0299028205	-0.1179814477	0.0004772164	0.078800241	-0.0266053028	-0.0216595156	-0.059886125	0.0246700578	0.0311261558	-0.0989894144	-0.0664924407	-0.0815120592	-0.123079227	0.0414784368	0.054981782	-0.0384732954	0.0090759896	0.0478487786	0.0926105244	0.0335530332	0.0534556836	-0.009137064	-0.0545917313	-0.1123514132	0.1594034478	0.0177424115	0.0802157274	-0.0774728068	-0.0443085104	-0.1275003006	0.0434796197	0.060616469	-0.0888596736	-0.0940164261	-0.0731436213	0.0263724005	-0.0082938559	0.1077520088	0.0061415953	0.0016316024	-0.0696894053	-0.0517141436	0.0145753247	-0.0240274224	-0.0286626061	-0.003061533	0.0085788544	-0.0522654483	-0.0371318617	-0.0067031691	-0.0884129853	0.0955145897	0.0581247594	-0.069309954	-0.0758111915	-0.047947277	0.041982537	0.0848994108	0.0596172234	-0.0333134626	-0.0983325849	-0.0809641079	-0.0739816999999999	-4.099999999990223e-05	0.0054732919348899	1.6809999999919822e-09	-0.0246191	-0.03141098	0.00060610008481	0.0009866496645604	0.0436788	0.03701309	0.001369968831348	0.0019078375694399	0.0011294	8.243000000000009e-05	6.794704900000015e-09	1.27554436e-06	0.000757539	0.000512152	5.73865336521e-07	2.62299671104e-07	-0.000983757	9.99999999907325e-10	9.999999998146501e-19	9.67777835049e-07	0.0	0.0
60574.65437082612	-145.46971521729574	21161.43804540113	3669288752.145044	98680.14957079476	-331.91930700230296	110170.42636088905	9737771919.314426	59552.67988926912	68.25461244190228	3546521681.993759	4658.692119594281	66782.29023969134	60680.66726587235	1.260534	22.091778	0.0932677499999999	0.0511018	-0.0713594853	-0.0525033734	0.036529557	-0.0568893358	-0.0242698291	-0.0142114108	-0.0990602119	0.0277699187	0.0338168024	0.0266092127	-0.0313312942	-0.0403543755	0.0472512538	-0.014156082	-0.065094591	-0.0808003403	-0.0898667321	0.0224587094	-0.0174602512	0.0895919119	0.1098092413	-0.0201195854	-0.088459681	0.0118816518	-0.0430818239	0.0733292571	-0.0017331028	-0.0261606455	-0.040390275	-0.026605973	0.0856957965	-0.0148916365	0.0073050723	-0.0043894324	0.0478016066	-0.0164511167	0.0766986995	0.1115773118	0.0046662343	-0.0415841931	-0.1169308089	-0.1058079631	-0.002862542	-0.0527555577	-0.1309734255	0.1100321087	0.0945120137	-0.0205457483	0.0310687283	0.0302085806	0.0351614388	-0.0197581954	0.1471335222	-0.1047482441	0.0057360268	0.0042852562	-0.0972271219	0.0430507975	-0.0202057899	-0.0374200361	-0.0416108038	-0.0633064076	-0.0491909534	0.0680933922	0.0527981568	-0.0986991944	-0.0423857124	0.0823993339	-0.058723324	-0.09921478	-0.0600174819	0.1086163751	-0.0861220008	0.1414590136	0.0503753647	-0.0125895132	-0.0206848367	-0.0811697127	-0.0523606536	0.0161007595	0.0347445722	-0.070415685	-0.0359786382	0.0420442168	-0.0704503776	0.0742020366	-0.0628037765	-0.0296004701	0.0641308715	-0.000779874	-0.0137299042	-0.1314033702	0.0106333684	0.1271801131	-0.0095408699	-0.0344436369	0.0242287386	0.0802679527	0.0103186189	0.0582285042	-0.0365036785	-0.0996631912	-0.0766222668	-0.0662491	0.0077325999999998	0.00438894325081	5.9793102759998375e-05	0.0187616	0.0433807	0.00035199763456	0.00188188513249	0.036698	-0.0069807999999999	4.873156863999993e-05	0.001346743204	0.00083631	-0.00029309	8.590174809999999e-08	6.994144161000001e-07	0.000347157	-0.000410382	1.2051798264900001e-07	1.68413385924e-07	-0.000983758	-9.99999999907325e-10	9.999999998146501e-19	9.67779802564e-07	0.0	0.0
60646.40281666748	71.74844584136008	5147.83948065058	3677986174.601494	99549.25368923612	869.1041184413625	755341.9686917379	9910053910.083893	59506.272481114414	-46.40740815470781	3540996464.596635	2153.647531637641	66805.34387404812	61590.90125748453	1.210443	21.213896	0.14337561	0.0638546	0.0491640609	0.0848863269	0.0415245584	-0.004026494	-0.1416507544	0.0021566644	0.1232083164	-0.0268964753	-0.0280300824	-0.038430671	0.0549274986	0.0132506211	0.0990607837	-0.0055385037	0.0447014523	0.0585117406	-0.0315249923	-0.086310524	0.0201787133	0.0310497177	-0.0060380663	0.0866342507	-0.0163882334	-0.0643329373	-0.07304702	-0.0630829923	-0.0402946394	0.0328055655	-0.057606578	0.1251827795	-0.0092154347	-0.0088648388	0.070753841	0.0289095809	0.0212000675	0.0389792376	-0.0645737798	-0.0707306678	-0.0590633337	-0.0126506283	-0.1926227208	-0.0239589843	0.1430434932	0.0620931167	0.0143191187	-0.0824381512	0.0276071865	-0.0339743583	-0.0476344252	0.0527960195	-0.0276385503	0.0646602418	-0.0173348272	0.0096939681	-0.0594961728	0.0348770814	0.0976521001	0.0941189231	-0.0950824127	0.0455924099	0.0273397578	0.0717816538	0.0346911317	-0.0586446774	-0.0537339509	0.1456058869	0.0243973366	0.1096381411	0.0045254722	0.1069488551	0.0058537593	0.0541185175	-0.1048660231	0.0016854823	-0.0200097121	-0.0659803098	0.0565743446	0.0074877734	-0.0490348025	-0.0303210519	0.0462880607	-0.0118921304	-0.1128231819	-0.0398523235	0.025672198	-0.0382267672	0.0081883593	-0.1396219214	0.0073738123	0.0005645345	0.2400725977	0.051736833	0.0110463885	0.0246021441	0.0283586683	-0.0050236574	0.0238161131	0.0021910255	-0.0518302277	0.0568238659	-0.0396539781	-0.1007486199	-0.071945376	-0.0352517	0.0309974	0.0012426823528899	0.00096083880676	-0.00405626	-0.02281786	1.64532451876e-05	0.0005206547349795	0.0183683	-0.0183297	0.00033597790209	0.00033739444489	0.00138305	0.00054674	2.989246276e-07	1.9128273025e-06	0.000245387	-0.00010177	6.0214779769e-08	1.03571329e-08	-0.000207655	0.000776103	6.02335866609e-07	4.3120599025e-08	0.0	0.0
60539.53106450058	-106.8717521669023	11421.571411223786	3665034821.509631	98584.14101080249	-965.1126784336376	931442.4820733498	9718832858.83779	59516.14045147856	9.867970364146458	3542170974.240123	97.3768391076728	66689.96207418584	60008.18957771458	1.297682	22.742813	0.08848373	0.0444955	-0.0989336933	-0.0525037053	0.0538401196	-0.0055301416	0.085387621	0.064183816	-0.0267819119	0.0506737993	0.1049328435	-0.037733841	0.0742556482	0.0738580192	0.0035881922	0.057206195	-0.0310246094	-0.0921870836	0.0094881148	-0.0985404821	-0.0840013182	0.0690042589	0.0691629335	-0.1007028286	0.0102105324	-0.0271680168	-0.0096353151	-0.0024031012	0.051737585	-0.0575422232	-0.0592370434	-0.0562802267	0.0124816515	0.0287458526	0.0193094858	0.0832506699	0.0479998553	-0.0374751716	0.0892989324	0.1263745034	-0.0871654023	0.0030170755	0.0499963075	-0.0787942953	-0.0158110061	0.0529168369	-0.1015382784	-0.0146281075	-0.0349827435	-0.1551813173	-0.0847993494	0.0795064421	-0.0047005948	-0.0781998103	0.0581973275	0.0172101322	0.0403364985	-0.0564425571	0.0296675929	-0.1177130424	0.0289840592	0.0124388134	-0.0416088355	-0.1042528198	-0.0860798593	-0.0428483689	-0.0855695693	-0.1295415456	-0.0552626027	0.0614601518	-0.0425500096	-0.0884427681	-0.0414288581	0.0204512364	-0.0664041297	0.0764154207	0.0411826247	-0.1011017387	0.0701165232	0.0034149041	0.0613642487	-0.0576517418	0.0187956664	-0.0800568343	0.0959515545	0.0001960513	-0.0628853315	0.1483088064	-0.0136032114	-0.0587056494	-0.0358626476	-0.0696403086	0.0590826359	0.0013984681	0.0541028227	-0.092786519	0.0625512133	-0.0542785064	0.0404016372	0.0302273469	-0.0894897757	0.0554036926	-0.0427609166	-0.1015862008	-0.0669538864	-0.0507032	-0.0154515	0.00257081449024	0.00023874885225	-0.00414554	-8.927999999999974e-05	1.71855018916e-05	7.970918399999953e-09	0.0479343	0.029566	0.0008741483559999	0.00229769711649	0.0010621	-0.0003209499999999	1.0300890249999998e-07	1.12805641e-06	0.000295187	4.979999999999997e-05	8.7135364969e-08	2.4800399999999963e-09	-0.000704444	-0.000496789	2.467993105210001e-07	4.96241349136e-07	0.0	0.0
60737.81625622505	198.28519172446977	39317.017257209736	3689082323.574956	99261.23403742284	677.0930266203504	458454.96669790655	9852792582.63203	59569.79612441891	53.65567294034554	3548560610.304834	2878.9312386813285	66730.91424604059	61752.96619511188	1.354102	23.731611	0.05837369	0.0259341	0.1157247895	0.07387945	0.0212686782	0.067241216	-0.1130193917	0.084229783	0.1139213246	0.0800171692	-0.0280250445	0.0188490147	-0.0142295485	0.0275229153	0.0317340554	-0.0522246222	0.0136361802	0.0755381512	0.006177438	-0.0646839041	-0.0997128023	0.0193748461	0.0199379639	0.0840553878	-0.0003886064	0.0604412722	-0.1603312133	0.0108383842	-0.048358013	0.0226828958	-0.0156115626	0.0025054093	0.0374135513	0.0106978946	0.0561359537	0.0270383291	0.0077481729	-0.0827850239	0.0749140441	-0.0824904986	0.0624137277	0.1083886098	-0.0552470651	0.1252172941	0.0391851763	0.0695357323	-0.0044197407	0.0416873653	-0.0751028641	0.0474405068	-0.0041638624	-0.0106078071	-0.027929496	0.0967577048	0.0265779167	0.1465599748	-0.0531226562	-0.058175596	-0.0227895399	-0.0856800502	0.0528575551	0.069109424	0.0847227105	-0.037251203	0.0366606148	0.0077521352	-0.0485606434	0.0868922449	-0.0787532039	0.149765908	0.0561762115	-0.017869192	0.0230440448	0.0448198689	-0.11865609	-0.0288949719	-0.0269240868	-0.049675375	0.0130606838	-0.0067084918	0.0283494535	0.0292648059	-0.0173331059	-0.0723181923	0.0672449119	-0.1150300063	-0.0593603335	-0.0728881942	0.0559324469	-0.0457954408	0.0404166096	-0.0830004917	-0.0340122179	0.084877841	-0.0596715716	-0.0484483653	-0.1499640472	0.0787508942	-0.0193827043	-0.1028061448	-0.0467755234	0.0539683725	-0.0458210968	-0.1021738733	-0.0616696245	-0.0622685	-0.0115653	0.00387736609225	0.00013375616409	-0.0078654299999999	-0.0037198899999999	6.186498908489845e-05	1.3837581612099265e-05	0.0304287	-0.0175056	0.00030644603136	0.0009259057836899	0.00124393	0.00018183	3.3062148900000005e-08	1.5473618449e-06	0.000124216	-0.000170971	1.5429614655999998e-08	2.9231082841e-08	-0.000545587	0.000158857	2.5235546448999995e-08	2.9766517456900005e-07	0.0	0.0
60741.535962349226	3.719706124174991	13.83621365022493	3689534191.065365	98617.00068118249	-644.233356240351	415036.617292707	9725312823.352346	59568.27928476885	-1.51683965005941	3548379896.948221	2.300802523992353	66714.12670629456	60667.72609528905	1.384041	24.256329	0.097420565	0.0601267	-0.1162828824	-0.0024397442	-0.0928221115	0.0511639302	0.1032366353	0.0785379299	0.0209513959	-0.005964739	0.1674053813	-0.0970928832	0.074659853	0.0092608812	-0.0115523522	-0.0547598611	-0.0656107378	0.0150040808	-0.0253313082	-0.1548536001	-0.0678347914	0.0046949363	-0.0174059336	-0.0317598217	0.0430582822	-0.0412421192	0.099786169	0.0432287811	0.0371984196	-0.0325105906	-0.0491973684	-0.040285483	0.0646563504	-0.0083654577	-0.0075701894	-0.0783093706	-0.0782284781	-0.0136121663	0.0945199435	-0.0496652985	-0.0145715168	-0.2191071277	-0.0664876156	-0.06661743	0.0024491785	0.0643578155	-0.0676909023	0.0508330004	0.0369778497	0.0390364639	-0.0847581516	0.0596891671	0.0448522719	0.0388919075	-0.0347283019	0.0564518709	0.002225061	0.0492563963	0.1796127322	0.0718983428	0.0388229655	0.0725276552	-0.092833514	-0.0816045902	-0.0465424623	-0.0503169628	-0.1026345294	0.0342548064	-0.0690578528	-0.0841672654	-0.0663046728	0.026089026	-0.0663376097	-0.0168020546	-0.0928223581	0.0716349584	0.0442106579	0.0351455061	-0.0416091459	-0.0291392691	0.0669071012	-0.1093766634	-0.0108541188	0.0943872936	-0.0082254809	0.0111418797	-0.0935679708	-0.0985159966	-0.0104478789	-0.0585941895	0.0312266909	0.1596406937	0.044579519	-0.0378169133	-0.0028803691	-0.1051794916	-0.0015720759	-0.0369187411	0.0623498276	-0.0079757466	0.0139808379	0.0525182979	-0.0488311722	-0.1025101919	-0.056115697	-0.00762933	0.05463917	5.82066762489e-05	0.0029854388982889	-0.0137656	-0.00590017	0.0001894917433599	3.4812006028901165e-05	0.0276551	-0.0027736	7.692856960000005e-06	0.0007648045560099	0.0008459989999999	-0.0003979310000001	1.5834908076107965e-07	7.157143080008307e-07	-4.30195e-05	-0.0001672355	1.8506773802499998e-09	2.796771246025e-08	-0.000662573	-0.0001169859999999	1.3685724195999982e-08	4.3900298032900005e-07	0.0	0.0
60809.09825957259	67.56229722336138	4564.664006097825	3697746431.142354	98740.50835503472	123.50767385223298	15254.145500389555	9749687990.210682	59610.94001807852	42.66073330967629	3553464169.8389554	1819.938166519324	66778.98542181424	61896.34078739016	1.278086	22.399376	0.061572235	0.0297757	0.0721690374	-0.0956105401	-0.0660122028	0.0400742668	-0.0776394602	-0.0658416849	0.0059457656	0.0899552479	0.040602594	-0.0932040067	0.044049387	-0.03705612	0.032865069	-0.1437958422	-0.0513605095	0.0320970999	0.0924507732	-0.0772529749	-0.0490349529	-0.0143023221	0.0626290311	0.1219175688	-0.0800781671	0.0454691277	0.0280210264	-0.0371866469	0.0779351821	-0.075869198	0.0853247311	-0.1481878976	0.0472726118	-0.0402190805	-0.0407037374	0.0539851446	0.1161575898	-0.0583124	0.0087033459	-0.0475537508	0.0978837136	-0.0816205158	0.0401736448	0.0895000213	0.1326810882	0.0145942874	0.1010967684	0.0110137599	0.0153143538	-0.0115885211	-0.0789366243	0.0655932924	-0.0166597194	0.0295956125	-0.0017836332	-0.0106386659	0.0209283224	-0.0387907803	0.1277238205	0.1163048408	0.0690674347	0.0025470011	0.057039019	-0.1271777952	0.0313387668	-0.072391076	0.0090578932	0.0584058297	-0.0321985001	0.0373716266	-0.1326115389	0.105491751	-0.1265118689	0.1647098715	0.0416304473	0.0849581882	-0.0248891853	0.0602277245	-0.0709090728	0.0124202878	0.06803542	0.0570864982	0.0228848534	-0.080271816	-0.0232407413	-0.0175721733	0.0640956207	-0.090428207	-0.0629776845	-0.1037385091	0.0315419057	-0.0340137269	-0.0905339152	0.0187063342	-0.0251560923	-0.1007948341	-0.0317838283	-0.0890059894	-0.0223939536	-0.0104696763	-0.0019374333	0.0510538654	-0.0517878515	-0.102594329	-0.0503163898	-0.0281182	-0.02048887	0.0007906331712399	0.0004197937938769	-0.00993526	0.00383034	9.87093912676e-05	1.4671504515599998e-05	0.0101796	-0.0174754999999999	0.0003053931002499	0.00010362425616	0.00102563	0.0001796310000001	3.226729616103594e-08	1.0519168969000002e-06	-0.00011498	-7.19605e-05	1.32204004e-08	5.17831356025e-09	-0.000518614	0.0001439589999999	2.072419368099998e-08	2.6896048099600004e-07	0.0	0.0
60708.85737410854	-100.24088546404528	10048.235118615845	3685565363.669853	99828.1271339699	1087.6187789351825	1182914.6082924574	9965654967.076056	59676.13941034995	65.19939227142459	3561241614.923522	4250.9607525631	66901.37348547371	61521.28097665869	1.214347	21.282318	0.12493774	0.0613639	-0.0164913027	0.092377968	-0.0585773004	-0.0173830812	0.0026664539	-0.0788298863	0.158024151	-0.0914317612	0.049225192	-0.0346407873	-0.0146412745	0.0255954834	0.1137126319	-0.1651216917	-0.127915108	0.081280473	0.0278623494	-0.034560549	0.0310131708	0.1116602626	0.0482108105	0.023513335	-0.1322409093	0.0006961715	-0.0598173868	0.1799280465	-0.0355017868	-0.1489036824	0.1016045132	0.0018548054	-0.0082932356	-0.0325757952	0.0410525956	-0.0505780449	-0.0454138835	0.0430901714	0.0135025867	-0.1140300134	0.0299637836	0.1512095035	-0.1353307561	-0.0033461457	-0.0003353766	0.0957555323	0.0999795736	0.0636773003	0.1340883439	-0.0555643203	0.0036502593	-0.088071401	0.1193233917	0.0019354999	0.0713344423	-0.0844114157	0.1023114998	-0.0894824774	0.0633991324	-0.0328070768	0.1602428289	0.1161039527	-0.1134693648	0.0191237868	0.0974063497	-0.0863379803	0.0068131398	-0.0270044829	0.070473996	0.1055854427	-0.1721005069	-0.076103265	0.0092599052	0.089880542	0.0056151612	0.0243997868	0.04680487	0.1002462515	-0.0064956713	-0.0817558574	-0.0966277473	0.1607773673	0.0542921629	0.0396999762	0.0696626559	0.0419310349	0.0399512271	-0.0997989176	0.0432971928	-0.0492106757	-0.052447913	-0.1037503643	-0.0032279118	0.1632530397	-0.0603633579	0.179346527	-0.0636276815	-0.000118856	-0.1530875655	0.1580300497	-0.0050419972	0.0495754752	-0.0546879015	-0.1024260777	-0.0442970619	-0.0410277	-0.0129095	0.00168327216729	0.00016665519025	-0.0199867	-0.01005144	0.00039946817689	0.0001010314460736	0.0581282	0.0479485999999999	0.0022990682419599	0.0033788876352399	0.000619568	-0.000406062	1.64886347844e-07	3.838645066240001e-07	0.000382676	0.000497656	1.46440920976e-07	2.47661494336e-07	-0.00069546	-0.0001768459999999	3.127450771599997e-08	4.836646115999999e-07	0.0	0.0
60680.03653075919	-28.82084334934916	830.6410113677238	3682066833.37427	99196.05746045524	-632.069673514663	399512.0721769327	9839857815.697935	59607.13080691503	-69.00860343491513	3553010043.032679	4762.187348037381	67029.99095081618	60971.3883931516	1.127561	19.76133	0.13012896	0.0699783	-0.035125745	-0.0542343238	0.0004841907	-0.0805449374	0.0248269886	0.0684564621	-0.0468457956	-0.0156667028	0.0030562007	-0.1616302831	0.0472194212	-0.008236758	0.1147224686	0.0092384796	-0.0858805792	-0.0132136195	0.0528487052	-0.0917967642	0.0186619013	0.0161828948	0.055025535	-0.0503513881	-0.0146292293	-0.0428303542	0.0130805807	0.0439103184	0.1551574139	0.0965359814	-0.1217104731	0.0371460331	-0.03916237	-0.0197774672	-0.0385513848	-0.0396721605	0.0059994627	-0.109862688	-0.0313882366	0.0559402181	-0.0093569275	0.0121999881	-0.0523861288	-0.133986336	0.078801719	0.024292157	0.1125350392	-0.0092521156	0.1308550754	-0.0625975937	-0.0286396903	0.0133554171	0.0058484859	-0.1149195035	-0.0339366627	-0.0630397106	-0.0168228045	-0.0646394456	0.0130393405	0.0007304343	-0.106989245	-0.096675018	-0.051350364	-0.0671072485	0.0930690122	-0.1077471951	-0.0344684325	0.0636613581	-0.0534108922	0.0253637497	0.0305610789	0.0953934597	0.0031432245	0.1116026326	0.0074456973	0.0546655957	0.1149760842	-0.0192487578	-0.0011004131	-0.0118965934	0.0363778327	-0.136656426	0.0718486158	0.1342360376	-0.0422845233	-0.0012793175	-0.0447698551	0.0134772788	0.0109605906	-0.1011525022	-0.024399768	0.0443755251	0.0338759096	-0.0645204933	-0.0007662159	0.1167636602	0.115225117	0.0480202842	-0.1117264945	0.089374195	-0.0750891021	0.0480835316	-0.0575281511	-0.102005852	-0.0380840342	-0.0516434	-0.0106156999999999	0.00266704076356	0.0001126930864899	-0.00198095	0.01800575	3.9241629025e-06	0.0003242070330625	-0.00449231	-0.06262051	0.0039213282726601	2.0180849136100003e-05	0.000965239	0.000345671	1.1948844024099998e-07	9.31686327121e-07	0.000526448	0.000143772	2.77147496704e-07	2.0670387984000005e-08	-0.000983757	-0.000288297	8.311516020900004e-08	9.67777835049e-07	0.0	0.0
60618.019561974375	-62.01696878481744	3846.104417257021	3674544295.615908	99422.0206886574	225.963228202163	51059.38049954279	9884738197.81582	59511.83794308497	-95.29286383006549	3541658855.3640075	9080.7298969354	66633.7713945034	61613.295687505495	1.189059	20.839123	0.11997811	0.0674898	0.131046789	-0.0229672608	-0.017651595	-0.0186775904	0.1224389255	0.0278108262	0.0873183272	0.0820751805	-0.08623066	-0.0419818815	0.0751763282	0.0662792309	-0.0579815719	-0.0244689062	0.0071810624	0.1438331108	-0.0498736432	-0.1349146805	-0.0736552956	-0.0296744323	0.0464944611	-0.0325749238	0.0447647773	0.0240702929	0.0043276834	-0.0064668846	0.0986813988	-0.0719825762	0.0734276796	0.0023391726	0.0612209846	0.0401161595	0.0168174873	0.0189422781	-0.0777149798	0.0131139466	0.0172109385	-0.026103727	-0.0635252447	0.0079525533	0.0117733713	0.0901840687	0.1306560923	-0.0436641735	0.037592088	-0.0445970232	-0.0024924619	0.0433996943	0.0648255018	0.1525093807	-0.0019920946	-0.210432745	0.0477826967	-0.0554643055	0.1023653108	-0.0578041754	0.0080446931	0.1114821421	0.0426180211	0.1144480226	0.0388778862	0.0137583238	0.0305183348	-0.0521056518	-0.1004719495	-0.0448121272	-0.0978876457	0.0315947248	-0.0619822852	0.0909478624	-0.0202000198	0.0576533396	0.0156723483	-0.1322880997	0.0778785201	0.0665439054	-0.1382345783	-0.043301156	-0.0310549187	0.0165690632	-0.0198820052	-0.0629148973	0.0170589063	0.000226798	-0.0060453643	0.0100685151	-0.1100930791	0.0369355343	0.078933982	0.056643496	0.0700218652	-0.0309717508	-0.0613918449	-0.0278074686	-0.0400424915	-0.0581533381	0.0105765763	-0.0352421905	-0.0154372717	0.0465784425	-0.0603054945	-0.1013346856	-0.0317044747	-0.0609349	-0.0092915	0.00371306203801	8.633197225000002e-05	-0.0239813	-0.02200035	0.00057510274969	0.0004840154001225	0.0423382	0.04683051	0.0021930966668601	0.0017925231792399	0.000128124	-0.000837115	7.00761523225e-07	1.6415759376e-08	0.000526448	0.0	2.77147496704e-07	0.0	-0.000983757	0.0	0.0	9.67777835049e-07	0.0	0.0
60616.54455590008	-1.4750060742953792	2.175642919208266	3674365473.89742	99261.40784143518	-160.612847222219	25796.486692827857	9852827086.66373	59513.97647775697	2.138534672005335	3541913396.19501	4.573330543368965	66887.52925890108	60867.14105671208	1.300595	22.793869	0.079315912	0.0514239	-0.0799749214	0.0995801558	0.0374815963	-0.0256069347	-0.0284330455	0.0314692224	0.0361220435	-0.0727821607	0.0602949314	-0.0596525644	0.0194303633	0.1416930533	0.007651176	-0.1057526123	-0.0102312147	0.039153239	-0.1475633675	-0.0360944383	-0.0965013786	0.0082206084	-0.0208203755	0.0011197579	0.0353966525	-0.0657441796	-0.0365638107	-0.0657405659	0.0110161227	0.0104204655	0.0176219618	-0.0218612801	0.001208816	-0.0580257389	0.0095435738	-0.015570577	-0.0340457401	0.0499621961	0.0455595674	0.01549284	0.0274206331	0.0545166378	-0.1103748369	0.0555466929	-0.0162173471	-0.0976413837	0.0983924484	-0.0789263302	0.0575457517	-0.1106240359	0.0177464089	-0.0450598714	-0.1112190063	0.0585750795	0.011116878	0.0294553097	0.2720537444	-0.0052268965	0.0369253435	-0.0836567112	0.050927458	0.0154416884	-0.0863929039	0.0295411973	0.0311882789	0.0321439348	-0.1602712801	0.0234227254	0.0495521058	0.0406449347	0.0028524532	0.1309453137	0.0497160331	0.0398267805	-0.0040667775	-0.043989557	-0.0613379745	0.0035794244	-0.0418196174	-0.0213398376	-0.0269678626	0.0447843367	0.0983895775	0.1271674411	0.0614120907	0.0752365792	0.07808149	-0.0235883726	-0.0955299516	0.0435138355	-0.0181554648	-0.0909138622	0.0365607631	-0.0267701125	-0.0303500598	-0.011097135	-0.1685252058	-0.0242385333	0.0164570351	0.2209945078	0.1188979753	0.0450606192	-0.0630168947	-0.1004142296	-0.0251862796	-0.0557917	0.0051432	0.00311271378889	2.6452506240000007e-05	-0.0209847	0.0029966	0.0004403576340899	8.979611560000012e-06	-0.000530912	-0.042869112	0.0018377607636685	2.8186755174400005e-07	0.000694264	0.00056614	3.2051449960000004e-07	4.82002501696e-07	0.000526448	0.0	2.77147496704e-07	0.0	-0.000983757	0.0	0.0	9.67777835049e-07	0.0	0.0
60656.94707782816	40.40252192808112	1632.3637781490752	3679265228.8024464	99150.15051118829	-111.25733024689544	12378.193533666754	9830752346.39129	59503.15859455708	-10.817883199895732	3540625882.7290115	117.02659692658632	66747.98845466421	60413.92190729252	1.269091	22.241739	0.086311512	0.0460346	-0.0360305166	-0.0544778915	0.0040836001	0.0461404273	0.1222354666	0.0483587085	-0.0300437589	0.0071725427	0.0455447357	0.1036234362	0.0012449851	-0.0668861396	0.0401072656	0.1183788732	0.0061028683	-0.0651789241	-0.0965835909	-0.021616594	-0.1184981816	0.0568038905	0.0020043612	0.0687413741	-0.0877310371	0.1369966388	0.1803375117	0.0847953503	-0.0030102238	-0.0904683874	-0.0817591989	-0.0308887996	0.0067887735	0.0984087905	0.0113939915	-0.1082482976	0.1083433029	0.1098214664	0.0652336536	-0.0098187434	0.0292769176	0.0482073413	0.0312119537	-0.0706292168	0.1023687751	-0.0539585955	-0.0396252387	0.088845649	-0.0844720958	-0.0136704061	0.1087261878	-0.0224194764	-0.1024259218	0.0025662788	-0.001359242	0.0652858182	0.0029445081	0.089953516	0.0184594023	-0.0433157702	-0.0015645775	-0.0296089846	-0.0287432743	-0.0424602759	-0.1225151953	0.0339417853	0.0227397053	-0.0090784778	-0.0694937027	0.0770434549	-0.1199310712	-0.1009519016	-0.0446585792	0.0472740463	0.0327343991	-0.1554702275	0.0959018848	-0.0009683738	0.0003910374	-0.0719840519	-0.0033673907	-0.0356681441	-0.1632130337	0.0479689336	-0.0972931008	-0.0404812052	0.1245451902	-0.072513264	-0.0039496303	0.0321783137	0.1204450403	0.0613186605	-0.0807512115	-0.1045238344	0.0470337126	-0.0985063683	0.0132941479	0.0788742897	-0.0873109121	0.1626476371	0.0372976061	0.0435304769	-0.0656593869	-0.0992467484	-0.0185579513	-0.0688594	-0.0130677	0.00474161696836	0.00017076478329	-0.0271144	-0.0061297	0.00073519068736	3.757322209000002e-05	0.0399792	0.040510112	0.0016410691742525	0.00159833643264	0.000517135	-0.000177129	3.1374682641000024e-08	2.67428608225e-07	0.00046315	-6.329799999999999e-05	2.1450792250000001e-07	4.006636803999999e-09	-0.00127541	-0.000291653	8.506147240900001e-08	1.6266706681e-06	0.0	0.0
60726.9348334351	69.98775560694048	4898.285934896829	3687760614.2642736	99457.91444830249	307.7639371141995	94718.64098803294	9891876746.405855	59594.18064792097	91.02205336389306	3551466367.0970383	8285.014198579396	66918.5252994876	62159.16627304907	1.284553	22.512722	0.125685237	0.0651022	0.107996941	0.0282943799	-0.0285472861	-0.1065367518	-0.010358931	0.0218715215	0.0097842711	0.0319142281	-0.1333379769	-0.0171293559	-0.0601605687	-0.0829849788	0.0007470486	0.0169953931	-0.0410725031	0.0359409651	0.0214264349	0.1143447487	0.0361300102	-0.0683398312	0.0466033848	-0.0005320488	-0.0077361005	-0.0061643934	-0.0798865951	0.0386061507	0.15515482	0.0556377609	-0.082794218	-0.0503570167	-0.121801498	0.0378139176	-0.0342412055	0.0591378773	-0.1132826739	0.0378687523	0.1469795429	0.0161275654	-0.1471741265	0.020308761	-0.0228835712	-0.0278578334	0.049706572	-0.0289687251	-0.038312011	0.104439914	0.0761203095	-0.0266088921	0.078284326	0.0468880497	-0.0065064984	0.1441626526	0.0932252825	0.0175321411	0.0207849186	-0.0182008188	0.0513684215	0.0764191328	-0.0525627628	-0.0269073265	0.0483039738	0.007164713	0.1304450231	0.0545102495	0.0853430021	-0.0082457265	-0.0835695605	-0.0331135791	0.0037558078	0.0383686537	0.0488774479	0.0808295117	-0.0504512495	0.0272750615	0.0628051155	-0.1305484218	0.0043313028	-0.0490882239	-0.012495735	0.0318869815	0.1243839919	0.0801804927	0.1166541512	0.1949002831	-0.0767917423	0.0284367537	-0.0849288141	-0.0180703825	0.050050406	0.0693490565	-0.0290540305	0.0410238913	0.0506092058	-0.0223162145	-0.0040969831	0.0235830389	0.0515236281	0.1291932459	0.0174911467	0.0419884337	-0.0682300815	-0.0978351141	-0.0118484738	-0.0892152999999999	-0.0203558999999999	0.0079593697540899	0.0004143626648099	0.000383587	0.027497987	1.47138986569e-07	0.0007561392890521	-0.0127733	-0.0527525	0.00278282625625	0.00016315719289	0.000819484	0.000302349	9.141491780100003e-08	6.71554026256e-07	0.000526448	6.329799999999999e-05	2.77147496704e-07	4.006636803999999e-09	-0.00113948	0.00013593	1.847696490000001e-08	1.2984146704e-06	0.0	0.0
60514.27350861049	-212.661324824614	45224.83907615998	3661977298.274917	99049.82291666669	-408.0915316358005	166538.69819285357	9810867419.823029	59557.66784365315	-36.51280426781887	3547115798.9749165	1333.1848755000517	66856.08457676806	60679.36764096945	1.325004	23.221647	0.144672487	0.0841094	-0.0797628917	0.0193002058	0.0208103564	-0.121231978	0.191859783	0.0484515181	-0.0050548216	-0.0746558019	0.0132916313	-0.076765601	0.1392190123	0.0746900672	-0.0181922175	0.0665651237	-0.0584120781	-0.0494281018	0.0579809362	-0.0813362685	-0.0684775796	0.1303706742	-0.0563541513	-0.133874991	0.02828478	0.1413491732	0.0050450692	-0.0721934981	0.0194551218	-0.0991373954	-0.0130657458	0.1697095877	0.0908922815	-0.0006653675	-0.075606378	0.0247334409	-0.0083720307	0.0529763462	-0.0669807679	0.0694594918	-0.100082198	0.0368764635	0.1015074354	0.0512659815	0.0259146648	-0.0406579154	0.0057438587	-0.0242904783	0.0533103166	-0.0879956562	-0.0325332862	-0.0554550596	0.0363380138	-0.0209235908	-0.0905736834	0.1136068879	0.1710351803	0.0291683861	0.0154925146	-0.0186914615	0.0122620183	-0.0080664429	-0.095136475	-0.0101871335	-0.0405544551	-0.1752246624	-0.0655314834	-0.1749927455	0.029459562	-0.0010378674	-0.0198074857	-0.094061726	0.0550492632	0.0675560738	-0.0225111632	-0.1608079698	-0.0908667159	-0.0395663227	-0.0646160303	0.0105244215	-0.0674824199	0.0113240978	-0.1333557197	0.0628290051	0.002782759	-0.0084550196	-0.0841481871	0.1725097212	-0.0899096598	-0.0227338261	-0.0402050425	-0.0317698004	-0.0487667311	0.0094214027	-0.0429857189	-0.0852280382	0.1450594123	0.0406963822	-0.0310910183	-0.0115165111	0.0135056082	0.0404349114	-0.0707261675	-0.0961827994	-0.0050871859	-0.100163	-0.0109477000000001	0.010032626569	0.00011985213529	-0.0167934	-0.017176987	0.00028201828356	0.0002950488823981	0.0636146	0.0763879	0.0058351112664099	0.0040468173331599	0.000295916	-0.000523568	2.74123450624e-07	8.7566279056e-08	0.000526448	0.0	2.77147496704e-07	0.0	-0.00141911	-0.0002796299999999	7.819293689999995e-08	2.0138731921e-06	0.0	0.0
60447.65406267394	-66.61944593655062	4438.150576892991	3653918881.680701	99328.79224537036	278.9693287036789	77823.88635738126	9866208968.923948	59524.40433319344	-33.26351045971387	3543154711.221497	1106.461128103494	66896.15800819224	61309.04095779619	1.485545	26.035248	0.10970025	0.0720245	0.1525371146	0.0129743356	0.1675407305	-0.0185401363	-0.037719369	0.0161925079	-0.0341646296	0.0306184377	-0.1472727831	0.0415850678	-0.0337366862	0.1032620733	-0.0104874109	-0.0630229827	0.0501098198	-0.0068510499	0.0147639808	0.0433461387	-0.0256923857	0.0173860091	0.0948133622	0.0344671539	0.0569079723	-0.0195944476	-0.0808434888	0.0536595326	0.033572748	0.1209858535	0.0056242097	-0.1040186787	-0.0222889485	0.049079406	-0.0376878659	0.1144523243	-0.1387811948	0.0244774925	-0.1647261606	-0.0449712422	0.0596593055	0.1043964788	0.0587156932	0.0021852631	0.1250625749	0.0684586704	0.0096257632	-0.0283575348	-0.0156678256	0.178029457	0.0790905175	0.0071385376	-0.0728719255	0.0138471919	-0.0506015619	-0.0124133821	-0.073936154	0.0202447256	0.00991658	-0.0971629249	-0.0517425054	-0.0494988054	0.0857911329	0.0589186796	0.0744338299	0.0480513009	0.0142916065	-0.0335448307	-0.074237336	0.1356064317	0.0669529829	0.124431386	0.056380116	-0.0515524613	0.0074237223	-0.0176656175	0.005032335	0.0651221394	-0.1371761693	-0.0562256925	0.0698456028	0.0329441986	-0.0032049684	0.0098947754	0.0339186825	0.0905929525	0.0448603682	-0.0384662667	0.0954068258	0.0337965155	0.0726825813	0.0484827563	-0.036580212	0.0658884697	-0.0185985211	0.0660762563	-0.063636867	0.1154545806	-0.0494180092	-0.1750164222	-0.1483457698	0.0388703345	-0.0731449155	-0.094293869	0.0016963469	-0.106436	-0.006273	0.011328622096	3.935052900000001e-05	-0.00439701	0.01239639	1.93336969401e-05	0.0001536704850321	-0.00295836	-0.0665729599999999	0.0044319590031615	8.751893889600001e-06	0.0007850739999999	0.0004891579999999	2.3927554896390217e-07	6.16341185475843e-07	0.000526448	0.0	2.77147496704e-07	0.0	-0.00141911	0.0	0.0	2.0138731921e-06	0.0	0.0
60742.099018639776	294.44495596583874	86697.83209372472	3689602593.19024	99086.7546175733	-242.0376277970645	58582.21326963032	9818184940.643185	59568.5866638688	44.18233067536494	3548416517.130848	1952.0783439072936	66646.31450375689	60092.75789334581	1.639767	28.738108	0.10758695	0.0517858	-0.0962626305	0.0523112619	0.0060006385	0.1989275735	0.1208563574	-0.0235976278	0.1228811574	0.0006426691	0.1571417678	0.0991906045	-0.0232435851	0.1084668698	0.1780792176	-0.0242668272	-0.0166411986	0.1322447308	-0.0226189841	-0.0045555679	-0.0701414325	-0.0473516677	-0.1494024616	0.0250761459	0.0405483643	-0.0771694243	0.0380966129	-0.0833311081	-0.0983567567	-0.0164712268	0.0491328542	0.03187717	0.1068548303	-0.0041661498	0.0158839296	0.0846032386	-0.0407181308	-0.0923516093	-0.0237360365	-0.0495542221	-0.0072499712	0.0120018009	0.0309367371	-0.0888171544	-0.0098001713	-0.0868639039	-0.2116650333	0.0126346972	0.068841198	-0.0701798504	-0.040223177	0.0264004215	-0.0256023353	0.1749445851	-0.0478038284	-0.013641409	-0.0219834985	0.0163542902	-0.0036484901	-0.1136821856	-0.0683183317	0.1554070454	-0.0279297651	-0.0403650584	-0.025602888	0.0339617467	-0.0771275299	0.0658799274	0.1078626113	-0.1397184624	-0.1474486767	-0.0229047229	0.0516145488	-0.0938719672	-0.039480238	-0.0571073362	-0.1694472645	0.0046093667	0.0168717486	-0.0172067244	-0.032177738	-0.0224433834	0.135227363	-0.1144344742	-0.006615096	0.0505052619	-0.0609674692	0.0334649115	0.0691308088	-0.0515257068	0.1309582874	-0.0200609667	-0.0040986324	0.0089128962	-0.0796867012	-0.0718914993	0.0595017083	0.0250920803	0.0806184724	0.0031046738	-0.0373556013	0.0372951309	-0.0754836805	-0.0921729699	0.0084724621	-0.106477	-4.099999999999937e-05	0.011337351529	1.6809999999999482e-09	-0.0315352	-0.02713819	0.00099446883904	0.000736481356476	0.0160905	0.01904886	0.0003628590672996	0.00025890419025	0.0013932	0.0006081260000001	3.698172318761217e-07	1.94100624e-06	0.00100855	0.000482102	1.0171731025e-06	2.32422338404e-07	-0.00128216	0.0001369499999999	1.8755302499999957e-08	1.6439342656000002e-06	1.0	0.0
60800.64509792953	58.54607928975747	3427.643400202569	3696718444.324383	98798.3956223476	-288.35899522570253	83150.91012757673	9761122977.549911	59562.52134313662	-6.065320732181135	3547693948.751605	36.788115584226304	66878.56386073194	61707.42048298619	1.399655	24.529972	0.19204455	0.0815652999999999	-0.0225291366	-0.0292629206	-0.0476638146	-0.109204036	-0.0391542053	-0.0396361927	-0.0897631473	0.0520650403	0.0089511038	-0.0507742574	-0.0797409667	-0.0885403978	0.0567726459	0.0386795672	0.0084465176	-0.0637369177	0.1028064124	0.0788771425	-0.0736008551	-0.0850328826	-0.0242078732	-0.0340446654	0.0898567609	0.0645831231	-0.0276539731	-0.0146596439	0.0484626973	-0.096659922	0.078879432	-0.0701629031	-0.0534726419	-0.1436771674	0.0913502692	-0.090860797	0.0708903132	0.0046471635	-0.0845571865	-0.130530021	-0.0517510943	-0.0303183577	0.0119533658	0.0432354512	0.02360176	-0.0709194848	-0.0013230319	0.0225110591	0.0687312098	0.0039504037	-0.0445475081	0.0394569158	-0.0766817455	0.0099199722	-0.0052374514	0.0157954076	-0.1569747192	-0.1311167032	0.0046880289	0.1276440397	-0.0924185884	-0.0879065026	0.0590086257	-0.0950151921	0.0469104413	0.0540292956	0.0168493354	-0.0656843642	0.0266999203	-0.0735322266	-0.0331057214	-0.0716220102	-0.0047922092	0.0116084546	-0.0937319526	0.0303544796	-0.0073722999	0.05258262	-0.1352545598	0.2208035032	0.0122270084	0.0560797478	-0.0327397875	-0.0590405029	0.0834167662	-0.0536300738	0.1198278904	-0.005843905	0.0172599285	0.0312129817	0.094756482	0.09191999	0.0506588035	0.072746937	-0.0551543862	0.069539117	-0.0162448627	0.0003325937	0.0441477502	-0.0253839444	0.0179096894	0.0357097311	-0.0777399053	-0.0898253196	0.0152115293	-0.128249	-0.021772	0.016447806001	0.000474019984	0.0147309	0.0462661	0.00021699941481	0.00214055200921	-0.0237797	-0.0398702	0.00158963284804	0.00056547413209	0.000722546	-0.000670654	4.49776787716e-07	5.22072722116e-07	0.000549839	-0.000458711	3.02322925921e-07	2.10415781521e-07	-0.00183552	-0.0005533599999999	3.062072895999999e-07	3.3691336704e-06	0.0	0.0
60647.66949296348	-152.97560496605	23401.535714728987	3678139814.927733	99650.30164930556	851.9060269579641	725743.8787673034	9930182618.79759	59562.5983826188	0.0770394821811351	3547703126.089144	0.0059350818147374	66956.65348423323	61344.09533668504	1.220428	21.388876	0.1652231499999999	0.0761253999999999	-0.0432950979	0.027311117	-0.0306052504	-0.0650909162	0.0426997527	-0.1013141122	0.0140142437	-0.1772586007	-0.0669624206	-0.0729123074	0.1180585786	-0.0194459577	0.0056241123	-0.0277658459	-0.0641070612	-0.0440101015	-0.003507368	-0.0601204628	0.119376755	0.0495716422	0.0946310686	0.0172516835	0.0242912411	-0.1305926277	-0.044752467	-0.0370089992	0.0579292689	0.0317133036	-0.1040477458	-0.107559617	0.0834036392	0.1425246822	0.0221510967	0.0009910783	0.0417723517	-0.0400511046	0.0307390175	-0.0135001801	-0.1007107995	-0.1232914642	0.2285905061	-0.0613436001	-0.0561599784	-0.0341597042	0.0990375236	0.049335461	0.1085208012	-0.1274422195	0.0015655659	0.0415200407	-0.0561151439	0.0445265516	-0.0521601026	-0.1068317286	-0.1044730675	0.0138960639	0.0239112961	0.0455619982	-0.123952866	-0.0143616891	-0.0976634525	0.1279309989	0.057015034	-0.064991372	0.0342129192	-0.0347023782	-0.0313873519	0.0076355889	-0.0268855896	0.1212702392	-0.1036774565	-0.0109109423	-0.0753935866	0.1513602345	-0.0086003341	-0.0843235476	-0.0294553015	-0.0683185932	0.1782679458	-0.1149677725	0.0478630728	0.0488988364	0.0561599725	-0.0654597128	0.1028880422	0.0331741683	-0.0683588142	0.0786773657	0.0045915122	0.0587322673	-0.0387607082	0.0095351206	0.0750437852	-0.1045556289	0.092075657	-0.1482305636	0.0051236637	-0.0347661711	-0.1175451058	0.0341145687	-0.0799111227	-0.0872566935	0.0218840804	-0.100598	0.0276509999999999	0.010119957604	0.0007645778009999	-0.0302469	-0.0449778	0.00091487495961	0.00202300249284	0.0124824	0.0362621	0.0013149398964099	0.0001558103097599	0.00103948	0.0003169339999999	1.0044716035599996e-07	1.0805186704e-06	0.000482888	-6.695099999999999e-05	2.33180820544e-07	4.482436400999999e-09	-0.00109276	0.00074276	5.516924176000001e-07	1.1941244176e-06	0.0	0.0
60517.321673989965	-130.34781897351786	16990.553911152983	3662346222.593176	98436.10471522957	-1214.196934075997	1474274.194719551	9689666711.50764	59427.4490371578	-135.14934546100267	3531621699.0639877	18265.345578537443	66778.68314565781	60953.87811382358	1.25283	21.956745	0.0806571499999999	0.0461127	-0.0094248393	-0.0952664664	0.1037520471	-0.0053948871	-0.1013846998	-0.0403450869	-0.1426490674	0.081778774	-0.0265132509	0.0558853081	-0.0098126789	0.1312909137	0.0156242422	-0.0073823127	0.1106375818	-0.072232444	0.0300475103	-0.007686771	-0.0781665451	0.0099861708	-0.0107475719	-0.082654113	-0.040075491	-0.0394905395	0.0507047492	0.0230096985	-0.0008554524	0.1111576162	0.0680981227	0.0711317563	-0.0541629795	-0.143406657	-0.0763851892	-0.0024509851	0.0167071883	0.1593966765	0.1516444805	0.0785115028	-0.0858482861	-0.0925083307	-0.0440974948	-0.0256449338	-0.0583344664	-0.0121682597	-0.0562565959	0.1180389208	0.0420915076	0.1683211348	-0.0999544039	0.0093341159	-0.0507129883	0.0709548588	0.0288863349	-0.0458309365	0.0193643203	-0.0564270885	0.0107909631	-0.0220998352	0.1446302239	-0.1102030476	0.0880409707	-0.0465079817	-0.0699220711	0.0271430863	-0.06229541	-0.0602769757	0.0570632737	0.0226717991	-0.0225291708	0.0030542443	0.0089221946	-0.0672842903	0.1162478243	0.0122870592	0.067750169	0.1006124085	0.0205307408	0.008642482	-0.126431513	-0.0257831555	0.1290648759	-0.0003853313	0.0480019324	-0.0064822224	-0.0317311632	0.0258324644	-0.1765955683	0.006116366	0.0279872712	0.088400457	0.0339596735	-0.1167626383	0.0402855472	0.0407858383	-0.0293781438	0.0852628112	-0.0041442365	-0.0922240966	0.0801075236	0.0325100797	-0.0819949584	-0.0844734105	0.0284609379	-0.120693	-0.0200949999999999	0.0145668002489999	0.0004038090249999	-0.0136601	0.0165868	0.0001865983320099	0.0002751219342399	0.0119571	-0.0005252999999999	2.7594008999999934e-07	0.00014297224041	0.00109877	5.929000000000004e-05	3.5153041000000043e-09	1.2072955129e-06	0.000549839	6.695099999999999e-05	3.02322925921e-07	4.482436400999999e-09	-0.00183552	-0.00074276	5.516924176000001e-07	3.3691336704e-06	0.0	0.0
60595.80224881079	78.48057482082368	6159.200624206903	3671851250.176983	99264.17908468364	828.0743694540724	685707.1613467596	9853377249.356144	59481.16543856534	53.7164014075388	3538009041.92998	2885.451780175836	66769.25667454836	61136.00459561518	1.195975	20.960337	0.1771424499999999	0.0892397999999999	0.0115442505	0.0799447581	0.0233472758	0.0379088438	-0.0493141069	-0.0040001035	0.0492489829	-0.0611655918	-0.0301377038	0.1015065259	0.0688993113	0.0654902798	0.029251698	-0.0168463492	0.084579176	-0.0081912698	-0.0170008926	-0.06366502	0.1510038768	-0.0553674617	-0.0666359484	0.0735335395	-0.1706965434	0.0574439294	-0.0405294723	-0.0205231057	0.0786900207	-0.0622893376	0.0023425365	-0.0377652323	0.0892851319	0.046571214	-0.0629996589	0.0528965021	-0.0253328205	0.096573771	0.0097588113	-0.0467533262	0.0398745499	-0.0375132253	-0.1099460334	0.0231594029	-0.0153311451	-0.0100147463	0.0922697932	-0.0096138961	-0.0534608791	-0.0609185855	-0.0427503647	-0.0157080814	0.0896530543	-0.1236175826	-0.0738647468	0.1071093664	0.0155980869	0.0152586459	-0.0473115717	-0.0164187324	-0.050941962	0.0334048181	0.0208519734	0.1586352669	-0.0448938336	-0.0332703912	-0.0219802219	0.1093141558	0.078281919	-0.015345191	-0.0693625166	-0.0645279764	-0.0864303429	0.0763796044	0.0841023687	-0.0019838017	0.033416016	-0.0687547389	-0.0494372704	-0.083745285	-0.0520731249	0.1476962089	0.0163237316	-0.0071854908	0.0240042451	0.000564045	-0.0008598892	-0.0050367566	-0.0220509588	-0.0440274549	-0.0661894702	0.0217431511	0.0632295312	0.0111004255	0.106246901	-0.0093592206	0.0032611511	-0.0482975164	-0.104287279	-0.1077113281	-0.0181600162	0.0308967027	-0.0839891338	-0.0814823178	0.034913343	-0.0840001999999999	0.0366928	0.0070560336000399	0.00134636157184	-0.0380634	-0.0244032999999999	0.0014488224195599	0.0005955210508899	0.0725829	0.0606258	0.00367548762564	0.00526827737241	0.000937099	-0.0001616709999999	2.6137512240999983e-08	8.78154535801e-07	0.000549839	0.0	3.02322925921e-07	0.0	-0.00088878	0.00094674	8.963166275999999e-07	7.899298884e-07	0.0	0.0
60409.09019980083	-186.7120490099624	34861.38924549858	3649258178.767672	98394.55278862848	-869.626296055154	756249.8947906062	9681488018.474195	59404.462406379134	-76.70303218620393	3528890153.790912	5883.355146557836	66762.13271756521	60351.762543697965	1.241712	21.761902	0.13255057	0.0681571	-0.061043174	-0.0822058647	0.1356536489	-0.0956170312	-0.0446930897	-0.0382104315	-0.1472052651	0.0427135621	-0.0230463608	0.0051885708	-0.0427556753	0.0512297557	0.0255873588	0.0319295269	0.109798033	-0.0500000965	-0.0076277528	-0.0593784665	-0.0005931338	-0.0174216214	0.023664291	-0.0535369887	-0.0468246099	-0.0165313767	-0.0788757651	0.1177932019	0.0327813935	-0.0200488631	0.0187233394	0.0975489637	0.0944093192	0.067889074	0.0254587917	0.0826192605	0.1520924374	-0.0168222612	-0.0460269689	0.0153683854	0.0392309381	6.84582e-05	0.1163055345	-0.1323780867	-0.0280730974	-0.0289039442	-0.0429869669	0.0122118795	-0.0402484186	0.1087902256	0.0761150893	-0.0802885452	0.0591511624	-0.0236739045	-0.0094344844	0.0158688442	-0.0055969703	0.0384113917	0.0893185037	-0.0426869455	-0.0278105653	-0.0933794574	0.0698151062	0.0015028348	-0.0276597988	0.0565017909	-0.0831180324	-0.0429820452	0.0335763654	-0.0336961942	-0.0186975222	-0.0683194807	-0.0524014668	0.0500385399	-0.0087058047	0.0581196123	0.059253161	0.098308149	0.0360002163	-0.1241741031	-0.0403097482	-0.0898628989	-0.044573123	-0.0488291667	-0.1508281306	-0.0130774819	0.0611349865	0.1807859103	0.1162247749	0.1093964126	0.0073071957	0.0109867046	0.0134238037	0.0080682065	0.0142165011	-0.0626503156	-0.0312316237	0.0453927725	-0.0253276203	-0.048132367	-0.0321250546	0.0292748789	-0.0858914684	-0.0782907735	0.041213081	-0.111531	-0.0275308000000001	0.012439163961	0.00075794494864	0.00071437	0.0387777699999999	5.103244969e-07	0.0015037154461728	0.0299518	-0.0426311	0.00181741068721	0.00089711032324	0.000925551	-1.1548000000000004e-05	1.333563040000001e-10	8.566446536010001e-07	0.000549839	0.0	3.02322925921e-07	0.0	-0.00134945	-0.00046067	2.1221684890000007e-07	1.8210153025e-06	0.0	0.0
60470.769290220254	61.67909041942767	3804.3101949679335	3656713938.551045	99348.81923948688	954.2664508583983	910624.4592338842	9870187884.28024	59456.99308335486	52.5306769757226	3535134026.514107	2759.4720235277123	66777.19221256279	60812.35168960886	1.203849	21.09833	0.10332052	0.0465258	0.0226209351	0.1080111136	0.1337642382	0.0164268063	-0.0249876768	-0.0320203869	0.0522670732	-0.076377405	-0.0606246732	0.0974824174	0.0203085124	0.033087001	0.0782110873	-0.0497637058	0.0927175275	0.0182195814	0.0042855014	-0.0086885503	0.149552225	0.0328877682	-0.0386682283	-0.055399692	-0.0948096542	-0.1498613611	-0.085703121	-0.0922290111	-0.0633095412	-0.0565009642	-0.0786845376	-0.0143203505	0.0707610083	-0.0933174187	0.1194766325	0.0786663688	0.0260648892	-0.032145858	-0.0418666609	0.0307847371	-0.0221815794	-0.0120189079	0.0037455327	-0.0580609955	0.0794316181	0.0214650659	0.0208906232	0.0151389887	-0.0081757258	0.1756796107	0.1257129445	0.0735988331	0.0830907302	-0.0404402868	0.1074104303	-0.0067941708	0.0732970866	-0.0184683592	-0.0853420331	-0.0081039629	-0.0129403666	0.0108343616	0.0232133279	0.1447555882	0.0061843645	-0.0117526546	-0.0360448247	0.0298882791	0.0936215984	0.0211411239	-0.0081970903	-0.0588961494	0.0282505867	0.0273733709	0.0056204668	0.1463796701	-0.0444731642	-0.0437905745	0.1481248746	0.0269374511	0.0154934115	0.0746242682	-0.0921077316	-0.1746934242	0.0203294493	-0.0112519491	-0.0288354603	0.0035281633	-0.0439067631	-0.0566513325	0.0251000674	0.0260578214	0.1038417677	0.0511960748	-0.0576013446	0.0437229832	0.0841603109	0.0863156167	-0.0084609244	-0.0497151104	-0.0449539561	0.0276450517	-0.0876998819	-0.074906629	0.0473326046	-0.09773	0.013801	0.0095511529	0.000190467601	-0.0135455	-0.01425987	0.00018348057025	0.0002033438924169	0.0617101	0.0317582999999999	0.0010085896188899	0.0038081364420099	0.0013017	0.000376149	1.4148807020099998e-07	1.69442289e-06	0.000912977	0.000363138	8.335270025290001e-07	1.3186920704400006e-07	-0.00121871	0.00013074	1.7092947600000016e-08	1.4852540641e-06	0.0	0.0
60471.67180342894	0.9025132086826488	0.8145300918466505	3656823090.701623	98525.52329282407	-823.295946662809	677816.2157914109	9707278740.12482	59601.36301491477	144.36993155991513	3552322473.2356505	20842.677138614577	66777.48784708157	59579.62266531939	1.287575	22.565689	0.08253544	0.0399501	-0.0866419822	-0.0583717293	0.1167755226	0.01470725	0.1031272613	0.0657958602	-0.0560510554	0.1024225238	0.1012579695	-0.0571983283	0.0204559864	0.0957351652	0.0355383883	0.0707918427	-0.0993987699	-0.0548145479	-0.0171102651	-0.0148718285	-0.1887680696	0.1330953882	-0.0548511711	-0.0924595471	-0.0418139862	-0.0095780648	-0.0594822512	0.0312885951	0.0011972302	-0.031350614	0.0259941702	0.1072406479	-0.030859821	0.0347894969	0.0115935217	0.0456446086	0.0451510836	-0.1262896809	-0.0117224824	-0.1263378809	-0.1139280431	0.0835781147	0.138548974	-0.1148895131	-0.0101489413	0.0135705555	0.1205893072	0.0072490953	-0.0488789803	0.0724266372	-0.0911840982	-0.0654042591	0.1403850666	0.0789120436	0.0221057959	0.1136556913	-0.0201757805	0.0166224214	-0.0551758424	0.0731613764	0.0598021724	-0.0214912788	-0.0550752641	-0.1908555174	-0.0390371147	-0.0058988073	-0.0759834666	-0.1019687181	0.0340410696	0.1552908614	0.0034780788	-0.0612463993	0.0705530509	0.0135187496	0.010020847	-0.0734745802	0.0470648204	-0.0213570097	0.071412013	-0.0168070498	0.0281174479	-0.0843959958	0.0047196529	0.0190052985	-0.0273584252	-0.0987320212	-0.040395397	0.0773759996	0.056436257	0.0826567595	0.0783780566	-0.0117817153	-0.0217036058	0.1896809612	0.0215694986	-0.0844954864	0.1354505011	0.1711149089	-0.0490682661	0.0501867884	-0.0103406651	0.0260076665	-0.0894123968	-0.0713382097	0.0532451548	-0.118057	-0.0203269999999999	0.0139374552489999	0.0004131869289999	-0.00996076	0.0035847399999999	9.92167397776e-05	1.2850360867599995e-05	0.0645838	0.0028737	8.258151689999999e-06	0.0041710672224399	0.0007917879999999	-0.0005099120000001	2.60010247744102e-07	6.269282369438416e-07	0.000731279	-0.000181698	5.34768975841e-07	3.3014163204e-08	-0.0016421	-0.00042339	1.7925909210000007e-07	2.69649241e-06	0.0	0.0
60750.61449460142	278.9426911724804	77809.02495854578	3690637161.471676	99766.49371865355	1240.9704258294803	1540007.5977834023	9953353268.91414	59569.29798069473	-32.0650342200388	3548501261.9128017	1028.166419532259	66818.22618782404	61684.23497344226	1.394862	24.445965	0.0903310399999999	0.0472998	0.1315958322	0.0428292877	-0.0163446198	0.0801300347	-0.0120111492	0.0599991037	0.1009346354	0.064051243	-0.0600066849	0.0826965016	-0.0445911316	-0.1162868608	0.0441270175	8.1637e-05	0.0212610812	0.1022102407	0.0900781427	0.0718461664	-0.0054073946	-0.0226080272	0.0732976563	0.1100174077	0.0443956089	0.0734349436	-0.0565873014	0.0575704258	0.0479814948	-0.1241128987	-0.0954434227	0.047405155	0.0167999267	-0.1004115616	-0.0357067788	-0.0969964393	-0.0633791953	0.0895444139	-0.063192219	-0.0273937222	-0.0259930923	-0.2192063497	0.1204331056	-0.072640834	0.0367284299	-0.0379600847	0.0254347035	0.0138852728	0.0670145571	0.0210265274	0.0715783367	-0.0079412835	-0.0480473671	0.0023759685	0.1097973798	0.1159867753	0.0155829346	0.1077381237	-0.0506334875	-0.0112601856	0.0380079396	0.0558437046	0.1022046529	0.0163709294	0.0592419748	-0.0106779714	0.09852179	0.1002187784	-0.0405468799	0.0178711027	-0.023233889	0.0057739329	0.0258559435	0.0495048532	-0.127300996	-0.0038193034	-0.0707588173	0.0154073537	-0.0394547414	0.041214443	-0.0824364872	0.0278415678	-0.1205997486	0.2069015177	0.0058642734	0.0100085649	0.0220442767	-0.0217942897	0.0553867919	-0.0299762767	0.0422442273	0.1392429294	-0.0203198115	-0.0362816926	0.0323912558	-0.1189869692	0.0928405488	-0.098176606	0.0461833523	0.0179242731	-0.0392943893	0.0243631711	-0.0910271406	-0.0675942939	0.0589248775	-0.123892	-0.005835	0.015349227664	3.404722500000008e-05	-0.0370945	-0.02713374	0.00137600193025	0.0007362398463876	0.0299506	-0.0346331999999999	0.0011994585422399	0.00089703844036	0.00114596	0.000354172	1.2543780558407077e-07	1.3132243215999998e-06	0.000669139	-6.214000000000003e-05	4.47747001321e-07	3.861379600000003e-09	-0.00160383	3.826999999999997e-05	1.4645928999999976e-09	2.5722706689000003e-06	0.0	0.0
60631.93057968188	-118.68391491953662	14085.871660627809	3676231005.819362	98755.02053192515	-1011.473186728399	1023078.0074705028	9752554080.26096	59585.272384265234	15.974403570500726	3550404685.107081	255.18156943322637	66731.99694563149	60757.12222444631	1.349301	23.647474	0.1451631499999999	0.0659788	-0.0942147253	0.0239928203	-0.0855510782	0.0573730654	0.0543525821	0.0254770214	0.0464906272	-0.0226142553	0.1748683201	-0.0804326295	0.0120849744	0.0180054494	-0.0442103033	-0.1004907571	-0.1125774425	-0.0110648016	-0.0499149971	-0.0107043797	-0.0292540546	0.0255736145	0.0645243725	-0.1203468681	0.0049730957	0.074548612	0.0331116095	-0.0318894183	-0.0813403488	-0.0788407823	-0.0898628477	-0.0355541568	0.1462118988	-0.0564993754	-0.0588220557	-0.0262473244	0.0647252887	0.01220619	0.068491202	-0.0278955503	0.0079014621	0.033721713	-0.0748285019	-0.0079343176	-0.0802766302	0.0055855112	-0.0318175952	-0.0701179954	0.0141294973	0.0337448566	-0.0011763513	-0.0760310859	-0.0980816279	0.1077631859	0.1118952634	-0.0028789392	-0.0722562154	-0.0106834646	0.0540861543	-0.0149159399	-0.0505817782	0.0773830892	-0.1378780548	-0.0961601926	-0.0488649547	-0.0064230429	-0.0105746348	-0.058884047	-0.0529478407	-0.0287567318	-0.0480938469	-0.0702286358	0.0287069037	-0.0113603497	0.0157941886	0.0744965668	-0.0792252652	0.0374591609	0.0150417719	-0.0286033218	0.1042711576	0.0621375443	-0.0973600147	0.0403788197	-0.0652480583	-0.0766920893	-0.0787984555	0.0707448225	0.0050965969	0.0465156432	0.0559962855	0.0005247579	0.0925119963	-0.0428146014	0.0129148975	0.0529998569	-0.0463064133	0.0089092784	0.0779987627	0.0257557639	-0.0427487705	0.0227120151	-0.0925423476	-0.063684092	0.0643469367	-0.155026	-0.0311339999999999	0.0240330606759999	0.0009693259559999	-0.0298896	0.0072049	0.0008933881881599	5.191058401000005e-05	0.0729686999999999	0.0430180999999999	0.0018505569276099	0.0053244311796899	0.000799408	-0.0003465519999999	1.200982887039999e-07	6.39053150464e-07	0.00104535	0.000376211	1.0927566225e-06	1.41534716521e-07	-0.00215719	-0.0005533599999999	3.0620728959999965e-07	4.653468696099999e-06	0.0	0.0
60668.695874501085	36.76529481920443	1351.68690314302	3680690659.112705	98992.2305350598	237.210003134649	56268.5855871402	9799461706.306429	59541.52674247805	-43.7456417871872	3545193406.825228	1913.681175372899	66778.59233863618	61353.34555002181	1.2868	22.552094	0.0829373499999999	0.0411866	0.0367115453	-0.135264112	-0.0318739573	0.0647318759	-0.1151208615	0.0583255337	-0.0509784947	0.0994836935	0.019785251	0.0310125018	0.059615611	-0.1187245797	-0.135399046	-0.1554003623	0.0249907973	-0.0282779682	0.148788654	0.0165278495	0.1350235878	0.0152877793	0.0014342809	0.1032460616	0.1042793581	0.1219069772	-0.0079709996	-0.0022392508	0.0098292683	0.1207819656	0.0149367326	-0.0314167672	-0.0694808985	-0.0643333512	-0.1229050425	0.0117495666	0.1100346241	0.0684179145	-0.1144156627	0.0561981178	0.0885734733	-0.0145930524	-0.1629025483	-0.0101789637	-0.0272216287	0.0186027753	-0.0465259436	-0.0545989002	0.0056965864	-0.0196868015	-0.047149893	0.0885838819	0.0655914855	-0.0040719766	-0.0578088795	-0.1349216571	-0.2154821775	-0.0023732122	0.0770302305	-0.0913162653	0.0447208531	-0.0368944475	0.1036814773	-0.0651048955	-0.058289813	-0.0693805414	0.1417531485	0.0540251693	0.0324184998	-0.0505699152	0.1752841328	0.0641265903	-0.1045622257	0.0595893477	0.0267857575	0.0017943786	-0.0476290451	0.0638077532	0.0246351002	0.0146780226	-0.0410280724	0.0915133193	0.0937801454	0.0078807454	-0.0345765245	-0.044895291	0.0144662875	0.0083724621	0.1054881019	-0.0895905516	-0.02695776	-0.072065302	0.0593917776	-0.0495307298	0.0811529141	0.1515366009	0.0371554543	-0.062101361	0.0586333532	-0.022575168	0.0204698993	0.0210546499	-0.0939563609	-0.0596172234	0.0694876231	-0.155002	2.3999999999996247e-05	0.024025620004	5.759999999998199e-10	-0.0347247	-0.0048350999999999	0.0012058047900899	2.3378192009999984e-05	0.0545271	-0.0184415999999999	0.0003400926105599	0.00297320463441	0.00138547	0.0005860619999999	3.434686678439999e-07	1.9195271209e-06	0.0007524689999999	-0.0002928810000001	5.662095959608496e-07	8.577928016105859e-08	-0.0018434	0.0003137899999999	9.846416409999986e-08	3.39812356e-06	0.0	0.0
60645.4774258061	-23.218448694984545	539.0963598016295	3677873932.2039576	99766.02058015046	773.79004509066	598751.0338814056	9953258862.399006	59533.599258296745	-7.927484181302134	3544249440.6474705	62.84500544479557	66659.72403850048	61441.824094160416	1.273999	22.327759	0.10654085	0.0473907	0.0731667845	0.0880225093	-0.0407649761	0.0382127635	0.0255160349	0.0324454052	0.1103999235	0.0250933756	-0.0292685553	0.0834293923	-0.1143556761	-0.075935835	0.0252362726	0.0023203562	0.0041878383	0.1041557572	-0.1206494705	0.0947842896	0.0242224748	-0.0106336129	0.1398771581	-0.0400093908	-0.0009593205	0.0515478717	-0.0798057896	-0.0111944555	0.0337887511	0.0379380845	0.1252799586	-0.0056743746	0.0494018644	0.1146366339	-0.0335552077	-0.1137263572	0.0980897991	0.0661596802	0.0901316596	0.0374694391	0.0900851191	-0.0361736793	0.0156818088	-0.1056807158	-0.0618410041	-0.1378784884	-0.0466127016	0.113436275	-0.0684494475	-0.0958306556	-0.0936457761	-0.0964984237	0.0247500942	0.0025426926	-0.0774407337	-0.0166454458	-0.0847858102	-0.0524037811	0.0576507882	0.0224004588	-0.1017158493	0.1322491593	0.0400088608	0.0315683694	0.025640091	0.1319732294	0.0418844807	-0.0961464243	-0.0980401656	-0.0266667958	-0.0360970935	-0.1341547068	-0.0389356792	0.0956162881	0.0191382419	-0.0060228468	-0.0134657186	-0.0677649035	-0.0365005053	-0.12472914	-0.0353946934	-0.0786218633	0.1598516841	-0.0430160566	-0.0493221473	-0.0765507969	0.0629695788	0.0241145128	0.0835953051	0.0071708109	0.0640592951	0.0405962537	-0.0494027841	-0.1579593551	0.1404899164	0.0450071966	-0.062467508	-0.0234486933	0.0662015523	0.0243465656	0.0459675493	0.0193915285	-0.0952676342	-0.0554036926	0.0743244578	-0.121709	0.033293	0.0148130806809999	0.001108423849	-0.0136214	0.0211033	0.00018554253796	0.0004453492708899	0.068808	0.0142808999999999	0.0002039441048099	0.0047345408639999	0.00118651	-0.0001989599999999	3.958508159999999e-08	1.4078059801e-06	0.000570276	-0.0001821929999999	3.25214716176e-07	3.3194289248963566e-08	-0.00146728	0.0003761199999999	1.4146625439999998e-07	2.1529105984e-06	0.0	0.0
60806.69271125068	161.21528544458124	25990.368260977808	3697453878.480467	99144.41428554204	-621.6062946084276	386394.3854968192	9829614884.023191	59617.15372788611	83.55446958936227	3554205018.614404	6981.349388359665	66920.5750212654	61175.83405228091	1.255887	22.010326	0.0868394	0.0518959	-0.0648519669	0.0143708582	-0.1059181695	0.044334175	-0.086267915	0.0949651512	-0.0016007394	-0.0621785247	0.1115672496	-0.0198524783	-0.0545309774	-0.1271651585	-0.0663807188	-0.1208692237	-0.1015421043	-0.0087727604	-0.1081367053	0.0176040132	0.0319667122	-0.0608245972	0.0580843092	0.0461267883	-0.017118724	0.0544984152	0.020834518	-0.0528753866	0.190111294	0.0128106153	-0.1774758594	-0.0122903003	0.0460900756	0.1373860644	-0.0070837036	0.0963033782	0.0202842679	0.0453822205	-0.1231524153	0.049660748	0.0133106123	-0.045677329	-0.0214807798	0.0102332833	-0.0393120023	0.1346782369	0.0164884463	-0.0837840104	-0.1299575253	0.1335174366	0.0808254292	0.0655104316	0.020496898	-0.0181746747	-0.0891438254	-0.1208160728	0.0331732168	-0.093373978	-0.0809374288	0.0251419213	0.0524210473	0.0064383856	-0.1017491054	-0.0268852124	0.0010794616	0.0759354996	0.0643086599	0.1038837938	-0.077317897	-0.0585474533	0.0289338251	0.1031180749	-0.0387999193	0.1380081829	-0.0340037106	0.0163666301	0.0224449924	-0.0701072241	0.0158435904	-0.0854256659	0.0771115643	-0.0491067711	-0.1236084343	0.0327186251	-0.0111386834	0.0572564759	0.0932036794	0.1170010346	-0.0076452467	-0.0875514649	-0.2101439804	0.0555229207	0.0205194332	0.0112594901	0.0783019804	0.0559049047	-0.0809712868	0.0759898429	0.0173899924	-0.138595262	-0.0954460824	0.0177231056	-0.0964747338	-0.0510538654	0.0788362905	-0.101629	0.02008	0.010328453641	0.0004032064	-0.0190175	-0.0053960999999999	0.0003616653062499	2.911789520999999e-05	0.0226492	-0.0461587999999999	0.0021306348174399	0.00051298626064	0.00143585	0.00024934	6.217043560000002e-08	2.0616652225e-06	0.000570276	0.0	3.25214716176e-07	0.0	-0.00141253	5.475000000000011e-05	2.997562500000012e-09	1.9952410009e-06	0.0	0.0
60698.4514607411	-108.24125050958536	11716.168311878817	3684302009.731943	98777.1449291088	-367.2693564332294	134886.7801748785	9756924360.346165	59587.096251936986	-30.057475949121	3550622039.7376027	903.4518604319873	66743.61530905703	61393.556928967446	1.291365	22.632099	0.168978	0.0753241	-0.0239250833	-0.1194251391	-0.0772071446	-0.0146663501	-0.016141488	-0.1191824421	-0.0136111842	0.0923062782	0.0446890886	-0.0757035574	0.080183636	-0.0180814615	-0.1436913459	0.0348953576	-0.0257629773	0.0201259116	0.1507422158	-0.0669645635	-0.0055206285	0.1784760983	-0.0240981822	0.0295428686	-0.0130642505	-0.0345892292	0.0963218362	0.0595351791	0.0041465308	0.0939383045	-0.0288834948	-0.0944318126	-0.1441420133	0.043653239	-0.1570918298	0.014664714	0.0712904106	0.1219915056	-0.0465228164	0.0098463863	0.2048153544	-0.101007417	0.0177504069	0.0542578799	-0.0112224888	0.1226169082	-0.1287110088	-0.1087351592	0.0961452301	0.0189009045	-0.0628793588	-0.0631835644	-0.0116214133	0.0353897206	0.0366623533	0.0391566843	0.0221682098	0.0323804118	-0.06107737	-0.0038382876	-0.0490380444	0.0470856438	0.0209431563	-0.1138121631	-0.0644288749	-0.1421020925	0.0561118871	-0.1201270815	0.1230359778	-0.0388820136	0.1583075086	-0.0103648842	-0.1608617186	-0.0195595543	0.1194687516	0.0961979323	-0.0250949364	0.0514492169	0.0796906075	-0.1159110109	-0.0544346591	0.073067842	-0.0232311945	0.136118534	-0.0754896264	0.180350387	0.1114140099	-0.1128563659	0.0160275699	-0.1187286934	0.0047916945	0.0098147458	-0.1104183578	-0.0523382511	-0.0857653332	-0.011323705	0.0073225045	0.005826508	0.0879325145	0.0141877186	-0.088594205	0.0160498375	-0.0975763397	-0.0465784425	0.0830033923	-0.130855	-0.029226	0.017123031025	0.000854159076	-0.0453891	-0.0263716	0.00206017039881	0.00069546128656	0.0737097	0.0510605	0.00260717466025	0.00543311987409	0.000835842	-0.000600008	3.60009600064e-07	6.986318489640001e-07	0.000782886	0.00021261	6.12910488996e-07	4.5203012100000003e-08	-0.00184631	-0.00043378	1.8816508840000013e-07	3.4088606161e-06	0.0	0.0
60651.35597829038	-47.09548245071346	2217.9844672654594	3678586982.005301	99902.0381341628	1124.893205053988	1265384.7227766332	9980417223.359716	59571.28286818828	-15.813383748703927	3548737742.5617027	250.06310558377348	66999.3203606003	62243.38965141482	1.412699	24.758564	0.1218041999999999	0.0641353	0.1009019804	0.099271627	0.021799583	-0.0906176775	-0.1236158236	0.0090134787	0.0399613291	-0.0331759711	-0.152785192	-0.0066920724	-0.0422937513	0.006311834	0.0038822196	-0.0381775929	0.0181672691	0.0517384802	0.0523877291	0.0054078395	0.0381846496	-0.1327834251	-0.0012658307	-0.0665488839	-0.1528545267	0.0064130534	0.0563189712	0.0784123459	-0.0387207001	-0.0115133649	-0.0680758031	0.1076758568	-0.0892745857	-0.0123419943	0.1091719175	0.139558641	-0.0496805367	0.0409403849	0.014285154	-0.0514585298	-0.1630142699	0.0853172733	0.0364391927	-0.0442400911	0.0867558961	0.0814897021	-0.1331751051	-0.0067017914	-0.065161315	0.1042823934	-0.1047137439	-0.0745235445	-0.0530348447	-0.0366993323	-0.0424803515	-0.0548280998	0.0230546362	0.0101256086	-0.0167132399	0.0775171023	0.0583844706	-0.0190332475	0.0444747162	0.0844196659	0.1318083874	-0.0119397821	0.0084905674	0.0725407723	-0.0545540591	-0.0287233516	-0.0113900051	-0.056810203	0.1261168822	-0.062395333	0.0691094495	0.0118155505	0.0557980786	0.0069669298	0.0672626446	0.0192404433	0.0296866532	-0.0920489234	0.0093927994	0.0341289119	-0.0161298963	0.2496532857	-0.0142999263	0.0714806886	-0.0667815719	-0.0988999591	-0.0021060376	-0.0482842498	0.0778590023	0.0844290628	-0.056066082	-0.0394970588	-0.0105192777	0.1208653425	-0.1829420862	-0.044597547	0.0865732163	0.0143721814	-0.0985712473	-0.0419884337	0.0868075413	-0.140586	-0.0097309999999999	0.0197644233959999	9.46923609999998e-05	-0.0310353	0.0143538	0.0009631898460899	0.00020603157444	0.0234727	-0.050237	0.002523756169	0.00055096764529	0.00151235	0.0006765079999999	4.576630740639999e-07	2.2872025225e-06	0.000570276	-0.00021261	3.25214716176e-07	4.5203012100000003e-08	-0.00190684	-6.052999999999983e-05	3.663880899999979e-09	3.6360387856e-06	0.0	0.0
60657.53594614103	6.179967850650428	38.19200263507287	3679336667.057392	98990.53222053434	-911.5059136284544	830843.0305796434	9799125469.304647	59504.397646565085	-66.88522162319714	3540773339.2805405	4473.632871584198	66704.69116701435	60565.86852746788	1.431721	25.091949	0.1169852	0.0677194	-0.094501651	0.0246940607	-0.0326206785	0.093844192	0.0732212823	0.0356442261	-0.0003608243	-0.1063354205	0.0837886787	0.0722259346	0.0340548597	0.0147355083	-0.1314140934	-0.0422650446	-0.0263438351	-0.0132819386	-0.1356521993	-0.03270846	0.1102139668	0.0420525958	0.0600086834	0.0503271282	0.1061301606	0.0395690926	0.1115801609	-0.0516120889	-0.0787004155	-0.0242346622	0.0463327332	0.0394701448	-0.1037177496	0.0031026295	-0.0171965193	0.1302735501	-0.140717025	0.0376814036	-0.0363637843	0.0365284319	0.0815587727	-0.1144212862	0.0263537668	-0.0684956727	-0.1031758022	0.1246401646	-0.0477079415	0.1312170576	-0.0778376509	0.0440349971	0.0416355994	-0.0143348484	0.0487185264	0.10937573	-0.0493040983	0.0418894484	0.0145233315	-0.0354840781	0.1407534491	-0.0657722842	0.0691882163	0.0704898424	-0.1140953985	0.076184559	-0.1047105549	0.0170844476	0.0286922258	-0.04926045	-0.056735644	-0.0790920087	0.0133171339	0.0576437542	-0.0690978996	-0.0378535468	-0.0058973827	-0.0461391758	-0.0459263943	0.1268442814	0.1488092712	0.0265118759	0.0016652622	-0.0110376801	0.0669348116	-0.0238979801	0.0108125035	0.0875200669	-0.0414875585	0.0060088992	0.005635163	-0.0293634869	-0.064672801	0.0384048344	-0.0776933254	0.0345878175	0.1561297477	0.0387522511	-0.0932768868	0.0306604799	0.0420789868	-0.0894149538	-0.0856349515	0.0126905962	-0.0994583687	-0.0372951309	0.090232103	-0.138534	0.0020519999999999	0.0191916691559999	4.210703999999993e-06	-0.0708473	-0.039812	0.00501933991729	0.001584995344	0.0745028999999999	0.0510301999999999	0.0026040813120399	0.0055506821084099	0.00114397	-0.0003683799999999	1.357038244e-07	1.3086673609e-06	0.000570276	0.0	3.25214716176e-07	0.0	-0.00202028	-0.00011344	1.2868633600000056e-08	4.0815312784e-06	0.0	0.0
60742.93556181098	85.39961566994316	7293.094356574001	3689704220.666321	99229.11484857251	238.58262803817345	56921.67040160142	9846417233.631191	59575.54618898502	71.14854241993453	3549245703.7158875	5062.115088481223	67029.7563492385	61420.81327341735	1.279209	22.419067	0.15275855	0.0823158999999999	-0.030946759	-0.0730829634	-0.0304082225	-0.0503439147	-0.1072616493	0.0375040004	-0.1017859461	0.016621541	-0.0055675574	0.0138859929	-0.1334467655	-0.0789997943	0.0781882807	0.1189498762	-0.0289892062	-0.0594693378	0.0498775103	0.0613132247	-0.0405745373	-0.1610878078	-0.0237159106	0.0765919437	0.0504188208	0.0552461507	0.028221537	-0.0252771696	-0.0503221129	-0.0836947551	-0.0344511462	-0.0905176014	-0.0549298185	0.0504821335	0.1005720312	0.0479586024	0.0902146258	-0.0061651001	0.0341302103	-0.0595184531	-0.0045522019	-0.0087596429	-0.0201193271	0.0238872033	-0.013259212	0.0690561555	-0.0007185039	0.0740570177	-0.1285011445	-0.0558714556	0.0106073835	0.0065755651	0.0077782545	-0.0344361134	-0.0356339762	0.0249362859	0.0680915494	0.0871315695	-0.0539983726	-0.1682468079	-0.010642248	-0.1277011139	0.0217501544	-0.0791194443	0.0172061445	0.0371590577	0.0738821072	0.1379415633	-0.0433041958	-0.052401589	-0.0058925008	-0.0757314848	0.0441697596	-0.0028908637	-0.0721244849	-0.1119123684	0.0039643485	-0.0462265449	0.0655677729	0.0498496896	0.0736572006	0.046597664	-0.0104387512	-0.0624862686	0.0217812086	-0.0024153692	0.0844786413	-0.0385584406	0.0660511042	0.05937509	-0.0412196892	0.0405503796	0.0101815522	0.0515041304	-0.0534853146	-0.0978741994	-0.0902523543	-0.0294603905	-0.1362151602	0.0620955339	0.0050957291	0.0110055415	-0.1002367339	-0.0325100797	0.0932621027	-0.134419	0.0041149999999999	0.018068467561	1.6933224999999835e-05	-0.0230422	0.0478051	0.0005309429808399	0.00228532758601	0.0119034	-0.0625994999999999	0.0039186974002499	0.00014169093156	0.00144217	0.0002982	8.892323999999999e-08	2.0798543089e-06	0.0007486949999999	0.0001784189999999	5.605442030248503e-07	3.183333956096432e-08	-0.00230844	-0.00028816	8.303618559999998e-08	5.328895233600001e-06	0.0	0.0
60735.63267564894	-7.302886162033246	53.33214629561668	3688817076.5113554	99253.76339457948	24.64854600696708	607.5508202575728	9851309547.987164	59515.48874128357	-60.05744770145248	3542093400.113851	3606.897024412699	66671.56070509965	62253.36204817953	1.263678	22.146875	0.13257785	0.0654286	0.1326505174	0.0136402926	-0.1009922804	0.001049592	0.0332684485	0.0278600366	0.116496784	0.0831168706	-0.0765822929	-0.0729645366	0.0545140786	0.0491258202	-0.026781541	0.0329440175	0.0635829969	0.1020462151	0.0613797599	-0.0248271139	-0.0236574998	-0.0050478033	0.0847752473	-0.0132687439	-0.083367364	0.1006753745	-0.0816384311	-0.0076695491	-0.0364238503	0.0978531964	-0.1367963771	-0.0988274201	-0.0268126287	-0.0588987442	-0.0407333278	-0.0492335639	-0.0981697002	-0.0256491083	0.0431693095	0.021845613	0.0062578241	-0.0706761136	0.100962634	-0.0338805094	0.0552108971	-0.0016052571	0.0294771439	0.0199128108	-0.1478642946	-0.0366904409	0.087970194	-0.1340191736	0.2483722971	0.1120421079	-0.0897657813	0.0684721543	-0.0721434335	0.0124866778	0.0485333915	0.1605031601	0.1420416189	0.095452724	0.1012825501	0.0076982638	0.0505992662	-0.0732676683	-0.0408606066	-0.0003368607	-0.0705542479	0.0457749626	0.1213497794	-0.1181174458	0.0251494916	-0.0127392949	-0.0108498204	0.0873146869	-0.0393932464	-0.079685968	-0.0226778611	-0.0087427167	0.0863700234	-0.0067361133	-0.0164265312	0.1249234325	0.0313674351	0.0547873375	-0.0027013555	0.0573341726	-0.0482187269	-0.0457098578	0.0180100328	0.1675820634	-0.1125904207	0.09946133	0.1071472979	-0.0509228555	-0.0646849288	-0.0114444662	-0.0143926748	0.0020865486	0.0807987192	0.009317478	-0.1009054916	-0.0276450517	0.0958842909	-0.0976006	0.0368184	0.0095258771203599	0.00135559457856	-0.0368443	-0.0138021	0.00135750244249	0.00019049796441	0.0518586	0.0399551999999999	0.0015964180070399	0.00268931439396	0.00155019	0.0001080199999999	1.166832039999998e-08	2.4030890361e-06	0.000817048	6.835300000010002e-05	6.67567434304e-07	4.6721326090136735e-09	-0.00164477	0.00066367	4.404578689000002e-07	2.7052683529e-06	0.0	0.0
60607.697878431056	-127.93479721788754	16367.312339182005	3673293042.123176	98866.22522424768	-387.538170331798	150185.8334641177	9774530490.09167	59519.75499176782	4.266250484251941	3542601234.2800703	18.200893194379923	66846.47394736309	60892.29325686342	1.302512	22.827473	0.146376	0.0637015	-0.0759861708	0.0560259405	-0.006223277	-0.0082035892	-0.0595477445	0.0154480205	-0.050312863	-0.0507073287	0.0578053738	-0.0287484137	-0.0964833426	0.0390248417	-0.078180716	-0.086587234	-0.0175308914	-0.0061081929	-0.1281569472	0.0488329331	0.0310476071	0.0395869721	-0.1257448002	-0.1041713777	-0.0299052847	-0.0048582154	-0.1272558888	0.0490867916	0.1148236379	0.0142786045	-0.0410975789	-0.0706798808	0.03822946	-0.0756751986	0.058353626	0.0354294825	0.0673798968	0.0997120212	-0.1362616989	-0.0521686703	-0.0584546692	0.0711974217	0.0894800547	0.0280514058	0.059404776	-0.046719702	0.0018710721	-0.1179908234	0.0141445322	-0.0601016195	-0.0847328035	0.0140472818	0.0303222103	-0.0308216886	-0.0045265575	-0.0514177503	0.0673904735	-0.0887711785	-0.0135457705	-0.0053310327	0.0240746758	-0.0052969553	-0.0676135094	0.0165292715	0.0191785854	0.1293708924	-0.0369245161	0.0006145575	0.0970250802	-0.0067524658	0.0916185444	0.0222788613	0.0233293013	0.112208027	0.0180658089	-0.0007112401	0.0526250966	0.0406567745	-0.0549178926	-0.062145574	0.0123756092	0.045397709	-0.0736718594	-0.0120922883	0.1308920344	0.0314314751	0.101665328	0.1287237791	0.0198243383	-0.0178646177	0.0936187014	-0.0190307521	0.1010610002	0.0335018695	-0.0223336374	0.009496999	0.032174951	-0.0159812725	-0.0085331401	0.0066346798	-0.0015548641	0.0076268671	-0.1014639107	-0.0227120151	0.0980872016	-0.125068	-0.0274674	0.015642004624	0.00075445806276	-0.0217048	0.0151395	0.00047109834304	0.00022920446025	0.0368861	-0.0149725	0.00022417575625	0.0013605843732099	0.00211512	0.00056493	3.191459049e-07	4.4737326144e-06	0.00128261	0.000465562	1.6450884121e-06	2.16747975844e-07	-0.00239021	-0.0007454399999999	5.556807935999996e-07	5.713103844099999e-06	0.0	0.0
60674.835319039135	67.13744060807949	4507.435931403401	3681435640.992519	99040.48565899883	174.26043475115148	30366.699119660323	9809017799.570354	59485.74779264592	-34.00719912190107	3538554190.4502788	1156.4895921166287	66819.95822109932	60843.259022897	1.209657	21.200109	0.1219388999999999	0.0567941	-0.0279207648	-0.1461199682	-0.0185752679	0.0477492286	-0.0919417945	-0.02366168	-0.0782378009	-0.0061998903	-0.0010870963	0.0662217678	0.0755624879	-0.0604104413	0.0536641481	0.0305747966	0.1005148245	-0.0449422956	0.1174700361	0.0537981748	0.0658327223	0.0458653424	-0.0117376134	0.0160274287	-0.0460912199	-0.000565251	0.0988412312	-0.0343629073	-0.0282552641	0.0105378398	0.03975964	0.0062494269	0.1120168451	-0.1318499019	0.0235576662	0.0089584212	-0.0366958463	0.0405520602	0.0223091124	-0.1559833121	0.0281981173	-0.0062884833	-0.0344609831	-0.0663660686	0.0369275637	0.1046002926	0.0557914846	-0.05541499	0.0864462646	0.0393638021	0.0133430439	0.0800489729	0.0930292609	0.029886218	-0.126151394	0.0047391053	0.0423607661	0.1318864434	0.0494767308	-0.1278823194	-0.2104685972	-0.0704324772	0.0815674506	0.0470244608	-0.1027623773	-0.0579124816	0.0755693818	0.0635983209	0.1081036222	-0.0142112869	-0.0336528073	-0.0069715165	0.050269913	-0.030715727	0.0492831101	0.1049283938	-0.1166022077	0.0727191087	-0.043152523	0.0264534552	-0.0253585862	-0.0686778423	0.012748026	0.0072003995	-0.0111824599	-0.0681902822	-0.0321392287	-0.0547535282	0.0366037958	-0.0218620137	0.0979877968	0.069162339	0.1286469439	0.0678241125	-0.0352663283	-0.0142681884	0.0049745142	-0.1296377454	-0.1288743645	0.016763423	-0.1106156146	0.0059341712	-0.1019113804	-0.0177231056	0.0998612018	-0.122174	0.002894	0.014926486276	8.375236000000045e-06	-0.053516	-0.0318112	0.002863962256	0.0010119524454399	0.0654993	0.0286132	0.0008187152142399	0.00429015830049	0.00167041	-0.0004447099999999	1.9776698409999986e-07	2.7902695681e-06	0.0007285399999999	-0.0005540700000001	5.307705315998543e-07	3.069935649001108e-07	-0.00221658	0.0001736299999999	3.0147376899999895e-08	4.9132268964e-06	0.0	0.0
60575.76073718621	-99.0745818529249	9815.772769331914	3669422788.888831	99319.51526331018	279.0296043113485	77857.52008214772	9864366112.138905	59537.17030120093	51.42250855501334	3544674647.474202	2644.27438609042	66886.94160118276	61827.2412961348	1.378579	24.160599	0.0681959999999999	0.0369025	0.0998036456	0.0949721943	0.0233475726	-0.1054661295	-0.0283985314	0.0155891281	0.0157465239	-0.0038751154	-0.1087800309	-0.008038185	-0.0882326029	0.0747335133	0.0305104159	0.0286894938	0.0169854636	-0.0476481343	-0.0181666509	0.1180528057	-0.0087622023	-0.0379412006	0.024477023	-0.0700762373	-0.0697709664	-0.0610309797	0.0359233242	0.0826909597	-0.0268256332	0.0429538565	0.0903941291	-0.0111543297	0.014674119	0.0387681497	0.0261987733	-0.0087610982	-0.0173560754	-0.1068977736	0.0593886492	0.0829117655	0.0291229793	-0.0078722083	-0.0459671377	-0.009910599	0.0073442274	0.0668616017	0.0864668285	-0.1254740958	0.0095648971	-0.0940975761	0.0517102459	-0.0609761509	-0.0390669406	-0.0585736309	-0.0364593778	0.1549748226	-0.0941110537	-0.0176136489	-0.0137862846	-0.0884514215	0.1494277448	-0.0173233098	0.0160311949	0.0637872944	0.0657905699	0.0689293976	0.0070424595	-0.055111232	-0.0200739898	0.075706307	0.0120771158	-0.0669247691	0.0860155374	-0.09200077	0.0527033566	0.0880513436	0.1071455847	-0.0343403648	-0.0638971477	0.0300355179	0.0027946583	0.0078639985	-0.0053137838	-0.0483558179	-0.0552666281	-4.46228e-05	-0.0821217318	-0.1201700579	-0.0110536028	-0.0659517534	-0.2036206771	-0.1185386554	0.022276723	0.0660965123	0.0173412511	-0.0935391343	-0.0241659266	0.0136910797	0.0117866061	0.0535496514	-0.0362406098	0.0042398529	-0.1022474116	-0.0126905962	0.1011985345	-0.14111	-0.018936	0.0199120321	0.000358572096	-0.0535634	-4.7399999999996056e-05	0.00286903781956	2.2467599999996263e-09	0.0653887	-0.0001106	1.2232360000000525e-08	0.00427568208769	0.00136581	-0.0003045999999999	9.278115999999997e-08	1.8654369561000005e-06	0.00123235	0.00050381	1.5186865224999995e-06	2.5382451610010066e-07	-0.00239021	-0.0001736299999999	3.0147376899999895e-08	5.713103844099999e-06	0.0	0.0
60590.03086209814	14.270124911927269	203.63646500200724	3671151839.8700047	99257.02666859567	-62.48859471450851	3904.824469394101	9851957343.090311	59539.3947128422	2.2244116412693984	3544939522.7716217	4.948007149814819	66934.3667849765	60256.20365519282	1.379047	24.168802	0.0812256	0.0385646	-0.1042949913	-0.0338628628	0.0519724195	-0.0028828585	0.0369240133	0.0646418501	-0.0642578478	-0.0949114575	-0.0039940525	0.0030190896	0.095264587	-0.0020923546	0.0447808915	0.0110484136	-0.0303638383	-0.1330354313	-0.0023509163	-0.0211773057	0.0739289027	-0.1503985499	-0.027455014	-0.0612423453	0.057401021	-0.0316201431	0.0971214847	0.1414112185	-0.1174716625	0.0077246659	-0.1048278733	-0.0608873456	0.0291650119	-0.0226716674	0.068802604	-0.0426635717	-0.074276023	-0.1172283283	-0.0537310859	-0.0985196099	-0.060274984	0.037865638	-0.0758628557	0.1219141404	0.1063624934	-0.0175750867	0.0213238847	0.0236468359	0.0365220494	-0.0803488502	-0.0348519128	-0.0270936979	-0.0981993981	-0.0335450803	0.0487996601	0.0059890177	0.0219799439	0.0026249517	-0.1043832918	-0.0942862133	0.0340348506	-0.0682409522	-0.083799317	0.0521816665	-0.0845238487	-0.042356538	0.0115705107	0.0601609717	-0.0663176828	-0.1269052728	-0.0351645304	0.0118744986	0.0904271515	-0.1453959644	-0.0746782253	0.049777536	0.1461274295	0.0586215257	0.0268354834	-0.0375355154	0.1516198753	0.0518313646	-0.0252851534	0.009354199	0.0786295349	-0.0309235236	-0.09362083	-0.0985713658	0.0409395713	-0.0551545918	0.019642213	-0.055599865	0.057212558	0.024354186	-0.1088265395	0.0350200421	0.0770376837	-0.0792379283	0.0598471122	0.0195235523	0.0638634211	0.0025443755	-0.1024716367	-0.0076268671	0.1020933517	-0.119852	0.021258	0.014364501904	0.000451902564	-0.0713511	-0.0177877	0.00509097947121	0.00031640227129	0.0654311	4.240000000001187e-05	1.7977600000010067e-09	0.00428122884721	0.00155564	0.00018983	3.60354289e-08	2.4200158096e-06	0.00102672	-0.0002056299999999	1.0541539584e-06	4.2283696899999935e-08	-0.00194292	0.0004472899999999	2.0006834409999975e-07	3.7749381264e-06	0.0	0.0
60669.40765031648	79.37678821834561	6300.674507860091	3680777024.64028	98738.82344714506	-518.203221450618	268534.57872179826	9749355255.726482	59544.093911415286	4.699198573085596	3545499119.731443	22.0824672292897	66842.81395440092	61114.46920988216	1.174513	20.584198	0.0602672	0.0388138	0.0150305966	-0.0840284691	0.0223402962	0.0313994142	-0.065655121	-0.0890328003	-0.0706563881	0.0977843608	0.0288338651	0.0379395354	-0.0242277379	-0.0456771808	-0.0204285109	-0.0631527223	0.0232407613	-0.0501932265	0.0813399571	0.0787363612	-0.009897374	-0.09519476	-0.0114905497	0.0378383266	-0.0512456941	0.0415596637	-0.094838781	-0.0271057972	0.0058986745	-0.0343042554	0.0134767435	0.0066494315	0.0187662894	0.0272427016	-0.039914115	-0.119047209	0.1202852517	-0.0669577454	0.0292229297	0.0881000902	-0.0153507977	0.028791564	-0.0200219772	0.0535716091	-0.1046916585	-0.0504514613	-0.042278806	-0.0039510776	-0.0496921118	0.0346641736	0.0760157922	0.1061312782	-0.0171256384	0.0586630211	0.0646094043	-0.1886401751	0.0781644989	-0.0098342955	-0.0318978837	0.0446835716	0.043659909	-0.0563751538	0.0700607864	-0.0741622636	0.0012227418	0.0373245817	0.064714965	0.0204251379	0.058254979	-0.011678515	-0.0211849257	-0.0737411451	-0.0595322232	0.0615151377	0.0031381356	0.0776235268	0.0197636422	-0.0421768357	-0.0433574206	0.0435258391	0.0155266113	0.0891963221	-0.006588119	-0.0114772863	-0.057402628	-0.0867706381	0.0515476893	0.0542135057	0.0043737326	0.0536982635	-0.1190721023	-0.1250746352	-0.0255022861	-0.0727007181	-0.0260788517	0.0425131107	-0.0409609413	-0.0532847711	0.0412435747	-0.0935331119	0.1953173283	0.0008482025	-0.1025838106	-0.0025443755	0.1025417406	-0.123365	-0.003513	0.015218923225	1.2341169000000017e-05	-0.0351214	0.0362297	0.0012335127379599	0.00131259116209	0.0580333	-0.0073978	5.472744484000005e-05	0.00336786390889	0.00153522	-2.042000000000016e-05	4.1697640000000655e-10	2.3569004484e-06	0.0008069559999999	-0.0002197640000001	6.511779859358386e-07	4.8296215696043994e-08	-0.00196527	-2.234999999999976e-05	4.995224999999892e-10	3.862286172899999e-06	0.0	0.0
60757.19240145398	87.78475113750028	7706.162532272857	3691436428.5072975	99599.04038869598	860.216941550927	739973.1865312309	9919968846.349094	59588.90943391658	44.81552250129607	3550838127.523513	2008.4310570641744	66884.79963823517	61319.06538685983	1.119693	19.623434	0.0720413999999999	0.0372579	-0.0284504941	0.0776723284	-0.040457626	0.044016429	-0.0271869542	-0.0715517541	0.1240113905	-0.0497644686	0.0324114159	-0.0561957132	0.0022179694	0.0365152154	0.078111857	-0.0132447159	-0.0282905507	0.093117665	0.0083176904	-0.131057332	0.0526165431	0.0333129152	-0.028622311	0.1031580869	-0.0274480806	-0.0720266199	-0.0371053217	0.1209029863	-0.0717068942	0.0082622428	-0.0638303357	0.0522154219	0.0176840015	-0.1677876005	-0.0665380857	-0.0435899539	-0.0271786678	-0.1531811537	-0.0621411523	0.0302603925	0.067220814	-0.0233062298	0.0338889576	0.1000383725	-0.059081309	0.0549889084	0.0333818181	0.0190101496	0.0599414101	0.0283287207	0.0876127015	-0.0357598492	0.0008145112	0.0858103325	-0.1020787229	0.1083719742	-0.1188868006	-0.0496798097	0.028777735	0.0126131819	-0.0767110808	0.0759778911	-0.0417461894	0.0241714374	0.0664714015	-0.0619941264	-0.0635198254	0.1277788523	0.1125598234	0.0863686602	-0.0196065818	0.0181040041	-0.0145057952	0.0148443391	-0.0386973922	0.0771685039	0.0680073841	0.0850099556	0.0573394852	0.0527037374	-0.0488374909	0.0473179071	0.0177603798	0.0904486423	-0.0035457888	-0.0864732973	-0.0518933061	-0.0274558884	0.036975396	-0.0059244122	-0.0097557577	-0.038287117	-0.1342755723	-0.0165500497	-0.1248633302	0.0341498294	-0.021669792	-0.0040486437	0.0046778119	0.0073331205	-0.0475937487	-0.0008482025	-0.1025838106	0.0025443755	0.1025417406	-0.124692	-0.0013269999999999	0.015548094864	1.7609289999999863e-06	-0.0642208	-0.0290993999999999	0.0041243111526399	0.0008467750803599	0.0730935999999999	0.0150602999999998	0.0002268126360899	0.0053426743609599	0.00144586	-8.935999999999992e-05	7.985209599999986e-09	2.0905111396e-06	0.00102672	0.0002197640000001	1.0541539584e-06	4.8296215696043994e-08	-0.0017433	0.0002219699999999	4.927068089999997e-08	3.03909489e-06	0.0	0.0
60661.15235750563	-96.04004394835648	9223.690041602242	3679775405.3405104	99144.47839506171	-454.5619936342701	206626.60605676216	9829627596.22886	59560.04086228048	-28.86857163609966	3547398467.516521	833.3944283086178	66986.92592175349	61375.80771898911	1.149742	20.150064	0.1678908	0.0807519	-0.0414840548	-0.0698545776	-0.0031820136	-0.1390386009	0.004781031	-0.0574403403	-0.1110012539	-0.00553816	-0.0344777475	-0.0787956808	-0.0399939164	-0.018103246	0.0512736822	0.1280366335	-0.0290940541	-0.0736166335	0.0575496788	0.0441966601	-0.1325613165	0.1046993347	-0.0613212213	0.0506423292	0.0909067427	0.0316459517	-0.1168057511	-0.088162341	-0.0418050637	0.0956890723	0.1690687925	-0.1166329442	0.056074633	0.1386543328	0.1778533764	0.1046263666	-0.1426021897	0.092521262	-0.0589786866	-0.0838098312	-0.0743522665	-0.0400742735	-0.1077369585	-0.061161644	-0.0136217279	0.0424903723	-0.046790213	-0.0408157479	0.0419355259	0.0569672051	0.0325069759	-0.0340436098	-0.0053582693	-0.1077813626	0.0332593789	0.0024267397	-0.0938310905	0.0141787788	0.0128786355	0.1671397041	-0.0325205903	-0.1149288051	-0.0184966754	-0.072609868	0.0196077578	-0.0048105438	0.021090418	-0.0874748063	0.0630360563	0.0749221092	0.0374401871	-0.0127268204	-0.0306394673	-0.0848974555	-0.0908285274	-0.1230977305	-0.1728549601	-0.0720122095	-0.077754203	-0.1460194837	0.0058898643	-0.0941236788	0.101673656	-0.1701717218	0.0210656557	0.0721149421	-0.0294019227	-0.1017766009	-0.0063044899	0.1032720981	-0.047489226	0.1085275823	0.123214838	0.0873789831	-0.0344236478	0.0551248576	-0.066518826	-0.017137441	-0.0180327715	0.0627859005	-0.054998139	-0.0025443755	-0.1024716367	0.0076268671	0.1020933517	-0.172838	-0.0481459999999999	0.0298729742439999	0.0023180373159999	-0.047442	0.0167787999999999	0.0022507433639999	0.0002815281294399	0.0521421	-0.0209514999999999	0.0004389653522499	0.0027187985924099	0.001554	0.00010814	1.1694259600000012e-08	2.414916e-06	0.00150387	0.0004771499999999	2.2616249769e-06	2.2767212250000002e-07	-0.0027983	-0.001055	1.1130250000000005e-06	7.830482890000001e-06	0.0	0.0
60588.22883616011	-72.92352134551766	5317.839965430169	3670933473.502904	99818.39117959104	673.912784529326	454158.4411520698	9963711217.681858	59519.18248805527	-40.85837422521581	3542533084.046425	1669.4067443277795	66880.5438535422	61780.32380490187	1.186397	20.792475	0.0919651	0.0504317	0.106828862	0.0685707296	0.0678934753	-0.042967766	-0.0106827554	-0.0883939997	0.0397960702	-0.0441756743	-0.1635230174	0.0470530838	0.0056015349	0.0253189686	-0.0410111842	0.0433236438	0.0622624717	0.0424609138	0.055243384	0.0578205258	0.0451794366	0.0439192733	0.0284459437	0.0624414115	0.0288303251	-0.0691987725	0.0061320535	0.091433528	-0.1385378593	0.0871420322	-0.0481430621	-0.030121986	-0.0767565527	-0.0082575988	0.0363023316	0.0296474057	0.0023510888	0.0051628122	-0.0204192697	0.0253234388	-0.0044901686	0.0822610088	0.1161248274	0.0555133644	0.0230463805	0.0172002398	-0.1128591556	-0.0442238708	-0.086959608	-0.0791114556	-0.0140255078	-0.0637075485	-0.1051619271	-0.2208751616	0.0729165476	-0.0433358066	0.0659094398	0.1129277057	0.0725637282	0.0475876748	-0.0346457068	0.0096423692	0.0606978174	0.1243948173	0.0572659085	-0.0103887213	0.0558095616	-0.0212657575	-0.0034333783	0.1105955458	0.0886903367	0.0019623873	0.0488760085	-0.1473197406	-0.017187453	0.0447767941	-0.0081576962	0.0052749806	0.0386108119	0.030178551	0.0739899369	-0.0771905546	0.0254376364	0.0233142567	0.022934354	0.1035935669	0.0419094452	0.0102204234	0.0943260322	0.0442023835	0.1001357161	-0.0675566858	-0.0938984908	-0.1536361215	-0.1223900888	-0.0798758304	0.0292034203	-0.0615814469	-0.0759008773	0.0304606638	-0.0526282836	-0.0042398529	-0.1022474116	0.0126905962	0.1011985345	-0.165731	0.007107	0.0274667643609999	5.050944900000003e-05	-0.0903624	-0.0429204	0.0081653633337599	0.0018421607361599	0.0653208	0.0131787	0.00017367813369	0.00426680691264	0.00131709	-0.00023691	5.6126348100000055e-08	1.7347260681e-06	0.0011656	-0.00033827	1.3586233599999998e-06	1.1442659290000009e-07	-0.0027983	0.0	0.0	7.830482890000001e-06	0.0	0.0
60652.27429551294	64.04545935283386	4101.820863715494	3678698377.21814	98781.94310619214	-1036.448073398904	1074224.6088523	9757872283.83498	59509.95229774664	-9.230190308626334	3541434422.4800806	85.19641313345949	66770.3530308247	60279.73974311643	1.216333	21.317123	0.0662945999999999	0.0424348	-0.0555634789	0.0183539979	0.0212713857	0.1039870089	0.1213776276	-0.0607353736	-0.0377318621	-0.0209087033	0.0941079419	0.0296818446	-0.0963835288	0.0140661066	-0.0699654723	0.0043872022	-0.0073588532	-0.0292034423	-0.0841604568	-0.020739274	-0.0625957814	0.0543492739	-0.0518093416	0.1285250798	0.0341905718	-0.1720757949	0.0224829998	0.0211955062	0.0460253508	-0.0115709843	0.0117634228	0.1195125363	-0.0042894068	-0.0558948586	0.0156451539	-0.0240032482	0.1434547975	0.0048616016	-0.0090856739	0.0407422969	0.0804464046	0.0817844524	-0.0994874956	-0.0399465302	-0.0707940434	-0.0235589254	0.0468014816	-0.1072182692	-0.0406602049	-0.0682303354	0.0139053074	-0.0195106869	0.0172207018	-0.0275879508	0.0705258198	0.0248535357	-0.0567447344	0.0400875632	-0.0625915487	0.0374316952	-0.1021083147	0.00731598	-0.0488855256	-0.0378882696	-0.0389527589	0.1134923564	-0.0298857164	0.0191175249	0.0473447164	0.0283516247	-0.0015005458	0.1301355795	-0.1260332389	-0.0760327398	-0.0204839955	0.0111775679	0.0727842997	-0.058565577	0.0419200509	0.0747525589	-0.128997138	-0.0691810802	-0.0523439481	-0.0005907126	-0.0971150896	-0.0465271815	0.035252335	0.0497359162	0.0933686901	0.0735600636	-0.0177382414	-0.1294295407	0.1038664947	-0.0531366069	0.0012122756	0.044816421	-0.1235230057	-0.0039125578	-0.0633145973	-0.0090160928	-0.0255450599	-0.0059341712	-0.1019113804	0.0177231056	0.0998612018	-0.165722	8.999999999981245e-06	0.027463781284	8.099999999966241e-11	-0.0567317	0.0336306999999999	0.00321848578489	0.0011310239824899	0.0403304	-0.0249903999999999	0.0006245200921599	0.00162654116416	0.00127744	-3.9650000000000015e-05	1.5721225000000012e-09	1.6318529535999995e-06	0.0011656	0.0	1.3586233599999998e-06	0.0	-0.00291194	-0.0001136399999999	1.2914049599999982e-08	8.4793945636e-06	0.0	0.0
60743.5899343581	91.31563884515344	8338.545897698497	3689783718.1134505	99755.9913616416	974.0482554494664	948770.0039441492	9951257812.543913	59558.70365363507	48.751355888431135	3547239180.901524	2376.694700960469	66838.61071674498	61701.56548442447	1.179825	20.677282	0.0759968999999999	0.0374854	0.0984803698	-0.0692158367	-0.0373909053	0.035433941	0.0894634936	-0.0555037907	0.0128121626	0.0420457285	-0.0267756297	0.038146285	0.1211612826	-0.1604840266	0.0366727857	-0.0051691451	0.0187793097	0.0737482491	0.0901333447	0.055434514	0.0660834223	-0.0434503937	-0.0440591248	-0.0230422693	0.0799213543	0.1154740851	0.0438106211	0.0293945448	0.0774966955	-0.0602699646	-0.1330365109	-0.0183307261	-0.0348109153	-0.0182136041	-0.031725297	0.0520142458	-0.0936367008	0.0799039672	0.0439518934	-0.0972968591	-0.0812827062	0.0578427794	-0.0291958977	-0.0110266608	-0.0130198659	0.0284616048	0.0704413075	-0.0893086882	0.1187478961	-0.0573701345	0.0435410671	-0.0290898559	0.0043720755	-7.56355e-05	0.1333678136	0.0588640729	0.129927918	0.0212640066	0.0222210573	-0.0230760662	0.0326112783	0.032306527	0.0780887365	0.0210764964	-0.0096640789	-0.065068268	0.0985706238	0.0514384227	-0.0079018011	-0.1202711189	-0.0029979043	0.0396870852	0.0597394348	0.0258202456	-0.0460089055	-0.0596914441	0.0051677208	-0.0130407199	-0.1040160803	0.0595439302	0.0914177088	0.0885480088	-0.0839879198	0.1223655472	0.0608915331	0.1048089526	-0.0593583008	0.065449516	-0.0662426221	0.0399068869	0.0122933314	0.0148063616	0.0430430643	0.099925165	-0.0317315838	0.0363667051	0.016925427	-0.0384416917	-0.0771382363	0.051988239	-0.0710961112	-0.0076268671	-0.1014639107	0.0227120151	0.0980872016	-0.180728	-0.0150059999999999	0.032662609984	0.0002251800359999	-0.0834822999999999	-0.0267505999999998	0.0069692944132899	0.0007155946003599	0.0561392	0.0158087999999999	0.0002499181574399	0.00315160977664	0.00107984	-0.0001975999999999	3.9045759999999934e-08	1.1660544256e-06	0.0011656	0.0	1.3586233599999998e-06	0.0	-0.00274091	0.0001710299999999	2.9251260899999987e-08	7.5125876281e-06	0.0	0.0
60617.050437867816	-126.53949649028073	16012.244172013769	3674426803.78701	99197.94484230324	-558.046519338357	311415.9177456553	9840232260.936636	59584.9897339876	26.28608035252546	3550371001.599407	690.958020299425	66950.53599041032	61016.62394408035	1.256875	22.027649	0.10034605	0.048552	-0.047975933	0.0806373582	-0.0075991833	-0.0192426328	0.0298172234	-0.1886921159	-0.0058988465	-0.0672657116	0.0084543142	-0.0626534852	-0.1581004503	-0.0579358354	-0.1041904391	-0.0382873444	-0.0842170636	-0.004010176	-0.0423501137	0.1149441667	0.013613805	0.0444493858	-0.0222374741	-0.1301243423	0.0066048712	-0.0516485843	0.0194464289	0.0250230079	-0.0443907341	-0.0034854291	0.1389516387	0.0301635767	-0.0234644028	-0.0004421728	0.0501944186	0.0457424663	0.0160453615	0.0387393317	0.0635867458	-0.0299751009	0.0315663244	-0.189846461	0.0119055361	0.2287750729	-0.0067135704	-0.0650170845	0.0300922834	-0.0241722397	-0.0922683997	-0.1307142397	-0.0196138215	0.0656452819	0.1472490347	-0.0779675993	-0.037182342	0.0367271159	0.0015465501	0.0445820775	-0.0587987375	0.0882688944	-0.0201598963	-0.0180673963	-0.1003256211	0.0023125234	0.1225202633	0.0817626425	0.0515331	-0.1165889358	0.0583433932	0.0051259947	0.0274503147	-0.0049720877	0.0626730307	-0.0175408764	0.0563521441	-0.0570168232	0.0523787189	0.1217350138	0.0212375476	0.0581115131	-0.0651454302	-0.0647699971	-0.0521119777	-0.0995461398	-0.0157079239	-0.0237677468	0.0100987731	-0.0494114046	-0.0352832504	-0.0285707853	-0.0654126936	0.0943502435	0.0304468807	-0.0041136897	0.0077780625	-0.0973392982	-0.0139815909	-0.2744829335	0.007817049	-0.0711445752	0.1386423088	-0.009317478	-0.1009054916	0.0276450517	0.0958842909	-0.194168	-0.01344	0.037701212224	0.0001806336	-0.0493452	0.0341370999999999	0.00243494876304	0.0011653415964099	0.0563295	0.0001902999999999	3.6214089999999025e-08	0.00317301257025	0.0008410969999999	-0.0002387430000001	5.69982200490478e-08	7.074441634088318e-07	0.00158692	0.00042132	2.5183150864e-06	1.775105424e-07	-0.00313242	-0.0003915099999999	1.532800800999999e-07	9.8120550564e-06	0.0	0.0
60541.095568093326	-75.95486977449036	5769.1422424597895	3665224252.585009	99486.6701871142	288.725344810955	83362.32473620486	9897597544.919638	59473.87115831611	-111.118575671484	3537141350.555985	12347.337859259314	66884.77509949166	61059.49545041884	1.292925	22.659452	0.16407255	0.0768862	0.009393843	-0.1660813198	0.0269264386	-0.0315171277	-0.0627996854	-0.0258981379	-0.0849142981	-0.0243287268	-0.0749995975	0.0338918342	0.1415723988	-0.0785569574	-0.0170864996	-0.0147837702	0.0483162728	-0.0695649562	0.0820210496	0.0868596971	0.0635205268	0.0593371446	0.0396939509	0.0358129213	0.0501161773	-0.0307344402	0.0733888084	0.0208299266	-0.056814065	-0.0954991064	0.0401235005	0.18235456	-0.0610871346	0.067857503	-0.0685975245	0.0769251042	0.0970514129	0.0063090394	-0.0245205731	-0.0107663276	-0.0823870621	-0.0072397455	0.0078549848	-0.0917852052	-0.0416968988	-0.137978681	0.0099938613	-0.0177575814	-0.0681702521	-0.0668213867	-0.0211905839	0.1753976805	-0.0137717699	0.1306044019	0.0585243937	-0.0706333636	0.0565745731	-0.0999048483	-0.0502801381	0.0266004077	-0.0239878304	-0.0998624244	0.0615212823	0.0597184957	-0.0594534261	-0.0816518598	0.1261286924	-0.0211080578	0.017073501	-0.0176030122	-0.0829401465	0.1088345197	0.0831920374	-0.0090968801	-0.0360923159	-0.0378445772	-0.0263208664	0.0855716773	0.1106803677	0.0385626985	-0.0701071993	0.0206375615	0.0392433025	0.0200115019	-0.0968776858	-0.031232844	0.0515471471	0.1017180494	0.0432024134	-0.0295181633	0.070195237	-0.0485372923	-0.0359682413	0.1172946521	0.128304686	-0.1134078979	0.0357945337	0.0268785001	0.1360743144	0.0964692712	0.0896652576	-0.0110055415	-0.1002367339	0.0325100797	0.0932621027	-0.14539	0.048778	0.0211382520999999	0.002379293284	-0.0716727	-0.0223275	0.00513697592529	0.00049851725625	0.0548111	-0.0015183999999999	2.3055385599999885e-06	0.00300425668321	0.00136832	0.000527223	2.7796409172910537e-07	1.8722996224e-06	0.0010967	-0.00049022	1.20275089e-06	2.403156484e-07	-0.00232089	0.00081153	6.585809409e-07	5.3865303921e-06	0.0	0.0
60495.08445987304	-46.01110822028568	2117.02207965884	3659655243.807173	98894.94409481095	-591.7260923032445	350139.76831246784	9780209967.515783	59495.1125548812	21.24139656508487	3539668417.917982	451.1969280351993	66745.58479321937	60875.947688405104	1.354254	23.734291	0.11458195	0.0532253	0.0602171786	0.1202022032	0.0919179755	0.0043045247	0.0494187711	0.0231333728	0.0479871934	0.0930350557	-0.0458429873	-0.0243680766	-0.091561592	0.1910931859	-0.0341785451	0.1106737785	0.0352160409	0.0504550665	0.0147240459	-0.0330968834	-0.0886803802	0.0090189039	0.0272931262	-0.1397354422	-0.0900709746	-0.0240860376	-0.085031722	0.0721490753	-0.1260736926	-0.0575335451	0.0749268774	-0.0151732104	0.1077036689	0.1066170294	-0.1100746936	-0.063566117	0.0401480267	0.0854638816	-0.018566668	0.1307227408	0.020199879	0.1285205789	0.0050667204	-0.0485112061	0.0880537136	0.1082517865	0.0700407529	-0.0692725725	-0.000304678	0.085299627	-0.069207954	0.1190167763	-0.0466076703	0.1010644307	0.0254299545	-0.0735993424	-0.1130095402	-0.0289954965	-0.0604538964	0.10489937	0.0307457566	0.0493165547	0.0330814395	-0.0408150886	0.0665804713	0.0339119638	-0.1462925172	-0.1343110646	-0.0054256651	0.1050672309	0.0018344491	-0.0930280148	0.0633144544	-0.0596901515	0.1056431005	0.0256239345	0.0263940835	-0.01943005	-0.1044727982	-0.0714797064	0.0472684666	0.0785084199	-0.0946131462	-0.0408758404	-0.1119382373	-0.0865763015	0.0432018687	0.0535201604	0.0453273529	-0.0520588966	-0.0549915697	-0.1738441739	0.0711568271	-0.0557621961	0.0968064955	-0.0091863066	0.0274124663	0.0405376646	0.0285043561	-0.0825466326	-0.0687474988	-0.0126905962	-0.0994583687	0.0372951309	0.090232103	-0.14534	4.999999999999449e-05	0.0211237156	2.499999999999449e-09	-0.0507298	0.0209429	0.00257351260804	0.00043860506041	0.0791535	0.0243424	0.00059255243776	0.00626527656225	0.0008410969999999	-0.000527223	2.7796409172910537e-07	7.074441634088318e-07	0.00134073	0.00024403	1.7975569329e-06	5.955064090000005e-08	-0.00293457	-0.00061368	3.766031424000002e-07	8.6117010849e-06	0.0	0.0
60634.84910305061	139.764643177572	19534.155482554022	3676584925.7497177	99253.76801818094	358.823923369986	128754.6079826296	9851310465.806875	59571.69829868285	76.58574380165373	3548787238.1892934	5865.376153652544	66991.01475033417	60728.22716872912	1.247188	21.857868	0.12900465	0.0597936	-0.0446702552	-0.045510334	0.0057467791	-0.0078438043	-0.0102293429	0.1434731425	-0.0704592265	-0.0512700975	0.0138305012	-0.0164687078	0.0511925363	-0.00511344	0.0707168755	0.0626247172	-0.029141984	-0.1122037731	-0.0272573804	-0.0252831251	0.0478278951	-0.0825238116	0.0591121787	0.0787403642	0.0250763118	-0.0722729516	0.002043459	0.0148741194	0.0755291556	0.0546460207	0.0526442801	0.032427252	0.0166101582	0.0286340141	-0.0392581315	-0.0307504805	-0.0621721757	-0.0909949262	-0.0990315695	0.0561393343	0.0725295749	0.0913999033	-0.0049520544	-0.0418510157	-0.026202818	0.0557287843	-0.0302403131	0.1638319826	-0.0115315227	-0.0576487014	-0.0935287113	-0.0050631278	-0.0173803949	0.0101357616	-0.0041468128	0.0778753698	0.1341652799	0.0606745799	0.0299424332	0.0057058465	0.044856064	-0.0984483878	-0.0647549077	0.0254252002	-0.0345224858	-0.0323541205	-0.0068857206	0.0905764285	-0.115627676	-0.0022174276	-0.0516829487	0.0685129023	-0.0338406409	-0.0547480522	0.0312138469	-0.0017035208	-0.0060949468	-0.0134970194	-0.0058492471	-0.0367422092	-0.0449063108	0.0022685954	0.0137091103	-0.0394189221	0.0314389253	0.0255058505	-0.0807935913	-0.0067333358	0.1561193104	0.0276985928	-0.0898463912	-0.0377628103	-0.1122887276	-0.0599226674	0.0291966222	0.0910551106	0.1135978954	0.0736139136	0.008165672	-0.0124442495	-0.0474040921	-0.0143721814	-0.0985712473	0.0419884337	0.0868075413	-0.154827	-0.0094869999999999	0.023971399929	9.000316899999992e-05	-0.0607919	-0.0100621	0.00369565510561	0.00010124585641	0.0490786	-0.0300749	0.00090449961001	0.00240870897796	0.00148325	0.0006421530000001	4.123604754091284e-07	2.2000305625e-06	0.00111375	-0.00022698	1.2404390624999998e-06	5.1519920400000055e-08	-0.00221609	0.00071848	5.162135104000001e-07	4.9110548881e-06	0.0	0.0
60498.59709059584	-136.25201245477365	18564.610897975792	3660080249.930251	99490.27933304396	236.51131486301887	55937.60205823408	9898315681.767117	59492.28231534091	-79.41598334193986	3539331655.088225	6306.8984101672695	66769.84100575178	61354.43884094124	1.231129	21.576427	0.1338194999999999	0.0604498	0.1228453222	0.0187551673	0.0330404599	-0.0591303264	0.1304292912	0.0318758909	0.0162218555	0.053003334	-0.0983624106	0.0444031286	-0.0498384451	0.0157057365	-0.0559422545	0.0222434655	0.0239226126	-0.0259468359	-0.009928547	0.0567243688	-0.0660406328	-0.0105585793	0.0125708255	-0.0307671243	0.0410930839	-0.0964167341	0.0104439906	0.0555544188	0.0027584718	-0.0210172381	0.1625207339	0.007795895	-0.0601906987	0.0942941995	0.0036889916	-0.036701346	-0.0315861134	0.1075624258	0.027558596	0.0677607865	-0.032813665	0.0120609816	-0.0514842816	0.087907275	0.1505235033	-0.0997621294	-0.0805500566	-0.0125674576	-0.0555168191	-0.0020767378	-0.0115532605	0.108170576	0.0562702226	0.0100824904	-0.0485766106	0.0434024318	-0.0003866834	-0.0163497238	-0.0800502691	-0.0952425536	-0.0107859847	0.0202685037	0.0292124402	0.0137393263	0.0205456544	0.0480512591	0.0004796785	-0.1692691601	-0.0992599034	0.0634303864	-0.0066207651	-0.0412516437	-0.0052704079	-0.1054853517	0.038958664	-0.1011711491	0.1046506716	-0.0492262045	-0.0387297216	0.0191629651	-0.1704736872	0.0480238647	0.0075218974	-0.1466474893	0.0269365237	0.0237354704	0.0236880318	0.0264808898	0.0299886504	-0.0410343904	0.00497569	0.0648329662	0.0766279529	-0.0448992866	-0.0835661843	-0.037395891	0.0625488293	-0.0922051288	0.0779095251	0.0225926376	-0.0436543094	-0.0160498375	-0.0975763397	0.0465784425	0.0830033923	-0.178335	-0.023508	0.0318033722249999	0.000552626064	-0.0337113	0.0270806	0.0011364517476899	0.00073335889636	0.0774534999999999	0.0283748999999998	0.0008051349500099	0.0059990446622499	0.00106455	-0.0004186999999999	1.7530968999999993e-07	1.1332667025e-06	0.00111375	0.0	1.2404390624999998e-06	0.0	-0.00289451	-0.0006784199999999	4.602536963999999e-07	8.3781881401e-06	0.0	0.0
60441.13602703453	-57.46106356130622	3301.773825596473	3653130924.238492	99317.22455512152	-173.05477792244346	29947.956161786227	9863911093.332432	59455.78278344525	-36.4995318956644	3534990106.3922243	1332.215828602623	66905.32483392741	60256.95718469674	1.310263	22.963306	0.0579337999999999	0.0324869	-0.0926844188	0.0230500117	0.1020049656	-0.0397500432	-0.0421174952	0.0913251211	-0.0529015494	-0.1262403753	-0.00754999	-0.0098526285	0.0737830159	-0.0018573793	-0.0624294762	-0.0043278354	0.0194517769	-0.0792897608	-0.1483071779	-0.0506704758	0.0784322394	-0.0757943463	-0.0049285039	-0.0453100547	0.0788983001	0.0726390527	-0.0053181817	-0.0775719606	-0.0026450867	0.0093518683	0.0365569425	-0.0242192852	-0.0417146855	-0.0199291042	-0.0796215901	0.1536825162	0.058611094	0.0277192324	0.0545059828	-0.0710106456	0.0104344536	0.015574752	0.0417253566	0.0810472775	0.0052277087	-0.043675156	0.1537418778	0.0525313967	0.0556153091	0.0796630954	0.0586955139	-0.1683571738	-0.1026616184	5.60653e-05	0.2836190181	-0.0023098474	-0.0775519875	0.0359865968	-0.0122737312	-0.0258266626	0.0097501317	-0.0689424704	-0.080258827	0.0959728389	-0.0539658399	0.021257925	-0.0539952912	0.0398442667	-0.080615926	-0.0663264246	0.0958007571	0.1359908414	0.0039075544	0.0612699011	0.062326206	-0.0433880816	-0.014536849	0.0775971327	0.0278841315	0.010829339	0.0753016426	0.1098513947	0.0245938144	-0.0640898645	-0.005710549	-0.0456347618	-0.064126217	-0.0047669171	-0.069099142	0.0642608503	0.0409495616	-0.0259593288	-0.0682227885	0.0824827162	0.0366658576	0.0130598333	-0.0341604921	0.0471177707	-0.0720863548	0.0608061614	-0.0455192918	-0.0177231056	-0.0964747338	0.0510538654	0.0788362905	-0.178343	-8.000000000008e-06	0.031806225649	6.400000000012802e-11	-0.0601923	-0.0264809999999999	0.0036231129792899	0.0007012433609999	0.0683012	-0.0091522999999998	8.3764595289998e-05	0.00466505392144	0.00138993	0.0003253799999999	1.0587214439999993e-07	1.9319054049e-06	0.00111375	0.0	1.2404390624999998e-06	0.0	-0.00277404	0.0001204699999999	1.4513020899999926e-08	7.695297921600001e-06	0.0	0.0
60687.88359814805	246.74757111351937	60884.3638504213	3683019215.622368	99492.47295765816	175.24840253664297	30712.00259164525	9898752175.23034	59568.07371029184	112.29092684659554	3548355405.5547624	12609.25225206747	66705.99154700665	60456.27948673671	1.358044	23.800713	0.0835527499999999	0.0446286	-0.0572087118	-0.0131161916	0.0441228043	0.1643300287	0.0571252858	-0.0646197863	0.0657458511	0.0425322609	0.115256238	0.1830905785	0.0352282363	-0.0772141288	0.1300730939	0.0915417289	-0.0186894253	-0.0044724356	-0.033490571	0.0919593256	-0.1293065436	0.0492432759	0.0086275934	0.0618011219	-0.0178332333	0.2012836655	-0.0177566467	-0.129127789	0.0946841392	-0.016078938	-0.0972525329	-0.1404942058	-0.1450847943	-0.1708739792	0.1672917473	-0.1107868025	-0.0266492952	-0.0712671915	0.1064685729	0.0391837864	0.0657661782	0.0437074848	-0.0383932582	-0.050356136	-0.0532914424	0.0509946949	-0.0014335868	0.0504424484	-0.0377213676	0.0372173903	-0.0719681464	-0.0118545248	0.0300731078	-0.1872691526	-0.0814629888	-0.0396874347	-0.0259585265	-0.0350364859	-0.1204071967	-0.0819576154	-0.0345826962	0.0694477186	0.0071911401	-0.0908174102	-0.1187151014	0.0745661951	0.0846440753	-0.0327931982	-0.0120556538	0.0525145374	-0.0148054167	-0.1481879751	-0.0453707332	0.0888273953	-0.0476450045	-0.0826984532	-0.0871101906	-0.129824375	0.0144661576	0.2134430132	0.0921172512	-0.0483238239	-0.0164094086	0.0543039784	0.2236345622	0.0092977729	-0.0338347732	-0.1139213237	-0.0765395253	0.0632478918	-0.0219712957	0.0436640338	0.009719444	-0.116774364	-0.0296376631	0.0962096339	0.0169105796	0.0666886432	-0.1600195126	-0.0810344081	-0.0100770701	-0.0193915285	-0.0952676342	0.0554036926	0.0743244578	-0.154989	0.023354	0.0240215901209999	0.000545409316	-0.060436	-0.0002436999999999	0.0036525100959999	5.938968999999975e-08	0.0903183	0.0220170999999999	0.0004847526924099	0.00815739531489	0.000791701	-0.0005982289999999	3.578779364409999e-07	6.26790473401e-07	0.00111375	0.0	1.2404390624999998e-06	0.0	-0.00293457	-0.0001605299999999	2.5769880899999962e-08	8.6117010849e-06	0.0	0.0
60916.1027970948	228.21919894674647	52084.00276789465	3710771579.986221	99792.52840470678	300.05544704862405	90033.27130354963	9958548725.404213	59699.97968992123	131.90597962938773	3564087574.9770074	17399.18746198845	66989.49802029326	62542.9347014293	1.402156	24.573799	0.14770395	0.0801954	0.0895952683	-0.0179025693	-0.1473899564	-0.0091462772	-0.1165092426	-0.0233050722	0.0800101499	0.0073829092	0.0066987595	-0.0074518187	-0.1236996348	-0.1358009603	0.1178157973	-0.0545732009	-0.1314289545	0.0642902584	0.0079013713	0.1138719896	0.0351915139	-0.0573991299	-0.0457059846	-0.0095093766	-0.0988062783	0.0133426653	0.0357944888	0.1020593403	-0.0485045624	0.0682151983	0.0304359839	0.1088164698	-0.046864962	-0.0314848754	0.1081456815	-0.1103537635	-0.0526922557	-0.1348763835	0.0598689435	0.0198747504	-0.0721208985	0.0128501449	-0.0219699392	0.0856152038	0.0192359162	-0.0393892107	0.0783699028	-0.0305848542	0.009850814	0.0594966057	0.0086956349	0.0306675803	-0.0022965861	-0.1327918924	-0.0714770338	0.0455397847	0.040259366	-0.0274686168	0.0782072008	-0.09698506	0.0342628384	0.0050006709	-0.0200383989	-0.0598397642	0.1299611864	0.0561418142	0.1513632623	0.127370746	0.029199406	0.0415677201	-0.0548203559	-0.0813412527	0.1052673455	-0.0275350678	0.0267639799	-0.047376234	0.112350887	0.0824081756	0.0487272281	0.0887687095	-0.0558298455	-0.1039739465	0.0175503598	0.0090806129	-0.0004898573	-0.0870274998	-0.0603775692	-0.1315697085	-0.0977242605	-0.0110388987	-0.0230581653	0.0076185181	0.0087147473	0.0124454922	-0.0739340452	0.0159889615	0.0076247018	0.0288129149	0.0482047726	0.0085736939	-0.003296486	-0.0210546499	-0.0939563609	0.0596172234	0.0694876231	-0.191792	-0.036803	0.0367841712639999	0.001354460809	-0.0487932	0.0116427999999999	0.00238077636624	0.0001355547918399	0.0267461	-0.0635722	0.00404142461284	0.00071535386521	0.00138993	0.0005982289999999	3.578779364409999e-07	1.9319054049e-06	0.00111375	0.0	1.2404390624999998e-06	0.0	-0.00281908	0.00011549	1.3337940100000049e-08	7.9472120464e-06	0.0	0.0
60694.83176521208	-221.27103188271576	48960.86955044181	3683862603.0073977	99641.2241632909	-151.30424141588446	22892.973470436245	9928373552.759186	59535.68469540935	-164.29499451188167	3544497752.151199	26992.845221659227	66698.4536123319	61683.01870034738	1.323973	23.203585	0.1041678999999999	0.0681428	0.0377732413	-0.0354398345	-0.151434868	-0.0665054761	0.1283248497	0.0915270804	0.126566707	0.0444952817	0.0091462981	-0.0927769898	0.1654580327	-0.0094601625	-0.0416272029	-0.027161812	-0.0324513569	0.1037812684	0.0145478029	-0.1201208416	0.0897429261	0.1008995565	0.072266977	-0.1447694066	0.007336798	0.0601033502	0.1293928611	-0.0029432751	0.0118791486	-0.0866577834	-0.0307406813	-0.0244723411	-0.1642208207	-0.0211719451	-0.0229396329	-0.0658629306	-0.0494200874	0.007322242	-0.0004563999	0.0141788426	0.0529435847	0.1141418741	0.0162473911	-0.0546875897	0.0334202684	-0.0551143635	0.0723683751	0.0696854574	-0.0089348323	-0.0675216081	-0.0009786582	0.0249378074	-0.0756825249	-0.0195968755	-0.0838075729	-0.0052818057	-0.0721081448	-0.1249395499	0.0221551769	0.031601478	-0.1341194603	0.1416914663	-0.0012032023	0.0111976833	0.0028588377	-0.1444624202	-0.0226346028	-0.1245828989	-0.0066741902	-0.0811900702	-0.0283263751	0.038075501	0.054603721	0.0723034618	0.0424919185	-0.0421884916	0.1369110182	0.049974325	0.0837420237	0.0724278748	0.025591523	-0.0152691783	-0.0054248723	0.0324399205	0.064714251	-0.0002568189	0.0222825629	-0.0212096969	-0.0657019303	-0.0084566769	0.15558945	-0.0336654372	-0.0399309893	-0.0376350821	0.1514324541	0.1222327082	-0.0072260292	-0.0005440531	-0.0272160402	0.017023296	-0.0422175416	-0.0227120151	-0.0925423476	0.063684092	0.0643469367	-0.178382	0.0134099999999999	0.031820137924	0.0001798280999999	-0.0603424	-0.0115491999999999	0.00364120523776	0.0001333840206399	0.0918218	0.0650757	0.00423484673049	0.0084312429552399	0.00144757	5.764000000000008e-05	3.322369600000009e-09	2.0954589049e-06	0.00120621	9.246000000000015e-05	1.4549425641e-06	8.548851600000028e-09	-0.00268652	0.0001325599999999	1.7572153599999973e-08	7.2173897104e-06	0.0	0.0
60387.28390335771	-307.54786185437115	94585.68733119535	3646624057.224725	99027.61433617862	-613.6098271122755	376517.01992875664	9806468401.11493	59445.62467716942	-90.06001823992847	3533782293.258894	8110.806885376248	66951.88113025558	61222.61068181651	1.498258	26.25806	0.1707965	0.0793405999999999	-0.0591174047	0.0369098677	0.1074895173	-0.2126977198	-0.0716626406	0.0814251031	-0.1549656093	-0.0350854906	-0.0685215605	-0.0600998819	-0.0335332467	0.1447453179	-0.1064176584	-0.0380307034	0.0644450669	-0.0679129152	-0.0484500743	-0.0329492644	0.0905105141	0.0926960403	-0.0540856693	-0.0477395202	0.0599677471	-0.0473512467	-0.0331853902	-0.0532741681	-0.0707784531	0.0384322231	-0.0064396479	0.0180935138	-0.1331193542	0.0029764101	0.0093860044	-0.1054386598	-0.0203752263	-0.1229550945	-0.0014856376	0.0294529315	0.0283212515	0.0535957219	0.1057174878	-0.0086911298	0.0529574863	-0.081180022	-0.0118574964	-0.1002091489	0.1009740871	-0.0540492644	0.0627361205	-0.0683370688	0.0378282799	0.0336697987	-0.1048051784	-0.1109404312	0.0244807858	-0.063705091	0.0049900904	0.0622485515	0.1365701583	-0.1189254425	0.0032871505	0.0582453393	0.01572983	-0.004171329	-0.0653617939	-0.154248643	0.037000385	-0.0108760152	0.1601764138	0.0172534511	-0.0866234047	0.0063509473	-0.0126642069	-0.0303479674	0.0073207363	-0.0535451421	0.059634232	0.022091929	0.0935863285	-0.0902909932	0.0379787483	0.0114582273	-0.0787250456	0.035324347	0.0485406929	-0.0404373038	-0.0120938997	-0.0603620908	0.0846476557	-0.1281058247	-0.0842369638	-0.0085016095	-0.0517281266	0.1025157144	0.1106202704	-0.0379627528	0.0180513387	0.0537148208	0.0976120473	-0.0243631711	-0.0910271406	0.0675942939	0.0589248775	-0.156601	0.021781	0.0245238732009999	0.000474411961	-0.0354528	0.0248895999999999	0.00125690102784	0.0006194921881599	0.0408959	-0.0509258999999999	0.00259344729081	0.0016724746368099	0.00238094	0.0009333699999999	8.711795568999996e-07	5.668875283599999e-06	0.00161255	0.0004063399999999	2.6003175025e-06	1.6511219559999989e-07	-0.00281081	-0.00012429	1.5448004099999997e-08	7.9006528561e-06	0.0	0.0
60393.84056744848	6.556664090770937	42.98984399920508	3647415978.486386	98661.19149064428	-366.42284553434	134265.7017294828	9734030706.35358	59323.59316083419	-122.03151633522792	3519288705.512173	14891.690979075	66713.01080231287	60752.169606278585	1.314097	23.030499	0.1703824	0.0781812999999999	0.0681559443	0.0846639946	0.1413022792	0.0770820167	-0.0936093144	0.0210757572	0.0187005179	0.0134823543	-0.0925266691	0.1045946479	-0.0114835366	0.1665104813	-0.0156728872	-0.0690946034	0.184599984	-0.0078022336	-0.092636925	0.0087400369	0.0957065257	0.0575933993	0.0093294145	-0.0145438663	-0.037926693	-0.0522921334	-0.1084822812	-0.064362726	-0.04661001	-0.0478723192	0.0458253438	0.0472173124	0.0046568177	-0.1257814317	-0.1021028561	0.0340125294	-0.0986272687	-0.0569668838	0.0823681567	-0.0464152709	0.0127920596	-0.1096890622	0.01603071	0.1299923727	-0.0389626128	-0.039419934	0.0448101153	0.0974124487	0.0231085545	-0.0666119466	-0.0910317502	0.0070422564	-0.0660655605	0.0463870039	-0.0198548093	0.020234028	-0.0240185907	0.0352716374	-0.2246164471	0.172749463	-0.0910945223	-0.0429517732	0.0942268473	0.137593636	-0.0181939557	0.0444757573	-0.111471059	0.0609094987	0.0407264247	0.1043923573	0.0343847754	-0.0291334488	-0.0222384329	0.0660393098	0.0442464559	0.0580703824	-0.0917600809	0.0589796364	0.1480855253	0.0696166161	-0.0275000032	0.1334958299	-0.0579733041	0.0201990428	-0.0260320212	-0.0681804469	-0.2409195222	-0.0929249807	-0.0983613607	0.0867830617	-0.0143916376	0.0886075226	0.0083984892	-0.0228355387	0.0922538241	-0.0764855215	0.1269323659	-0.0551726223	0.0617879143	-0.0365656059	0.0920039929	-0.0260076665	-0.0894123968	0.0713382097	0.0532451548	-0.181894	-0.025293	0.033085427236	0.000639735849	-0.0778688	-0.042416	0.00606355001344	0.001799117056	0.0781008	0.0372049	0.0013842045840099	0.00609973496064	0.00148576	-0.0008951799999999	8.013472323999995e-07	2.2074827776e-06	0.00138333	-0.0002292199999999	1.9136018889000003e-06	5.254180839999992e-08	-0.00299578	-0.00018497	3.4213900900000014e-08	8.9746978084e-06	0.0	0.0
60646.24947983148	252.4089123829981	63710.25905036801	3677967575.96996	99289.41135585457	628.2198652102816	394660.1990448244	9858387207.3921	59463.206482438014	139.61332160382153	3535872925.173058	19491.8795692521	66625.37208866655	60049.972287290766	1.483107	25.992523	0.0515387	0.0270079	-0.1077963656	0.0052106882	0.0170603957	0.1697415688	0.0292320236	0.0726418134	0.0043787334	-0.0045055787	0.217342075	0.1913535196	-0.0697984992	-0.0168612151	-0.1036246345	-0.0105880106	0.0306428902	0.0426049987	-0.2271282911	0.1296079347	-0.1597053645	0.0319248802	-0.0625207948	-0.0860482038	-0.112126266	0.0552070802	0.0664858143	-0.1713482632	-0.1261656357	-0.0637630289	-0.144608371	-0.0107545542	-0.022068073	0.0724852045	0.0418640788	-0.0547590859	-0.051052039	0.0063272936	0.0773057992	-0.039801161	0.0796931052	-0.0954603433	-0.0064797512	0.0735307048	-0.0260196709	0.0249027749	-0.0433198119	0.0489389053	0.0397391601	-0.0653879688	-0.0220230841	-0.0532656061	0.0270388227	-0.1059992032	0.024450407	-0.0678493412	-0.0932223841	-0.0401558179	0.1464872676	-0.0585232104	-0.0863362242	0.1076939918	-0.0875196816	-0.0510684544	-0.2031048597	0.2349852637	-0.0342528385	-0.0183993664	0.0387787973	0.0029360285	-0.0397768077	-0.0145557668	0.162952307	0.0522085371	0.0971791823	-0.1057003803	-0.0646854616	-0.1450338036	0.1121826821	-0.0148527945	0.0742823024	-0.007835971	-0.0202484605	0.059662453	0.0198787948	-0.0716821185	0.0348171249	-0.0846869242	-0.1321637937	-0.051659592	0.0511710256	-0.0062942615	-0.0531383333	-0.0331723507	0.00096126	0.0459695584	-0.0840954042	-0.1458919263	0.0437334099	-0.0093696071	-0.0153602368	-0.0276450517	-0.0876998819	0.074906629	0.0473326046	-0.17925	0.002644	0.0321305624999999	6.99073600000004e-06	-0.078709	-0.0008401999999999	0.006195106681	7.059360399999988e-07	0.0906213	0.0125205	0.00015676292025	0.00821222001369	0.00106636	-0.0004194	1.758963600000001e-07	1.1371236495999998e-06	0.00117411	-0.00020922	1.3785342920999998e-06	4.3773008400000086e-08	-0.00307784	-8.206000000000012e-05	6.7338436000000206e-09	9.4730990656e-06	0.0	0.0
60926.23666393952	279.9871841080385	78392.82326474864	3712006314.030368	98791.22957658178	-498.1817792727816	248185.08519939447	9759707041.252888	59607.42722995222	144.22074751420587	3553045380.9740496	20799.62401355632	66891.90153490563	61942.0574044233	1.303394	22.842916	0.1547359	0.0813668	-0.0182248786	-0.0884257838	-0.14428259	0.0421777312	-0.0458624147	-0.1456907539	0.0196188067	0.1258733518	0.1102671893	-0.1077524471	-0.0355102078	-0.101158506	0.0811399143	0.034213182	-0.0313216303	0.1324755192	0.1493398341	-0.02260155	-0.0373102113	0.0415139429	-0.1322680521	-0.0714656315	0.0006240765	-0.006255224	0.050116203	-0.0219414156	0.0386595882	0.1392096153	0.0725785448	-0.0013366597	0.1763218576	-0.0244380781	0.025858263	-0.0037929169	0.0281950868	-0.0465112993	0.0535743938	-0.0127947164	0.0582396188	0.0838787999	0.1038878286	-0.0580873058	-0.0442854767	-0.0133473982	0.099521301	0.0996752572	0.0503911709	0.0418701916	0.0163115503	0.0465832164	-0.2578721119	0.027911701	0.0006561282	0.1221020598	0.0972150923	0.0482257055	-0.1061486178	-0.0545058643	0.029491673	0.0116544308	0.0788006779	-0.1489659224	0.0855614826	-0.0630107358	-0.0241924297	0.0723206817	0.1528490963	-0.0906543703	0.0232622882	-0.0111121292	0.0383729155	0.0358785245	0.0572537441	0.077244059	-0.1016730411	0.1076519872	-0.0839229492	-0.1061028865	-0.0251217024	-0.0815052649	-0.0686951938	-0.0358161307	0.0532363379	-0.1354114302	-0.106139129	-0.0954500975	-0.040624109	0.1111210536	0.0221719753	-0.0555258755	-0.0945994212	-0.0726303552	0.0431828269	-0.0696675724	0.1342798425	0.1907055188	0.0126318092	0.1041740548	-0.0524386652	-0.0292748789	-0.0858914684	0.0782907735	0.041213081	-0.199639	-0.020389	0.039855730321	0.000415711321	-0.0488075	0.0299015	0.0023821720562499	0.00089409970225	0.0207994	-0.0698219	0.00487509771961	0.00043261504036	0.00138992	0.00032356	1.0469107360000007e-07	1.9318776064e-06	0.00142972	0.00025561	2.0440992784e-06	6.533647210000005e-08	-0.00319114	-0.0001132999999999	1.2836889999999948e-08	1.01833744996e-05	0.0	0.0
60691.93223099489	-234.30443294462748	54898.56729750343	3683510637.931677	99949.98400125386	1158.754424672079	1342711.816697121	9989999301.850904	59594.53503922391	-12.892190728307469	3551508606.5412865	166.20858177505707	66905.09096777787	62278.99182369383	1.243546	21.794054	0.0993373	0.0533374	-0.0095361411	0.060211501	-0.1179773005	-0.0763314239	0.1152567365	-0.13317998	0.0675758585	-0.1219569218	-0.0394075211	-0.0847588352	0.0608196374	-0.0786956856	0.0070908607	-0.0257260743	-0.0956838081	-0.0472901222	0.0484378631	-0.0347968979	-0.0589421675	-0.1047125597	0.1510846555	0.0788438703	0.0635621974	-0.0472923039	0.0821573457	0.077877502	-0.1367613424	0.0149431889	0.0937619408	0.0693750236	0.1668063645	-0.009797717	-0.0643377337	-0.051616202	-0.0700629507	0.0203475332	0.0432767891	0.0117136209	0.0694694288	0.1362337285	0.0349751026	-0.0990814202	0.0275368982	-0.0186278432	-0.0674016443	-0.0380279648	0.0503494833	0.0622026643	0.0318490836	0.0028601557	-0.0419991849	-0.047351319	-0.0382162108	-0.0432875414	0.0986853566	0.0291774054	0.0645796366	-0.0844336515	-0.060634982	0.031796849	-0.0933930494	0.0589242443	0.0355008399	-0.082008901	0.0440752156	-0.0352957283	-0.1380518662	-0.0373416192	-0.1187604394	-0.0819573846	-0.0061657591	-0.2415129802	-0.0603760081	0.1004397466	-0.08590248	0.0812262039	-0.1870763754	-0.0186592864	-0.1392428903	0.0346405632	0.0405676004	0.1027490452	-0.0903194736	-0.0314027254	0.0057565784	-0.0460806916	-0.0543452694	0.0445860894	0.0286715133	-0.0924354569	-0.0337899035	-0.0225690983	-0.0559629074	0.0004031049	-0.0336664949	0.1081186865	-0.0752118913	0.0282590507	-0.0570145807	-0.0308967027	-0.0839891338	0.0814823178	0.034913343	-0.172604	0.027035	0.029792140816	0.000730891225	-0.0604491	-0.0116416	0.0036540936908099	0.00013552685056	0.0640511	0.0432517	0.00187070955289	0.00410254341121	0.00129299	-9.693000000000006e-05	9.395424900000012e-09	1.6718231400999998e-06	0.00125823	-0.00017149	1.5831427328999998e-06	2.9408820100000023e-08	-0.00311138	7.97599999999999e-05	6.3616575999999845e-09	9.6806855044e-06	0.0	0.0
60484.68171197151	-207.25051902337876	42952.77763545987	3658396721.798501	99126.16573832948	-823.818262924382	678676.5303277462	9825996733.982763	59546.56309320119	-47.97194602272066	3545793176.21259	2301.3076052068245	66803.56611385086	61248.85561555501	1.231323	21.579832	0.0965393	0.0481344	0.1157105425	-0.0497731804	0.0609000593	-0.0067517535	0.1056248019	0.0015487171	0.0298192221	0.1136506407	-0.0791542962	-0.1330289915	0.0487559647	0.112745804	-0.0585580838	-0.0586568132	0.0109170831	0.0225734013	0.0562693694	-0.0677979248	-0.105046153	0.0304034434	0.0341248081	0.0010542522	0.0087208888	-0.0119620654	-0.0438012287	-0.0408712388	0.0255905202	0.0998617886	0.0203079836	-0.0148110011	-0.0089981069	0.0161558847	-0.002970139	-0.1747361831	0.0441295636	-0.0575461342	-0.0050444222	-0.0133683937	0.0346190318	0.0427740339	-0.0226106964	0.0084493802	-0.0295030616	0.0633454281	0.0727152319	-0.0155943913	-0.0041998814	0.0416212035	0.0122977006	-0.1067863918	0.056769685	0.0706800366	0.0893909754	-0.0640389776	-0.0747131114	0.09804957	-0.0257820148	-0.0034753951	-0.006053476	0.0050238376	0.0588447799	-0.0586122889	0.0714525935	-0.0756889537	-0.0975254989	-0.0110432628	-0.051654627	0.0786722334	0.0363173648	0.1531586629	0.0136400448	-0.0226320268	0.0742936218	-0.0151565991	0.0151736435	-0.0528233009	-0.032723892	0.0370242009	0.0191847982	-0.0412417581	-0.0025509905	0.0941559096	-0.0432157156	-0.1981290617	0.0411778211	-0.0664831209	0.041872442	-0.0402925343	-0.0563562975	0.0331656489	-0.0355380103	0.0220383735	-0.0143777317	0.1213169198	-0.1381912826	0.0768546872	-0.0457518983	-0.0193833383	0.0719012643	-0.0325100797	-0.0819949584	0.0844734105	0.0284609379	-0.151888	0.020716	0.023069964544	0.000429152656	-0.0604388	1.0299999999997813e-05	0.00365284854544	1.0608999999995491e-10	0.0308006	-0.0332505	0.00110559575025	0.00094867696036	0.00182164	0.00052865	2.794708225000001e-07	3.3183722896e-06	0.0014403	0.00018207	2.07446409e-06	3.3149484900000045e-08	-0.00325191	-0.0001405299999999	1.9748680899999953e-08	1.05749186481e-05	0.0	0.0
60541.82411983668	57.14240786516893	3265.2547766293205	3665312467.7572384	98982.13486810378	-144.03087022570253	20744.89157797316	9797463023.047483	59468.94615993027	-77.61693327092507	3536555557.372685	6024.388330383235	66754.1835481813	60370.59675663989	1.309437	22.948824	0.1543845	0.0676501	-0.1016740608	0.0778227023	0.0224673417	0.0893374961	0.0525996062	-0.0438354429	-0.0211437862	-0.092666846	0.0644730366	0.0395960863	0.0156111755	0.0618244394	-0.0901806271	0.0627606629	0.0202980664	0.0149227695	-0.1374035879	-0.0659587375	0.0278996355	-0.0252202062	0.0294733045	-0.0634379575	0.1131745398	0.0678864722	0.1088986902	-0.0873681093	0.1006353238	0.0813429353	0.0171636541	-0.0606857878	0.0478915348	-0.0483710972	-0.0637335959	0.0399075566	-0.0544056579	-0.0087946646	-0.124657225	-0.1169806698	-0.1101206295	-0.0300384961	0.0768355629	0.0100586339	-0.0282827202	0.0162854982	-0.0866140686	-0.014335889	0.04269189	-0.0664318723	0.1329213746	0.0255096927	0.0107587522	-0.0122768665	0.0127465703	-0.046195746	-0.0058771019	-0.0086271253	-0.0826164925	0.0336354392	0.030075909	0.0549483862	-0.0857810255	0.06383408	-0.1002673505	0.0486614424	-0.0659871088	-0.0350480267	-0.0662409625	-0.1004431342	0.0630303131	0.0775926451	-0.0243724478	0.0317003231	0.011338438	0.0284322889	-0.0741541457	0.0300500629	-0.1396164526	-0.0080092079	0.0754497584	-0.047408975	0.0278608633	-0.0097359696	0.0582509101	-0.0023830462	-0.0600199832	0.0525713538	0.0322344573	-0.0304154114	-0.0325957627	0.1245183745	-0.0357457173	0.0913334647	-0.0084807292	0.0102956793	0.0802758359	-0.0564762949	-0.0627536275	-0.0029997857	0.0552759151	-0.0341145687	-0.0799111227	0.0872566935	0.0218840804	-0.178354	-0.026466	0.031810149316	0.000700449156	-0.0972389	-0.0368001	0.00945540367321	0.00135424736001	0.0695535	0.0387529	0.00150178725841	0.00483768936225	0.00130594	-0.0005157	2.6594649e-07	1.7054792836e-06	0.00126346	-0.0001768399999999	1.5963311716000002e-06	3.127238559999998e-08	-0.00360668	-0.00035477	1.2586175290000024e-07	1.30081406224e-05	0.0	0.0
60600.65104345359	58.82692361690715	3460.606942229429	3672438906.890432	98871.9087999132	-110.22606819057546	12149.786108753393	9775654349.738354	59477.353975658574	8.407815728307469	3537555635.945789	70.69136532117446	66810.97653718406	60988.77479996959	1.30374	22.848989	0.1511217	0.0756174	0.0197312998	-0.1544635826	0.0443255255	0.0457998829	-0.0651947165	-0.060763727	-0.0810375385	0.0941753137	0.0183809711	0.0640738215	-0.0257407313	0.0032668021	0.0549049383	0.0091942545	0.0772617532	-0.0280480995	0.0002134302	0.0205061702	-0.0961634028	-0.0574234054	-0.0122853341	-0.0425220152	0.0248795698	-0.0198171334	-0.0298068125	-0.0231834817	-0.0069787853	0.0364273871	0.0013449906	0.0218583418	-0.0006191596	-0.0991188468	-0.1723737514	-0.0659022719	-0.0619975565	-0.0102169762	0.052492849	0.0241881231	0.0265060771	0.0101723462	-0.0159710615	0.0499167946	-0.0928328983	0.003857968	0.0929890495	-0.0261981626	-0.0130499517	0.0233847587	0.098969836	0.1376098967	-0.0665788476	-0.101495839	-0.0807252095	-0.0230588014	0.0303846249	-0.1777818012	0.0642204889	0.0581128579	-0.0635720762	-0.0635789389	0.1003947566	-0.0745407492	-0.0825826752	0.0557025855	-0.0451556394	0.0752167017	0.0412550003	0.0128573154	0.0166069896	0.0393911226	0.0565112542	0.00021378	0.0537091688	0.0339443666	-0.0033128961	0.0275821225	-0.0807689392	0.0346119284	-0.0210827633	0.0544154447	0.1358241952	0.1233597976	0.0266580421	-0.1231238965	0.011245327	0.0023324315	-0.0787199517	0.0389682158	0.0009272764	-0.0170664641	-0.0050644283	-0.0545172469	0.0366458912	0.0207200628	-0.0992232919	-0.0517477416	0.050506176	-0.0658474565	-0.0757601134	-0.0357097311	-0.0777399053	0.0898253196	0.0152115293	-0.169535	0.008819	0.0287421162249999	7.777476100000038e-05	-0.0581318	0.0391071	0.0033793061712399	0.00152936527041	0.0128758	-0.0566777	0.00321236167729	0.00016578622564	0.00158246	0.0002765199999999	7.646331039999998e-08	2.5041796516e-06	0.0008188219999999	-0.0004446380000001	6.704694676838362e-07	1.97702951044089e-07	-0.00339748	0.0002092	4.3764640000000046e-08	1.15428703504e-05	0.0	0.0
60760.80494911936	160.15390566577116	25649.273500000727	3691875418.064928	99798.57081283756	926.6620129243528	858702.4861970135	9959754736.284952	59512.106110375775	34.75213471720053	3541690773.692625	1207.7108674024546	66725.50758718811	61721.02527341432	1.328944	23.29071	0.105458	0.0610693	0.014972965	0.1421375573	-0.0620330734	0.0637939314	-0.0284548272	-0.0343259026	0.1488740556	-0.0358957896	0.0064218668	0.0950763387	-0.0241849755	-0.028218064	0.0912976207	0.1061100028	0.0300390503	0.0834630907	-0.09941108	-0.0659582855	-0.0202463961	-0.0586374853	-0.0842912958	0.1039321413	0.0246729533	-0.045556627	0.0501186587	-0.0319560057	-0.0293707664	0.0665083946	0.0271290792	0.1561834986	-0.1248042641	0.1001187385	-0.0047808484	-0.188684567	0.0177076486	0.0504469463	-0.0788766267	0.0496860873	-0.0943082832	-0.1037553241	-0.0272151898	-0.0621314949	-0.0011069499	-0.0185939474	0.0473381142	0.0269683464	0.0441433646	0.1800174189	-0.0981970248	0.10899386	-0.0319484824	0.0379451551	-0.0487850306	-0.0093829906	0.0909042284	0.0652178771	0.0230788634	-0.0397373572	0.0286804797	0.1293757309	0.0058228121	0.0874463216	-0.0137883306	0.0218052173	-0.0310705813	0.0734596023	-0.0095928202	-0.0754969138	-0.0129643561	-0.0417754476	-0.0413422727	-0.0791412879	-0.0663967063	-0.1346307741	0.0052927583	-0.0531040899	0.0010256374	0.0611974229	-0.1477001541	-0.0363318555	0.1215155062	0.0368243316	-0.1141930439	0.0177591792	0.1501459956	-0.1094381647	-0.0723334873	-0.0330989364	-0.056007111	0.0689125537	0.0239480304	-0.0167617073	-0.0135934334	-0.0474054846	0.1745483419	0.1985407793	0.1637454322	-0.0395712827	0.0528746175	-0.0372951309	-0.0754836805	0.0921729699	0.0084724621	-0.184027	-0.014492	0.033865936729	0.000210018064	-0.0777867	-0.0196549	0.00605077069689	0.00038631509401	0.0660239	0.0531481	0.0028247205336099	0.0043591553712099	0.00154617	-3.629000000000002e-05	1.3169641000000015e-09	2.3906416689e-06	0.0008188219999999	0.0	6.704694676838362e-07	0.0	-0.00307051	0.00032697	1.0690938090000015e-07	9.4280316601e-06	0.0	0.0
60639.29817536387	-121.50677375549276	14763.896068468504	3677124483.200688	99087.75764973958	-710.8131630979769	505255.3528333512	9818383716.053524	59532.94279845687	20.8366880810936	3544171278.2443376	434.167570188788	66982.66675105314	61020.69692781316	1.240949	21.748526	0.1332742	0.0667105	-0.0376809256	-0.036998449	-0.0151487371	-0.1005936546	0.0757756264	0.0892064778	-0.1052867812	-0.0308488909	0.0106373803	-0.1091411708	-0.0857477414	-0.0184422325	0.0650018929	0.0783305731	0.0062436795	-0.0743241614	0.0308880998	-0.026982405	-0.0454301523	-0.1105387851	-0.0758768783	-0.0254446098	-0.001413987	0.0029788703	-0.1027826234	-0.0852655599	0.0838204914	0.0318438803	0.0258747213	0.1243736721	0.0570048792	0.1203360006	-0.1138679695	-0.0710471239	-0.0431555384	-0.0281465599	-0.0338057961	-0.0261850993	0.0530498666	0.0929139959	-0.0294508459	0.019251806	-0.0402597894	-0.0177168111	-0.1625983204	-0.0635550877	-0.0863670429	-0.0538145196	-0.0919079601	0.0779500545	0.0443605227	-0.0963354111	-0.0036038079	0.1773488715	-0.0565026118	-0.0224462717	0.0398849375	-0.0584052072	-0.0080567943	-0.1278801783	-0.0227286251	-0.0367551495	0.0238197305	0.0169566105	-0.0783101172	0.0833501818	-0.0494360296	-0.0457543952	-0.0384605469	-0.008278617	0.0176898217	0.0224116209	0.0341621038	-0.1038585993	-0.0368212539	-0.1153811107	-0.0558346145	-0.03749051	-0.1121525835	-0.0424505116	0.005699142	0.020239464	-0.0551602992	-0.0893819657	-0.07649035	0.1185983913	0.1602126033	0.0595396562	0.0978792567	-0.0061009119	-0.0009370632	-0.0146479476	-0.0901955229	-0.0323467131	-0.0558194633	-0.0091261982	0.1293096521	-0.0887868747	-0.0596773041	-0.0388703345	-0.0731449155	0.094293869	0.0016963469	-0.199495	-0.015468	0.039798255025	0.000239259024	-0.0577123	0.0200744	0.00333070957129	0.00040298153536	0.012761	-0.0532628999999999	0.0028369365164099	0.000162843121	0.00155294	6.770000000000127e-06	4.5832900000001705e-11	2.4116226436e-06	0.00129934	0.000480518	1.6882844356e-06	2.3089754832409607e-07	-0.0034726	-0.00040209	1.616763681000003e-07	1.205895076e-05	0.0	0.0
60656.10059947714	16.802424113273446	282.3214560823129	3679162539.9338913	99031.27291907794	-56.48473066164297	3190.5247979183496	9807193015.972898	59540.19067181044	7.247873353568138	3545034305.2355423	52.53166814936306	66697.52252359445	61618.19563977669	1.217016	21.329084	0.0847252	0.0431081	0.1211919933	0.0176749799	-0.039929115	0.0302503999	0.0613912118	0.0142932049	0.0561211815	0.0662698714	-0.0762855691	0.0289616709	-0.010730195	-0.0478903721	-0.2144917784	-0.0070670632	0.0235014615	0.0396767007	0.0455618956	0.0226667213	0.1138816229	-0.104049332	-0.0003869767	0.0316344806	0.0886259909	-0.0445377523	0.1551955859	0.0136845388	0.1377934296	-0.0241884374	0.0752667936	-0.0540520346	0.0025323252	-0.0449199418	0.0953435834	-0.1053480309	0.0408823575	0.1545243014	0.0799948305	0.1369938228	-0.1026044344	0.1063767828	-0.0129291761	0.1077937212	-0.032059379	0.1116803491	-0.0958818809	-0.1015570944	-0.0420544361	-0.0351813788	-0.1336285332	-0.0709967398	-0.0286409102	0.0189990833	0.0658456146	-0.0166092049	-0.068734111	0.0764112958	0.1068864822	0.0123027779	0.0546948197	0.0873954976	0.0764226801	0.0497145325	0.0182245341	-0.0229211047	0.0929835858	-0.0375893806	-0.0500683767	-0.151805025	0.0285647445	0.0155176326	-0.1973551193	-0.1063162212	0.1368257463	-0.0287038531	0.0846430453	-0.0518594331	0.0231792122	0.0661728716	-0.0267877509	0.0281103312	-0.0730248707	-0.0133124617	0.1867809057	-0.0028746873	0.0034222144	0.0595355938	0.0064545236	0.0793465691	-0.0478146563	-0.0513066709	0.1550187544	-0.0299110708	-0.1385801383	-0.0757619473	-0.007632541	0.0543664563	0.0442542723	0.1269953817	0.0111007797	-0.0404349114	-0.0707261675	0.0961827994	-0.0050871859	-0.192276	0.007219	0.036970060176	5.211396100000004e-05	-0.0679073	-0.010195	0.00461140139329	0.000103938025	0.0372889	0.0245279	0.0006016178784099	0.00139046206321	0.00169504	0.0001421	2.019241000000001e-08	2.8731606016000004e-06	0.000655554	-0.0006437859999999	4.2975104691600004e-07	4.144604137959999e-07	-0.00354238	-6.977999999999976e-05	4.8692483999999655e-09	1.25484560644e-05	0.0	0.0
60648.71071930502	-7.389880172122503	54.61032895832931	3678266111.9139433	98939.74257330249	-91.53034577544896	8377.804197773245	9789072660.471363	59530.4743591813	-9.716312629134336	3543877377.4291425	94.4067311070754	66880.46951454147	60923.28113021994	1.273153	22.312933	0.0652901999999999	0.0319114	-0.0634464894	0.0765382057	-0.0107914107	0.0037236226	0.0202936955	-0.0228515771	0.0293331931	0.0140177691	0.0777232602	-0.119456349	-0.0670709512	0.1092007245	-0.0120370316	-0.0265995976	0.0175271085	0.0619698347	-0.0143837009	-0.0294493933	-0.0648106942	-0.0235358187	-0.20185254	-0.1220284577	-0.0121925839	-0.0866565626	-0.0413325377	0.0092269965	0.0778149846	-0.0204698107	-0.0842481374	0.0599471914	-0.100249241	-0.043232864	0.1009103384	-0.0448783226	0.0397026162	-0.0325721463	-0.0528522623	0.0740068982	-0.0037352794	-0.141354539	0.0236180189	-0.0172395085	-0.0487529493	-0.008488401	0.0062065569	0.0007554334	0.1106968349	0.1284516553	0.0712798488	-0.0798466249	0.0684140976	0.0319821202	0.0439937541	-0.0654236562	0.1173178789	-0.0850222469	-0.0471013361	-0.0806690122	-0.0616186347	0.0198905506	-0.0383548012	-0.0744841944	0.0826011408	0.0450052237	-0.1491104656	0.01709136	0.1871095689	-0.0468286698	0.0914143216	-0.0271306151	0.0478107837	-0.0103105815	-0.0151149074	-0.002166713	0.1045393319	-0.0265889989	0.0195197116	0.0995342434	-0.0224806961	-0.0810359744	-0.0145450295	0.0301153199	-0.0076460891	0.0771573907	0.090499769	0.1201186957	-0.0831497908	-0.0065842579	-0.0624331218	0.0933531065	-0.0194938063	0.0224389694	-0.1291250286	0.1303021694	-0.0227592317	0.0035735121	0.0677376382	0.0256132381	0.0081878754	-0.0419884337	-0.0682300815	0.0978351141	-0.0118484738	-0.199394	-0.0071179999999999	0.0397579672359999	5.06659239999998e-05	-0.0463962	0.0215111	0.00215260737444	0.00046272742321	0.0217203	-0.0155685999999999	0.0002423813059599	0.00047177143209	0.00194524	0.0002501999999999	6.260003999999995e-08	3.7839586576e-06	0.000655554	0.0	4.2975104691600004e-07	0.0	-0.00371403	-0.00017165	2.9463722500000064e-08	1.37940188409e-05	0.0	0.0
60837.27939120407	188.5686718990546	35558.1440217733	3701174563.723424	99557.3047538098	617.562180507317	381383.046792952	9911656929.84296	59580.090751711	49.61639252970053	3549787213.982119	2461.7864076613228	67143.73355729504	61091.3239235368	1.162891	20.380503	0.12793523	0.0750085	-0.0616529275	-0.0628742403	-0.0797889972	-0.0233279673	0.0418418757	0.0113797183	-0.0915014378	-0.0698826124	-0.0005825585	-0.0535443412	0.0096773308	-0.1167349327	0.191190453	0.1517419835	-0.0493369658	-0.0881396063	0.0029743544	-0.0079737902	0.0986595641	-0.1373263561	-0.1146069243	0.0401359356	-0.0458039996	0.0448267136	0.0134441602	0.0011096808	-0.0097807906	-0.0844779376	-0.1593489132	0.0033055528	0.1298927627	0.0405101529	0.0996354048	0.0619083939	0.0726960062	0.0078034921	0.0510829897	-0.0399890358	-0.0566714215	-0.0959820584	-0.1221728064	0.0284482193	-0.0576408789	-0.1880154148	0.0079555013	-0.0809400159	0.0129928936	0.1012009723	0.0102108545	-0.1494077734	-0.0829397677	0.0103514559	0.0249640322	-0.0389766963	-0.0413844065	-0.0521540137	0.0580292475	0.1208976925	-0.0778579759	-0.1647517718	-0.04609577	0.0065342278	0.0333866459	-0.0264891905	0.0160846765	0.2106853564	0.0141262539	-0.1086190498	-0.0764046587	0.0057403064	-0.0228451288	0.0214677423	-0.0605246584	-0.0239121361	0.0529754968	-0.0113925567	0.0443618662	-0.1166583636	0.1736588678	-0.0434308093	-0.1021879529	-0.008568759	-0.1047583	0.0239819013	0.0537495773	0.0071186451	-0.054949475	0.0363056085	0.0774516399	-0.0123899127	0.1637367645	-0.0868424803	0.0213636502	-0.0728363471	-0.1062563401	0.0661425949	0.0769079454	0.0104483629	0.1395850086	-0.0435304769	-0.0656593869	0.0992467484	-0.0185579513	-0.136372	0.063022	0.0185973223839999	0.0039717724839999	-0.0472979	-0.0009016999999999	0.0022370913444099	8.13062889999997e-07	0.00150697	-0.02021333	0.0004085787096889	2.2709585809e-06	0.00191077	-3.446999999999999e-05	1.1881808999999992e-09	3.6510419929e-06	0.00050771	-0.000147844	2.577694441e-07	2.1857848336000018e-08	-0.00302038	0.00069365	4.811503225000001e-07	9.1226953444e-06	0.0	0.0
60782.73677744741	-54.54261375666101	2974.896715408307	3694541090.156458	98981.70228708528	-575.602466724522	331318.1996993544	9797377387.649183	59573.6386032735	-6.4521484375	3549018416.433439	41.63021945953369	66753.91449920002	61963.634386130616	1.27151	22.28413	0.13064903	0.0682582	0.0828242705	-0.0703565027	-0.1032657546	0.015768211	0.0173855349	0.0296338167	0.0225212773	0.1320935847	0.0702405384	-0.122776218	0.1055705003	-0.0150837539	0.0417483322	-0.0786705223	-0.0276861098	0.0797095494	0.1305264739	0.0203989727	-0.1905513515	0.0546109078	-0.0791612896	-0.0416744105	0.0134108943	0.0563891699	0.0193000647	-0.0689338349	-0.0257043966	-0.0909071745	-0.0507438257	0.078860137	0.0232837267	0.1540728097	-0.0988934049	0.1229795235	0.0365295358	-0.0648107858	-0.0234913645	0.0883137251	0.066906986	0.1260139229	-0.054773664	-0.0110288893	0.0030952128	-0.1873811208	0.0204195482	0.0445611397	0.056068966	0.0284898623	0.0637417676	-0.0375385585	0.0649324087	-0.0884277567	0.0050843644	-0.1421627446	-0.1481950795	0.1326286492	-0.1468200622	-0.0500710083	0.0897753838	0.0566585437	0.0593122861	-0.146114632	0.0062599171	-0.0890749193	-0.0085290885	-0.0454488362	0.0566383945	-0.0081014623	-0.0411515642	0.0940166773	0.1002793381	0.0180596766	-0.0479374422	-0.1109494237	0.0247942278	-0.1283553201	-0.0709683897	-0.0320995069	0.0206596987	0.050873256	-0.0918129911	-0.0712545477	-0.2653521556	0.0661225288	-0.0347469142	0.0603376344	-0.1152128691	0.0965572575	-0.0400185718	-0.1219080522	-0.0419747978	-0.0117636949	0.0400199004	0.0944097661	0.0323455892	-0.0548860162	-0.056783656	-0.1474457178	0.0449916224	-0.0450606192	-0.0630168947	0.1004142296	-0.0251862796	-0.153124	-0.016752	0.023446959376	0.000280629504	-0.0332575	0.0140403999999999	0.00110606130625	0.0001971328321599	0.0499126	0.04840563	0.0023431050156969	0.00249126763876	0.00165593	-0.00025484	6.494342560000007e-08	2.7421041649e-06	0.00128189	0.00077418	1.6432419721e-06	5.993546723999999e-07	-0.00302038	0.0	0.0	9.1226953444e-06	0.0	0.0
60682.80925375978	-99.92752368763468	9985.509990342787	3682403338.928193	99657.28788097994	675.5855938946625	456415.8946780038	9931575027.792513	59529.6249556108	-44.01364766270126	3543776247.3556805	1937.201180576408	66919.87679236876	61614.74465335467	1.310416	22.965984	0.1163147999999999	0.0608529	-0.069652565	0.1156086425	-0.067618982	-0.0214201997	-0.0866458978	0.0077596007	0.0442850851	-0.1526999584	-0.0056764355	-0.010230879	0.0191886879	0.0330741654	-0.0983965872	-0.013553029	-0.0332052868	-0.0090624352	0.0007064704	0.0261326621	0.1158067562	0.1144267003	-0.0972393841	-0.0480210164	0.1214813997	-0.1616439638	0.0268055845	0.0052852395	0.0998271682	0.0702906474	0.0189224894	-0.0726985445	0.0488049952	0.2054755267	0.0021751086	-0.0528162898	-0.0127604404	-0.0985339297	-0.004187725	-0.0755081744	0.0665907045	-0.0730408029	-0.0927405366	0.0358589961	0.0872481465	-0.0046314929	-0.0149191027	-0.0494798718	-0.0037311759	0.0519032941	0.0779865448	-0.0365734026	0.0185871124	0.0875935941	-0.0579896575	-0.0682277589	-0.0717932844	0.0649831029	0.1466788879	0.0401344134	0.086245404	0.0216720091	-0.1103850637	0.0964448413	0.0010155461	-0.022087261	0.0222468859	-0.057020403	0.1250471884	-0.0499138858	0.0730378352	0.1351581546	-0.0070705253	-0.019017391	-0.0548973625	0.0162361517	0.0914973657	-0.1596040099	-0.0804785529	-0.1417442819	-0.0360810431	-0.050846007	-0.0029220539	-0.0366508927	0.0052504764	-0.0326311821	-0.0470015149	-0.1623092562	0.1568038349	0.020542008	-0.03351484	0.0414242785	-0.0144806913	0.0719479295	-0.0520623659	-0.057306862	-0.0467097172	-0.0911740923	0.0700138755	0.0134929158	0.0063817398	-0.0465784425	-0.0603054945	0.1013346856	-0.0317044747	-0.181529	-0.0284049999999999	0.032952777841	0.0008068440249999	-0.080378	-0.0471205	0.006460622884	0.00222034152025	0.0723778999999999	0.0224652999999998	0.0005046897040899	0.0052385604084099	0.00165507	-8.5999999999988e-07	7.395999999997935e-13	2.7392567049e-06	0.00137758	9.569000000000004e-05	1.8977266564e-06	9.156576100000013e-09	-0.00329031	-0.0002699299999999	7.286220489999992e-08	1.0826139896099998e-05	0.0	0.0
60614.3087676228	-68.50048613697436	4692.316601001817	3674094427.376714	98704.88491632909	-952.402964650857	907071.4070757416	9742654306.34577	59550.94007457386	21.31511896305892	3546314463.765487	454.334296409354	66899.57068464436	60564.87116062529	1.263092	22.136604	0.1664714	0.0854034	-0.0326473921	-0.0884198299	0.0301065499	0.0038614802	-0.0082716428	0.0941238295	-0.1253189739	0.0556806292	0.019061075	0.0402558695	-0.0574395879	0.0216929411	0.0241882842	0.0878465632	-0.0127599063	-0.0545556322	-0.0164691255	0.0354565825	-0.0505199753	-0.0011905777	-0.0302936783	-0.0164092564	-0.0549906081	0.0581806014	-0.0658996165	0.0658544636	-0.0814809727	0.0453611163	0.0116657828	-0.080596631	-0.0472137983	0.1634471619	0.0116566568	0.1254528475	0.0602724566	-0.0008644044	0.0087067422	-0.0045967662	0.0846939949	-0.0480282704	0.0310176355	0.0270122359	-0.1250033003	0.0114126736	-0.001312791	0.0754532719	-0.0359898207	0.007720479	0.0338730394	0.0112401119	-0.1143516613	0.0261471519	-0.0769872889	0.0817198557	0.0648101665	0.1044447616	0.0035056003	0.0223702047	0.0391230772	-0.0950282674	0.0192930556	-0.0974054123	-0.0374267295	0.052705501	0.036144605	0.0216214177	-0.0162970868	0.0486370467	0.0388012147	-0.139251786	0.0094656865	0.0418098382	0.006563554	-0.0857754731	0.0021068127	0.0322047644	0.0769660835	-0.0893855606	0.0892867888	-0.0096665541	0.0041045303	-0.1294662129	-0.0498678688	0.0459052835	0.0275307095	-0.072146477	0.0785109115	0.1601164881	-0.0490699696	0.0308385962	-0.0796764387	-0.0644809009	0.0434771195	-0.1057314482	0.0591963558	9.44248e-05	0.0161993679	-0.0405592013	-0.0675251989	-0.0480835316	-0.0575281511	0.102005852	-0.0380840342	-0.245344	-0.063815	0.060193678336	0.004072354225	-0.0665119	0.0138661	0.0044238328416099	0.00019226872921	0.0544321	-0.0179457999999999	0.0003220517376399	0.0029628535104099	0.0014718	-0.0001832699999999	3.358789289999997e-08	2.16619524e-06	0.00161861	0.0002410299999999	2.6198983321e-06	5.8095460899999975e-08	-0.0042829	-0.00099259	9.852349081000004e-07	1.834323241e-05	0.0	0.0
60807.54393535933	193.23516773652955	37339.83005016471	3697557399.450656	99492.3298490548	787.4449327257171	620069.5220754091	9898723698.79312	59562.92069666839	11.98062209453201	3547741521.917608	143.53530577198856	66898.2733463626	62167.60117569113	1.298204	22.751972	0.0783183	0.0411452	0.1079220715	0.0487010118	-0.0890953494	0.022212613	-0.078625899	0.0847774565	0.0649088665	0.0436900671	-0.0950816868	0.0322862838	-0.0119550163	-0.0278430956	0.0174023371	0.1134924722	0.0218562665	0.0330675584	0.0945483916	-0.000303654	0.0217204566	-0.0652285065	0.0294202342	0.147461691	-0.0595417915	0.0427182512	-0.0024067204	-0.1263865342	0.0295930735	0.105973237	0.051400749	0.0165680795	0.1006452265	-0.0053383977	0.0692104433	-0.0457132269	-0.1280241187	0.0648786082	-0.0908381071	0.0492123747	0.0425759208	0.0365522865	-0.0428320661	-0.0466900442	0.0247665795	-0.0238465017	0.0214042889	0.1052461571	0.0058858283	-0.0138166979	-0.1158389871	-0.0404194002	0.1706110156	0.1155897364	0.0723566206	-0.030613826	0.072808661	-0.099516818	0.0900235288	0.0926926544	0.0625721062	0.0116458329	0.0820993171	0.0481241184	0.0605976663	-0.0441052047	0.0190143765	0.0986562996	-0.0390646676	-0.0153151744	-0.0050282538	0.0113798118	0.0171953735	-0.0140379984	0.0073755156	0.0076259387	-0.1448503598	-0.1096325761	-0.1318168472	-0.0772633374	-0.1604747162	-0.0033233727	-0.0494527499	-0.0777608622	0.1182369658	-0.017390859	0.0494078949	-0.0283862477	0.019406553	-0.0231406868	0.015185302	-0.0738054746	-0.0166040781	0.0287366771	0.0916093266	0.1105034248	0.0531552186	0.0982318445	-0.0048476555	0.0204347772	0.1007248229	-0.0495754752	-0.0546879015	0.1024260777	-0.0442970619	-0.241535	0.003809	0.058339156225	1.4508481000000052e-05	-0.0832788	-0.0167669	0.00693535852944	0.00028112893561	0.0520057	-0.0024263999999999	5.8874169599999766e-06	0.00270459283249	0.00189089	0.00041909	1.756364281e-07	3.5754649921000003e-06	0.00170145	8.284000000000004e-05	2.8949321025e-06	6.8624656000000075e-09	-0.00367851	0.00060439	3.6528727210000025e-07	1.35314358201e-05	0.0	0.0
60566.16471961066	-241.37921574867505	58263.925795445415	3668260308.8430095	99241.58840904706	-250.7414400077396	62871.26973715487	9848892869.950705	59567.689267497415	4.768570829022792	3548309604.6691265	22.73926775140712	66843.83921654751	61228.80636247416	1.323436	23.194168	0.0807518	0.0379486	-0.0350062079	0.0227492403	-0.0468964392	-0.0700950937	0.03468856	0.0063782325	-0.0251320123	-0.0995145197	0.0307748257	-0.0576866278	-0.0064955991	-0.0389782807	-0.0866719045	-0.0956632347	-0.1059273267	-0.0054447393	-0.1385411269	0.0495329701	0.0931990599	0.029866324	0.1744247508	-0.1236502763	-0.0722038662	-0.0374847724	0.1042661548	-0.109587591	-0.0632351264	0.0620056095	0.0762280234	-0.0933029486	0.0672145286	-0.0957299173	-0.0763315101	0.1144417323	0.0656990699	-0.0594220133	-0.0142894266	0.0782489756	0.0167461035	0.0645632954	0.0090730716	0.0735889705	-0.0837114268	-0.0190961927	-0.1290772829	0.0826122343	0.0950174481	0.0440922664	0.0546663999	0.0574911121	0.053705283	0.0897280618	0.0695776506	0.0504500509	0.081819072	-0.0931669533	0.0439879784	-0.1076334245	0.0173592477	0.0349250175	-0.1603831792	0.0280547146	-0.0170144344	0.0606178313	0.0540818571	-0.1360879624	-0.0936756935	-0.014254073	-0.0217130019	0.0163162044	0.0274821173	0.0364326477	0.1415656525	0.2131709938	-0.0725056163	0.0729692894	0.0007449491	-0.0268333824	0.0271599418	0.0191761951	-0.0162608081	-0.1832476624	-0.0429628611	-0.0082992554	-0.1243245455	0.0825679559	-0.0726220837	0.0159802582	-0.0073449711	0.0042785949	-0.10255099	-0.0143488118	-0.0025978509	0.1202204932	-0.0406056851	0.0090260598	0.0720257412	0.0856919968	0.0863045915	-0.0510538654	-0.0517878515	0.102594329	-0.0503163898	-0.248856	-0.0073209999999999	0.061929308736	5.359704099999991e-05	-0.0636681	0.0196106999999999	0.00405362695761	0.0003845795544899	0.0745457999999999	0.0225400999999998	0.0005080561080099	0.0055570762976399	0.00164633	-0.00024456	5.980959360000002e-08	2.7104024689000004e-06	0.00169532	-6.130000000000024e-06	2.8741099024e-06	3.75769000000003e-11	-0.00405342	-0.00037491	1.4055750810000033e-07	1.6430213696400002e-05	0.0	0.0
60543.386520634645	-22.77819897601148	518.8463485907705	3665501651.386965	99246.7042522666	5.115843219537055	26.17185184688326	9849908304.936874	59506.24875710227	-61.440510395143065	3540993641.142136	3774.936317615683	66947.90628417653	61344.43569688636	1.188586	20.830824	0.0661596999999999	0.0392193	0.0399850297	-0.0931687003	0.0500915058	-0.0150989879	-0.0591944752	0.0037381065	-0.0917563128	0.0315563326	-0.0577188284	-0.0001569864	0.0848337028	-0.0206495659	-0.0117553345	-0.0819434371	0.026729508	-0.0254049811	0.1083705235	-0.0199145416	0.0259593476	-0.0269437624	0.1674531872	0.0325287916	-0.0093455649	-0.1230119027	-0.0377312544	-0.1004635195	0.0748765832	-0.031444418	0.1444457333	-0.1266268086	-0.0629076052	-0.0701105949	0.007531605	0.0605179905	0.0801919164	-0.1285858874	-0.0505809738	0.1278960043	-0.0721601885	-0.0531261881	-0.0207429217	-0.0353522459	0.0594885655	-0.0473688863	0.0539872067	0.0517453923	-0.027264981	-0.1702533007	0.1295437341	0.0241556322	0.010286592	-0.0550897149	-0.0739638215	-0.0436996274	0.0794508607	0.0273859622	0.0349215438	0.0357527254	-0.025280654	-0.0893738368	0.0852954147	0.0231563964	0.0366757282	-0.0738367441	0.0279747837	-0.0273945427	-0.0429393237	0.0484424184	-0.0533574238	0.1676746194	-0.0237779662	0.07938605	0.0325861033	0.1293558594	-0.0735512461	-0.0122565109	-0.04175965	0.1626647537	-0.0023127441	0.0095174631	0.1130197321	-0.1371530696	0.0320569793	0.0558389317	0.0132468272	0.0235226667	0.0790372995	-0.0552088664	-0.1172739889	-0.0077680374	-0.0933375071	-0.0863287113	0.075775125	-0.033414414	0.0365984992	-0.100121223	-0.0203997876	0.1225210014	0.0857300588	-0.0525182979	-0.0488311722	0.1025101919	-0.056115697	-0.254885	-0.0060289999999999	0.0649663632249999	3.634884099999974e-05	-0.0604195	0.0032486	0.00365051598025	1.0553401960000028e-05	0.0425252	-0.0320205999999999	0.0010253188243599	0.00180839263504	0.00208106	0.0004347299999999	1.8899017289999997e-07	4.3308107236e-06	0.00167292	-2.239999999999989e-05	2.7986613264e-06	5.017599999999953e-10	-0.00409352	-4.009999999999951e-05	1.6080099999999606e-09	1.6756905990399998e-05	0.0	0.0
60556.604902367886	13.218381733240676	174.7256156456708	3667102397.301487	100152.75496720678	906.050714940182	820927.8980436148	10030574327.521362	59502.0933182141	-4.155438888170465	3540499109.2494597	17.267672353319394	66766.48039153637	61292.024388640726	1.253361	21.966064	0.1453250999999999	0.0671925	0.0125756282	0.1336517072	0.0640451701	0.0667255044	-0.0272503169	-0.0606424009	0.1458712857	-0.0957134722	-0.0141825112	0.14408213	-0.0013829738	0.036526568	0.0588758998	-0.0016607643	0.0308691988	0.0919086699	-0.1070204907	0.0082046338	0.1384987198	0.0819379698	0.0183994181	0.0741161816	0.0081621288	0.0017565136	-0.0285142064	0.1021835014	-0.0685413268	-0.1404064523	0.0799318839	-0.0938522986	0.0892156006	0.0660554697	-0.0319862647	-0.0542865257	-0.0191298477	0.0232242107	0.026180861	-0.0131598543	-0.0004175436	0.0617556856	0.0080665849	-0.0003142018	-0.018221425	-0.0041447191	-0.1211215714	-0.0118520802	0.0171742525	0.1641656596	-0.0987458357	-0.0200888075	0.0431959932	-0.0402942887	-0.103962361	0.0045518468	0.0716754466	0.050615248	-0.1451962309	0.0128111726	-0.0408944657	0.1423315034	-0.0251568108	0.1475646398	-0.018874646	0.0235726971	0.0372531624	-0.0014877695	0.05136435	0.0563770268	-0.0767374009	-0.1157103774	-0.0325851286	-0.0211208418	-0.0627515692	-0.0075338661	0.0409217049	0.0955562618	0.0082030509	-0.0375191	0.05746828	0.1107641035	-0.0074676465	-0.0227267654	-0.0823063876	0.0455560862	0.0289166179	-0.0154222764	0.0283653676	0.1304277902	-0.0111156439	0.0570949925	-0.0395420712	-0.0694237658	-0.0813096589	-0.0025957539	-0.0306391728	0.1398422816	-0.0503373523	-0.0558134295	0.0741893029	-0.0539683725	-0.0458210968	0.1021738733	-0.0616696245	-0.23322	0.0216649999999999	0.0543915684	0.0004693722249999	-0.0902289	-0.0298094	0.00814125439521	0.00088860032836	0.0902724	0.0477472	0.00227979510784	0.00814910620176	0.00159179	-0.00048927	2.393851329e-07	2.5337954041000003e-06	0.00140666	-0.00026626	1.9786923556e-06	7.089438760000009e-08	-0.00392698	0.0001665399999999	2.7735571599999917e-08	1.54211719204e-05	0.0	0.0
60657.35821505948	100.75331269159506	10151.230018330329	3679315105.630044	99077.42421995565	-1075.330747251137	1156336.2159836886	9816335990.061054	59526.18105952996	24.087741315859603	3543366231.531944	580.2192816997697	66913.5105213059	60710.23520447121	1.219997	21.381325	0.1040717	0.0544298	-0.0998264992	-0.0162900799	0.0126169291	0.0156945999	0.0065971039	0.1164043097	-0.0771236359	-0.0123590506	0.0743220439	0.0079589648	-5.20919e-05	-0.018607183	0.0062994504	0.0606489389	-0.0273833757	-0.0290309954	-0.0898895215	-0.0517559428	-0.1519832801	-0.0201672733	0.1023165039	0.1674549105	0.0574276556	-0.0347168726	0.053575834	-0.0986683557	0.0593274089	0.0872274247	0.0041599697	0.1168127829	0.0940548641	-0.0378373234	0.1169869342	0.0027391911	-0.0271733136	-0.0644899238	-0.0479148225	0.0275104897	0.0893187525	0.052856156	-0.0230899136	0.0350981984	-0.0299822779	-0.1418450507	-0.0023631302	-0.0222364359	0.0327201356	-0.0012806589	0.0466613935	-0.1379070768	0.0489692252	0.0959687947	0.0999382385	-0.012611309	-0.1250030922	0.0570945263	0.022050927	0.0218337888	0.1408902465	-0.0421969693	-0.0634661665	-0.0540201111	-0.0679496321	0.0735931202	-0.0753161176	0.0874730605	-0.1186729683	-0.0166634501	-0.0053786264	0.1220589505	0.0088606325	-0.0108086119	-0.1435771412	0.0613335239	-0.1445266728	-0.0492873518	-0.0456080702	-0.0113744495	-0.1401359111	-0.1218432906	-0.0133698057	0.0028570608	-0.013293106	0.0462889622	-0.0227090937	-0.0222620634	-0.0309917168	0.0270361054	0.0038843764	-0.074923923	-0.0909428204	0.00481794	-0.0762901765	0.1232882904	-0.0465762731	0.0627089175	0.0316863558	0.0441383013	0.0994639	-0.0554036926	-0.0427609166	0.1015862008	-0.0669538864	-0.237261	-0.0040409999999999	0.056292782121	1.632968099999991e-05	-0.0635321	0.0266968	0.0040363277304099	0.00071271913024	0.0508375	-0.0394349	0.00155511133801	0.00258445140625	0.00208106	0.00048927	2.393851329e-07	4.3308107236e-06	0.00144083	3.4170000000000034e-05	2.0759910889e-06	1.167588900000002e-09	-0.00377244	0.0001545399999999	2.3882611599999965e-08	1.42313035536e-05	0.0	0.0
60628.221964756725	-29.1362503027558	848.9210817048373	3675781298.60781	98996.53651861496	-80.88770134068909	6542.820228180516	9800314242.681463	59515.11072685305	-11.070332676914404	3542048404.8295784	122.55226557755884	66656.62569998582	61160.64380615692	1.179828	20.677345	0.2231083	0.0957341	-0.0076761855	-0.1126497517	-0.017800628	0.0884700047	-0.0827018137	-0.0379800089	0.029898448	0.1083705607	0.1093831361	-0.0022032437	0.0890181862	-0.007866148	0.0232418115	-0.0079704592	0.0191434997	-0.009578165	0.0732114826	-0.0326807749	-0.0825827531	0.0801800974	-0.0507217152	0.1499735212	0.1483816879	0.1238447371	0.0551551539	0.1054475616	-0.0133243437	0.0472521194	-0.0731539935	-0.0037407205	-0.0375405022	0.0030938752	0.043978519	0.08315685	0.0917188646	-0.1079922422	-0.1009716705	-0.000615393	-0.0434638038	-0.0459035781	-0.0610377044	0.0460046728	-0.0285232637	0.1377798425	0.0139111277	0.0841638217	-0.0537866753	0.0437613202	-0.1474563166	-0.0066152439	-0.0084122471	0.0141358959	-0.1391717428	0.0103869209	0.0692223286	-0.1206542558	-0.1223590356	0.0851994754	0.0387585338	0.0754283391	0.0466530813	-0.1404781993	-0.133734802	-0.076735557	0.0451127908	0.0040426132	0.0397756895	0.0505681722	0.0656552804	0.0088525568	-0.0751350637	-0.0446340786	-0.1995542042	-0.1004610768	0.0130249408	0.1251057034	0.0585308728	-0.0574485356	0.0696134618	0.0009470378	0.003351142	-0.0102407024	0.034187403	0.0142951554	-0.0224186722	-0.0330430193	0.0269743718	-0.1133390149	-0.1546076478	-0.0051975304	-0.0245356207	0.0334306879	-0.0369280346	0.0162136795	0.1265920357	0.0640707123	-0.0098621773	-0.0798977868	0.0796222144	-0.0568238659	-0.0396539781	0.1007486199	-0.071945376	-0.272175	-0.034914	0.074079230625	0.001218987396	-0.0993744	-0.0358423	0.00987527137536	0.00128467046929	0.105566	0.0547284999999999	0.0029952087122499	0.0111441803559999	0.00118122	-0.00089984	8.097120256000001e-07	1.3952806884e-06	0.00203533	0.0005945	4.1425682089e-06	3.534302500000003e-07	-0.00423057	-0.00045813	2.0988309690000015e-07	1.7897722524900002e-05	0.0	0.0
60753.95185161964	125.729886862915	15808.004450561408	3691042665.5889177	99173.89414544751	177.35762683255598	31455.72779567618	9835461279.97243	59531.651520532025	16.540793678977934	3544017532.762063	273.5978555305164	66776.67789513124	61886.26902029528	1.216043	21.312035	0.1446579	0.0788901999999999	0.0860901482	0.0799390256	-0.0460182908	0.0080915016	-0.024326803	0.1215374479	0.0405493156	0.1076388252	-0.0534054195	0.0372631005	-0.1424242312	-0.0942971087	-0.1744513875	0.0202907121	0.0154457844	0.0405655518	-0.0196148283	-0.0104341344	0.002983313	-0.0686697253	0.0182823327	0.1052958126	0.0439656207	0.0320037142	-0.0197009154	0.0705426532	0.0058953314	0.0438311199	-0.1653169962	0.0055533179	-0.0345359282	-0.0115608499	-0.0978877053	0.0893510951	0.0495141748	0.0094622547	0.1269719182	0.0894063283	0.0793239472	0.0225828175	0.048436639	0.033495012	0.104832836	0.0837639953	-0.0370610426	-0.0211348511	-0.073137653	-0.0785236765	-0.0070984447	-0.0449114001	-0.0382245124	0.0600046443	0.0141205982	0.0418944378	-0.0498466153	-0.0585918851	-0.0612091725	-0.0727816307	-0.0050903211	0.0407909212	0.0858097473	-0.0378032425	0.0321022966	0.0692911571	0.0419251976	0.0007835959	-0.117631227	-0.0690774946	0.1930425923	-0.048585815	-0.1382731395	0.0352649208	-0.0502284915	0.0387054542	0.0859703779	-0.0830923023	0.1172220186	-0.0581873233	-0.0719978561	0.1485860496	-0.0419910217	0.0235171575	0.0294619087	0.0140482175	-0.1043175314	-0.0201179109	-0.0650354518	-0.0639023762	0.0054113099	-0.137601651	-0.1026180544	-0.0026728303	0.0071534653	-0.0915685171	-0.0336619413	0.0123841857	-0.0890587854	-0.0134462338	-0.0268960961	-0.0582285042	-0.0365036785	0.0996631912	-0.0766222668	-0.28201	-0.0098349999999999	0.0795296401	9.672722499999964e-05	-0.0837510999999999	0.0156233000000001	0.0070142467512099	0.00024408750289	0.0516919	-0.0538740999999999	0.0029024186508099	0.00267205252561	0.00224289	0.00106167	1.1271431889e-06	5.0305555521e-06	0.00203533	0.0	4.1425682089e-06	0.0	-0.00398573	0.00024484	5.994662560000025e-08	1.5886043632899997e-05	0.0	0.0
60629.67926120541	-124.27259041422803	15443.676728262482	3675958007.316642	99565.83277874227	391.93863329476153	153615.89226896554	9913355056.924467	59543.787775213066	12.136254681041464	3545462662.619613	147.28867768310084	66808.59168675065	61445.004366590205	1.170756	20.518347	0.0914418	0.0519564	-0.0516942516	0.0428930414	-0.06867098	-0.0185426574	-0.0626683948	-0.0286343242	0.0587619759	-0.1497875049	0.0337555769	-0.0274034824	0.0014526332	-0.0943562697	-0.0853710252	-0.0331014067	-0.0738895415	-0.0065817057	-0.0704795959	-0.0204504345	0.0856790147	0.0781901016	0.1326002758	0.0735265768	-0.0568249367	-0.021357697	0.1222028203	-0.0233085364	-0.0085016741	0.008596918	0.0148103491	0.0175065026	-0.078452194	-0.0859994698	0.0993463612	-0.09894397	0.035615069	0.1039566301	0.0986892831	-0.0353119145	-0.0569537795	-0.043749645	-0.0027027003	-0.0175088824	0.0959234211	0.0251083765	-0.1003750149	-0.011497812	0.0380360801	-0.1106838692	0.0428326611	0.0619231898	0.1421849161	0.0408928276	0.1401322323	-0.0537512735	-0.0505178668	-0.0413106396	-0.1505788099	-0.0417417089	0.0576099637	0.0806056603	-0.1265831502	0.0615716508	-0.044620747	-0.0008124956	0.0945400215	-0.0517965586	-0.0803129934	0.024095173	-0.0259275551	-0.0034529776	-0.090630633	-0.0220039928	0.0069209036	0.1187153694	-0.0223881641	0.0361183495	0.0944528897	0.0715124221	-0.0712445247	-0.0637905493	-0.034635729	-0.0033866309	0.0531352821	0.0008318252	0.080528703	0.0463314013	-0.0999461902	-0.0805000138	0.0857080528	0.0908328674	0.0460436465	0.0847609867	-0.0118619021	0.1256623209	0.0022531545	-0.105890015	-0.0400079084	0.0960117139	0.073027176	-0.0596172234	-0.0333134626	0.0983325849	-0.0809641079	-0.281954	5.6000000000000494e-05	0.0794980581159999	3.1360000000000553e-09	-0.0802308	0.0035202999999998	0.00643698126864	1.2392512089999246e-05	0.0893223999999999	0.0376304999999999	0.0014160545302499	0.0079784911417599	0.00165538	-0.00058751	3.451680001000001e-07	2.7402829444e-06	0.00203533	0.0	4.1425682089e-06	0.0	-0.00440292	-0.00041719	1.7404749610000036e-07	1.9385704526400003e-05	0.0	0.0
60597.40429436891	-32.27496683649952	1041.6734842971437	3672045407.2152	99013.30494671104	-552.5278320312354	305287.00516913715	9803634556.470392	59516.89738830062	-26.890386912447862	3542261074.729505	723.0929083011475	66955.49871015271	60955.24861714719	1.126225	19.737917	0.0996838	0.0587719	-0.0588895489	-0.0948751262	0.0296362565	-0.0368063979	-0.1096364608	0.0922452395	-0.0894454406	0.016651127	-0.0106069213	0.0304140879	-0.0137053619	-0.0039429831	0.0016215071	0.075266618	0.0145685618	-0.089485738	0.0490425771	0.0244708006	-0.0610797675	-0.0102378045	-0.0206311857	-0.0191559478	-0.0123644553	0.0587725794	-0.063334321	-0.0455020678	0.1247167768	0.0419373127	-0.0082230754	0.1188505447	-0.078871577	-0.0417586635	-0.0002287027	0.0371424464	-0.0680790195	-0.1131569105	-0.0530612208	0.1097741202	-0.0203306974	-0.0696852701	-0.0592788334	-0.0812235285	0.0324513116	0.1411208218	-0.1100768319	0.1364973522	-0.0244514011	-0.0830187718	0.0738709707	0.0177321077	-0.026736669	0.0266309885	0.0926290906	0.0989790682	0.058876392	0.0361142817	0.0727135104	0.0903990142	0.0331998186	-0.1175066107	0.0382675492	-0.0450025014	-0.0526284795	-0.0328815267	0.0210635908	0.0481514763	0.0032908374	0.0307539201	0.0462910113	-0.02272026	0.0689315585	0.0834468909	-0.0523872476	-0.0843486853	-0.0344725769	-0.0241789103	0.0236313273	0.071432757	-0.0825684842	-0.0706090085	0.0680981164	0.0314906334	0.1274876845	0.0666341658	-0.1164396945	0.0922425869	0.0784865433	-0.0952868823	-0.0833662219	0.0508670606	-0.0708993537	-0.0020529729	0.0054189682	-0.014196329	0.0580441359	0.0446253869	0.0707269716	0.0838294159	-0.1008438365	-0.0609896438	-0.030086819	0.0967600744	-0.0849519136	-0.279259	0.002695	0.0779855890809999	7.263025000000016e-06	-0.0689975	0.0112333	0.00476065500625	0.00012618702889	0.0377404	-0.0515819999999999	0.0026607027239999	0.00142433779216	0.00213964	0.00048426	2.3450774760000006e-07	4.5780593296e-06	0.00203533	0.0	4.1425682089e-06	0.0	-0.00420371	0.00019921	3.96846241e-08	1.7671177764100004e-05	0.0	0.0
60654.1710238517	56.766729482784285	3222.4615761716104	3678928462.590651	99758.85854311344	745.553596402402	555850.1651085558	9951829857.824917	59474.85570683755	-42.0416814630662	3537258461.349148	1767.502980241924	66634.6042751033	61819.85892931739	1.280625	22.443888	0.1606869999999999	0.0730919	0.1324864625	0.0530525345	-0.030689438	0.088639614	0.0271790476	0.0613452364	0.1273637426	0.0374410385	-0.0341707176	0.1366562915	-0.0022452939	-0.0312536319	-0.0338915709	0.0152309216	0.0906997641	0.070118221	-0.036320713	-0.0244771116	-0.022511364	-0.1102003365	0.1049100396	0.0727755728	0.0120427098	0.0488915634	-0.0649874944	0.1123018493	-0.1255869461	-0.0161011703	0.0277928482	-0.1092068855	0.0178556278	0.0457195252	0.0301009016	-0.0186589575	-0.1632799485	0.0484866229	-0.081333203	-0.0172409633	-0.0852159872	-0.0577618205	0.0454909174	0.0442873532	-0.1453599531	-0.0315944248	0.0617325078	-0.1940221081	-0.0119751643	0.0066675185	-0.0647293234	-0.0001650834	-0.0259304663	0.0723433106	0.0936760142	0.0516150182	0.0712379813	-0.0284154006	-0.035208046	-0.0367027847	0.0544422182	0.1311488964	0.081992814	0.0716501235	-0.0451616588	0.0110801774	0.0110802133	0.0144394705	-0.1358290621	0.0436154894	0.0015149677	-0.1164420753	-0.0579752383	-0.1295490117	0.012607874	-0.0758385785	-0.0786108156	0.0763714221	-0.0108210464	-0.0700285227	0.0910499971	0.0947349153	0.0261910233	0.0626124236	0.1266719715	0.0477481381	0.0613720522	0.0746238383	0.0094255671	0.0498629836	-0.0861568884	-0.0636863567	0.0742330607	0.1243947938	-0.0446954023	0.0126315395	-0.0359881253	-0.0771401093	0.1969373716	0.0360914506	0.0497851544	-0.0623453902	-0.0268272759	0.0949495281	-0.0885682462	-0.291116	-0.011857	0.0847485254559999	0.000140588449	-0.100907	-0.0319094999999999	0.0101822226489999	0.0010182161902499	0.0830893999999999	0.0453489999999998	0.0020565318009999	0.0069038483923599	0.00132252	-0.00081712	6.676850943999999e-07	1.7490591504e-06	0.00173594	-0.00029939	3.0134876836000004e-06	8.963437210000004e-08	-0.00451863	-0.0003149199999999	9.917460639999987e-08	2.04180170769e-05	0.0	0.0
60725.6277363062	71.45671245450649	5106.061754806023	3687601863.9684415	99206.06419994214	-552.7943431713065	305581.5858421962	9841843174.04304	59524.2285842265	49.3728773889452	3543133788.547247	2437.681021663816	66861.64038070115	60743.0368205745	1.281846	22.465286	0.1469776	0.0731673	-0.1180835928	0.0572487253	-0.0538020254	0.0765956463	-0.0257752794	0.0128154709	0.0033786902	-0.0659710971	0.1021784794	0.0469766292	-0.1102621761	-0.0203738082	0.0123812816	-0.1085899644	-0.0240738233	0.0175917109	-0.1056186687	-0.0007637804	0.0721028931	-0.0345969681	-0.1388191778	-0.0432489644	-0.0618024715	-0.0419133466	0.0175375047	-0.0344674024	0.0428924584	0.0607377861	-0.1195875185	0.0207209589	-0.0512898564	-0.0852538619	0.0488460384	0.0196326316	0.0606712845	0.0691780394	-0.0319214236	0.0099605286	0.0324999762	-0.1744444405	0.0244787054	0.0063189791	0.0505241606	0.082784659	-0.0114742384	0.0474785847	-0.0008003145	0.0592719902	-0.0188600023	0.0798052246	-0.047368785	-0.0259500129	-0.0491162015	-0.0687573386	0.1255546324	0.1075961652	0.1470076431	-0.0318166405	-0.0368102318	0.0194916921	-0.089440584	0.0177334535	-0.0088601543	0.1115526923	-0.0382419683	0.1334594183	0.1158939877	-0.0887417855	0.0494305033	0.0126629692	0.0509171037	0.0453398744	0.0582198824	0.0646493989	0.018331701	0.0294759461	0.1059277226	0.0470707294	-0.0363241869	-0.0609498728	0.0646164181	0.0584063956	0.0729811137	0.0662622203	0.0788342199	0.0197265182	-0.012780849	-0.1367328843	0.002768223	0.0833683591	0.0028615795	-0.124265787	-0.0036162623	-0.1003169476	-0.0698428746	-0.0283690009	-0.001159607	-0.0748084134	-0.0753101487	-0.063684092	-0.0235383975	0.0929054001	-0.0917972923	-0.281993	0.0091229999999999	0.0795200520489999	8.322912899999986e-05	-0.0880288999999999	0.0128781000000001	0.0077490872352099	0.00016584545961	0.0214349	-0.0616544999999999	0.0038012773702499	0.00045945493801	0.0018745	0.00055198	3.046819204000001e-07	3.5137502500000003e-06	0.00203533	0.00029939	4.1425682089e-06	8.963437210000004e-08	-0.00410356	0.00041507	1.7228310490000002e-07	1.68392046736e-05	0.0	0.0
60729.37311735993	3.745381053726305	14.027879237611968	3688056759.227519	99456.49714265046	250.43294270832848	62716.65879355294	9891594823.88604	59598.749939469264	74.52135524276673	3552010994.347388	5553.432387218637	66774.97449798485	61772.44759439035	1.166038	20.435661	0.118534	0.0683149	-0.0156595465	-0.0878294201	-0.0893760154	0.0243999841	-0.093509784	-0.0344517208	0.0523308508	0.0557149774	0.0930001928	-0.0303807181	0.0839467984	-0.012481414	-0.0025970308	0.0593264414	-0.077736339	0.0053668595	0.1364220145	-0.0490827488	-0.1000706213	0.0887536309	0.0758842285	0.0544351543	-0.0531575473	-0.0844019665	0.0811053084	0.0690608278	-0.0739226844	-0.0368766831	0.0398650328	0.0338939475	0.068237585	0.001703806	-0.0715695732	0.069131368	-0.0174672522	0.0636178069	-0.0023447711	0.0376320631	-0.1668380462	-0.1094968207	0.0306095875	-0.0193840495	-0.1053732587	0.0958891827	0.010691089	-0.0469685751	-0.1404335706	-0.0149870097	0.1516163759	-0.0631647832	0.1015126124	-0.1575936963	-0.0101240113	-0.0356396589	-0.0571008827	-0.0265186149	0.0753564933	0.0221364392	-0.0203343473	0.065616521	0.0074110717	-0.1163565373	-0.0725916753	-0.1269723417	0.0547219482	0.0067542835	0.0094852254	0.0773738804	-0.0324799186	0.0286764564	0.0221295141	-0.1036355029	-0.0002406776	0.0939454919	-0.0038684892	0.0732697071	0.0397569152	-0.0388103055	-0.038359169	-0.0110154032	0.0811741449	0.0300951752	-0.0019460125	0.0232501409	0.0916349955	0.0897107398	-0.0156256882	-0.0157678028	-0.1811096331	0.0338538808	0.0064135057	0.0600047217	-0.0063282592	-0.1976377593	-0.0924321225	-0.0485116439	-0.0652420069	-0.0230547118	-0.0633470084	-0.0650053833	-0.0202237803	0.0906327191	-0.0946249323	-0.293059	-0.011066	0.085883577481	0.000122456356	-0.0847311	0.0032977999999998	0.00717935930721	1.0875484839999291e-05	0.0815936	0.0601587	0.00361906918569	0.00665751556096	0.00140934	-0.00046516	2.1637382560000005e-07	1.9862392356e-06	0.00203533	0.0	4.1425682089e-06	0.0	-0.00451863	-0.00041507	1.7228310490000002e-07	2.04180170769e-05	0.0	0.0
60668.48453613714	-60.88858122278907	3707.4193233241817	3680665015.911512	99155.60117669751	-300.89596595295006	90538.38232675887	9831833244.712296	59599.62225997546	0.872320506197866	3552114973.5317626	0.7609430655333013	66851.69124296217	61769.30878521488	1.154953	20.241379	0.1049571	0.0485837	0.0438556986	0.0801371482	-0.0279161684	-0.0614286252	-0.1049081692	0.0840543184	0.0914135257	0.0546459188	-0.0402072645	-0.1194081985	-0.0198954578	0.0270709978	0.0176900167	-0.0266133789	-0.0609899632	0.0962602097	0.0689049408	0.001585164	-0.0678915935	-0.0039536773	-0.0207622421	0.0269241941	-0.0575180607	-0.0876906346	-0.0905226276	-0.0222617341	-0.1291013702	-0.0848430496	-0.0581901863	-0.0108055577	0.0019013669	-0.165038478	-0.0143457542	0.1084186576	-0.0216403206	0.10871437	-0.0220593	0.0172339113	0.0404097898	0.0296624983	0.0847853557	-0.0188443463	0.0826408945	-0.0061731615	0.0199413453	-0.0523247671	-0.003675925	-0.0577812143	0.0710483403	0.0203334233	0.0523929811	0.0773899112	-0.0288397419	-0.0062552593	-0.0075128471	0.011164688	-0.0107160877	0.0585078168	-0.0282787435	0.0567966674	0.0286319853	-0.0613279314	0.1263864961	-0.0289830189	-0.0534517946	0.0481926302	-0.0206411875	0.0491322544	0.0198628838	-0.0223019479	0.1351500067	-0.0662220237	-0.065739988	0.1113230914	-0.135406034	-0.0288696753	0.0166723589	0.0956833248	-0.0008020162	0.0875150533	-0.0699800075	-0.0177390183	-0.0274287826	0.0953913437	0.0269238362	0.0401467761	-0.0357479055	-0.0143950061	0.0956784013	-0.0088610786	-0.0295720169	0.0218277022	0.0666753383	-0.0534596845	0.011148333	-0.0149850004	-0.1481525182	0.0182418417	-0.0493075069	-0.0663089027	-0.0168870486	0.088137076	-0.0970388015	-0.281975	0.011084	0.0795099006249999	0.000122855056	-0.0661568	0.0185743	0.00437672218624	0.00034500462049	0.0502358	-0.0313578	0.00098331162084	0.0025236356016399	0.00196864	0.0005592999999999	3.128164899999997e-07	3.875543449599999e-06	0.00216041	0.00012508	4.667371368100001e-06	1.5645006400000017e-08	-0.00432419	0.0001944399999999	3.7806913599999895e-08	1.8698619156100003e-05	0.0	0.0
60595.14712764153	-73.33740849560854	5378.3754848517565	3671771855.420524	99607.2149100598	451.6137333622901	203954.96416142565	9921597262.13884	59517.39397033187	-82.2282896435936	3542320185.019696	6761.4916177107225	66875.42438127835	61413.117172613376	1.101867	19.311024	0.1103558999999999	0.0535239	-0.0544166946	0.0144586588	-0.0281466811	-0.1032182938	0.0581524214	0.0972526231	-0.0172621609	-0.0714938889	-0.0144791731	0.0138170808	0.0639203493	-0.0359465375	-0.0223695969	0.0619087537	-0.0305628156	-0.0328185557	-0.0413354687	-0.0561576359	0.0288076064	-0.0739822597	0.0587799698	-0.0542361638	0.0274109206	0.1763333994	-0.1217315987	-0.0500187333	0.0101626668	-0.0699171795	0.1121868506	0.1466005135	-0.0005287073	0.0091933468	-0.1120164047	0.0028459301	0.078407117	0.1049084174	0.0916899049	-0.1560996697	-0.05443569	0.0332450588	-0.070369704	0.027047386	-0.0250002661	0.1737797713	0.1031012454	0.0923329388	-0.0790309219	-0.1325273321	-0.0107298021	0.0077423774	-0.0040110181	0.0677634844	-0.0076557511	0.0266705301	0.013140952	0.1061360686	-0.0744592523	0.0443964364	-0.0888369292	-0.0047443041	-0.0545700744	0.0497881592	-0.0397086495	-0.0591848812	-0.023852012	-0.0506177494	-0.1024323145	-0.0755775141	-0.0014357033	-0.0953347253	-0.0061262713	0.1722093999	0.0215211922	-0.1190065718	-0.0777292366	0.002057901	0.0406400073	-0.0029662297	-0.0872588581	0.1320649624	0.1342065672	0.0744417368	-0.0019023364	-0.1865109035	0.0177287258	0.0843758826	0.0222491132	0.0203099655	-0.082900563	-0.0156994789	0.0248203742	0.0832419502	0.0757415192	-0.1226861641	-0.0456281517	-0.0242603365	-0.1632032677	0.064560334	0.0251794868	-0.0675942939	-0.0135318513	0.0854246103	-0.0990283447	-0.273301	0.0086739999999999	0.074693436601	7.52382759999993e-05	-0.0846793	-0.0185224999999999	0.00717058384849	0.0003430830062499	0.0890221999999999	0.0387863999999999	0.0015043848249599	0.0079249520928399	0.0014007	-0.0005679399999999	3.225558435999998e-07	1.96196049e-06	0.00203533	-0.00012508	4.1425682089e-06	1.5645006400000017e-08	-0.00451863	-0.0001944399999999	3.7806913599999895e-08	2.04180170769e-05	0.0	0.0
60553.24983046928	-41.89729717225418	1755.3835103401784	3666696065.031228	99433.05150462964	-174.1634054301685	30332.89179103325	9886931731.52233	59463.63483019111	-53.759140140755335	3535923867.218317	2890.0451486733714	66854.68902781716	61606.47636233217	1.232593	21.602081	0.121683	0.0689242	0.1188610412	0.0063431028	0.0713923742	-0.0195994858	-0.0355015837	0.0346634127	-0.032509842	0.042669417	-0.143070713	-0.003467305	-0.095269462	0.0203274946	-0.0227106408	-0.0243396383	0.0695080802	-0.0025288906	0.042359996	0.0866676827	-2.6404e-05	0.0522075181	0.0986336489	0.098265163	0.0326914269	-0.0963831657	-0.1613659824	-0.1227664241	-0.1401478122	0.0154378995	-0.0027134232	-0.0848609238	-0.0139322302	0.1382943071	0.0892277385	0.016970064	0.075917697	0.0994499668	-0.0466185267	-0.0597178671	-0.0113580008	-0.0150985615	0.0438139714	-0.09779889	-0.0028018326	-0.0499896443	0.0699570817	0.0644141198	0.0077015774	-0.1470486679	0.0978334455	0.0393180266	-0.1402697784	-0.0337355493	-0.0380040742	0.0479222005	0.0205439974	-0.1175191015	0.1240000911	-0.0249635944	0.1214977221	-0.0408801021	0.1057384494	0.0260215007	0.0668364539	0.0576561283	0.0215597487	-0.0278152174	-0.0566498154	0.1266821048	0.0287611591	0.0233670379	0.0129282964	-0.0161715114	-0.0817077794	0.0072049419	-0.1827281712	-0.0751607774	0.0329992839	-0.0366796796	0.0822357583	0.007343644	0.0085989147	-0.0598564998	-0.0393080582	-0.0122053207	0.1864629339	-0.098687334	0.1270204274	0.0329613965	0.0519798251	0.053324048	0.0147307747	-0.009480162	0.10071596	0.0181651433	0.0254309008	-0.0339138343	0.0286004077	0.0720875988	-0.1241277019	-0.0688612056	-0.010161857	0.0825019948	-0.1005848622	-0.258524	0.014777	0.0668346585759999	0.000218359729	-0.0627752	0.0219040999999999	0.00394072573504	0.0004797895968099	0.0286428	-0.0603793999999999	0.0036456719443599	0.00082040999184	0.00176791	0.00036721	1.348431841e-07	3.1255057681e-06	0.00191009	-0.00012524	3.6484438081e-06	1.5685057600000053e-08	-0.00451863	0.0	0.0	2.04180170769e-05	0.0	0.0
60753.68580768549	200.43597721621336	40174.5809626184	3691010339.2189655	99170.93279200424	-262.1187126253935	68706.21950839364	9834873910.836222	59537.91704061209	74.28221042097721	3544763565.534808	5517.846785026335	66796.56678219176	60915.10538309466	1.355291	23.752459	0.1429971	0.072647	-0.0790005102	0.0766610227	-0.0592793375	0.1236484416	0.0189743327	-0.0343205176	0.099733647	-0.0286065532	0.1187992913	0.0070892299	-0.0258757988	0.1505944686	-0.0202357241	0.0869058401	-0.0216522938	0.0770699927	-0.0105204657	-0.1192939277	0.0567179759	0.1180840225	-0.1591645075	-0.0409237867	0.0942569761	0.1453185306	-0.0578215703	0.1193491438	0.014643765	0.0085014046	-0.0077739404	-0.1750477629	-0.0594646345	-0.0854675009	0.0375165313	0.112642637	0.0126887469	0.0220459937	0.0233950509	0.0425535465	-0.0839672991	0.0364060816	-0.006321241	0.0955264763	-0.048475595	-0.0227758404	-0.0275143773	-0.0135250892	-0.103701888	-0.0484752988	-0.1060263763	0.0330331548	-0.0342919388	-0.0053264158	0.0530724204	-0.1237464611	-0.0452978893	0.0597052397	0.0891541517	0.0026008213	0.0819238373	0.1139335799	-0.0578281931	-0.0256316504	-0.0076888413	-0.0458441719	-0.0720245532	0.0271482807	0.1493123809	0.034596516	0.1250152171	-0.0128681385	-0.0613478117	0.0573846548	-0.0424001134	-0.0982720705	0.0764528333	0.1455630615	-0.0444202301	0.0382469726	0.1980710661	0.0200356302	0.0206260591	-0.0895126254	0.164687477	0.0838771963	0.0141286662	0.04097132	0.0622663905	0.0168005481	0.0395657677	-0.0854287988	0.0315794318	-0.0257014904	-0.0123609103	-0.0543364823	-0.0715571578	-0.0563115552	-0.0138700306	-0.0722553503	0.0534979305	-0.0701092912	-0.0067807509	0.0793764193	-0.1017015476	-0.258573	-4.900000000002125e-05	0.066859996329	2.4010000000020823e-09	-0.0966385	-0.0338633	0.00933899968225	0.0011467230868899	0.0758061	0.0471633	0.00222437686689	0.00574656479721	0.00102924	-0.0007386699999999	5.456333688999998e-07	1.0593349776e-06	0.00203533	0.00012524	4.1425682089e-06	1.5685057600000053e-08	-0.00414411	0.0003745199999999	1.4026523039999977e-07	1.7173647692100002e-05	0.0	0.0
60857.19102246609	103.50521478059818	10713.32948677776	3703597699.144927	99566.82988522376	395.8970932195225	156734.50841966728	9913553613.393087	59662.05029700413	124.13325639203686	3559560245.64225	15409.06534249116	67153.17296611714	61560.50777161904	1.251046	21.925482	0.17963739	0.0974576	-0.0328538058	-0.0956881274	-0.0730553229	-0.101968218	-0.004862108	0.0069592471	-0.0888622326	-0.037331639	-0.0176228039	-0.065562266	0.0024070551	-0.1377731858	0.0818166209	0.0529885314	-0.1068468538	-0.0984081295	0.0697180032	-0.0087690736	0.0053012886	-0.2024320374	-0.1097559872	0.1020937833	-0.0320958077	0.136168905	0.0602466733	0.1115726794	0.0605096837	-0.0436878219	-0.0884351497	0.0459949691	0.0646812722	0.1144207331	0.0438063408	-0.002382545	0.0202040387	0.0606663967	0.0644802154	0.0595701852	0.0143819177	0.0850695806	0.0032951204	-0.0542524609	0.0916784812	-0.1557118925	0.0362464586	-0.0026969782	0.140078212	-0.0054350554	-0.0173931124	0.0932649457	0.0207574167	0.1231794284	-0.1243469806	0.0862753447	-0.029652895	0.0400913761	0.005282454	-0.0001431825	-0.0105874981	-0.1394130113	-0.0467799541	-0.0855205491	0.0655190331	-0.0308319094	0.0856427891	0.1553231278	-0.0600153416	-0.0853623082	-0.1242755051	-0.0738455386	-0.0381003781	-0.0180303503	-0.0647708725	-0.0999928606	0.1216439256	-0.0596871406	-0.1028596037	-0.0785395003	-0.0066174456	-0.0379547377	-0.0838629315	0.0036744391	-0.0665229148	0.0607639713	-0.0015238602	0.0820873074	-0.0605585868	-0.0284241453	0.1381050431	-0.0496111646	0.0480502052	-0.051839323	0.0351207125	0.0282040331	0.0646604223	-0.0221126187	0.0037014049	0.0779987238	0.0338525703	-0.0713382097	-0.0033922301	0.0760555728	-0.1023735181	-0.258551	2.2000000000022e-05	0.0668486196009999	4.840000000009681e-10	-0.0801197	0.0165188	0.00641916632809	0.00027287075344	-0.00595249	-0.08175859	0.0066844670387881	3.5432137200100004e-05	0.00184696	0.0008177199999999	6.686659983999997e-07	3.4112612416e-06	0.00165649	-0.00037884	2.7439591201e-06	1.4351974560000008e-07	-0.00371391	0.0004302	1.850720400000003e-07	1.37931274881e-05	0.0	0.0
60762.056561185374	-95.1344612807152	9050.565723171898	3692027517.5446906	99606.23728057485	39.407395351081504	1552.94280835644	9921402505.194178	59586.57896839489	-75.47132860923739	3550560393.15676	5695.921442043494	66912.11913429601	62335.51865751972	1.266884	22.203054	0.17049621	0.0760109	0.1073649727	-0.0293755627	-0.1238136134	-0.1241865995	0.1708356015	-0.0817388913	0.0609598144	0.0797474319	-0.1127696581	-0.1484492031	0.0499569389	0.0292701063	-0.0235309527	0.0860485798	-0.1072253874	0.0109311717	0.0637096377	-0.0689379642	-0.0002141472	-0.0743838685	-0.0795653491	0.0067808727	-0.0022394239	-0.0464093307	-0.0288449328	0.0229734282	0.0192818357	-0.0513198288	0.0764248708	0.1399386163	-0.1132334453	0.0187156392	-0.0039672141	0.1080825606	-0.0522961275	0.0241865947	0.0096177051	0.026485444	-0.0430526903	-0.0256827121	-0.0595306463	-0.0379683018	0.1277890666	-0.0181435376	0.0357338081	0.0642837144	-0.081570715	0.0901218192	0.0373618004	0.027713681	0.0284532589	0.0647307086	0.0544241364	-0.0995711352	0.0606206889	-0.0076094361	-0.1044285136	0.0547788764	-0.0917164575	-0.0068889049	-0.0053708235	-0.0460587807	0.1441177929	-0.1149996522	-0.0266372245	-0.0067063858	-0.0125262472	-0.0146794258	-0.0336255268	0.0500065881	-0.0158311222	-0.0614629493	0.002517522	-0.1374126898	0.1108822682	0.0318755373	0.0548751645	0.0653893022	-0.1420065301	0.039131132	0.0852597023	-0.0313099603	0.0074592434	0.0651383994	0.0120612201	0.0313157488	-0.0095414948	-0.0998062995	0.0363117113	-0.023614741	0.088775257	0.050289463	0.1182631401	-0.0989103688	-0.0692290449	0.0980028091	-0.0369163169	-0.090044035	0.0408662073	-0.072547625	0.0	0.072547625	-0.1025978352	-0.287326	-0.028775	0.082556230276	0.000828000625	-0.0336106	0.0465091	0.0011296724323599	0.00216309638281	0.00751962	0.01347211	0.0001814977478521	5.6544684944400005e-05	0.00130167	-0.0005452899999999	2.973411840999999e-07	1.6943447889e-06	0.00194128	0.00028479	3.7685680384e-06	8.110534410000002e-08	-0.00451863	-0.00080472	6.475742784000001e-07	2.04180170769e-05	0.0	0.0
60395.31472627632	-366.7418349090513	134499.5734724578	3647594040.8859696	100102.8022038966	496.5649233217555	246576.7230735409	10020571009.072449	59430.30868656379	-156.27028183110087	3531961590.58026	24420.400983571697	66967.62401520982	61114.542576616295	1.478133	25.905346	0.18518178	0.102093	-0.0925973501	0.0160485954	0.097041656	-0.196824182	0.0014097853	0.0658411041	-0.0942031155	-0.1747708456	-0.0482923024	0.0160092191	0.2021692829	0.0823940733	0.0349162635	-0.0044623761	0.0774842475	-0.0777923743	0.0759805728	-0.0645292102	0.1097741353	0.0671430227	0.0293419822	-0.117027695	-0.0643400159	-0.0139207746	0.0853998561	-0.0886538729	0.0186836469	-0.0759953132	-0.0755812103	-0.0664491249	0.088450712	0.031947817	0.068629157	0.0703336899	-0.0233840138	-0.0632137982	-0.0175160505	0.0307406547	0.1355322634	0.1757138306	-0.1049669633	0.11701043	-0.0549434508	0.071294287	0.0123989597	0.0482978198	0.0098437933	0.0341513412	-0.1739022953	0.0606251353	0.1564222632	0.04223991	0.0234520059	-0.0602196661	0.0459358189	0.0330489236	-0.0267849261	0.1185080537	-0.0145929149	-0.0795563584	-0.0354326393	0.1728105839	-0.0939141735	-0.1760642254	-0.0521691023	-0.0668009157	0.0372552705	-0.0552290105	-0.0877928169	0.0162259216	0.1570154933	0.0961166753	0.0402411484	-0.0096389508	0.0457323779	-0.0608034193	-0.0390855237	-0.0498553994	0.057872614	0.0117765159	-0.0421464403	-0.0794419903	0.090677112	0.0354052531	0.0076832572	-0.0657028778	0.0177485045	0.0288069463	-0.0284472562	-0.1997096421	0.0099623075	-0.0303515232	-0.1485184591	0.0232791975	-0.0589285492	-0.0460410708	-0.0977771448	-0.0986202842	0.0593115859	-0.0737372065	0.0033922301	0.0688612056	-0.1023735181	-0.256798	0.030528	0.065945212804	0.000931958784	-0.0995223	-0.0659116999999999	0.0099046881972899	0.0043443521968899	0.0783516999999999	0.0708320799999999	0.0050171835571263	0.0061389888928899	0.00144595	0.00014428	2.0816718400000033e-08	2.0907714025000003e-06	0.00172736	-0.00021392	2.9837725696e-06	4.5761766400000015e-08	-0.00451863	0.0	0.0	2.04180170769e-05	0.0	0.0
60379.44978991787	-15.864936358455452	251.69620565784172	3645677956.9332128	98713.33181423612	-1389.470389660477	1930627.9637432373	9744321877.86748	59394.472272888685	-35.83641367510427	3527703336.5749426	1284.2485450932002	66748.7582529974	60407.174190442514	1.471989	25.797667	0.1032861	0.0457151	0.0992731723	-0.0332549438	0.195130327	0.0814056451	0.1874932124	-0.1084375868	-0.0901930048	0.0966503656	-0.0541970856	0.0594393801	0.0098899259	0.1653315391	-0.0042238401	-0.1606101335	0.1404530941	-0.0489933057	0.0134185307	0.0819396067	-0.1070093595	0.1450271396	-0.0180969357	0.0955196699	-0.0418897351	-0.0031404789	-0.0057399871	0.0992099697	0.1771512319	-0.0997649129	-0.0091208479	-0.0585030698	0.0729810446	-0.1403486485	-0.02840938	-0.0467994523	-0.1557688347	-0.0755329137	-0.1655316607	-0.0053975681	0.0273589049	-0.0987109827	-0.0028001029	0.0489387701	0.003810333	-0.0341619989	0.0039024915	-0.0189923526	-0.0238609815	-0.0517327056	-0.0573232014	-0.0742052001	-0.0965475102	0.0685155754	-0.0491536093	-0.0523374951	-0.0243087321	-0.0291866984	-0.0347194912	-0.0833769541	-0.0281250679	-0.0479680241	0.1124003236	0.0154933484	-0.0296870171	0.0706354263	-0.0362585004	-0.1134566236	0.1069569052	0.1523203854	-0.1233816537	0.0820454949	-0.1410211666	-0.026654606	0.0027872752	0.0081088029	-0.0232239054	0.1055686697	-0.1604169164	0.062489576	-0.0194035867	0.0106908226	-0.22771647	0.1379336711	0.0569981882	0.1474097325	-0.1218884046	-0.0664583966	0.059061856	-0.1204112889	-0.0712196804	0.0678321427	0.0439547694	-0.069966477	0.0120693135	0.0398963394	0.0473440307	0.0331894729	0.0406206378	-0.1038164845	0.0937687052	-0.074906629	0.0067807509	0.0650053833	-0.1017015476	-0.240743	0.016055	0.057957192049	0.000257763025	-0.0721934999999999	0.0273288	0.0052119014422499	0.00074686330944	0.0527449	-0.0256067999999999	0.0006557082062399	0.0027820244760099	0.00178037	0.00033442	1.1183673640000001e-07	3.1697173369e-06	0.00185687	0.00012951	3.4479661969e-06	1.67728401e-08	-0.00429665	0.00022198	4.927512040000004e-08	1.84612012225e-05	0.0	0.0
60389.62133226922	10.1715423513524	103.46027380535553	3646906364.6548657	99257.33950014468	544.007685908553	295944.3623275788	9852019444.64698	59569.90378438146	175.431511492774	3548573436.880465	30776.215224639294	66916.2855511787	60551.37037037461	1.396137	24.468315	0.0763557	0.0439015	-0.0684816312	0.0594654595	0.0876013558	-0.0508264077	-0.0378547607	-0.1198849545	-0.0292757194	-0.0987015091	0.0077528021	0.0285876118	-0.0294205263	0.0995123494	-0.1008064659	0.0466000083	-0.0991281411	-0.0230972608	-0.0793038843	0.0463619762	0.0264455063	0.0316358283	0.082931766	-0.0116954659	-0.0281249153	-0.06801434	0.0362638514	-0.0269051498	-0.0894977737	-0.0206143923	0.1457437267	-0.0638641219	0.0797728267	-0.07880761	-0.0631548684	-0.0300660179	-0.0323309978	-0.0191814205	-0.0299226385	0.0081632486	0.0047019231	-0.0409666567	-0.051314933	-0.0843914295	0.1690374378	-0.1081832593	0.0155301884	0.0105759532	-0.0443490805	-0.0079868136	-0.0353723888	0.0534219076	0.0113688548	-0.0722237877	0.0083062396	0.0183651887	-0.0662485279	0.1126391681	-0.0307079888	-0.0358218996	-0.0082984807	0.0248313815	-0.125619975	0.0494216757	0.007795064	0.0433874732	0.0630915956	-0.0587828136	-0.0367515949	0.1375609957	-0.0301849259	0.0590532933	0.0404026623	-0.0546247399	0.0397167687	0.0645785381	-0.0089778593	0.0186973272	-0.1343252616	0.0984593999	-0.0367142935	-0.0220064589	0.0439841576	-0.11037238	-0.1096719452	0.0264952604	-0.0252232632	-0.0268686441	0.0775766973	-0.0146735488	0.0876693274	0.0438858019	0.0851410262	-0.0814204533	0.1140211731	-0.0916553384	0.003704781	-0.0807441036	-0.0382964286	-0.0790230499	0.0953885689	-0.0760555728	0.010161857	0.0609896438	-0.1005848622	-0.233648	0.007095	0.054591387904	5.033902500000025e-05	-0.0723348999999999	-0.0001413999999999	0.0052323377580099	1.999395999999996e-08	0.0890486999999999	0.0363037999999999	0.0013179658944399	0.0079296709716899	0.00135421	-0.00042616	1.8161234560000008e-07	1.8338847241e-06	0.00186504	8.170000000000052e-06	3.4783742016000004e-06	6.674890000000084e-11	-0.00451863	-0.00022198	4.927512040000004e-08	2.04180170769e-05	0.0	0.0
60405.70018923167	16.07885696244921	258.52964121890136	3648848615.351343	98656.19604793595	-601.143452208722	361373.45013342006	9733045018.648771	59423.23843055914	-146.66535382231814	3531121265.575081	21510.72601182577	66850.44882508709	60058.62489602266	1.325034	23.222181	0.078968	0.0417508	0.0317527018	-0.1260791169	0.1648864938	0.0509918869	0.0737001468	-0.0690786608	-0.1622584257	0.0923629248	-0.0744462632	0.0768611249	0.041483238	0.0436686751	-0.12774024	-0.0398674128	0.0830946645	-0.1090605046	-0.0015565281	0.0050418424	0.0195661477	0.0489777103	-0.062386869	0.0345175118	-0.0376098074	0.0852174653	0.0141254603	-0.0130889859	-0.040077076	0.0167679038	-0.0802730784	-0.0987419383	-0.0668060453	0.0234383577	-0.1029776086	0.0530357862	0.031158079	0.0889959331	-0.0073449399	0.0080811248	0.0373528179	0.0008937733	0.0408164599	-0.0253452869	0.1419726934	-0.131241144	0.1634960337	-0.1179044722	7.62873e-05	-0.0347594318	0.0117760897	0.0159986562	0.0208240055	-0.0330146379	0.2312993476	0.1008816874	-0.004913183	0.0539971482	0.1336837381	-0.0296747891	-0.0909121752	-0.1176434993	0.0731245861	-0.0066825529	-0.0774695658	-0.000106703	0.0303080758	-0.0135649495	0.0021875966	0.0599113505	0.1329453473	0.0265080663	-0.1216249829	0.0227299272	0.1389249571	-0.0852741682	0.0273844428	-0.0054314908	0.0090083119	-0.0476251964	0.0465891097	0.1210722651	-0.1344693292	0.0320594475	-0.103289216	0.1063796823	0.0332045356	0.0150957303	-0.0831677477	-0.0170225394	0.2092343215	-0.01886771	0.0553876258	0.0186618237	0.0683646506	-0.0552896944	0.0227111714	-0.0478320357	0.1037479375	0.1120009693	-0.0821181563	-0.0771837238	0.0135318513	0.0568238659	-0.0990283447	-0.23662	-0.002972	0.0559890244	8.832784000000014e-06	-0.0972305	-0.0248956000000001	0.00945377013025	0.00061979089936	0.0824223	-0.0066263999999998	4.390917695999859e-05	0.00679343553729	0.00117894	-0.0001752699999999	3.0719572899999984e-08	1.3898995236e-06	0.00173294	-0.0001321	3.0030810436000005e-06	1.7450410000000002e-08	-0.00393652	0.00058211	3.388520521000003e-07	1.54961897104e-05	0.0	0.0
60580.36419489151	174.66400565984077	30507.514873140888	3669980525.9856935	99330.16488233024	673.9688343942835	454233.9897347891	9866481655.55091	59560.37393465909	137.13550409994787	3547438143.236418	18806.14648474682	66916.27857663642	60627.65708525409	1.296973	22.730387	0.0701111	0.0368483	0.0027669085	0.0635732607	0.0798237244	0.0228872406	-0.0713973893	0.013706001	0.0369757669	0.0344869221	-0.0277509032	0.1004089641	-0.0394176325	0.0605893822	0.1066972987	0.1111556841	-0.0536750428	0.0011016427	0.0007136102	0.0988421842	0.0055128582	0.0078249723	0.0349679414	-0.1020317999	-0.0688115349	0.022731118	0.0210005939	0.1410194909	0.1412687079	0.0127920572	-0.0012473965	0.004095601	-0.0592865092	0.0624724159	0.182129078	0.0112757753	-0.057552767	0.0864858181	-0.0308007582	0.086248714	0.057557193	-0.0292507549	0.0507430857	-0.1992918773	-0.0239183777	0.0367387144	0.0600154262	0.0908210093	0.0548959266	-0.017089937	-0.0410583517	0.0032709995	0.0146222144	0.0016285164	0.0391299324	0.0724829486	-0.0457975477	0.0307964713	-0.1060539712	0.0314500041	0.0855749928	-0.0002145667	-0.0057764048	-0.0106266771	0.0469364107	0.0452069497	0.0522572239	-0.0134436127	-0.0034412406	0.0482901449	-0.012630418	-0.0875650521	0.1253545981	0.0632227542	-0.0475360391	0.0143340268	0.1575423973	-0.0092716247	-0.0367732409	-0.0551160733	-0.0459382444	-0.11867817	-0.0566789806	-0.0598208524	0.133542035	0.12290457	0.0607986804	-0.0646537353	0.0096570367	0.0590103063	-0.0916149719	-0.0045695634	0.0809578433	-0.0167786295	0.1959666327	0.0195643182	0.1644963679	0.0281353907	-0.029324531	-0.0025744881	-0.1158149802	-0.0782907735	0.0168870486	0.0525182979	-0.0970388015	-0.230053	0.0065669999999999	0.052924382809	4.312548899999986e-05	-0.072134	0.0250964999999999	0.005203313956	0.0006298343122499	0.0795122	-0.0029100999999999	8.468682009999993e-06	0.00632218994884	0.00157725	0.00039831	1.586508561e-07	2.4877175625000005e-06	0.00203533	0.00030239	4.1425682089e-06	9.143971210000005e-08	-0.00394657	-1.0050000000000165e-05	1.0100250000000328e-10	1.55754147649e-05	0.0	0.0
60525.206457843706	-55.1577370478044	3042.3759562347345	3663300616.7646055	99400.6376290027	70.47274667245802	4966.408023560442	9880486761.052307	59557.816402214616	-2.5575324444725998	3547133494.5999045	6.540972204529989	66975.68071152989	60907.56000889533	1.292272	22.648005	0.0925033999999999	0.0501523	-0.0274073446	-0.062994699	0.0469019744	-0.0845612354	0.1070552072	-0.1644008818	-0.0751387539	-0.045906939	-0.038165514	-0.024247134	0.0516393232	-0.0804375469	0.0744106194	-0.0635069693	-0.0724180532	-0.0839196506	0.0878891489	-0.0733917493	0.0983210127	0.0871738144	0.0276112247	-0.0031254907	0.0134114725	0.0296863059	-0.0541911898	-0.1474336085	0.0386842851	-0.024322852	0.0182671127	0.1506721517	0.0255617744	-0.0525947895	-0.0200481933	-0.0094001452	0.0413126325	0.1105718647	0.1441323595	-0.0451371273	-0.0143350346	-0.0485441334	0.1118945238	0.0272685727	0.0173883334	0.0693626432	-0.0712967901	0.0367177432	-0.0396412519	0.1568139503	-0.0010161034	-0.2051790201	-0.0250874558	-0.0578380396	0.0046862068	-0.0105184918	0.0422724807	-0.1551519828	-0.002677981	-0.1156303519	0.0113700286	-0.0718411447	-0.0487934173	0.0099221944	0.0395448217	-0.1034707327	0.0726966158	-0.1114840725	0.0170077795	-0.0357564029	-0.0295928323	-0.0672621388	-0.1352726013	0.0053332362	0.0061575518	0.0016841101	-0.0608867353	-0.0420852391	0.1632743503	0.0045831425	-0.0999117438	-0.0989400864	0.0005724513	0.0195142742	-0.013327491	-0.0782898739	-0.0812567181	0.1251154258	-0.0632506334	-0.0814902655	0.0250894865	0.163366595	-0.0542909731	-0.057023091	-0.0458609252	0.0484539203	-0.1413783105	0.0915283659	-0.1043956773	-0.0709186337	-0.0664641901	-0.0793764193	0.0202237803	0.0480835316	-0.0946249323	-0.236187	-0.006134	0.055784298969	3.762595600000001e-05	-0.0945656	-0.0224315999999999	0.00894265270336	0.0005031766785599	0.0377924	-0.0417198	0.00174054171204	0.0014282654977599	0.00178037	0.00020312	4.12577344e-08	3.1697173369e-06	0.00203533	0.0	4.1425682089e-06	0.0	-0.00370533	0.0002412399999999	5.81967375999999e-08	1.37294704089e-05	0.0	0.0
60537.1712036067	11.964745762990788	143.155141173006	3664749097.334788	99967.8930724344	567.255443431699	321778.7381028934	9993579645.341677	59657.893938048815	100.0775358341998	3559064309.1234818	10015.513178645546	67413.39792358635	61121.96075061562	1.336142	23.416864	0.3139103499999999	0.174459	0.0492126608	0.0503813892	0.1117379032	-0.1685947028	0.1299322279	-0.239299868	-0.0459758584	-0.0879087379	-0.1213673595	-0.2003544707	-0.242788263	-0.037108222	0.268609038	-0.1679995678	-0.1577498697	-0.073238032	0.0282160075	0.101723847	-0.0046004302	-0.0034742509	-0.0041942614	-0.0087405683	0.039574877	-0.0353808727	-0.2675359408	-0.0358357068	0.0595769154	-0.0733334254	0.08534116	0.0865463917	0.0499975384	0.0580439681	-0.0232724711	0.0598304412	-0.1154325325	-0.0370047845	0.0920393874	-0.1652009392	0.0320297491	-0.0633140969	0.227859241	0.085176767	0.0124440229	0.1429268431	0.0012365536	-0.0893309661	0.0898147882	-0.0407423138	-0.2033115088	-0.0356661837	0.0057296477	-5.3313e-05	0.0235912833	-0.0776814883	-0.0605684645	0.0289635896	0.1371135535	-0.1038951464	0.0035976821	-0.2274491874	-0.1014019548	-0.0193253365	0.3966874578	0.0709816522	-0.0012673539	-0.1136036585	0.0438478378	0.0962016136	-0.1826032105	-0.006853637	-0.1761046741	0.0079451541	0.1397326146	-0.185768471	-0.2418401785	0.1235003471	0.1272831915	-0.178247639	0.1013149937	-0.0119408664	0.0346069019	0.2123586204	0.0541058863	-0.0631514702	-0.0955964085	0.0253689859	-0.0323732591	-0.0091668821	-0.0132107623	-0.0260333126	0.0122799498	0.1124059221	-0.0987031811	-0.0113149637	0.0419802312	-0.1159235126	0.0165882595	-0.0329204228	-0.051526012	-0.0804403643	0.0235383975	0.0435304769	-0.0917972923	-0.236103	8.400000000000074e-05	0.055744626609	7.0560000000001245e-09	-0.0186777	0.0758879	0.0003488564772899	0.00575897336641	-0.102593	-0.1403854	0.0197080605331599	0.010525323649	0.00219683	0.0004164599999999	1.7343893159999982e-07	4.826062048899999e-06	0.000863089	-0.001172241	7.449226219210001e-07	1.374148962081e-06	-0.00406769	-0.0003623599999999	1.3130476959999966e-07	1.6546101936099997e-05	0.0	0.0
60454.37467823384	-82.79652537285438	6855.264613817719	3654731417.7362814	99469.5278079186	-498.3652645158	248367.93687590325	9894186962.33029	59437.03778328384	-220.85615476497333	3532761460.451511	48777.44109756985	66781.07886422554	60087.347288321376	1.808792	31.700388	0.3327267	0.189876	-0.0593222904	-0.1265936688	0.1293261215	0.0816779725	-0.0343649142	-0.0049582022	-0.0076066295	-0.041311171	0.0406193537	0.1666802455	0.2684425039	-0.0065957232	0.0370837393	-0.0023283043	0.0892299375	-0.0281558079	0.0655853308	0.0751557709	0.0478062683	0.1605335556	0.0127455331	0.0133442731	-0.1552503714	-7.9556e-06	0.1144222212	-0.0421295954	-0.0700202803	-0.0932607258	-0.0173904467	0.1031861884	-0.1559976128	-0.0446928775	-0.0883662866	-0.0911991218	0.0187646562	-0.0342140065	-0.0435870224	-0.1601514418	-0.0619723935	0.1062580053	-0.0346354964	0.0188314161	-0.0712956155	0.0783637424	0.0277032709	0.0387022281	0.0132197693	0.0315583268	0.0596954848	0.0771750605	0.0094398029	-0.1544431008	0.1080957428	0.1569388582	-0.0575979575	0.1404298743	0.1130346075	0.0309345394	-0.0209439093	0.0090709832	0.0436683049	0.0944824086	-0.1689734404	-0.0953374103	0.106620283	0.0184501849	0.1468513815	0.0631012768	-0.1665135612	0.0691764382	0.1228554753	0.0110326525	0.1240357448	-0.019926193	0.036844416	-0.0927168616	0.1078250203	0.1556630186	-0.0029106216	-0.0547386972	0.0353377219	0.1252081578	-0.1201197504	-0.0177346498	0.028038226	0.0150508122	0.0296872743	0.1746146969	0.0859770266	0.0309935741	-0.0542625357	0.1175811896	-0.0660991663	0.0414283559	0.0264946755	-0.0856930968	-0.0715696524	-0.0245787988	-0.0998582374	-0.0814823178	0.0268272759	0.0388703345	-0.0885682462	-0.195919	0.040184	0.038384254561	0.0016147538559999	-0.101968	-0.0832903	0.010397473024	0.00693727407409	0.0602642	0.1628572	0.02652246759184	0.0036317738016399	0.0017959	-0.0004009299999999	1.607448648999999e-07	3.22525681e-06	0.000998803	0.0001357139999999	9.97607432809e-07	1.8418289795999973e-08	-0.00367643	0.0003912599999999	1.530843875999997e-07	1.35161375449e-05	0.0	1.0
60503.49040911023	49.115730876386806	2412.355019521656	3660672351.6852937	98539.28643422067	-930.2413736979216	865349.0133393961	9709990970.965387	59382.64706950542	-54.39071377841901	3526298772.981441	2958.3497453259	66634.42535973954	60788.38380349107	1.349542	23.651699	0.18750805	0.0789620999999999	0.0808242934	0.050626746	0.1067454054	0.0505463784	0.1637400316	-0.0173477028	0.0129020406	0.1733755773	0.0143373289	-0.0888369697	-0.0262493435	0.156403827	0.0262885348	-0.0136560678	0.1305450412	0.0954756053	0.0122484654	-0.1361980107	-0.0717893749	-0.1154968526	-0.028822487	-0.0642851552	0.0726509066	-0.1895000694	0.0424846748	0.0522434755	-0.0038363734	-0.0594596106	-0.1218561761	-0.1102927537	-0.0968359922	-0.0052793404	0.0606723984	-0.0108345604	0.1588417481	0.1696372468	0.0937581002	-0.1652918696	0.0455803645	0.1010311616	-0.0296894097	-0.0641329838	-0.0169996272	-0.0323090017	0.0248615318	-0.0007318848	0.000702018	0.0199622787	0.0724406477	0.0103544006	0.0390261644	0.0435843829	-0.1040420169	0.0882432143	-0.0255438455	0.0524647492	0.0174664096	-0.0288351754	0.0049319054	0.055167166	0.1118830549	-0.067607217	0.0402668468	0.0216101941	-0.2566038386	-0.0276912422	-0.0003822463	-0.1142942864	-0.0235118014	0.0334784577	-0.039710631	-0.060611934	-0.0394028853	0.0982892571	0.1403590302	-0.0776996938	0.1276836282	-0.0311875836	0.0197992168	0.0761031218	-0.0489546232	-0.0272423401	-0.0615777348	-0.0161257476	0.1300507924	-0.0789357544	0.0298860668	0.1107571671	0.1208624667	0.0967928611	0.1155778259	0.0770794132	0.0456856316	0.0130210066	-0.002175774	-0.0364916145	-0.1150647534	0.1274078398	0.0197160399	-0.0825019948	0.030086819	0.0341145687	-0.0849519136	-0.23121	-0.0352909999999999	0.0534580641	0.0012454546809999	-0.0617421	0.0402259	0.00381208691241	0.00161812303081	0.0265369	-0.0337273	0.00113753076529	0.00070420706161	0.00224158	0.0004456799999999	1.9863066239999997e-07	5.0246808964e-06	0.00154634	0.000547537	2.3911673956e-06	2.9979676636900005e-07	-0.00424849	-0.0005720599999999	3.272526435999997e-07	1.80496672801e-05	0.0	0.0
60575.06130843301	71.57089932278177	5122.3936298717645	3669338052.520418	99303.36957465278	764.083140432107	583823.045492591	9861159208.880075	59423.38805042614	40.74098092071654	3531139047.391528	1659.827526382189	66775.64649323557	60722.96133587418	1.187268	20.807724	0.0837748999999999	0.0467072	-0.0704114116	0.0056964322	0.0164099735	0.0407907427	0.007805539	-0.0506456683	0.0169282176	-0.0946196888	0.0425071845	-0.0128793537	0.0740120238	-0.0353086517	-0.0090639346	-0.0001993586	0.0295245707	-0.0512261059	-0.1403598042	-0.0252097675	0.051243446	0.008827858	-0.0509167407	-0.0222018925	0.0649007537	0.0020781274	0.0326148484	-0.0179600026	0.0954368023	0.0092097643	-0.0263449337	-0.0237312916	0.0392691921	0.1049276973	-0.1075547253	0.005064338	-0.1464130245	-0.0651984827	0.0142164044	-0.0564558845	-0.0444547227	0.0297245046	-0.0040402402	-0.0862200756	-0.0491613382	-0.1124305663	0.0478615629	-0.0508240849	-0.0028737428	0.1323750553	0.0403071258	0.1058604128	0.0331213594	-0.036502894	0.0525035861	0.2151746797	-0.0443036005	-0.0537377954	-0.0734325026	0.0010095362	-0.0514726837	0.0240156975	-0.0657600614	0.0844287048	-0.0857027825	0.0330204335	-0.0140764675	0.0319822503	0.0207891394	-0.0502987601	-0.0107147535	0.0864297989	-0.0297279492	-0.0196246899	-0.0516768537	0.0250948574	0.1019724128	-0.0939856198	-0.1217310566	-0.0305782755	0.0582166669	0.011325867	0.0195546158	0.0118674875	-0.0343921123	-0.0487606205	-0.1322303329	0.0173697033	-0.0347468145	0.063127119	0.0500633229	0.0692083572	0.0203994086	0.1919226038	0.1184105397	0.0216135787	-0.0048043416	0.0724584513	0.1064789961	-0.0851035074	-0.0891126298	-0.0834991166	0.0333134626	0.0292748789	-0.0809641079	-0.234585	-0.0033749999999999	0.0550301222249999	1.1390624999999926e-05	-0.0975356	-0.0357935	0.00951319326736	0.0012811746422499	0.0544513	0.0279144	0.00077921372736	0.00296494407169	0.00213342	-0.0001081599999999	1.1698585599999986e-08	4.5514808964e-06	0.00143583	-0.00011051	2.0616077889e-06	1.2212460100000018e-08	-0.00413332	0.0001151699999999	1.3264128899999886e-08	1.70843342224e-05	0.0	0.0
60505.79686978031	-69.26443865270267	4797.562461874011	3660951454.847117	98969.1705668885	-334.19900776428403	111688.97679063198	9794896722.697868	59420.63649276859	-2.7515576575460727	3530812041.205743	7.571069542800431	66843.72419672513	60557.997248493935	1.094706	19.185509	0.0885553999999999	0.0460956	-0.0310043586	-0.0978086201	0.0844333243	0.0014053973	-0.0205048142	-0.0872228949	-0.0956942092	0.0753708598	0.0135236268	0.0110137725	-0.030781109	0.0163545676	0.0830791723	-0.0960423945	0.047765284	-0.1011608258	-0.0091472833	0.0321198323	-0.0732217398	0.0308079026	-0.0148365383	-0.0182672604	0.1047514418	-0.0229204439	-0.084423036	0.1034142684	0.0606857288	0.0564644946	0.051527975	-0.1273606304	0.0593633037	-0.1066757051	0.0503367183	-0.0196599044	0.0542118819	-0.1124353779	0.1139428057	-0.0614549605	-0.0612674688	0.0596117706	-0.0682243123	-0.1023874433	-0.0106994788	0.0325010994	0.0938272769	0.0105737337	0.11083248	0.0248628418	-0.0025658168	0.0282351407	0.0131140764	-0.0043583317	-0.0269857147	0.0086136982	0.0168824154	-0.0619302683	0.0143925304	0.0120606035	0.0374031437	-0.1003984546	0.063471098	-0.0782879487	-0.0288332057	0.0644225278	-0.0290599638	-0.0767552058	0.0753691153	0.0081882325	-0.0152726599	9.09348e-05	-0.0690474982	0.0574616028	-0.1112545775	0.0802055892	0.0641627076	0.0246197329	-0.1208509087	-0.0247477298	0.0348614431	0.0510045715	0.1564921105	-0.0152641228	0.0671740382	-0.1060765288	-0.0819108005	-0.0743970741	-0.0420243889	0.0073920175	0.0496756845	-0.0091096736	0.0734747573	0.0622987539	-0.0539278463	0.0598235741	0.0368950466	0.0664583019	-0.0100682787	0.1508255525	-0.051531313	-0.0844734105	0.0365036785	0.0243631711	-0.0766222668	-0.247472	-0.012887	0.061242390784	0.000166074769	-0.0609137	0.0366219	0.00371047884769	0.0013411635596099	0.0333483	-0.021103	0.000445336609	0.0011121091128899	0.00229429	0.00016087	2.5879156900000008e-08	5.263766604100001e-06	0.00147206	3.623000000000016e-05	2.1669606436000003e-06	1.3126129000000116e-09	-0.00429509	-0.0001617699999999	2.6169532899999825e-08	1.84477981081e-05	0.0	0.0
60616.27722187733	110.48035209702356	12205.9081994823	3674333064.239485	99791.80684558256	822.636278694059	676730.4470236095	9958404713.506058	59502.46709549329	81.83060272469447	3540543590.4502616	6696.247542286775	66856.66387009884	61751.822651532086	1.247732	21.867399	0.1202793999999999	0.0658949	0.1040721398	0.090180855	0.0381736864	0.0297867543	-0.1372651823	-0.0045042015	0.0907640142	-0.0114243817	-0.1097913483	0.0594568311	0.0029815877	-0.0258025456	0.0562663199	0.0021907584	0.0343903524	0.023706579	0.0462038536	0.0381720838	0.056865388	-0.0365447216	0.0183399337	0.0242321387	-0.0586942342	-0.0285094942	0.0224487666	-0.0233406925	-0.1059323739	-0.0033792427	-0.0920064892	-0.0201558784	0.0268195166	-0.0046247061	-0.0970225644	-0.1111370856	-0.0676890961	-0.1675952374	0.0696681171	0.1105120187	0.040671965	-0.0529100381	-0.0228248909	-0.0980405644	0.0814822864	0.0012823736	-0.0413694455	-0.1032489247	0.0146798563	0.068724122	-0.0345239794	-0.0382866863	-0.1198498299	-0.0474060728	0.0958819139	0.0358353594	0.0440426172	-0.0232418399	0.0150877607	0.0295376894	0.0357747147	0.0305355965	0.067199791	0.0830939808	0.0511005773	-0.0006786823	0.0670097796	0.0491429749	0.0086416424	0.080151832	-0.0115629378	-0.0704479028	-0.0466647383	-0.0587166308	0.0116925227	0.1497451992	0.0407901603	-0.1553582082	-0.090394192	0.0574744516	0.0936897535	-0.0355895151	-0.0073221728	0.0585735587	-0.1021683552	-0.0629397289	-0.113687919	0.021812793	-0.0035296375	-0.0658259282	0.0726317499	-0.0574277098	-0.0436693391	-0.0911458882	0.009413927	0.0725774231	-0.0477883991	0.0352196472	0.1562237098	0.0683411362	-0.0901350783	-0.0854246103	0.0396539781	0.0193915285	-0.071945376	-0.238938	0.0085339999999999	0.057091367844	7.282915599999976e-05	-0.112703	-0.0517892999999999	0.012701966209	0.0026821315944899	0.0677544	0.0344061	0.00118377971721	0.00459065871936	0.00236229	6.799999999999992e-05	4.623999999999989e-09	5.5804140441e-06	0.0015604	8.83399999999999e-05	2.43484816e-06	7.803955599999982e-09	-0.00394043	0.0003546599999999	1.257837155999998e-07	1.55269885849e-05	0.0	0.0
60651.22739884536	34.950176968028245	1221.514870096492	3678571384.98645	98996.88189019095	-794.9249553916015	631905.6847043397	9800382623.980415	59596.0929550297	93.62585953641246	3551694295.504541	8765.801573932036	66889.90876830343	60402.201620649445	1.35354	23.721775	0.1398539	0.0701706	-0.1011799452	0.0275557708	-0.0265832465	0.1177385792	0.0420535129	-0.0274679027	-0.0059133591	-0.0406094151	0.1255757549	0.0658404223	-0.0737111736	0.024913115	0.0517604463	-0.2060553544	-0.0763742532	0.0503743613	-0.0124754503	0.0824112022	0.0387043361	-0.0247973469	-0.1067634435	0.0156384105	0.0292854469	-0.0312389912	-0.0904836385	0.0788901503	0.0488454575	-0.0362411548	-0.0125111397	0.0022811183	-0.0493591373	-0.1155292921	-0.1498778661	-0.0376914492	-0.0422415922	0.0043765811	0.0791564931	-0.0802459322	-0.0531403162	0.0555206616	-0.0245711814	-0.0766798917	-0.0845844705	-0.0010059934	-0.038661525	0.066951637	0.0024619081	0.0248102627	0.0210504404	-0.0694936847	-0.0679396303	-0.1557456741	-0.030818934	-0.1021666941	-0.1111103032	-0.0020278994	0.073735256	0.0681467179	-0.0195339476	0.0291561335	-0.0588273071	-0.0399535185	0.0510738737	0.1009262875	0.0329812491	0.0319681967	0.1403364801	-0.0638841738	-0.0516945025	-0.0311302044	-0.0095868581	0.0130006127	-0.0194919057	0.0270586888	0.0711399398	-0.0272590825	0.0116458429	0.0503728123	-0.010687913	0.0850049544	0.1774314859	0.0976174898	0.031834959	0.0037406441	-0.0975429431	0.0623217882	0.0503882795	0.0402631017	0.0536949896	0.0599555924	-0.0055950893	-0.0672253819	-0.0345681895	0.0672799807	0.0210074913	0.0004579023	-0.0605926039	-0.0851819507	-0.0963304821	-0.0863524559	0.0427609166	0.0143721814	-0.0669538864	-0.281368	-0.0424299999999999	0.079167951424	0.0018003048999999	-0.0777275999999999	0.0349754000000001	0.0060415798017599	0.00122327860516	0.0264534	-0.041301	0.001705772601	0.0006997823715599	0.00229429	-6.799999999999992e-05	4.623999999999989e-09	5.263766604100001e-06	0.00168582	0.00012542	2.8419890724e-06	1.57301764e-08	-0.00416996	-0.00022953	5.268402090000016e-08	1.7388566401600003e-05	0.0	0.0
60644.661628422255	-6.565770423105278	43.10934124892405	3677774984.025831	99542.3309401524	545.4490499614476	297514.6661038457	9908675648.99882	59441.04350949122	-155.04944553848327	3533237653.497228	24040.33056179109	66673.56023042572	61624.20207743976	1.189956	20.854849	0.0836039999999999	0.0432819	0.0025469185	-0.109369819	-0.0549309516	0.0199752242	-0.1506529936	-0.0289001088	-0.0057543403	0.0316466596	0.0396592845	0.0457970695	0.0987813324	-0.0717252976	0.0510669732	-0.0943958188	0.0844171293	0.0176818956	0.0620426543	0.0716560369	0.0368968577	0.0388816664	-0.0469695464	-0.0225327914	0.0171028284	0.0748468255	0.0237166882	-0.1225708634	0.0235834901	-0.0025626291	-0.1125083667	-0.09638513	0.1549753069	0.0769704484	-0.1223351488	-0.0251752296	0.0479641668	0.036615042	-0.0309507365	-0.0894212509	-0.0798569847	-0.0118501986	0.0654532118	-0.0940234513	0.067712938	0.0071872959	-0.2180174135	0.0685912026	-0.0737944874	-0.0238999475	0.0510035053	0.0651145828	0.0082745079	-0.0066098527	-0.044200044	0.0458517614	-0.0752162098	-0.1285965964	-0.1451445415	-0.0706239062	0.0132494667	0.0420192903	0.0760467732	0.006403058	-0.122752549	-0.0173860019	0.075953981	-0.0167257125	0.0894209552	-0.086419621	-0.0111561949	0.0171181964	0.007056754	0.0406672924	-0.0489113879	0.0417048032	-0.0704511665	-0.1346221742	-0.049376542	-0.1177182447	0.0961619129	0.0760047715	-0.0252006227	-0.0580641487	0.0056203236	-0.0516047577	0.010377441	0.1252026373	0.0350674852	-0.1294949762	0.0863441625	0.1753513634	-0.0182373088	-0.0156192775	-0.0034823199	-0.0013251342	-0.0314290156	0.0419780607	0.013507966	-0.1337403981	-0.0511833445	-0.0872566935	0.0458210968	0.009317478	-0.0616696245	-0.28778	-0.0064119999999999	0.0828173283999999	4.111374399999966e-05	-0.0903374	-0.0126098000000001	0.0081608458387599	0.00015900705604	0.0615446	0.0350912	0.00123139231744	0.0037877377891599	0.00221059	-8.369999999999992e-05	7.005689999999986e-09	4.8867081481e-06	0.00159523	-9.058999999999998e-05	2.5447587529e-06	8.206548099999997e-09	-0.00458549	-0.0004155299999999	1.726651808999999e-07	2.10267185401e-05	0.0	0.0
60581.31454318889	-63.34708523336303	4012.853207562961	3670095671.78079	99303.62712191358	-238.70381823882053	56979.51284179187	9861210359.56805	59428.15827979727	-12.885229693943984	3531705996.5286374	166.02914426569578	66814.2496886139	61097.08974664341	1.194327	20.931454	0.0818077	0.0431675	-0.0380724719	0.1081537021	-0.010801755	-0.0123865081	-0.0200610382	-0.0962300041	0.0546827389	-0.0789225948	-0.0021214412	-0.0198253271	-0.1245628369	-0.0056641389	0.1067059182	-0.1602174781	0.0584385112	0.0775793182	-0.097253173	-0.0197870595	0.0504648613	-0.0523246909	-0.0601676611	-0.1591231046	-0.0371498898	-0.0396288199	0.0028997128	0.0956018934	-0.0381268806	-0.1092849627	-0.0172840553	0.0584431169	0.0546611351	-0.0587035828	0.1014082847	-0.0255070713	0.0584602397	0.0440510238	-0.1369781256	-0.0292962443	0.0196525422	0.0520678092	0.066553567	0.0088007838	-0.0388451117	0.083269987	-0.1116392752	0.0578825548	-0.0702343548	-0.0429036264	0.0118437372	0.1035548998	-0.0331518767	-0.0215641879	0.042922084	-0.020993607	-0.050941688	-0.1098940789	0.0775542317	-0.134282608	-0.0244274614	0.0188502735	-0.0108407114	0.088289352	0.0840962596	0.0919014712	-0.0927813216	0.028371033	0.0715122452	-0.1008549279	-0.0677371329	-0.076713246	0.0498801698	0.023435478	0.0005002573	0.0163986451	0.0144858942	0.1888101805	0.097521203	0.0072662712	0.0223147998	-0.012093146	-0.1128819699	-0.021415189	0.0366060523	-0.0857944976	0.0654806641	0.0411112882	0.0527507139	-0.018443714	0.0380926067	0.0790615587	-0.0388529057	-0.021611643	-0.0183143271	0.0440635329	0.0596788408	0.0302047618	0.0163708253	-0.0094465715	-0.0617174866	-0.088137076	0.0488311722	0.0042398529	-0.056115697	-0.305667	-0.017887	0.093432314889	0.000319944769	-0.0760433999999999	0.014294	0.0057825986835599	0.000204318436	0.0264639	-0.0350807	0.0012306555124899	0.00070033800321	0.00240728	0.0001966899999999	3.868695609999992e-08	5.794996998399999e-06	0.00166432	6.908999999999995e-05	2.7699610624e-06	4.773428099999993e-09	-0.00461063	-2.5139999999999885e-05	6.320195999999941e-10	2.12579089969e-05	0.0	0.0
60526.84994222239	-54.464600966501166	2966.3927584402	3663499563.9283066	99449.1587155189	145.531593605323	21179.44473730489	9890135169.22447	59413.827741638685	-14.330538158588752	3530002926.9131145	205.36432391476828	66729.61580018632	60950.00304946756	1.29864	22.759604	0.1820041	0.0888613	-0.0319409945	-0.1322908898	0.0114015339	0.0171894261	-0.0943589655	0.000293076	-0.0233671946	0.0041182879	0.0244342913	0.0450644512	0.1126346694	-0.040979001	-0.002975103	0.0124339523	0.0842353126	-0.012460644	0.0246028498	-0.0131232136	-0.0011987256	0.108336535	0.0685033848	-0.0448771932	-0.0175804564	0.0091148202	0.0466386641	0.0562180318	-0.0964559924	0.1276186614	-0.0625001617	0.0134487716	0.0170967683	0.0451214638	-0.0400631909	0.0056314297	-0.0199972965	-0.0223610583	0.0696415116	-0.0604670795	-0.1354180629	-0.0156993158	-0.0612487756	0.0577683961	0.0192981542	0.0400576015	0.0330916688	0.0649355772	0.0504783926	0.013433111	-0.0153790597	-0.0119350737	0.1071341198	-0.0793055814	-0.180616061	-0.0098478157	-0.0033976962	-0.0211716738	-0.0133608374	-0.1036984832	0.0953963035	0.0174889019	0.043227501	0.0318919868	-0.1457367698	-0.0598377675	0.066317574	-0.0374349664	0.0197679569	0.0619021875	0.0474244777	-0.0031715304	0.1015368047	-0.0337204978	-0.0672463362	0.0579230717	0.075264865	0.0139776497	0.0203738783	-0.1193564929	0.0414139394	-0.0685015675	0.1684362107	0.0260242635	-0.0745500064	-0.0590799044	-0.004566434	-0.0239331254	-0.0878663289	-0.0481024463	-0.0585865156	0.0955075956	-0.0336243569	0.0536314225	-0.0800376928	0.0080064149	-0.0111345485	-0.0258201327	-0.0785000248	-0.084757283	-0.0186369933	-0.0889933628	0.0517878515	-0.0008482025	-0.0503163898	-0.276309	0.0293579999999999	0.076346663481	0.0008618921639999	-0.110645	-0.0346016	0.0122423160249999	0.00119727072256	0.0961429	0.069679	0.004855163041	0.00924345722041	0.00189146	-0.00051582	2.660702724e-07	3.5776209316e-06	0.00189409	0.00022977	3.5875769281e-06	5.2794252900000006e-08	-0.00438891	0.0002217199999999	4.9159758399999954e-08	1.92625309881e-05	0.0	0.0
60583.78139454303	56.931452320641256	3241.190263337449	3670394568.0617785	99287.08867428626	-162.0700412326405	26266.698265149796	9857925977.415585	59478.36385427428	64.53611263559287	3537675766.7814407	4164.90983411393	66791.78587142538	61151.84983656777	1.282985	22.485237	0.1236827	0.0663296	0.0436171622	0.0932213088	0.0394273247	0.0136529445	0.0897105193	0.0457725444	0.0346497713	0.054775479	-0.026990407	-0.0045381977	-0.1022412711	0.0028617724	-0.0389090669	-0.0036950221	0.0448119383	0.1414743549	-0.0220153303	0.1276584259	-0.0315384853	-0.0942451915	0.0923987679	-0.1014962159	-0.0606485571	-0.0296339145	0.0107091961	0.0593892234	0.1215310488	0.0026169734	-0.0032241583	-0.0862678899	0.079360621	0.0649516241	-0.0051703572	-0.029176576	0.0748464012	-0.0297306861	0.0196280161	0.0150442683	0.0153858711	0.0162043854	0.1185845728	0.0414231948	0.0417447334	0.2198044403	0.0414930328	-0.0826822206	0.026610781	-0.0094908336	0.0163555645	-0.1030307821	-0.0580540197	0.0932661831	-0.0225023319	-0.0350442244	0.060726525	-0.0279950795	-0.0698720657	0.0694443369	-0.0179478356	0.0553347066	0.0761562791	0.0055012627	0.0953610428	0.1374638039	-0.0328432875	-0.0719018162	-0.046075291	-0.1146008428	-0.0312090674	0.0039108576	0.0393770815	0.0716261973	0.0685949101	0.1319984152	-0.0035855504	-0.0093632831	-0.0346215521	-0.0863328068	0.0979012707	0.0021964318	-0.0892738571	0.0813776746	0.0594138798	-0.0465649023	0.0651143027	-0.0237613423	-0.0144289442	-0.0648896988	-0.1645494778	-0.0201650701	-0.0759711712	0.0301674711	-0.1037000073	-0.1335161456	-0.0481187653	0.1006170112	-0.0796637212	0.0094999745	-0.0813417193	-0.0898253196	0.0546879015	-0.0059341712	-0.0442970619	-0.294098	-0.017789	0.086493633604	0.0003164485209999	-0.0925657	0.0180792999999999	0.00856840881649	0.0003268610884899	0.0408515	-0.0552914	0.00305713891396	0.0016688450522499	0.00240024	0.00050878	2.5885708840000014e-07	5.7611520576e-06	0.00189409	0.0	3.5875769281e-06	0.0	-0.00453059	-0.0001416799999999	2.0073222399999985e-08	2.05262457481e-05	0.0	0.0
60609.664691752834	25.88329720980255	669.9450744509725	3673531454.04671	99644.6994659047	357.610791618441	127885.47828196804	9929066131.650469	59581.53092313404	103.167068859766	3549958827.144378	10643.4440971157	66930.20120098833	61553.16998416979	1.084846	19.012707	0.1025694999999999	0.0616236	-0.0265127284	-0.0190329917	-0.0480320943	-0.0447115605	-0.0177457037	0.0648241037	-0.0048392724	-0.0532376413	0.0408822086	-0.0204672467	0.0604914948	-0.0989725849	-0.0610209416	0.0435082463	-0.0927774405	-0.0190966432	0.0444852192	0.0523796079	0.1027387333	0.039383209	0.1611302621	-0.0783071117	-0.0948052575	0.0962813002	9.52233e-05	-0.0307358401	-0.0124377268	-0.0254712615	-0.0200184501	0.0083262214	-0.1462151298	0.0505624441	0.0743397401	-0.1408954435	-0.0594028314	-0.0192576827	-0.1102857148	-0.0329699066	-0.0337083275	-0.0645671394	-0.1117135271	0.0633198238	-0.0576512114	-0.1163976597	-0.0228337577	-0.0713051644	0.0228120472	0.0137950147	0.0658530712	-0.0448517865	-0.1492333189	0.1043578051	-0.172107326	0.0135066103	0.113232979	0.0575497231	-0.0567024321	0.0303254488	-0.0934776911	-0.013184467	-0.0763619724	0.0081284953	-0.0285675057	-0.0833967549	0.1013498803	-0.0266066423	-0.0694629728	0.0109597215	0.0098832936	-0.0743535019	0.0946199218	0.1454601609	0.1288517754	0.0161984599	-0.0290727521	0.0177265579	0.0477415525	0.0543067185	0.0571770095	-0.0190109761	0.0118380468	0.1100624109	-0.0210124256	0.0120691889	0.0710411555	-0.1801805499	0.0712502881	0.0274294587	-0.1283126089	0.0140047777	0.106274212	-0.057287875	0.0271826096	0.0398340096	0.0633702836	-0.0092526559	0.1230238059	0.033479452	0.0492422204	-0.0906327191	0.0575281511	-0.0110055415	-0.0380840342	-0.294104	-5.999999999950489e-06	0.0864971628159999	3.599999999940587e-11	-0.101723	-0.0091572999999999	0.0103475687289999	8.385614328999988e-05	0.0945722	0.0537206999999999	0.0028859136084899	0.0089439010128399	0.00185309	-0.00054715	2.9937312250000017e-07	3.4339425481e-06	0.00184303	-5.105999999999991e-05	3.3967595809e-06	2.60712359999999e-09	-0.00433509	0.0001955	3.822025000000014e-08	1.87930053081e-05	0.0	0.0
60464.26137434126	-145.4033174115757	21142.124714291436	3655926903.544656	99593.97007619598	-50.72938970872201	2573.47098021939	9918958875.53822	59380.51464036674	-201.0162827673048	3526045518.9548087	40407.54593758504	66774.06819988455	61235.244813729405	1.066609	18.693096	0.1393829	0.0770790999999999	0.0578402461	0.0746771989	0.0691706084	-0.0539975029	0.0091083967	0.0341455931	0.0338339284	0.0083887134	-0.1145910612	-0.0312627467	-0.0888415921	0.0267095065	0.0291631216	-0.0263154762	0.0948307731	0.0340923304	-0.118593163	-0.0510431828	-0.0764047969	-0.0569691129	0.0702657339	-0.0036678677	0.0323540369	0.0218888672	-0.1334761384	0.0290650485	-0.115025105	0.1203444655	0.0442920054	0.0100472275	-0.1291261049	-0.0366056429	0.0136177253	0.0070936771	0.0910226739	-0.0338485384	-0.0062715355	-0.0404437903	-0.0236419414	0.0582804865	0.1160485383	-0.0924622071	0.0739975706	-0.0795625573	-0.1024894492	-0.1003347632	0.0530447195	0.0535910897	-0.0900750101	0.053599539	-0.0132788854	-0.0222720351	-0.0488165371	-0.0565434197	0.0791103107	0.0506782647	0.054035495	0.0997157726	-0.0540585117	-0.0012630085	0.0600207441	0.0523465866	0.0608401954	0.1247461355	-0.1168106842	-0.0382974488	-0.107672462	0.0554009206	0.084650006	-0.0039993844	-0.0047985714	0.0050182727	-0.00897985	-0.0279433821	-0.0428190704	0.0681130094	0.007124815	0.0248442193	0.0748449504	-0.090819705	0.1857493217	0.0090815494	-0.0812070856	0.0471811553	0.0580637857	0.0168706148	0.023026043	-0.0700154771	0.2046964653	-0.0983638918	-0.0166072566	-0.0482439326	-0.0535532162	0.0275756517	0.0382231907	-0.0192511095	-0.0388419449	-0.0490672708	0.0509540176	-0.0914153405	0.0603054945	-0.0160498375	-0.0317044747	-0.297793	-0.0036889999999999	0.0886806708489999	1.3608720999999985e-05	-0.0664529	0.0352701	0.00441598791841	0.00124397995401	0.0356899	-0.0588823	0.00346712525329	0.0012737689620099	0.00251823	0.00066514	4.424112196000004e-07	6.341482332900001e-06	0.00176683	-7.620000000000001e-05	3.1216882489000003e-06	5.806440000000001e-09	-0.00442458	-8.949000000000023e-05	8.00846010000004e-09	1.95769081764e-05	0.0	0.0
60543.31743978312	79.05606544185866	6249.86148314744	3665493286.6143465	98922.94428168405	-671.0257945119374	450275.61690037686	9785748905.357166	59491.18887202996	110.6742316632226	3539201553.4075413	12248.785554244663	66795.03769290748	60566.15979839848	1.142282	20.019318	0.084045	0.0469543	-0.055500513	-0.023874854	0.003335582	0.0529489605	0.0645233623	0.1596697135	0.0062077242	0.0559709919	0.122722961	-0.0674048984	0.0644534517	0.0577082786	-0.0149422244	0.0663434124	-0.0351475999	0.0047183582	-0.001440601	-0.1898529906	-0.1303598408	0.0211638179	0.0300099712	-0.0505152213	-0.0180608441	0.0835248373	0.0751591397	0.01454536	-0.0208170616	0.0718882625	0.0529293595	-0.0507284621	-0.1360790589	0.0934500793	0.0409970124	-0.0315097566	0.0633701542	-0.0233053067	-0.1099651291	-0.0509974489	-0.0522349868	-0.0550349108	0.0293831855	-0.0257177336	-0.0097556596	0.0320703864	-0.1110815732	0.0344986091	0.0804049216	-0.0105543069	0.0923350324	-0.0706381618	-0.0953363674	0.013822706	-0.0417079647	-0.0757487036	0.0776239989	0.0971656357	0.0311195743	0.0588384899	-0.1578809701	0.0130674437	-0.0431826752	-0.1144241029	-0.075498198	-0.1116266071	-0.1307394439	0.0762505224	-0.0954326536	0.044159391	0.0654865019	-0.0092087586	0.0021103738	0.033662122	0.0982673803	-0.0733029731	0.0024109587	0.044808993	-0.0410028136	0.0516803212	0.0845852629	-0.1381093956	0.0424328315	0.0118325153	-0.049641266	0.0461881575	0.0690934438	-0.0831305635	0.1006089583	0.0187997583	-0.0336988256	0.065738154	-0.0575879883	-0.0534079595	-0.0754367009	-0.0166531155	0.0656657187	-0.010211659	-0.0396312861	0.1118594039	-0.0101033614	-0.0921729699	0.0630168947	-0.0210546499	-0.0251862796	-0.2941	0.003693	0.0864948099999999	1.3638249000000014e-05	-0.080957	-0.0145041	0.006554035849	0.00021036891681	0.0764643	0.0407744	0.00166255169536	0.0058467891744899	0.00219682	-0.00032141	1.0330438810000017e-07	4.8260181124e-06	0.00189409	0.0001272599999999	3.5875769281e-06	1.6195107599999982e-08	-0.00447738	-5.2800000000000416e-05	2.787840000000044e-09	2.0046931664400004e-05	0.0	0.0
60630.04798118	86.73054139688611	7522.186810996975	3676002718.2001896	99464.46073254244	541.5164508583985	293240.06655027624	9893178948.815475	59424.47763591167	-66.71123611828807	3531268542.3009667	4450.389024429983	66691.09962962776	61246.38482723272	1.047126	18.351641	0.0901687	0.0548636	0.0636442987	0.0204262717	0.0011492307	0.0535213151	0.0658837751	0.0598369764	0.0464046316	0.0730311574	0.0066370863	0.0259211605	-0.0943342726	-0.0678766898	0.0080392134	-0.0640791799	0.0852414989	0.0748703603	-0.0608251737	-0.0564675135	-0.0475086784	-0.0615703784	-0.015952882	0.031650003	0.0419074216	0.0679186412	0.0499641342	0.0607465606	0.0952730231	0.0091355849	0.0377289967	0.0403086897	-0.0343514315	-0.0082970224	0.062028224	0.0643669627	-0.1260006315	0.0371320574	0.017559999	-0.0416915897	0.1523541686	-0.0146752036	-0.0247729032	-0.0056944225	-0.0133221058	0.0361394769	-0.0183126653	-0.053670708	0.0025321394	-0.0780138376	0.0241042602	-0.0091578689	0.0296583185	-0.0523078878	-0.1618942786	0.0253327606	-0.1071124754	-0.1712984728	-0.0576462084	-0.0932031338	-0.0887977317	0.064400238	0.0844857995	-0.0025636677	0.0079584193	0.1071826055	-0.0659066433	0.0321543646	-0.0441952003	-0.0861899982	0.0175531762	-0.0451708713	-0.0850956086	0.0053927615	-0.0458055691	-0.0368351239	0.0066007671	0.1051435753	0.0135985621	-0.0145261298	-0.074767152	-0.0909992839	-0.0286293183	0.0438769511	0.0230952367	0.0314134444	-0.0456723012	-0.0597009347	-0.027287918	0.0498472611	-0.024996295	-0.0072786801	0.0252405492	0.0309482852	0.0851293729	0.0902054928	-0.0952225502	-0.076725741	-0.0495272871	-0.0114311709	-0.1511472417	-0.0929054001	0.0656593869	-0.0260076665	-0.0185579513	-0.311435	-0.017335	0.096991759225	0.000300502225	-0.0746818999999999	0.0062751000000001	0.0055773861876099	3.937688001000129e-05	0.0263297	-0.0501346	0.00251347811716	0.00069325310209	0.00229429	9.747000000000012e-05	9.500400900000021e-09	5.263766604100001e-06	0.00189409	0.0	3.5875769281e-06	0.0	-0.00424637	0.00023101	5.336562010000012e-08	1.8031658176900003e-05	0.0	0.0
60709.30750759621	79.25952641620825	6282.0725277216125	3685620018.0518775	99117.603847174	-346.856885368441	120309.69892749582	9824299392.405325	59504.54825510072	80.07061918904947	3540791263.0436106	6411.304057317777	66747.63293654812	61339.34714157362	1.078626	18.903706	0.1027323	0.045922	-0.0552779409	0.0011255801	-0.0949460835	-6.64218e-05	0.0394254336	0.0839096015	0.0420342277	0.0186725492	0.1084155572	-0.1083164309	0.0352438936	-0.0132343688	-0.0081737711	0.0956913988	-0.0382238355	-0.0280007129	0.0477309149	-0.1357654832	-0.0401170659	-0.0298220392	-0.0470007872	-0.0819222821	-0.103900025	0.0423612946	0.0670193489	0.0164285559	-0.0424077629	-0.0351625119	0.1481940236	-0.1737242845	0.0316252956	0.0012957185	0.1286036047	-0.0090879067	0.0109489012	-0.1155830688	0.0048547837	-0.0544971893	0.0880708107	0.04013102	-0.0617335851	-0.0661605969	-0.0662654866	-0.0257713415	0.0891700314	0.0305288579	-0.0798576041	0.0145496683	0.0632655872	0.0135667509	0.0145328537	0.0983526573	-0.0111497281	0.0428360155	0.0303446168	-0.035933553	-0.0208931379	-0.0592664095	-0.139360301	0.0241447839	-0.0433203513	-0.0866653537	-0.0527193541	-0.1179832819	-0.0903404335	0.066556142	-0.0182743239	-0.0405721306	-0.0205328753	-0.1244486614	-0.0172298612	-0.0140341062	0.1003042391	0.0338976722	0.0476830713	0.0528966152	-0.0420801473	0.0501731116	0.1119491264	-0.0210054746	-0.0331105915	-0.1250616119	0.0168661485	-0.0223020374	-0.0167215604	-0.1627440223	0.0501076653	-0.0046833145	-0.004118182	0.0197886925	-0.0245917644	0.0548811009	0.0599301021	-0.0050544745	-0.1392848111	0.0471731118	-0.0107794484	0.0373580314	-0.0219294173	-0.0936124309	0.0682300815	-0.0308967027	-0.0118484738	-0.301082	0.010353	0.090650370724	0.000107184609	-0.0896543	-0.0149724000000001	0.00803789350849	0.00022417276176	0.0585666	0.0322369	0.0010392177216099	0.00343004663556	0.001985	-0.00030929	9.566030410000017e-08	3.940224999999999e-06	0.00170977	-0.0001843199999999	2.9233134529e-06	3.3973862399999986e-08	-0.00465616	-0.00040979	1.6792784410000016e-07	2.1679825945600003e-05	0.0	0.0
60674.27130559514	-35.036202001072525	1227.5354506599583	3681367198.464966	99405.35300925926	287.74916208525246	82799.5802807649	9881424206.895449	59502.248216361055	-2.300038739667798	3540517542.801442	5.290178203972633	66670.96188937945	61414.90423240447	1.054554	18.481821	0.1171948	0.0531894	0.0499355323	-0.0064415326	-0.0135512706	0.0884908089	0.05070745	0.002707665	0.0833534191	0.1068089198	0.0422276905	-0.071090515	0.0553583819	0.0008475796	0.0221086408	-0.0528828261	0.0160009834	0.1207631794	0.0733941805	-0.0504606986	-0.0951345133	-0.0462150036	0.0661932605	-0.0212266703	-0.0092321121	-0.0272859476	0.1154931077	-0.1258208768	0.037895622	0.0189855021	0.0149657225	0.0192826852	0.0214620753	-0.0133076139	0.0361314446	0.022360804	0.0987370287	0.103289372	0.0596097602	0.0758889149	-0.0925399563	-0.0159132832	-0.0099642715	0.0443478979	-0.0329934595	-0.0567413993	0.078307199	-0.1957472829	-0.0477353481	0.0231806274	-0.0591353154	0.0173067302	-0.0043092707	-0.0682742303	-0.0512182141	-0.1242051071	-0.0326596631	-0.051494218	0.0403656707	-0.0837706814	0.1589922115	0.1249143417	0.0892253556	-0.0986738755	0.0026192252	-0.0250192941	-0.0502369978	-0.0190982643	-0.0628288378	-0.0537510848	-0.0284441296	0.0629473309	-0.0120871044	-0.018917315	0.0328474054	0.0726373183	-0.0476185471	0.0042819671	-0.0175633027	0.045818883	0.021129129	-0.0908997545	-0.0274205005	-0.0211726811	0.0009958026	-0.0093060828	0.1416133568	0.1050775312	-0.1683019647	0.0218910773	-0.0661812114	-0.043175906	0.1355864439	0.0413353599	-0.030588887	0.000946204	-0.0502783151	0.0037080408	0.0408896638	0.0323171442	0.0121629613	-0.094293869	0.0707261675	-0.0357097311	-0.0050871859	-0.289885	0.011197	0.084033313225	0.000125372809	-0.113979	-0.0243246999999999	0.0129912124409999	0.0005916910300899	0.0850017	0.0264350999999999	0.0006988145120099	0.00722528900289	0.00219921	0.00021421	4.588592410000012e-08	4.8365246241e-06	0.00149088	-0.00021889	2.2227231744e-06	4.7912832100000015e-08	-0.0039845	0.00067166	4.511271556000002e-07	1.587624025e-05	0.0	0.0
60855.45868934583	181.1873837506937	32828.868030421145	3703386852.290677	99578.70433063273	173.35132137346957	30050.68062192792	9915918356.167572	59634.61546842717	132.367252066113	3556287362.067173	17521.089419533895	66789.36808368439	61789.64966239536	1.113117	19.50819	0.0697397999999999	0.0323251	-0.0173876627	0.0192375504	-0.1629501983	0.0983734563	-0.0602680213	-0.0221279773	0.1285136398	-0.0005550083	0.1240152785	-0.0814360608	-0.0011909758	-0.0054979665	-0.0748878989	0.0934209087	-0.1591386809	0.1082063195	-0.0001023416	-0.0342602149	0.0069875966	0.0747018028	-0.0905485477	0.0238074465	-0.1212497609	0.0656332068	0.0026922059	0.0564136292	0.0009020383	0.0460631921	0.0687388801	0.1022976182	0.0858074417	-0.0107472201	0.1177289527	-0.0164033308	-0.0287439359	0.0016764527	-0.0656758483	-0.0263610418	0.0432685509	-0.0475937884	0.0180245575	0.0326068156	-0.0106894067	-0.0770750067	-0.027912703	-0.0878930252	-0.0049312771	-0.1934143942	-0.0653611547	-0.0262453908	0.00970459	-0.000791759	0.0195007531	-0.1113836494	0.0155150074	-0.001146092	0.0017722985	0.0396396983	-0.1573484181	0.1348609072	-0.0984353913	-0.1051269474	0.0294797262	-0.0334218909	0.0715698833	0.1002894775	0.0537068244	0.100915493	0.0331642905	-0.0037456605	0.0364898117	0.0267828765	0.0380126163	-0.0265930873	-0.008567191	0.0774144935	-0.0684924545	-0.0389317608	-0.0247138763	-0.1589137612	-0.0352023924	-0.040956858	-0.0013768592	-0.0297209528	0.0432560313	0.0255936835	0.0626960881	-0.1122053222	0.0745603937	-0.0947303134	0.0858095053	0.0531286867	0.0096299396	-0.0286514163	-0.0567204525	-0.1063729087	-0.0360557363	-0.043174825	0.1179481359	-0.0949495281	0.0731449155	-0.0404349114	0.0016963469	-0.270642	0.019243	0.073247092164	0.000370293049	-0.106545	0.0074339999999999	0.011351837025	5.526435599999994e-05	0.105595	0.0205932999999999	0.0004240840048899	0.0111503040249999	0.00203707	-0.0001621399999999	2.6289379599999957e-08	4.1496541849000005e-06	0.0012766	-0.00021428	1.6297075599999995e-06	4.591591840000003e-08	-0.00405747	-7.296999999999946e-05	5.324620899999921e-09	1.6463062800899997e-05	0.0	0.0
60691.790792895605	-163.667896450228	26787.180328442555	3683493469.648608	99794.78685619214	216.08252555941	46691.657852133074	9958999483.67282	59499.10493204416	-135.510536383008	3540143487.7144017	18363.105470810537	66870.61809127916	62217.97970380658	1.169087	20.489101	0.0808867	0.0388839	0.06123165	-0.0417009709	-0.1236508016	-0.1062833397	0.0403158989	0.0635842328	0.0077309772	0.0214185175	-0.0497212237	-0.0369134772	-0.004763358	-0.081409294	-0.0584911164	-0.116328013	-0.0110374413	0.074620096	0.0121862153	0.0266115079	0.0920787681	-0.0842283697	0.1178178319	-0.1207792789	0.0604134997	-0.0829871804	0.0677587982	0.0928415712	0.0259793241	-0.0844987542	-0.0552450988	-0.001251434	0.0552917774	-0.040867428	-0.0651524749	0.1211670075	0.1131018018	-0.0804309363	-0.0482398699	-0.0088186447	0.0258802405	-0.0273663338	0.0118174486	0.105484357	-0.0899567324	0.0019443136	-0.0715072682	0.0120271503	0.1300805007	0.1015507741	0.0269955458	-0.0667688293	-0.0061885598	-0.0566803614	-0.0788368275	0.1302565101	-0.0384692377	-0.0836026069	0.0792266174	0.1483947816	0.0730050161	0.0125002116	0.0215834752	0.0231033477	0.0797324618	0.010098053	0.0146403903	-0.0507667562	-0.0767724706	-0.1022449319	-0.0416154663	0.0376341148	0.0922985113	0.0854510333	-0.0350217152	0.1056294092	0.1100169151	0.1322388279	0.0871930374	-0.0372902647	0.0187947251	0.0939032634	-0.0393903622	-0.0498397777	-0.0656515874	0.009672846	-0.0487343673	0.0672091236	0.02879812	0.0006643283	-0.0161420872	0.0040899938	-0.0353645147	-0.0673860447	-0.1362572552	-0.0012128618	0.0629615763	0.0335776807	0.0544989337	0.0318660562	-0.042779341	-0.0955792289	0.0754836805	-0.0450606192	0.0084724621	-0.277304	-0.006662	0.076897508416	4.438224400000002e-05	-0.0937733	0.0127716999999999	0.00879343179289	0.0001631163208899	0.0859255	-0.0196694999999999	0.0003868892302499	0.00738319155025	0.00258973	0.00055266	3.054330756e-07	6.706701472900001e-06	0.00149088	0.00021428	2.2227231744e-06	4.591591840000003e-08	-0.0041262	-6.873000000000035e-05	4.7238129000000485e-09	1.702552644e-05	0.0	0.0
60489.23885438218	-202.55193851342483	41027.28779554623	3658948017.182499	99336.80094401042	-457.9859121817135	209751.09575691615	9867800021.78995	59456.53491009169	-42.570021952473326	3535079543.514951	1812.206769034061	66934.04969646185	61318.5622817392	1.119267	19.615967	0.0743375	0.0323332	-0.076415613	-0.0179895049	0.0046292243	-0.1690956843	-0.0997194773	0.0212829845	-0.105849732	-0.0533939544	-0.0573000084	-0.0152214936	0.016328853	0.0486645308	-0.0393106846	0.0158860841	-0.0273446285	-0.1438004663	0.0390482998	0.0931158954	0.0184625456	0.1123348519	0.0631114961	-0.0870710644	0.0758890561	-0.0583300439	-0.0969495002	0.206477156	-0.0901725697	-0.0286792652	-0.0584168773	0.0121974983	0.0607745141	0.0268730078	-0.070718791	0.0159661047	0.082020075	0.0051256049	-0.0084936726	0.1250114238	0.005431178	-0.0990437385	-0.1228871738	-0.0105788827	0.1844824587	-0.0049977809	-0.0391513762	0.0194247442	0.0170470699	0.0460719223	-0.0588412715	-0.0350290003	-0.0685077785	-0.0318210883	-0.0748843987	-0.067405481	-0.0541371544	0.0918304525	0.0563082875	-0.0051648751	-0.1096367506	-0.1185081525	-0.0334686114	0.0177868984	-0.0236930121	-0.0333661584	0.0606598403	-0.1488664527	0.0416294979	0.0873091569	0.0611408271	-0.0271414407	0.1175700753	0.0289458691	-0.1210395182	0.0938341138	0.1216098619	0.032574193	-0.0249572165	-0.0486924342	-0.0412268216	0.1778474569	0.0817525582	0.0230152796	-0.0947557692	0.0226216343	-0.0024603907	-0.051918354	0.0322493649	-0.1132675851	0.0203399221	-0.0412895666	0.0413752768	-0.1302688494	-0.0540529747	-0.1252713982	-0.0314773195	0.0328235154	0.0186524823	0.0364578739	-0.0651269961	-0.0961827994	0.0777399053	-0.0495754752	0.0152115293	-0.265385	0.011919	0.0704291982249999	0.000142062561	-0.0803113	0.013462	0.00644990490769	0.000181225444	0.106567	0.0206414999999999	0.0004260715222499	0.011356525489	0.00229429	-0.00029544	8.728479360000008e-08	5.263766604100001e-06	0.00162637	0.00013549	2.6450793769e-06	1.835754010000001e-08	-0.00426157	-0.00013537	1.832503690000003e-08	1.81609788649e-05	0.0	0.0
60420.55480123932	-68.68405314286065	4717.499156131305	3650643442.489564	99573.86922501928	237.068281008862	56201.36986049674	9914955432.441242	59401.92846477919	-54.6064453125	3528589105.334744	2981.863869667053	66760.51848823315	61273.0033570481	1.183337	20.738836	0.1042096999999999	0.0564092	0.0652596375	0.086032199	0.1124401777	-0.0040202371	-0.1148302034	0.0109150803	0.0173227406	-0.0171224866	-0.105618565	0.0837183018	-0.0004811302	0.1192215149	0.0288208721	-0.1148971624	0.0731629515	0.0312217154	-0.0674554938	0.0518077694	0.0059956903	-0.051641085	0.0571317817	-0.0268843037	-0.0614111188	-0.0362911772	-0.0493321969	-0.0124753185	0.0753071775	-0.0609838869	0.01348382	0.0325254791	-0.0188018095	0.003795985	-0.0482816191	0.0832811748	-0.0232138188	-0.0188094648	0.0077424403	0.1448814033	-0.1018839418	-0.1094296955	-0.0196374402	-0.0564611292	-0.0443254159	0.0258268084	0.1267016928	-0.1031728002	-0.0125204342	-6.45925e-05	-0.1491090536	-0.0679930108	-0.0271813948	0.0794397513	0.0159588852	0.0818745953	-0.1405422411	0.1337250192	0.0361964688	-0.0824646751	0.0061936479	0.011830015	0.060156438	0.0956644015	0.0226487766	0.0678451597	-0.0400399395	-0.0082981379	-0.0295571458	0.0704816038	-0.0394772807	-0.011328868	0.030884756	0.0306973892	0.032539726	0.0498051082	0.0140680995	-0.008889489	-0.0124364394	0.0297559898	-0.0028641226	0.0436640386	0.0146631199	0.0288339532	-0.0137072752	0.0353033756	-0.0556811722	0.0690847066	-0.0671137179	0.0871291558	-0.0807843901	-0.0234296514	0.0937946772	0.0633074288	0.0628881406	-0.1487752603	0.0538689143	0.1054979643	0.1735485454	-0.0185883633	-0.0344969255	-0.0967600744	0.0799111227	-0.0539683725	0.0218840804	-0.258921	0.0064639999999999	0.067040084241	4.1783295999999606e-05	-0.118062	-0.0377507	0.013938635844	0.0014251153504899	0.105715	-0.0008519999999999	7.259039999999858e-07	0.011175661225	0.00306259	0.0007683	5.902848899999999e-07	9.3794575081e-06	0.00154483	-8.153999999999995e-05	2.3864997289000003e-06	6.648771599999992e-09	-0.00392855	0.0003330199999999	1.1090232039999989e-07	1.5433505102500003e-05	0.0	0.0
60694.07441897173	273.5196177324105	74812.98128448399	3683770669.5756783	98760.6625735436	-813.206651475688	661305.058004301	9753668471.965334	59567.032347623965	165.10388284477813	3548231342.70288	27259.29213042222	66861.1593550004	60515.73112696778	1.304153	22.856218	0.0462289999999999	0.0209689	-0.0731984335	-0.0062821571	-0.0505294122	0.1389171077	-0.0120582257	0.0918864721	-0.0127707009	0.0456317666	0.1799451238	-0.0032205892	-0.0351836694	0.11592177	0.0004620702	0.0604472172	-0.1362191857	-0.0017663217	-0.0392795956	-0.1018197932	-0.1253632888	-0.0267337866	0.0592194447	0.0270741764	-0.0651660444	-0.0004263545	-0.0692252261	0.0122278011	-0.0270745949	0.0439638533	-0.0593677911	-0.1005991498	0.0468021614	-0.063613587	-0.1659168904	-0.047581434	0.1485110347	0.0883301412	-0.0155606177	-0.0469567589	-0.0496890166	-0.0843390434	-0.000104605	0.1227029208	-0.0001526354	-0.0596639032	0.019980191	0.0898876083	0.0873482024	0.0489335344	0.0138301228	0.0531944698	0.0854037634	-0.0465181887	-0.0510115905	0.0948675411	-0.0143756543	0.0594980947	-0.0405949973	-0.064058997	0.1122794989	0.0164888249	-0.1185333605	-0.1529429176	-0.0524979646	-0.00702214	-0.0591113307	0.1152934789	-0.0671968978	0.1116290099	-0.0101920472	0.0359550378	0.0554991686	0.0870231555	0.0057944558	0.0670509393	-0.0027355637	0.0055035937	-0.0584686221	-0.091835427	-0.0561141848	0.2279857937	0.0281587155	-0.0219042586	-0.0061165209	-0.0695698349	0.0786473394	-0.0117081819	-0.0666659075	0.1108990758	-0.0212825908	0.1443629182	-0.0798018232	-0.0341249227	-0.0910003328	-0.0793684191	0.1751271885	-0.0706083641	-0.0076987367	-0.0377592678	0.1445908695	-0.0973108962	0.0819949584	-0.0582285042	0.0284609379	-0.269963	-0.0110419999999999	0.072880021369	0.0001219257639999	-0.10626	0.011802	0.0112911875999999	0.000139287204	0.1077	0.001985	3.940225000000003e-06	0.01159929	0.00286859	-0.000194	3.763600000000006e-08	8.2288085881e-06	0.00149088	-5.395000000000009e-05	2.2227231744e-06	2.9106025000000093e-09	-0.0041086	-0.0001800499999999	3.241800249999975e-08	1.6880593959999997e-05	0.0	0.0
60728.55851022752	34.48409125579201	1189.1525497377909	3687957818.7301273	99691.48580970294	930.82323615934	866431.8969741465	9938392342.9462	59454.95958564695	-112.0727619770114	3534892219.3309126	12560.30397715585	66770.67259777017	62060.32032005782	1.132684	19.851116	0.1100995999999999	0.0552693	0.0831360573	-0.0212000065	-0.0948818786	0.0017443308	-0.0080323653	0.0581194477	0.0377666487	0.0711200584	-0.0254592225	0.0068166675	-0.0254122148	-0.1155255308	-0.0075281119	-0.0297253237	0.0155366385	0.0283811626	0.0303227262	-0.0865565733	0.0079423205	-0.0363798138	0.146829001	0.0650825666	0.0382036043	0.0060454158	0.0185959056	0.0394342896	0.0284187848	0.0670994543	-0.0088383554	0.154900536	0.0066951875	0.1176285255	0.0098004675	0.083486479	0.1141662233	-0.0829806178	0.0857385453	-0.0950415318	0.1028195797	-0.0505265828	0.0409271885	0.1168671147	-0.0803330799	-0.0208460337	-0.0090138197	-0.0081779528	0.0206201996	-0.0141647946	-0.0457474126	0.0786167578	0.123705545	-0.0564362661	0.0533303934	-0.0280262469	0.0443529241	-0.0613002057	-0.0644397132	0.0171266306	-0.0341290632	0.0393612207	0.0729235379	-0.014770637	0.0146805521	-0.0272863209	0.0154349184	0.0036680238	-0.1447254409	-0.051013828	-0.0132392377	0.0284821639	-0.0603532058	0.0898475613	-0.0658636556	0.0189001431	0.0355246611	0.027598869	0.1107810108	-0.0836361774	-0.1337993905	-0.0692130021	0.0169654873	-0.0587645994	-0.0346236626	-0.0843673685	-0.0108539401	0.0042865849	-0.0264711849	0.0253594772	-0.0420998937	-0.0886070137	-0.0946416049	0.1089757311	-0.0796690395	0.0343910636	0.0448837762	-0.1261688213	0.0007424648	-0.1335963356	0.0522741503	-0.0978351141	0.0839891338	-0.0623453902	0.034913343	-0.300318	-0.0303549999999999	0.0901909011239999	0.0009214260249999	-0.117528	-0.011268	0.0138128307839999	0.000126967824	0.0857288999999999	-0.0219711000000001	0.00048272923521	0.0073494442952099	0.00278183	-8.675999999999996e-05	7.527297599999994e-09	7.738578148899999e-06	0.00223072	0.0007398399999999	4.9761117184e-06	5.473632255999998e-07	-0.00400509	0.0001035099999999	1.0714320099999871e-08	1.60407459081e-05	0.0	0.0
60599.03305842816	-129.52545179935987	16776.842663828298	3672242807.616469	99487.41758897567	-204.0682207272621	41643.83871079056	9897746258.523226	59468.85129212939	13.891706482434529	3536544274.005399	192.9795089941135	67043.30941525236	61597.05989655858	1.092254	19.142546	0.1296374	0.0596454	-0.0535125	0.033415827	-0.0435528363	-0.1411077549	-0.0640183432	0.0297060588	-0.0845647374	-0.1090747927	-0.0423678089	-0.0595278221	-0.0145869953	-0.051089079	0.0361651743	0.0951170441	-0.014165426	-0.1572007619	0.0307145164	-0.0232363843	0.0040066249	0.0491725923	0.0305907458	-0.1356770409	0.0353642558	0.1797643729	-0.0900482673	-0.0465972766	-0.0716662894	0.0253433129	-0.0290724603	0.0395047225	-0.0708353186	0.009832691	0.2157081638	-0.0228195353	0.0636683414	-0.0598832684	-0.0584170869	0.1014815672	0.0988248342	-0.0232211376	-0.0540579109	0.0426572764	0.0911023625	-0.0140615463	0.0209029	-0.119170999	-0.0347696917	0.0605658021	0.0796275599	0.0144585035	-0.0480002025	-0.1076590713	-0.0111455502	0.0424321201	0.0098198596	0.0581701044	-0.0050017812	0.0410378909	0.1312731132	-0.1544898945	-0.0666135765	0.0435886932	0.0104123831	-0.0812475385	-0.0272137139	-0.0628761967	-0.0442711331	0.0350228261	0.1501691638	-0.1417145521	0.0872855594	0.1150538021	-0.0827267155	-0.0630322004	-0.0284816768	-0.0349203087	-0.0166455826	0.1707368576	-0.0081153671	-0.0302567263	-0.0976751511	-0.0521308885	-0.0107028156	0.0163262619	0.0191992751	-0.0719147925	-0.0029576982	-0.1102372227	-0.0548394007	-0.054396599	0.0460722721	-0.0332804415	-0.0387520498	0.0326558929	-0.090203502	0.0298728681	0.0150298132	0.0381804605	-0.0473241243	-0.0983325849	0.0858914684	-0.0663089027	0.041213081	-0.307808	-0.00749	0.094745764864	5.610010000000078e-05	-0.0878242	0.0297037999999999	0.00771309010564	0.0008823157344399	0.107594	0.0218651	0.00047808259801	0.011576468836	0.00265127	-0.00013056	1.7045913600000015e-08	7.029232612899999e-06	0.00149088	-0.0007398399999999	2.2227231744e-06	5.473632255999998e-07	-0.00454626	-0.0005411699999999	2.928649688999996e-07	2.06684799876e-05	0.0	0.0
60363.95621560925	-235.07684281891125	55261.12202970711	3643807209.9999914	99790.03907455632	302.6214855806465	91579.76353503746	9958051898.501476	59321.3787246578	-147.47256747158826	3519025973.794283	21748.158156662157	66756.96201216178	61479.05965734199	1.171692	20.534746	0.0946498	0.045679	0.0833920047	0.05383221	0.1129181962	-0.0526626129	-0.1272375159	0.0138628764	0.0419319282	-0.0433718488	-0.1425871019	0.0522766695	0.03505952	0.1074206873	0.0143918931	-0.0267769493	0.1667553479	0.0114574059	0.0257837323	-0.0257788244	0.1394134882	0.1023217176	0.0112247238	0.0034434569	0.071443887	-0.0644946832	-0.156605764	0.1203330381	-0.0573763003	0.0133563918	-0.0834114996	0.0218261197	0.0143622906	-0.0046240316	0.0634114757	0.0197742543	0.0357828533	-0.0329282283	-0.0299737458	0.009924549	0.0047935094	0.0501315803	-0.0757345156	-0.0503976596	-0.0987570022	-0.0109044151	-0.0042234805	-0.1252828127	-0.1481802126	-0.0108244104	0.0112487421	-0.0241805617	0.0487653502	0.0478214674	0.1739107918	0.0053380462	0.0436554396	-0.080942322	-0.0788765762	-0.0759809534	0.0186305918	0.0058472326	0.0781812109	0.1614427312	0.0023507624	-0.0318678749	-0.0367342607	-0.0111797146	0.0553483111	0.1082166065	0.1218226437	-0.0536930848	0.0306306204	-0.0571843129	-0.08721033	0.0770000966	0.0070381552	0.0665288709	0.1312156281	-0.0236543384	0.0414232711	0.0106435462	-0.091198633	0.0462627147	-0.0128887944	-0.0066192068	-0.0632978243	0.0925008644	0.1469511762	0.0348490927	0.0126774083	-0.0624693554	0.0553226902	0.0916146589	0.0020293605	0.1485117152	-0.164743073	0.0382004112	0.0461120203	0.0433433518	0.0760943009	-0.0988031726	0.0876998819	-0.0701092912	0.0473326046	-0.31632	-0.0085119999999999	0.1000583424	7.245414399999939e-05	-0.117439	-0.0296147999999999	0.013791918721	0.0008770363790399	0.120717	0.013123	0.000172213129	0.014572594089	0.00306259	0.00041132	1.6918414240000017e-07	9.3794575081e-06	0.00194756	0.00045668	3.7929899536e-06	2.085566224000001e-07	-0.00454626	0.0	0.0	2.06684799876e-05	0.0	0.0
60499.20294198203	135.24672637278127	18291.676994553967	3660153556.615128	98587.64358482831	-1202.3954897280055	1445754.91371825	9719523467.60914	59407.246380262135	85.8676556043356	3529220922.4851685	7373.254278984787	66786.02705767985	59654.21055637381	1.343357	23.543303	0.113268	0.0539179	-0.0859197555	-0.0013950207	0.0635647622	0.1223536004	0.0353613174	0.1262551922	-0.1120642098	0.0067617381	0.1173764771	0.0929865132	-0.0776982537	0.1286375262	-0.0878913151	0.0254049603	0.0128827795	-0.1189478127	-0.1155248655	0.0608339038	-0.1393584035	0.1512393415	-0.0139876647	0.1208783238	-0.0839182932	-0.1109620839	0.0404300214	0.0360810626	0.061754093	0.1032341273	-0.054931258	-0.0131490166	0.0598579011	-0.0191442857	0.1107046462	-0.0354733937	0.0909778408	0.0238220261	-0.0738384609	0.0108598745	-0.0660683923	0.0245177998	0.057895547	0.011180686	-0.0926030959	0.0940301901	-0.0013967496	-0.0185094016	-0.0220354266	-0.0769482198	-0.0176364844	0.1278934219	-0.0033471946	0.0392043678	0.0014334737	0.1033507271	0.0513609362	-0.0354554522	-0.0610024509	-0.0312959089	0.0177386801	-0.0485847304	-0.0708891597	-0.0660959512	-0.1195600307	0.1590200587	-0.0477868452	-0.0339407696	0.0399720479	0.128284069	-0.0028606005	0.0749515021	-0.0323600591	-0.0218694262	-0.0308131268	0.0313454798	-0.0330256312	-0.0573970263	0.0677310226	-0.0381908505	-0.0685358193	-0.0540239484	-0.1629065331	0.0049143761	0.136120656	-0.0464935311	0.0818390395	-0.0045071836	0.0569042506	-0.0901331332	-0.0852453567	-0.0436356339	-0.0007906779	0.0183619233	0.0171887954	-0.0147489536	0.1229143795	0.0694111581	-0.0147232227	0.0965819323	0.0130381163	-0.0992467484	0.0894123968	-0.0737372065	0.0532451548	-0.310257	0.0060629999999999	0.096259406049	3.675996899999982e-05	-0.0922392	0.0251998	0.0085080700166399	0.00063502992004	0.0857177999999999	-0.0349992000000001	0.00122494400064	0.0073475412368399	0.00247083	-0.00059176	3.5017989760000026e-07	6.1050008889e-06	0.00219092	0.0002433599999999	4.800130446399999e-06	5.922408959999989e-08	-0.00444126	0.000105	1.1025000000000013e-08	1.97247903876e-05	0.0	0.0
60702.661317784325	203.45837580229272	41395.310684106975	3684813091.061629	99648.17230902778	1060.5287241994663	1124721.1748521482	9929758244.529692	59450.3291015625	43.08272130036494	3534341630.284089	1856.1208746449188	66748.89277305776	61707.74846415851	1.180961	20.697189	0.0348657	0.0164798	0.0522779599	-0.0387193962	-0.0627558075	0.0425091643	-0.0386831999	0.1007861565	0.0163336423	0.0651530626	0.0330797925	0.0901716317	0.0453462427	-0.0949750979	0.0606046013	0.0295039558	0.0592593928	0.0364967841	0.0201728562	0.0320549912	-0.022299375	-0.0230618932	0.0127739688	0.1334705274	0.0638402505	0.1268622719	0.0299366826	0.0177412932	-0.0585435023	-0.0209596405	0.0228185521	0.0179822645	-0.0101162178	-0.0483845081	-0.0685483422	0.0826136245	0.0502930713	-0.036416115	-0.0236475774	0.0514524653	0.092001321	0.0768570785	0.0672307718	0.038784528	-0.0386179327	-0.0977703897	-0.066556596	0.0200837219	0.0627691468	0.0220093776	0.0346330887	0.0298293966	0.0447300638	0.0003786369	0.0566498595	-0.0526887801	0.0525481059	-0.1083934606	0.1427137948	0.0308485752	-0.0497234345	0.0537489299	0.0817122071	-0.0245436359	-0.0693970025	0.0206054064	0.0408177432	0.0347927797	-0.0220030562	-0.0594396728	0.0217879027	-0.0303156264	-0.033142404	0.0027110893	-0.0846139428	-0.0509630776	-0.0265936327	0.0798569261	-0.0526754859	0.0384791646	-0.0048440297	0.0662485304	0.0303110098	-0.0025558815	-0.0236280099	-0.0268006537	0.0504546122	0.0420503095	-0.0407661301	0.0217879103	0.0478020554	-0.1687662503	-0.1150300682	0.0313612202	-0.0032383126	0.0509174368	-0.0005866434	-0.0099252694	0.0236991709	-0.0197843066	-0.0364324718	-0.0996631912	0.0910271406	-0.0771837238	0.0589248775	-0.315966	-0.005709	0.099834513156	3.259268100000022e-05	-0.0992017	-0.0069625	0.00984097728289	4.847640625000015e-05	0.0858214999999999	0.0001036999999999	1.0753689999999636e-08	0.0073653298622499	0.00255398	8.315000000000015e-05	6.913922500000025e-09	6.5228138404e-06	0.00194756	-0.0002433599999999	3.7929899536e-06	5.922408959999989e-08	-0.00455656	-0.0001153	1.3294090000000111e-08	2.0762239033600004e-05	0.0	0.0
60648.97197913762	-53.68933864670544	2882.545084320618	3678297802.12622	99158.89562837576	-489.2766806520231	239391.67022986172	9832486582.239117	59502.10993591813	51.78083435563167	3540501086.8260875	2681.254806565365	66953.32129982178	61103.77128211732	1.07952	18.919378	0.0447436	0.0231304	-0.0590351671	0.0361125655	-0.0875577964	-0.0249541585	0.0383902194	0.0283714514	-0.037560513	-0.0624572909	0.0194426333	-0.0241122497	-0.1158663722	-0.0549449095	0.002978866	0.1338547907	-0.0739279572	-0.0949882143	-0.0717645806	-0.0097448646	0.021318009	-0.1124772138	-0.0844841142	0.0533532712	0.0332394766	-0.0109273691	-0.0718828303	0.0164547908	-0.1126233803	-0.2047723817	-0.0119290185	0.0165054579	-0.0252187354	-0.0954350461	0.1186434913	0.0529111469	-0.0792002372	0.0845230991	0.0072825678	0.0167911165	0.1246838107	-0.0381483222	0.0514631797	-0.0272492508	0.0426223954	0.0872238946	-0.0640929655	0.045524362	0.1000718892	-0.0329358629	0.1503560349	-0.0333895936	0.1021119594	0.0025762023	0.0065220756	-0.0328901445	-0.0905703259	0.0447933639	0.0174431427	0.056092778	-0.0025672491	-0.0799570828	-0.1102117731	-0.0095168366	0.0262012384	0.0312657689	-0.0101755518	0.0374257934	-0.0520325626	-0.0116631489	0.0404671862	-0.1530473469	-0.0175698901	-0.0667636792	-0.1085331597	-0.0157514294	-0.0583354046	0.0148018608	0.0601437607	0.1530284274	-0.0586695584	0.0999854876	-0.1322562359	-0.1078988028	-0.0397871513	0.0803181344	-0.0257522662	-0.0117575357	0.0166348803	-0.0417220352	0.0639870599	0.054216895	-0.0054074419	0.015806801	0.0949977979	0.0053811177	0.0001008372	-0.155201381	-0.113670108	-0.0085405229	-0.0726546934	-0.1000523871	0.0925423476	-0.0804403643	0.0643469367	-0.320818	-0.0048519999999999	0.1029241891239999	2.3541903999999685e-05	-0.0806746	0.0185271	0.00650839108516	0.00034325343441	0.0962745	0.0104530000000001	0.000109265209	0.00926877935025	0.0024625	-9.148000000000012e-05	8.368590400000022e-09	6.063906249999999e-06	0.00194756	0.0	3.7929899536e-06	0.0	-0.00468331	-0.00012675	1.606556250000003e-08	2.1933392556100004e-05	0.0	0.0
60529.53764763249	-119.4343315051301	14264.559542077312	3663824927.836159	100104.0556158372	945.1599874614476	893327.4018981238	10020821950.738628	59509.65306204804	7.543126129909069	3541398807.565324	56.89875181171697	66858.89274774182	61959.49204161109	1.175923	20.608904	0.0711099	0.0374737	0.118381965	-0.0260577326	-0.0148841723	-0.0838636372	-0.0474684708	0.0453210403	0.0250622778	-0.0012862275	-0.1348479168	0.0001412065	0.0097528119	-0.0361801783	-0.0644061074	0.0364811268	-0.0493617244	0.0349367212	-0.0136480034	0.0320286235	0.0805923013	-0.0070311206	0.0615102075	0.0376305619	0.0688224796	0.1070476831	-0.0617380725	0.0326161236	0.0356555266	0.0192834759	-0.0161561202	0.057200816	0.0060281237	-0.0657143935	0.0059834031	-0.1270440568	0.0024390257	-0.038661188	-0.1369853634	-0.087355348	0.0322753674	0.0659520845	0.1143921762	-0.0050301108	0.1240515788	-0.0532159444	0.0424203158	0.0773746086	-0.1885746802	0.051104714	0.050276148	0.1477118577	-0.0611269406	0.0669183858	0.0899201753	-0.0990737701	-0.0013547772	-0.0700682078	-0.0166958771	-0.071878446	0.053747893	0.0176717184	0.020013967	0.0480631441	0.0649675745	-0.0264242278	0.1030836974	0.0105994218	-0.0832764364	0.0247237488	0.0105217242	0.0073650388	0.0336786638	0.0575113061	-0.0754168856	-0.1071926562	0.0282827022	0.0937010609	-0.0455857114	0.0379047808	-0.0477294446	0.0061988318	-0.0639783731	0.0054379084	0.1092697044	-0.1283224085	0.0488388106	0.0637033824	0.1091585192	-0.0060496448	0.1496910749	0.0094158918	-0.0879025479	0.042717429	0.0871514416	0.1013149594	-0.023315927	0.0366478216	0.052551149	-0.1040301903	0.0845882221	-0.1004142296	0.0939563609	-0.0834991166	0.0694876231	-0.315963	0.0048549999999999	0.099832617369	2.3571024999999983e-05	-0.103209	-0.0225343999999999	0.0106520976809999	0.0005077991833599	0.0858465	-0.0104279999999999	0.0001087431839999	0.00736962156225	0.00302145	0.00055895	3.124251025000004e-07	9.1291601025e-06	0.00194756	0.0	3.7929899536e-06	0.0	-0.00457641	0.0001069	1.1427610000000013e-08	2.09435284881e-05	0.0	0.0
60544.96489550151	15.427247869018174	237.9999768121258	3665692774.19751	98700.11559003666	-1403.940025800548	1971047.596044844	9741712817.486595	59407.14432141013	-102.5087406379098	3529208796.424852	10508.04190717026	66854.2168424437	60348.10015851964	1.27513	22.347578	0.0621394999999999	0.0362638	-0.0880669318	0.0471042549	-0.0209123326	0.0618251484	0.0011040355	0.0758327144	-0.0853516145	-0.0791210963	0.0530167456	0.0243308816	-0.0400545958	0.0922252821	-0.0440533985	0.0369555804	-0.0112597093	-0.0666737355	-0.0874729501	-0.0421324597	-0.004926352	0.025232776	-0.1206350885	-0.0160592254	0.016619401	-0.0802316917	0.086932525	-0.0859065335	0.0864680702	0.053928573	0.0260427562	0.0077538999	0.1690086759	-0.0593467493	0.0099643493	-0.0017365773	-0.01567464	0.0146341595	0.0216033475	-0.0150820867	-0.0226866637	-0.0164036343	-0.1565704786	0.019944341	0.1556015144	0.028912254	-0.006158725	0.0272625114	-0.142274263	-0.0394661028	0.1235940789	0.0218834855	-0.0156069611	0.030943215	0.0015911218	0.033743952	-0.023626342	0.000393266	0.0533889028	-0.0033597756	0.0235538688	-0.0561831025	-0.0836332679	0.0302306038	-0.043166878	0.0398902178	-0.0557235325	0.0542837211	0.0323356566	-0.0254271491	0.0293087525	0.0831375595	-0.0108362718	-0.0306301608	-0.0049311178	0.0029989829	-0.0066452377	-0.0822235812	-0.0795965319	-0.0137465167	-0.1128733083	0.0026721691	-0.0850622894	-0.1457093772	0.054844368	-0.055637916	-0.1354168437	0.0143990904	-0.0213496431	-0.1103199066	0.0142162466	0.1313160762	0.0546323062	0.0181433144	0.0050885308	-0.0578726594	-0.0741231798	-3.59793e-05	-0.0184526307	0.0763947117	0.0112941857	-0.1007486199	0.0952676342	-0.0863524559	0.0743244578	-0.339649	-0.0236859999999999	0.1153614432009999	0.0005610265959999	-0.0845729999999999	0.018636	0.0071525923289999	0.000347300496	0.085847	5.000000000005e-07	2.500000000005001e-13	0.007369707409	0.00302145	0.0	0.0	9.1291601025e-06	0.00194756	0.0	3.7929899536e-06	0.0	-0.00497275	-0.0003963399999999	1.570853955999995e-07	2.47282425625e-05	0.0	0.0
60568.77440081242	23.809505310913664	566.892543150426	3668576432.41651	100077.37364969136	1377.258059654705	1896839.762883843	10015480716.61994	59498.27100416451	91.12668275438044	3540044252.4850035	8304.0723098175	66810.66683712736	61874.0801579402	1.280043	22.433676	0.1246294999999999	0.0686452	0.1196400712	-0.0427778862	-0.0391688727	-0.0359951782	-0.0248203995	0.0822153712	0.0554780804	0.0311593282	-0.0803691594	0.0755690543	0.0877390871	-0.0348228736	-0.0264459384	0.0599777158	-0.0022318467	-0.0154162957	0.0958132324	-0.0177979616	0.0369566634	-0.1018731827	0.0109509541	-0.0612722046	-0.0336857933	-0.0483708445	-0.0837193316	-0.0562291907	-0.0126246536	0.0980883964	-0.012392799	0.0818767202	0.0200579238	0.0907171172	-0.0629379032	-0.1079319524	-0.0615226854	0.0734065709	-0.0220343877	-0.0364936331	-0.1672842853	-0.0001227595	-0.0214331609	0.0008385386	-0.0781650994	0.0201977833	0.1043134531	0.0968379853	-0.0993982176	-0.0910548317	0.1260058406	-0.0162866371	-0.0473258777	0.0711134061	-0.0627871977	-0.0593774566	-0.0176727514	-0.0651430274	-0.0834115072	0.0018433139	-0.0345804034	0.042872791	0.059417592	0.0319589755	-0.0169630441	-0.0838235677	0.0807385469	0.0142467332	-0.0432775794	0.0191189208	0.0119721516	-0.00467986	0.0607946769	-0.0739419422	0.1088975141	-0.0487038821	0.0545518748	-0.1091329519	0.020901293	-0.060191749	-0.0550175751	0.013247653	0.1256416699	0.0401957139	0.1193603985	-0.169655097	0.044875611	0.1223160034	0.0828100949	0.0137376855	-0.1234776591	0.0422318657	0.0883635471	-0.0609087091	0.0984113621	-0.0438260847	0.0393533101	-0.0160593117	0.0259155246	-0.0048612723	0.0337919281	-0.1010554665	0.0964747338	-0.0889933628	0.0788362905	-0.311885	0.0277639999999999	0.097272253225	0.0007708396959999	-0.138202	-0.053629	0.019099792804	0.002876069641	0.116243	0.0303959999999999	0.0009239168159999	0.013512435049	0.00284086	-0.00018059	3.26127481e-08	8.0704855396e-06	0.00194756	0.0	3.7929899536e-06	0.0	-0.00489653	7.622000000000011e-05	5.809488400000016e-09	2.39760060409e-05	0.0	0.0
60516.67789780298	-52.09650300943758	2714.045625812339	3662268303.786436	99008.94577064044	-1068.427879050927	1141538.1327332624	9802771342.61362	59476.412109375	-21.8588947895114	3537443597.404209	477.8112814189285	66965.44006323922	60485.341174327856	1.306514	22.8976	0.1503392999999999	0.0784957	-0.1075869237	0.0421644365	0.0074486481	-0.0299377944	0.0552861854	0.0319897593	-0.0886437171	-0.0766710016	0.0381178265	-0.0437006447	-0.0472707592	0.0472778809	0.0165314176	-0.0002509636	-0.0481132529	-0.0830582709	-0.0490190959	-0.0416553096	0.024951813	-0.1252889512	0.0959210523	0.0378164336	0.0261077006	-0.1184657042	-0.0292293455	-0.1388637773	0.0958795853	-0.0727478825	0.0430374377	0.1123058566	-0.0490045435	-0.0525090851	0.0140984558	0.0087464944	0.0016358674	0.0911134947	-0.0294331335	0.1038356814	0.0469049533	-0.016591629	-0.0261139176	0.1047598464	-0.1042988514	0.0402360887	0.1153424392	-0.0629872492	-0.0068634485	0.0829683306	0.0137998508	-0.0113366205	-0.0578392129	0.0179788521	-0.0785568349	0.0723222227	0.0651383277	-0.0137221058	0.0028138526	0.026435497	-0.0302885795	-0.0973080256	-0.0891541204	0.0212896545	0.0143137463	0.0075307227	-0.0687818645	0.0403129455	-0.0969282483	-0.0916621315	-0.0545370442	0.0807793047	-0.0613418831	0.036565856	0.0241436071	0.0712208493	-0.0925964982	0.0115867695	0.0886284098	0.0821094147	-0.1601386727	0.05813241	-0.0480973833	0.0021593045	0.0020451788	0.0455086766	0.0491937966	0.0143862378	-0.0612281429	0.1263356007	-0.1601837269	-0.0332156297	0.0585440119	-0.0935292316	0.0130029691	-0.0184144542	-0.0290831337	0.0286575524	0.067346806	-0.0140331146	-0.0315602816	-0.1013346856	0.0975763397	-0.0914153405	0.0830033923	-0.32826	-0.0163749999999999	0.1077546276	0.0002681406249999	-0.097774	0.0404279999999999	0.009559755076	0.0016344231839999	0.0611987	-0.0550443	0.0030298749624899	0.00374528088169	0.00351682	0.0006759599999999	4.569219215999997e-07	1.23680229124e-05	0.00194756	0.0	3.7929899536e-06	0.0	-0.00480265	9.387999999999932e-05	8.813454399999871e-09	2.3065447022500004e-05	0.0	0.0
60452.7031674501	-63.97473035288567	4092.766123724432	3654529320.251831	99736.08770375192	727.1419331114885	528735.3908891124	9947287190.450497	59421.17920728951	-55.23290208548861	3530876538.384815	3050.6734727851717	66674.39777422229	61481.69344503034	1.40746	24.666756	0.1770157999999999	0.0983491	0.1399879819	-0.068121169	0.0208829236	0.0005359825	0.0054501997	0.0070977623	0.0460050611	0.0514662088	-0.0787166922	0.0502353011	0.0848725321	-0.042547679	-0.0258551971	0.0034609824	0.0608841066	0.0717148628	0.0187217852	-0.0186369588	0.0213911201	0.1011551488	0.0482583061	0.0671490508	0.0122326198	-0.0169491393	0.173807504	0.0747632887	0.0182101286	0.0654081779	0.1072495418	0.0589869659	0.02156986	0.0737953768	0.0553132551	-0.0558432177	-0.1030056394	0.0902072781	0.1008007183	0.0513273835	-0.0578398124	0.0032155303	-0.0398397853	0.0787657809	0.0541742141	0.0579607075	0.0697933268	0.0518336462	0.0947351699	0.0765337943	0.0219662812	-0.0353422747	-0.0666579725	0.0026570412	0.0353756641	-0.0179937699	-0.0753219788	-0.0290280275	0.0224202821	-0.0024652687	0.0352742133	0.0736295096	0.0852562543	0.0363825068	-0.0345031446	-0.0384382406	0.095010119	-0.0143218021	-0.0277831566	0.1081926345	-0.0048369445	0.0403233685	-0.0652575705	-0.0723524836	0.0295615729	-0.0802384211	0.1076104182	0.0893502264	-0.0289335695	-0.0316531724	-0.0878617958	-0.1599631737	-0.0836487364	-0.0393394565	-0.0329144277	-0.0535919203	0.0392514182	-0.0272307188	-0.1151408275	0.1030367942	-0.0344085995	0.0702715278	0.0487467566	-0.0649347815	-0.0348348538	0.0722560123	-0.0232398455	-0.0182954304	0.0180556725	0.1141302707	-0.1018759079	-0.1015862008	0.0985712473	-0.0936124309	0.0868075413	-0.32342	0.00484	0.1046004963999999	2.3425600000000107e-05	-0.136126	-0.038352	0.0185302878759999	0.0014708759039999	0.143028	0.0818293	0.0066960343384899	0.0204570087839999	0.00277354	-0.0007432799999999	5.524651583999997e-07	7.692524131600001e-06	0.00184192	-0.00010564	3.3926692864e-06	1.1159809600000034e-08	-0.00499362	-0.0001909699999999	3.646954089999981e-08	2.49362407044e-05	0.0	0.0
60454.90553522113	2.202367771031277	4.850423798877275	3654795603.272511	99041.30888913	-694.7788146219245	482717.6012474466	9809180866.47206	59409.52468039773	-11.654526891783462	3529491622.750787	135.82799707130388	66831.56909353734	60147.40435861154	1.439322	25.225159	0.1143563	0.0660003	-0.1263662019	0.0640660612	0.0344767049	0.0373820043	-0.0189736048	-0.0708791673	-0.0282636902	-0.1051649337	0.0707767202	0.0312818722	-0.0855413845	0.0571160912	-0.1000689265	-0.1119814717	0.032737266	0.0711928907	-0.1443304204	0.0398827136	0.0722084677	0.0111129781	-0.0949030775	0.0003279464	0.0772057536	-0.0497479952	-0.0525723376	-0.0548732441	0.0127145097	0.0270882044	0.079438387	0.0590328999	-0.0478719808	-0.0188878627	0.0456366096	0.0334905036	0.0887564764	0.0231208203	0.0131213814	0.0257579501	0.1232822167	0.0755196343	-0.0053209272	-0.1279577822	0.0147917385	0.0244875106	-0.0269451997	0.1039832979	0.038087109	-0.0427234638	-0.0445581929	-0.0913156642	-0.0014435546	-0.0600700277	-0.0649416003	-0.0294914584	-0.0496060929	0.0940218203	-0.1430129085	0.0188185754	-0.0326760691	0.0128091812	-0.0564474392	0.0738568018	0.0232277775	0.1282897446	-0.0524389325	-0.020638747	0.1257012489	-0.0624901505	0.0880202475	0.0632132737	-0.0325224243	0.0286801415	-0.0089723646	-0.0470544546	-0.0664744534	0.0111295972	0.0527468988	0.0157611432	-0.0412099632	-0.0546384649	0.0745743808	-0.0580871287	-0.0610434363	0.0250512449	-0.0082949617	-0.0136079969	0.0554458737	0.0939952208	-0.0207771742	-0.0576752291	0.0039059738	-0.0889644116	0.0142450612	-0.0010191675	0.0678440733	0.0401461301	-0.1938401204	-0.0488712323	0.0056631539	-0.1018099433	0.0994583687	-0.0955792289	0.090232103	-0.339657	-0.016237	0.1153668776489999	0.000263640169	-0.115038	0.0210879999999999	0.013233741444	0.0004447037439999	0.0835111999999999	-0.0595168	0.00354224948224	0.0069741205254399	0.00285082	7.727999999999988e-05	5.972198399999982e-09	8.1271746724e-06	0.00194756	0.00010564	3.7929899536e-06	1.1159809600000034e-08	-0.00516099	-0.00016737	2.8012716900000005e-08	2.66358177801e-05	0.0	0.0
60557.73951166756	102.83397644643264	10574.826711785465	3667239814.7629824	99151.8845666956	110.57567756560456	12226.980469092545	9831096213.12733	59467.45016706482	57.92548666708899	3536377629.3723373	3355.3620056191044	66809.58880959373	60958.98360066656	1.31541	23.053516	0.2050932	0.105248	0.0304456386	-0.1433722313	0.026934013	0.0385113544	-0.0914566502	-0.0504199748	-0.0832241501	0.0868469705	-0.0122948924	0.0770960373	0.0746237339	-0.0781005685	-0.0844119704	-0.0209314253	0.0469726527	0.0377715606	0.0440504744	0.069185257	0.0195994579	0.0727170231	-0.0916908665	0.0128992316	-0.0688335677	0.0858302561	0.0609874089	-0.1351673955	0.1302334509	0.0032829196	0.012891132	-0.0600393405	-0.004237649	-0.0624075857	-0.0331205303	0.0565126328	-0.0497572929	0.0116140728	-0.0720829211	0.0458732842	-0.0232441234	0.0577207624	-0.0129767658	0.0939409376	0.0009312583	-0.0837993888	-0.0335359981	0.0185578787	0.033543761	0.0292309119	0.0467630147	-0.018369107	0.0769977404	0.1032842734	0.1003330897	-0.1249690181	0.032104582	0.1583034102	0.0691665081	-0.1043548616	-0.0188238484	-0.0316954968	0.0733098908	-0.0295994077	-0.0903762833	-0.042105294	0.1248715566	0.0338902798	0.09838395	-0.0436405831	0.0763523703	0.102602395	-0.0084195748	0.1018860044	0.1789486336	-0.0387748424	-0.1013245996	-0.0434971166	-0.0542752125	-0.0194389891	-0.0122929117	0.0050467259	-0.1067562681	-0.0449742092	0.00871687	0.1439916456	-0.1099226614	0.0437282297	-0.0361851481	0.0223992243	0.0959875791	-0.0215112992	-0.0275078087	0.0147487741	-0.0324636285	0.0408600747	-0.0801816041	-0.0196987186	0.0175502752	0.1011261826	0.108866063	-0.102005852	0.1002367339	-0.0973108962	0.0932621027	-0.260098	0.0795589999999999	0.067650969604	0.0063296344809999	-0.136247	-0.021209	0.018563245009	0.000449821681	0.0812974999999999	-0.0022136999999999	4.900467689999995e-06	0.0066092835062499	0.00251196	-0.0003388599999999	1.148260995999999e-07	6.309943041600001e-06	0.00119454	-0.00075302	1.4269258116e-06	5.670391204000002e-07	-0.00421064	0.00095035	9.031651225e-07	1.77294892096e-05	0.0	0.0
60688.49021135692	130.75069968935713	17095.745469256457	3683092844.133965	99624.57027633104	472.68570963543607	223431.78009355575	9925055002.743622	59498.37704997417	30.92688290935621	3540056871.580893	956.4720864890292	66915.5953512334	61222.46573877961	1.284738	22.51597	0.1020619	0.0531312	-0.0531119749	0.0963604435	-0.0160075621	0.0420977878	0.0166667008	-0.2027208624	0.0718973717	-0.0333977408	0.0111709948	0.04222933	-0.1189127011	-0.04117553	0.164840366	0.0402960967	-0.00201248	0.0787260138	-0.0210174529	0.133593233	-0.0148408735	-0.1163204229	-0.0671820202	0.0273000975	-0.0123834186	-0.0010382229	0.0099446864	0.022715482	-0.0414189516	-0.0608247104	-0.0013900851	-0.1053308401	0.1103733103	0.0924256486	-0.0742454683	-0.109056836	0.0420768082	-0.0263278247	-0.0768177512	-0.0548488268	0.0789840283	-0.1249771837	-0.1625943809	-0.0487776073	-0.1047654086	-0.0590542325	-0.0139379958	0.1213128423	0.0639730346	0.0014573752	-0.0849777086	-0.0797242852	0.0391837412	-0.0843048296	0.0850170518	-0.1121671228	0.0396661649	0.0021219864	0.0147317141	0.0068903459	0.1504589854	0.0279488229	-0.0005005199	0.0124819185	0.0912289041	0.1125075389	0.017080207	0.0425797177	0.0992973392	-0.1230869631	-0.1057620932	-0.0637960874	-0.003731533	-0.0620464902	-0.0034825735	-0.0143343033	-0.0381339578	-0.0053001248	-0.0390135971	-0.1311920185	0.0828499695	0.0601018033	0.0357988114	0.0679444299	-0.1485772764	0.0042081278	0.0399190063	-0.1396387919	0.0768731555	-0.0560385141	-0.118591157	0.1147162968	-0.036881004	-0.0832430911	-0.0043820774	0.1504972187	0.002763036	-0.0001524921	-0.0439091158	0.0156236375	0.159256907	-0.1021738733	0.1009054916	-0.0988031726	0.0958842909	-0.255138	0.00496	0.0650953990439999	2.46016000000002e-05	-0.114842	0.021405	0.013188684964	0.000458174025	0.0368961	-0.0444013999999998	0.0019714843219599	0.00136132219521	0.00260128	8.931999999999994e-05	7.978062399999989e-09	6.7666576384e-06	0.00152044	0.0003259	2.3117377936e-06	1.0621081000000005e-07	-0.00442133	-0.00021069	4.439027610000015e-08	1.95481589689e-05	0.0	0.0
60541.25568041498	-147.23453094193974	21678.00710169301	3665243639.361379	99399.98184919948	-224.588427131559	50439.96160142759	9880356391.621187	59542.39431333936	44.01726336518914	3545296720.5651875	1937.5194741604216	66779.77906649992	61336.04671216324	1.235227	21.648256	0.0879238	0.0546869	-0.0163935317	-0.1617643416	-0.0430277587	-0.0409766101	0.0217381814	-0.1563598189	0.0258304427	0.0760400482	0.0464282262	-0.0988556968	0.1126721484	-0.0115866047	-0.007605315	0.0469690194	-0.0673036406	0.0107276877	0.0820392718	0.0122471647	-0.0623691652	0.0847532697	0.0178266546	0.0575917066	0.017698199	-0.0042303108	-0.0332636339	-0.0035677487	-0.1112542863	0.0669179899	-0.0079018099	0.0243311556	-0.084867879	0.0037373268	-0.1089539878	0.0197393437	-0.0663088266	-0.0033480042	0.025956858	-0.0086654773	-0.089747014	-0.06221256	-0.0650725233	-0.0057149976	-0.0081782584	-0.0578644529	-0.0681290392	-0.0235072889	0.0416337141	0.0325441338	-0.0554195221	-0.0742317221	-0.0029620209	0.1302614833	0.036797873	0.0100878785	0.0392378622	-0.0023670234	-0.0451604328	-0.059455373	-0.0518298233	0.0483794871	-0.0034992549	-0.1043066194	-0.0241360081	-0.1253214387	0.0544208338	-0.0482364023	0.029743365	0.0979511692	0.0215633326	-0.0082220293	0.0160621539	-0.1146467	-0.0158256932	-0.0126086785	-0.0414174836	-0.0273777679	0.0465334315	-0.0194947106	0.0018033639	0.0115652391	0.1617641458	0.0715038101	-0.0481329293	0.0942724141	-0.0420802495	0.0675836107	-0.0227062073	0.0022271513	0.042000636	0.0750630688	0.0025678115	0.0297283205	-0.0502926184	0.0365369999	-0.0754466167	0.0500286081	0.1227561297	-0.02066343	0.0634374752	-0.1023139614	0.1014639107	-0.1000523871	0.0980872016	-0.269702	-0.014564	0.072739168804	0.000212110096	-0.11481	3.200000000000425e-05	0.0131813361	1.024000000000272e-09	0.0876614	0.0507653	0.00257711568409	0.00768452104996	0.00243745	-0.00016383	2.6840268900000075e-08	5.941162502499999e-06	0.00160509	8.464999999999992e-05	2.5763139081e-06	7.165622499999986e-09	-0.00421856	0.00020277	4.1115672900000224e-08	1.7796248473599996e-05	0.0	0.0
60543.67130298377	2.41562256879115	5.835232394853155	3665536134.843741	99534.91964457948	134.93779537999944	18208.2086220146	9907200228.652897	59478.63039127066	-63.76392206870514	3537707473.221385	4065.837757583903	66892.22459671703	61251.57949731766	1.258488	22.055914	0.1107855	0.063128	0.03897936	0.0920441523	0.0616223848	-0.0424821237	0.0762974801	-0.0843124175	0.02896205	0.0092905129	-0.0948925474	-0.0430908165	-0.0952980739	-0.0089976255	-0.0309694104	0.0048434507	0.0097474055	0.0690047006	0.0292821479	0.0660964012	0.00742608	-0.045710087	-0.0467283514	0.0376244144	0.0439651664	-0.0721349943	-0.0607851927	-0.1098184621	-0.0147200982	-0.0582433737	-0.0255961503	-0.1064206655	-0.0194680613	0.0190097766	0.011095034	0.0356294228	-0.0697634501	-0.0678284193	0.066374079	0.076657272	-0.0544456899	0.143093637	0.0878571756	-0.0549867198	0.0808823308	0.0422104564	0.0652127497	0.0816460117	-0.0568600577	0.0842571871	-0.132588668	-0.045381199	0.036067016	-0.0509279042	-0.0599450855	-0.0076935686	0.0621607356	0.0479894249	0.123094007	0.0249304681	0.0363881502	-0.0057651255	0.0510234959	0.0177984137	0.1245206839	0.0617047337	-0.0271674231	-0.0350670064	0.0434110713	-0.0605524213	-0.0253809837	0.0631577426	-0.0113198842	-0.0499597276	-0.0436728419	-0.0278965734	-0.0529283394	-0.1199458598	0.0132793494	0.0521176532	0.1434987159	0.0272099812	0.0749801859	-0.0263243546	0.0791225738	0.0547818916	-0.0216147018	-0.0434830534	-0.0452014011	0.019538821	0.0101334701	-0.00354123	-0.0547710937	-0.0529224319	0.0161835637	-0.094618702	0.0584880675	0.1223033215	-0.0689213671	-0.046118345	-0.0055829919	-0.1024260777	0.1019113804	-0.1010554665	0.0998612018	-0.269638	6.40000000000085e-05	0.072704651044	4.096000000001088e-09	-0.114881	-7.100000000000162e-05	0.013197644161	5.041000000000229e-09	0.0418459	-0.0458155	0.00209906004025	0.0017510793468099	0.00312763	0.00069018	4.7634843240000043e-07	9.7820694169e-06	0.00152044	-8.464999999999992e-05	2.3117377936e-06	7.165622499999986e-09	-0.00474043	-0.00052187	2.723482969000007e-07	2.24716765849e-05	0.0	0.0
60603.49472329804	59.82342031427106	3578.8416180979398	3672783572.6768136	99592.93779538	58.01815080051893	3366.1058223117548	9918753258.71443	59566.54483309659	87.91444182593114	3548173263.353306	7728.94908156503	66922.22737640757	61118.66499921215	1.067355	18.706175	0.1238554	0.0616163	-0.0264292276	-0.0190203872	-0.024536038	0.0141392437	0.100338152	-0.0398488317	0.0240395749	-0.0070234789	0.0557881377	-0.1162945739	0.10109951	-0.0085096822	0.0249181528	0.0784785742	-0.1044877653	-0.0798355183	0.0913881618	-0.0796698057	-0.0187164083	0.0294392226	-0.0448495079	-0.0149674958	-0.1265866116	0.0561059028	0.0276458107	-0.055678082	0.1007105489	-0.0327835145	0.0778929718	-0.0651695042	-0.0500506987	0.0303233126	-0.0885240692	-0.0036444399	-0.2229670196	0.0133881705	0.0817259366	0.1175243095	0.0243069734	0.0312654951	0.0674156488	0.0224393045	0.0202495934	-0.0070382068	-0.0713967286	-0.1468268097	0.01465447	0.0177683714	0.0146223516	0.0212076591	-0.0978275393	0.0049255546	0.0122308089	0.009550784	0.0026438656	0.018866923	-0.0776506234	0.0098492914	-0.097872099	-0.012202709	-0.0763104946	-0.0626836658	-0.00813443	-0.1566385021	-0.0380817338	0.0229656049	-0.0013717639	0.0207662275	-0.0729842715	-0.0315797264	-0.0499106841	-0.0271333786	0.1827268947	-0.0435954886	-0.0102842912	-0.0993162302	-0.152180581	0.0408905205	-0.0009858287	-0.0176547696	-0.0100958577	0.1000110306	0.0448988315	0.1438179046	-0.052983209	-0.0695866066	-0.0784018336	0.0654079886	-0.0131928975	-0.0820937428	-0.0080117015	-0.0302649632	-0.0014737199	-0.0636819936	-0.077442033	-0.0068355162	0.0798235721	-0.097736034	-0.0633117464	-0.1025101919	0.1022474116	-0.1018099433	0.1011985345	-0.250186	0.0194519999999999	0.062593034596	0.0003783803039999	-0.131578	-0.016697	0.017312770084	0.000278789809	0.0886307999999999	0.0467848999999999	0.0021888268680099	0.0078554187086399	0.00285082	-0.00027681	7.66237761000001e-08	8.1271746724e-06	0.00152044	0.0	2.3117377936e-06	0.0	-0.00419881	0.00054162	2.933522244000005e-07	1.7630005416099998e-05	0.0	0.0
60556.46545098954	-47.02927230850037	2211.75245386708	3667085507.9168897	99503.82798635223	-89.10980902776646	7940.558064965009	9901011783.937574	59429.63545971074	-136.9093733858463	3531881570.8741083	18744.176520905068	66809.95375410118	61275.067767803484	1.021799	17.907766	0.1620687	0.086148	0.0700733801	0.0048024092	0.0465788836	-0.020475642	0.0807065953	-0.0590150341	0.0102843159	0.0690193144	-0.0644878683	-0.0325823508	-0.068288636	-0.0233212514	0.032921953	-0.0521684712	0.0502637639	0.001276732	0.0919680524	0.0195004693	-0.0639059227	-0.1214338749	-0.0795311485	-0.1102952904	0.0742104385	0.0106536906	0.0849113507	0.0130164461	-0.0394928675	0.0637671532	-0.0303108561	-0.0224107615	-0.0523562703	-0.0224663373	-0.0022643926	-0.0126698098	-0.1284029711	-0.0620854081	0.1903627415	-0.0225152099	0.0429643504	0.0429045449	0.0204124331	-0.0919021557	-0.0139515076	-0.0121043768	-0.0142554718	0.0147727172	0.0032188232	-0.094998083	-0.0561122515	0.1506574145	0.0836188236	-0.0559703304	0.0396529041	0.0357567423	-0.0138702754	-0.0620286211	0.0076793468	0.0842846796	0.0551429989	-0.010933193	0.0966977262	-0.0438551115	0.0682371414	0.0587940811	-0.0285056814	-0.0333645534	-0.0083699921	-0.1277366903	-0.0596821475	-0.0467142351	0.0210300542	-0.102109098	0.0006658011	-0.032362432	0.0883732117	-0.0657659602	-0.0456264036	0.0320987652	0.0593328107	-0.0796289844	0.1192322511	0.0437817004	0.0993917848	-0.0520839637	-0.1114213263	-0.0236708137	-0.0810134118	0.0100985176	0.0819926616	-0.1205258935	-0.0366760895	-0.0011375217	0.079585587	0.0201292671	0.0967562047	-0.1182429656	-0.022668165	0.0092118249	0.0277586113	-0.1025662807	0.1024716367	-0.1023139614	0.1020933517	-0.250246	-6.0000000000004494e-05	0.062623060516	3.6000000000005393e-09	-0.0915801	0.0399979	0.00838691471601	0.00159983200441	0.026064	-0.0625667999999999	0.0039146044622399	0.000679332096	0.00366342	0.0008126	6.603187600000002e-07	1.34206460964e-05	0.00160855	8.810999999999997e-05	2.5874331025e-06	7.763372099999994e-09	-0.00391064	0.0002881699999999	8.304194889999996e-08	1.5293105209599998e-05	0.0	0.0
60613.19885437677	56.7334033872321	3218.679059898399	3673959875.360222	99529.86412519292	26.03613884068909	677.8805257316391	9906193852.779366	59444.05593443311	14.420474722370273	3533595785.9360127	207.95009121852	66844.27476025802	61156.64554342588	1.127151	19.754139	0.1627500999999999	0.0846876	-0.0603319576	0.036471273	-0.0429334536	0.0369515682	-0.0169412761	0.0116400202	0.0074524762	-0.0988446878	0.0496385306	0.0382249939	0.0766743922	-0.0223075427	-0.0473513365	0.0426184589	-0.0200535654	-0.0543741938	-0.0709173414	0.0212262688	0.0166631595	0.0668173827	-0.0861606003	0.1377937653	0.0504208338	-0.0202921096	0.1730280116	-0.0717274343	-0.1329319937	0.0003891079	-0.0273551015	-0.0110640023	-0.0526323544	0.0553436389	-0.0504792766	0.0183736293	0.0493160818	-0.0442230388	-0.0406007869	-0.0468953932	-0.0576653328	0.030545462	0.1141439969	0.050272265	-0.0578508003	0.010846567	0.0219866397	0.0623834022	0.0062544289	-0.1380573536	-0.0415270754	-0.0375979583	0.0093589648	0.0070298296	0.0637313596	0.1189725338	0.0615983324	0.0708891857	-0.0476760761	0.18721795	0.0912682656	0.0158721316	-0.0944518848	0.0605137548	-0.1017176636	-0.0145341742	0.0537482688	0.0390233792	0.0397522656	-0.0170810416	0.0094072207	0.112204932	-0.033247175	-0.139310457	-0.0496879467	-0.0573160739	-0.0677970447	-0.040928647	0.0439920214	0.0064310532	0.0799574849	0.022199207	-0.0256512176	-0.0117965651	-0.0306734318	0.0180147548	0.064065218	-0.023262299	-0.0102168297	-0.0272112192	-0.0032609396	-0.0473299837	-0.1523727533	0.1134831121	-0.0178244289	-0.1147979793	0.1381992718	0.0261267124	-0.0141222089	0.0433018208	0.0469009267	-0.102594329	0.1025838106	-0.1025662807	0.1025417406	-0.25116	-0.0009139999999999	0.0630813455999999	8.353959999999459e-07	-0.132576	-0.0409959	0.017576395776	0.00168066381681	0.0899177	0.0638537	0.00407729500369	0.00808519277329	0.00305487	-0.00060855	3.703331025000003e-07	9.3322307169e-06	0.00173077	0.0001222199999999	2.9955647929e-06	1.493772839999998e-08	-0.0043196	-0.0004089599999999	1.672482815999999e-07	1.865894416e-05	0.0	0.0
