global_signal	global_signal_derivative1	global_signal_derivative1_power2	global_signal_power2	csf	csf_derivative1	csf_power2	csf_derivative1_power2	white_matter	white_matter_derivative1	white_matter_power2	white_matter_derivative1_power2	csf_wm	tcompcor	std_dvars	dvars	framewise_displacement	rmsd	t_comp_cor_00	t_comp_cor_01	t_comp_cor_02	t_comp_cor_03	c_comp_cor_00	c_comp_cor_01	c_comp_cor_02	c_comp_cor_03	c_comp_cor_04	c_comp_cor_05	w_comp_cor_00	w_comp_cor_01	w_comp_cor_02	w_comp_cor_03	w_comp_cor_04	w_comp_cor_05	w_comp_cor_06	w_comp_cor_07	w_comp_cor_08	w_comp_cor_09	w_comp_cor_10	w_comp_cor_11	w_comp_cor_12	w_comp_cor_13	w_comp_cor_14	w_comp_cor_15	w_comp_cor_16	w_comp_cor_17	w_comp_cor_18	w_comp_cor_19	w_comp_cor_20	a_comp_cor_00	a_comp_cor_01	a_comp_cor_02	a_comp_cor_03	a_comp_cor_04	a_comp_cor_05	a_comp_cor_06	a_comp_cor_07	a_comp_cor_08	a_comp_cor_09	a_comp_cor_10	a_comp_cor_11	a_comp_cor_12	a_comp_cor_13	a_comp_cor_14	a_comp_cor_15	cosine00	trans_x	trans_x_derivative1	trans_x_power2	trans_x_derivative1_power2	trans_y	trans_y_derivative1	trans_y_derivative1_power2	trans_y_power2	trans_z	trans_z_derivative1	trans_z_power2	trans_z_derivative1_power2	rot_x	rot_x_derivative1	rot_x_power2	rot_x_derivative1_power2	rot_y	rot_y_derivative1	rot_y_power2	rot_y_derivative1_power2	rot_z	rot_z_derivative1	rot_z_power2	rot_z_derivative1_power2	motion_outlier00	motion_outlier01	motion_outlier02	motion_outlier03	motion_outlier04	motion_outlier05	motion_outlier06
51886.1698736301	n/a	n/a	2692174624.1551995	81089.66925048828	n/a	6575534459.1535845	n/a	49830.03435549441	n/a	2483032323.8697534	n/a	55960.86806067926	51938.803435678776	n/a	n/a	n/a	n/a	-0.0744593254	-0.1046251457	0.0206987834	0.0535021746	-0.0605825692	0.1763501845	0.0424411582	-0.0227316467	0.0524107304	-0.2101710628	-0.1897829527	-0.0112131611	0.0246425697	-0.2275093487	0.1188475988	-0.1156828135	0.0206027609	0.0484966308	-0.0912617868	0.0894135947	-0.0268639726	0.0674119993	-0.0387086191	0.0929372878	-0.023085883	0.2063821759	-0.0897944074	0.2303099235	-0.0253152926	0.0445111217	0.0601676941	-0.1572345226	0.0384829712	-0.0116460603	0.1772246368	-0.0263468771	0.0101931141	-0.1551814259	0.0309609986	-0.0573987084	0.1772004674	-0.0566528097	0.0462472496	-0.1255602184	0.0055824358	-0.0998527345	0.1480152941	0.1490484942	-0.0253329	n/a	0.00064175582241	n/a	0.0559151	n/a	n/a	0.00312649840801	-0.259694	n/a	0.0674409736359999	n/a	0.00297287	n/a	8.8379560369e-06	n/a	-0.000641097	n/a	4.11005363409e-07	n/a	0.0007798199999999	n/a	6.081192323998441e-07	n/a	0.0	0.0	0.0	0.0	0.0	0.0	0.0
51965.28412430315	79.1142506730539	6259.06465955881	2700390754.119553	81221.48167249892	131.81242201064015	6596929085.076078	17374.51459631109	49871.82483728236	41.79048178794619	2487198912.600573	1746.4443680686622	55982.141737671365	52118.3923202269	1.193276	26.362013	0.11227015	0.0634477	-0.0489363007	0.1499201423	-0.0384148727	-0.0299028811	-0.109221379	0.0927736195	0.028559815	-0.1581585229	-0.1256130914	0.0692533216	-0.1339654963	0.0285200757	-0.1036552297	-0.1705782201	0.1649664976	-0.1107434781	-0.1242439069	0.0237361594	-0.0568364009	-0.1792027539	-0.0249695739	0.2593897909	0.0170459235	-0.0093903311	-0.0121700205	0.0208017762	0.1541892789	0.0988282831	0.0926136034	0.0345448924	-0.000841762	-0.1357429397	0.0382479735	-0.0309760444	-0.0086411975	-0.0338786692	0.0899793589	-0.2778055145	0.0599967393	-0.0528946152	-0.0508308712	-0.0796684796	0.1309091242	-0.2162832274	0.148880032	-0.096771637	0.0081377834	0.1488669016	-0.022081	0.0032518999999999	0.000487570561	1.057485360999999e-05	0.0850529	0.0291378	0.0008490113888399	0.00723399579841	-0.306282	-0.046588	0.093808663524	0.002170441744	0.00341988	0.00044701	1.1695579214400002e-05	1.9981794010000025e-07	-0.000733715	-9.261800000000004e-05	5.383377012250001e-07	8.578093924000008e-09	0.000653599	-0.0001262209999998	4.271916528010001e-07	1.5931740840974746e-08	0.0	0.0	0.0	0.0	0.0	0.0	0.0
52030.33491999765	65.05079569450027	4231.606020487614	2707155751.887127	81623.86352199978	402.38184950086	6662455096.258046	161911.15280773272	49909.068302911466	37.24346562910796	2490915098.864682	1387.075732066546	56065.17871465632	52370.47459004902	1.308068	28.89801	0.1030522	0.0629595	-0.0785532078	-0.1178291126	0.1789831851	-0.036692776	0.1510633875	0.1876217015	-0.0623884548	-0.1067534676	-0.2434936176	-0.1329771815	-0.104979017	0.1354182789	-0.0585961277	-0.1497092421	-0.087950533	0.0705815709	0.0753511091	0.1760759548	0.0320002998	0.1315350958	0.0414771227	0.2735704535	0.2415150089	-0.1471419007	0.1499382779	-0.1370293864	-0.1739492553	0.1080607054	-0.063414614	-0.0008917651	-0.0452663186	-0.1218141399	-0.1037920299	0.0335048169	0.1192834855	0.0518065866	0.100714503	-0.0915821373	-0.1899080422	-0.2397839486	0.0677667116	-0.0248888536	0.1508181023	-0.0357892854	0.114679512	-0.1321582408	0.0485643013	0.1485039376	-0.0220157	6.530000000000077e-05	0.00048469104649	4.264090000000101e-09	0.0700897	-0.0149631999999999	0.0002238973542399	0.00491256604609	-0.283568	0.022714	0.0804108106239999	0.000515925796	0.00244007	-0.00097981	5.953941604899999e-06	9.600276361000005e-07	-0.000416879	0.000316836	1.73788100641e-07	1.0038505089600003e-07	0.000644051	-9.548000000000063e-06	4.14801690601e-07	9.116430400000123e-11	0.0	0.0	0.0	0.0	0.0	0.0	0.0
52037.69345754523	7.3585375475813635	54.14807483916475	2707921540.381446	81732.74281141494	108.87928941515564	6680241247.4769	11854.699663549229	49911.61189532688	2.5435924154153327	2491169001.989736	6.469862375758407	55951.63048749286	52764.44862685093	1.284447	28.376169	0.1125114	0.061928	-0.0826692965	0.0903682615	-0.1087636186	-0.0838167499	-0.0510219067	0.1092633719	-0.1032550347	-0.1940893702	-0.1374382204	0.0531582254	-0.1119736631	0.1079352007	0.0406407236	-0.1752825758	0.171817949	-0.0849287202	0.0138217965	0.1163162063	0.0896737461	0.2493250023	-0.1209798724	0.142813014	-0.0092776531	0.1356327177	0.0993558243	0.1295694444	0.061401406	-0.1838716004	-0.009786013	-0.0501892242	0.1358497062	-0.0814650185	-0.0853884114	-0.119938878	0.0224981112	-0.1184914826	0.0783830837	-0.2064911901	0.0079826478	-0.2198785835	0.095288869	0.0693735553	0.0706755192	0.0612840934	0.0873695132	-0.2565673775	-0.0341294612	0.1479600444	-0.0142242	0.0077915	0.0002023278656399	6.070747225e-05	0.0664153	-0.0036744	1.350121536000006e-05	0.00441099207409	-0.236122	0.0474459999999999	0.055753598884	0.0022511229159999	0.00189618	-0.00054389	3.5954985924e-06	2.958163321e-07	-0.000767224	-0.000350345	5.886326661760001e-07	1.2274161902500004e-07	0.000466296	-0.0001777549999999	2.17431959616e-07	3.1596840025e-08	0.0	0.0	0.0	0.0	0.0	0.0	0.0
52022.13085983608	-15.562597709154945	242.19444745699468	2706302099.1979094	81144.54698011611	-588.1958312988281	6584437504.608271	345974.3359573195	49833.92249866541	-77.68939666147344	2483419831.60299	6035.64235362376	56019.30990575019	52219.86636008602	1.167412	25.790619	0.07738865	0.0390832	-0.0379763029	0.0113067682	0.1776254043	-0.0356068526	-0.0546320973	0.1294302324	0.1255402296	-0.048491651	0.0274225214	-0.1074763528	-0.0862511551	-0.0619869983	-0.2209451426	-0.2158630074	-0.0571785479	-0.019723477	-0.0397098195	-0.0475197519	0.084158304	0.0653318223	-0.0447914197	-0.0309697506	0.0568922774	-0.1067016183	0.0167270236	-0.0649677267	0.0237039715	-0.1560074155	-0.0277422465	0.0686020497	0.0055565249	-0.1341268754	0.0925621433	0.0541965502	0.0581386656	0.1473555647	-0.0032396082	-0.1673995457	-0.0206242173	-0.120742049	0.0471043371	0.1762283428	0.0141882475	0.0747862406	0.0662911003	0.0394521847	-0.052855458	0.1472358847	-0.0190508	-0.0048266	0.00036293298064	2.329606756e-05	0.0424241	-0.0239911999999999	0.0005755776774399	0.00179980426081	-0.233948	0.002174	0.0547316667039999	4.72627600000004e-06	0.00148499	-0.0004111899999999	2.2051953001000003e-06	1.690772160999999e-07	-0.000921004	-0.0001537799999999	8.48248368016e-07	2.3648288399999987e-08	0.000829263	0.000362967	6.87677123169e-07	1.3174504308900002e-07	0.0	0.0	0.0	0.0	0.0	0.0	0.0
52050.73167880318	28.600818967104715	818.0068455890968	2709278668.298765	81337.45817396377	192.91119384765625	6615782102.201305	37214.72871172801	49801.28288744251	-32.639611222897656	2480167777.235074	1065.3442207819066	55914.80487344107	52431.42405961366	1.213682	26.812817	0.10835097	0.0587167	-0.065732206	0.0030444197	-0.1624502865	0.0157862972	-0.1539719646	0.0653452119	-0.1086282011	-0.0781674102	0.1390205206	-0.0806889834	-0.0799743127	-0.0983707132	-0.0185023015	-0.0404904304	0.1752960628	-0.0163917414	0.0842138511	-0.0542294809	0.1685584286	-0.2296898844	-0.0086420017	-0.061030389	0.1681824408	-0.0139017683	0.157088732	0.1064852434	0.0457724722	0.026723798	0.0370986999	-0.0499448215	0.0956061906	-0.0744821198	0.0281568802	-0.026375352	0.0387476348	-0.1288952662	-0.1559667531	-0.0950493775	0.1297916121	-0.0430482906	-0.0801322723	0.0038717355	0.1080491354	-0.0549521978	0.0798399663	0.2547273725	0.0917388296	0.1463323407	-0.00782243	0.01122837	6.11904111049e-05	0.0001260762928569	0.0311687	-0.0112553999999999	0.0001266840291599	0.00097148785969	-0.195063	0.038885	0.0380495739689999	0.001512043225	0.00145833	-2.6659999999999965e-05	2.1267263889000004e-06	7.10755599999998e-10	-0.0008372829999999	8.37210000001e-05	7.010428220888325e-07	7.0092058410167445e-09	0.0	-0.000829263	0.0	6.87677123169e-07	0.0	0.0	0.0	0.0	0.0	0.0	0.0
52089.7184202867	38.98674148351711	1519.9660115025938	2713338765.1047554	81166.44129435222	-171.01687961154676	6587991192.389525	29246.77311207028	49822.05509814389	20.772210701376025	2482237174.202485	431.48473742236064	55972.40676914747	51762.40544819021	1.228966	27.150486	0.06488712	0.035893	-0.0200221944	0.0947932289	0.1363390977	-0.0415486547	-0.0079569935	0.0628197962	0.1320342953	-0.0269097689	-0.0217089149	-0.0779719683	-0.1109339928	-0.0950481325	-0.1232702326	-0.1095483526	-0.1103367792	-0.0730101916	-0.0288975019	-0.0290477263	-0.0204303787	-0.1687297465	-0.0821795632	0.0261788262	-0.2306512788	-0.0266783862	0.14821228	-0.1236648545	-0.0433042158	-0.0338911455	-0.0703666707	-0.0655685845	-0.0227577298	-0.0842689986	0.1193205083	0.0348638408	0.0898233031	0.0574269993	0.0091273512	-0.1318680774	-0.039603967	0.0183837678	-0.168488071	0.0029257641	-0.1010047472	0.0767835554	-0.0036548755	-0.065320394	0.1434587434	0.1452505133	-0.0111235	-0.0033010699999999	0.0001237322522499	1.0897063144899998e-05	0.0373332	0.0061644999999999	3.800106024999995e-05	0.0013937678222399	-0.228736	-0.033673	0.052320157696	0.001133870929	0.00130309	-0.00015524	1.6980435481e-06	2.4099457600000023e-08	-0.000899756	-6.247300000010003e-05	8.095608595360001e-07	3.902875729012498e-09	0.000217258	0.000217258	4.7201038564000004e-08	4.7201038564000004e-08	0.0	0.0	0.0	0.0	0.0	0.0	0.0
52276.45155877114	186.73313848444377	34869.265008250455	2732827387.5765457	81992.32691786025	825.8856235080311	6722741673.405271	682087.0631172493	49909.85073094612	87.79563280223374	2490993199.985323	7708.073139144661	55816.89906821211	52517.717559869045	1.180103	26.07099	0.151065593	0.0855697	-0.084885032	-0.1103629601	-0.068535629	-0.1147292499	0.2238020362	0.117069719	-0.1780534442	-0.0937584681	-0.1471347819	-0.113256911	-0.0573465467	0.013752421	0.1497738595	-0.0885236108	0.0001656783	0.1945455039	0.0650463325	-0.0641426109	-0.0282204622	-0.0270947444	0.034014404	-0.1093384101	-0.0068535398	-0.0470324481	-0.0416525154	-0.1071789342	-0.1770889987	0.0617997445	-0.1627674382	0.1182953763	0.0539741712	0.0163235264	-0.1086434037	-0.1824272596	0.2095368768	-0.0132806414	-0.0064442237	-0.0025704054	-0.0774479473	-0.1073783014	-0.125291186	-0.0826628194	-0.0582025434	0.07965821	-0.1466358831	0.0773312225	-0.0600517275	0.1439917206	-0.000642207	0.010481293	4.12429830849e-07	0.0001098575029518	0.0112629	-0.0260702999999999	0.0006796605420899	0.00012685291641	-0.177468	0.051268	0.0314948910239999	0.002628407824	0.000264996	-0.001038094	7.0222880016e-08	1.077639152836e-06	-0.0008372829999999	6.247300000010003e-05	7.010428220888325e-07	3.902875729012498e-09	0.000381611	0.000164353	1.45626955321e-07	2.7011908609e-08	0.0	0.0	0.0	0.0	0.0	0.0	0.0
52381.889548206906	105.43798943576256	11117.16961625598	2743862352.640548	81952.35841878255	-39.96849907770229	6716189050.400599	1597.4809185242889	49958.69928034658	48.84854940045625	2495871633.784101	2386.1807785288147	56008.05247256997	53300.77673296169	1.08335	23.933519	0.047589743	0.023685	-0.0604614274	0.0228095301	0.0623766453	-0.200617634	0.0639122757	0.1992153825	0.0773227306	-0.0124426234	0.0195036429	0.1685283381	-0.0674516726	0.0594181768	0.0464332981	-0.1812075125	0.072653798	0.0863170885	-0.0757932159	0.1008802451	-0.215729917	-0.1275211907	-0.0747280633	-0.1330099804	0.0818042135	-0.0406837913	0.0036319923	-0.1705403485	-0.1484187962	-0.0514762632	0.1391218109	0.0023816643	0.0290910011	-0.0496050756	-0.0308141375	-0.1604503428	0.0511447033	0.1255466993	0.134342256	-0.122695368	0.0465792759	0.0337753419	0.0390335976	-0.1792028458	-0.0217764781	-0.0164322226	0.0035667379	0.175328293	-0.1227111908	0.1425574961	-0.00600425	-0.005362043	3.60510180625e-05	2.8751505133849005e-05	0.0274798	0.0162169	0.00026298784561	0.00075513940804	-0.189955	-0.012487	0.036082902025	0.000155925169	0.000377942	0.000112946	1.42840155364e-07	1.2756798916e-08	-0.0008372829999999	0.0	7.010428220888325e-07	0.0	0.000539141	0.00015753	2.906730178810001e-07	2.4815700900000004e-08	0.0	0.0	0.0	0.0	0.0	0.0	0.0
52271.68097016562	-110.208578041289	12145.93067388289	2732328631.4467745	81714.05820380317	-238.3002149793756	6677187308.134532	56786.99245921663	50017.50897256899	58.809692222414014	2501751203.82102	3458.579899295064	56141.34519141517	53738.42688294003	1.045128	23.089104	0.091135456	0.0532244	-0.0591209921	-0.0247639359	0.0455138696	-0.1499173811	-0.0448905968	0.1055847037	0.0502068816	-0.0044125121	0.0819742939	-0.0247906831	-0.0363762377	0.0416048739	-0.0913142879	-0.1639874601	-0.0029647864	-0.1721946658	0.0234133368	-0.1403792958	-0.0847269437	0.1168189757	0.0210641014	-0.0604736128	-0.0894893093	0.0112700169	-0.0491524764	-0.0090495794	0.2225424055	-0.1325168625	-0.2087593438	0.086960237	-0.0788532371	-0.0915201288	-0.0096677761	0.0566090812	0.047860628	0.0658925566	-0.0225771863	-0.2241404953	-0.0579517035	0.1341230153	0.098886005	0.1499348389	-0.0116825851	0.0196933378	-0.1073784778	-0.124712843	-0.0137585111	0.1409495873	-0.000560894	0.005443356	3.1460207923600005e-07	2.9630124542736e-05	0.0527989	0.0253191	0.00064105682481	0.00278772384121	-0.218352	-0.0283969999999999	0.0476775959039999	0.0008063896089999	0.000993308	0.000615366	9.86660782864e-07	3.78675313956e-07	-0.000837284	-1.0000000999791855e-09	7.01044496656e-07	1.0000001999583812e-18	0.000514988	-2.4153000000000065e-05	2.65212640144e-07	5.83367409000003e-10	0.0	0.0	0.0	0.0	0.0	0.0	0.0
52159.30091343081	-112.38005673480802	12629.27715171867	2720592671.777824	81790.41261121962	76.35440741645289	6689671595.113554	5829.995531917675	49988.33761087385	-29.17136169513833	2498833897.0987053	850.9683431485838	56156.28029946925	52855.33386650836	1.065454	23.538162	0.077468476	0.0362307	-0.0461336762	0.0834447446	-0.0205110691	-0.0738397586	-0.10132454	-0.0399320485	-0.0765017667	0.0377389188	-0.0600295748	0.020905956	-0.0373132771	0.1089083082	-0.1411267137	0.0422556161	-0.0964456971	-0.1634181685	0.1130091074	-0.0408650901	-0.0797697223	-0.0614996755	-0.2529446367	-0.1586121523	-0.0205559651	0.2115831793	0.0938390782	0.0151010889	-0.076488391	-0.090246664	-0.0184249842	-0.0510959538	-0.0970630198	-0.0799530329	-0.0153544972	0.1507073046	-0.0725056092	-0.0850139258	0.0059549527	-0.1304975822	-0.138273021	0.1062764806	-0.0822914804	0.0176942479	-0.0949781367	0.0998183634	0.1276066681	0.0513755381	-0.0079134038	0.1391699531	-0.00603937	-0.0054784759999999	3.64739899969e-05	3.0013699282576e-05	0.040794	-0.0120049	0.00014411762401	0.0016641504359999	-0.18932	0.029032	0.0358420623999999	0.000842857024	0.00138159	0.000388282	1.9087909281e-06	1.50762911524e-07	-0.000687838	0.000149446	4.73121114244e-07	2.2334106916000005e-08	0.000433654	-8.133399999999996e-05	1.88055791716e-07	6.615219555999994e-09	0.0	0.0	0.0	0.0	0.0	0.0	0.0
52012.42229784191	-146.87861558889563	21573.32771731057	2705292073.2890425	81614.78051757812	-175.63209364149952	6660972398.93245	30846.63231689645	49911.216417029405	-77.12119384444668	2491129524.2275457	5947.67853999272	55863.74601342346	52243.99923252931	1.02378	22.617479	0.1202899699999999	0.0646543	-0.0822185952	-0.0449660952	-0.0847669741	0.0248777206	-0.0982226881	-0.0135670725	-0.1438250439	-0.032306951	0.0097884139	-0.0631809902	-0.1074762408	0.0618804466	0.0352049601	0.1315567396	0.0264509687	-0.0566054624	-0.0266680811	-0.1391869836	0.145033064	-0.1066860637	-0.01645891	-0.0942256007	0.0795722223	-0.272769932	0.0151605806	-0.0529590311	-0.2129606454	-0.0567941737	0.0102449073	-0.0225494191	0.0323292062	-0.0232588899	-0.0178939309	-0.0319264263	0.0155322633	-0.2108703799	0.0231188706	0.0022369677	-0.0644313953	-0.0114662557	-0.1129923692	0.075662003	-0.0288578203	0.0973159277	0.1325169724	0.2514409181	0.1620216746	0.1372207617	-0.0078745399999999	-0.0018351699999999	6.200838021159843e-05	3.367848928899636e-06	0.0181752	-0.0226187999999999	0.0005116101134399	0.0003303378950399	-0.14624	0.0430799999999999	0.0213861376	0.0018558863999999	0.00074014	-0.00064145	5.478072196e-07	4.114581025e-07	-0.0008372829999999	-0.0001494449999999	7.010428220888325e-07	2.2333808024970126e-08	0.000697879	0.000264225	4.87035098641e-07	6.9814850625e-08	0.0	0.0	0.0	0.0	0.0	0.0	0.0
51991.12593704561	-21.296360796302903	453.53498316630737	2703077176.201737	81397.54139539931	-217.23912217881295	6625559745.215745	47192.83620502123	49794.482188321286	-116.7342287081192	2479490456.4030457	13626.88015207948	55933.07851175743	51558.94458515529	1.192377	26.342155	0.04792026	0.0249291	-0.0234730846	0.1619933709	0.0824320299	0.0151956466	-0.0546067639	0.0446311911	0.1286901742	0.0300285408	-0.0664237289	-0.0109624535	-0.1442529613	-0.0984369661	-0.0392516011	-0.0139920421	-0.0986576775	-0.0042672309	-0.0934844674	0.1145778498	-0.0149258846	0.1205087059	0.0136669716	-0.1982700138	-0.1874727216	0.0090814912	0.1657600478	0.1725604159	-0.2730846453	-0.0374465458	0.184350846	-0.0096198846	-0.0948107164	-0.0981897598	0.1614200494	-0.021629495	0.043082806	0.0510056227	0.0890099014	0.0415805769	0.0148901527	-0.0509661467	0.0287561158	-0.0016374086	-0.2312187087	0.1496876344	-0.014275216	-0.0454104326	0.2668192858	0.135104388	-0.00387533	0.0039992099999999	1.5018182608900002e-05	1.5993680624099206e-05	0.0297421	0.0115669	0.00013379317561	0.00088459251241	-0.133816	0.012424	0.0179067218559999	0.000154355776	0.000417644	-0.000322496	1.74426510736e-07	1.0400367001600003e-07	-0.000837284	-1.0000000999791855e-09	7.01044496656e-07	1.0000001999583812e-18	0.000621773	-7.610599999999994e-05	3.866016635290001e-07	5.792123235999991e-09	0.0	0.0	0.0	0.0	0.0	0.0	0.0
52138.548992968266	147.4230559226562	21733.55741757462	2718428291.092152	81463.26757473416	65.72617933484435	6636263963.952733	4319.93064995612	49815.10462179698	20.62243347569165	2481544648.4805784	425.2847624593276	55804.94629575638	52197.32740398809	1.243992	27.482431	0.0922518699999999	0.0475853	-0.0400847648	-0.1571701893	-0.0329200036	0.0380918354	-0.0033309287	0.0715520054	0.0149998361	0.0339540451	0.1493740758	-0.1562291572	-0.1447901851	-0.0885283202	0.1829769896	0.0068127349	0.0440609797	0.0526010838	0.197228771	0.0253186056	-0.131974087	-0.0225575497	0.2201343879	-0.0514356826	0.0349324062	-0.1014055713	-0.0268327237	0.088670676	-0.0866732883	-0.0473548988	-0.1334915678	-0.0069721346	-0.0475154464	-0.0464005156	0.0512717243	-0.1316367325	0.2024423501	-0.0635679523	-0.0645610797	0.0845104996	0.0353603343	0.1140299636	0.134214985	-0.1476814612	-0.0725123043	-0.0338534832	-0.1585197936	0.1144844173	0.1053090486	0.1328234104	-0.000624985	0.003250345	3.90606250225e-07	1.0564742619025e-05	0.0182618	-0.0114802999999999	0.0001317972880899	0.00033349333924	-0.0991186	0.0346973999999999	0.00982449686596	0.0012039095667599	9.03815e-05	-0.0003272625	8.16881554225e-09	1.0710074390625e-07	-0.000470717	0.000366567	2.21574494089e-07	1.34371365489e-07	0.0007844199999999	0.0001626469999998	6.153147363998431e-07	2.6454046608967457e-08	0.0	0.0	0.0	0.0	0.0	0.0	0.0
52207.19347322964	68.64448026137688	4712.064670354561	2725591050.351232	81784.87646484375	321.60889010959363	6688766018.369753	103432.27819752468	49808.01834038272	-7.0862814142601565	2480838690.995901	50.21538428208892	55872.799036379	52358.77938608023	1.213051	26.798882	0.04767	0.0246275	0.021699107	0.1152335778	-0.0087738092	-0.0599964781	-0.0446801258	-0.0134257053	0.0666346989	-0.0108488572	-0.072775536	0.1559922127	-0.0762396528	-0.1408364461	0.0593536359	0.0852384218	0.1238991803	0.0550771079	0.0128021285	-0.0903085646	-0.0435252904	-0.1314068195	0.0782886911	0.0591385045	0.1417120973	0.0791077574	0.0088483586	-0.0101725806	0.0545448975	0.1609020322	-0.1682439005	-0.0210797594	0.035576051	-0.0128607036	0.1340959265	-0.0737813912	0.0113679174	-0.0534814315	0.0062189207	-0.0175606393	0.0742704746	0.1482066578	-0.1610231258	-0.0993803932	0.0864838615	-0.2118263657	-0.1349624726	0.0725427928	-0.1717062246	0.130380608	0.00242694	0.0030519249999999	5.890037763599999e-06	9.314246205624995e-06	0.0182247	-3.710000000000172e-05	1.376410000000127e-09	0.00033213969009	-0.109603	-0.0104844	0.012012817609	0.00010992264336	0.000417644	0.0003272625	1.74426510736e-07	1.0710074390625e-07	-0.000332751	0.000137966	1.10723228001e-07	1.9034617156e-08	0.000567717	-0.0002167029999998	3.223025920890001e-07	4.6960190208956655e-08	0.0	0.0	0.0	0.0	0.0	0.0	0.0
52102.02684650354	-105.16662672610256	11060.019376947386	2714621201.513776	81501.34370083279	-283.5327640109608	6642469025.041277	80390.8282676952	49934.00068269546	125.98234231274546	2493404424.179431	15871.550574605775	55936.80127510948	52464.83955964718	1.118827	24.717272	0.03910413	0.0212488	-0.033554543	-0.1394890915	0.0474436801	0.0275477087	0.0081803453	-0.0358507906	0.0061407839	0.0251089281	0.0014099792	-0.1303964736	0.0387896955	-0.0977305586	0.0175567361	-0.0063165978	0.0141666467	0.064614787	0.2035171407	0.0680798939	-0.0542859232	-0.1174369268	0.0298384775	0.1576152321	0.0433617241	0.1232206753	-0.1726296579	-0.1118488436	0.0632843772	0.0384570638	-0.1309074321	0.041467826	0.0119241141	0.0221102169	0.0404629004	0.0436823856	0.0764531545	-0.0039218323	-0.1340850201	-0.0046620318	-0.0883549591	0.0143483678	0.0306592855	-0.1330918606	-0.0022933929	-0.1881880755	-0.0976403008	-0.0578459137	-0.1976875106	0.1277789568	0.00578182	0.00335488	3.34294425124e-05	1.12552198144e-05	0.0235455	0.0053208	2.8310912640000005e-05	0.00055439057025	-0.0934198	0.0161832	0.00872725903204	0.00026189596224	0.000417644	0.0	1.74426510736e-07	0.0	-0.000373646	-4.0895e-05	1.39611333316e-07	1.6724010249999992e-09	0.000323707	-0.00024401	1.04786221849e-07	5.9540880100000013e-08	0.0	0.0	0.0	0.0	0.0	0.0	0.0
52069.95393544476	-32.07291105877812	1028.6716237842918	2711280102.83934	81856.43727281358	355.0935719807894	6700476322.998064	126091.44486207608	50006.88018694563	72.87950425016606	2500688066.031535	5311.422139749973	56024.13410664985	51842.50178159328	1.299548	28.709785	0.13964577	0.0928769	0.0283090756	0.1728464065	-0.0910676478	0.0200185766	-0.051553515	-0.0814842541	-0.0291272286	0.0339352299	-0.1161463826	0.1435327343	0.0002680608	0.0952117128	-0.091634756	0.1335978841	0.0351553908	0.0512095012	-0.0916949332	0.3775866877	0.0942082647	0.0406286859	-0.1339640164	-0.160206031	-0.136823972	-0.0848101881	0.0677132661	-0.1002216551	0.2348078956	-0.0784171687	-0.0973837273	0.1356048887	-0.2052522376	0.0091236756	0.008099111	0.0203462993	-0.164835503	-0.0682733296	0.1044930056	0.0541011199	0.0734780005	-0.1048513895	-0.0906290799	-0.2487334372	-0.0860930995	0.2952135585	0.0231623329	-0.1320426717	-0.1087333697	0.1250216267	-0.00064703	-0.00642885	4.186478209000001e-07	4.13301123225e-05	0.0182335	-0.005312	2.821734400000001e-05	0.00033246052225	-0.0147005	0.0787192999999999	0.00021610470025	0.0061967281924899	-0.000280398	-0.000698042	7.862303840400002e-08	4.872626337640001e-07	-9.50406e-05	0.0002786054	9.03271564836e-09	7.762096890916e-08	0.000330772	7.065000000000001e-06	1.09410115984e-07	4.9914225000000014e-11	0.0	0.0	0.0	0.0	0.0	0.0	0.0
52044.14877786816	-25.80515757660032	665.906157553173	2708593422.012876	81497.38092041016	-359.05635240342235	6641823096.886434	128921.46420125062	49834.01854057162	-172.8616463740109	2483429403.902036	29881.148787133592	55863.516642469534	51416.2399229756	1.422292	31.421457	0.09674509	0.0512092	0.0583884493	-0.1049397202	0.1432588262	0.0818824235	0.0648634859	0.0066727548	0.1217630405	0.0556556219	-0.0195519686	-0.0615985184	-0.0715207264	-0.087105759	0.0666635339	0.080090725	-0.1309109493	0.0597171024	-0.1236658246	-0.0060913745	0.1571564979	0.0675987353	-0.0061480812	-0.0351351647	-0.2120276629	-0.1602797897	-0.116849499	-0.1163638919	0.0602652545	-0.0095190371	0.1316797888	0.0096499996	-0.0260003895	0.0059409662	0.0721216182	0.0032317532	0.1246014569	0.0258194907	0.0387410526	0.1823268173	0.0040362371	-0.0116824586	-0.0789120843	0.0984513326	-0.00777815	0.1888295473	-0.0690825106	-0.1092440604	0.0151197418	0.122111977	-0.010982	-0.01033497	0.000120604324	0.0001068116049009	0.0203609	0.0021274	4.525830760000007e-06	0.00041456624881	-0.041847	-0.0271465	0.001751171409	0.00073693246225	0.000335347	0.000615745	1.12457610409e-07	3.79141905025e-07	-0.00053407	-0.0004390294	2.852307649e-07	1.9274681406436e-07	0.000242822	-8.795000000000002e-05	5.8962523684e-08	7.735202500000004e-09	0.0	0.0	0.0	0.0	0.0	0.0	0.0
52293.59009590191	249.44131803375055	62220.9711424147	2734619565.118211	82171.94387817383	674.5629577636719	6752228360.71775	455035.18398687337	49999.53199429205	165.51345372042852	2499953199.648234	27394.703362464432	55975.698790341776	52695.11880826183	1.275771	28.184511	0.082458944	0.0430641	0.034469827	0.0244964513	-0.128014293	-0.0901315661	0.0522039898	0.0256170479	-0.0836158601	-0.1196751688	0.0176675721	0.1187483788	-0.0144584969	0.1042219418	0.1688065069	-0.0201980936	0.0264920441	0.0771595905	-0.165164767	-0.1720580576	0.195024121	0.0127177202	0.0079245822	0.0229025918	-0.0508353181	0.0153582346	0.0076812902	-0.0982356055	0.0055620546	-0.1862792474	-0.0690718272	-0.107653141	0.0868223447	0.0282153461	-0.1278611731	-0.0820983973	0.059253119	-0.0575750876	0.0451732859	0.0191921929	0.0687147599	0.0109463142	-0.1731667913	0.2273962915	0.117445672	0.0409227825	-0.2082292352	-0.059776772	0.0084723437	0.1190535526	-0.000560136	0.010421864	3.13752338496e-07	0.0001086152492344	0.00909342	-0.01126748	0.0001269561055504	8.269028729639999e-05	-0.0794724	-0.0376253999999999	0.00631586236176	0.0014156707251599	0.000335347	0.0	1.12457610409e-07	0.0	-0.000314008	0.0002200619999999	9.8601024064e-08	4.8427283843999995e-08	0.0	-0.000242822	0.0	5.8962523684e-08	0.0	0.0	0.0	0.0	0.0	0.0	0.0
52243.273824330536	-50.316271571377	2531.727184844561	2729359659.8839803	81525.40756903755	-646.5363091362815	6646392079.297685	418009.1990315653	50029.371214376646	29.83922008459922	2502937984.1058984	890.3790552571494	56061.668623262565	52884.41244605104	1.15481	25.512211	0.130746435	0.0775804999999999	0.011456902	-0.0211199753	0.1047086303	-0.1270979921	0.0324279597	-0.031763673	0.0372445634	0.0231954995	-0.0180751417	0.0085086952	0.0443453333	0.0780925676	-0.033662573	0.1739971434	-0.1445800811	-0.0115760372	0.0753798383	0.1102752242	-0.0229773764	-0.0889585073	-0.2190341211	-0.0395510515	-0.0015055346	-0.0270991759	-0.1450313538	0.1118536344	-0.0661908042	0.0542272867	-0.0118111154	0.0185372265	-0.0073681454	0.0172521249	-0.0202604176	0.0658501135	-0.0479262881	-0.000323255	0.0433618939	0.059458579	-0.1882937594	0.0771583302	-0.0660110434	-0.0758045806	-0.0890696632	0.0740581544	0.1112140915	0.1300720835	-0.2526770825	0.1158500799	-0.000670671	-0.0001105349999999	4.4979959024100005e-07	1.2217986224999983e-08	-0.00106428	-0.0101576999999999	0.0001031788692899	1.1326919183999998e-06	-0.0511517	0.0283206999999999	0.00261649641289	0.0008020620484899	-0.0008885619999999	-0.0012239089999999	7.895424278438222e-07	1.497953240280755e-06	-0.00012312	0.000190888	1.51585344e-08	3.6438228544e-08	0.000428353	0.000428353	1.8348629260900002e-07	1.8348629260900002e-07	0.0	0.0	0.0	0.0	0.0	0.0	0.0
52099.21313135029	-144.06069298024522	20753.483261948477	2714328008.9058623	82080.16154988606	554.7539808485162	6737152920.055394	307751.9792672759	50111.23324829583	81.86203391918389	2511135697.6651096	6701.392597385613	56012.04524169364	52462.56540992478	1.141851	25.225925	0.115424842	0.0617698	0.0223941113	-0.0040929031	-0.1376264988	0.0342100495	-0.0708261815	-0.1343681108	-0.1501976721	-0.0400363347	0.0284515076	0.0360167725	0.1461211582	0.0915093815	-0.009928305	0.0786987493	0.124589359	-0.0881151805	0.0097658512	0.0499669299	-0.0428936791	0.0739028108	-0.1581458397	0.0447570928	0.1004210435	-0.0191438903	-0.125608955	0.0290081962	-0.0820982047	0.0429748848	0.1008959914	-0.0487578154	0.0524208123	0.1121939258	-0.0822025744	0.030787527	-0.1260220936	-0.1110164681	-0.0721099632	-0.0479236232	-0.0262631989	-0.0004237779	0.0531900225	-0.0132510994	0.0794227074	0.0813912993	0.0791703392	0.0189211852	-0.152287617	0.1125054616	-0.000634157	3.651399999999997e-05	4.02155100649e-07	1.3332721959999975e-09	-0.0078456299999999	-0.0067813499999999	4.598670782249865e-05	6.155391009689844e-05	0.000712613	0.051864313	5.07817287769e-07	0.0026899069629619	-0.000198971	0.0006895909999999	3.958945884099999e-08	4.755357472808622e-07	-4.92946e-05	7.382539999999999e-05	2.42995758916e-09	5.4501896851599986e-09	5.69161e-05	-0.0003714369	3.23944243921e-09	1.3796537068161006e-07	0.0	0.0	0.0	0.0	0.0	0.0	0.0
52001.56556891261	-97.64756243768352	9535.046450021302	2704162821.617917	82029.27658081055	-50.88496907551598	6728802216.371114	2589.2800778162177	50019.69385214767	-91.53939614816044	2501969773.062579	8379.461047169852	56104.87296506093	51477.13019814261	1.140451	25.194998	0.0845878539999999	0.0393239	0.1031729141	0.0419239848	0.1406093967	0.0929222791	0.0135024805	-0.1445458381	0.0767191067	0.1102890478	-0.0978337667	-0.0220007273	0.1299306998	-0.0512307812	-0.1246085757	0.004103462	-0.1332020812	-0.0987139393	-0.0203573185	-0.1396113287	0.0192707039	0.1728593148	-0.1382037475	-0.0061124246	0.0604463642	-0.0222391492	-0.1675418478	0.050547722	-0.0117782268	0.2489653519	0.1675788869	0.0773938546	-0.0039489775	0.0749462231	0.0693415313	0.1460762487	-0.073269019	0.0861291849	-0.03028554	-0.0098301929	-0.0599092321	-0.0512535856	0.0566402375	0.1784566443	-0.0573368551	0.1371321583	0.0891258055	0.0478455212	-0.1930484571	0.1090237728	0.00618928	0.006823437	3.83071869184e-05	4.6559292492969e-05	-0.0103805	-0.0025348700000001	6.425565916900509e-06	0.00010775478025	0.0287061	0.0279934869999999	0.0008240401772099	0.0007836353144191	9.25675e-05	0.0002915385	8.568742056250002e-09	8.499469698225e-08	0.000393335	0.0004426296	1.5471242222499997e-07	1.9592096279616e-07	-0.000153637	-0.0002105531	2.3604327769000003e-08	4.4332607919610014e-08	0.0	0.0	0.0	0.0	0.0	0.0	0.0
52004.4559049812	2.890336068594479	8.354042589418189	2704463433.973134	81245.9495815701	-783.326999240453	6600904323.41103	613601.1877390527	49892.6577488502	-127.0361032974688	2489277297.243902	16138.171541005164	55858.548368478674	51359.72297747617	1.260842	27.854692	0.0610898299999999	0.0336392	0.0192574068	-0.0384606914	-0.2054945866	0.1171287486	-0.0710552794	-0.0249215632	-0.0779307814	-0.030464719	0.1824266395	-0.0599422897	-0.000647915	-0.1189972726	0.0725504611	0.1524863138	0.1508412545	-0.0238731653	-0.0224667127	-0.2127201184	0.1454845319	0.0092626833	-0.1648887551	-0.0221995904	0.1029118444	-0.0474084396	-0.050948269	0.0678391778	0.0024539854	0.0585200756	0.1227549339	0.0443119407	-0.1192711065	0.0250750529	0.0408873684	-0.0555140275	0.0099823011	-0.1431085333	-0.1362923394	0.0975328603	0.1799067529	0.0427813741	-0.0676827972	0.1450828427	0.1252651642	0.138689509	0.1539217303	0.185118953	-0.0606501026	0.1054092553	-0.00666614	-0.01285542	4.44374224996e-05	0.0001652618233763	0.000266416	0.010646916	0.000113356820311	7.097748505600002e-08	0.000769881	-0.0279362189999999	5.927167541610001e-07	0.0007804323320159	0.000112543	1.9975499999999992e-05	1.2665926849e-08	3.9902060024999964e-10	0.000241088	-0.0001522469999999	5.8123423744e-08	2.3179149008999993e-08	-0.00017444	-2.0802999999999984e-05	3.0429313599999995e-08	4.3276480899999927e-10	0.0	0.0	0.0	0.0	0.0	0.0	0.0
52132.387611906895	127.93170692569402	16366.521636921669	2717785838.1181035	81520.6891615126	274.7395799424994	6645622761.367957	75481.83678698102	49917.91114179533	25.25339294513105	2491797852.7601748	637.7338552411949	56009.48205296792	51550.44114010833	1.309847	28.937323	0.089995425	0.0585802	0.0735975886	0.0995930135	0.1203352206	-0.0228029454	0.0488383284	0.0186658037	0.1132865302	0.0370495988	-0.0272994703	0.0753239557	-0.0516549205	-0.0543034198	0.0289748352	0.0329960635	-0.143588209	-0.0387881995	-0.0885993928	-0.1276734123	-0.0467717093	-0.1540805736	0.0378272579	-0.1642115078	0.0061331527	-0.0714673558	-0.0378789671	0.1791064435	0.0782740974	-0.0086166846	-0.0813411569	-0.0481248605	0.0928517557	-0.0202768556	0.0674787477	0.030888209	0.0399633563	0.075087341	0.0926766001	0.0779643038	0.0010067468	0.1469674842	-0.1306055346	0.0723181618	-0.0154677503	-0.025016366	-0.0819708141	0.1298721671	0.0731681566	0.1016663129	-0.0075347	-0.00086856	5.677170409e-05	7.543964736e-07	0.0122996	0.012033184	0.0001447975171778	0.00015128016016	-0.0541885	-0.054958381	0.00293639353225	0.0030204236421411	0.000108536	-4.006999999999991e-06	1.1780063296000002e-08	1.6056048999999924e-11	0.000393335	0.0001522469999999	1.5471242222499997e-07	2.3179149008999993e-08	-0.000460892	-0.000286452	2.1242143566400002e-07	8.205474830400002e-08	0.0	0.0	0.0	0.0	0.0	0.0	0.0
52203.00956128983	70.62194938293396	4987.459734645687	2725154207.2561173	81378.02577887641	-142.66338263617945	6622383079.667474	20352.840745196947	50059.09814388962	141.1870020942879	2505913306.979573	19933.769560372453	55968.676206683165	52574.21458399573	1.256251	27.753265	0.04156222	0.0233803	-0.038588087	-0.1750593459	-0.0561279625	-0.0216752455	0.0600389417	-0.0323474517	-0.0452861237	0.0143422514	0.0972290014	-0.1366419006	0.0454931265	0.0521995917	0.0227846067	0.0749779749	-0.0211893302	-0.0170420135	0.1910681232	-0.0603886018	-0.0482461634	-0.0661895558	0.0185776101	0.0025391757	-0.0816742281	0.0939272187	-0.101974039	-0.2173215046	0.027933981	0.0929751064	0.1053570062	0.1837463923	0.1579445765	0.0377881641	-0.0602914333	-0.0196425184	0.031922152	-0.0256130798	-0.0907635713	0.0483834444	-0.1444949515	0.1942891381	0.0586586882	-0.06687937	-0.0369250096	-0.0056787339	-0.0991443734	0.008317381	-0.1385437932	0.0977995057	-0.00066784	0.00686686	4.4601026559999993e-07	4.71537662596e-05	-0.00152536	-0.01382496	0.0001911295190016	2.3267231296e-06	-0.0541788	9.700000000001374e-06	0.00293534236944	9.409000000002666e-11	-0.000182809	-0.000291345	3.3419130481e-08	8.488190902500002e-08	0.000393335	0.0	1.5471242222499997e-07	0.0	-0.000335023	0.000125869	1.12240410529e-07	1.5843005161000006e-08	0.0	0.0	0.0	0.0	0.0	0.0	0.0
52098.74286372658	-104.26669756325282	10871.544220746831	2714279007.980701	81610.03088039822	232.00510152180505	6660197140.299551	53826.36713214307	50004.799077077856	-54.29906681176362	2500479930.7389264	2948.38865662837	55999.08683596725	52229.40407814749	1.140552	25.197229	0.071875831	0.0406334	-0.0090004775	0.1310958149	0.0071218264	-0.015726811	-0.0447814944	-0.0656896069	0.0029981683	-0.036989973	-0.0422065439	0.1142470274	0.0024121223	0.0225097512	0.0128749634	0.1514166021	0.0041055079	0.0008190935	-0.0959795522	-0.007625342	-0.067586077	0.0660536277	-0.0322688327	0.0853157059	-0.1713185278	-0.0005839459	-0.2878521622	0.051550208	0.031474275	0.1519076283	-0.0328819544	-0.1639650997	0.0986728624	0.0283736227	0.0408888423	-0.0673450389	-0.1551936215	-0.0198507436	0.1081420846	0.0506979545	-0.0138139015	0.1278803146	-0.0335420972	-0.0067144151	-0.1853274854	-0.0588224395	0.0848108837	-0.1329863037	-0.1991897587	0.0938135449	-0.000673011	-5.171000000000104e-06	4.529438061210001e-07	2.6739241000001067e-11	0.0158136	0.01733896	0.0003006395338816	0.00025006994496	-0.0308616	0.0233172	0.00095243835456	0.00054369181584	-0.00068123	-0.000498421	4.640743129e-07	2.48423493241e-07	0.000393335	0.0	1.5471242222499997e-07	0.0	-0.000460892	-0.000125869	2.1242143566400002e-07	1.5843005161000006e-08	0.0	0.0	0.0	0.0	0.0	0.0	0.0
52016.78003471605	-81.96282901052473	6717.905339408514	2705745405.1800346	81973.33604261611	363.30516221789	6719627821.955666	131990.6408941674	49945.97217630995	-58.82690076790459	2494600136.636728	3460.604253956893	56058.05746620336	51968.99182784024	1.134032	25.053185	0.0981725	0.0693936	-0.0124884936	-0.1228115992	0.0345558556	0.1214353135	-0.0144967679	-0.0745965737	0.0054463366	0.1098378891	0.0027503502	-0.0437631067	0.0498710812	-0.0507321097	0.0429218729	0.0877474521	-0.1128079058	0.1051181543	0.130629438	0.0806426535	0.0204832472	0.0909311567	0.0662154051	-0.1309154381	0.1220112915	-0.1153916001	-0.1063019978	0.0181746421	0.1813765803	-0.017382938	0.0011171324	0.0141277564	0.1524331942	0.0408009569	0.0053149268	0.0518507685	-0.0377599095	0.0145485537	-0.0297629014	0.1829476691	-0.0616003927	-0.0459184132	0.1394334001	-0.0142842334	-0.0829811585	-0.0183983228	-0.1012389057	0.0312330316	-0.0847004791	0.0897132868	-0.000673011	0.0	4.529438061210001e-07	0.0	-0.0132149	-0.0290285	0.00084265381225	0.00017463358201	0.0328762	0.0637378	0.00108084452644	0.0040625071488399	-0.000573106	0.000108124	3.28450487236e-07	1.1690799376000006e-08	0.000393335	0.0	1.5471242222499997e-07	0.0	-0.000460892	0.0	2.1242143566400002e-07	0.0	0.0	0.0	0.0	0.0	0.0	0.0	0.0
51917.60593156605	-99.1741031499987	9835.502735606582	2695437805.665383	81923.54780069987	-49.788241916234256	6711467684.253557	2478.869033109466	49928.76691596173	-17.20526034822251	2492881765.7484345	296.0209836501177	56027.39249779846	51195.58507907711	1.168737	25.819895	0.0424975389999999	0.0239521	0.0326752721	0.151444487	-0.0867070821	0.1725954393	-0.1048536002	-0.1086391898	-0.0166780887	0.0694799374	-0.0942813249	0.1374447893	0.0599788048	-0.1080161571	-0.0622809127	0.0419030669	0.1797104706	0.0284697858	-0.0847302179	0.1219421314	-0.0166882701	0.0280034927	0.202074752	0.0232231238	-0.0129146717	0.0912660048	0.1350595398	-0.0226017301	0.2405349016	0.0165853537	0.2444166269	0.0231536569	0.0203284928	0.0245512201	0.1039460455	0.0025230457	-0.181319613	-0.0096803792	-0.0360830311	0.0603510189	0.2265792547	-0.0864914781	0.0680291367	-0.1787902692	0.0502189128	-0.0440339315	0.0103080929	-0.1300398934	0.0687682339	0.0855037268	-0.019212	-0.018538989	0.000369100944	0.0003436941131421	-0.0214131	-0.0081982	6.721048324000002e-05	0.00045852085161	0.0328875	1.1299999999998813e-05	0.00108158765625	1.2768999999997312e-10	-0.00030885	0.000264256	9.53883225e-08	6.9831233536e-08	0.000393335	0.0	1.5471242222499997e-07	0.0	-0.000410167	5.0725e-05	1.6823696788900005e-07	2.573025625e-09	0.0	0.0	0.0	0.0	0.0	0.0	0.0
52050.35877417805	132.75284261199704	17623.317221565656	2709239848.5206537	81456.32279290093	-467.2250077989447	6635132522.941272	218299.20791272397	49960.98525788437	32.21834192264214	2496100047.9385395	1038.02155624428	56062.88590060929	51209.46237679415	1.32557	29.284679	0.09558835	0.0741956	0.023794155	-0.1097731234	0.1473337602	0.1481709379	0.0519194117	-0.0312977655	0.1341053307	0.0944381089	-0.0110610961	-0.0811116355	0.0780004235	-0.0894078824	-0.0224127787	-0.0426150334	-0.0891774443	0.0211460392	0.1923515872	0.0270116651	0.0349056931	0.0336016999	0.0859913727	0.0398563302	-0.0410712512	-0.0774948846	0.1412783702	0.0642725476	0.1538563075	-0.0639107409	0.0787876502	0.1572441441	-0.0513277473	0.0069562112	-0.0009865356	0.0777597018	0.0626367347	0.1107695444	-0.1409604549	0.1167297296	-0.0102809259	-0.0412734518	0.0769963324	-0.0149616026	0.0210643571	0.0551680821	-0.0787958615	-0.077317367	0.1467077458	0.0811899937	-0.0191939	1.810000000000006e-05	0.00036840579721	3.276100000000022e-10	-0.0230686	-0.0016555	2.7406802500000025e-06	0.00053216030596	-0.0392556	-0.0721431	0.00154100213136	0.00520462687761	-0.000202782	0.0001060679999999	4.1120539524e-08	1.1250420623999997e-08	0.000671975	0.00027864	4.51550400625e-07	7.764024960000001e-08	-0.000460892	-5.0725e-05	2.1242143566400002e-07	2.573025625e-09	0.0	0.0	0.0	0.0	0.0	0.0	0.0
52328.04125723415	277.6824830561018	77107.56139620225	2738223901.8187995	82104.17855495877	647.8557620578358	6741096136.184551	419717.0884315392	50115.2230258295	154.23776794513105	2511535578.928632	23789.289060696097	55975.281947650896	52129.90509590053	1.346777	29.753174	0.1177311899999999	0.068181	0.0034537059	0.0415096397	-0.1373392772	-0.06246987	0.1488464768	0.009555543	-0.116114586	-0.1502771255	-0.0257491143	0.1171310668	0.1584370125	0.066755513	0.0528935739	0.0011311565	0.0346432896	0.1906229136	-0.0371945142	-0.1935531721	0.1770468621	0.1088533863	0.0335958838	-0.0469511267	-0.0146993535	0.1202005982	-0.0257739706	-0.0125112276	-0.0629696344	-0.0719020771	-0.1468038713	0.0901328631	0.0925694931	0.1327566153	-0.1487407364	-0.093077581	-0.0290435573	0.0521288782	-0.0852612822	0.0366673733	-0.007637966	-0.0723509219	-0.1497524249	0.2350925129	0.0408795105	0.0103156276	-0.2432764263	-0.0496435251	-0.0407648435	0.0767773431	-0.0271576	-0.0079637	0.00073753523776	6.342051769000001e-05	-0.0526201	-0.0295515	0.00087329115225	0.00276887492401	0.00479474	0.04405034	2.29895316676e-05	0.0019404324541156	-0.0008769869999999	-0.0006742049999999	7.691061981688246e-07	4.545523820248652e-07	0.0007210829999999	4.91079999999e-05	5.199606928888558e-07	2.411595663990178e-09	-0.000460892	0.0	2.1242143566400002e-07	0.0	0.0	0.0	0.0	0.0	0.0	0.0	0.0
52241.47575968928	-86.5654975448706	7493.585365190997	2729171789.550203	81530.51634894477	-573.6622060139925	6647225096.125551	329088.32660884043	50141.87757422388	26.654548394377343	2514207886.668456	710.4649501082038	56013.17135882759	52440.48021086555	1.125803	24.871403	0.04623479	0.0280499	-0.0034323884	0.0089834954	0.0931036901	-0.0655795121	0.0705866393	0.0016934529	0.0933651223	-0.0148515804	0.0824036335	0.0430339768	0.1621655788	0.0447842503	-0.1170006106	0.0107410081	-0.031154516	0.0871144251	-0.0241900898	0.0717412762	-0.0941896129	0.0589020906	0.0029751512	-0.0784887308	-0.0091665338	0.1482716645	-0.1100708439	0.0446989517	-0.0413899625	-0.135716325	-0.0480590273	0.1148931251	0.0837080497	0.0811567542	-0.0255615061	-0.0257641966	-0.1359579373	0.1886403128	-0.0272513631	-0.0188111152	-0.1037327421	-0.0436042477	0.0729770211	0.0305048298	-0.0970546716	-0.0754471577	0.0214489927	0.0930496133	-0.106214705	0.0722711511	-0.0168896	0.010268	0.00028525858816	0.0001054318239999	-0.0330578	0.0195623	0.00038268358129	0.00109281814084	0.00481178	1.7040000000000284e-05	2.31532267684e-05	2.903616000000097e-10	-0.0008769859999999	1.000000000015745e-09	7.691044441958246e-07	1.0000000000314906e-18	0.000393335	-0.0003277479999999	1.5471242222499997e-07	1.0741875150393448e-07	-0.000460892	0.0	2.1242143566400002e-07	0.0	0.0	0.0	0.0	0.0	0.0	0.0	0.0
52216.73839506505	-24.737364624234036	611.9372085523054	2726587768.6186604	81950.11546495225	419.5991160074773	6715821424.719006	176063.41815425636	50170.14736212632	28.26978790244175	2517043686.3374705	799.1809080490418	56060.40727936976	52034.6454263595	1.127432	24.907377	0.14940167	0.0868456999999999	0.0674629956	-0.0339338654	-0.1395773334	0.0297668428	-0.0080604903	-0.0630639028	-0.0784184346	0.0651664744	0.1886435801	0.0410071401	0.2301268417	0.0464409248	-0.0563967279	0.0496679637	0.0655180797	-0.0593452022	-0.057409133	-0.1182705355	-0.0082493301	-0.0971740788	-0.1161225554	-0.0754275557	0.1464091047	-0.0981961361	0.0383618604	0.0828078759	0.0494968101	-0.1360519271	0.0086630439	-0.0191670935	0.0966177154	0.1404844162	-0.0930594817	0.0617250888	-0.1211788791	0.0060286892	-0.1497227634	-0.0417389652	0.0523901489	0.0797385634	-0.0654860989	0.0019603339	0.1814281752	0.092263712	0.0535984778	0.1027883944	0.0127326272	0.0676769079	-0.0192129	-0.0023233	0.00036913552641	5.3977228900000015e-06	-0.0305142	0.0025436	6.46990096e-06	0.0009311164016399	0.0859347	0.08112292	0.00738477266409	0.0065809281493264	-0.000312112	0.0005648739999999	9.741390054400001e-08	3.1908263587588696e-07	0.000814935	0.0004216	6.64119054225e-07	1.7774656000000008e-07	-0.000742655	-0.000281763	5.515364490250001e-07	7.939038816900003e-08	0.0	0.0	0.0	0.0	0.0	0.0	0.0
52179.84919414159	-36.88920092345506	1360.813144771038	2722736661.923359	81800.60593159993	-149.50953335232043	6691339130.776901	22353.10056322861	50022.32428804616	-147.82307408015913	2502232927.178453	21851.661230508213	56108.48830951304	51494.1952614008	1.033836	22.839636	0.100299885	0.0589892	0.1394211372	0.0568268608	0.0821924358	0.0092568018	0.0417923907	-0.1055436917	0.0843986933	0.1186011331	0.0243048718	0.0513550001	0.1246588098	-0.0233172097	-0.1287257945	0.0018765032	-0.0995787896	0.0410719286	-0.0389244178	0.025933558	0.100237249	0.0182238237	0.2207703671	-0.0230909522	-0.1236449106	0.221268721	0.0029777629	-0.0705015512	-0.0163550302	-0.0163643402	0.0983350775	0.0469089152	0.0550511365	0.0682969469	0.0121259096	0.1339608164	-0.074460568	0.12994629	-0.0332114506	0.0196348547	0.0180269071	-0.0996442585	0.0086339098	0.0763197783	-0.0862085815	-0.0105580455	-0.1271992473	-0.0262375449	0.0667057366	0.0630002108	-0.0272053	-0.0079924	0.00074012834809	6.387845776e-05	-0.0361854	-0.0056712	3.216250944000001e-05	0.00130938317316	0.0357667	-0.050168	0.00127925682889	0.002516828224	9.97527e-05	0.0004118647	9.95060115729e-09	1.6963253110609004e-07	0.00101406	0.0001991249999999	1.0283176836e-06	3.965076562499999e-08	-0.0008610309999999	-0.0001183759999998	7.413743829608277e-07	1.4012877375976311e-08	0.0	0.0	0.0	0.0	0.0	0.0	0.0
52249.76385194313	69.91465780153521	4888.059375505769	2730037822.5838227	81495.79277716743	-304.8131544325006	6641564240.379015	92911.05911509146	50105.62039308887	83.29610504271113	2510573194.976324	6938.241115286367	55823.64291876904	52006.80408181615	1.22459	27.053812	0.063306215	0.0320537	0.0081167177	-0.1286386534	-0.1576951161	-0.0344727996	0.1192844624	-0.043487756	-0.0552465025	-0.0067431279	0.171266067	-0.0445961233	0.182359019	-0.0484457093	0.1070575906	0.0879017804	0.0580830619	-0.0012125319	0.0751703648	0.0688787564	0.0412245687	-0.0337265225	-0.0682296365	0.0393050737	-0.1648070824	0.0304026842	0.0499819242	-0.0520399236	-0.1103870093	-0.1678295931	-0.0392279141	-0.0658196532	-0.0663340874	0.1766058162	-0.0728458002	-0.0649274103	0.0666530186	-0.0149057854	-0.1808200431	0.0328091302	-0.033169261	-0.0065032409	-0.0885497604	-0.0606111563	-0.0557632497	0.0399528699	-0.0016878602	-0.0861524623	0.0693437967	0.0582467576	-0.041445	-0.0142397	0.001717688025	0.00020276905609	-0.0453083	-0.0091229	8.322730441000006e-05	0.00205284204889	0.0381797	0.0024129999999999	0.0014576894920899	5.8225689999999925e-06	0.000271936	0.0001721833	7.394918809600003e-08	2.964708879889e-08	0.00090183	-0.00011223	8.132973489e-07	1.2595572900000012e-08	-0.00132723	-0.0004661990000001	1.7615394729e-06	2.1734150760109325e-07	0.0	0.0	0.0	0.0	0.0	0.0	0.0
52238.6817328701	-11.08211907302757	122.81336314876144	2728879869.188096	81759.93089463975	264.138117472321	6684686299.896268	69768.94510182166	49942.14801145696	-163.4723816319165	2494218147.998274	26723.219556410957	55884.89211252856	51878.653402202246	1.405187	31.043589	0.10928695	0.0615097	0.015309114	0.1114806404	0.0824223412	-0.1133745094	0.1059944795	0.0497044406	0.1233300253	-0.0122303515	0.0334774918	0.1892813484	-0.0100632765	-0.0329652542	0.0601833815	-0.0578396639	-0.1097576765	0.2228110566	-0.2231614929	0.0193587581	-0.1262701962	-0.0398982554	0.1128657996	0.0251602673	-0.0189323824	0.1543441166	-0.0009377216	-0.0898422389	0.0432383442	0.0537609898	0.1483234207	-0.148507468	0.0131374226	0.0367128254	0.0223727455	-0.1134943164	-0.0052096575	0.1802395857	0.1644432801	0.1229299975	0.0604432533	-0.0486253542	-0.0481873115	-0.0276058321	-0.0743234159	-0.2058057368	0.0647525073	0.0595767154	0.0331776876	0.0534223397	-0.0660565	-0.0246115	0.00436346119225	0.00060572593225	-0.0236105	0.0216978	0.00047079452484	0.00055745571025	0.0356807	-0.0024989999999999	0.00127311235249	6.245000999999972e-06	-0.000755137	-0.001027073	5.70231888769e-07	1.054878947329e-06	0.00108433	0.0001825	1.1757715489000002e-06	3.3306250000000054e-08	-0.00132723	0.0	1.7615394729e-06	0.0	0.0	0.0	0.0	0.0	0.0	0.0	0.0
52420.91873644412	182.23700357401685	33210.32547163623	2747952721.172878	82556.14122178819	796.2103271484375	6815516453.431835	633950.8850578219	50079.2724237229	137.12441226594092	2507933526.489453	18803.104439279727	56599.10625267755	53577.580431997885	1.701479	37.589294	0.37656444	0.249094	-0.1957232212	-0.1376002118	0.0327338988	-0.0370042788	-0.0479209562	0.3161135571	-0.0565026788	0.2731464938	0.1242236076	0.0897774746	-0.0507347331	0.1656634162	-0.0726870107	-0.1354285257	0.0829721249	0.2468831212	0.1083706204	-0.1324575515	-0.045722923	0.1340133901	0.1848255109	-0.0766651761	-0.1168653445	-0.0412751899	-0.0667195173	0.1658098969	0.1651470093	0.0948370829	0.1333174828	-0.199931663	-0.2511100035	-0.2749546602	-0.2107219138	0.0023292814	-0.0722891614	0.2519271907	-0.0861722499	0.1389447691	0.2918505407	0.1290713617	0.2691667898	0.0247756677	-0.0233376922	-0.019060717	-0.0127964932	0.1263958952	0.0553020753	0.048532835	-0.0643096	0.0017469	0.0041357246521599	3.051659610000033e-06	0.00656724	0.03017774	0.0009106959915076	4.31286412176e-05	-0.206791	-0.2424717	0.042762517681	0.05879252530089	-0.00162816	-0.000873023	2.6509049856e-06	7.62169158529e-07	2.0171e-05	-0.001064159	4.06869241e-10	1.1324343772810002e-06	-0.00122105	0.0001061799999999	1.4909631025e-06	1.1274192399999996e-08	1.0	0.0	0.0	0.0	0.0	0.0	0.0
52230.78118586374	-190.1375505803735	36152.28814070409	2728054503.285578	81695.29457261827	-860.8466491699219	6674121155.306871	741056.9533870826	50126.58007042543	47.3076467025312	2512674029.556772	2238.013436531511	56176.02348361338	53149.85625317186	1.572165	34.732491	0.18178203	0.115106	-0.1339716108	0.0977437733	-0.0156809144	-0.0885517462	-0.1486406235	0.0248184979	0.0064899131	-0.0216847484	0.084103095	0.1359110695	0.0622565162	0.1045221057	-0.1163863966	0.1206258242	0.0763414523	-0.0286694409	0.0574707071	-0.2388699279	-0.0601147252	0.0421416474	0.067378406	-0.076891935	-0.030622455	-0.028596507	0.1250566495	0.0378016846	0.1229840099	0.0413367073	-0.1973340509	-0.1560452638	0.0156991095	-0.0309849746	-0.0530425794	-0.0356037916	-0.1990479792	0.0323498188	-0.0816319127	-0.0895427876	-0.0139021357	0.2671030538	-0.0972383884	0.0359582187	-0.0093353976	0.0091426074	-0.1057587591	-0.0749940095	0.1145648156	0.0435842004	-0.0506473	0.0136622999999999	0.00256514899729	0.0001866584412899	-0.00740909	-0.01397633	0.0001953378002689	5.48946146281e-05	-0.0992547	0.1075363	0.00985149547209	0.01156405581769	-0.00155108	7.707999999999999e-05	2.4058491664e-06	5.941326399999998e-09	0.000698473	0.000678302	4.878645317290001e-07	4.60093603204e-07	-0.00104429	0.0001767599999999	1.0905416041e-06	3.12440976e-08	0.0	1.0	0.0	0.0	0.0	0.0	0.0
52193.54133471509	-37.23985114865354	1386.8065135738725	2724165757.058613	83196.03238254123	1500.7378099229682	6921579804.19685	2252213.974132387	50285.21977660972	158.63970618429448	2528603327.9819417	25166.55637823928	56287.066770694495	52225.43048319535	1.453033	32.100609	0.26803196	0.181066	-0.0590051517	-0.103721497	0.05070121	0.0990771336	0.0895677466	-0.1601978396	-0.2561748854	0.1402688396	-0.1067500186	0.0566169455	0.2261355116	0.2948588673	0.015444432	0.0183744545	-0.0899453884	0.0599194992	0.0738322779	0.1098654911	0.0791995449	-0.1606423449	0.113548472	0.0282875445	0.1489130862	0.0086411793	0.1675801619	-0.1626157359	-0.0624914141	0.1690398529	0.1987836565	-0.0163920844	0.0008554361	0.1551610523	-0.2884678625	0.0932087796	-0.2198077109	0.0013072086	0.0877981113	0.0613973066	-0.1298925646	-0.1752437899	0.0600932717	-0.1275707353	-0.0601347886	-0.1050241968	-0.0631108059	0.1379945302	0.2474353442	0.0385824652	-0.0327268	0.0179205	0.00107104343824	0.0003211443202499	-0.0296162	-0.02220711	0.000493155734552	0.0008771193024399	0.0757459	0.1750006	0.00573744136681	0.03062521000036	-0.00146609	8.499000000000007e-05	2.1494198881e-06	7.223300100000011e-09	0.00127436	0.000575887	1.6239934096e-06	3.31645836769e-07	-0.000647092	0.000397198	4.187280564640001e-07	1.5776625120399997e-07	0.0	0.0	0.0	0.0	0.0	0.0	0.0
51920.536235759646	-273.0050989554438	74531.78405567167	2695742083.0088305	81629.55698310005	-1566.4753994411876	6663384573.257177	2453845.1770544285	50013.01110535069	-272.2086712590317	2501301279.823932	74097.56070860759	55961.0798802837	50898.99511129144	1.440977	31.834257	0.0816689499999999	0.0419593	0.0339089313	0.1489087252	-0.1193646956	0.1956056861	-0.1003003421	-0.0863951743	0.0476169626	0.042382869	-0.0332763998	0.1520974788	0.0739024371	-0.0979065137	-0.1046854589	0.0597399529	0.0674834285	0.0115209989	-0.0375272697	0.0487939228	-0.0381908175	0.0867778656	0.0113092556	0.0540434707	0.0648008063	-0.1424675942	-0.0382701753	-0.0929966446	0.1960199683	0.0009655613	-0.099171957	-0.1473037548	0.0161405989	0.0402971209	0.1094509835	-0.0145543916	-0.1679855247	0.0210179698	-0.0670674515	0.0817065547	0.1484924366	-0.0046142633	0.0262701427	-0.1428203162	0.1565848695	0.1542736274	0.1052871634	-0.1726569225	-0.0841039907	0.0335337233	-0.0397095	-0.0069827	0.00157684439025	4.875809929000002e-05	-0.0286044	0.0010118	1.0237392400000003e-06	0.0008182116993599	0.0961475	0.0204015999999999	0.00924434175625	0.0004162252825599	-0.000796854	0.0006692359999999	6.349762973160001e-07	4.478768236959999e-07	0.00136111	8.675000000000002e-05	1.8526204321e-06	7.525562500000004e-09	-0.000956563	-0.0003094709999999	9.15012772969e-07	9.577229984099997e-08	0.0	0.0	0.0	0.0	0.0	0.0	0.0
51987.60067581694	67.06444005729281	4497.639120198221	2702710624.028202	81312.68180508084	-316.8751780192106	6611752222.334324	100409.8784447064	49921.24825732999	-91.76284802069858	2492131027.569973	8420.420276869827	55947.25815165651	50713.504193901375	1.315484	29.061844	0.0609226	0.0290752	0.0811857878	-0.0075704794	0.1698547804	0.1670996901	0.0135282073	-0.0708428837	0.1772229172	0.0871258439	0.0397735686	-0.0206710142	0.1136007874	-0.2155023611	-0.070022475	-0.0066889757	-0.0929975795	0.1676354074	0.0263642697	-0.0702820323	0.0953513308	-0.0341094303	0.1335278135	0.0849597736	0.0526286012	0.0147384254	0.0580148992	0.055334311	-0.0594058205	0.0707119501	-0.076043621	0.0239066053	-0.0093606248	0.0664888715	0.1229806935	0.0714249974	0.009879754	0.1732597239	-0.1444713671	0.1311717191	0.0186430957	-0.1142553111	-0.0458939477	0.1229366937	0.0289627197	-0.1593723279	-0.0554830495	0.049822225	0.1111008652	0.0284441256	-0.0327861	0.0069234	0.0010749283532099	4.7933467560000045e-05	-0.049236	-0.0206316	0.00042566291856	0.002424183696	0.0912517	-0.0048957999999999	0.00832687275289	2.396885763999992e-05	-0.000872513	-7.565899999999995e-05	7.61278935169e-07	5.724284280999992e-09	0.00170911	0.000348	2.9210569921e-06	1.21104e-07	-0.00110234	-0.000145777	1.2151534756000002e-06	2.125093372900001e-08	0.0	0.0	0.0	0.0	0.0	0.0	0.0
52149.52927943317	161.92860361623025	26220.872669102217	2719573404.0664573	81161.62990824382	-151.0518968370161	6587210169.362738	22816.675538060557	50117.94628007967	196.69802274967515	2511808539.3329515	38690.11215363172	55840.052369930505	51508.00016006715	1.228865	27.148256	0.0213451499999999	0.0154976	0.0235908129	-0.0657124688	-0.1767542322	0.058016472	0.0352960276	-0.0934377735	-0.0215731329	-0.0391951446	0.1645371898	-0.1006986637	0.2136241841	-0.0758694071	0.0244804106	0.0470701538	0.1364683055	-0.0128175792	0.0481283071	-0.0259756451	-0.0415988696	-0.0028498736	-0.1101256096	0.1251429543	-0.1037998398	0.0902082705	0.0296785269	-0.0979438295	-0.0002914283	0.1194017423	-0.0052009683	-0.1329240285	-0.1862923915	0.1567792514	-0.0050358045	-0.0397082395	-0.0305365365	0.0113106875	-0.241706586	0.0022236193	0.0208201393	0.0315670776	-0.0203466146	-0.0437803622	0.1004686514	-0.0104671032	0.0424009334	-0.1120955136	0.0791028123	0.0233198732	-0.0415821	-0.0087959999999999	0.0017290710404099	7.736961599999998e-05	-0.0492503	-1.4299999999994872e-05	2.0448999999985331e-10	0.0024255920500899	0.0912536	1.8999999999991248e-06	0.00832721951296	3.6099999999966737e-12	-0.0008467439999999	2.5769000000099997e-05	7.169754015358307e-07	6.640413610051535e-10	0.00170911	0.0	2.9210569921e-06	0.0	-0.00132723	-0.0002248899999999	1.7615394729e-06	5.057551209999997e-08	0.0	0.0	0.0	0.0	0.0	0.0	0.0
52178.77384898735	29.244569554182817	855.2448484094366	2722624440.383766	81530.21532185872	368.5854136148992	6647176010.428646	135855.2071296663	50138.53611869662	20.589838616950143	2513872804.1258454	423.94145427205154	56005.80980013566	51585.74474699126	1.127956	24.918957	0.0496662	0.0270119	0.005795582	0.105536391	0.0387577754	0.0097713006	0.0477859231	-0.0572993526	0.0919631118	-0.0103939682	0.0228053878	0.1338902198	0.1715553266	-0.0125997662	-0.084558518	0.0163126952	0.0739758759	0.1953206423	-0.1791791598	0.1023188418	-0.0263748903	-0.122262304	-0.1192958409	0.0814169717	-0.1831269918	0.0497042069	-0.0292520209	0.131114229	-0.0839495984	0.0510661877	-0.1941802756	0.0483899938	0.014146261	0.1149504396	0.0179407353	-0.0616477398	-0.1747000888	0.1501217938	-0.0072410863	0.0117848995	0.031533771	-0.0668680669	-0.1779129998	-0.087535597	-0.0378701687	-0.1560638153	0.1297034354	-0.0444536708	-0.0215536358	0.0181672091	-0.0631269	-0.0215448	0.00398500550361	0.00046417840704	-0.0492721	-2.1800000000002373e-05	4.752400000001035e-10	0.00242773983841	0.0951321	0.0038784999999999	0.00905011645041	1.5042762249999949e-05	-0.000994506	-0.0001477620000001	9.89042184036e-07	2.1833608644029563e-08	0.00195478	0.00024567	3.821164848400001e-06	6.035374890000006e-08	-0.00123624	9.099e-05	1.5282893376e-06	8.279180099999999e-09	0.0	0.0	0.0	0.0	0.0	0.0	0.0
52062.09421884015	-116.67963014719862	13614.136091287062	2710461654.4513893	81627.56837124295	97.35304938422632	6663059918.2019415	9477.61622440761	49999.043535951874	-139.49258274474414	2499904354.5100107	19458.18064079929	55991.02089828875	51743.07354769084	1.190052	26.290787	0.10919532	0.0570959	-0.0086422826	-0.1406869019	0.057163343	0.0975572032	0.0473764681	0.0208741954	0.0380467077	0.053807937	0.0285515697	-0.0479253992	0.0020636837	0.0152023438	0.1260699718	0.0595344659	-0.1468759043	0.1342873621	-0.05584143	-0.0334573979	-0.1470553253	0.216193218	-0.15096108	0.1233008921	0.1706170446	0.0083188808	0.0550384716	-0.056419141	-0.0683983159	0.0484450551	0.0762156615	-0.0065158112	-0.2027138141	-0.0027399162	-0.0338712468	-0.0614188699	0.0206725926	0.0652161757	0.0308315116	0.2336297155	-0.0602841036	0.0273548973	0.1220385661	0.0822284744	0.1655671374	0.0176996509	0.1751685728	-0.1035871985	-0.1049966115	0.012992411	-0.0715958	-0.0084689	0.00512595857764	7.172226721000002e-05	-0.00338223	0.04588987	0.0021058801686169	1.14394797729e-05	0.0764048999999999	-0.0187272	0.0058377087440099	0.00035070801984	-0.000785089	0.000209417	6.16364737921e-07	4.3855479889000024e-08	0.001533	-0.00042178	2.350089e-06	1.778983684000001e-07	-0.00132723	-9.099e-05	1.7615394729e-06	8.279180099999999e-09	0.0	0.0	0.0	0.0	0.0	0.0	0.0
52131.26411992044	69.16990108028403	4784.475215456278	2717668698.740904	81932.40604315864	304.8376719156949	6712919160.021018	92926.00621898088	50061.754796833935	62.71126088206074	2506179293.338325	3932.702241417882	56049.702238432976	51863.39259902053	1.095599	24.204126	0.0701990699999999	0.0446005	-0.0326311657	0.0390234681	-0.1308744893	0.0519576315	-0.0817991053	-0.0431620563	-0.089383646	-0.0346319988	0.0629178288	0.0823209753	0.0184974277	0.0674175194	0.0232013743	0.2517494363	0.0219161111	-0.00038952	0.0431434577	-0.1591167026	-0.1211149144	0.1256640591	0.0433853794	0.1429693176	-0.0030097543	0.0518292495	0.170420246	0.1693319274	-0.1016507334	-0.0906374138	0.0700683595	-0.1736771968	0.0481841304	0.0062902413	-0.0433392013	-0.0674058254	-0.1465467077	-0.1140729688	-0.070475045	0.1264394542	-0.0764046441	0.128390004	0.0322312674	0.1315234382	0.0741680922	-0.0685634933	0.0370752282	-0.1202079006	0.1690972521	0.0078017837	-0.0716092	-1.3399999999996748e-05	0.0051278775246399	1.7955999999991283e-10	-0.020855	-0.01747277	0.0003052976914728	0.0004349310249999	0.0362948	-0.0401100999999999	0.00131731250704	0.0016088201220099	-0.000781483	3.605999999999965e-06	6.107156792890001e-07	1.3003235999999747e-11	0.00170911	0.0001761099999999	2.9210569921e-06	3.1014732099999986e-08	-0.00139957	-7.233999999999995e-05	1.9587961849e-06	5.233075599999992e-09	0.0	0.0	0.0	0.0	0.0	0.0	0.0
52200.57107785215	69.30695793171617	4803.454417748675	2724899620.8538947	81571.76231214736	-360.6437310112815	6653952406.709464	130063.90071773756	50041.79872033098	-19.956076502952783	2504181619.16612	398.24498939170417	56004.12775639042	51968.47837402398	1.15472	25.510231	0.0507374499999999	0.0265898	-0.0006254507	0.0858875086	0.0957299467	-0.0630330397	0.027675531	-0.0726111415	0.0554291173	0.0395818459	-0.0338206757	0.0072987531	0.0423830322	0.0084990042	-0.0087666702	0.1499776242	-0.2110819737	0.0578408643	-0.0534428256	0.0099461432	-0.0760711133	0.0376242682	0.1457233259	0.1285098619	-0.0471805924	0.0717694387	0.0885022028	0.10656539	-0.1047271004	-0.0995297564	0.0464120899	0.0588830846	-0.1222111142	0.0343545864	0.0195553402	0.0279988595	-0.0823265406	0.0576857994	0.043392808	0.1600329557	-0.1629843611	0.0057277815	-0.0503295233	0.1054594747	-0.1078441966	-0.2196173474	0.0420409839	-0.0703422251	0.1233480929	0.0026016511	-0.0600013	0.0116078999999999	0.00360015600169	0.0001347433424099	-0.0379711	-0.0171161	0.00029296087921	0.00144180443521	0.0420739	0.0057790999999999	0.0017702130612099	3.3397996809999945e-05	-0.00103383	-0.0002523469999999	1.0688044688999998e-06	6.367900840899994e-08	0.00170911	0.0	2.9210569921e-06	0.0	-0.00132723	7.233999999999995e-05	1.7615394729e-06	5.233075599999992e-09	0.0	0.0	0.0	0.0	0.0	0.0	0.0
52034.41720280748	-166.1538750446707	27607.110192360047	2707580573.635827	81824.41950819228	252.65719604492188	6695235627.852637	63835.658713282086	50055.43105802398	13.632337693001318	2505546178.404592	185.8406309760245	55935.99251326876	51752.66127748438	1.29463	28.601147	0.06946675	0.0432964	-0.08469455	-0.1457671242	0.0245667125	0.1178303504	-0.0129240224	-0.08100752	-0.0347114274	0.0936201398	0.0591077651	-0.0645413971	0.0752560257	-0.0579255487	-0.0046194203	0.1015565709	0.0055779644	0.0134486878	0.1808981798	0.0240076194	-0.2009852539	0.0279861765	0.0985594601	0.0844131472	-0.002877275	0.0438601882	-0.0432559622	-0.1914931105	0.0189161777	-0.2672496203	0.1054672938	-0.0538729857	-0.0874203088	0.0581948755	0.0108779865	-0.0575900158	-0.0397290719	-0.0127575168	-0.1494290223	0.1298539364	-0.126105319	0.0659380453	0.1497107003	-0.1047721029	-0.065218997	-0.133698898	0.1534107529	-0.0925997727	-0.0033991634	-0.0026016511	-0.053645	0.0063563	0.0028777860249999	4.040254969000003e-05	-0.0441054	-0.0061343	3.762963649000003e-05	0.00194528630916	0.084369	0.0422951	0.007118128161	0.00178887548401	-0.000887829	0.0001460009999999	7.88240333241e-07	2.1316292000999963e-08	0.00156149	-0.00014762	2.4382510201e-06	2.17916644e-08	-0.00132723	0.0	1.7615394729e-06	0.0	0.0	0.0	0.0	0.0	0.0	0.0	0.0
52223.0862598823	188.66905707481783	35596.013097500865	2727250738.507108	82554.45731268989	730.0378044976096	6815238422.192738	532955.1959956901	50089.97221224129	34.54115421730967	2509005316.223105	1193.0913346639695	56303.15293876142	51871.28861942189	1.805	39.876301	0.3709121500000001	0.236912	0.0855495369	0.0607913143	-0.1197963097	0.0222220753	-0.1165141779	-0.1016124947	-0.1459884811	0.0548725343	-0.0825117234	0.1035812805	-0.0205273457	0.0945633326	0.0267361347	0.0120196362	0.0108335575	-0.1446693626	-0.1069965389	0.0523614585	0.1989136808	0.1008606963	0.1456220667	-0.0476945832	-0.0304148087	0.1542958564	-0.131303658	-0.0849517089	-0.0409385159	0.1198026576	0.0302970946	0.1522225981	0.0465276248	-0.0319127443	-0.0570069974	0.1498792578	-0.0846975992	-0.156602737	0.0794283789	0.0397590032	0.1568387341	-0.0494121221	0.1253886413	0.0895058397	-0.0038891106	-0.0082760846	-0.256441447	-0.0450184465	-0.1344607375	-0.0078017837	-0.0352564	0.0183885999999999	0.00124301374096	0.0003381406099599	0.0556718	0.0997772	0.00995548963984	0.00309934931524	0.0385716	-0.0457974	0.0014877683265599	0.00209740184676	0.00294339	0.003831219	8.6635446921e-06	1.4678239025961002e-05	0.00134145	-0.0002200399999999	1.7994881025000005e-06	4.841760159999996e-08	-0.00123951	8.77199999999999e-05	1.5363850401000002e-06	7.694798399999982e-09	0.0	0.0	1.0	0.0	0.0	0.0	0.0
52075.02221649316	-148.06404338913853	21922.9609447407	2711807938.8482566	81886.09512329102	-668.3621893988748	6705332574.540665	446708.0162180573	49953.44064142576	-136.53157081553218	2495346231.916447	18640.86982935668	56285.60815373905	51371.33593793675	1.506698	33.286186	0.1549379999999999	0.0699299	0.1528756624	0.0496060654	0.1099740228	-0.0634678715	-0.0246342196	-0.1229816629	0.0393155468	0.1248186895	-0.1742141842	-0.0685620739	-0.0946377732	-0.0140390203	0.0305878395	0.0848969632	-0.1679510298	-0.1924879219	0.048576338	0.084753907	0.0825648459	-0.1597207063	-0.0676588199	-0.0017499109	0.1153347687	0.2946894292	-0.0049615517	-0.0204868908	0.0992575833	0.0639242082	0.0465244446	-0.0399787666	0.1999669382	-0.0229159943	0.0599929369	0.3051384463	0.0624704182	-0.1801993646	0.1659210633	0.0090730649	-0.0440648811	0.0384287856	-0.0896089324	-0.0505712673	0.018634922	-0.0325642997	-0.1627848654	0.0444213701	-0.0784592159	-0.012992411	-0.0430068	-0.0077503999999999	0.0018495848462399	6.006870015999996e-05	0.0223791	-0.0332927	0.00110840387329	0.0005008241168099	0.057879	0.0193074	0.003349978641	0.00037277569476	0.00398939	0.0010459999999999	1.59152325721e-05	1.0941159999999992e-06	0.00103884	-0.00030261	1.0791885456e-06	9.157281210000002e-08	-0.00178265	-0.0005431399999999	3.1778410225e-06	2.950010595999999e-07	0.0	0.0	0.0	1.0	0.0	0.0	0.0
51945.16550615866	-129.8567103345049	16862.765218899513	2698300219.462215	80917.55935329861	-968.535769992406	6547651411.694603	938061.537754783	50025.33841162943	71.89777020367183	2502534483.198047	5169.28936026	55916.03062821306	50834.57573731343	1.384072	30.57711	0.0721737999999999	0.0426406	0.0311675782	-0.1469362032	0.0502162886	0.075324598	0.0389285416	-0.0529925084	0.0702554128	0.0355569838	0.071019078	-0.1568814935	-0.0672486165	-0.0259705015	0.1459703158	0.1200482643	-0.0325443918	-0.1032737623	0.1526622298	0.0453765672	-0.0209378145	0.0785581178	0.0259644639	-0.1613446694	-0.0153795103	-0.0887457887	-0.0417008248	-0.0960526973	-0.0205208703	0.0184327099	0.0557327706	0.001396231	0.0572943453	0.0368505725	0.0469355702	-0.021713504	0.1067542315	-0.1105093628	0.0441890394	0.1048239444	-0.0630651828	0.0869955134	0.144232841	-0.0827285272	-0.0758943161	0.1360674223	-0.0380664092	0.0212773239	0.0066272143	-0.0181672091	-0.0430107	-3.900000000001125e-06	0.00184992031449	1.5210000000008774e-11	0.0522351	0.029856	0.000891380736	0.00272850567201	0.0856394	0.0277604	0.00733410683236	0.00077063980816	0.00382064	-0.0001687499999999	1.45972900096e-05	2.847656249999988e-08	0.00116116	0.0001223199999999	1.3482925456e-06	1.4962182399999994e-08	-0.00178265	0.0	3.1778410225e-06	0.0	0.0	0.0	0.0	0.0	0.0	0.0	0.0
51959.915243020834	14.749736862177087	217.5547375034656	2699832792.0619087	81881.08102756077	963.521674262156	6704511430.241972	928374.0167729484	50019.73424410726	-5.604167522171338	2501973813.8511167	31.40669361656003	56031.48931805741	51580.4163621824	1.072382	23.691206	0.0365143	0.0207674	0.0589027526	-0.0676544499	-0.1078002518	0.0583324354	-0.0506706425	-0.0411479232	-0.0748934941	0.0259468321	0.1079073775	-0.1657287164	-0.0525349244	-0.0479019951	0.068519033	0.0466622495	0.0792497476	-0.1814835895	-0.0011050178	-0.0005520608	-0.0947980623	0.0302403453	0.152992476	-0.1012060287	0.1443183916	-0.1457437223	-0.085944801	-0.2101312002	-0.0691291553	0.000834593	-0.0198859486	-0.1270929068	-0.1967135384	0.0057519688	0.0525079663	0.0170712717	0.0452334396	-0.1709382345	0.0047523433	0.0197891479	0.075770987	0.0599891613	0.2007694802	0.0003107406	0.0451790303	0.0372962599	-0.0054999902	0.1516160468	0.0313614116	-0.0233198732	-0.0429907	1.9999999999999185e-05	0.00184820028649	3.9999999999996734e-10	0.0483565	-0.0038786	1.5043537960000024e-05	0.0023383510922499	0.0744067	-0.0112326999999999	0.00553635700489	0.0001261735492899	0.00382064	0.0	1.45972900096e-05	0.0	0.00103884	-0.0001223199999999	1.0791885456e-06	1.4962182399999994e-08	-0.00147731	0.00030534	2.1824448361e-06	9.323251560000005e-08	0.0	0.0	0.0	0.0	0.0	0.0	0.0
51903.78754834092	-56.127694679911656	3150.318110081383	2694003161.8633103	82095.39135064019	214.31032307942223	6739653281.014768	45928.91457840634	50015.73369487106	-4.000549236203369	2501573617.03626	16.00439419128736	56142.28748869478	51292.1867629923	1.020455	22.544018	0.1023002	0.0517977	0.0791810808	0.085142269	-0.0812991418	0.0848687226	-0.1199682549	-0.1133802369	-0.0388531783	-0.0179132721	-0.1129007197	0.0897759018	-0.0513233508	-0.0014242413	0.0016388125	0.0236696967	0.120454701	-0.0793632917	-0.1732356845	0.0171466375	-0.0750024413	-0.1515512125	0.168962974	-0.0619987788	0.2520019995	0.1081221567	-0.1699814998	0.1624650514	0.036454768	-0.1231352027	0.1002016675	0.0198825932	-0.1059417045	-0.0180527676	0.0379912246	0.0520122897	-0.1055025143	-0.1431778363	0.1226739826	-0.0298598803	0.1700668162	-0.0057106331	0.0207206709	-0.0376963098	0.0977735704	-0.2470508751	-0.0655513858	0.1100206424	-0.0296544197	-0.0284441256	-0.0430814	-9.069999999999911e-05	0.00185600702596	8.226489999999839e-09	0.0136743	-0.0346821999999999	0.0012028549968399	0.00018698648049	0.0635989	-0.0108078	0.00404482008121	0.00011680854084	0.00333537	-0.00048527	1.11246930369e-05	2.354869729000003e-07	0.00154395	0.00050511	2.3837816025000005e-06	2.5513611210000005e-07	-0.0013333	0.0001440099999999	1.77768889e-06	2.073888009999999e-08	0.0	0.0	0.0	0.0	0.0	0.0	0.0
51931.013113613146	27.22556527222332	741.2314043920925	2696830123.0062604	81656.27462768555	-439.11672295464086	6667747186.072002	192823.49637842283	50130.7665540818	115.03285921073984	2513093755.299846	13232.558698197894	56242.905973319685	50725.85731072332	1.212208	26.780264	0.06006733	0.0303344	0.1173128811	0.0401415469	0.1511986038	0.0501814191	0.0085927037	-0.1321667776	0.0704843003	0.0480012332	-0.1530342691	-0.0992620279	0.0844254454	-0.0005229134	-0.0730097016	-0.0259818729	-0.0532733989	-0.0687857031	-0.069412818	0.0850568394	0.0448573001	0.0149611007	0.1088801216	0.0276961159	-0.0664390359	-0.0102583993	-0.1125665524	0.1556659807	-0.2030768625	-0.1660935364	0.0718644721	-0.0268651082	0.0673315254	0.0259296711	0.0393171102	0.190914477	-0.0489035351	0.0342530216	0.0632852949	-0.0173953845	-0.0282406546	-0.0927612877	0.0560398235	0.0299703625	-0.0193011712	-0.1070048709	-0.024145296	0.0025585653	0.056835552	-0.0335337233	-0.0336176	0.0094638	0.00113014302976	8.956351044000002e-05	0.00963927	-0.00403503	1.62814671009e-05	9.29155261329e-05	0.0814044	0.0178055	0.00662667633936	0.00031703583025	0.003341	5.629999999999958e-06	1.1162280999999998e-05	3.1696899999999527e-11	0.00142367	-0.00012028	2.0268362689e-06	1.446727840000004e-08	-0.00178265	-0.00044935	3.1778410225e-06	2.0191542250000007e-07	0.0	0.0	0.0	0.0	0.0	0.0	0.0
51852.15164621152	-78.86146740162803	6219.131040738041	2688645630.341716	81317.96536933052	-338.3092583550315	6612611491.807637	114453.15428873144	50043.89225730946	-86.8742967723374	2504391152.2611976	7547.143439688153	55938.55221820259	50933.3322029182	1.261505	27.869337	0.07598562	0.0492431	0.0592322444	-0.1429002338	-0.1133751441	0.1412786178	-0.0157009466	-0.1021367218	-0.0761591877	-0.0052000364	0.0967164424	-0.2133376605	0.0173734863	-0.0535686444	0.0496089872	-0.031507315	0.0511589415	-0.0946766216	0.0677948975	0.086153267	0.034130562	-0.0149456356	-0.0147087872	0.0780423526	0.1215757855	-0.1022473579	-0.0536332643	0.0127847842	-0.0873739287	-0.1087952301	-0.0131420557	-0.0924182778	-0.1553058699	0.0635523271	0.0188458809	0.0375076212	0.0802134529	-0.1304573212	-0.0549647911	0.0166398779	0.0245415633	-0.0365272141	0.1590183388	-0.1283925553	0.0453314656	-0.041004381	0.0862211211	0.0263132735	0.0372354124	-0.0385824652	-0.0249387	0.0086788999999999	0.00062193875769	7.532330520999993e-05	0.00506365	-0.00457562	2.09362983844e-05	2.5640551322500004e-05	0.126856	0.0454515999999999	0.0160924447359999	0.0020658479425599	0.00323526	-0.00010574	1.04669072676e-05	1.1180947600000001e-08	0.00166352	0.00023985	2.7672987904e-06	5.75280225e-08	-0.00178265	0.0	3.1778410225e-06	0.0	0.0	0.0	0.0	0.0	0.0	0.0	0.0
51952.619403044206	100.46775683268788	10093.770162992105	2699074662.8375654	81647.71854315864	329.753173828125	6666349943.302852	108737.15564972162	50101.38165756406	57.48940025459888	2510148443.9968963	3305.031141633473	56070.72761715775	50906.46121101175	1.086615	24.005651	0.0237593499999999	0.0139172	0.1028799766	0.0731578634	-0.1009088559	0.0650962907	-0.0563176848	-0.0918748408	0.0479419659	-0.095360247	-0.0355989681	0.0147772239	0.0562808007	-0.0389753109	0.0985136806	0.0475685878	0.1256073865	-0.1553451238	-0.0242661403	0.1387699804	-0.0862836612	0.0535347116	0.1025327096	-0.0696713621	0.1026013527	0.2308578144	0.0477647305	0.096907491	-0.0639320737	-0.0683702122	-0.1285112733	-0.1285332625	-0.0554718408	0.0544222099	0.0510985259	0.0272236338	-0.0338353484	-0.0976406342	0.0119651411	-0.0143403682	0.0993388094	0.0235491046	0.1076764648	-0.0593507227	0.1181061719	-0.0632343448	-0.1496033115	-0.0444793831	-0.0050837192	-0.0435842004	-0.0239426	0.0009960999999999	0.00057324809476	9.922152099999997e-07	0.0170774	0.01201375	0.0001443301890625	0.00029163759076	0.119801	-0.0070549999999999	0.014352279601	4.9773024999999886e-05	0.0031802	-5.505999999999957e-05	1.0113672040000002e-05	3.031603599999953e-09	0.00168235	1.8830000000000065e-05	2.8303015225e-06	3.5456890000000233e-10	-0.00178265	0.0	3.1778410225e-06	0.0	0.0	0.0	0.0	0.0	0.0	0.0	0.0
52028.79355956496	76.17415652075579	5802.502121648601	2706995359.2638283	81846.04213290745	198.3235897488048	6698774612.821661	39332.24625085224	50111.32110298949	9.939445425428858	2511144502.68692	98.79257536507863	56210.365159998575	51027.91147958827	1.082595	23.916836	0.11266931	0.0482756	0.1358493919	0.1046736157	0.0357890059	0.008189297	0.0729056304	-0.0491609352	0.0526994295	-0.0125738384	-0.1199090713	0.0372956692	-0.0588043964	0.0509721691	0.0821539486	0.0378251081	-0.1170132033	-0.0725844035	-0.0577223558	0.1010937956	0.0615799099	-0.1593618218	0.2448668608	-0.0093149202	-0.12762581	-0.0741666662	0.0831659192	0.0770882849	-0.1940900071	0.0499096058	-0.2287020935	0.1407946102	-0.0835782466	0.0004354835	0.036418641	0.0641926392	-0.0053394864	-0.0106856976	0.2472266021	0.0804724765	0.059034681	0.0753176289	-0.0192258286	-0.07823423	-0.1108686841	-0.0227574659	-0.0578221241	0.0962248071	0.1588960944	-0.048532835	-0.0431085	-0.0191659	0.00185834277225	0.00036733172281	-0.00910501	-0.02618241	0.0006855185934081	8.29012071001e-05	0.141249	0.021448	0.019951280001	0.000460016704	0.00345675	0.00027655	1.19491205625e-05	7.647990249999998e-08	0.00187896	0.00019661	3.5304906816000003e-06	3.865549210000002e-08	-0.00222695	-0.0004443	4.9593063025000005e-06	1.974024900000001e-07	0.0	0.0	0.0	0.0	0.0	0.0	0.0
52193.045847549016	164.25228798405442	26978.814107996743	2724114034.8443537	81970.70315043132	124.66101752387476	6719196174.976131	15540.36929008781	50089.14068659658	-22.180416392911862	2508922014.7216644	491.9708713629534	56138.136927004	51648.639904806994	1.090317	24.08744	0.09937751	0.0627159	0.1133587354	-0.0710731797	0.1522480795	-0.0538996048	0.1671811481	0.0023198079	0.0724023864	0.0635265765	-0.0141902584	-0.0309960727	-0.0699376697	0.0938379745	0.2236688082	-0.0558398811	-0.1896344825	-0.0736629856	-0.0107466825	0.0712268685	-0.0378090358	0.0373302528	-0.010191775	-0.0140009969	0.0641757154	0.0906392374	-0.0816564139	0.0073636979	0.0169387315	0.113415459	-0.1111052355	-0.1010430052	0.0673221971	0.0123765431	-0.0825078476	0.0237785886	0.1623020457	0.0292462495	0.2229941008	0.1012081856	-0.0389076343	0.0681138587	0.0947686377	-0.0300094042	0.0363055231	-0.0126976965	-0.0478144035	-0.0655260719	-0.0325461142	-0.0534223397	-0.0431348	-2.629999999999993e-05	0.00186061097104	6.916899999999965e-10	0.0111635	0.02026851	0.0004108124976201	0.00012462373225	0.0868028	-0.0544462	0.00753472608784	0.00296438869444	0.00374277	0.0002860199999999	1.40083272729e-05	8.180744039999983e-08	0.00208567	0.0002067099999999	4.3500193489e-06	4.2729024099999975e-08	-0.00222695	0.0	4.9593063025000005e-06	0.0	0.0	0.0	0.0	0.0	0.0	0.0	0.0
52203.386362834455	10.340515285439324	106.9262563684043	2725193547.7473702	82306.755859375	336.05270894368005	6774402060.094761	112931.42318838571	50085.23930785972	-3.901378736853076	2508531196.5255766	15.2207560483693	56041.16478841394	52280.54855494081	1.2203	26.959023	0.1103169	0.0662524	-0.0129023749	-0.1038288376	-0.1349397444	-0.0827435216	0.1926189094	0.0431841775	-0.1820122728	-0.1584189588	-0.0013189456	-0.0319535159	-0.0713353811	0.1091955895	0.2865859504	0.0312637873	-0.0589294832	0.0146760485	0.0305059937	-0.0213237799	0.0001335496	0.0560875095	-0.1390177767	-0.0374219786	-0.0331251022	0.0684023854	0.1201408196	0.0573308381	0.1862666892	0.0198591908	-0.0237164762	0.182883952	0.0106942924	0.0386698001	-0.1495838661	-0.1173469555	0.1136673891	-0.100360978	0.1873560661	0.0879814448	-0.0658995515	-0.0052478304	0.0616676679	0.0823929508	0.064119157	0.0489496268	0.0184867809	0.038473338	-0.0170033082	-0.0582467576	-0.0430404	9.440000000000144e-05	0.00185247603216	8.911360000000271e-09	0.0147192	0.0035557	1.264300249e-05	0.00021665484864	0.0919951	0.0051922999999999	0.00846309842401	2.6959979289999966e-05	0.00295617	-0.0007865999999999	8.7389410689e-06	6.187395599999995e-07	0.00109278	-0.00099289	1.1941681284e-06	9.858305521e-07	-0.00197695	0.00025	3.9083313025e-06	6.250000000000013e-08	0.0	0.0	0.0	0.0	0.0	0.0	0.0
52084.127719845565	-119.25864298889064	14222.623927551676	2712756360.337185	81820.88336520725	-485.8724941677501	6694656954.662848	236072.0805887904	50042.356418364	-42.882889495725976	2504237435.9025764	1838.9422115026453	56132.96465483387	51806.62428386054	1.242932	27.45903	0.0718622	0.0403856	0.038918765	0.1804175801	0.0417505947	-0.0471276974	-0.0036578392	0.0504855871	0.1323515487	-0.053094731	-0.0045892856	0.1780898059	-0.1507864849	0.0475002126	0.0807852353	-0.0240675358	-0.0316380937	-0.0771122852	-0.3424319492	-0.1347739072	-0.0701714635	0.0570653438	-0.0331496318	0.1693070987	-0.0451613065	-0.0620259476	-0.0503310688	-0.1700462232	0.0761970818	-0.1680826918	-0.0217943519	0.0702709343	0.0877393636	-0.0524039613	0.0722416092	-0.0827536825	-0.034677972	0.0158369597	0.302379174	0.0060122558	0.0976093056	0.1339836042	-0.0542618948	0.1381629105	0.1612645801	-0.004477807	0.136748725	-0.1067415912	-0.0160931901	-0.0630002108	-0.0430787	-3.829999999999806e-05	0.0018557743936899	1.466889999999851e-09	0.0433451	0.0286258999999999	0.0008194421508099	0.0018787976940099	0.0922106	0.0002155	0.00850279475236	4.6440250000003174e-08	0.00248669	-0.00046948	6.183627156100001e-06	2.204114704e-07	0.00143846	0.0003456799999999	2.0691671716e-06	1.1949466239999994e-07	-0.00202144	-4.449000000000033e-05	4.0862196736000005e-06	1.979360100000029e-09	0.0	0.0	0.0	0.0	0.0	0.0	0.0
52020.695156933005	-63.43256291255966	4023.690037655839	2706152724.610553	81681.10871378581	-139.77465142143774	6671803520.713297	19536.953179984423	49993.81955024228	-48.53686812171509	2499381993.2221875	2355.827567064762	56024.12402864385	51913.807376104094	1.26228	27.88645	0.0501021	0.0313128	-0.0015988306	-0.1362112265	0.0857007267	0.0645134741	-0.0132355838	-0.0172515714	0.0215695392	0.043145174	0.0061708319	-0.0471492834	-0.1151978739	-0.0304243583	0.0394103895	0.0751395828	-0.1353258792	-0.069579289	-0.0031641435	-0.0788212353	-0.1163880142	-0.0360077567	-0.0895067013	0.1879486873	0.017895099	-0.0992463116	-0.0810774728	0.0190160318	0.0651520036	-0.0729930857	0.0639424744	0.1868501899	-0.1153249122	-0.0570595155	0.0560699565	0.0345059959	0.0878829395	-0.0732171493	0.0459810221	0.1071209122	-0.1207910314	0.1480661546	0.0372809561	0.0424181486	0.1302783168	-0.105128596	0.2266411411	0.0443906417	-0.0873415697	-0.0676769079	-0.0352217	0.0078569999999999	0.00124056815089	6.173244899999994e-05	0.0284232	-0.0149218999999999	0.0002226630996099	0.0008078782982399	0.0658849	-0.0263257	0.0043408200480099	0.00069304248049	0.00248483	-1.860000000000229e-06	6.1743801289e-06	3.4596000000008538e-12	0.00143846	0.0	2.0691671716e-06	0.0	-0.00200335	1.809000000000012e-05	4.0134112225e-06	3.2724810000000434e-10	0.0	0.0	0.0	0.0	0.0	0.0	0.0
51859.50747659283	-161.18768034017558	25981.468293446625	2689408515.7147875	82460.77065700955	779.6619432237349	6799778697.347927	607872.7457114103	50013.60289709264	19.78334685035952	2501360474.7480736	391.38081260163	56027.29856334491	51643.29430628249	1.290671	28.51367	0.112956	0.0727343	0.0556526736	0.0821595872	-0.1276542183	0.086678345	-0.1230928174	-0.1716247359	-0.1959783075	-0.0243586485	-0.0693628562	-0.0034780047	-0.0916885088	0.0572519232	0.1223013793	0.1479098382	-0.0691687245	-0.0802569189	-0.0607447825	0.1522710789	0.0990694279	-0.0646223649	0.1101426577	0.2164252738	0.0012145582	-0.0524639818	0.0020165417	0.1842657058	0.0940446237	-0.1117219628	0.0178578545	0.1412459223	0.1002009688	0.0184171708	-0.0093596675	0.032937346	-0.0233492837	-0.2534466078	0.1246845287	0.0979037878	-0.065177327	-0.0822506665	-0.0089133442	0.0434352101	-0.0806823973	-0.1891240818	0.0430572246	-0.0323256023	-0.0109905082	-0.0722711511	-0.0358507	-0.0006289999999999	0.0012852726904899	3.95640999999997e-07	0.0174978	-0.0109253999999999	0.0001193643651599	0.00030617300484	0.136193	0.0703081	0.018548533249	0.00494322892561	0.00265912	0.00017429	7.0709191744e-06	3.0377004100000044e-08	0.00173515	0.00029669	3.0107455225e-06	8.802495610000004e-08	-0.00215424	-0.0001508899999999	4.6407499776e-06	2.2767792099999964e-08	0.0	0.0	0.0	0.0	0.0	0.0	0.0
51740.38130981703	-119.1261667758008	14191.04361069591	2677067058.0852637	81516.458919949	-944.3117370605468	6644933074.847733	891724.6567503074	50030.87976346912	17.27686637648003	2503088929.906704	298.4901117907462	56060.195676944495	50148.92483329432	1.157366	25.568687	0.0762821769999999	0.0413295	0.1198712091	0.0616396951	0.0451107556	0.1909796984	-0.0344011437	-0.1857393399	0.064938742	0.0395576257	-0.1090082227	-0.1167204867	0.0259786879	-0.0755488356	-0.1282379705	0.0199063013	-0.1152166928	-0.0970163146	0.0172464205	0.0539777274	0.2098397487	0.1555763797	0.0298965891	-0.0198988956	-0.019277091	-0.1456968588	0.0110706945	-0.0019660206	-0.0255720492	0.1914080811	-0.1329740753	-0.0466066553	0.0977756318	0.0455389011	0.1389463496	0.1336410241	-0.0721261184	-0.0119016823	0.0335059666	0.0171669414	-0.0578562104	-0.1099431944	0.0664658679	0.074166877	-0.0947276074	0.1521833202	-0.0063434445	0.0133855909	0.0298606627	-0.0767773431	-0.0432016	-0.0073509	0.00186637824256	5.4035730810000007e-05	0.000327523	-0.017170277	0.0002948184122567	1.0727131552900001e-07	0.170182	0.0339889999999999	0.028961913124	0.0011552521209999	0.00265912	0.0	7.0709191744e-06	0.0	0.00181848	8.332999999999995e-05	3.3068695104e-06	6.943888899999992e-09	-0.00188213	0.0002721099999999	3.5424133369000003e-06	7.404385209999993e-08	0.0	0.0	0.0	0.0	0.0	0.0	0.0
51729.40713722899	-10.974172588037618	120.43246399203628	2675931562.769197	81193.66131761338	-322.79760233561683	6592410638.159308	104198.29207362302	49985.95709541311	-44.92266805600957	2498595906.7444806	2018.046105270423	55897.72108541984	50047.60837747373	0.967521	21.374611	0.118209323	0.0538129	0.1111200319	-0.0590641979	-0.0973928132	0.1959943904	-0.035102517	-0.1302116595	-0.043139366	0.0081026035	0.1231123519	-0.1759770898	0.0576777319	-0.1753540893	0.0559293542	-0.0335996399	0.0618658027	-0.0589880392	0.0242322049	0.1903018484	0.1356221782	0.0641562132	-0.002878577	-0.0073133704	0.0011848165	-0.1339178682	0.2623402684	-0.0344267578	0.0788247429	0.0553474691	-0.1080728353	-0.1708945849	0.1071180124	0.0893402982	0.0945863689	0.0440475755	0.0676491634	-0.0907283608	-0.0861453402	0.0120094606	0.1176983704	-0.1602159164	0.0716187432	-0.055733984	0.0235374148	0.0728794374	0.0916264328	-0.0612766969	0.1537821271	-0.0811899937	-0.0547971	-0.0115955	0.00300272216841	0.00013445562025	-0.0144558	-0.014783323	0.0002185466389223	0.0002089701536399	0.212171	0.041989	0.045016533241	0.0017630761209999	0.00327506	0.00061594	1.07260180036e-05	3.7938208360000017e-07	0.00205538	0.0002368999999999	4.2245869444e-06	5.6121609999999986e-08	-0.00173814	0.00014399	3.0211306596e-06	2.0733120100000024e-08	0.0	0.0	0.0	0.0	0.0	0.0	0.0
51809.85089615057	80.44375892158132	6471.198349433495	2684260649.8813543	80776.20708211263	-417.45423550075793	6524795630.572342	174268.03873752226	49921.73031732507	-64.22677808804292	2492179157.875733	4125.07902357071	55880.20984714157	49446.90568201273	1.099278	24.285404	0.1161767	0.0528432	0.1475092863	0.1378706915	-0.0190945362	0.1307626243	0.0212745228	-0.0677024293	0.1961121212	-0.054296801	0.0337138818	0.030500092	0.0123842051	-0.243067995	-0.0274627241	-0.0248297123	0.0181970392	0.0221913365	-0.1512870924	-0.0781935749	0.1100046219	-0.0873643018	-0.0304302985	-0.0493335711	-0.0522470308	0.0579274399	0.2070609359	-0.0567584346	-0.003387687	0.0784840673	0.0712431143	-0.1327730931	-0.0493299333	0.0537477465	0.2046636427	0.0147038169	0.0584710467	0.093712092	-0.0229436324	0.0120895319	0.1773909574	-0.0181486496	-0.1951188901	0.0226148324	0.049487884	0.0224223726	-0.003423327	-0.0521257788	0.1554560389	-0.0855037268	-0.0668177	-0.0120205999999999	0.0044646050332899	0.0001444948243599	-0.0367189	-0.0222631	0.00049564562161	0.0013482776172099	0.179643	-0.032528	0.032271607449	0.001058070784	0.00305933	-0.00021573	9.3595000489e-06	4.653943290000016e-08	0.00266338	0.000608	7.0935930244e-06	3.696640000000001e-07	-0.00190171	-0.00016357	3.6165009241e-06	2.675514490000001e-08	0.0	0.0	0.0	0.0	0.0	0.0	0.0
52129.84678092201	319.995884771437	102397.36627065478	2717520925.402405	82006.18743726943	1229.980355156804	6725014777.996567	1512851.6740716572	50041.1004332293	119.37011590423208	2504111732.568542	14249.2245709898	55947.540175171365	50665.52343498872	1.358324	30.008284	0.0571488	0.0271207	0.1237515641	-0.188590966	0.0997233908	-0.0260076311	0.3813896399	0.0145742112	-0.055813202	-0.0448374568	-0.1699220351	-0.0308108501	0.0566834517	-0.07787863	0.1469141768	-0.1845690869	-0.168547711	0.0919242964	0.0412302039	0.0074561673	0.1043309173	-0.0598820692	-0.0797922595	0.0517287302	0.1051286018	0.0110276634	0.0694684064	0.1106372454	0.1461127449	0.0604632768	-0.0104566636	-0.0427320007	0.0037504048	0.122673995	-0.0820267128	0.0080896598	0.2521980324	0.130086443	0.0640227055	0.0508879454	-0.0146256923	-0.1797183045	-0.0687277779	0.0261710411	0.0379001829	-0.0450103529	-0.0328388763	-0.0414710696	-0.0382164238	-0.0897132868	-0.0652699	0.0015477999999999	0.00426015984601	2.395684839999963e-06	-0.0506279	-0.013909	0.000193460281	0.00256318425841	0.16612	-0.013523	0.0275958543999999	0.000182871529	0.00335727	0.00029794	1.12712618529e-05	8.876824360000002e-08	0.00252097	-0.0001424099999999	6.3552897409e-06	2.028060809999998e-08	-0.00202474	-0.00012303	4.0995720676e-06	1.5136380900000024e-08	0.0	0.0	0.0	0.0	0.0	0.0	0.0
52355.06478302911	225.21800210710356	50723.14847311529	2741052808.4351754	82104.07948133681	97.8920440673828	6741079867.477673	9582.852291690418	50258.92900737106	217.8285741417567	2525959944.967964	47449.2877126308	55966.77655089728	51524.76707580307	1.234433	27.271252	0.0841608	0.0400281	0.0831403108	-0.091289663	-0.1741293932	-0.1721655462	0.3257170572	0.0357078058	-0.2103095853	-0.1242581098	-0.0825209611	0.0426668215	0.1446438042	0.1414870169	0.1612917754	-0.1250418341	0.0210826709	0.0416429761	-0.050221959	-0.127782026	0.0010249848	-0.1787265722	-0.0154578884	-0.2072870037	0.0576767526	-0.0804491103	0.0923793385	0.1053285224	0.0390668222	-0.0577645879	-0.0047340038	0.1541856588	-0.1498896159	0.1827725518	-0.2455343568	-0.1076384383	0.1022598849	0.0532335628	0.0925057332	-0.0748330589	0.0370644792	-0.0640838031	-0.1224847904	-0.0073056852	0.0097553946	0.0690509354	0.0594324035	0.2878876546	0.075199525	-0.0938135449	-0.0603361	0.0049338	0.0036404449632099	2.434238244000009e-05	-0.0506189	9.000000000002062e-06	8.100000000003711e-11	0.00256227303721	0.182894	0.016774	0.033450215236	0.000281367076	0.00382945	0.00047218	1.46646873025e-05	2.229539524e-07	0.0020142	-0.00050677	4.05700164e-06	2.5681583290000016e-07	-0.00229467	-0.0002699299999999	5.2655104089e-06	7.286220489999992e-08	0.0	0.0	0.0	0.0	0.0	0.0	0.0
52512.15610748178	157.09132445266732	24677.684218293198	2757526539.056536	81970.69954427083	-133.37993706598354	6719195583.777122	17790.20761172573	50374.73650008213	115.80749271107196	2537614077.452707	13411.375368024988	56349.3086145754	52599.78455135776	1.244179	27.486582	0.2040571	0.0979387	0.0599532707	0.0402233185	0.0477393407	-0.258192759	0.1325191904	0.1025407068	0.0936048037	-0.0165813726	0.1453364203	0.2618550495	0.1273927784	0.2539736702	0.037576949	-0.0850780287	0.0016973971	-6.99218e-05	-0.1241030748	0.0165322172	-0.1417790934	0.0790368415	-0.0283787445	-0.056189537	0.0246315624	-0.1594394315	0.0172905752	0.0399986051	0.0353003676	0.2212046831	-0.0865839295	-0.0571055279	-0.0894266001	0.0545835767	-0.2088801937	-0.0618369313	-0.112131036	0.2011559166	0.1894620985	-0.0924640007	0.1185038693	0.1449928764	0.0780165613	-0.0190550314	0.0247952742	0.1333685878	0.0239990086	0.0029548008	0.022306742	-0.0977995057	-0.0431941	0.0171419999999999	0.00186573027481	0.0002938481639999	-0.0102418	0.0403771	0.0016303102044099	0.00010489446724	0.104836	-0.078058	0.010990586896	0.006093051364	0.0028554	-0.0009740499999999	8.15330916e-06	9.487734024999996e-07	0.00199534	-1.8859999999999884e-05	3.9813817156e-06	3.5569959999999555e-10	-0.00191798	0.00037669	3.6786472804e-06	1.4189535610000006e-07	0.0	0.0	0.0	0.0	0.0	0.0	0.0
52448.84171680732	-63.31439067445899	4008.71206647802	2750880997.434708	81455.45103963216	-515.2485046386719	6634990504.069911	265481.0215323875	50353.59052131242	-21.145978769709476	2535484078.388004	447.15241812900376	56167.090483387285	52952.86119710141	1.128462	24.93014	0.0842190999999999	0.0481887	0.0781341129	-0.1292699125	0.0578410252	-0.2519927825	0.0805785425	-0.0073470681	0.081743414	-0.049030749	0.1826618151	0.0471703602	0.1715723033	0.1494697839	-0.0904038543	-0.0729815275	-0.1727911861	-0.2046663089	0.0681903839	-0.2340911196	-0.0810447842	-0.0796836768	0.067543365	0.2677420155	-0.0963277432	-0.0448582033	0.1480000756	-0.0129741393	0.0803565675	-0.0072175	-0.1244921849	0.0881694911	-0.0078942447	0.1083192152	-0.119874131	0.1012376464	-0.004475333	0.0859762218	-0.0321265409	-0.1992545468	-0.2062981389	0.2685059593	0.0064916677	0.1584135674	0.1196562386	-0.0600251789	0.0968029751	-0.0968392559	0.1253016817	-0.1016663129	-0.0431877	6.399999999996686e-06	0.00186517743129	4.095999999995758e-11	-0.041309	-0.0310671999999999	0.0009651709158399	0.0017064334809999	0.133457	0.0286209999999999	0.017810770849	0.0008191616409999	0.00251765	-0.0003377499999999	6.338561522500001e-06	1.1407506249999997e-07	0.00203544	4.0099999999999945e-05	4.1430159936e-06	1.6080099999999954e-09	-0.00203062	-0.00011264	4.1234175844e-06	1.2687769600000002e-08	0.0	0.0	0.0	0.0	0.0	0.0	0.0
52305.174358902215	-143.66735790510575	20640.30972743375	2735831264.715162	82590.15700954861	1134.705969916453	6821134034.861892	1287557.638164038	50286.27632227333	-67.31419903909409	2528709586.360027	4531.201392274776	56156.07933436072	52882.16002271512	1.180741	26.085089	0.1232924999999999	0.0727817999999999	0.0573647365	-0.0072700624	-0.1174062931	-0.1576895804	-0.0211524194	-0.0706124586	-0.142420745	-0.060103318	0.1589934441	0.2178936821	0.1515053006	0.1410926492	0.0553578239	-0.081083319	0.1243883316	-0.0380695407	-0.2218455858	-0.0538087103	0.1035329113	0.0886280163	-0.0104077012	0.0223020235	0.0779969569	-0.069031481	0.0737600747	-0.0398646893	-0.0729190955	0.1188531045	0.1153363937	0.0642810637	0.0204873301	0.1434820323	-0.1505309119	-0.0156633081	-0.1005934726	-0.035972568	0.0686264725	-0.129474263	0.1402501424	-0.0392635336	0.0122473843	0.1365144319	-0.0089587393	0.110218702	0.06471242	-0.0729870428	0.0354681888	-0.1054092553	-0.0485268	-0.0053390999999999	0.00235485031824	2.8505988809999998e-05	-0.0412571	5.190000000000056e-05	2.6936100000000572e-09	0.0017021483004099	0.197564	0.064107	0.039031534096	0.0041097074489999	0.00274435	0.0002266999999999	7.5314569225e-06	5.139288999999992e-08	0.00266338	0.00062794	7.0935930244e-06	3.943086436e-07	-0.00180937	0.0002212499999999	3.2738197969e-06	4.895156249999994e-08	0.0	0.0	0.0	0.0	0.0	0.0	0.0
52138.261065795945	-166.91329310627043	27860.047415579746	2718398266.965093	81997.91487969292	-592.2421298556874	6723658044.617366	350750.7403760009	50065.37654504764	-220.8997772256844	2506541928.5974064	48796.71157835698	56108.13816611529	51605.80350670448	1.198088	26.468327	0.0647036	0.0316328	0.1810619171	-0.0070970429	0.0831943288	-0.0505215611	0.0004485604	-0.0771957287	0.1332910924	0.0708940565	0.0835862063	0.0185072515	0.086725273	-0.1768886637	-0.1033481159	-0.0772770972	-0.1326035047	-0.0349121024	0.0090353256	0.027258898	0.0143172605	0.0445377133	-0.048653002	-0.0425724432	0.0229770422	-0.0298799251	-0.0841146652	0.1405890812	0.0377506093	0.0802161263	-0.0178367974	0.0119383305	-0.1151910415	0.0677833549	0.1247157333	0.1485054773	0.0594263221	0.1193372185	-0.0570474921	-0.0443729449	0.0469280845	0.0117639472	0.0350529193	0.0794380633	-0.0387218553	0.0740362481	0.1105636284	0.0736650538	-0.0938389744	-0.1090237728	-0.0432007	0.0053261	0.00186630048049	2.8367341210000004e-05	-0.0411646	9.249999999999536e-05	8.556249999999142e-09	0.00169452429316	0.209686	0.012122	0.043968218596	0.000146942884	0.0031797	0.00043535	1.011049209e-05	1.895296225000001e-07	0.00228552	-0.0003778599999999	5.2236016704e-06	1.4277817959999986e-07	-0.00193942	-0.00013005	3.761349936400001e-06	1.6913002500000013e-08	0.0	0.0	0.0	0.0	0.0	0.0	0.0
52197.71897684808	59.457911052137206	3535.24318668386	2724601866.3860064	82029.69608561198	31.781205919061904	6728871039.897866	1010.0450496698154	50071.35525829501	5.978713247364794	2507140617.402387	35.745012094215284	55905.43870787319	51865.44663993276	1.173506	25.925253	0.0877244999999999	0.0440673	0.0910238355	-0.1425556649	-0.1917165337	-0.0493540199	-0.0142529206	-0.0916288466	-0.1640691915	0.0218899095	0.2336297926	-0.000636882	0.0725222545	-0.1686222277	0.1816713338	-0.0123117375	0.1203241304	-0.0156869354	0.1134044137	-0.0893106361	0.1241250849	-0.1373734716	-0.1145573257	0.0078320048	-0.0279840772	0.0306885215	-0.0238580532	-0.0150241361	0.0183864114	-0.0702124649	0.1499339768	0.1972721305	-0.0831565014	0.1520852036	-0.0102208888	-0.0093611875	0.1654732089	-0.1595351427	-0.1767446635	-0.0195335005	0.129793111	0.026514871	-0.1010140493	0.0381817152	-0.0892650926	-0.0571133837	0.0850155506	0.0769727487	-0.0622131994	-0.1125054616	-0.0433835	-0.0001827999999999	0.0018821280722499	3.341583999999885e-08	-0.0522393	-0.0110747	0.0001226489800899	0.00272894446449	0.227357	0.0176709999999999	0.051691205449	0.0003122642409999	0.00329028	0.0001105799999999	1.08259424784e-05	1.2227936399999972e-08	0.0027621	0.0004765799999999	7.62919641e-06	2.271284963999999e-07	-0.00135066	0.00058876	1.8242824356e-06	3.466383376e-07	0.0	0.0	0.0	0.0	0.0	0.0	0.0
52125.37275668931	-72.3462201587754	5233.975571261999	2717054485.023808	81363.84224785698	-665.8538377549994	6620074825.334157	443361.33325306105	50027.65710208607	-43.69815620893496	2502766475.123903	1909.528856060481	55788.58287616622	50955.44505394678	1.157478	25.571169	0.0512216999999999	0.0320945	0.1569283237	0.1105917879	-0.0366808106	-0.1058884923	0.044516292	-0.1396422609	0.1161400614	-0.0852019951	0.0355886161	0.0855502833	0.040564486	-0.2132602464	0.1348285955	0.0177469429	0.1493759408	0.022648226	-0.0832261513	0.1346583778	-0.1757735725	-0.1020042547	-0.0352952054	0.1408417367	-0.1997884042	-0.1460723799	-0.0411081289	0.0152623103	-0.0314580096	0.1072687366	0.0408426964	0.0380571517	-0.0314523914	0.1530011136	0.1567565162	-0.0858808829	0.091725433	-0.006315716	-0.0073781966	-0.0490303516	0.1050280908	0.0708596429	-0.1454052775	-0.1746781541	-0.1520061759	-0.0500469634	0.086886204	-0.1678057649	0.0346110579	-0.1158500799	-0.0432837	9.979999999999711e-05	0.00187347868569	9.960039999999425e-09	-0.0602212	-0.0079819	6.371072761e-05	0.00362659292944	0.22331	-0.0040469999999999	0.0498673561	1.637820899999996e-05	0.00338193	9.164999999999998e-05	1.14374505249e-05	8.399722499999997e-09	0.00266338	-9.872000000000006e-05	7.0935930244e-06	9.745638400000012e-09	-0.00194215	-0.0005914899999999	3.7719466225e-06	3.498604200999999e-07	0.0	0.0	0.0	0.0	0.0	0.0	0.0
52277.23296107028	151.8602043809733	23061.52167463098	2732909086.066013	81644.19820149739	280.3559536404064	6665775099.96539	78599.46074162169	50133.76943885512	106.1123367690452	2513394838.1482835	11259.828014587263	56029.83922493812	51887.36401039628	1.136757	25.11339	0.0535471	0.0335674	0.0905747053	-0.0775166602	0.1193618545	-0.1459318518	0.1561823024	0.0446755537	0.1088166737	0.05098861	0.162999486	0.0359970121	0.0743310126	-0.1325777128	0.1170185322	-0.1682139248	-0.0298503902	0.0914425794	0.0330843338	0.0351149233	-0.0722734819	0.0463253899	-0.109110489	-0.1465978616	-0.1010624411	-0.1482564743	-0.1737735304	0.0666182274	0.0768512871	-0.0316374564	0.0932801831	-0.030049107	0.1779868729	0.0844300167	0.027881451	-0.0394563654	0.1677108368	0.199029089	-0.0309208353	0.024960783	0.093923772	0.0543340537	0.0658406701	-0.0444223741	-0.1402516874	0.0645213303	0.0660315307	9.13552e-05	-0.1458888001	-0.1190535526	-0.0432632	2.0499999999999685e-05	0.00187170447424	4.2024999999998705e-10	-0.0302796	0.0299416	0.00089649941056	0.00091685417616	0.213395	-0.009915	0.045537426025	9.830722500000014e-05	0.003369	-1.2929999999999973e-05	1.1350161e-05	1.6718489999999927e-10	0.0027146	5.122000000000026e-05	7.369053160000001e-06	2.623488400000026e-09	-0.0021514	-0.00020925	4.62852196e-06	4.3785562500000014e-08	0.0	0.0	0.0	0.0	0.0	0.0	0.0
52242.21528762692	-35.01767344336258	1226.237453385981	2729249058.15876	81309.61040581597	-334.587795681422	6611252744.345576	111948.99301895298	50163.97969365966	30.210254804544093	2516424858.705899	912.6594953554794	55961.68636650324	52011.53759427148	1.254602	27.716843	0.1597631	0.100299	0.1364383953	-0.1773189204	-0.0885111579	-0.1401266588	0.0449546557	-0.0341305065	0.0497393674	0.0058313407	0.2305280822	-0.0821553363	0.0433095938	-0.0460760788	0.1021455176	-0.1592848764	-0.0033727726	-0.304718978	0.0882936633	-0.1230336615	-0.1696252081	0.0550387191	0.1113332514	-0.064774258	-0.2334199387	-0.0166712214	0.1090843939	-0.0436003623	-0.0194209336	-0.0013128862	0.1720863311	-0.0928063593	0.1100865521	0.1101868813	0.0297992382	0.040536585	0.1652968461	-0.046708596	-0.0058769959	-0.1726842184	0.0304972677	0.3056713638	0.1400257171	0.0121018963	-0.1074751952	0.024486086	0.0126956828	-0.1092419645	0.1874773616	-0.122111977	-0.0495962	-0.0063329999999999	0.00245978305444	4.010688899999998e-05	0.0034285	0.0337081	0.0011362360056099	1.175461225e-05	0.227474	0.014079	0.051744420676	0.000198218241	0.00516705	0.00179805	2.6698405702500004e-05	3.232983802500001e-06	0.00281498	0.0001003799999999	7.9241124004e-06	1.0076144399999949e-08	-0.00236583	-0.00021443	5.597151588900001e-06	4.598022490000011e-08	0.0	0.0	0.0	0.0	0.0	0.0	0.0
52357.96560402144	115.75031639452207	13398.13574543197	2741356562.191892	82884.53317260742	1574.922766791453	6869845839.24106	2480381.721358045	50198.78145532194	34.80176166228193	2519917659.599174	1211.1626147982763	56313.09178497477	53053.66207459915	1.346321	29.743097	0.2627505	0.157393	0.0706909937	0.0249284246	-0.0904982536	-0.2355859692	-0.0269169115	-0.0556452394	-0.1250124169	0.059102208	0.0207101282	0.2077609136	0.0543229754	0.0817108881	0.0398862734	-0.100695475	0.0910142663	-0.2323394667	-0.0564137866	0.0669405451	0.145918924	0.0257216787	0.0878712625	-0.1523798365	-0.0267725699	0.0960153633	-0.1880892879	-0.2114182977	-0.0393850545	0.0209883021	-0.0301725718	-0.086327714	-0.0446153768	0.0674777481	-0.0965044014	0.1334992578	0.0154045849	-0.1418663192	0.0660656982	-0.2160601776	0.1521272987	0.0040826738	0.0031482585	0.0559118503	-0.3005598565	-0.0050126183	-0.1247684107	-0.1189422498	-0.1335566926	-0.1250216267	-0.0606234	-0.0110272	0.00367519662756	0.00012159913984	0.0342988	0.0308702999999999	0.0009529754220899	0.0011764076814399	0.145172	-0.082302	0.0210749095839999	0.006773619204	0.00744281	0.00227576	5.53954206961e-05	5.179083577599999e-06	0.00309437	0.00027939	9.5751256969e-06	7.805877210000001e-08	-0.00214996	0.00021587	4.622328001599999e-06	4.6599856900000175e-08	0.0	0.0	0.0	0.0	0.0	0.0	0.0
52000.98052699256	-356.9850770288831	127438.3452213176	2704101975.768659	81897.86217074924	-986.6710018581798	6707259828.13904	973519.6659078244	50127.87675550263	-70.90469981931528	2512804028.0148606	5027.476456467209	56164.50067236291	51486.60048993542	1.372578	30.323168	0.1033134	0.0609458	0.1646227653	0.0375540717	0.1158496518	-0.0703561478	-0.0221639187	-0.0879272543	0.1267692666	-0.018393171	-0.1031393705	-0.0663519256	0.0576349164	-0.1021079394	-0.1234376275	-0.0906508053	-0.0695359927	-0.1388982473	0.0772312589	-0.000229603	0.0069212634	0.0166246425	0.0017104608	-0.0804617269	0.0826670682	0.0060607914	0.0025853321	0.1138379319	-0.091694758	0.0806886323	0.0585491606	0.1244376244	-0.1247251846	0.0246410254	0.136776965	0.1577168752	0.0151798265	0.0488159909	0.0173144057	-0.1309515539	-0.0208668256	-0.0677812381	0.1667012451	0.0671053075	-0.0849596644	0.029017256	0.1357538952	0.2380629729	-0.0251386475	-0.1277789568	-0.0628581	-0.0022346999999999	0.00395114073561	4.993884089999996e-06	0.0329106	-0.0013881999999999	1.927099239999998e-06	0.0010831075923599	0.149555	0.0043829999999999	0.022366698025	1.9210688999999985e-05	0.00648611	-0.0009567	4.20696229321e-05	9.152748900000008e-07	0.00272415	-0.00037022	7.420993222499999e-06	1.3706284840000008e-07	-0.00157073	0.0005792299999999	2.4671927329e-06	3.3550739289999975e-07	0.0	0.0	0.0	0.0	0.0	0.0	0.0
52532.3610888554	531.3805618628467	282365.3015256746	2759648961.569889	83129.64657762315	1231.7844068739068	6910538140.120532	1517292.8250177023	50210.22260235299	82.34584685035952	2521066453.7778387	6780.838493502865	57030.8434167936	53424.79476071598	2.307108	50.968941	0.6389713	0.492564	-0.1861099008	-0.1644663758	0.0454293581	-0.0782552651	0.0636775894	0.230851069	-0.2124518602	0.6256068084	-0.1743747086	0.0675114568	-0.1358423683	0.2807267084	-0.1472939786	-0.0737214191	-0.1167339854	0.0860425634	0.1581915653	0.0320101335	0.184417458	-0.3228389724	0.039867558	-0.0001922726	-0.1081404617	-0.0389596497	-0.1580970285	-0.0027656307	0.1118777446	-0.0454076763	0.1562008708	-0.304961101	-0.0963995587	-0.3716042397	-0.37466688	0.4561639118	0.117158641	0.044259551	-0.1311244539	0.1382969496	0.0681668427	0.0560046351	-0.3228343034	-0.2663391636	0.0598775263	0.0473964618	0.0842883	-0.0898315243	0.0240653338	-0.130380608	-0.0440291	0.018829	0.00193856164681	0.0003545312409999	0.0653999	0.0324893	0.00105555461449	0.0042771469200099	-0.343262	-0.492817	0.117828800644	0.242868595489	0.00567086	-0.00081525	3.21586531396e-05	6.646325625e-07	0.00206984	-0.00065431	4.284237625599999e-06	4.281215761e-07	-0.00114357	0.00042716	1.3077523449e-06	1.824656656e-07	0.0	0.0	0.0	0.0	1.0	0.0	0.0
52347.90734566404	-184.4537431913632	34023.18337730536	2740303403.4702272	81939.37069702148	-1190.2758806016643	6714060470.223903	1416756.671942068	49961.98551710332	-248.23708524966787	2496199996.8112416	61621.65049325088	56401.23930169459	54085.30111404992	2.002102	44.230701	0.22602095	0.124422	-0.4905482713	0.0577522796	0.0084754964	-0.0891816516	-0.2886652823	0.3780210091	-0.1085690859	0.0418966023	0.089181499	-0.0086680327	-0.2880417592	0.0556950851	-0.0815813584	0.06234705	0.1776516363	0.1152781914	0.1619160841	-0.1298415889	0.1780176931	0.0335233762	0.0038966365	0.0966291645	-0.1976727723	-0.0063806928	-0.0917510892	0.0177271673	-0.054820575	0.0801509853	0.0717803821	0.0512099629	-0.0930651899	-0.3901933145	-0.1107163734	-0.2220966847	-0.0546373974	-0.0923994092	-0.2014289735	0.0679210158	0.1247720695	-0.0376343746	-0.0417838603	0.2447272022	-0.4043474039	-0.1281037945	0.1714667439	-0.029257536	-0.0521981283	-0.1328234104	-0.0120371	0.031992	0.00014489177641	0.0010234880639999	0.059605	-0.0057948999999999	3.3580866009999986e-05	0.0035527560249999	-0.323123	0.020139	0.1044084731289999	0.000405579321	0.00375124	-0.00191962	1.40718015376e-05	3.6849409444e-06	0.000991546	-0.0010782939999999	9.83163470116e-07	1.1627179504359996e-06	-0.000779583	0.0003639869999999	6.077496538890001e-07	1.32486536169e-07	0.0	0.0	0.0	0.0	0.0	1.0	0.0
52191.38198815251	-156.52535751152757	24500.18754411151	2723940353.8332505	81171.92421807183	-767.446478949656	6588881281.264396	588974.0980522248	50236.667383582455	274.6818664791353	2523722749.808697	75450.12777246154	55966.783402453824	52227.30264986478	1.712506	37.832909	0.2762765999999999	0.164676	-0.2338397989	0.1122402636	-0.0825727141	-0.0192185089	-0.1825281083	0.0737466901	0.0280441371	-0.3239577024	-0.062831922	-0.0755279166	-0.0276927933	0.159308048	-0.1183086247	0.1235825073	0.2407777591	0.0653958776	0.0876194505	0.0736814799	-0.1852226416	-0.1335104633	-0.0141710487	-0.0102372918	-0.1472363151	-0.1293905282	0.0920491154	0.0060295436	-0.0711165398	0.1465435834	0.0184569725	0.1598261971	0.3165310648	-0.0671231178	-0.0037978896	-0.2513839934	-0.1620886706	-0.0581512444	-0.0790525976	-0.2180815118	-0.2442493844	0.0310377369	0.0039879975	-0.2360970782	-0.0420784957	0.095804673	-0.1269598157	0.0963394085	0.1441819959	-0.135104388	0.0110041	0.0230411999999999	0.0001210902168099	0.0005308968974399	0.0340084	-0.0255965999999999	0.0006551859315599	0.00115657127056	-0.174104	0.1490189999999999	0.030312202816	0.0222066623609999	0.00320812	-0.0005431199999999	1.02920339344e-05	2.949793343999998e-07	0.00160359	0.000612044	2.5715008881e-06	3.7459785793599993e-07	-0.000362351	0.000417232	1.31298247201e-07	1.7408254182400004e-07	0.0	0.0	0.0	0.0	0.0	0.0	1.0
52201.46989464159	10.087906489075976	101.7658573323412	2724993459.161172	82349.07071940105	1177.1465013292182	6781369448.348915	1385673.885591619	50119.704829172144	-116.962554410311	2511984812.163341	13680.239134184958	56357.23357619716	53025.74429566958	1.213675	26.812672	0.19673088	0.134802	-0.220633453	0.2101555935	0.1484236834	-0.0342774836	-0.174788139	0.1754505335	0.1608047191	0.0124841919	-0.1031834127	0.0290063463	-0.058839987	-0.0042554758	-0.277419033	0.0226073238	0.1252774096	0.0700999219	-0.0123765653	-0.0362346411	-0.1614624925	0.0705281796	0.0335589959	-0.239877041	0.0548751212	0.0509055139	0.1381899005	-0.0674860133	-0.033044875	0.0160118069	0.016011277	0.2125534644	0.108431487	-0.1925588151	0.1537262969	-0.046851255	-0.2005664511	0.1912019702	-0.0463363922	-0.1063716856	-0.0341294073	0.024554441	0.0293830401	-0.043102245	0.0369415719	0.108666232	-0.2067862213	0.1446793753	-0.0118756786	-0.1372207617	0.0110127	8.600000000000968e-06	0.00012127956129	7.396000000001664e-11	0.00978472	-0.02422368	0.0005867866727424	9.57407454784e-05	-0.0673844	0.1067196	0.0045406573633599	0.01138907302416	0.00196285	-0.00124527	3.8527801225e-06	1.5506973729000005e-06	0.00160359	0.0	2.5715008881e-06	0.0	-0.000432661	-7.030999999999997e-05	1.87195540921e-07	4.943496099999996e-09	0.0	0.0	0.0	0.0	0.0	0.0	0.0
52026.29282926325	-175.17706537833874	30687.004234566764	2706735145.5562487	81962.00601874458	-387.06470065646863	6717770430.616722	149819.08249428167	50089.16192201873	-30.54290715341631	2508924142.050211	932.8691773822092	56185.56007979103	51960.93783793168	1.43836	31.776434	0.12872808	0.0842441	-0.0787302601	-0.0795693336	0.1151005399	0.1243022564	-0.1488818105	-0.0120868334	0.00940525	0.0065696625	-0.1469999605	-0.1482187622	-0.0511970924	-0.0178725698	-0.2176387325	-0.0107365467	0.0074727951	0.0368098175	0.0655276118	-0.0669704218	-0.0478767277	0.0486505106	0.040747502	0.1359079271	0.135954771	-0.166300577	-0.1235228531	0.0525076239	-0.13227642	-0.1584071979	0.0861891931	0.0396141776	0.1499772583	-0.1140895279	0.0886429748	0.0969533211	-0.0387678435	-0.0106476223	-0.1518451817	-0.0348205062	-0.1844228384	-0.0044143123	0.0830861854	0.0014031673	0.2010304757	-0.0657477332	-0.0634271189	0.071373975	-0.0227470854	-0.1391699531	0.014037	0.0030243	0.000197037369	9.146390490000004e-06	0.02018	0.01039528	0.0001080618462784	0.0004072324	-0.0562863	0.0110981	0.0031681475676899	0.0001231678236099	0.00352207	0.00155922	1.24049770849e-05	2.4311670084e-06	0.00209622	0.00049263	4.394138288400001e-06	2.426843169000002e-07	-0.000465019	-3.235800000000002e-05	2.16242670361e-07	1.047040164000001e-09	0.0	0.0	0.0	0.0	0.0	0.0	0.0
52072.98745412992	46.6946248666718	2180.3879914392046	2711596022.397972	82677.75784301758	715.7518242730002	6835611641.948655	512300.6739501278	50168.641394957296	79.4794729385685	2516892579.415823	6316.986618592643	56219.06118948734	52034.66352442979	1.341888	29.64517	0.18646959	0.1051	-0.1157005945	0.057702696	-0.1145110375	0.0583838571	-0.1700009093	-0.0445804309	-0.2151039522	-0.0297085767	-0.0396441783	-0.0318592326	0.038650033	0.0486900075	-0.117384714	0.0484427482	0.1642627673	-0.0034127364	0.0788734734	0.1450017724	0.2309237121	0.0666538549	-0.0541099933	0.083891234	0.0439439163	-0.0216508573	-0.0936275414	0.1441348519	-0.0601442709	-0.1408080648	-0.0425068789	-0.0535085018	-0.0146992698	-0.0106536387	-0.046283813	0.0223779069	-0.1496823513	-0.1510708885	-0.1261043074	-0.0805126729	-0.0491430802	-0.2818585484	0.0289972931	0.0102039354	-0.1019383415	-0.0262575122	-0.0738414551	0.0002059999	-0.0128525679	-0.1409495873	0.0109489	-0.0030881	0.0001198784112099	9.53636161000001e-06	0.00465146	-0.01552854	0.0002411355545316	2.1636080131599995e-05	0.0386802	0.0949665	0.0014961578720399	0.0090186361222499	0.00382137	0.0002993	1.46028686769e-05	8.958049000000012e-08	0.00278672	0.0006904999999999	7.765808358399999e-06	4.767902499999996e-07	-0.000932948	-0.0004679289999999	8.703919707039999e-07	2.1895754904100002e-07	0.0	0.0	0.0	0.0	0.0	0.0	0.0
51782.71879111154	-290.26866301838163	84255.8967304788	2681449965.3993363	81675.31043836806	-1002.447404649516	6670856335.2037945	1004900.7990885508	49909.26863809954	-259.37275685775967	2490935095.989986	67274.22699999451	55993.47122227247	50241.67567046682	1.403626	31.009094	0.08906534	0.0471903	-5.54095e-05	0.1683786242	0.0412143541	0.1860940147	-0.1200246682	0.0066852597	0.1225602304	-0.0190543537	-0.1728367539	-0.0624148566	-0.1596669989	-0.1301816999	-0.1759429987	0.1344404545	-0.0418152473	0.0555636533	-0.1922379146	-0.0881690355	0.062004289	-0.0340877198	-0.0630017012	0.0348432973	0.1336804612	0.1050321744	0.0386868992	-0.2175058467	-0.0525241066	0.0121687819	-0.0136716019	0.0641068219	-0.0801817116	-0.1111493766	0.2615593475	0.0051400457	-0.0702176426	-0.0163215168	0.0662835482	0.0434406795	-0.0228819558	-0.0882741183	-0.1513824273	0.0636154518	0.1722819175	0.1123824446	-0.0176752868	0.103617498	0.0199572547	-0.1425574961	-0.0143691	-0.025318	0.0002064710348099	0.000641001124	0.0357724	0.03112094	0.0009685129064836	0.00127966460176	0.0381519	-0.0005282999999999	0.00145556747361	2.791008899999952e-07	0.00389604	7.466999999999977e-05	1.51791276816e-05	5.575608899999966e-09	0.00229498	-0.00049174	5.266933200399999e-06	2.418082276000001e-07	-0.0010085	-7.55520000000001e-05	1.01707225e-06	5.708104704000016e-09	0.0	0.0	0.0	0.0	0.0	0.0	0.0
51984.69032258205	201.97153147050997	40792.49952454319	2702408027.934756	81526.62434895833	-148.68608940973354	6646590477.736165	22107.55318395928	49978.3828022339	69.11416413436382	2497838747.526629	4776.767683991782	55993.09341530607	51270.64155952576	1.399855	30.925789	0.1865495	0.112988	-0.1067674213	-0.0742252934	0.160061777	0.1199104888	-0.0205449308	0.0971740639	0.1247848649	0.0954797942	-0.0074283626	-0.1217778048	-0.1162394489	-0.1216413479	-0.1432935572	0.0053818377	-0.0807547955	0.0021836043	0.1013341376	0.0342028996	-0.0829123202	0.0305169481	-0.0540244549	-0.0721945882	0.0776360001	0.0915468672	-0.0245099027	-0.1374069215	0.0638753681	0.0777511331	-0.1226183461	0.0134555593	-0.0362890084	-0.0982613176	0.1048338924	-0.0311554106	0.1230416251	0.0389494676	-0.1347035309	-0.0298071571	-0.1473170006	-0.0130363974	-0.078612314	-0.0136873765	-0.052223405	0.0925040216	-0.1358944211	-0.1062025493	-0.1682144153	-0.1439917206	-0.0253168	-0.0109477	0.00064094036224	0.00011985213529	0.015022	-0.0207504	0.00043057910016	0.000225660484	-0.070132	-0.1082839	0.004918497424	0.01172540299921	0.00365942	-0.0002366199999999	1.33913547364e-05	5.5989024399999954e-08	0.00279606	0.00050108	7.817951523599999e-06	2.510811664000001e-07	-0.00120215	-0.0001936499999999	1.4451646225e-06	3.750032249999994e-08	0.0	0.0	0.0	0.0	0.0	0.0	0.0
52023.661371383045	38.97104880099505	1518.7426446495376	2706461342.484333	82046.94211154514	520.317762586812	6731700709.855239	270730.5740633461	50005.05630441032	26.67350217641797	2500505656.007246	711.4757183553742	56113.05362242955	51870.29326267959	1.341413	29.634678	0.1545474	0.101761	-0.2384129255	0.0170546706	-0.0933309863	0.1123987583	-0.0768096432	0.1890193883	-0.1291041122	-0.0540113682	-0.0511245762	-0.0820086891	-0.2209420923	0.1039683302	0.0862019894	0.0370655352	0.050762296	0.1129030017	0.1038358609	-0.0296584324	0.0449234443	0.0955104474	-0.1531272461	-0.0309946307	-0.0122470076	0.2346496895	0.0998413777	0.0798288835	0.0051232723	0.0717878315	0.0318323903	0.0695198725	-0.1556333006	-0.2039293645	-0.0728827398	-0.2024224651	-0.0028908694	-0.1001402352	0.0037764962	0.1105563239	-0.0276537127	-0.0884016771	0.0255870475	0.0580438022	0.0231749331	0.0628126074	0.008874705	0.0209697713	-0.0302507452	-0.1452505133	-0.0272173	-0.0019004999999999	0.00074078141929	3.611900249999998e-06	0.0353434	0.0203213999999999	0.0004129592979599	0.0012491559235599	-0.0555775	0.0145544999999999	0.00308885850625	0.0002118334702499	0.0018094	-0.00185002	3.27392836e-06	3.4225740004e-06	0.00229066	-0.0005054	5.2471232356e-06	2.554291600000001e-07	-0.00120215	0.0	1.4451646225e-06	0.0	0.0	0.0	0.0	0.0	0.0	0.0	0.0
51940.81651595277	-82.84485543027404	6863.270071263006	2697848420.343872	81785.38078477647	-261.5613267686713	6688848510.110884	68414.32766098763	50077.51465998686	72.45835557654209	2507757474.5211987	5250.213292856608	56077.54035664985	50910.553569704985	1.134418	25.06172	0.1089909799999999	0.066535	-0.1381518019	0.1732776531	0.064293191	0.1050382164	-0.046329835	0.0478473895	0.0638403065	-0.0699087599	-0.1944094401	0.0100665634	-0.1217726112	0.0796098531	-0.0953061529	0.2289146331	-0.0318972225	0.0161060632	-0.1698584398	0.0977130845	-0.1537477721	-0.0983363638	-0.1003338543	-0.0944095873	0.0320084814	-0.0539652033	0.0515150006	0.0518789594	0.1339877639	-0.009539593	-0.1245101569	-0.1086235357	-0.0492825261	-0.094197444	0.0776969404	-0.1056293962	-0.1656232199	-0.0168318605	0.1499328929	0.0564585631	-0.1451058097	0.0506314793	-0.165659655	-0.1246251895	0.0100875488	0.0803036566	0.0534252766	-0.0298392308	0.030442456	-0.1463323407	-0.00892027	0.01829703	7.957121687289998e-05	0.0003347813068208	0.0155834	-0.0197599999999999	0.0003904575999999	0.00024284235556	0.00607045	0.06164795	3.68503632025e-05	0.0038004697392025	0.00199512	0.0001857199999999	3.9805038144e-06	3.449191839999996e-08	0.00229066	0.0	5.2471232356e-06	0.0	-0.00120215	0.0	1.4451646225e-06	0.0	0.0	0.0	0.0	0.0	0.0	0.0	0.0
51934.17491339352	-6.6416025592479855	44.11088455500939	2697158523.934953	81782.26828342014	-3.112501356328721	6688339405.581307	9.687664693148127	50042.01469848472	-35.49996150213701	2504203235.083361	1260.24726665321	56017.60281202399	50899.24598177942	1.155582	25.52928	0.10173826	0.0546236	-0.1125158786	-0.1033206607	0.1088179707	0.1799364427	0.0335847759	0.0940609654	0.0565781737	0.0086570006	-0.0495439654	-0.1178442411	-0.1218213146	0.0212725439	0.0552566536	0.0718687362	-0.0793524231	0.1379166118	0.0392771968	0.0372837221	-0.018354594	0.1876768255	0.0172374423	-0.0662541295	0.104757461	-0.0609560882	0.1605354633	-0.0367665457	0.1381206445	-0.0947411827	0.1315573487	-0.0411386225	0.2259358383	-0.0851933089	0.0255083295	-0.1188089363	0.039234478	0.0288020713	0.0402287562	0.1794104903	-0.1174488337	-0.058915094	0.1138660249	-0.0214443982	0.1391081685	0.1577806101	-0.0795509602	-0.0878600893	0.0553544111	-0.1472358847	-0.00881381	0.0001064599999999	7.76832467161e-05	1.1333731599999831e-08	0.0384605	0.0228771	0.00052336170441	0.00147921006025	0.0509572	0.04488675	0.00259663623184	0.0020148203255625	0.00246362	0.0004685	6.069423504400001e-06	2.1949225000000018e-07	0.00229066	0.0	5.2471232356e-06	0.0	-0.000993291	0.0002088589999999	9.866270106810002e-07	4.3622081880999936e-08	0.0	0.0	0.0	0.0	0.0	0.0	0.0
52056.18328842649	122.00837503296498	14886.043578184632	2709846218.5582533	81945.46830919053	163.20002577039122	6715059776.41255	26634.24841145636	50077.28005913272	35.265360647994385	2507733978.1208115	1243.6456616331109	55995.24588847106	51311.572425855935	1.186487	26.212023	0.13654501	0.0660729	-0.0415271813	0.0646607105	-0.1021118455	0.0468055548	-0.1011117215	0.0136976958	-0.0398013652	-0.1591140425	-0.0144544904	0.0829338074	-0.070083839	-0.0203762343	0.0141875158	0.1285182713	0.092512572	0.0515860098	0.029377532	-0.1552970252	0.0646045682	0.1105715461	0.1013688278	-0.01264929	-0.0303055539	0.0940549153	-0.0468281304	-0.0640415353	-0.0651459014	0.0530409207	-0.1771799036	-0.0713672763	0.0289973027	-0.022608525	0.0283264753	-0.1056823767	-0.0485393653	-0.1108216932	-0.0543120766	0.0116573318	-0.0300116435	0.0526572484	-0.0612349622	0.1443948927	0.1177627444	-0.0488188985	-0.2110601521	-0.0532805044	-0.0426545643	-0.1479600444	0.00132765	0.01014146	1.7626545225000002e-06	0.0001028492109315	0.0158391	-0.0226214	0.00051172773796	0.0002508770888099	0.036153	-0.0148042	0.0013070394089999	0.00021916433764	0.00346077	0.00099715	1.1976928992900002e-05	9.943081225e-07	0.00286421	0.0005735499999999	8.2036989241e-06	3.289596025e-07	-0.00120215	-0.0002088589999999	1.4451646225e-06	4.3622081880999936e-08	0.0	0.0	0.0	0.0	0.0	0.0	0.0
52088.3292021055	32.145913679014484	1033.3597662586506	2713194039.066917	81294.6492936876	-650.8190155029297	6608820003.783662	423565.3909402026	50050.95636908673	-26.32369004598877	2505098233.460223	692.9366576372882	55949.1229531607	51099.76802054799	1.148799	25.379417	0.0765256499999999	0.0410726	-0.0208361936	0.0662613364	0.1464022037	-0.0396035388	0.0806039866	0.0433920773	0.050227484	-0.0990599586	-0.1003156506	-0.0775959638	-0.0217956528	-0.0796890408	-0.020162258	-0.1827296731	-0.1223190878	0.1729069032	-0.02867971	-0.0376266969	-0.0571632232	-0.090557764	-0.1691042008	0.0079561972	0.0402844039	0.1104705989	-0.0406440593	0.0440369613	-0.154591321	-0.064247998	-0.0194926316	-0.2381790245	0.2159411629	-0.009938428	0.0599476696	-0.0421206148	0.0771818166	0.1461374697	0.0253491354	-0.0614447431	-0.1294849927	-0.1395376333	-0.1292466915	0.0266316476	0.0134313004	-0.2015564555	0.0262935303	0.0395232139	-0.048702759	-0.1485039376	-0.0144037	-0.01573135	0.00020746657369	0.0002474753728225	0.0185193	0.0026802	7.183472040000004e-06	0.0003429644724899	0.0261034	-0.0100495999999999	0.0006813874915599	0.0001009944601599	0.00394763	0.0004868599999999	1.5583782616899996e-05	2.370326595999996e-07	0.00283678	-2.742999999999973e-05	8.0473207684e-06	7.52404899999985e-10	-0.00164915	-0.000447	2.7196957225e-06	1.998090000000001e-07	0.0	0.0	0.0	0.0	0.0	0.0	0.0
52230.43463269416	142.10543058865733	20193.953402787705	2728018301.9201374	81670.01417032878	375.36487664117885	6669991214.581704	140898.79061584742	50185.04246057819	134.08609149145923	2518538486.770036	17979.079931455974	55968.77044310501	51528.81072353848	1.167272	25.787527	0.0751879999999999	0.0417019	-0.0680613132	-0.1292836644	-0.0477567222	-0.0170862237	0.1519665251	0.1000782001	-0.0963524121	-0.0605243341	0.0857404126	-0.131223692	0.060807036	0.018512564	0.0398783211	-0.1324577829	0.0661261219	0.0579759358	0.1545578265	0.0399772146	0.0115877014	0.0178242095	-0.2349379904	0.0519196873	-0.0702254639	0.007961896	0.0208439973	-0.1923165139	-0.0896597074	-0.1627110741	-0.0928385929	-0.0233151494	-0.0178253222	0.0484278497	-0.0913975149	-0.0976299397	0.1070422161	0.0425329603	-0.1054354131	-0.0819230312	-0.0563617892	-0.0756907017	0.0396811495	-0.1341436031	0.07873432	0.0654486753	0.087058936	0.002358287	-0.0576351469	-0.1488669016	-0.014367	3.670000000000062e-05	0.0002064106889999	1.3468900000000454e-09	0.0135073	-0.0050119999999999	2.512014399999999e-05	0.00018244715329	0.0491922	0.0230888	0.00241987254084	0.00053309268544	0.00388408	-6.354999999999989e-05	1.50860774464e-05	4.038602499999986e-09	0.00311797	0.0002811899999999	9.7217369209e-06	7.906781609999986e-08	-0.00224542	-0.00059627	5.0419109764e-06	3.555379129000001e-07	0.0	0.0	0.0	0.0	0.0	0.0	0.0
52299.390162675605	68.95552998144558	4754.86511502204	2735226211.3877697	81975.31926812066	305.3050977918756	6719952969.110313	93211.20273770671	50146.55890429944	-38.48355627874844	2514677369.9423733	1480.9841038595982	56143.37400186834	52244.79875011137	1.097907	24.255116	0.0475325	0.0302058	-0.0270508932	0.0719412766	-0.0615314343	-0.1493327417	0.0329944096	0.1313745961	0.0632281212	-0.0904763398	0.0868968897	0.1764122266	0.0391274396	0.0105371974	-0.0208455913	-0.2235268109	0.0743591974	0.1584216751	-0.0451753262	0.0414762451	-0.0309680467	-0.0083206906	0.1213954202	-0.0120018213	0.0959334722	0.0686437977	-0.1608252697	0.0178182009	0.0523423558	-0.0971462704	-0.1285954607	0.1550668954	-0.0806421573	-0.0093537743	-0.0635736361	-0.0752874697	0.0132593846	0.156439861	0.0060781184	-0.1243141052	0.188268758	-0.0641239162	0.0300697173	-0.0833916866	0.1253434049	-0.0721504134	-0.1178753944	0.0189955893	-0.1833391009	-0.1490484942	-0.0165759	-0.0022089	0.00027476046081	4.879239210000006e-06	0.0129485	-0.0005587999999999	3.122574399999999e-07	0.00016766365225	0.0286364	-0.0205558	0.00082004340496	0.00042254091364	0.00425031	0.00036623	1.80651350961e-05	1.341244129000003e-07	0.00302721	-9.076000000000006e-05	9.1640003841e-06	8.23737760000001e-09	-0.00221823	2.7190000000000287e-05	4.9205443329e-06	7.392961000000155e-10	0.0	0.0	0.0	0.0	0.0	0.0	0.0
