global_signal	global_signal_derivative1	global_signal_power2	global_signal_derivative1_power2	csf	csf_derivative1	csf_derivative1_power2	csf_power2	white_matter	white_matter_derivative1	white_matter_derivative1_power2	white_matter_power2	csf_wm	tcompcor	std_dvars	dvars	framewise_displacement	rmsd	t_comp_cor_00	t_comp_cor_01	t_comp_cor_02	t_comp_cor_03	t_comp_cor_04	c_comp_cor_00	c_comp_cor_01	c_comp_cor_02	c_comp_cor_03	c_comp_cor_04	c_comp_cor_05	w_comp_cor_00	w_comp_cor_01	w_comp_cor_02	w_comp_cor_03	w_comp_cor_04	w_comp_cor_05	w_comp_cor_06	w_comp_cor_07	w_comp_cor_08	w_comp_cor_09	w_comp_cor_10	w_comp_cor_11	w_comp_cor_12	w_comp_cor_13	w_comp_cor_14	w_comp_cor_15	w_comp_cor_16	w_comp_cor_17	w_comp_cor_18	w_comp_cor_19	w_comp_cor_20	w_comp_cor_21	w_comp_cor_22	w_comp_cor_23	w_comp_cor_24	w_comp_cor_25	w_comp_cor_26	w_comp_cor_27	w_comp_cor_28	w_comp_cor_29	w_comp_cor_30	w_comp_cor_31	w_comp_cor_32	w_comp_cor_33	w_comp_cor_34	w_comp_cor_35	w_comp_cor_36	w_comp_cor_37	a_comp_cor_00	a_comp_cor_01	a_comp_cor_02	a_comp_cor_03	a_comp_cor_04	a_comp_cor_05	a_comp_cor_06	a_comp_cor_07	a_comp_cor_08	a_comp_cor_09	a_comp_cor_10	a_comp_cor_11	a_comp_cor_12	a_comp_cor_13	a_comp_cor_14	a_comp_cor_15	a_comp_cor_16	a_comp_cor_17	a_comp_cor_18	a_comp_cor_19	a_comp_cor_20	a_comp_cor_21	a_comp_cor_22	a_comp_cor_23	a_comp_cor_24	a_comp_cor_25	a_comp_cor_26	a_comp_cor_27	a_comp_cor_28	a_comp_cor_29	a_comp_cor_30	a_comp_cor_31	cosine00	cosine01	cosine02	cosine03	trans_x	trans_x_derivative1	trans_x_power2	trans_x_derivative1_power2	trans_y	trans_y_derivative1	trans_y_derivative1_power2	trans_y_power2	trans_z	trans_z_derivative1	trans_z_derivative1_power2	trans_z_power2	rot_x	rot_x_derivative1	rot_x_power2	rot_x_derivative1_power2	rot_y	rot_y_derivative1	rot_y_derivative1_power2	rot_y_power2	rot_z	rot_z_derivative1	rot_z_power2	rot_z_derivative1_power2	motion_outlier00	motion_outlier01	motion_outlier02	motion_outlier03	motion_outlier04	motion_outlier05	motion_outlier06	motion_outlier07	motion_outlier08	motion_outlier09	motion_outlier10	motion_outlier11	motion_outlier12	motion_outlier13	motion_outlier14
79180.54359384601	n/a	6269558483.816949	n/a	125004.20298815685	n/a	n/a	15626050764.70432	78177.07339415976	n/a	n/a	6111654804.4758415	85740.13220194327	73390.69124348958	n/a	n/a	n/a	n/a	-0.0219968246	-0.0271696713	-0.0914203028	-0.0520472353	0.0201289549	-0.056926147	0.0304503438	0.056898374	-0.0063570465	0.0059159711	-0.0180945149	-0.0750311539	-0.018688461	0.0855880573	-0.0276447153	0.0413246857	-0.0709972582	-0.0435167877	0.0318995878	-0.0047117883	0.039442696	-0.0092723203	0.068750912	-0.0268067788	0.1158652899	-0.0457222435	0.005354521	-0.0092960062	0.0103510017	0.1614132859	-0.207387272	-0.0233397833	0.0190144756	-0.0245985688	0.0083455211	-0.0174340563	0.0547454934	-0.0492158759	0.1270762708	-0.0169859206	0.0123533644	-0.0698368138	0.0806533109	-0.0480491148	0.0468990927	-0.0870184967	0.1340525635	-0.0014335121	-0.1153249066	-0.0037083542	-0.0824249943	-0.0627890024	0.0381586547	-0.0127984392	0.0257227313	-0.0300996208	0.0352891533	-0.0102997338	0.061609941	0.0741413172	-0.0137931847	0.0299759962	-0.009354703	0.0426288825	-0.0178821054	0.0078441854	-0.1350461035	0.0806971082	-0.0240117728	0.1463304881	0.0466210965	0.1018084815	-0.0065394324	0.0193909102	-0.1402702544	0.0139973512	-0.0879264495	0.0619718248	-0.005166867	0.0341408103	-0.0615004242	0.102594329	0.1025838106	0.1025662807	0.1025417406	-0.0165527	n/a	0.00027399187729	n/a	-0.0280155	n/a	n/a	0.0007848682402499	-0.0357699	n/a	n/a	0.00127948574601	-0.0007956989999999	n/a	6.331368986008408e-07	n/a	0.000854964	n/a	n/a	7.309634412960001e-07	-0.000621003	n/a	3.8564472600899993e-07	n/a	0.0	0.0	0.0	0.0	0.0	0.0	0.0	0.0	0.0	0.0	0.0	0.0	0.0	0.0	0.0
79141.51420777611	-39.0293860699021	6263379271.099628	1523.2929769934683	124763.1083548965	-241.09463326034893	58126.62218694215	15565833206.375645	78253.77686531881	76.70347115905315	5883.422487847699	6123653593.687105	85875.14497849921	73288.11786116024	0.970212	19.468311	0.09060168	0.0441139	0.0024815015	-0.0414586574	-0.0335604151	0.0115059194	-0.1094554481	-0.0167927069	-0.0327794797	-0.0225262506	-0.0110942454	0.0695345346	-0.063056433	-0.0196176311	0.0561005676	-0.0078672614	-0.0254042851	0.0236447455	-0.1105437626	-0.0515875289	0.0342250517	-0.1147649398	0.1499693205	-0.0126760352	0.0648860592	0.0242242324	-0.0707486125	-0.0299892967	-0.0613151118	0.0541357321	0.0157897751	0.014491163	-0.0468664956	0.0254639149	0.0680176632	0.0500545839	-0.0764226428	0.0071738277	-0.1605864355	0.0269103518	0.0946061463	0.0573251892	0.0489090014	-0.0172730412	-0.0416319898	-0.0382348704	0.0927563136	-0.0697185653	0.1044441508	0.1146305277	0.0455599991	-0.0162742714	-0.0064003149	0.0423953532	-0.0154216338	0.060647185	-0.0147490298	0.01230376	0.0724243086	0.0386940961	0.0740803978	0.0788059251	-0.0133877342	-0.0751415107	-0.1668306459	-0.0136565739	0.0456340213	-0.1205464916	-0.0390774779	-0.0747116514	0.04415387	-0.0146628192	-0.0304867382	0.0249117131	0.0186095924	-0.0073490887	-0.0600156637	-0.0617546328	-0.0946028266	0.1488855357	0.0426482195	0.0114860262	0.0171348402	0.1025662807	0.1024716367	0.1023139614	0.1020933517	-0.0115434	0.0050092999999999	0.00013325008356	2.5093086489999995e-05	-0.0266021	0.0014133999999999	1.997699559999996e-06	0.00070767172441	-0.00357802	0.03219188	0.0010363171379344	1.28022271204e-05	-0.000291465	0.0005042339999999	8.495184622499998e-08	2.542519267558992e-07	0.000362708	-0.000492256	2.423159695360001e-07	1.31557093264e-07	-0.000664255	-4.3252000000000026e-05	4.41234705025e-07	1.870735504000002e-09	0.0	0.0	0.0	0.0	0.0	0.0	0.0	0.0	0.0	0.0	0.0	0.0	0.0	0.0	0.0
79199.80495259332	58.29074481720454	6272609104.528825	3397.810931344458	125375.14923989848	612.0408850019885	374594.0449140173	15718928046.926817	78276.77459980638	22.99773448756605	528.8957915605848	6127253441.748893	85998.93368402048	73073.23543527452	1.056969	21.209179	0.06285633	0.0270697	-0.0030185535	0.0044782722	0.1114927976	-0.0438651636	-0.0124427424	0.0165659668	-0.0366282394	-0.0264892195	0.0730203901	0.0679821654	-0.0218642163	-0.0133480062	0.0091582573	-0.0090228351	-0.0383679491	-0.0260447776	-0.0224757349	0.0389446054	-0.0447631201	-0.0669618598	0.0755536346	0.0219636756	-0.0478127795	-0.0729379662	-0.0102928382	-0.0210112758	0.0482100757	-0.0600865741	-0.0747039805	0.0961980863	-0.0038014	-0.0048343937	-0.0245947076	-0.106838884	-0.0859306545	0.0189909193	-0.063284338	0.1072955365	0.0858320437	-0.0751077503	-0.0133435432	-0.0281520595	0.0095098937	-0.0295747252	0.0246764127	0.085830058	-0.0410693617	0.0133361538	0.0787317734	-0.0238229402	-0.008842749	0.0276627737	0.012179391	0.0309500391	-0.0922649487	-0.0318160806	-0.0514857787	-0.0061700451	0.0537811757	-0.0202385351	-0.0481109124	-0.074073465	0.0045835406	0.0834598849	-0.0371694883	0.0343012384	0.0564895732	0.0172582354	0.0042369233	-0.0125081459	-0.0600813689	-0.0575627333	0.1093140258	0.0053352205	-0.1486721627	-0.109911902	-0.0645262982	0.0121410924	-0.0172645639	-0.0744981727	0.0407650885	0.1025101919	0.1022474116	0.1018099433	0.1011985345	-0.0161798	-0.0046364	0.00026178592804	2.1496204960000007e-05	-0.0343647	-0.0077625999999999	6.025795875999997e-05	0.0011809326060899	-0.0155608	-0.01198278	0.0001435870165284	0.00024213849664	-0.000679429	-0.000387964	4.616237660409999e-07	1.5051606529599997e-07	0.000441973	7.926500000000002e-05	6.2829402250000044e-09	1.9534013272900002e-07	-0.000361993	0.000302262	1.3103893204900001e-07	9.136231664400001e-08	0.0	0.0	0.0	0.0	0.0	0.0	0.0	0.0	0.0	0.0	0.0	0.0	0.0	0.0	0.0
79222.5170055192	22.712052925882745	6276207200.689778	515.8373481080989	125610.80823920184	235.6589993033558	55535.16395265906	15778075146.505535	78301.31755448486	24.54295467848715	602.3566243502743	6131096330.768279	85864.8587045365	73308.52788064952	1.015523	20.37752	0.0832041999999999	0.0405943	-0.017284914	0.0111946788	0.0032969804	0.0244921706	0.121324913	-0.036911493	0.0377091073	0.0329608418	0.1138319013	-0.0734296495	0.0153503988	-0.0124784687	-0.0711874636	0.077123937	-0.0192548817	0.0329146419	0.1292883319	-0.058808691	0.0024360837	0.035288105	-0.0319373871	-0.1494765301	-0.0218285589	-0.0324262902	0.0230750406	0.0342028787	-0.0137352431	0.0118505216	0.0198777186	0.172778405	0.1084499312	-0.0702094188	-0.0162691103	0.0070169568	-0.0505979452	0.0525550747	0.003873839	-0.0322535413	0.0008833762	0.0847696973	-0.0013857659	0.1041323629	0.0659837317	-0.0595108287	0.0348977021	0.0410942444	0.0023771019	0.0856265601	0.0041084717	0.0305886175	-0.0392460474	-0.0665800302	0.0371096979	-0.0034542841	-0.0401645219	-0.0206984931	0.0227500467	-0.0306509947	-0.0172592411	-0.1304783942	-0.0560239651	0.0110285829	-0.0080702197	-0.0138058973	0.0241827064	-0.0371553136	0.1380096259	0.0857435066	-0.0045864945	-0.0045944569	-0.1269337324	0.078852806	-0.0067825939	0.0018596533	-0.0733088247	-0.079260126	0.0425639163	-0.0027817191	0.0519971728	0.0380706866	0.0615280933	0.1024260777	0.1019113804	0.1010554665	0.0998612018	-0.0129919	0.0031879	0.00016878946561	1.0162706410000005e-05	-0.0343565	8.199999999999874e-06	6.723999999999794e-11	0.0011803690922499	0.020368	0.0359288	0.0012908786694399	0.000414855424	-0.000205857	0.0004735719999999	4.2377104449e-08	2.2427043918399997e-07	0.000619318	0.0001773449999999	3.145124902499999e-08	3.83554785124e-07	-0.000592662	-0.0002306689999999	3.51248246244e-07	5.320818756099999e-08	0.0	0.0	0.0	0.0	0.0	0.0	0.0	0.0	0.0	0.0	0.0	0.0	0.0	0.0	0.0
79254.3344969647	31.81749144550122	6281249536.556769	1012.3527618845432	125355.22341510748	-255.58482409435965	65323.602307344765	15713932037.451511	78479.04043025036	177.7228757654957	31585.42057035782	6158959786.852871	86120.8805491728	73026.23488310164	1.119725	22.468449	0.1045144	0.0507238	-0.0097772007	-0.001841178	0.0197826244	-0.1633833771	-0.0630066821	0.0034689223	-0.0425032313	0.086501235	0.0216999713	0.0890929453	-0.0430296022	0.0654780169	-0.0396672997	-0.0759871959	-0.0070187799	0.0990472097	0.0046824262	-0.0517279769	0.0041172419	-0.0668487133	-0.0680689331	-0.0049549982	0.1236645851	-0.0542781375	0.0282617016	-0.0491045565	-0.0813171286	-0.1278768392	0.025965785	0.1024347184	0.0579382454	-0.021933401	0.1138121528	0.0225612325	-0.0678216878	0.0902051622	0.0131525199	-0.0148528418	-0.0243955848	-0.0739438995	-0.0601403733	-0.0300658211	0.0454399976	-0.0051876381	-0.0800782113	-0.0880593434	-0.0639896627	-0.0358821549	-0.0399963234	-0.0393750745	0.0289347025	-0.0926620789	-0.0689651	0.0718721954	-0.0033264796	-0.0352945267	-0.0253538133	-0.0319963715	-0.1438385383	0.1377270874	0.0769283337	0.0182355113	-0.0545394524	0.0423806804	0.0730082843	-0.0685990302	-0.0504476028	-0.0016186222	-0.0447117437	0.109950465	-0.0727559376	0.1172180416	-0.081861203	-0.034410455	0.010046724	-0.0577771023	0.0444508147	-0.1746410693	0.1083120907	-0.0515139884	0.0466824705	0.1023139614	0.1014639107	0.1000523871	0.0980872016	-0.0161861	-0.0031941999999999	0.0002619898332099	1.0202913639999986e-05	-0.0166835	0.0176729999999999	0.0003123349289999	0.00027833917225	-0.0254502	-0.0458182	0.00209930745124	0.00064771268004	-0.000611162	-0.0004053049999999	3.735189902439999e-07	1.6427214302499998e-07	0.000876254	0.000256936	6.601610809600002e-08	7.678210725160001e-07	-0.000498323	9.433900000000005e-05	2.48325812329e-07	8.899846921000006e-09	0.0	0.0	0.0	0.0	0.0	0.0	0.0	0.0	0.0	0.0	0.0	0.0	0.0	0.0	0.0
79410.35793570142	156.02343873672362	6306004947.476218	24343.313435232147	124784.6451346039	-570.5782805035851	325559.57418242784	15571207661.369024	78430.17469211546	-48.86573813490395	2387.860363469006	6151292302.235747	85895.7445410977	74723.3544959184	1.179579	23.669468	0.0283874	0.0168667	-0.0785082462	-0.0178696108	-0.0696001972	0.0355322916	-0.0483728248	-0.0637564724	-0.0063973415	-0.0245545805	0.0275426069	0.0725410959	-0.0679655411	0.0476368548	-0.0371584721	-0.0449265695	-0.0037980453	0.0430073692	-0.0526164137	0.0107514119	-0.0340742785	0.0348444656	0.0643640801	-0.0772984246	-0.0302537457	0.0730322058	0.0635947861	0.0677557616	0.0019864209	0.0182262225	-0.016678055	-0.0941285361	0.0434405669	-0.0449337917	0.0464168054	-0.0764534427	0.0142817679	-0.1114485044	0.0499507531	0.0388233387	0.1186255545	-0.0925013836	-0.0686620946	-0.1854704599	-0.0218220444	-0.0057137521	0.004218787	-0.0740071769	-0.1393567451	-0.0947764898	-0.0668086893	0.0114277314	0.0074602461	-0.0390606548	-0.0473394867	0.0826169159	-0.0530033517	0.0376627234	0.0637110302	-0.0090162341	0.1062727504	0.0389420446	-0.0046577013	0.0663582583	0.0006421788	0.005825309	-0.0300211316	-0.0409219559	0.0587617546	0.0248856356	0.0523963501	0.0828410958	0.0255979326	-0.0025895193	-0.0017981836	0.0369248435	0.0649364358	0.0305779535	0.0192669097	0.0579378039	0.0347798747	-0.0573760391	0.0156912692	0.1021738733	0.1009054916	0.0988031726	0.0958842909	-0.0162231	-3.700000000000231e-05	0.00026318897361	1.369000000000171e-09	-0.0164555	0.0002279999999999	5.198399999999957e-08	0.00027078348025	-0.0342965	-0.0088463	7.825702369000003e-05	0.00117624991225	-0.00092283	-0.000311668	8.516152089000001e-07	9.713694222400005e-08	0.000876254	0.0	0.0	7.678210725160001e-07	-0.000572177	-7.385400000000004e-05	3.27386519329e-07	5.454413316000006e-09	0.0	0.0	0.0	0.0	0.0	0.0	0.0	0.0	0.0	0.0	0.0	0.0	0.0	0.0	0.0
79382.94598935728	-27.41194634414569	6301652113.949215	751.4148023743222	126102.77252935908	1318.1273947551815	1737459.8288040827	15901909239.591278	78475.38303764409	45.2083455286338	2043.794505436344	6158385742.904958	86031.51539604123	74233.75620728121	1.113914	22.351841	0.06940007	0.0299998	-0.0678041839	0.0292613204	0.1165751461	0.042150882	0.0563750235	0.057739696	-0.0329388499	-0.0223098989	0.1516564691	0.009014463	-0.0285999282	0.0689890639	-0.0216227066	0.0363209071	-0.0468642624	-0.0353267864	-0.0134747796	0.1241239187	-0.0887213957	-0.0482659955	0.0574956363	-0.0260713485	0.010011364	0.0634516637	0.0157508943	0.0541361541	0.0844217328	-0.0061989388	-0.1728425088	-0.1879211296	0.0672113165	-0.0484286067	-0.0317116775	0.0394378092	0.1005026475	0.0992512519	0.0231856142	0.0866177256	-0.0342393659	0.0395612814	-0.0005323772	0.0097741183	0.0406520942	-0.0249898886	-0.067573199	0.0089673478	0.0243116305	0.0016757879	0.0341315033	0.0336880822	0.0494579796	-0.0126536878	0.0647705346	0.0194724919	-0.1458018747	0.0362875989	-0.0160161021	0.0271038627	0.0395150444	-0.0543233132	0.0718111542	0.0125192791	-0.0577074036	-0.0384119255	-0.0098082961	-0.0680936477	0.0421940006	-0.0109454009	0.0745079053	0.0214682585	0.0134073525	-0.1435445532	0.0624511354	-0.1489397411	0.0512190691	0.0131101689	0.0632311508	-0.080609775	-0.0888090307	-0.0027433666	0.054810788	0.102005852	0.1002367339	0.0973108962	0.0932621027	-0.0182022	-0.0019791	0.00033132008484	3.916836810000004e-06	-0.00460148	0.01185402	0.0001405177901604	2.11736181904e-05	-0.0195547	0.0147418	0.0002173206672399	0.00038238629209	-0.000482549	0.000440281	2.3285353740100002e-07	1.9384735896100007e-07	0.000643126	-0.0002331279999999	5.4348664383999996e-08	4.136110518760001e-07	-0.000429083	0.0001430939999999	1.8411222088900002e-07	2.0475892835999992e-08	0.0	0.0	0.0	0.0	0.0	0.0	0.0	0.0	0.0	0.0	0.0	0.0	0.0	0.0	0.0
79395.61415333068	12.668163973401532	6303663546.784563	160.48237845698853	125916.77427721936	-185.9982521397178	34595.34979903004	15855034044.38021	78281.42442757114	-193.95861007295025	37619.94242143076	6127981410.409532	85925.31640460872	75305.56358697376	1.055887	21.187477	0.10304227	0.0466113	-0.1064041557	0.0008420476	-0.0393890435	0.0145430284	0.1131000785	-0.0046561801	0.0257276747	0.0992383719	0.0347037682	-0.0416179003	-0.0532806201	-0.018077579	-0.0120544724	0.1177793713	0.0207202524	-0.0143395452	0.0608913283	-0.0105632006	0.0616457165	-0.0213861756	-0.0791293246	0.0649108882	-0.0842246516	0.1393108416	0.0903394095	0.0049398142	-0.0129991771	0.0098969808	-0.1070658322	-0.1494217464	0.0191921454	-0.0357831369	-0.0195216871	0.0620719281	-0.0525234286	0.0460107591	-0.0203271046	-0.1046726464	-0.0673407561	0.2053496035	-0.0975149256	-0.0536052463	0.0585351544	-0.0243156015	-0.049890509	0.0101494023	0.0608060937	0.0239300741	-0.0556480784	0.018949229	-0.0236719147	-0.0669446894	0.0581366462	-0.0583173656	0.0204626649	0.0082028499	0.0471969957	-0.0252062062	0.0801917056	-0.0929231832	0.0750349806	-0.1346486565	0.0685239523	-0.0361074353	0.0561130051	0.0121243678	0.0512533231	0.0362695424	0.0433798411	0.0130905951	0.0865203069	-0.0323874505	-0.0037421061	-0.0215633805	-0.0140506578	0.1008688344	0.0393999287	-0.0928359694	-0.0860578143	-0.0054399703	0.0398766105	0.1018099433	0.0994583687	0.0955792289	0.090232103	-0.0179154	0.0002868	0.00032096155716	8.225424000000016e-08	-0.0117284	-0.00712692	5.07929886864e-05	0.00013755536656	-0.0535672	-0.0340125	0.00115685015625	0.00286944491584	-0.00102895	-0.000546401	1.0587381025e-06	2.985540528010001e-07	0.00106127	0.0004181439999999	1.74844404736e-07	1.1262940129e-06	-0.000161307	0.000267776	2.6019948249e-08	7.170398617600003e-08	0.0	0.0	0.0	0.0	0.0	0.0	0.0	0.0	0.0	0.0	0.0	0.0	0.0	0.0	0.0
79259.19051195701	-136.4236413736653	6282019280.610697	18611.409925650445	125937.78628831609	21.012011096725477	441.5046103289144	15860326015.201574	78346.13579003062	64.71136245947855	4187.56043136201	6138116993.229917	86068.3907759979	74155.51800461326	1.03147	20.697519	0.1130238	0.0554881	-0.0348842421	-0.0038038019	-0.0745906785	-0.0047682023	-0.0490197177	0.0230105589	-0.0011504678	0.0536612595	-0.1057159352	-0.0168345634	-0.039808349	0.0143903754	-0.0098462459	-0.1201608981	-0.0131676604	0.0864618698	0.0486634949	-0.0880961281	0.0594335844	0.0060858181	-0.0154932635	0.0815548588	0.0167480234	-0.0913522315	-0.1265927782	0.0923325029	-0.1210240303	-0.0880001891	-0.0728719697	-0.0857288467	0.1253814701	0.0471237847	0.019004601	-0.1186725763	-0.0787749889	0.110822729	-0.0635792338	-0.0920530033	0.0422918036	0.023591558	0.020669386	0.001887346	-0.1553794591	0.0219221534	0.0079417231	-0.1301640467	0.1113839786	-0.0393717695	0.0687440829	-0.0057463623	0.0095967386	-0.0352707013	-0.0781291816	0.0217740209	0.0880662924	0.0740570743	0.0298701381	-0.0276655934	-0.0872371042	0.1173076966	0.0404565413	-0.033059968	0.046944141	0.0152429382	0.1350697782	-0.1121863812	0.113903962	-0.086583176	-0.0179450797	-0.0470189684	-0.0416159437	-0.082330396	0.0628568724	-0.0146222482	0.0285493856	0.0030725009	-0.0251107256	0.0519299844	0.051660704	-0.1589895441	0.0207109847	0.1015862008	0.0985712473	0.0936124309	0.0868075413	-0.00918082	0.00873458	8.428745587239998e-05	7.629288777640004e-05	-0.0116899	3.850000000000034e-05	1.482250000000026e-09	0.00013665376201	-0.00954523	0.04402197	0.0019379338426809	9.11114157529e-05	-0.000190657	0.000838293	3.6350091649e-08	7.027351538490001e-07	0.000942085	-0.000119185	1.4205064225000016e-08	8.875241472249999e-07	-0.000408404	-0.000247097	1.66793827216e-07	6.105692740900002e-08	0.0	0.0	0.0	0.0	0.0	0.0	0.0	0.0	0.0	0.0	0.0	0.0	0.0	0.0	0.0
79252.85247683655	-6.338035120468703	6281014625.715217	40.17068918829473	124671.28567252187	-1266.5006157942116	1604023.809807117	15542929471.239555	78175.16765917688	-170.96813085374015	29230.10176762161	6111356838.540415	85805.64680278361	73420.70017129484	1.100345	22.079561	0.1033917599999999	0.0465331	-0.0154205667	-0.0024247436	0.0026363962	0.003819985	-0.0665168642	-0.0262949014	-0.02075323	-0.0940765591	0.0109355215	0.0350460464	-0.0540565982	-0.0507283295	0.0766145646	0.015066956	0.0145436453	0.0474097771	-0.0975342456	-0.0456805664	0.0542946117	0.0695285364	0.034071252	0.1110586597	-0.0612221153	0.0332581454	0.1016864982	-0.0864402627	0.0307920636	0.0079082007	0.0194123655	0.079344532	-0.0705725325	0.026564047	0.0437884242	-0.1565968675	0.0843101861	-0.0035435004	0.082206321	0.0194959568	0.0299620721	0.0207997242	0.0648553479	0.068145565	0.0597947674	0.0127882372	0.0079654021	-0.1421555156	0.0163314248	0.0196293156	-0.1154334749	-0.0250899184	-0.0265646179	0.0735590339	-0.0120061193	0.0120158662	-0.0127965719	-0.0427836163	0.058365647	-0.0914725419	0.1595743222	0.0607034539	-0.0466114239	-0.0086713283	0.0529945171	-0.0299793071	-0.0333941475	0.0185009154	-0.1083714936	0.0056526051	-0.0121308083	0.1064668868	0.033913141	0.0354180224	-0.0464797816	0.1244894972	-0.078172664	-0.0228705497	0.0107126982	0.078169229	0.0134539114	-0.054931376	-0.1235113589	0.1013346856	0.0975763397	0.0914153405	0.0830033923	-0.00420193	0.0049788899999999	1.7656215724900005e-05	2.478934563209999e-05	-0.0326823	-0.0209923999999999	0.0004406808577599	0.0010681327332899	-0.0466862	-0.0371409699999999	0.0013794516525408	0.0021796012704399	-0.000706517	-0.00051586	4.991662712890001e-07	2.6611153960000004e-07	0.00109653	0.000154445	2.3853258025000043e-08	1.2023780409e-06	-0.000273119	0.000135285	7.4593988161e-08	1.830203122500001e-08	0.0	0.0	0.0	0.0	0.0	0.0	0.0	0.0	0.0	0.0	0.0	0.0	0.0	0.0	0.0
79230.17885837848	-22.673618458065903	6277421241.930644	514.0929739819468	125906.81253110072	1235.5268585788435	1526526.6182697057	15852525441.74174	78322.50752825558	147.33986907869985	21709.037020128413	6134415185.513652	85918.72397666097	73697.76326462418	1.021678	20.501024	0.1093122732	0.0497522	-0.0282015374	-0.0015231537	0.0758494226	0.0874574525	0.0378170254	0.0446361511	-0.0344234641	-0.0590737116	0.0810713708	-0.0363793609	-0.0034037366	-0.0001240447	-0.01904085	0.0805465407	-0.043847521	-0.0017584482	-0.0500727663	0.0261653655	-0.0023834556	-0.0411871574	0.0425279717	0.0560403144	0.0096018055	-0.0738208282	-0.014034347	-0.0208375468	0.0355315992	0.0842475677	0.0585978144	-0.0813253888	-0.1019201911	0.0501140238	0.0434977069	-0.0312644751	0.0110300522	-0.1124347842	0.0007757364	0.1240786037	-0.1439000868	0.0547727202	-0.0479644653	0.0252378331	0.0068814151	0.0565721121	-0.034362778	-0.065627877	-0.0605932165	0.074847795	0.0242147433	0.0109145459	0.0022981436	0.0046799573	0.0969617311	-0.0365988403	-0.1057789248	0.0284524892	-0.0037227669	0.062454448	0.0583709418	0.0495835002	0.0144085289	-0.0692621132	-0.0627101484	-0.0023708936	0.0258352745	-0.0892008292	-0.0472296571	0.0019487637	-0.0481256716	-0.0956318394	0.0399281354	-0.0724073955	0.0206310596	0.0425503382	0.0647949107	0.0216323486	0.0749839234	-0.0120300265	0.0816392502	-0.008669199	0.0085470673	0.1010554665	0.0964747338	0.0889933628	0.0788362905	7.12732e-05	0.0042732032	5.079869038239999e-09	1.8260265588490244e-05	-0.0145992	0.0180830999999999	0.0003269985056099	0.0002131366406399	-0.00569661	0.04098959	0.001680146488368	3.24513654921e-05	-9.10534e-05	0.0006154636	8.290721651559999e-09	3.7879544292496e-07	0.000902214	-0.000194316	3.7758707856000025e-08	8.139901017960001e-07	-0.000382667	-0.000109548	1.46434032889e-07	1.2000764304000001e-08	0.0	0.0	0.0	0.0	0.0	0.0	0.0	0.0	0.0	0.0	0.0	0.0	0.0	0.0	0.0
79317.40188811746	87.22302973897604	6291250242.281138	7607.856916846298	125252.45515276672	-654.3573783339962	428183.5785801406	15688177521.79584	78315.33938783321	-7.168140422363649	51.38223711472372	6133292383.4315	86005.54234424238	73494.8621169767	1.036398	20.796394	0.0845968932	0.0377503	-0.0290729729	0.0244982616	0.0065665288	-0.0790957581	0.0938181004	-0.0276868015	0.0119656468	0.0899204735	0.0104680285	-0.0278983993	-0.0515798047	-0.0063834881	-0.0755242325	0.0815795638	0.0035073258	0.051692357	0.0670539714	-0.0077806134	-0.0828036724	0.0127176762	0.0689150011	-0.0006356986	-0.0995389624	-0.1246374941	0.0126220192	0.0458488286	0.0440562254	0.0817786772	-0.009596648	-0.0105254883	-0.0037333781	0.0592565759	-0.0593588234	-0.0457976833	-0.1179703876	0.0339011748	-0.0421634633	-0.0078342911	-0.0083946839	-0.0466640983	-0.0310073179	0.0665018558	-0.0206864516	-0.06332781	0.0962230057	-0.0982521389	-0.0466998568	0.0447397225	-0.0330667647	-0.0103053184	-0.0239472836	-0.1013965726	0.0106792023	-0.0280569916	-0.0387778391	-0.024163228	-0.0607645396	-0.0697437063	0.0665236372	-0.0268718736	-0.0590796797	-0.0268442703	-0.0089235754	0.0380276469	0.0013342025	-0.0047181231	0.0504581502	0.0955630869	-0.149605229	-0.083821864	-0.0553127836	0.0352661967	-0.0030160304	0.0681390681	-0.063679923	0.0170220339	-0.0913162702	-0.0509588447	-0.0978156637	0.0068625536	0.0002916315	0.1007486199	0.0952676342	0.0863524559	0.0743244578	-0.0172689	-0.0173401732	0.00029821490721	0.0003006816066059	-0.0145715	2.770000000000029e-05	7.672900000000163e-10	0.0002123286122499	-0.0348197	-0.02912309	0.0008481543711481	0.00121241150809	-0.000504142	-0.0004130886	2.54159156164e-07	1.7064219144995997e-07	0.00115021	0.000247996	6.1502016016e-08	1.3229830441e-06	-0.000281633	0.000101034	7.9317146689e-08	1.0207869156000004e-08	0.0	0.0	0.0	0.0	0.0	0.0	0.0	0.0	0.0	0.0	0.0	0.0	0.0	0.0	0.0
79320.07152098665	2.6696328691905364	6291673746.094437	7.126939656262496	125690.92239749205	438.46724472532514	192253.52469701815	15798207973.132368	78313.50208821146	-1.8372996217512991	3.375669900087467	6133004609.320301	85937.63170381433	74077.05952682422	1.04626	20.994299	0.06981576	0.0391952	-0.0397904723	0.0136310649	-0.1092314098	-0.0093873582	-0.0249549988	-0.0176590286	0.0373297899	0.0477539886	-0.0855882352	0.0147785484	-0.0309513991	0.0042391176	-0.0595638133	0.0305593608	0.106004896	0.056696581	0.0222737952	-0.0818216119	0.058578332	-0.030569235	0.0213348759	-0.0040980808	-0.0273764713	0.0789507378	-0.0742346786	0.058546824	0.1193439855	-0.0752242723	0.0267094456	-0.0829201369	0.0123420599	-0.0245129296	0.0418656401	-0.1031361721	0.0196506275	0.0011413967	0.0860254545	-0.0180088909	0.0113249743	-0.0066392146	-0.0120205922	0.104121538	-0.0520591874	-0.0196416425	-0.0096068188	-0.0008128231	-0.0816617874	-0.0056732269	0.0940302309	0.0361601797	-0.0213645665	-0.0600949569	-0.0606396849	-0.0339822891	0.07887767	0.0205525334	0.0234346335	0.0456437283	-0.0301841568	0.0574278834	0.029978529	-0.0498507562	-0.0697538825	-0.0328869587	0.0236766201	-0.0793898782	0.104421915	-0.0255091984	0.1481300235	-0.0400346568	0.0274828533	-0.0959398146	0.025440357	0.1014574604	-0.0085811837	0.0068559161	-0.0026552511	-0.0401499511	0.0022128933	0.0237312301	-0.1127408748	0.1004142296	0.0939563609	0.0834991166	0.0694876231	0.00267587	0.01994477	7.1602802569e-06	0.0003977938503529	-0.0146017	-3.020000000000106e-05	9.12040000000064e-10	0.00021320964289	-0.00432361	0.03049609	0.0009300115052881	1.86936034321e-05	-0.000570249	-6.610700000000004e-05	3.25183922001e-07	4.3701354490000046e-09	0.0008980499999999	-0.0002521600000001	6.358466560005046e-08	8.064938024998204e-07	-0.00035026	-6.862700000000003e-05	1.2268206760000001e-07	4.709665129000005e-09	0.0	0.0	0.0	0.0	0.0	0.0	0.0	0.0	0.0	0.0	0.0	0.0	0.0	0.0	0.0
79275.4262947554	-44.64522623125231	6284593214.215195	1993.1962252396995	125919.78120023884	228.8588027467922	52376.351594695145	15855791297.516022	78322.10200434529	8.5999161338259	73.95855750883902	6134351662.379068	86185.82920332195	74171.86530666114	1.083314	21.73781	0.06063673	0.0306896	-0.0268714387	-0.0198539788	0.0641680276	-0.0389340555	-0.1269094678	0.07004315	-0.0645783741	-0.0363335612	0.0119965543	0.071811838	-0.0924279176	0.0226610017	-0.0016517576	-0.1065738717	-0.0209649205	0.0835592314	-0.1493686503	0.0718800149	-0.22949286	0.0642235934	0.1470576511	-0.0115861178	-0.0174604754	-0.0079572354	0.0275346792	-0.0604742848	0.0034637936	0.0377394292	0.0809935702	0.029414319	-0.0311266216	-0.0041781063	-0.0363029351	0.0910826453	0.1436354138	0.0272130733	-0.0081473833	0.0454647698	-0.0991502296	0.010624501	0.1091528886	0.1966213201	-0.0763231127	0.0420348503	0.0347772124	0.0685589783	-0.0509387683	-0.1324487584	0.0178937253	-0.0826319727	0.0516606678	0.0550727932	-0.0690761092	0.0350672374	-0.0748509183	0.018443699	-0.0773839281	-0.0823294432	0.0686879129	0.0983941928	0.0360176643	0.1124102792	-0.018097452	-0.1246665032	-0.219296069	-0.0206278843	0.0226926094	0.0838715591	-0.1157628649	0.0034004937	0.0038648353	-0.0641850948	0.0236999806	-0.0200666274	0.0827493229	-0.0049116185	-0.0513766996	-0.0229217967	0.0207899213	0.1183120031	-0.045412718	0.1000523871	0.0925423476	0.0804403643	0.0643469367	-0.0083178699999999	-0.0109937399999999	6.918696133689832e-05	0.0001208623191875	-0.0171337	-0.002532	6.411024000000007e-06	0.00029356367569	-0.0294689	-0.02514529	0.0006322856091841	0.0008684160672099	-0.000494234	7.601500000000002e-05	2.44267246756e-07	5.778280225000003e-09	0.000742885	-0.0001551649999999	2.4076177224968973e-08	5.51878123225e-07	-0.000142126	0.000208134	2.0199799876e-08	4.3319761956000024e-08	0.0	0.0	0.0	0.0	0.0	0.0	0.0	0.0	0.0	0.0	0.0	0.0	0.0	0.0	0.0
79178.09908443746	-97.32721031793336	6269171374.624996	9472.585868271231	125512.36005921576	-407.42114102307823	165991.986152547	15753352527.63422	78442.64513913904	120.5431347937556	14530.647345905532	6153248576.424894	86048.59389771534	73372.07113003299	1.064463	21.359549	0.04530052	0.0290607	-0.0040754877	0.0072003859	0.0365785824	0.0908764687	0.0104489536	0.0119098414	-0.0163847523	-0.1006814657	0.0045845024	-0.0524759171	-0.0238788957	0.052713131	-0.0599876992	-0.0113912309	-0.0435078184	-0.0632021227	-0.0047237393	-0.0146982908	-0.0241875341	-0.0618240249	0.0540726934	-0.0368923092	0.0794317634	0.0518236097	0.0743951742	0.0291978626	0.1253132866	0.0895980925	-0.0942050191	0.0248987095	0.0204506765	-0.0647461249	0.0731802898	0.0271674589	0.1140902905	-0.0413140051	0.1612381044	0.0343040267	-0.0149529902	0.0692163402	0.1487748339	0.0283627041	-0.0973578208	-0.0342820949	0.018053063	-0.0090962075	-0.0102803949	0.01859639	-0.0475746923	0.0216845573	0.0390343088	0.0236489453	0.0115658063	-0.0174188633	-0.0863412298	0.0882210542	0.0109943043	0.0484392884	0.0049231503	-0.0250623199	0.0046445482	-0.0328324109	-0.0376896189	0.0142220523	-0.0380942497	0.0103634345	0.021200623	0.0416428333	0.1256543372	-0.000150162	-0.129276762	-0.0150229796	0.1391925374	0.0047887733	0.0568534741	0.0845565002	0.0381969368	-0.0015711906	0.0260350839	0.0529600462	0.0087401099	0.0996631912	0.0910271406	0.0771837238	0.0589248775	0.00085965	0.0091775199999999	7.389981225e-07	8.422687335039815e-05	-0.0169151	0.0002186	4.778596000000123e-08	0.0002861206080099	-0.00432875	0.02514015	0.0006320271420225	1.87380765625e-05	-0.000606387	-0.000112153	3.67705193769e-07	1.2578295409000008e-08	0.0008325319999999	8.964699999990003e-05	8.036584608982076e-09	6.931095310238335e-07	-0.000155611	-1.348500000000001e-05	2.4214783321e-08	1.8184522500000026e-10	0.0	0.0	0.0	0.0	0.0	0.0	0.0	0.0	0.0	0.0	0.0	0.0	0.0	0.0	0.0
79175.41870756644	-2.680376871023327	6268746927.518461	7.184420170716802	126146.39231687898	634.032257663217	401996.903757516	15912912294.563944	78436.69233778368	-5.9528013553645	35.435843976429425	6152314704.892133	86116.78837480304	73061.15350149422	1.075865	21.588354	0.068479684	0.0455683	0.0033412906	0.0028982335	0.0872652509	-0.0710968474	0.0646688292	0.0540483454	-0.0219084194	0.0840748712	0.0531751066	-0.0415753096	-0.0497509962	0.0576915924	-0.0605945805	0.0050655087	-0.0400308494	-0.0147390215	0.0377932981	0.0148412809	-0.0424910466	-0.0282928182	-0.0153787938	-0.0418910968	-0.0266051697	0.0049557337	-0.0473620255	0.0629148307	-0.0954347402	0.001679864	-0.033055937	-0.0541154487	0.0108707709	0.0592832451	-0.0341139348	0.0414001604	0.0689905631	-0.1610614022	0.045376719	-0.0013506236	0.0350403776	-0.0266997463	-0.0278205281	-0.0044644233	-0.0417336532	-0.1466249594	0.0743706734	-0.0402444482	0.0648174155	-0.0422345722	0.0318253559	-0.0186082726	0.0418167426	-0.0442661515	0.017347105	-0.0338864666	-0.0914391609	0.0432936726	-0.0795620859	-0.0210538831	-0.0881525761	-0.0640424876	-0.0523346684	-0.0131681031	0.0198803935	-0.0776233312	0.0227271581	-0.0369865229	0.0068094626	-0.0539652946	-0.030467192	0.0732056866	-0.0228132183	-0.0291529075	0.003654816	-0.0038956398	-0.0162665896	0.1587829443	0.0136318694	0.1061055298	-0.0147917999	-0.004433107	0.1305094753	0.0992467484	0.0894123968	0.0737372065	0.0532451548	-0.000149639	-0.001009289	2.2391830321e-08	1.018664285521e-06	-0.0145844	0.0023306999999999	5.432162489999991e-06	0.00021270472336	-0.0380619	-0.03373315	0.0011379254089225	0.00144870823161	-0.000183439	0.000422948	3.3649866721e-08	1.7888501070400007e-07	0.000732248	-0.0001002839999999	1.0056880655979945e-08	5.36187133504e-07	-5.07121e-05	0.0001048989	2.5717170864099997e-09	1.100377922121e-08	0.0	0.0	0.0	0.0	0.0	0.0	0.0	0.0	0.0	0.0	0.0	0.0	0.0	0.0	0.0
79142.81997517803	-32.59873238840373	6263585953.623439	1062.6773533307626	125244.76808817674	-901.6242287022324	812926.2497828954	15686251933.461176	78262.37856009096	-174.31377769271785	30385.293093506258	6124999897.882985	85904.36104500394	73614.04773333967	1.10648	22.202667	0.071588859	0.0361591	-0.0058719562	0.0090170267	-0.073686398	-0.035591103	0.0298919832	-0.0378792681	0.0272851659	0.0548807445	-0.030242593	-0.0592542844	-0.0308903235	-0.0274395078	-0.1194428617	0.0044759493	0.0721682842	-0.0318962757	-6.6045e-06	-0.0396472483	0.0423582772	0.0269940367	0.0266862198	-0.0068451657	-0.0484357023	0.0048847462	0.1058352407	-0.0615535134	0.0297243581	0.1025798734	0.0915323226	0.0156924026	0.0770135828	-0.0978598858	-0.0103834707	-0.0155095388	-0.0081747314	-0.0442324455	0.0699656136	-0.0302169705	0.0476052044	-0.0696426129	-0.0156158467	0.0139086281	-0.0728720289	0.0221671188	-0.0175825574	0.0649524423	0.0471455761	-0.0473914175	0.0263799264	0.0412436416	-0.042970394	-0.0620348366	-0.029609963	-0.0923140059	0.0225305821	0.0304644131	0.0008256286	0.0485182051	0.0466040143	0.0268118848	-0.01701727	0.0238638599	0.0450396323	0.018292845	-0.0438797514	0.0541182283	0.0433349931	0.1587039836	-0.0245997442	0.0086869949	0.0603225263	0.0505971443	0.0572519989	0.0196412205	0.0733159798	0.0112542498	0.114185779	0.0717752657	0.0628210753	0.0393246191	-0.1521687608	0.0988031726	0.0876998819	0.0701092912	0.0473326046	0.00848099	0.008630629	7.192719138010002e-05	7.448775693564102e-05	-0.0324232	-0.0178388	0.0003182227854399	0.00105126389824	-0.0473285	-0.0092666	8.586987555999999e-05	0.00223998691225	-0.000756285	-0.000572846	5.719670012249999e-07	3.28152539716e-07	0.000732248	0.0	0.0	5.36187133504e-07	9.34985e-05	0.0001442106	8.741969502249999e-09	2.079669715236e-08	0.0	0.0	0.0	0.0	0.0	0.0	0.0	0.0	0.0	0.0	0.0	0.0	0.0	0.0	0.0
79209.72150410937	66.90152893133927	6274179980.758567	4475.814573350825	125198.34602657246	-46.42206160428759	2155.0078035922725	15674625847.789371	78258.79359633915	-3.5849637518113013	12.851965101800962	6124438775.154413	85970.81928505778	73464.03236297345	1.028725	20.642431	0.10132156	0.0471775	0.0203751523	-0.0204167196	-0.064893432	0.0009336315	-0.0868905436	-0.0085777671	0.000592443	-0.0003105091	-0.0569567027	0.058987189	-0.0489373805	-0.0186918848	-0.0249894935	0.0126816542	-0.0363566408	-0.0200184135	0.04558229	0.0148639496	-0.0668246966	0.0070652839	-0.0432598824	0.0568583291	0.0334849524	0.0416155837	-0.0139966147	-0.1431455329	-0.0346169858	0.1451987055	-0.0319286604	-0.0748593057	0.0874003675	-0.0444501943	-0.043038896	-0.0220726132	-0.1052962699	-0.1074614995	-0.0792753206	-0.1143877617	-0.1979006149	-0.1502231392	-0.0557305222	0.1026523235	-0.1306198223	0.0452476731	0.0119441675	0.0922727733	0.0622178504	0.0073923976	0.0138851908	-0.0061436323	-0.0191776001	-0.0074009345	-0.0512320465	0.0165252652	0.0268376266	0.030770281	0.0297785226	0.0527583086	-0.0285093753	-0.024714371	0.0977386659	-0.0242473848	-0.0702549992	-0.0459610028	-0.0079491268	0.0191455357	0.0298160745	0.0559351033	-0.1462239645	-0.0920935013	-0.0630300558	0.0254474832	-0.0790669091	0.0297350524	0.1569950238	0.1399095718	0.0722270655	0.0305447083	-0.1417880723	-0.1645435612	-0.0928349714	0.0983325849	0.0858914684	0.0663089027	0.041213081	0.0185711	0.01009011	0.00034488575521	0.000101810319812	-0.032441	-1.7799999999998373e-05	3.1683999999994206e-10	0.0010524184809999	-0.0205828	0.0267457	0.00071533246849	0.0004236516558399	-7.63776e-05	0.0006799074	5.833537781760001e-09	4.622740725747601e-07	0.000236301	-0.000495947	2.459634268090001e-07	5.5838162601000004e-08	-2.00061e-05	-0.0001135046	4.0024403721e-10	1.288329422116e-08	0.0	0.0	0.0	0.0	0.0	0.0	0.0	0.0	0.0	0.0	0.0	0.0	0.0	0.0	0.0
79154.81774049751	-54.903763611859176	6265485171.53138	3014.423258746912	125029.95808245422	-168.3879441182362	28354.499724366236	15632490418.10026	78181.26249831142	-77.53109802772815	6011.071161385192	6112309805.829876	85992.73482471114	73306.81634235838	1.067954	21.429604	0.097671705	0.0430616	0.0065043257	0.0021269945	0.0704257617	-0.0633981289	-0.0827945679	0.0167797421	-0.0620296316	-0.0450159435	0.0074709617	0.0911219668	-0.0588439789	-0.0410035393	-0.0327337661	-0.1782902579	-0.0625311065	0.0136692034	-0.096647149	-0.0835961076	0.0335823462	0.0874867363	-0.1003434525	0.0327262954	-0.0780303151	-0.0829452597	-0.022870262	0.023406868	-0.0441306831	0.0727126365	-0.0448149774	0.0034740137	-0.0026410184	-0.0489703143	-0.0705831904	-0.0668792066	0.0298722603	0.0823020998	-0.0739228471	-0.0692011317	0.0147087139	-0.0703976494	0.0097372048	-0.0665693416	0.0868317518	0.0502640159	0.0750501966	0.0199275747	-0.0872034691	0.051955031	0.094117904	-0.0701821843	-0.0111631985	0.0572574732	-0.1003253158	0.0513124129	-0.0346856662	0.0144557822	0.0270119141	-0.0100650836	0.0024671622	0.0841597652	-0.1155539022	0.023832705	0.1369874992	-0.0368790994	0.0058858634	0.0897506929	0.0178142014	-0.0048030808	-0.1072527094	-0.051559229	-0.004308362	-0.0244349254	-0.010321243	0.0284899876	-0.0791961031	-0.0236022215	0.0650266724	-0.000874679	0.0532884478	-0.0555796521	-0.0055047931	0.0978351141	0.0839891338	0.0623453902	0.034913343	-0.00224058	-0.02081168	5.020198736399999e-06	0.0004331260244223	-0.0155195	0.0169215	0.0002863371622499	0.00024085488025	-0.0547912	-0.0342084	0.00117021463056	0.0030020755974399	-0.000285617	-0.0002092393999999	8.1577070689e-08	4.378112651235999e-08	0.000376873	0.000140572	1.9760487184e-08	1.4203325812900004e-07	0.000144785	0.0001647911	2.0962696225000002e-08	2.715610663921e-08	0.0	0.0	0.0	0.0	0.0	0.0	0.0	0.0	0.0	0.0	0.0	0.0	0.0	0.0	0.0
79129.76097032258	-25.05677017493872	6261519071.220386	627.8417315996985	125545.62086982484	515.6627873706166	265908.1102788337	15761702919.589798	78212.2599963977	30.9974980862753	960.8448876086408	6117157613.744111	85886.34332490808	73558.44298372023	1.063645	21.343132	0.06984221	0.0359168	-0.007401867	0.0119811556	0.0412296098	0.1187564121	0.0948477099	0.0026375166	0.0041549325	-0.096906538	0.0705239884	-0.0331509909	0.0259122539	-0.0459489001	-0.0188952619	0.0755747633	0.0304297171	-0.033806477	-0.0077415895	0.0680151164	-0.1074306839	-0.0506746928	-0.0107167454	0.0744045807	-0.0943518772	-0.0544144094	-0.0436317501	-0.1187213225	-0.008290283	-0.0159718324	-0.1393422444	-0.0370151968	0.0080874982	0.0981086935	-0.043132866	0.1634884465	-0.0754895515	-0.0275271452	0.0641666758	0.0744548939	0.0699092582	0.0425248029	0.0315062424	0.0725063688	0.0353415028	0.1345399467	-0.005026183	0.1298273986	0.015639338	0.1332097196	-0.0926403148	0.0246814165	-0.0292859216	0.0342361285	0.0669731051	-0.0604010951	-0.0832675215	-0.0286490343	-0.0769130497	0.0477194439	0.050391801	-0.0504225888	0.0093983087	-0.0965781894	-0.0874026903	-0.031926471	-0.0109421369	0.0593757138	0.0019659452	-0.0195444836	-0.0910733721	-0.0119119786	0.079506845	-0.0512569944	0.1414050575	0.0146314642	0.0638386082	0.0086323406	0.0053596479	-0.0549097973	-0.1412918396	-0.0883143524	0.0457366182	0.0973108962	0.0819949584	0.0582285042	0.0284609379	0.00791173	0.01015231	6.25954715929e-05	0.0001030693983361	-0.0155258	-6.299999999999015e-06	3.968999999998759e-11	0.0002410504656399	-0.0202318	0.0345594	0.0011943521283599	0.00040932573124	-2.3944e-06	0.0002832226	5.73315136e-12	8.021504115076e-08	0.000333711	-4.316200000000002e-05	1.862958244000001e-09	1.11363031521e-07	-3.13144e-05	-0.0001760994	9.8059164736e-10	3.101099868036e-08	0.0	0.0	0.0	0.0	0.0	0.0	0.0	0.0	0.0	0.0	0.0	0.0	0.0	0.0	0.0
79026.25242802376	-103.50854229881952	6245148572.817731	10714.01832882651	126148.02175806132	602.4008882364869	362886.8301481084	15913323393.472313	78337.50274957223	125.2427531745343	15685.747222737322	6136764337.039237	86152.14489479385	72385.09775768379	1.330367	26.695196	0.060984485	0.0449031	0.042951847	0.039981947	0.1205556525	-0.1515835927	0.0607984414	0.0561932929	-0.0354893462	0.1122684727	0.0101799057	-0.007236236	-0.0433513047	0.0100466209	-0.0507352651	-0.1195395738	-0.0208043483	0.0542331841	-0.1019825909	-0.0563457459	-0.0897969623	-0.0791298056	-0.1048658264	0.0486492337	0.1485843132	-0.087243711	-0.0452087324	0.0060964481	-0.0928201468	-0.0258291883	0.093584321	-0.0319490986	0.0865122104	0.0551712241	-0.0388882309	0.1010430238	0.0561013932	0.0042213248	0.2149192808	-0.0273142979	-0.0098202809	-0.0021984045	-0.0410480721	0.0236450011	-0.0380198472	0.0883340344	-0.1180797215	0.0149217552	-0.1367466907	0.0123526748	-0.0795727948	-0.0416367128	0.0270274419	-0.010523323	-0.0398532762	0.0386005518	-0.0519687319	-0.0486362194	-0.0719347412	0.0452088489	-0.22911552	0.1676628339	0.0196617765	-0.0244802171	0.0103800946	-0.0889557229	0.0342495382	-0.0361052687	-0.0329406563	0.0416214241	-0.1054095269	-0.069459183	-0.03212484	0.0282491573	0.060763531	-0.0831611166	0.0478661713	0.1893338744	0.1294530206	-0.0233097677	0.0806600533	0.0632496285	0.101572389	0.0967600744	0.0799111227	0.0539683725	0.0218840804	0.0087669099999999	0.0008551799999998	7.685871094809826e-05	7.313328323998289e-07	-0.0155036	2.22e-05	4.928399999999998e-10	0.0002403616129599	0.0240012	0.044233	0.001956558289	0.00057605760144	7.89703e-05	8.136470000000001e-05	6.2363082820900006e-09	6.620214406090002e-09	0.000317807	-1.5904000000000016e-05	2.5293721600000047e-10	1.01001289249e-07	0.000188899	0.0002202134	3.5682832201e-08	4.849394153956e-08	0.0	0.0	0.0	0.0	0.0	0.0	0.0	0.0	0.0	0.0	0.0	0.0	0.0	0.0	0.0
79330.70736896107	304.45494093731395	6293361131.659734	92692.81106114332	125515.83430782246	-632.1874502388673	399660.97223952034	15754224661.98874	78327.97623041246	-9.526519159771851	90.75456730150016	6135271860.352059	86136.22924517463	72585.61484770243	1.636623	32.840527	0.087817155	0.0469291	0.0656802236	0.1110614129	-0.1117974926	-0.0958147931	0.0647092769	-0.1238319962	0.1656341803	0.0675419648	-0.0954471816	-0.0108003829	0.1135794711	0.0131863173	0.0322271651	-0.027130784	0.0678448425	0.0465278606	0.0024062527	-0.1163848641	-0.1174973178	0.0964837208	0.0400604499	-0.0074294335	0.012670521	-0.0248716129	-0.2076347578	-0.0181314796	0.042366642	-0.0416670968	0.0379688922	-0.0259912666	0.0547550264	0.1102693211	-0.1087692999	-0.0118361824	-0.0732491728	-0.0737098826	0.024780595	-0.1421546602	0.0608882103	-0.0079395492	-0.0082781851	-0.2178845751	0.0865302563	-0.0730850167	-0.0408977927	0.0833678984	0.0323822676	0.0125710664	-0.0133454824	0.0423371972	-0.0214797411	-0.0352974883	-0.1186784981	0.028268812	0.090819185	-0.183883848	-0.0854561648	-0.131529056	-0.075483216	0.0026440096	-0.2401522298	0.042949297	-0.1931390352	0.0855256358	-0.0812500594	0.0210682758	0.0379707577	-0.0372845473	0.0985864528	-0.1101551623	0.1121982426	0.017255161	0.0073708096	-0.0244782075	-0.0394556907	0.0826767425	-0.189380346	-0.0038176425	-0.0659637451	-0.1194586995	-0.0408733073	0.0961827994	0.0777399053	0.0495754752	0.0152115293	0.0156082	0.00684129	0.0002436159072399	4.680324886410135e-05	-0.0454116	-0.029908	0.000894488464	0.00206221341456	0.0271065	0.0031052999999999	9.64288808999999e-06	0.00073476234225	-0.000458444	-0.0005374143	2.1017090113600005e-07	2.8881412984449005e-07	0.000732248	0.000414441	1.7176134248100004e-07	5.36187133504e-07	0.000181503	-7.396000000000008e-06	3.2943339008999995e-08	5.4700816000000124e-11	1.0	0.0	0.0	0.0	0.0	0.0	0.0	0.0	0.0	0.0	0.0	0.0	0.0	0.0	0.0
80094.0373274236	763.3299584625347	6415054815.406726	582672.625486415	130611.3479423766	5095.51363455414	25964259.199927136	17059324211.324564	78885.5200153098	557.5437848973379	310855.072077649	6222925268.085843	86597.57071953782	76995.87867516752	2.798695	56.158707	0.7398935999999998	0.35674	-0.0696432783	0.2344011187	-0.1296331325	0.4261788808	0.0039062407	0.1327583114	0.5060370231	-0.1535004522	-0.0038312573	0.0097767334	0.0998927704	0.2694984339	0.2002649199	0.1281673727	0.1570708981	-0.3628524209	-0.0313975013	-0.2242424652	-0.0445461419	-0.0947278809	-0.1685297051	-0.0209739954	0.0760893626	0.1323524373	0.0606209826	0.0928591957	-0.1016670291	0.1572093439	0.0090977255	0.003310932	0.0171621255	-0.0799332433	-0.0588245086	-0.0098833831	-0.0350308982	0.0287301856	-0.1695982954	0.1426758174	-0.0094373611	0.0100285837	-0.0087840955	-0.0818088422	0.0605585945	0.0943284041	-0.0207420783	0.124298408	-0.091397068	0.0069726865	-0.0093817342	0.3636241325	0.2775359314	0.1015223774	0.023571134	-0.1883064816	0.0577555908	-0.0987811028	0.5477965261	0.0558000363	-0.1014784299	-0.1117613473	0.008411606	-0.0778526627	0.0299689713	-0.0460226161	-0.0991982731	-0.0095441448	-0.0968376276	0.0924569785	0.0275242207	-0.0390407613	0.0083582059	-0.0215658504	-0.0454357079	-0.0485510294	0.0744640898	-0.1301516637	-0.1515209797	0.009407752	0.0387400572	0.0248437919	0.0134586101	0.0955792289	0.0754836805	0.0450606192	0.0084724621	0.116204	0.1005958	0.013503369616	0.01011951497764	-0.277393	-0.2319814	0.05381536994596	0.076946876449	0.140815	0.1137084999999999	0.0129296229722499	0.019828864225	-0.00403537	-0.003576926	1.62842110369e-05	1.2794399609476e-05	-0.000701629	-0.001433877	2.056003251129e-06	4.92283253641e-07	-0.000679852	-0.000861355	4.62198741904e-07	7.419324360249999e-07	0.0	1.0	0.0	0.0	0.0	0.0	0.0	0.0	0.0	0.0	0.0	0.0	0.0	0.0	0.0
80602.76223237383	508.724904950228	6496805279.488589	258801.02891661844	131524.08570113455	912.737758757954	833090.216262493	17298585119.519386	79152.2241084294	266.7040931195952	71131.07328674571	6265074581.311031	88254.51493073792	80155.4667908123	3.718771	74.620987	1.1199215000000002	0.721241	-0.2750860162	-0.3087180875	0.0636525253	-0.1177343478	-0.0811439359	0.4362357878	-0.0202304898	0.2834893382	-0.1740784666	0.1743449572	0.3370974879	0.3563273355	0.1075179296	-0.0067451061	-0.3634563945	0.0693122395	0.1387391614	0.122148466	0.2604463175	0.0303535663	-0.0751613284	0.0110012008	0.0415785039	0.1501817008	-0.0955559444	0.112049974	-0.006196483	-0.1371547076	0.1541560913	0.0437012927	-0.1074972596	0.028865163	-0.1079984174	-0.1179427283	0.0920259865	-0.0353005285	0.0872149313	0.0641875809	-0.0872503015	-0.0734243014	0.0877490551	0.0724646524	0.0229436831	0.1153189832	-0.0789820924	0.1151386636	0.0478321243	0.1115384816	0.1358037498	-0.3378813969	0.4744921035	-0.2244131662	0.2699603857	0.1641626748	0.3128542907	0.1100274208	-0.0109576673	0.0814525406	-0.1350380246	-0.0811271914	-0.0363336197	0.0049135024	0.2767807182	0.1126695699	-0.2935288941	0.0322798335	-0.0667447189	-0.0885275915	0.0055310331	-0.089331738	0.0533252152	-0.0422802298	-0.0344649213	0.0440564282	-0.0124691117	-0.0100122159	-0.035808611	0.015245732	-0.048256024	0.0120656595	0.0031157357	0.0949495281	0.0731449155	0.0404349114	0.0016963469	-0.0442588	-0.1604628	0.00195884137744	0.02574831018384	-0.0997853	0.1776077	0.03154449509929	0.0099571060960899	-0.494492	-0.635307	0.4036149842489999	0.2445223380639999	-0.00159382	0.00244155	2.5402621924e-06	5.961166402499999e-06	-0.000348297	0.0003533319999999	1.2484350222399998e-07	1.2131080020900004e-07	-0.000543854	0.000135998	2.95777173316e-07	1.8495456004000005e-08	0.0	0.0	1.0	0.0	0.0	0.0	0.0	0.0	0.0	0.0	0.0	0.0	0.0	0.0	0.0
79800.26406641406	-802.4981659597688	6368082145.069416	644003.3063687927	125133.4791500796	-6390.606551054952	40839852.09038647	15658387604.203403	78769.03474536203	-383.1893630673585	146834.08796796788	6204560834.716051	86101.88172761293	76910.18277435158	2.413361	48.426598	0.50345193	0.356568	-0.1676816664	-0.0842461281	-0.0716434802	-0.0298457772	0.0688578391	-0.0526101056	-0.0694160491	0.084950132	0.1456099229	-0.0968223432	-0.0644167124	0.2094375116	-0.0968041115	-0.0154396928	-0.0441589313	0.0846651275	0.0998405563	0.1286133764	0.1737447774	0.1234834593	-0.058948695	-0.0679618579	-0.0601786554	-0.0429428938	0.0718070447	-0.1331995477	-0.0346855876	0.1394458355	-0.0855958286	0.036586924	-0.0636027115	0.0917540526	0.0803787366	0.0889210104	-0.0492853685	-0.0363895232	-0.149212795	-0.0001615099	0.0741746483	0.0498135581	0.0520027996	0.0568426323	-0.0116924088	-0.0573080838	0.0095092143	-0.0586394678	0.0409545124	-0.0272800382	0.1673861481	0.0481040216	0.0872188419	-0.1683302366	-0.0208198809	0.1096091607	-0.0903319237	0.1403219209	-0.0374486936	-0.0974720076	0.1316712888	-0.1422119306	-0.0857575326	0.1792479524	0.0081847895	-0.0281804208	0.2793788192	0.2101374442	-0.1937911654	-0.100895256	-0.0175196664	0.0022598192	0.0251718955	0.0697061983	-0.0475116305	-0.0565646229	0.0649095582	-0.1786920781	-0.0581657303	0.0862671029	-0.0175183183	-0.0587965299	0.024451302	0.094293869	0.0707261675	0.0357097311	-0.0050871859	-0.0267357	0.0175231	0.00071479765449	0.0003070590336099	-0.00876117	0.09102413	0.0082853922422569	7.675809976890001e-05	-0.146308	0.348184	0.1212320978559999	0.021406030864	-0.00123666	0.0003571599999999	1.5293279556000002e-06	1.2756326559999986e-07	7.712799999999998e-05	0.000425425	1.80986430625e-07	5.948728383999998e-09	-0.000392025	0.0001518289999999	1.53683600625e-07	2.3052045240999996e-08	0.0	0.0	0.0	1.0	0.0	0.0	0.0	0.0	0.0	0.0	0.0	0.0	0.0	0.0	0.0
79010.48707722797	-789.7769891860953	6242657068.180808	623747.6926478537	124744.47528115047	-389.003868929125	151324.0100418279	15561184113.16956	78337.4135925117	-431.6211528503336	186296.81958785103	6136750368.364237	85638.29204552915	74088.09455820573	1.528066	30.662235	0.14831757	0.0746536	-0.0118858575	-0.0036098382	-0.0094650872	-0.0664748668	-0.0420415995	-0.0363121343	-0.0895033745	0.0689053514	0.0415497453	-0.0796710948	-0.1254567222	0.0314502051	-0.0361707965	0.0692340655	-0.0565490555	-0.0285495802	-0.0289385139	-0.0072766067	0.0682514574	0.1023124538	-0.0453254178	-0.0654173078	0.0379093988	0.0698018662	0.0999819076	-0.0947828545	-0.1152145435	-0.0928836106	0.0284971393	-0.0060712449	-0.1618043316	-0.1905315768	0.016272304	0.0882254585	0.0048031195	-0.03820003	0.0045465951	-0.036124291	0.0320152117	-0.0700519475	-0.090561427	-0.0928815977	0.0296509021	0.0097578589	0.0515730866	0.0973362568	-0.0772319288	-0.0511582593	-0.0669481462	0.0459775107	-0.0312623781	-0.0733906217	0.0303110566	-0.027875864	-0.0234568082	0.1081673957	0.0489639077	-0.0134838128	0.0295782415	0.0588315873	0.1399786599	0.1578038529	-0.0239633157	-0.1433106951	0.1593389661	0.1927574677	-0.0442004185	-0.0304053278	0.0659145752	0.1018204675	0.1063357684	0.0453006521	-0.02965666	-0.0643731351	-0.1093108531	0.050702657	0.0423039731	0.0514446375	0.1060745728	0.1658596546	-0.012129835	0.0936124309	0.0682300815	0.0308967027	-0.0118484738	-0.0125414	0.0141943	0.0001572867139599	0.00020147815249	-0.00429355	0.00446762	1.9959628464400004e-05	1.84345716025e-05	-0.0784808	0.0678271999999999	0.0046005290598399	0.00615923596864	-0.000910362	0.000326298	8.287589710439999e-07	1.0647038480400009e-07	0.000703423	0.000626295	3.9224542702500004e-07	4.94803916929e-07	-0.000676001	-0.0002839759999999	4.5697735200100006e-07	8.064236857599999e-08	0.0	0.0	0.0	0.0	1.0	0.0	0.0	0.0	0.0	0.0	0.0	0.0	0.0	0.0	0.0
78774.91309764379	-235.57397958418005	6205486933.541331	55495.09985712768	125967.54017590564	1223.0648947551672	1495887.7367824682	15867821177.9684	77946.66118909852	-390.7524034131784	152687.4407731753	6075681990.528118	85727.65307576155	74374.01918847376	1.170281	23.482908	0.0557791199999999	0.0230481	0.0336930709	-0.0498908271	-0.0350474957	0.0311835893	-0.1154364422	0.0362938724	-0.0786219416	-0.0641362618	-0.1230425999	-0.0922860971	-0.0256839456	-0.147595038	0.0942673033	-0.0516746785	0.0310081875	-0.0108247976	0.0271331277	0.0508650161	0.0319669178	0.0615122004	-0.0262391501	0.0561047981	0.0327634497	0.0776156039	0.0260885429	-0.1008789321	-0.016848863	-0.1396703927	0.1005644691	-0.179607248	0.0498041085	0.0081648621	0.0397642849	0.0949327973	-0.0329011927	0.0336623138	0.0078814703	0.1112089189	0.0282466121	-0.0604242832	-0.0377609521	-0.0181677433	0.0132994251	0.0022439593	0.1256445111	0.0624214902	0.013016234	-0.0468838601	0.0531389084	-0.0567075004	-0.0888917925	0.1151588194	-0.0393742417	-0.0766527793	0.1526811317	0.0654985742	-0.0426647111	-0.0750856329	0.0260699087	0.0545573787	0.0995514219	0.0307308023	0.0189594269	-0.0147206906	0.0388475694	0.0837118126	0.0222094287	-0.02411174	0.0966877238	-0.0374156719	0.1286584443	-0.0581186303	-0.0848142782	-0.1369454228	0.030128222	-0.0270997373	-0.0100760599	-0.0121399626	-0.0330442259	-0.0488463089	0.0167820695	0.0929054001	0.0656593869	0.0260076665	-0.0185579513	-0.0193539	-0.0068125	0.00037457344521	4.641015625000001e-05	-0.00621747	-0.00192392	3.7014681664e-06	3.86569332009e-05	-0.0634167	0.0150640999999999	0.0002269271088099	0.00402167783889	-0.000609288	0.0003010739999999	3.71231866944e-07	9.064555347599997e-08	0.000512645	-0.0001907779999999	3.639624528399998e-08	2.6280489602500004e-07	-0.000528281	0.0001477199999999	2.790808149610001e-07	2.1821198399999984e-08	0.0	0.0	0.0	0.0	0.0	0.0	0.0	0.0	0.0	0.0	0.0	0.0	0.0	0.0	0.0
78261.01494246689	-513.8981551768957	6124786459.8250265	264091.3138942167	125475.86607409436	-491.6741018112807	241743.42239192963	15744192967.044064	77816.22050612392	-130.44068297460035	17014.771774880195	6055364173.857701	85636.22224018513	73100.8343227208	1.104745	22.167854	0.02134858	0.0159328	0.1022494391	-0.0909715529	0.031670158	0.101471808	-0.1216127179	0.0446641907	-0.1553989985	-0.1000317951	-0.1442497609	-0.1155037122	0.0977373675	-0.2131252271	0.0996676416	-0.0867000282	-0.010514359	-0.151499532	0.0961644915	0.0843052345	0.1187939388	0.0576972539	-0.0223667817	0.0448992089	0.0749332679	-0.096158372	0.1606079916	0.0337088117	0.0326748717	-0.0696577554	-0.0767145287	-0.0281291331	-0.0585226997	0.0521714317	0.0482050154	-0.1207276049	-0.1258949009	0.0489828972	0.0380220898	-0.059952138	0.0729974868	0.0706864542	-0.0555816765	-0.0612031188	-0.0176510902	0.0695482968	0.027485396	-0.0103812586	-0.1185867945	0.0199727534	0.0553746518	-0.0999413251	-0.1162004679	0.1888871253	0.0259007915	-0.098397575	0.1257417941	0.0909662711	-0.0102328029	0.0088359875	0.0036406571	0.0335661187	0.0638946421	0.07196426	0.1341815841	0.1913601306	0.0931369049	0.0403582825	-0.0710932048	0.101287361	0.0327576908	-0.0191366592	0.0037661085	0.0719815547	0.0458866831	-0.0255162335	-0.0965114566	-0.0410300135	-0.0179780589	-0.072581179	-0.1163379392	-0.0413611974	0.0350478742	0.0921729699	0.0630168947	0.0210546499	-0.0251862796	-0.0199641	-0.0006101999999999	0.0003985652888099	3.723440399999978e-07	-0.021852	-0.01563453	0.0002444385283209	0.000477509904	-0.0614646	0.0019521	3.810694410000021e-06	0.00377789705316	-0.000634941	-2.565299999999994e-05	4.0315007348100005e-07	6.580764089999969e-10	0.000493887	-1.8758000000000013e-05	3.518625640000005e-10	2.439243687690001e-07	-0.000546905	-1.8623999999999963e-05	2.99105079025e-07	3.468533759999986e-10	0.0	0.0	0.0	0.0	0.0	0.0	0.0	0.0	0.0	0.0	0.0	0.0	0.0	0.0	0.0
77972.38183477236	-288.6331076945353	6079692328.987538	83309.0708574052	124054.56756319666	-1421.298510897701	2020089.457080022	15389535733.291723	77785.92077742255	-30.29972870137135	918.0735593767068	6050649471.191457	85535.4744485294	70473.21172168809	1.138464	22.844458	0.06208405	0.042631	0.2054356519	-0.0918638547	0.0551251898	0.1504044915	-0.0047209013	-0.0068659332	-0.1596184559	-0.1957898692	-0.1122156572	-0.1473724276	0.1370105209	-0.1896624131	0.1180267176	-0.07254324	0.0128057832	-0.2135734472	0.1545204525	0.070609954	0.0435513731	-0.0779181853	0.1101338896	-0.0540285104	-0.0662483365	-0.0390494798	-0.1041746611	0.0469856123	-0.016604761	-0.1077987952	-0.0100375917	0.1161899028	-0.0203035675	0.0546365523	-0.0139720528	0.1344062769	-0.0853671771	0.0349033642	-0.0060348613	-0.0083192027	-0.1284255928	0.0610748586	0.0529771615	0.0214227866	-0.0039626742	-0.0318422647	-0.07282784	0.1007420367	-0.1015161003	0.003782928	0.0096105984	-0.0879597244	-0.1051921125	0.2542427976	0.0372347401	-0.1073668156	0.0477002746	0.082968529	-0.0642738374	0.0511786533	-0.136823126	-0.1374639836	-0.0394687475	-0.0163303819	-0.0931075588	0.1273542444	0.0454590125	-0.0394938217	0.0212443246	-0.0887559809	-0.0007891895	0.0543111567	-0.001932839	0.1099489582	0.0634732176	0.0035643229	-0.0360238701	-0.0731422467	-0.0134003053	-0.1305259894	-0.0178695791	0.0704376656	0.0694809488	0.0914153405	0.0603054945	0.0160498375	-0.0317044747	-0.0149617	0.0050023999999999	0.00022385246689	2.502400575999999e-05	-0.0139981	0.0078539	6.168374521e-05	0.0001959468036099	-0.0213621	0.0401025	0.00160821050625	0.0004563393164099	-0.000706049	-7.110800000000007e-05	4.985051904010001e-07	5.0563476640000094e-09	0.000393777	-0.00010011	1.0022012100000008e-08	1.55060325729e-07	-0.000558192	-1.1287000000000016e-05	3.11578308864e-07	1.2739636900000035e-10	0.0	0.0	0.0	0.0	0.0	0.0	0.0	0.0	0.0	0.0	0.0	0.0	0.0	0.0	0.0
77683.63542787342	-288.7464068989357	6034747213.290751	83374.48749704573	123173.1713711684	-881.39619202826	776859.2473219173	15171630145.631218	77806.19980131034	20.2790238877933	411.2388098416913	6053804727.521426	85336.02678079045	67725.80417123702	1.157849	23.233431	0.053601255	0.0296006	0.2907089701	-0.063414969	0.045380361	0.0191139989	0.1191973864	-0.0918672993	-0.1098191802	-0.0343677644	-0.0690004184	-0.1186316047	0.1571599297	-0.1938017731	-0.1121704131	-0.0780850263	0.0455742415	-0.1117040979	0.0425633758	-6.15644e-05	0.0325035866	0.0180570462	-0.0456832486	-0.1791752391	0.0036368996	-0.0578981906	-0.0531314026	0.0352050819	0.0200732447	-0.0912554809	0.1316863573	-0.08247934	-0.082432463	0.0408925241	0.0464635664	0.0125350732	-6.54245e-05	-0.0194214409	0.1028383235	-0.0345150216	0.0131628647	-0.0718875245	0.0811561684	0.1085743879	0.049413596	0.1515506673	0.0892814828	0.0705132527	-0.0290364704	-0.0131006036	0.0251555858	-0.0528015304	-0.1689761187	0.0645376621	-0.0133672356	-0.1362367769	0.0073117469	0.0737427094	-0.0663062372	0.1330727632	-0.1632387446	0.0140349006	-0.061088196	0.1212652324	0.0906219143	-0.0506878415	-0.0230151213	0.0467931798	0.0368706651	-0.0048551063	0.0187122403	-0.0726945978	-0.0117906249	-0.0193504652	-0.1030233911	0.0348886506	-0.0710048749	-0.0324764569	0.0157915355	-0.0321802327	0.039737259	0.0339888473	0.0672571157	0.0906327191	0.0575281511	0.0110055415	-0.0380840342	-0.0123124	0.0026493	0.00015159519376	7.018790490000001e-06	-0.0163666	-0.0023684999999999	5.609792249999996e-06	0.0002678655955599	-0.034742	-0.0133799	0.00017902172401	0.001207006564	-0.000666934	3.911500000000005e-05	4.44800960356e-07	1.5299832250000036e-09	-8.84941e-05	-0.0004822710999999	2.3258541389521001e-07	7.83120573481e-09	-0.000740877	-0.000182685	5.48898729129e-07	3.3373809225000016e-08	0.0	0.0	0.0	0.0	0.0	0.0	0.0	0.0	0.0	0.0	0.0	0.0	0.0	0.0	0.0
77811.6591873385	128.02375946508255	6054654305.486521	16390.082987573314	121978.41237684117	-1194.7589943272324	1427449.0545258196	14878733085.974718	77928.59152107348	122.3917197631381	14979.733066578528	6072865376.458325	85555.26444327731	67278.04801677132	1.201384	24.107018	0.120716795	0.0661245	0.3354588625	-0.0689035605	-0.059096831	0.0199589391	0.0457361494	-0.1734541636	-0.0946309993	-0.0405822523	-0.1980113171	-0.0272545446	0.1704670987	-0.1191907109	-0.0660196141	-0.1594245956	-0.0153486575	-0.1346747896	-0.0021344818	0.059946544	-0.0695387364	0.0833076105	0.0253532748	-0.0868718391	0.085060939	0.0631707837	-0.1688504366	-0.0634731678	0.0541509278	0.0453750272	0.1342552954	0.1401639137	0.0006810099	0.1381977172	0.0553906984	-0.064394809	-0.017534603	0.1267577284	0.0651540436	0.1480258052	-0.065399877	0.0759946777	-0.0513407849	-0.0667068259	0.0313317571	-0.0962517539	-0.1325244552	-0.0624834403	0.0744415357	-0.0090237771	-0.0728512148	-0.0874581546	-0.1230222389	0.0545297062	-0.1353615045	0.0034232532	0.0610181225	-0.0034287162	-0.0288447689	0.1157724948	-0.1275283163	-0.1287513388	-0.160365041	0.0930605519	-0.0996192659	0.0326472121	-0.1917414651	0.1302558848	-0.0658755676	-0.0726126703	0.0537371115	-0.1168099179	-0.0472787226	0.0594528052	-0.0260038017	-0.1189188992	0.043796153	-0.021005178	-0.2216603801	-0.0755185461	0.1354481437	-0.0631265454	-0.045458055	0.0898253196	0.0546879015	0.0059341712	-0.0442970619	0.0118997	0.0242121	0.0001416028600899	0.00058622578641	-0.0366442	-0.0202776	0.00041118106176	0.00134279739364	-0.0662206	-0.0314786	0.00099090225796	0.00438516786436	0.000106722	0.000773656	1.1389585284e-08	5.985436063359999e-07	-0.000167552	-7.905790000000001e-05	6.250151552410001e-09	2.8073672704000004e-08	-0.000698621	4.2256000000000064e-05	4.880713016409999e-07	1.7855695360000055e-09	0.0	0.0	0.0	0.0	0.0	0.0	0.0	0.0	0.0	0.0	0.0	0.0	0.0	0.0	0.0
78296.8001721636	485.1409848250914	6130388917.1997175	235361.7751570596	123762.82956807326	1784.417191232089	3184144.7123646177	15317237982.695948	77914.5019503107	-14.089570762778749	198.51600427934972	6070669614.16497	85500.10120962448	69558.35105299926	1.403347	28.159609	0.15546821	0.0897362	0.2382845345	-0.0581370412	0.0022800335	0.1038778123	0.0379417487	-0.1135345927	-0.0007130704	-0.1841728083	0.019884717	0.0598358314	0.2196137032	-0.1498758073	0.1529565325	0.0915732834	0.0082364621	-0.0422876093	-0.0898673091	0.0883495821	0.0039682825	-0.0094742654	-0.0551090607	-0.0364838317	-0.103215646	-0.0170667408	-0.0616622396	-0.0374361553	-0.0367517251	0.0612652612	0.1276895378	0.0275917376	-0.0148515597	-0.1023552466	0.1543955046	-0.0912264295	0.0692518147	0.0269534355	0.1011709811	0.063322176	-0.0907972008	0.0105950195	-0.1081391514	-0.0258135549	-0.0166880705	-0.032914778	-0.0646354653	-0.1084816536	0.0591013577	-0.1269476781	-0.0465040435	0.0090103843	-0.1078893198	0.1761304081	0.136316567	0.0509358324	0.0482661991	-0.112388248	-0.0141036354	0.133760267	0.0132379794	-0.0921647107	0.0166912884	0.0028077451	-0.0198808447	-0.0077187909	-0.0870346609	0.0959808385	0.0748176936	-0.1022822631	-0.1274742288	0.0801684621	-0.0551948071	0.0013635369	-0.141709692	-0.0187742501	0.0660710817	0.0058645041	0.0532058775	-0.0662740289	0.0790080997	0.0062384013	-0.0972107875	0.0889933628	0.0517878515	0.0008482025	-0.0503163898	-0.0122497	-0.0241494	0.00015005515009	0.00058319352036	-0.0346716	0.0019726	3.89115076000002e-06	0.0012021198465599	-0.0912141	-0.0249935	0.00062467504225	0.00832001203881	-0.00159404	-0.001700762	2.5409635216e-06	2.892591380644e-06	-6.6538e-06	0.0001608982	2.5888230763240005e-08	4.427305444e-11	-0.000473227	0.0002253939999999	2.23943793529e-07	5.080245523599999e-08	0.0	0.0	0.0	0.0	0.0	0.0	0.0	0.0	0.0	0.0	0.0	0.0	0.0	0.0	0.0
78584.21504083424	287.4148686706467	6175478853.584079	82607.30673296508	124379.60150651872	616.7719384454685	380407.62405378086	15470285270.920397	78042.68252431556	128.1805740048585	16430.259552215008	6090660295.591109	85692.00247997636	70275.50977798359	1.000156	20.069168	0.07176324	0.0367782	0.1975946908	-0.0337055122	-0.056217692	-0.0352258018	0.0492933173	-0.1184756457	0.0326721121	-0.0261567488	-0.0330253129	-0.002545319	0.1875110583	-0.1075374841	0.0813875359	0.0493075824	0.0488691248	0.0541173229	-0.0386068462	-0.0160256165	-0.0309335203	0.0424555035	0.0389303206	0.0643053258	-0.0079389505	0.0773329547	-0.1412289527	-0.0799739656	-0.0431004332	-0.0621199201	0.0769135236	0.0240706784	0.1739140884	-0.0785519974	-0.1083298697	0.0428333124	0.0129198102	-0.0869930727	-0.0182554093	-0.0181393244	0.0172615437	-0.0782771079	0.0424075494	0.041902561	-0.0617577783	-0.0335320756	0.0052855693	0.0780318165	0.0680556813	0.0145817208	-0.0412843086	0.005435163	-0.1081412334	0.0374881835	0.0456822792	0.0415322766	0.1355606506	-0.1473483857	-0.0215878238	0.0305177457	-0.0634709171	-0.0092930923	-0.0030768653	0.0524966756	-0.0888187132	-0.0388793717	-0.1108288879	0.0034457865	0.0416769476	-0.1151793724	-0.0279571135	0.0287157171	0.1125547216	0.0023560722	-0.0371263669	-0.0452650182	0.1305460911	-0.0063254979	0.1272793537	0.1400614304	0.006540841	-0.0255541071	-0.0372291059	0.088137076	0.0488311722	-0.0042398529	-0.056115697	-0.00999699	0.0022527099999999	9.99398090601e-05	5.074702344099999e-06	-0.0278896	0.0067819999999999	4.599552399999995e-05	0.00077782978816	-0.0736147999999999	0.0175993000000001	0.00030973536049	0.0054191387790399	-0.000920725	0.000673315	8.477345256249999e-07	4.5335308922500006e-07	4.79758e-05	5.46296e-05	2.98439319616e-09	2.30167738564e-09	-0.000647867	-0.00017464	4.19731649689e-07	3.04991296e-08	0.0	0.0	0.0	0.0	0.0	0.0	0.0	0.0	0.0	0.0	0.0	0.0	0.0	0.0	0.0
78944.2287516006	360.0137107663613	6232191253.185043	129609.87193976527	124537.19637614452	157.5948696257983	24836.142932372368	15509513281.230385	78183.119140625	140.43661630943825	19722.443200444377	6112600118.557163	85764.65670627626	71896.89811337825	1.075472	21.580452	0.06597527	0.0353526	0.1191116288	-0.0080889629	0.0542153808	-0.0182585221	-0.0248673574	-0.070337697	-0.0084545961	-0.0771337768	0.0508144527	0.1348696886	0.1162081592	-0.0189606803	0.1380662153	-0.0499296746	-0.025576705	0.0289220247	0.0040730653	0.1258918061	0.0240091078	-0.0414681095	-0.058426987	-0.033525307	-0.077854439	0.0345429459	-0.0740911602	-0.0450777916	0.0007369413	-0.0561106904	-0.0110638265	0.0416641121	-0.0237862943	-0.1075017915	0.1059174506	-0.0239092034	0.0416716226	-0.0270465148	-0.1077423039	-0.1454908929	-0.1152418218	0.0640772339	0.0019771985	-0.0598823414	-0.0038560179	-0.0057759481	0.0190623069	-0.0427203293	0.0998236025	-0.0366944724	-0.0738202618	-0.002894479	-0.013593555	0.1199841444	0.0467921062	0.1689390525	-0.0282110102	-0.1067061445	-0.0220177019	0.0265126125	-0.0348642545	-0.1439984902	0.0751393865	0.0017385611	0.0184971693	0.0718615474	0.0510838322	0.0835661837	0.0007732058	-0.1370050082	-0.0072288622	0.18818809	-0.0002588228	0.00545794	-0.1325839275	0.1077178887	-0.0245714143	-0.0325740279	0.0562951897	0.016261349	0.0428830965	0.0577108365	-0.0811215794	0.0872566935	0.0458210968	-0.009317478	-0.0616696245	-0.0283263	-0.0183293099999999	0.0008023792716899	0.000335963605076	-0.0301855	-0.0022959	5.27115681e-06	0.00091116441025	-0.104812	-0.0311972000000001	0.00097326528784	0.010985555344	-0.00114133	-0.000220605	1.3026341689e-06	4.866656602500005e-08	1.03226e-05	-3.76532e-05	1.41776347024e-09	1.0655607076e-10	-0.000623068	2.4799000000000045e-05	3.8821373262400006e-07	6.149904010000021e-10	0.0	0.0	0.0	0.0	0.0	0.0	0.0	0.0	0.0	0.0	0.0	0.0	0.0	0.0	0.0
79126.47896164164	182.25021004103476	6260999672.867117	33215.139060001275	125407.06008036424	869.8637042197224	756662.8639188567	15726930718.000088	78154.32358553224	-28.79555509275815	829.1839931000699	6108098295.112082	85792.79976529675	73230.63527850686	1.099602	22.064653	0.0741123699999999	0.0344628	0.0504296052	0.0320975997	-0.0574092453	0.0151089386	0.1497610172	-0.0828192041	0.0898311521	0.0389579836	0.0892934735	-0.0816079398	0.120745092	-0.0596454409	0.0422148246	0.1302131202	0.0717073312	0.0428127087	0.0033800125	-0.0926556593	0.0025584579	-0.0150243201	-0.0259857712	0.0255574767	-0.0303020722	-0.0134306461	0.0235518371	0.0306177389	-0.0678904945	-0.0801466618	-0.0904533365	0.023115713	0.0431258442	0.0054112497	-0.1764733481	-0.0066202119	0.0650733214	0.0892307107	-0.1227790445	-0.0554527368	-0.1017200617	-0.0348071155	-0.0542768733	-0.0757173582	0.038303811	-0.1193883375	-0.0787334098	-0.0226558206	-0.0518323255	-0.117964916	0.1234898838	0.0743644402	-0.077340118	-0.0331774992	0.0724203472	-0.0361337829	0.0623297879	-0.1463132563	0.0131411181	-0.0821521906	0.0406560476	-0.0519753166	-0.0073620174	-0.0004804623	-0.0158871072	-0.0098231879	0.0087873497	-0.0549217518	0.0204525177	-0.0563755403	-0.0361590853	0.0237695688	0.0512239087	0.027388441	-0.0338733079	-0.055034754	-0.0222090607	-0.106771662	0.0613093392	-0.038904137	-0.1289024821	0.1469054684	0.1258290312	0.0863524559	0.0427609166	-0.0143721814	-0.0669538864	-0.0159622	0.0123641	0.00025479182884	0.00015287096881	-0.0301067	7.88000000000004e-05	6.209440000000063e-09	0.00090641338489	-0.0863576	0.0184543999999999	0.0003405648793599	0.00745763507776	-0.000656831	0.000484499	4.31426962561e-07	2.347392810010001e-07	0.000332109	0.0003217864	1.0354648722496001e-07	1.1029638788100001e-07	-0.000565052	5.801599999999993e-05	3.19283762704e-07	3.3658562559999916e-09	0.0	0.0	0.0	0.0	0.0	0.0	0.0	0.0	0.0	0.0	0.0	0.0	0.0	0.0	0.0
79365.92463919443	239.44567755279425	6298949993.83429	57334.2324987167	125421.77522268111	14.715142316868878	216.5354134057052	15730621700.008743	78263.50043621668	109.17685068443824	11919.584725372124	6125175500.529689	85921.98678440126	73803.80793676221	1.123498	22.544159	0.0622969349999999	0.0319949	0.0204135368	0.011102198	0.0320621947	-0.0695727217	-0.0863153669	-0.0382859315	-0.0030117879	-0.0376199942	0.0317350136	0.1784038988	0.0392553671	-0.0122095471	0.0506704162	-0.0723025755	0.0015469182	0.1007369056	-0.0816381734	0.0131901576	0.0771121141	0.0005174389	-0.0815482128	0.0253610465	0.0143669541	-0.0799639907	0.0015575568	0.0379495035	0.0039413151	-0.0071777434	0.0377813446	0.0468592418	-0.0885657323	0.0622502022	-0.0108118172	0.2233915503	0.2506471571	0.051929168	-0.0697514805	0.0180328633	0.0139003778	-0.0640692166	-0.0290955293	-0.1513210717	-0.010765427	-0.045731972	0.0094262077	-0.0122951667	-0.0280514873	-0.0505848857	-0.0296246228	-0.0298930413	-0.0012864736	0.0548404865	-0.0312662451	0.1489209601	-0.0006073999	-0.1001408752	-0.0012708044	-0.0248717098	0.0381023171	0.0730943934	0.0123024345	0.0211903579	0.0882396394	0.0487090357	0.063402089	0.056734521	-0.0917366702	-0.1418181922	0.0151768858	0.0611654638	-0.013016045	-0.0124794495	-0.059631589	-0.0268508871	0.0935341534	0.0148098253	-0.0277317751	-0.0683129151	0.0399445159	0.2986438968	0.0490703265	0.0854246103	0.0396539781	-0.0193915285	-0.071945376	-0.0238387	-0.0078765	0.00056828361769	6.203925225000003e-05	-0.0233358	0.0067709	4.584508681e-05	0.00054455956164	-0.108039	-0.0216813999999999	0.0004700831059599	0.0116724255209999	-0.000646358	1.0472999999999993e-05	4.17778664164e-07	1.0968372899999984e-10	-8.367569999999998e-05	-0.0004157846999999	1.7287691675409e-07	7.001622770489997e-09	-0.000471947	9.3105e-05	2.2273397080900001e-07	8.668541025000003e-09	0.0	0.0	0.0	0.0	0.0	0.0	0.0	0.0	0.0	0.0	0.0	0.0	0.0	0.0	0.0
79609.56203048113	243.6373912866984	6337682366.685023	59359.178432987785	126219.73778363854	797.9625609574286	636744.248689738	15931422206.170471	78174.57191946596	-88.9285167507187	7908.281091482856	6111263694.791756	85765.27671513917	74913.09688512006	1.094245	21.957161	0.0573346849999999	0.0293814	-0.0383910405	0.0986445272	0.020718901	-0.01815815	0.1300703846	-0.0676004175	0.1217063816	0.0150199176	0.1529284837	-0.0293090601	0.0728436007	-0.0567702582	0.0619579612	-0.0157252714	0.0363962289	0.0901525117	-0.021899497	-0.0306845153	-0.0131013742	0.1209394171	-0.0761850087	0.099959207	-0.027818074	-0.009011035	-0.1421236513	0.0345080648	0.1241365557	0.014117833	0.0112531201	0.0841931078	0.0060662494	-0.001628483	0.0226058405	0.1833900599	0.0534553102	-0.0134326517	0.0020035787	0.0649051971	-0.0194502642	-0.074167961	0.0258321413	-0.0657500242	-0.0362155953	0.1359573976	-0.0050939591	-0.0128868806	-0.0014449351	0.0054829042	0.0050637651	0.0728959365	-0.0781952412	0.0114601158	0.0430297873	0.0432650699	0.0033443988	-0.1541539561	-0.0174126386	-0.1132154815	-0.0546273913	0.0062852642	-0.0829903113	0.0082198874	0.0841753659	-0.0274083334	0.0286659312	0.0288881709	0.0423476631	-0.1938754409	0.0937120048	-0.1223238953	0.030464192	0.0449786856	0.1195947736	0.0106297823	0.1525346253	0.049746846	0.1451691049	0.0072765389	-0.0128602428	0.1126882174	-0.0498938115	0.0844734105	0.0365036785	-0.0243631711	-0.0766222668	-0.0170924	0.0067463	0.00029215013776	4.5512563690000006e-05	-0.0107613	0.0125745	0.00015811805025	0.00011580557769	-0.0844284	0.0236105999999999	0.0005574604323599	0.00712815472656	-0.000602091	4.426699999999996e-05	3.62513572281e-07	1.9595672889999963e-09	0.000144731	0.0002284066999999	5.216962060488999e-08	2.0947062361e-08	-0.000487339	-1.5391999999999977e-05	2.37499300921e-07	2.369136639999993e-10	0.0	0.0	0.0	0.0	0.0	0.0	0.0	0.0	0.0	0.0	0.0	0.0	0.0	0.0	0.0
79697.19911133667	87.63708085553662	6351643546.192042	7680.257940879864	125282.00406797371	-937.7337156648282	879344.5214945648	15695580543.287785	78426.86948959835	252.2975701323885	63654.06389470749	6150773857.938493	85973.14450663078	76677.2416220358	1.127484	22.624144	0.11977435	0.0584082	-0.096331818	0.0575422393	-0.0589986676	-0.0635722449	-0.0878437316	-0.0446605964	0.0275599542	0.0228863724	-0.0221171416	0.0858382097	-0.0966963258	0.0512939181	-0.0249267957	0.0239388515	0.0400114724	-0.0081287994	0.1192753953	-0.0464906745	0.0857632874	-0.0492467331	-0.0986992048	-0.0930377368	0.0420071353	0.0163014893	0.0921670378	0.0786169884	0.0741510148	-0.0242773679	0.0418890907	-0.0844762212	0.1256197331	0.0115062568	-0.0263638694	0.1845599423	-0.0133437774	0.1415698033	-0.1005333762	0.0214028848	-0.010552322	0.0558694609	0.0161023915	0.0636198349	-0.0220187811	0.0893907154	-0.0150041708	-0.1110990637	0.0776169437	-0.0322899113	-0.0022290669	0.0515074154	0.0066097832	-0.0599124808	-0.0783421108	0.0185101086	0.0196854431	0.0051154047	0.0581330273	-0.0332650992	-0.0002293455	-0.0292778035	0.04294225	-0.0514460697	0.016150111	0.0745258533	0.1047685574	0.0017539044	-0.0020731486	0.0868580049	0.1712047109	0.0301916081	-0.0847195355	-0.0728250901	-0.1550388908	-0.0695057389	0.0112612885	-0.0481588137	0.0204094561	-0.16448651	-0.0731249233	0.076416557	-0.0235673496	0.0834991166	0.0333134626	-0.0292748789	-0.0809641079	-0.0241408	-0.0070484	0.00058277822464	4.967994256e-05	-0.0210048	-0.0102435	0.00010492929225	0.00044120162304	-0.140193	-0.0557646	0.00310969061316	0.019654077249	-0.00115713	-0.0005550389999999	1.3389498368999998e-06	3.080682915209999e-07	0.000332109	0.0001873779999999	3.511051488399999e-08	1.1029638788100001e-07	-0.000295399	0.0001919399999999	8.7260569201e-08	3.68409636e-08	0.0	0.0	0.0	0.0	0.0	0.0	0.0	0.0	0.0	0.0	0.0	0.0	0.0	0.0	0.0
79694.26472420311	-2.93438713355863	6351175829.931364	8.610627849594433	125894.48915207006	612.4850840963481	375137.9782405107	15849422398.860687	78522.46667867435	95.59718907599743	9138.822559232003	6165777773.303523	86190.35922728466	77198.2960465075	1.033385	20.735945	0.10214436	0.0445753	-0.108054539	0.0307308441	0.0314520308	0.1123759359	-0.0203400422	0.0438731528	-0.0092160886	-0.0592265833	0.0365681942	-0.0388951386	-0.0675731633	0.0934944241	-0.007630229	0.1133079512	0.0506795898	-0.0176602757	-0.0193188724	0.0645012455	-0.035349572	-0.0103703369	0.0051919899	0.0089448153	-0.1200524502	0.0249613805	0.0199866162	-0.1257970596	0.0475991077	0.0549303893	-0.0859285319	-0.0460031356	-0.1212435967	0.0770969552	-0.0386301191	-0.0107457513	0.0406469362	-0.0354228414	0.0481934608	-0.1050853504	0.0295389201	-0.0153425967	-0.0650004439	0.02781431	0.1139046431	-0.0378498705	-0.0539953079	0.0391970402	0.0279091988	-0.0647103754	0.0895169389	0.0617650748	0.074840823	0.0054502293	0.0212270238	-0.0112904019	-0.0796393911	0.0458100555	-0.027021799	0.0366262727	0.0968257165	-0.0843399375	0.0312730462	-0.0584597518	-0.0841168801	-0.056305447	0.0376769723	0.0416887454	-0.0383393167	0.0106673333	-0.0019913855	0.0456506756	0.0519414868	-0.0108999927	0.0099222733	0.1087002545	-0.0279691462	0.0638237103	-0.0150696261	-0.1043226668	-0.0859835784	-0.041878076	-0.0531194577	0.0825019948	0.030086819	-0.0341145687	-0.0849519136	-0.0164393	0.0077015	0.00027025058449	5.931310225e-05	0.00250046	0.02350526	0.0005524972476676	6.2523002116e-06	-0.108548	0.031645	0.001001406025	0.011782668304	-0.000611508	0.000545622	3.7394203406400005e-07	2.97703366884e-07	0.000245632	-8.647699999999995e-05	7.47827152899999e-09	6.033507942400001e-08	-0.000449152	-0.000153753	2.0173751910400006e-07	2.3639985009000007e-08	0.0	0.0	0.0	0.0	0.0	0.0	0.0	0.0	0.0	0.0	0.0	0.0	0.0	0.0	0.0
79477.56002397879	-216.70470022431985	6316682547.365151	46960.92709931232	127634.046787918	1739.5576358479448	3026060.768436891	16290449899.460443	78388.46248255133	-134.0041961230163	17957.12457857582	6144751050.378358	86303.82267348346	75917.03365642908	1.154484	23.165918	0.035616795	0.0193462	-0.0628274876	0.0626508416	0.0763443501	-0.0630532981	0.0281189641	0.1122062044	0.0151603906	0.0867313294	-0.0175400797	-0.0573507698	-0.0714964038	0.053326506	0.038236867	0.0375831308	0.0031840622	0.0404000113	0.1586122319	-0.0592440053	-0.0720630846	0.0710148918	0.0704662069	0.0199671832	0.0052531332	-0.0651832904	0.0307325596	0.0963722547	0.0844884998	-0.0209441385	0.0613965746	-0.0406925754	-0.1100889632	-0.025774329	0.0854395757	0.0374980988	0.0111201646	-0.0056947855	-0.1232836445	0.1065863708	-0.0379016634	-0.0035160372	0.1810539475	-0.0301398636	-0.0317785939	-0.0439060198	0.0321158136	-0.0127615389	0.104402295	-0.0836882064	-0.0756630566	0.006443649	0.0702171335	-0.0204329009	0.0370366283	-0.0594603119	0.0215587851	0.0500534695	-0.0678473226	-0.1550660116	-0.0002492253	0.0431569466	0.1079665778	0.0010249139	0.0382133426	0.000925476	0.0185372735	-0.0152243206	0.0709487785	-0.003567941	0.0539275346	-0.0982558366	-0.0734880328	-0.0056504455	-0.0388069965	0.0866901741	0.0350541366	-0.0598959622	-0.0013715199	0.086767175	0.0420835172	0.1498320582	0.0584279186	0.0814823178	0.0268272759	-0.0388703345	-0.0885682462	-0.0180506	-0.0016112999999999	0.00032582416036	2.5962876899999984e-06	0.0108527	0.00835224	6.975991301760001e-05	0.0001177810972899	-0.106893	0.001655	2.7390250000000123e-06	0.011426113449	-0.000304529	0.000306979	9.2737911841e-08	9.423610644100001e-08	9.62529e-05	-0.0001493791	2.2314115516810013e-08	9.26462075841e-09	-0.000425545	2.3607000000000037e-05	1.81088547025e-07	5.572904490000016e-10	0.0	0.0	0.0	0.0	0.0	0.0	0.0	0.0	0.0	0.0	0.0	0.0	0.0	0.0	0.0
79351.0870101303	-126.47301384848834	6296595009.68927	15995.423231919922	125704.8449567078	-1929.201831210201	3721819.7055447926	15801708045.589949	78207.16402591408	-181.298456637247	32869.13037904773	6116360504.97623	85971.15963924633	75717.37592293085	1.182876	23.735626	0.05825439	0.0324427	-0.0153023648	0.0237719891	-0.0944456714	0.0056521596	-0.0526291568	-0.0232477955	0.0184622144	-0.0119496836	-0.1050896417	-0.0565677819	-0.0413085874	-0.0221751512	0.0551083791	-0.0016566832	0.0842898373	0.0868932789	0.0805627882	-0.0399957054	0.0195393317	0.0722822731	0.0319768184	-0.0236918861	-0.1214791391	-0.0346755702	-0.1114667939	0.0002375529	-0.0736721913	-0.0392104282	-0.109263133	0.0135121513	0.0100541899	-0.146077879	0.0700626788	-0.1277652756	0.006707778	-0.0106870502	-0.0608771693	0.033707235	0.1217676963	0.0594390531	0.1651797911	0.0396091728	-0.0154506583	0.0829187442	0.0832726521	-0.0174937871	-0.0549384925	0.0184694606	-0.0749849939	0.0329813209	-0.0275873714	0.0103821339	-0.0535064265	-0.0242528394	0.1124240939	0.0041070593	-0.0229378445	-0.1096361021	0.0436975343	0.0018779646	0.0215630386	0.0114150081	0.0461901787	0.0469455687	0.0529481864	0.0436735886	0.1578260511	-0.0717929224	-0.0352550788	0.0894960764	-0.012773592	-0.069824248	0.0033319219	0.1601128728	-0.0705267453	-0.095111399	-0.05331789	0.0669112803	0.0892775854	-0.1279404216	-0.0635023633	0.0804403643	0.0235383975	-0.0435304769	-0.0917972923	-0.0164733	0.0015773	0.0002713696128899	2.4878752900000007e-06	-0.00960333	-0.02045603	0.0004184491633609	9.22239470889e-05	-0.132237	-0.0253439999999999	0.0006423183359999	0.0174866241689999	-0.000398373	-9.3844e-05	1.58701047129e-07	8.806696335999999e-09	7.944869999999998e-05	-1.680420000000001e-05	2.823811376400004e-10	6.312095931689997e-09	-0.000318652	0.000106893	1.01539097104e-07	1.1426113448999998e-08	0.0	0.0	0.0	0.0	0.0	0.0	0.0	0.0	0.0	0.0	0.0	0.0	0.0	0.0	0.0
79384.89102659887	33.80401646856626	6301960923.304977	1142.7115294070989	126149.86576930732	445.0208125995123	198043.52364673023	15913788633.614254	78179.0576143732	-28.1064115408808	789.9703697053574	6111965049.471485	85926.43694524685	75120.39170509491	1.029151	20.65098	0.0898060199999999	0.0485106	0.0077236387	0.0377106279	0.0356355589	0.0902428585	-0.0789383904	0.0451700714	-0.0056571302	-0.1089671245	-0.0077904524	-0.0121346559	-0.0151634796	-0.0283883593	0.0973279556	-0.0675363567	0.0518535801	-0.0171770868	0.0259174006	0.0722213719	-0.014104898	0.0105532154	-0.0471271991	-0.0159754688	-0.223798494	-0.0155254527	0.0686160919	0.1041171767	-0.1610069813	-0.136735148	-0.0388935883	-0.0467770099	-0.0255314983	0.0626807872	-0.1141701565	-0.0586787306	0.073915215	-0.055650326	-0.0985395794	0.0111151805	-0.0214633094	0.0427816418	0.1035424497	0.077217083	0.0216671062	-0.0928193524	-0.1056093378	0.0061537921	0.0185845261	0.0268954805	-0.1089467413	0.0164373986	0.0134306269	0.1401742361	0.0192100556	0.0412086033	-0.0094399728	0.0283632448	0.0103552553	-0.0239506536	-0.0129346981	-0.0856219405	-0.0209020849	0.0039908271	0.0967792637	-0.0569356225	0.1019119499	-0.0982605696	0.0695542507	0.0250398641	-0.1081855076	0.1434154928	0.162774099	-0.0735739431	-0.0443222567	0.1200875238	0.0020371096	-0.0212187191	-0.0553481781	0.0412045503	-0.0619844558	0.036385489	0.1510383558	0.0793764193	0.0202237803	-0.0480835316	-0.0946249323	-0.00337073	0.01310257	1.13618207329e-05	0.0001716773406049	-0.0121094	-0.0025060699999999	6.280386844899996e-06	0.0001466375683599	-0.0856918	0.0465451999999999	0.0021664556430399	0.0073430845872399	7.96593e-05	0.0004780323	6.34560407649e-09	2.2851487984329003e-07	0.000116152	3.670330000000001e-05	1.347132230890001e-09	1.3491287104e-08	-0.00035696	-3.830800000000003e-05	1.2742044160000002e-07	1.467502864000002e-09	0.0	0.0	0.0	0.0	0.0	0.0	0.0	0.0	0.0	0.0	0.0	0.0	0.0	0.0	0.0
79450.77377620709	65.8827496082231	6312425453.638036	4340.53669593982	126450.34460837978	300.47883907245705	90287.53273033154	15989689651.578	78176.77265230998	-2.2849620632187	5.221051630348657	6111607782.330962	85958.10187188156	74880.14864130029	1.085144	21.77453	0.0824545	0.0463747	-0.0311882004	0.0591542246	0.1145556566	-0.0672576828	0.0757543004	0.0406787539	0.0117327731	0.0723288485	0.0802464379	0.0129435656	-0.014521384	-0.0571690555	-0.0699759862	0.0312617331	0.0077854555	-0.0152974596	-0.0445595443	0.0629609647	-0.0256111549	-0.1870046874	-0.1586122516	0.0522017398	-0.0163862898	-0.0010332476	0.1119560906	0.1981742672	0.0763191977	-0.0009646194	0.0115600179	0.0094392803	-0.0389142602	0.0416515112	-0.057275908	0.1094239004	-0.0379291455	-0.1195615786	-0.0581931135	-0.0932911937	0.0700166321	0.0119388559	-0.0095759313	-0.0620306905	-0.0370157956	-0.0159963075	-0.1400089475	0.0183589882	0.0683436879	-0.0393611158	0.0508083625	-0.0042999118	-0.0397004871	-0.0194221978	0.0231487403	-0.0353321827	-0.0927846792	-0.0743279957	-0.0796490509	0.0787407013	-0.0939404934	0.0534469996	-0.0140926183	-0.120602168	0.1767335377	0.017979716	0.1242538557	-0.0583549392	-0.0249546821	0.1217698522	0.1340217425	-0.041852252	0.0443672928	0.0483153209	0.037051652	-0.0748388294	0.0691823671	-0.0108197327	-0.0578039908	0.1446452268	-0.1056737575	0.0827723395	-0.0092536103	0.0782907735	0.0168870486	-0.0525182979	-0.0970388015	-0.013046	-0.00967527	0.000170198116	9.36108495729e-05	0.00129706	0.0134064599999999	0.0001797331697315	1.6823646436000002e-06	-0.129565	-0.0438732	0.00192485767824	0.016787089225	-4.67411e-05	-0.0001264004	2.1847304292099997e-09	1.5977061120160002e-08	-1.056e-06	-0.0001172079999999	1.3737715264e-08	1.115136e-12	-0.000423343	-6.638299999999999e-05	1.79219295649e-07	4.406702688999999e-09	0.0	0.0	0.0	0.0	0.0	0.0	0.0	0.0	0.0	0.0	0.0	0.0	0.0	0.0	0.0
79473.93223784953	23.158461642437032	6316105905.346298	536.3143456442274	125074.83874278465	-1375.5058655951289	1892016.3862866047	15643715286.533585	78330.1193601405	153.34670783051115	23515.21280245615	6135607598.973857	85865.01487493435	75837.70660849265	1.113237	22.338257	0.03572179	0.017663	-0.0328510374	0.0562108316	-0.1185048223	-0.0516735849	0.0188054261	-0.0821076068	0.0475550908	0.0737816088	-0.0211416007	-0.0290329556	-0.0846828424	0.0057802442	-0.052269884	-0.0380273875	0.1310747705	0.0778792452	0.112526516	-0.0600930475	0.056859386	-0.142302982	-0.1132277129	0.0148300296	0.1576108293	-0.056449216	0.1390869492	0.0132952771	0.0763463085	0.0098811679	0.119299119	0.0066986519	0.0583011069	0.0133006677	-0.0841879913	-0.1579959796	-0.0453538801	-0.0213622937	-0.1077954381	0.1055307879	-0.0413012471	0.0329826964	-0.0354988373	0.0724309784	0.1470374144	-0.0726823107	0.1504215838	-0.0308103901	0.0314659691	-0.0179307721	-0.0407867663	0.0549443348	-0.049171729	-0.0797784293	-0.0614849107	-0.0022704315	0.0275986802	0.0056931709	0.0235188616	-0.026803304	-0.0846285813	-0.0390484319	0.0252826703	-0.0758917179	0.0475636033	0.0487430166	0.0520077781	-0.139135454	-0.1999836182	0.1996239338	0.011450213	-0.0476135066	-0.0153899245	-0.0569912279	-0.0475311749	0.0752923698	-0.0551472636	-0.1919343577	0.1127948071	-0.0673768235	0.1551499967	-0.0364708596	0.0166489503	0.0771837238	0.0135318513	-0.0568238659	-0.0990283447	-0.00338212	0.00966388	1.14387356944e-05	9.33905766544e-05	-0.00968235	-0.0109794099999999	0.000120547443948	9.37479015225e-05	-0.124003	0.005562	3.0935844000000125e-05	0.015376744009	-0.000122615	-7.587389999999999e-05	1.5034438224999997e-08	5.7568487012099994e-09	-3.51181e-05	-3.40621e-05	1.16022665641e-09	1.23328094761e-09	-0.000342949	8.039400000000002e-05	1.17614016601e-07	6.463195236000003e-09	0.0	0.0	0.0	0.0	0.0	0.0	0.0	0.0	0.0	0.0	0.0	0.0	0.0	0.0	0.0
79455.90743414845	-18.024803701075143	6313241226.183968	324.8935484622922	125828.76730443868	753.9285616540292	568408.2760777132	15832878681.354576	78403.7436650081	73.6243048676115	5420.538267239002	6147147020.688299	86208.62553177521	75675.08299988434	0.988508	19.835442	0.040926794	0.0232836	-0.0234774321	0.0322954454	0.0057583934	0.0229483619	-0.1114961399	0.0347852523	-0.0125333551	-0.0643676226	-0.055814258	0.0670611347	-0.0810081996	0.0715653967	0.0789176455	-0.0262708021	0.0244037208	0.0145676429	-0.0520391578	0.0010226181	-0.1099668983	-0.0763846362	0.1719868279	0.0607945261	0.1325565099	0.0210914562	0.0353264721	0.0042266182	0.1336637733	0.0256054433	0.0045311459	0.031504224	0.0056694651	-0.0294013089	-0.0757622851	-0.003838173	0.0585397728	0.1394836998	0.008915968	-0.033894301	-0.0703347525	0.0149668826	-0.1288410214	-0.0448133062	-0.047592929	0.0490292435	-0.0291538958	0.0295996585	0.0149620648	-0.0852860091	0.1464225341	0.0053747726	0.0859740994	0.0686814458	-0.0413268945	0.0372861089	-0.0215621969	-0.0011342045	-0.0279853737	-0.0317513149	0.0830552666	0.0963566371	0.1183086359	-0.0347975166	-0.09313484	0.0038256083	-0.1069790932	-0.0832601492	-0.0467315801	0.0086365363	0.0799265812	-0.0893420096	-0.0900138387	-0.046026678	0.1080092459	-0.0288453578	0.0040665368	0.0294569715	0.0026633679	-0.0106910832	-0.0040194209	0.1780005388	-0.0914245177	0.0760555728	0.010161857	-0.0609896438	-0.1005848622	-0.00336509	1.7030000000000343e-05	1.1323830708099998e-05	2.9002090000001166e-10	-0.000403281	0.009279069	8.610112150676099e-05	1.6263556496100002e-07	-0.122635	0.001368	1.8714240000000225e-06	0.0150393432249999	0.000251105	0.00037372	6.3053721025e-08	1.3966663840000002e-07	-0.000215146	-0.0001800278999999	3.2410044778409995e-08	4.6287801316e-08	-0.000394455	-5.150599999999999e-05	1.55594747025e-07	2.652868035999999e-09	0.0	0.0	0.0	0.0	0.0	0.0	0.0	0.0	0.0	0.0	0.0	0.0	0.0	0.0	0.0
79393.32633519932	-62.58109894912923	6303300266.567454	3916.393945680704	126235.77209394904	407.0047895103635	165652.89868437528	15935470156.155443	78435.2968637428	31.55319873469125	995.6043503909216	6152095794.103461	86136.75010832457	75269.3243360401	0.980223	19.669186	0.083319766	0.0376325	-0.0229365183	0.0373294618	0.0972063622	9.84438e-05	0.0260528219	0.0660119887	-0.0220600193	-0.0198096333	0.03479796	-0.0148585946	-0.0408657057	0.0878245603	-0.0321818129	-0.012821952	0.0597458868	-0.0276499243	-0.0655542255	0.0952786545	-0.0132508345	-0.0411232153	0.062844648	-0.0017929171	0.1072400358	-0.0416453513	0.1722162776	-0.1040080949	0.1133627399	-0.0920033344	0.0760808302	-0.0510235557	0.0593790711	0.0353701455	-0.0643249709	0.0518507175	0.1112461782	0.0128147871	-0.0106208907	-0.0608598593	0.0009225527	0.1035155549	-0.1051109583	-0.0557384565	0.1024784175	0.1014345727	0.0433057459	-0.0491745265	0.0091087073	0.0839937412	-0.0120675549	0.0139055356	0.0656433515	-0.0102732963	-0.0203729172	-0.0395896682	-0.10369006	0.0163197218	-0.1280235779	0.0125806412	0.0308540265	0.0531643293	-0.0189118523	-0.0311906074	-0.044107347	0.0419311558	-0.0742985518	-0.0272701355	-0.184002106	0.1471399247	0.0200720516	0.0939380589	0.0747189299	-0.0766669007	-0.0366650561	-0.091930665	0.0316393289	0.0460310098	0.0077520878	-0.1290376148	0.0167587122	-0.0055508767	-0.0782507053	0.074906629	0.0067807509	-0.0650053833	-0.1017015476	-0.00343917	-7.408000000000024e-05	1.18278902889e-05	5.4878464000000355e-09	0.0112871	0.011690381	0.0001366650079251	0.00012739862641	-0.151996	-0.0293609999999999	0.0008620683209999	0.0231027840159999	-0.000122615	-0.00037372	1.5034438224999997e-08	1.3966663840000002e-07	-0.000373496	-0.00015835	2.5074722500000007e-08	1.3949926201600002e-07	-8.26389e-05	0.0003118161	6.82918779321e-09	9.722928021921001e-08	0.0	0.0	0.0	0.0	0.0	0.0	0.0	0.0	0.0	0.0	0.0	0.0	0.0	0.0	0.0
79342.04311497984	-51.28322021948407	6295159805.65932	2629.968676080099	126149.00615794188	-86.76593600715569	7528.327651197836	15913571754.63646	78256.15274056647	-179.14412317633105	32092.61686861647	6124025441.7548685	86004.20368221507	75124.32085114837	0.983767	19.740295	0.05897545	0.026743	-0.0186863126	0.0467131806	-0.0376785884	0.0146743954	0.1424142182	-0.0055992358	0.0574624842	0.0698633115	0.0010033827	-0.1202673992	-0.0005832908	0.0025541617	-0.078622365	0.0856377616	0.0890100261	-0.0458480121	0.1581503358	0.0884195216	-0.0326621365	0.0562072811	0.1155791205	-0.0068694304	-0.0860914308	-0.0151802347	-0.0017134679	0.0077682934	-0.0114396016	0.0340209437	0.0318341621	0.0510885152	0.1050985205	0.0391477866	-0.0373878705	-0.0396517473	-0.0272063934	0.1233689956	0.0187984306	0.0272533306	-0.0245440822	0.0349395934	-0.129371321	0.0452399696	-0.0202198687	-0.0536915618	-0.0362010415	0.1254142009	-0.1481628273	-0.0880390143	0.0889147538	0.0614588305	-0.0147670828	-0.0787838333	0.0162012986	-0.1224462316	0.0280426527	0.0414741464	-0.0682044002	-0.0117747446	0.0573623403	-0.1562272271	0.043680096	0.041128864	-0.0520937018	0.0190396904	0.0172318414	-0.0289610438	0.0962692047	-0.0240843243	-0.0683643854	-0.0757916035	-0.0429061462	0.0471676274	0.0429115038	-0.023563343	0.0819537988	-0.1158394634	-0.035089143	-0.0260331793	-0.0217434927	0.0434542168	-0.077121716	0.0737372065	0.0033922301	-0.0688612056	-0.1023735181	0.00960583	0.013045	9.22719699889e-05	0.000170172025	0.0164153	0.0051282	2.629843524000001e-05	0.00026946207409	-0.128767	0.023229	0.000539586441	0.0165809402889999	8.355789999999998e-05	0.0002061728999999	6.981922652409997e-09	4.2507264694409994e-08	-0.000335077	3.841900000000004e-05	1.476019561000003e-09	1.1227659592900001e-07	-0.000189512	-0.0001068731	3.5914798144e-08	1.142185950361e-08	0.0	0.0	0.0	0.0	0.0	0.0	0.0	0.0	0.0	0.0	0.0	0.0	0.0	0.0	0.0
79283.54021693872	-58.50289804111526	6285879749.33094	3422.589079209128	125779.09786773488	-369.90829020700767	136832.1431638718	15820381460.421228	78267.72165435879	11.5689137923182	133.83976633409026	6125836252.964183	86166.93308002889	74579.85188708811	1.055156	21.172792	0.057753085	0.0307585	0.0343293262	0.026044019	-0.0361960504	-0.0722926099	-0.0852621695	0.0039085934	0.0001401132	0.0060663868	-0.0973003193	0.0488572884	-0.0403000433	-0.0229302851	0.0684448976	0.0229252824	-0.009438879	0.083998726	0.0005127836	0.013707323	0.0609399596	0.0165642993	-0.0041450266	-0.0237256405	0.1226060778	-0.0647076783	0.0059066392	-0.0127094152	0.0059045859	0.0054005131	-0.012709145	0.0675461863	0.05178181	0.094194965	-0.0005559596	-0.0186560067	0.0072924503	-0.1072304937	-0.0542977814	-0.161456924	0.1101299811	-0.0159795813	-0.1084018956	0.0552923879	-0.021545752	0.1221832419	-0.1256870936	0.1017299059	-0.1103713451	0.1081089759	-0.1371119847	-0.0094703052	-0.0020439195	0.0111161239	-0.04360251	0.0249817747	0.110856589	-0.0321970064	-0.0324121172	-0.004307174	-0.013450147	0.0711894406	0.050306739	0.0033499433	-0.0353690316	-0.0159822343	0.0462755961	-0.0611343595	-0.0854501671	0.0585456602	0.0136187451	0.0292750503	-0.1194499708	-0.01597717	-0.0448411746	0.0808331224	-0.073778959	0.0919834251	0.0489115724	0.0336742445	0.0103476033	-0.1103364863	-0.0059629101	0.072547625	-0.0	-0.072547625	-0.1025978352	0.0108709	0.00126507	0.0001181764668099	1.6004021049000002e-06	-0.00966997	-0.02608527	0.0006804413109729	9.35083198009e-05	-0.139457	-0.01069	0.0001142761	0.019448254849	-0.000206179	-0.0002897368999999	4.2509780041e-08	8.394747122160996e-08	-0.000377878	-4.2801000000000026e-05	1.8319256010000022e-09	1.42791782884e-07	-0.000127795	6.1717e-05	1.6331562025e-08	3.808988089000001e-09	0.0	0.0	0.0	0.0	0.0	0.0	0.0	0.0	0.0	0.0	0.0	0.0	0.0	0.0	0.0
79364.95991755155	81.41970061282336	6298796862.714563	6629.167647881789	125215.0775776274	-564.0202901074808	318118.88765292685	15678815652.771246	78176.63658366354	-91.08507069524784	8296.490103558299	6111586507.534201	85921.62156315651	75143.62682300994	0.98946	19.854536	0.05653732	0.0241057	0.0032822732	0.0172744985	-0.0054568333	0.0335452118	-0.0492301089	-0.0270965075	0.0062805938	-0.0859274513	-0.0019840401	0.0699135876	-0.0440224157	-0.0522994236	0.1270719639	-0.0052575136	-0.0288089266	-0.0265549053	0.0478451794	0.0461781798	0.0444436319	-0.0289463812	-0.1007484302	0.0026194488	0.0495089565	0.0162383695	-0.0469648251	0.0633008845	0.0894210621	0.1088658109	0.0036289483	0.0414530629	-0.038574762	-0.0565554792	-0.0310495575	-0.0331316578	0.1411358222	-0.0159809569	-0.0707720192	-0.0650761236	0.0314076742	-0.0599160691	0.0726544711	-0.0581428329	0.0274859805	-0.0918682293	-0.0262219751	-0.0453168743	-0.004085905	0.095953393	-0.0482743954	-0.0052989673	-0.0203729406	0.1175430348	-0.0031335971	0.0753674531	0.0126966949	-0.0434657399	0.0403566073	-0.0397823912	0.0358199572	-0.0953778657	0.0035184107	-0.0479569258	0.1216032598	0.051284262	-0.0035078656	0.0356768661	-0.0706490371	0.0383596319	0.0753253321	0.0001560818	-0.1086294144	-0.0699520802	-0.0195437462	0.0457990425	-0.1233473274	0.1296072436	-0.0126914369	0.0538655054	-0.0029811018	-0.0117323757	-0.0346373672	0.0713382097	-0.0033922301	-0.0760555728	-0.1023735181	-0.00347412	-0.01434502	1.20695097744e-05	0.0002057795988004	-0.0096223	4.766999999999966e-05	2.272428899999967e-09	9.258865729e-05	-0.156674	-0.017217	0.000296425089	0.024546742276	-0.000443718	-0.000237539	1.9688566352400002e-07	5.642477652100001e-08	-0.000304195	7.3683e-05	5.429184489000001e-09	9.2534598025e-08	5.95356e-05	0.0001873306	3.54448766736e-09	3.509275369636e-08	0.0	0.0	0.0	0.0	0.0	0.0	0.0	0.0	0.0	0.0	0.0	0.0	0.0	0.0	0.0
79268.8909214957	-96.06899605585204	6283557067.923983	9229.252003179316	126151.11153960988	936.0339619824808	876159.5779846204	15914102942.679092	78188.18961916877	11.5530355052324	133.47262938516047	6113392995.923091	85958.47017709428	74767.04948662846	0.977257	19.609669	0.09756021	0.0478799	0.0076293392	0.0123478479	0.065964138	0.0366904637	0.0564959253	0.0195966818	0.0034534306	-0.0248769891	0.0852536522	-0.0645617211	-0.0119329753	-0.0446928678	-0.0851388218	0.0746753923	0.0490782362	-0.0287957677	-0.023602575	0.0002387785	-0.0724218395	0.0128505505	-0.0475022863	-0.0003968517	-0.0719851387	0.0489700148	-0.0831248183	0.014363507	0.0335257468	0.0370109878	-0.0171049378	0.1262622833	0.015648894	0.0462616814	0.0799858326	-0.1733698203	-0.0942133949	-0.1719982559	0.0183561523	-0.0445458731	0.0197449807	-0.0171581577	0.0219857389	0.0529850738	0.1733293157	0.049195598	0.0198882552	-0.0472745172	0.0120417056	0.0008721681	-0.0843770605	0.0202517935	-0.0384251038	-0.0060776204	0.0546696865	-0.0828733881	-0.0876353131	-0.0314972625	-0.043298943	0.0511769201	-0.0064998212	0.0048801579	-0.0519251375	0.0028483815	0.0507752289	-0.0731227475	-0.0285653552	-0.0512021544	0.0595233148	-0.0031670674	0.0895832859	-0.0388510166	-0.0287395252	0.1062482948	0.0210702141	0.1421305054	-0.0068669523	-0.0793941497	0.0017918128	0.1129483967	0.0333245208	-0.1695348069	-0.0976955384	0.0701092912	-0.0067807509	-0.0793764193	-0.1017015476	0.0141489	0.01762302	0.00020019137121	0.0003105708339204	-0.00970047	-7.816999999999893e-05	6.110548899999833e-09	9.409911822089998e-05	-0.139621	0.017053	0.000290804809	0.019494023641	0.000325487	0.000769205	1.05941787169e-07	5.916763320250001e-07	-0.000653248	-0.000349053	1.2183799680900002e-07	4.267329495040001e-07	0.000197398	0.0001378624	3.8965970404e-08	1.900604133376e-08	0.0	0.0	0.0	0.0	0.0	0.0	0.0	0.0	0.0	0.0	0.0	0.0	0.0	0.0	0.0
79282.49223874845	13.601317252760056	6285713575.587209	184.99583101022836	125473.931727707	-677.1798119028826	458572.49764882354	15743707543.209276	78277.86484037284	89.67522120407375	8041.645297999558	6127424123.967679	86046.12783777574	74378.07876671442	0.957304	19.209305	0.02392542	0.0118259	0.0330921953	0.0115897141	-0.0263944195	-0.1168822082	-0.0242477597	-0.0265630445	-0.0045204527	0.0703138668	-0.0229993057	-0.0043382389	-0.0517572735	-0.0042459217	-0.0917087525	-0.006419918	0.0043733884	0.0168726633	0.0347872167	-0.0254528874	-0.0079362437	-0.0586910994	-0.0018910127	0.042945724	0.0573990173	-0.0744635475	-0.0657975527	0.0854819904	0.121685672	-0.026973074	-0.0353375127	0.0423631331	-0.1173640882	0.0488172646	0.0745626403	0.0157753416	-0.0139486466	0.0794163097	-0.0508358343	0.013062518	-0.0403616172	-0.0546748515	0.0066054847	-0.0315111933	0.0267591155	-0.0917721496	0.0804872916	0.1487116681	-0.0343835854	0.0436951172	-0.0136758073	-0.0149937683	-0.0187925213	-0.0742424872	-0.0321441455	-0.0214201788	-0.0097279694	-0.011075726	-0.0627816584	0.0386233598	-0.0589178838	0.0432029503	0.0237155628	-0.0144590455	0.0219927387	0.0995916345	-0.0610379334	0.0145645868	0.0024412347	0.0010603477	-0.0300833228	-0.0170312979	-0.1209337686	0.0316247309	-0.0154219684	0.0640186821	-0.0829352578	-0.1220936308	-0.0070390665	-0.0438493349	-0.0074004742	0.0374259188	0.0786545554	0.0688612056	-0.010161857	-0.0825019948	-0.1005848622	0.0175978	0.0034488999999999	0.00030968256484	1.1894911209999997e-05	-0.00970629	-5.820000000000131e-06	3.3872400000001516e-11	9.42120655641e-05	-0.146956	-0.007335	5.380222500000012e-05	0.021596065936	0.00028743	-3.805700000000003e-05	8.26160049e-08	1.4483352490000023e-09	-0.000755909	-0.0001026609999999	1.0539280920999998e-08	5.71398416281e-07	0.000319394	0.000121996	1.0201252723600003e-07	1.4883024016000008e-08	0.0	0.0	0.0	0.0	0.0	0.0	0.0	0.0	0.0	0.0	0.0	0.0	0.0	0.0	0.0
79396.29401713949	113.80177839103273	6303771503.656059	12950.84476496172	125644.43715789211	170.50543018511962	29072.1017226127	15786524588.7235	78339.68437612572	61.8195357528748	3821.6550007009655	6137106148.150996	85989.52805114233	74955.72911326819	0.957629	19.215809	0.0430362099999999	0.0302463	0.016351533	0.0475897904	-0.0521488612	-0.0100868447	-0.0824763322	-0.0464018993	0.0499407824	-0.024002792	-0.0415458203	0.0948411483	-0.0277010955	0.012062661	-0.0450107869	-0.0172611065	0.052333927	0.0300131947	-0.0750690246	-0.0485965554	0.1158790119	-0.0619924876	-0.0008910392	-0.0004348538	0.1107247073	-0.0252510221	-0.0329919916	0.1135993827	0.000282097	0.2716254921	-0.0825736769	0.0654116579	-0.0286073211	0.0861475682	0.1210782124	0.0970164348	-0.0515969918	-0.0298642934	0.1064156137	-0.0229451963	-0.1081773336	-0.1027760503	0.0944139382	-0.0395097846	0.0852977834	-0.0971721757	-0.0698818393	0.1019483509	-0.0350530616	-0.0857066508	-0.073436695	0.0474042113	-0.0054362799	-0.0167050116	-0.08980552	0.0539031844	-0.0021540514	-0.0066262373	0.0498809642	0.1009302549	0.0662785868	0.0612655092	0.0060891498	-0.0524639598	0.001790639	0.1033270376	0.0459637844	-0.0101705436	-0.0613013228	-0.0525243474	0.012345203	-0.1500484424	-0.1714238976	0.1621723124	0.0860445656	0.0626178912	0.0361590818	0.0881181057	0.0073986886	0.1003249285	-0.0205066524	0.1157435186	0.1186069227	0.0675942939	-0.0135318513	-0.0854246103	-0.0990283447	0.0221377	0.0045398999999999	0.00049007776129	2.061069201e-05	-0.0121778	-0.00247151	6.108361680100007e-06	0.00014829881284	-0.13814	0.0088159999999999	7.772185599999983e-05	0.0190826596	-0.000212149	-0.000499579	4.5007198201e-08	2.49579177241e-07	-0.000719468	3.644100000000001e-05	1.327946481000001e-09	5.176342030240001e-07	0.00032755	8.155999999999994e-06	1.0728900250000001e-07	6.652033599999989e-11	0.0	0.0	0.0	0.0	0.0	0.0	0.0	0.0	0.0	0.0	0.0	0.0	0.0	0.0	0.0
79424.41243479539	28.118417655903613	6308237290.612481	790.6454114718321	126481.92024532246	837.4830874303443	701377.9217318618	15997676148.94411	78341.8803668723	2.1959907465789	4.822375359060155	6137450219.417331	86108.10169216125	75727.99865384544	0.972317	19.510542	0.04386294	0.0264396	-0.0164305754	0.0422358033	0.0802553036	0.0674640503	-0.0042223783	0.0365811103	0.0175377168	-0.0752604724	0.1125358122	0.0310398874	-0.0069566916	0.0251470223	-0.033768083	0.0445628274	0.0066912905	-0.0660339965	0.0243864907	0.1213083654	-0.0510634282	-0.0021151725	0.1002424563	0.1134843131	0.0337649594	0.0423394147	-0.0752688689	0.0047546066	0.0212014842	0.1038097102	0.0712892119	-0.0798793168	-0.0542504928	-0.0340193858	0.0347427898	-0.0669016649	0.0477612561	0.0375601852	-0.0396733609	0.0840637283	0.0786591864	0.1263380897	-0.1759522661	0.125756417	-0.045221542	-0.0517798497	0.0007403948	-0.0715251916	0.1428083272	0.083526331	-0.0907421274	0.0510980416	0.0235512678	0.0017386241	0.0464952776	-0.0174490443	-0.0897861546	-0.011315418	-0.054088415	0.0814462877	0.0662014537	-0.0658617458	0.0820096489	-0.0363949792	-0.0591633377	0.0942243724	-0.0500952742	0.0248061749	0.0067658105	-0.0225046406	-0.0677815078	-0.1180617189	0.0712717283	-0.1399388613	-0.0811001686	-0.1167033375	0.0443837582	-0.0174233239	0.0926017966	0.0210451478	0.0967661792	-0.0514282765	-0.05054354	0.0663089027	-0.0168870486	-0.088137076	-0.0970388015	0.0242706	0.0021329	0.00058906202436	4.54926241e-06	-0.00970926	0.00246854	6.0936897316e-06	9.42697297476e-05	-0.146129	-0.0079889999999999	6.382412099999994e-05	0.021353684641	0.000202048	0.000414197	4.0823394304e-08	1.71559154809e-07	-0.000836522	-0.000117054	1.3701638916000002e-08	6.997690564840001e-07	0.000421749	9.4199e-05	1.7787221900100005e-07	8.873451601e-09	0.0	0.0	0.0	0.0	0.0	0.0	0.0	0.0	0.0	0.0	0.0	0.0	0.0	0.0	0.0
79579.23364093006	154.82120613467123	6332854426.877735	23969.60586899436	126027.69936803344	-454.2208772890153	206316.60536520276	15882981007.999416	78403.15342444164	61.2730575693422	3754.3875838959234	6147054466.896535	86202.94525505515	75498.66964858673	1.081915	21.709738	0.0494280899999999	0.0286629	-0.0298923915	0.0532821883	-0.015640771	-0.1088541814	0.0919054595	-0.0552811952	0.0627476503	0.1002181556	0.0515870705	-0.0126010113	0.0029596757	0.0409908163	0.0459003982	0.1198371733	0.053452746	0.0957396248	-0.0645983245	-0.0448630339	-0.0230357103	0.0770730097	0.0540127497	-0.004078259	0.0880236124	0.0579949881	0.0871850639	-0.0656250549	0.0347217779	0.1004532678	-0.0204643768	0.0474942913	0.1285101092	-0.0114339213	-0.0320095657	0.0070252536	-0.0579726087	-0.0196465962	0.1040086556	-0.0146677883	-0.0674459318	0.1314389428	0.1140411916	-0.0601083904	-0.0128973501	-0.0231958404	0.0414556719	0.0465020529	-0.0023576676	0.0471321067	0.0031973279	0.0401725264	0.0159272677	-0.0751565183	0.0273417413	0.0260889687	0.0529545968	-0.1336296814	-0.0459848718	-0.1071771312	0.1143064785	-0.0172384937	-0.0251292338	-0.0113374952	-0.0879553982	-0.0334759454	-0.0944014615	0.011855805	-0.07626391	0.0913782833	-0.0157758691	-0.0101981419	-0.0702694146	0.0980087264	0.0276855802	-0.0206768937	-0.003723797	0.1091329219	0.0350265424	-0.0256289127	-0.0097762188	-0.000642003	0.0525303007	0.0650053833	-0.0202237803	-0.0906327191	-0.0946249323	0.0263699	0.0020993	0.00069537162601	4.407060490000008e-06	-0.0116791	-0.0019698399999999	3.880269625599995e-06	0.00013640137681	-0.173266	-0.0271369999999999	0.0007364167689999	0.030021106756	-0.000149678	-0.000351726	2.2403503684000003e-08	1.23711179076e-07	-0.000823809	1.2713000000000024e-05	1.6162036900000063e-10	6.78661268481e-07	0.000421749	0.0	1.7787221900100005e-07	0.0	0.0	0.0	0.0	0.0	0.0	0.0	0.0	0.0	0.0	0.0	0.0	0.0	0.0	0.0	0.0
79615.99242014332	36.758779213254456	6338706249.044318	1351.207849248788	125630.74722581609	-396.9521422173566	157571.0032109485	15783084648.516895	78313.38092973254	-89.77249470910465	8059.100806296222	6132985632.645395	86002.3860080751	76972.00571806724	1.133743	22.749733	0.0743867399999999	0.0373319	-0.0797538245	0.0068728797	-0.0966783068	0.0012736077	-0.0866730683	-0.0387489337	0.0242135455	0.0055638619	-0.0435449017	0.1008951564	-0.0619560395	0.0121528695	-0.0716604147	0.0017853073	0.0013305032	-0.0247781407	-0.1477450752	-0.0958227257	0.147695142	-0.010692288	0.0074651067	0.0505771181	0.044312406	0.0564160896	0.0917455778	0.0768610732	-0.0986977411	-0.0715736177	-0.0647535609	0.0778687886	-0.0480708707	-0.1026698271	-0.0703865535	0.0525780739	-0.052761719	-0.0580457207	0.0829601719	0.0775122356	0.0326779087	0.111492709	-0.0761411581	0.01869805	-0.1153863668	-0.0541586812	-0.112689464	-0.037009242	0.1221933064	0.1119680361	-0.0164875321	0.0198315846	-0.0096083101	-0.0553348126	-0.0739530956	0.0321645426	0.0256924567	0.007692858	0.0788930853	0.0985429296	0.0625097717	0.1236531002	-0.0239594488	-0.040802804	0.0519951667	0.0096879435	-0.0199553777	-0.0352296411	-0.0057461645	-0.052392626	0.035513653	0.1308008941	0.0005856824	0.078813829	0.0346702932	-0.1045288544	-0.010593587	0.0778475353	0.0136200635	0.0734027133	-0.0501646236	0.0751376588	0.0635931431	0.063684092	-0.0235383975	-0.0929054001	-0.0917972923	0.031433	0.0050631	0.000988033489	2.563498161000001e-05	-0.00649336	0.0051857399999999	2.6891899347599997e-05	4.21637240896e-05	-0.190928	-0.0176619999999999	0.0003119462439999	0.0364535011839999	0.00024733	0.000397008	6.117212889999998e-08	1.5761535206400001e-07	-0.00108962	-0.0002658109999999	7.065548772099995e-08	1.1872717443999997e-06	0.000688448	0.000266699	4.739606487040001e-07	7.1128356601e-08	0.0	0.0	0.0	0.0	0.0	0.0	0.0	0.0	0.0	0.0	0.0	0.0	0.0	0.0	0.0
79582.21481629617	-33.777603847149294	6333328915.067109	1140.9265216549547	127099.64190634953	1468.8946805334415	2157651.5824994417	16154318972.72228	78438.61876632295	125.2378365904151	15684.515713847515	6152616913.968551	86169.43606469932	76677.66524379552	1.075111	21.573225	0.0546676699999999	0.0331768	-0.0650323933	0.0290067734	0.0949560759	0.0586606481	-0.01950212	0.0838505154	-0.0055241445	-0.0721183956	0.0809801688	-0.0415853532	-0.0569612365	0.0902926963	-0.0386310243	0.0339428954	-0.0713362314	-0.1678268424	-0.0783794271	-0.0259960213	-0.088509727	-0.1566703458	0.1395551746	-0.0475148572	-0.0345704513	-0.0068240991	0.068687915	0.1254775069	-0.1156228756	-0.0047522775	0.0700914008	-0.0571606307	0.0080024126	0.1395906765	0.0818579819	-0.1092885439	0.1283938619	-0.0064944342	0.1075924517	-0.1032386978	0.0697595208	-0.0578633189	-0.016901011	0.1691529077	-0.0187763347	-0.1061905102	0.0495071797	-0.094630926	0.1104561404	0.0301227505	0.0495649143	0.0330663363	0.0751303963	0.0009109603	0.0331510002	-0.0807234505	-0.1457687961	0.0944084428	-0.0177681406	0.0609757136	0.0114743371	0.0441248774	-0.0322517644	-0.0166871805	-0.1035039752	0.047392282	-0.0611191665	-0.0707923855	0.0806115036	0.0204460607	-0.0588176375	0.093639858	-0.0331245103	-0.083058694	-0.1726808298	-0.1691569605	-0.057892219	0.0232232918	-0.1102493039	0.1063287522	-0.1122167394	-0.0148204143	0.0407709596	0.0623453902	-0.0268272759	-0.0949495281	-0.0885682462	0.027216	-0.004217	0.000740710656	1.7783089000000016e-05	-0.00276159	0.00373177	1.39261073329e-05	7.6263793281e-06	-0.164833	0.0260949999999999	0.0006809490249999	0.027169917889	0.000102631	-0.0001446989999999	1.0533122161e-08	2.0937800600999996e-08	-0.00108854	1.0799999999998745e-06	1.166399999999729e-12	1.1849193316e-06	0.000421749	-0.000266699	1.7787221900100005e-07	7.1128356601e-08	0.0	0.0	0.0	0.0	0.0	0.0	0.0	0.0	0.0	0.0	0.0	0.0	0.0	0.0	0.0
79600.2161924876	18.00137619143061	6336194417.890765	324.04954478540475	125722.85662569666	-1376.785280652868	1895537.7090223967	15806236678.12548	78364.31138553674	-74.30738078620925	5521.586839306699	6140965298.929363	86102.92819721639	76502.6756418077	1.017011	20.407377	0.05261857	0.0325498	-0.070122877	0.0350300379	-0.0520344767	-0.0718229802	0.0207482306	-0.0358019007	0.0218838997	0.0527110404	-0.0243786394	-0.0458588572	-0.0945621797	0.0424645011	-0.0929987722	0.0541952918	-0.0329501597	-0.0320864901	-0.0614694929	-0.0625246338	-0.0483049967	0.0875871328	0.0012233792	0.0196222907	0.1236424408	0.0080698275	0.0164456093	0.0892382346	-0.0191792513	-0.0209217257	0.0267829002	-0.0609781931	0.0515644305	0.0122408861	0.07468302	0.0700248103	-0.026253829	-0.0524036225	-0.0590954222	-0.0621278585	0.0628440979	-0.0877760433	0.1676981476	0.0495498102	-0.1086043725	-0.0783978567	0.021689647	-0.0544023317	-0.0439875467	0.0108128813	0.1250625625	0.0294795981	0.0066488233	-0.1038211363	-0.0435954813	-0.0505094067	-0.0199966825	0.0042790169	0.0183029579	-0.0077602092	0.0689747209	0.0394515759	-0.0049119441	0.042210904	0.0626600894	0.0197527457	-0.0964624505	0.048658652	0.0457737309	0.0828099728	0.0214964969	-0.0156603645	-0.0562361657	0.0430095245	-0.085720022	-0.0899067521	-0.0755446844	0.1238857722	0.0448579321	0.1198660937	-0.0441832793	-0.0648537848	0.1923266924	0.0609896438	-0.030086819	-0.0967600744	-0.0849519136	0.0296388	0.0024227999999999	0.00087845846544	5.869959839999996e-06	-0.00572936	-0.00296777	8.8076587729e-06	3.28255660096e-05	-0.192865	-0.028032	0.000785793024	0.037196908225	0.000155043	5.2412e-05	2.4038331849e-08	2.747017744e-09	-0.00100906	7.948000000000005e-05	6.317070400000007e-09	1.0182020836e-06	0.000673777	0.0002520279999999	4.5397544572900006e-07	6.351811278399998e-08	0.0	0.0	0.0	0.0	0.0	0.0	0.0	0.0	0.0	0.0	0.0	0.0	0.0	0.0	0.0
79533.87031519275	-66.34587729485065	6325636527.313898	4401.77543402338	126297.4558121019	574.5991864052485	330164.2250175735	15951047344.609837	78332.1682332943	-32.1431522424391	1033.1822360806177	6135928580.129121	86157.30581341912	76720.13050727152	0.986413	19.793398	0.0808484399999999	0.0346916	-0.0556157784	0.0006594708	-0.0481891333	0.0507818875	-0.1158254628	0.0234397429	0.0014351981	-0.0486258351	-0.0919784407	0.0282438745	-0.0554366143	0.0135505758	0.0620601412	-0.0246578888	0.0317229229	0.0644976431	-0.0268455761	0.0223211065	0.030869613	0.0879843039	0.0724482224	0.0519633968	-0.0097999338	0.0836923143	0.0420337112	-0.0157330927	0.034279069	0.0153115651	-0.0569528929	0.0927183584	-0.0178895508	-0.0419077308	0.0047374653	-0.052066955	-0.0897887476	0.07975497	-0.0094230682	0.0106139172	0.0037745357	-0.1271553384	0.1585700576	0.0333754757	0.0378779123	0.0710409069	-0.08239184	-0.0683647572	0.0569559763	-0.1674337336	-0.0199764662	-0.0118410012	0.0253106642	0.0405027776	-0.0425081439	0.0043938244	0.0638431395	0.0298176607	-0.0126457496	-0.054414506	0.1454273886	0.0553585581	0.0591827006	-0.0059646148	0.0357968225	-0.0751002914	-0.0646978549	-0.0301799197	0.0074198038	-0.0546768392	0.0474997292	-0.024792256	0.008155346	0.0510255103	0.0950704748	0.0819056994	-0.0033784152	-0.0120607804	-0.0218736487	0.0150083957	0.0314560993	-0.032299797	-0.0395970043	0.0596172234	-0.0333134626	-0.0983325849	-0.0809641079	0.0416849	0.0120460999999999	0.0017376308880099	0.0001451085252099	-0.013308	-0.00757864	5.74357842496e-05	0.000177102864	-0.165061	0.0278039999999999	0.0007730624159999	0.027245133721	0.000552309	0.0003972659999999	3.05045231481e-07	1.5782027475599997e-07	-0.00102816	-1.9099999999999976e-05	3.648099999999991e-10	1.0571129856e-06	0.000421749	-0.0002520279999999	1.7787221900100005e-07	6.351811278399998e-08	0.0	0.0	0.0	0.0	0.0	0.0	0.0	0.0	0.0	0.0	0.0	0.0	0.0	0.0	0.0
79433.89874763542	-99.9715675573243	6309744270.249597	9994.314319868658	127230.66477159632	933.2089594944118	870878.9620806428	16187642058.22232	78279.5085357754	-52.65969751890225	2773.0437427822794	6127681456.602533	86049.80725692621	75729.6991767774	1.120793	22.48988	0.07026515	0.0384971	-0.0436842014	0.0161386779	0.134335927	-0.0049291644	0.0374386677	0.0995479763	-0.0131513065	-0.0013340074	0.0907183533	-0.0498080672	-0.0535947034	-0.0042592342	-0.0459781093	-0.0145144794	0.0018033896	0.0686874257	-0.1053854817	0.0367870213	-0.0244789127	0.0745458281	0.0587019352	0.0023002997	-0.0586632801	-0.0687057335	-0.0321209193	-0.0701926322	-0.0169503999	-0.0101692469	-0.0207233886	-0.0957845157	-0.0585869206	0.0394631017	-0.0186863677	0.0202649981	-0.0100713454	-0.0855224427	-0.0423906776	-0.0126818925	-0.1408311184	0.1009766855	0.0673013796	-0.0401902212	-0.0306422512	0.1413762862	0.0290353676	-0.0426198944	0.1190346134	-0.08506934	-0.0342016374	-0.0173890319	0.0098292208	0.0060507192	0.0526797669	-0.0467780318	-0.0816230236	-0.0119826211	-0.0770903534	-0.0312718045	-0.0273283061	0.1374250991	-0.0627444651	0.0825527401	0.0537763384	-0.1057586755	0.0252670642	-0.1335012588	-0.0749259427	-0.0885030492	-0.1115909131	0.0121873058	0.0403624221	-0.0086680406	-0.0247367268	0.0832921916	0.114576025	0.0147328045	-0.006671302	-0.0059625707	-0.0053810471	-0.0515939514	-0.0758390601	0.0582285042	-0.0365036785	-0.0996631912	-0.0766222668	0.0336297	-0.0080551999999999	0.0011309567220899	6.488624703999998e-05	-0.0133841	-7.609999999999909e-05	5.7912099999998605e-09	0.00017913413281	-0.186867	-0.0218059999999999	0.0004755016359999	0.034919275689	0.000994262	0.000441953	9.885569246440002e-07	1.953224542090001e-07	-0.00115933	-0.00013117	1.7205568900000032e-08	1.3440460489000002e-06	0.000655183	0.000233434	4.292647634890001e-07	5.449143235600002e-08	0.0	0.0	0.0	0.0	0.0	0.0	0.0	0.0	0.0	0.0	0.0	0.0	0.0	0.0	0.0
79412.02041021334	-21.87833742208022	6306268985.63214	478.6616483543958	125326.10038067275	-1904.564390923566	3627365.519174054	15706631436.626465	78140.28551366624	-139.2230221091595	19383.049885207514	6105904220.157278	85972.76219061844	76165.05424468906	1.141244	22.900236	0.0946310999999999	0.0525803	-0.0367563328	0.0024348029	-0.112454041	-0.058133457	0.0034930808	-0.0594103872	0.0158851566	0.0477167551	-0.0716932655	-0.038841451	-0.0835315106	-0.0672483563	-0.0727833273	0.0269884567	0.0693813943	-0.05451648	-0.0880582298	-0.0323370568	0.1099683584	0.1004606184	-0.0665346188	0.1178648149	-0.032783434	0.1429510468	0.0155426875	-0.0775314052	-0.0375103711	0.0231360934	0.0006633014	-0.1855522956	0.0739657205	-0.0158093808	0.0792437055	-0.0206685211	-0.014900666	0.0062899925	-0.0037066364	-0.1535098366	0.0765622497	0.0408920641	0.1336276964	-0.0650692833	-0.0301094664	0.0819334819	-0.0229240078	0.0207724678	-0.0672574944	0.0905311888	0.0545430605	0.0036203412	-0.0675656635	-0.0556448121	-0.0623199538	-0.070871859	0.0675191959	0.0063490677	0.038173698	0.081335492	0.0818719398	-0.0170780369	-0.0201367405	-0.0566115193	0.0623924201	-0.0504863653	0.0052310139	0.0186709925	-0.040848734	-0.0111731141	0.016518844	-0.0081870092	0.1318062544	0.0062175894	-0.1392360163	-0.0084675871	-0.0634370266	0.0972389778	0.1326515641	0.0414676504	-0.0355264155	-0.192089345	-0.0362059362	0.0568238659	-0.0396539781	-0.1007486199	-0.071945376	0.0281313	-0.0054983999999999	0.00079137003969	3.0232402559999967e-05	-0.0133691	1.4999999999999389e-05	2.2499999999998167e-10	0.00017873283481	-0.206692	-0.0198249999999999	0.0003930306249999	0.042721582864	5.9526e-05	-0.000934736	3.543344676e-09	8.737313896960002e-07	-0.00074012	0.00041921	1.7573702410000006e-07	5.477776144000001e-07	0.000687091	3.190799999999998e-05	4.7209404228100004e-07	1.0181204639999987e-09	0.0	0.0	0.0	0.0	0.0	0.0	0.0	0.0	0.0	0.0	0.0	0.0	0.0	0.0	0.0
79367.81653571915	-44.2038744941965	6299250301.647573	1953.982520298676	126230.91301751592	904.8126368431696	818685.9077910893	15934243401.23567	78174.64699657781	34.3614829115686	1180.711507882021	6111275433.039552	86109.38811137737	76057.77676662675	0.986283	19.7908	0.1017257499999999	0.0482728	-0.028720845	-0.0334658849	0.0018196164	0.1009964476	-0.0815294403	0.0490803406	-0.0205283426	-0.0412349515	-0.0192324036	0.0478011723	-0.0468595418	-0.0496169301	0.0785863711	-0.0074260332	0.002430811	0.0340761221	-0.0506025269	0.0196388337	-0.0346602939	0.1223440702	-0.0095959494	-0.0375582851	0.0190769371	0.1586660309	0.0348152397	0.0977152187	-0.0488750414	0.0456683952	0.0336170175	0.1034089372	-0.0317069417	0.1427381667	0.0095695814	-0.0482831029	0.0231292543	-0.0111846902	-0.007309226	-0.006348091	-0.0126528129	0.0297099644	0.0027050527	-0.0034157677	-0.1198297734	0.0203603091	0.0155266922	-0.0861833788	-0.0098803037	0.1101868294	0.0416584701	-0.0320614649	0.0099751698	0.1012608569	0.0208507134	0.010462452	0.0389551409	0.0121627727	0.0510917941	-0.0432887945	0.0606459788	-0.0010695703	0.0206624378	0.0303641118	0.0754089472	-0.1926037028	-0.0704040828	-0.1484836481	-0.0319576175	0.0048199433	0.0413815912	-0.0327227015	-0.0746450345	0.1380479866	-0.0644567867	0.0320958693	0.030571626	0.0667063532	-0.0694512068	0.0124078239	-0.0134126786	-0.0403399663	-0.0110484358	0.0554036926	-0.0427609166	-0.1015862008	-0.0669538864	0.0331379	0.0050065999999999	0.00109812041641	2.5066043559999964e-05	-0.0181512	-0.0047820999999999	2.286848040999999e-05	0.00032946606144	-0.176116	0.0305759999999999	0.0009348917759999	0.031016845456	0.000808353	0.000748827	6.534345726090001e-07	5.607418759290002e-07	-0.00113115	-0.00039103	1.5290446090000001e-07	1.2795003225e-06	0.0007744549999999	8.736399999989997e-05	5.997805470248451e-07	7.632468495982522e-09	0.0	0.0	0.0	0.0	0.0	0.0	0.0	0.0	0.0	0.0	0.0	0.0	0.0	0.0	0.0
79301.22665751647	-66.58987820267794	6288684549.386801	4434.211879047482	126393.57499004775	162.66197253183054	26458.917307945994	15975335798.764826	78371.98695289985	197.3399563220446	38943.05836118647	6142168338.945505	86198.69870420825	74457.79545376112	1.116519	22.40411	0.0624887999999999	0.0356418	0.0036132572	-0.0157868103	0.1079847669	-0.0846922357	0.0642754766	0.0633993196	-0.0297445774	0.0658817953	0.0051578108	-0.0062857736	-0.0304659307	0.028839053	-0.0560722956	-0.0919900974	-0.0008707497	0.0554278678	-0.0104545809	0.0386194878	-0.0822419106	0.0105600181	-0.0061186176	-0.0032844198	-0.0928924537	0.0442226651	0.0377561994	0.0974730712	0.0216164593	-0.0851915633	-0.0279748609	0.1391034585	-0.061786682	0.0046475855	-0.0510833055	-0.0684460337	0.0315780846	-0.0762121629	-0.0253449272	-0.0349750913	0.1618158866	-0.1002420707	-0.0455968171	-0.0102919327	0.0127697257	0.1401795718	0.1283041344	-0.0103933525	-0.061472149	0.1293643602	0.0700389198	-0.0548036161	0.0352739725	-0.030696444	-0.0255924838	-0.0285548804	-0.0864189993	-0.0094677897	-0.0713503527	-0.0391878439	-0.0804335757	0.0411422751	-0.0177913803	0.0233766518	0.1296553545	-0.0758647391	-0.0657630822	-0.0451955325	0.0259210219	-0.0047716045	0.0200993388	0.0557630291	0.0145125653	0.0336496001	0.1210036617	0.0550881697	-0.0750796819	-0.0727466458	-0.0899517738	0.0411208703	-0.0587389786	-0.0003518499	-0.083811533	0.0539683725	-0.0458210968	-0.1021738733	-0.0616696245	0.0231494	-0.0099884999999999	0.00053589472036	9.977013224999996e-05	-0.0226266	-0.0044754	2.002920516000001e-05	0.00051196302756	-0.203285	-0.027169	0.0007381545609999	0.041324791225	0.00105445	0.0002460969999999	1.1118648024999998e-06	6.056373340899995e-08	-0.00127978	-0.0001486299999999	2.209087689999996e-08	1.6378368483999995e-06	0.000752064	-2.239099999990001e-05	5.65600260096e-07	5.013568809955221e-10	0.0	0.0	0.0	0.0	0.0	0.0	0.0	0.0	0.0	0.0	0.0	0.0	0.0	0.0	0.0
79289.06950870606	-12.157148810409126	6286756543.556421	147.79626719843202	125336.142665207	-1057.43232484076	1118163.1216181344	15709148658.19312	78264.40825941102	-107.57869348883104	11573.17529276386	6125317600.195765	85990.70670627627	75258.74009574883	1.126256	22.599489	0.0708413	0.0347959	0.0017002872	-0.0270689636	-0.1139815819	-0.0346220254	0.0004514053	-0.0494715223	0.0038362177	0.0587698815	-0.0501273246	-0.0374497201	0.0108582532	-0.0140711526	-0.066840444	-0.0325968883	0.0308758764	0.0021695471	-0.0146210838	0.0059674598	0.0308955103	-0.0727073441	0.1584896721	-0.0208414851	0.0322982091	0.0582681262	-0.138520585	0.0545531754	-0.1372009825	-0.0186651657	-0.1394153954	0.0894030426	0.0824780123	-0.014488243	0.0694515728	0.1178766896	-0.0852524007	-0.0435417489	-0.0259246183	-0.1344526642	-0.1032943661	0.0343378	0.0172617151	-0.0268533706	0.0701595323	0.1704216399	0.0970077978	-0.0333346251	-0.030772785	-0.0175919555	-0.010159402	0.013952595	-0.0446097121	-0.0840766506	-0.0353857205	-0.0190581481	0.0580187641	0.0375177331	0.016143126	0.0747256287	-0.0603513711	-0.0096073364	0.0376014165	0.0617201427	-0.083619295	0.0449875297	-0.0654150415	-0.1575654047	-0.0036031955	-0.136086237	-0.0798949949	0.1388566139	-0.0236225708	0.1635074208	0.049928858	-0.0242552526	-0.0690678	-0.0159827321	0.0220381294	0.0381657047	-0.0106808733	-0.0738247069	0.0137823203	0.0525182979	-0.0488311722	-0.1025101919	-0.056115697	0.0415907	0.0184413	0.00172978632649	0.00034008154569	-0.0212934	0.0013331999999999	1.777422239999999e-06	0.00045340888356	-0.190691	0.0125939999999999	0.0001586088359999	0.036363057481	0.00123569	0.00018124	1.5269297761e-06	3.2847937600000024e-08	-0.00149913	-0.00021935	4.8114422500000054e-08	2.2473907569e-06	0.00112093	0.000368866	1.2564840649e-06	1.3606212595600002e-07	0.0	0.0	0.0	0.0	0.0	0.0	0.0	0.0	0.0	0.0	0.0	0.0	0.0	0.0	0.0
79331.63632869444	42.5668199883803	6293508522.588231	1811.934163923173	126139.07508957006	802.932424363069	644700.4780935555	15911066264.452194	78391.91931680025	127.5110573892307	16259.069756519686	6145293014.1717205	86301.79138983719	75316.15791211497	1.082605	21.723585	0.1395834	0.0813747999999999	-0.0122065886	-0.06906393	0.0705320271	-0.0194053908	-0.101041298	0.0739968808	-0.0708443541	-0.0064855829	0.0123446777	0.1074715604	-0.0099287286	0.045641077	0.073001601	-0.0330168926	-0.0956982443	-0.0125088104	-0.0039710825	0.0693823619	-0.095547519	0.0542750206	-0.0604603811	-0.0260516665	0.0567808936	-0.042923637	0.0346964594	-0.0755424004	-0.0054181418	0.0204770376	-0.2146692391	-0.0258691623	-0.109531706	0.0210948216	-0.0658172307	-0.0151909155	-0.0090689753	0.0397884634	0.0995898625	0.0679767457	0.0437661245	-0.052224588	0.0773443171	0.0361794906	-0.0342119261	-0.0769286964	0.0292582775	0.0927623013	0.0311195609	0.0132677347	-0.0174946373	-0.0851219936	0.0805742079	0.0635480211	0.0056175482	0.0482867524	-0.05508723	0.0231652149	0.0330799064	-0.0451424684	-0.0002682756	0.022989696	0.0951353384	0.107801653	0.0278394314	-0.1374375448	0.0356833792	0.0793964467	-0.0387380354	-0.0515482499	-0.0362777792	-0.0684595384	-0.0311528982	-0.0635407424	0.074980774	-0.0558133723	-0.0974081547	0.0441319959	-0.1010630356	-0.0607737117	-0.0881804232	-0.0271090079	-0.0045597994	0.0510538654	-0.0517878515	-0.102594329	-0.0503163898	0.032359	-0.0092317	0.0010471048809999	8.522428489000004e-05	-0.0328201	-0.0115266999999999	0.0001328648128899	0.0010771589640099	-0.253633	-0.062942	0.003961695364	0.064329698689	0.00184851	0.00061282	3.4169892201e-06	3.7554835240000004e-07	-0.00118164	0.0003174899999999	1.0079990009999997e-07	1.3962730896000002e-06	0.00130828	0.0001873499999999	1.7115965584e-06	3.510002249999999e-08	0.0	0.0	0.0	0.0	0.0	0.0	0.0	0.0	0.0	0.0	0.0	0.0	0.0	0.0	0.0
79421.82327348854	90.18694479409896	6307826012.085246	8133.685011293854	125914.4373133957	-224.63777617436423	50462.13048456378	15854445523.949057	78190.88031340057	-201.03900339968092	40416.68088793693	6113813764.184533	85946.89961676077	75727.94755243776	1.072961	21.530069	0.0413352999999999	0.0249251	-0.0463795685	-0.0242437259	0.0183539191	0.0383909476	0.1323857127	-0.0280877387	0.0022466425	0.0165896051	0.1151599018	-0.0121972126	0.1001658659	-0.0556230279	-0.0934052061	0.0408468206	-0.0722911478	-0.0451700548	-0.0468719626	-0.0071017011	-0.016247502	0.058271558	0.0220445737	0.0014650183	-0.0291305327	-0.1068842001	-0.053927313	0.0909761431	-0.0234933369	-0.0450326187	-0.0362153631	-0.0278446256	0.0384229124	-0.122684378	0.0963091525	0.0529924512	0.0924057113	-0.0055428545	0.1718332276	0.0526039526	-0.0167932912	0.1177835366	0.036453353	0.0108571054	-0.0804447069	0.0399429323	0.0010071352	0.008095939	-0.0389677445	0.0224004879	-0.0662197233	-0.0011228512	-0.0666050532	-0.0468514609	0.060379082	-0.0195577719	-0.0659219757	-0.028709755	0.0309070214	0.0672118173	0.0220014091	0.0290638606	-0.0814027069	0.0499934654	0.05365854	0.0774987942	-0.0269239485	-0.0145066262	0.146023567	-0.0648568488	0.0098822944	0.0001097399	0.0310458923	-0.0614840774	0.1433331056	-0.0471098359	0.0249060013	0.112389249	-0.0068792198	-0.093152878	0.0638075935	-0.027178208	0.0305464064	0.0495754752	-0.0546879015	-0.1024260777	-0.0442970619	0.0278785	-0.0044804999999999	0.00077721076225	2.0074880249999984e-05	-0.0256733	0.0071467999999999	5.107675023999998e-05	0.00065911833289	-0.229468	0.0241649999999999	0.0005839472249999	0.052655563024	0.00191837	6.985999999999993e-05	3.6801434569e-06	4.88041959999999e-09	-0.00118164	0.0	0.0	1.3962730896000002e-06	0.00134928	4.100000000000002e-05	1.8205565184e-06	1.6810000000000015e-09	0.0	0.0	0.0	0.0	0.0	0.0	0.0	0.0	0.0	0.0	0.0	0.0	0.0	0.0	0.0
79460.24413806725	38.42086457871483	6313930398.481252	1476.1628349759435	125854.21713276274	-60.220180632954	3626.470155465608	15839283970.100592	78530.25817273055	339.3778593299794	115177.33140339928	6167001448.675714	86225.177649849	75300.13544698022	1.149393	23.063768	0.0567818	0.0375594	-0.0205372657	0.0044288857	-0.0239544643	-0.1232988894	-0.0378206903	0.0021542556	-0.0126779611	0.0681537113	0.0185898574	0.0516463488	-0.0570520902	0.0768801487	-0.0550013418	-0.0507697501	-0.0294299396	0.0712313304	0.0820159082	0.0471406871	0.0064942498	-0.054382715	-0.0321730801	-0.000464516	-0.0200990975	0.0500900745	-0.2286973873	-0.0255193916	-0.0896248682	-0.0624629364	-0.0805659287	-0.0839123984	-0.0845349255	-0.0096330068	-0.001760999	0.0271421833	-0.0813578525	0.0012125141	0.014385462	0.2158070166	-0.0073634525	0.0806044046	0.0069603192	-0.0221130735	0.0466491842	-0.0306126514	0.0121829651	-0.1316498773	-0.1067946575	-0.1180925483	-0.023840466	-0.0020382676	0.0364818575	-0.0713871186	-0.0124374236	0.0673694682	-0.0304932927	0.0424145968	-0.0253090054	0.0297424205	-0.1544278633	-0.0361625479	0.0822864219	0.0390968432	-0.0974118696	-0.0700072407	0.1000001085	-0.0418115728	-0.0135171868	-0.2028093165	-0.0658881859	-0.0021062479	0.0923925654	-0.0293680908	0.0499026396	0.0440925358	-0.1314455709	-0.0722907657	0.0244859561	-0.054815357	0.0035721861	-0.0744196292	0.0506914982	0.0480835316	-0.0575281511	-0.102005852	-0.0380840342	0.0317393	0.0038607999999999	0.00100738316449	1.4905776639999982e-05	-0.0328233	-0.00715	5.11225e-05	0.00107736902289	-0.194521	0.034947	0.001221292809	0.037838419441	0.00185191	-6.645999999999996e-05	3.4295706481e-06	4.416931599999994e-09	-0.00118164	0.0	0.0	1.3962730896000002e-06	0.00119926	-0.00015002	1.4382245476e-06	2.2506000400000017e-08	0.0	0.0	0.0	0.0	0.0	0.0	0.0	0.0	0.0	0.0	0.0	0.0	0.0	0.0	0.0
79705.09034849283	244.8462104255741	6352901427.461405	59949.666759764514	125984.41867784632	130.20154508357518	16952.44234215026	15872073749.594872	78413.19151882204	-117.06665390850684	13704.601457334122	6148628604.167465	86063.1211905856	75856.26312016849	1.138826	22.851715	0.1040546	0.0523791	-0.0476661482	0.0574311492	-0.025578272	-0.0091375424	0.0142450606	-0.0589818173	0.0760506641	0.0017092532	0.0184126539	0.1007467214	-0.0062291033	0.0383687287	-0.0407663699	-0.0327771084	-0.0753936819	-0.0228343727	-0.0053484736	0.0123414914	-0.0381974278	-0.0114533205	-0.0467471734	-0.0604770938	0.0917275696	-0.0256414564	-0.0353914364	-0.0466218851	0.0258426526	0.0412338283	-0.0770525134	0.0403357722	-0.0343773589	-0.1167742304	-0.0338385801	-0.0842348357	-0.0827395971	-0.0027627295	-0.0431485191	-0.1203927795	0.0135939587	0.0089436667	-0.1227566363	-0.0756637361	0.0036285894	-0.0248369714	-0.0343319048	-0.0464800531	-0.0240127768	-0.0186791795	-0.0480865548	0.0396324416	0.0069518848	-0.0025427912	-0.0192394457	0.1182878284	-0.1027140059	-0.019706483	0.0793691559	0.0480486971	-0.0223639837	-0.0580430553	-0.0454810023	0.0481614625	0.0105260879	0.1102709595	0.0151921902	0.0487745637	0.0119176274	0.0980042971	0.0530206148	0.0076155876	-0.0220302583	0.0019698301	0.1300714921	0.0212807397	-0.1220810418	0.1596374312	-0.1175713647	-0.0113039331	-0.0052078524	-0.0854044784	-0.0995814132	0.0465784425	-0.0603054945	-0.1013346856	-0.0317044747	0.0417625	0.0100232	0.00174410640625	0.00010046453824	-0.0407854	-0.0079621	6.339503641e-05	0.00166344885316	-0.228889	-0.034368	0.001181159424	0.052390174321	0.00212316	0.0002712499999999	4.507808385599999e-06	7.357656249999988e-08	-0.000681524	0.000500116	2.501160134560001e-07	4.6447496257600006e-07	0.00146192	0.00026266	2.1372100864e-06	6.899027560000004e-08	0.0	0.0	0.0	0.0	0.0	0.0	0.0	0.0	0.0	0.0	0.0	0.0	0.0	0.0	0.0
79826.28598252879	121.19563403596112	6372235933.764472	14688.381709378618	126939.92738604695	955.5087082006356	912996.8914472476	16113745164.774874	78543.22073126801	130.02921244596655	16907.596089318304	6169037522.840689	86355.2665047269	77253.42233075248	1.120713	22.488276	0.10007715	0.0677998	-0.1177257286	0.0534547666	-0.0357742491	0.0149620805	0.1321533984	0.026129732	0.07854268	0.1221397403	0.1223873366	-0.0763070778	-0.0345009125	0.0610344752	0.0465450772	0.1035798353	0.0302575852	0.0877042146	0.1222936353	-0.0018211647	-0.0518715996	-0.0235281886	-0.0841566717	0.0182939374	-0.0262918703	-0.0876096216	-0.0022520848	-0.0199265251	-0.0668309879	0.0975968024	0.0099429135	-0.028713587	0.0132644456	-0.0012156776	-0.053112126	-0.0528230413	-0.0521046552	-0.0790178858	0.0784952363	-0.0275068718	-0.0101434901	0.0782015093	0.0171612056	-0.1248000137	-0.003997675	-0.0395629273	0.0138296405	0.0701455813	-0.009595641	-0.0081978303	0.125407391	0.0865096009	0.0325965472	-0.0810925164	0.0803064024	0.0143363471	0.0317621639	-0.0349194224	-0.0162863429	-0.1217243995	-0.034379894	-0.1501804838	0.0363698549	-0.0412884193	-0.0006646306	-0.0493417404	0.1253183012	-0.0602894728	0.0094882686	0.0299284528	-0.0690476495	-0.0536329451	-0.0127114912	0.0168368947	0.0392372871	-0.0429399736	-0.0334778689	0.005956485	-0.035120966	0.0631061536	-0.018347611	0.0090976253	-0.0033044729	0.0450606192	-0.0630168947	-0.1004142296	-0.0251862796	0.0305582	-0.0112043	0.00093380358724	0.00012553633849	-0.0259375	0.0148479	0.00022046013441	0.00067275390625	-0.164551	0.064338	0.004139378244	0.027077031601	0.00212316	0.0	4.507808385599999e-06	0.0	-0.0007300829999999	-4.855899999990003e-05	2.3579764809902913e-09	5.33021186888854e-07	0.00131674	-0.0001451799999999	1.7338042276000002e-06	2.1077232399999992e-08	0.0	0.0	0.0	0.0	0.0	0.0	0.0	0.0	0.0	0.0	0.0	0.0	0.0	0.0	0.0
79656.248437326	-170.03754520279472	6345117915.109	28912.766778592457	126794.69217754775	-145.2352084992017	21093.265787806587	16076893964.39909	78559.3813743921	16.16064312409435	261.166386184338	6171576401.927185	86618.94296792935	76813.42039033586	1.217648	24.433367	0.0404293	0.0178503	-0.0672738553	0.0575834623	0.014719601	-0.0813534734	-0.1381752879	0.0543521283	0.006263765	0.0004945274	-0.0790545629	0.0904798213	-0.1278916113	0.0942643253	0.0645017889	-0.0568716109	0.0185590006	0.1178172995	0.0768568099	0.0480323652	-0.0162098323	0.0714229317	-0.0140099939	-0.0069918736	-0.0045425433	0.006685118	0.0718984591	-0.2079657134	0.0498190517	-0.0101476305	-0.1605214885	-0.0174519957	-0.1028838985	-0.0180405816	0.0663678611	0.0950258639	-0.0695090851	0.1015535164	0.0937628263	-0.0640569691	0.0004488459	0.0005741229	-0.1097502325	0.138848486	-0.0079416547	0.0022831966	-0.0003832734	-0.0292470163	0.0309758285	-0.0487354435	0.0375700586	-0.0209372667	0.1063176146	0.0003835683	-0.0955331207	0.0431137985	0.0429916144	0.0241220232	-0.0698081387	-0.1442098125	0.0614388186	0.0361085341	0.1289465468	0.0104377771	-0.0559322836	-0.0376641745	0.0064920922	0.1244051982	-0.0002733569	0.0885177701	-0.0143844269	0.035158518	-0.0025090252	0.0161319983	0.1289752538	0.0266973685	0.006445663	0.0185072722	0.0346184983	-0.1682833368	-0.1118705151	-0.0889748705	-0.0370523216	0.0435304769	-0.0656593869	-0.0992467484	-0.0185579513	0.0242745	-0.0062837	0.00058925135025	3.948488569e-05	-0.0328807	-0.0069432	4.820802624e-05	0.00108114043249	-0.174737	-0.010186	0.000103754596	0.030533019169	0.00212316	0.0	4.507808385599999e-06	0.0	-0.000925231	-0.000195148	3.8082741904039023e-08	8.56052403361e-07	0.00146192	0.0001451799999999	2.1372100864e-06	2.1077232399999992e-08	0.0	0.0	0.0	0.0	0.0	0.0	0.0	0.0	0.0	0.0	0.0	0.0	0.0	0.0	0.0
79460.6277453462	-195.62069197979872	6313991361.684482	38267.45513065529	127831.4251219148	1036.732944367046	1074815.1979359644	16340873248.69971	78455.70399180475	-103.67738258735336	10748.99966016444	6155297488.849689	86517.53494780725	77128.52386014076	1.150627	23.088524	0.0957969499999999	0.0602139	-0.0443199854	0.0196753794	0.050395842	0.1390240565	-0.0550065688	0.1170978117	-0.0064433407	-0.133942392	-0.0563694139	-0.148301186	-0.059079403	0.0631617872	0.1409208694	-0.0572392646	0.058552159	-0.1002143159	0.1102626296	0.0469422181	-0.0801920276	-0.0382110936	-0.0030773266	-0.0505951987	-0.0420968509	0.0221212452	0.1044921326	0.0999366485	-0.0496823192	-0.0455109616	0.0118235574	0.0664058122	0.0171241498	0.0414202141	-0.0515506086	0.0737143007	-0.1111438839	0.223010491	0.1717091978	-0.1031265592	-0.0236314829	-0.2347487244	0.0049167173	0.0113229185	-0.1372990981	-0.0689075899	0.0649400148	-0.1450170121	-0.0678907198	0.1081561283	-0.0448743359	0.016766507	0.1053793659	0.1573232265	0.0083642785	-0.0322391892	0.0015503445	0.1337638007	-0.0770543298	-0.0680021768	-0.0380510877	-0.0882367416	0.0709286489	-0.0232233215	-0.014427998	0.0689213987	0.0001069003	0.0309260457	0.1124126266	0.1348596426	0.0449514297	0.0088697705	0.0101061598	0.2459545897	0.0846743469	-0.0716442097	-0.0078151875	0.0879839183	-0.0544073752	-0.1778927635	-0.0449740341	0.0567597077	0.0842932046	0.0419884337	-0.0682300815	-0.0978351141	-0.0118484738	0.0333688	0.0090942999999999	0.0011134768134399	8.270629248999993e-05	-0.0328642	1.6499999999995685e-05	2.722499999998576e-10	0.00108005564164	-0.126206	0.0485309999999999	0.0023552579609999	0.015927954436	0.00180111	-0.0003220499999999	3.2439972321e-06	1.0371620249999984e-07	-0.000484178	0.000441053	1.94527748809e-07	2.3442833568400003e-07	0.00146192	0.0	2.1372100864e-06	0.0	0.0	0.0	0.0	0.0	0.0	0.0	0.0	0.0	0.0	0.0	0.0	0.0	0.0	0.0	0.0
79020.73075601949	-439.8969893267058	6244275889.215324	193509.36121869992	127714.28475816082	-117.140363753977	13721.864820414048	16310938531.28859	78296.02142808898	-159.68256371577445	25498.52115484237	6130266971.467769	86239.1024766938	74082.21086917793	1.156252	23.201403	0.0657523499999999	0.0335991	0.0576325912	0.0181918676	0.1116859625	0.0617757344	0.0287069304	0.0951324242	-0.0124824041	-0.089494913	-0.0052199514	-0.1464051653	0.0493723094	-0.016496324	0.0457310254	0.0206913622	0.0244629617	-0.1916094415	0.0662347081	0.0061324432	0.0505897676	0.1013929555	0.0022294556	0.0246760591	-0.055369449	-0.0485338438	0.0059097158	-0.0408873742	0.0493446241	0.0538707653	0.1107731565	-0.1058114048	-0.0567469245	0.0241980403	0.0336698949	-0.1076543359	-0.0673562296	-0.0157036324	0.1358398641	0.0383415301	-0.0687655373	0.0449666121	-0.0432454217	-0.1478164282	-0.0817693577	0.0906253823	0.1089951426	-0.03941999	0.0018355778	0.0481489732	0.0873050454	0.003609847	0.0228203164	0.0915831259	0.0806800752	-0.1534425873	0.0033154618	0.0975313269	-0.0324401798	0.0029096626	-0.0222488054	0.0275024257	-0.0514436613	0.0416381601	0.0012066297	0.0617267311	0.0587888729	0.0108259135	-0.0056226112	-0.0146759505	0.0376077552	-0.1161415534	0.0482344534	0.0537587783	-0.0917389928	-0.0222293651	0.0763690497	0.0163951597	0.0525434853	-0.0514097644	0.0774235888	-0.0877544688	-0.1367131495	0.0404349114	-0.0707261675	-0.0961827994	-0.0050871859	0.0419131	0.0085443	0.00175670795161	7.300506249000008e-05	-0.052587	-0.0197228	0.0003889888398399	0.002765392569	-0.12766	-0.0014539999999999	2.1141159999999507e-06	0.0162970756	0.00146813	-0.00033298	2.1554056969e-06	1.1087568040000007e-07	-0.0008718229999999	-0.0003876449999999	1.5026864602492248e-07	7.600753433288257e-07	0.00146192	0.0	2.1372100864e-06	0.0	0.0	0.0	0.0	0.0	0.0	0.0	0.0	0.0	0.0	0.0	0.0	0.0	0.0	0.0	0.0
78892.56767161665	-128.16308440284047	6224037233.820612	16425.77620364961	124603.34457727906	-3110.940180881764	9677948.809024662	15525993479.84414	78375.80043509096	79.7790070019837	6364.689958222564	6142766093.841205	86743.40156003808	72745.04429436094	1.637446	32.857052	0.2307802	0.169959	0.1173676351	-0.093454625	-0.0419020332	-0.0204285556	0.0235846712	-0.0173222347	-0.0919376599	0.0424586752	-0.1318509695	0.005456342	-0.0360813541	0.0069513254	-0.0692758535	-0.1495498187	0.0263860222	-0.0649437036	-0.051969846	-0.0495697399	0.1734895857	0.0376090134	-0.0176924788	0.0483563695	-0.047382061	0.0479388678	-0.0235047214	-0.1714341676	0.0480528637	0.0386012814	0.0911725287	0.0433411245	0.2281902576	0.1004015423	-0.0590626764	0.012291527	0.0964048381	-0.0363984235	0.0002355967	0.3327329898	0.1289349846	0.0061249009	-0.0415513867	-0.0192796825	0.1188394632	0.0214515805	0.0366191271	0.0254558697	0.0406702874	0.0882494502	0.1172298897	-0.2213621849	0.0847019253	0.0093401251	-0.2690458441	-0.1357074491	0.0175542379	-0.0170022553	0.0065293723	-0.0414387164	0.0400291019	-0.2335073227	-0.3141153306	-0.1869245085	-0.1512057852	-0.2466475176	0.0001561488	-0.0103484869	-0.188894065	0.0030881006	0.0432333586	0.0054459464	-0.0101733048	-0.1071193341	0.0230278733	-0.1948671769	0.0755765497	-0.1583298674	0.1276249822	0.0525195156	0.0734774203	0.0383913642	0.0363591098	0.0388703345	-0.0731449155	-0.094293869	0.0016963469	0.0417674	-0.0001456999999999	0.00174451570276	2.1228489999999597e-08	-0.0711485	-0.0185615	0.00034452928225	0.00506210905225	-0.234269	-0.106609	0.011365478881	0.054881964361	0.00348311	0.00201498	1.2132055272100002e-05	4.060144400400002e-06	-0.000966123	-9.430000000010005e-05	8.892490000018867e-09	9.33393651129e-07	0.00146192	0.0	2.1372100864e-06	0.0	0.0	0.0	0.0	0.0	0.0	1.0	0.0	0.0	0.0	0.0	0.0	0.0	0.0	0.0	0.0
78997.76564141759	105.19796980093815	6240646976.336337	11066.612850239097	125546.09174711384	942.74716983478	888772.2262314874	15761821152.974726	78377.97986367525	2.1794285842916	4.749908954027286	6143107727.510683	86187.74001116071	72444.75172210082	1.519055	30.481415	0.22400845	0.163304	0.1428946502	-0.0556622617	-0.0321634833	0.0326184044	-0.0694476313	-0.041265625	-0.0011639017	-0.063400002	-0.0807931896	0.0218606365	0.0938239208	0.0180117836	-0.0589729528	0.0705757536	-0.0196343798	-0.0278569629	-0.2251656272	0.0737243059	0.0004716969	-0.0005655623	0.1420733108	-0.1802730737	0.0122416177	-0.0368459918	-0.089530287	-0.0331793033	-0.0141130845	0.0209685923	0.0012056448	-0.0735775472	-0.051597318	0.0327731999	-0.0114586984	0.0135427715	-0.057997015	0.1150281744	-0.1022865983	0.1082239123	0.0698525794	-0.0473424386	-0.1496089975	-0.0270855294	-0.0775693072	-0.0777834378	0.0911697745	0.0471436336	0.0195131471	0.078110454	-0.0568389134	0.0225078199	0.0005796405	0.0020481299	0.0002537558	0.047107377	0.0330212153	0.028664751	0.0183620818	0.2292241303	0.1343508017	0.0784248031	-0.0376911606	0.1445392445	-0.1918137441	-0.0467234439	-0.0544481763	0.0675678785	0.0536334196	-0.0153551148	-0.0591046621	-0.0606326257	-0.1089899635	-0.0677513707	0.0423428518	0.0182600112	0.0227003458	-0.1253295053	-0.1637178094	0.0280026805	-0.0771081967	0.0864729111	0.0603519803	0.0372951309	-0.0754836805	-0.0921729699	0.0084724621	0.0334945	-0.0082729	0.00112188153025	6.844087440999999e-05	-0.0753965	-0.004248	1.8045504000000016e-05	0.00568463221225	-0.137389	0.09688	0.0093857343999999	0.018875737321	0.00142857	-0.00205454	2.0408122449000004e-06	4.2211346116e-06	-0.000812102	0.000154021	2.372246844100002e-08	6.59509658404e-07	0.00137833	-8.358999999999992e-05	1.8997935889000005e-06	6.987288099999987e-09	0.0	0.0	0.0	0.0	0.0	0.0	1.0	0.0	0.0	0.0	0.0	0.0	0.0	0.0	0.0
78921.86535774276	-75.90028367482591	6228660831.545677	5760.853061919045	125912.74777318868	366.6560260748374	134436.64145699187	15854020051.79463	78228.5688406205	-149.41102305475215	22323.65381026768	6119708982.851701	85967.84334378282	72550.2753868941	1.12037	22.48139	0.1295908	0.0777433	0.1153296009	-0.0435982963	0.1458518678	-0.0328434608	-0.0044891009	0.0370136351	-0.0656465747	0.0242086322	0.0961022368	0.0085794707	0.0252552911	-0.0586702187	-0.0937600793	0.0019534604	-0.0816056394	-0.0777945882	-0.0818840938	0.0369514241	-0.0026055495	-0.0777031738	-0.0742611154	-0.0120612009	0.0388054404	-0.0256083022	0.065147332	-0.0584809817	0.1056287788	-0.1886643448	0.0561472111	0.0085735539	0.0107556942	-0.1149059507	0.0017883273	-0.0410293304	-0.0622779902	0.003968017	-0.0272273261	0.0619835951	-0.0126808852	-0.1470285586	0.0556565199	0.0067551485	0.097308765	0.010246865	-0.0481509903	0.0061643126	0.0229314726	-0.037464144	0.0399786688	-0.0148838789	-0.0572695754	-0.0184897812	0.0606588056	-0.0208997029	-0.0816848856	-0.0161697936	-0.0094686357	0.1504946696	-0.0546559692	0.1237112154	0.0022380132	0.0133479089	0.0959345225	0.0255622843	-0.0228350775	0.062347398	0.0119073824	0.0965120495	0.0758749652	0.0705739527	0.0882777307	-0.0492328145	-0.0242895218	-0.0183362817	0.0374824258	-0.0935299938	0.0365685952	-0.0395628088	0.0989852019	-0.0020028091	-0.0124993635	0.0357097311	-0.0777399053	-0.0898253196	0.0152115293	0.0249665	-0.008528	0.00062332612225	7.272678400000007e-05	-0.054576	0.0208205	0.00043349322025	0.002978539776	-0.184655	-0.047266	0.002234074756	0.034097469025	0.00231059	0.0008820199999999	5.3388261481e-06	7.779592803999998e-07	-0.000718186	9.3916e-05	8.820215055999998e-09	5.15791130596e-07	0.00146192	8.358999999999992e-05	2.1372100864e-06	6.987288099999987e-09	0.0	0.0	0.0	0.0	0.0	0.0	0.0	0.0	0.0	0.0	0.0	0.0	0.0	0.0	0.0
79115.52296062231	193.65760287955345	6259265973.332757	37503.26715305483	125429.51541351512	-483.2323596735514	233513.51343566852	15732563336.869228	78418.39939717669	189.83055655618955	36035.64020243268	6149445364.015121	86159.78012572216	73192.50798039041	1.097868	22.02985	0.06656095	0.037089	0.092071546	-0.0335204656	-0.0795779514	-0.0637260748	0.0322396592	-0.0825161442	0.0355589626	0.0819966813	-0.0329115026	0.0006694242	0.0257616032	0.0231500851	-0.1109404262	-0.0027198139	0.0417090022	0.0090945615	-0.005586091	0.0725359559	-0.0552949054	0.0017778796	0.0059130447	0.0226404595	0.0729469097	-0.0451219761	0.0811374556	-0.0989311666	-0.0124555216	-0.0214383522	0.0440273895	0.0195531224	0.0576025038	-0.1311143611	-0.1173320428	-0.0103454499	-0.0383582336	-0.0585667932	-0.1078562409	0.0360149002	0.0121733456	-0.0195362981	0.0171741134	0.0924784451	-0.1372995978	-0.0222622306	-0.01230248	-0.1292574517	-0.1211021477	0.0045270464	0.0272945363	0.0375233641	-0.0350001945	-0.1071424194	-0.0315404773	-0.0269386226	0.0084268036	-0.0183294819	-0.0215913031	0.0748200668	0.0176335651	0.0084473266	0.06451932	0.0955545066	-0.0375378874	0.0319280063	-0.0467166302	0.0517832799	-0.0241588	0.1399802193	-0.069430249	0.0142170217	0.0791029499	-0.0564891582	0.0924061044	0.0184614441	-0.0021628595	-0.0480285469	0.1304556783	0.0372951952	0.009998008	0.0416341825	-0.063662735	0.0341145687	-0.0799111227	-0.0872566935	0.0218840804	0.0293164	0.0043499	0.00085945130896	1.8921630010000004e-05	-0.086064	-0.031488	0.000991494144	0.007407012096	-0.186094	-0.0014389999999999	2.070720999999988e-06	0.034630976836	0.00200953	-0.00030106	4.038210820899999e-06	9.063712360000009e-08	-0.000502975	0.0002152109999999	4.6315774521e-08	2.52983850625e-07	0.00153133	6.941e-05	2.3449715689e-06	4.8177481000000005e-09	0.0	0.0	0.0	0.0	0.0	0.0	0.0	0.0	0.0	0.0	0.0	0.0	0.0	0.0	0.0
79098.23241734317	-17.290543279144913	6256530371.548038	298.9628868879833	125174.01968053344	-255.4957329816825	65278.06957184721	15668535202.982573	78482.43204025576	64.03264307907375	4100.179379692051	6159492138.953364	86175.62317653625	73576.1900519341	0.99742	20.014263	0.07815605	0.0403695	0.0853098778	-0.0457439673	-0.0532319111	0.0057631401	-0.1014499583	-0.0409494597	-0.021611511	-0.0081176141	-0.0283206771	0.0869860898	0.0026208152	0.0451706641	0.0040014834	-0.095839869	0.0408040665	0.0744028744	0.0183948637	-0.0480200378	0.0845871989	-0.1281545768	0.040686194	0.1156794941	-0.1074500827	0.099228491	-0.0163649721	-0.061717765	0.0657716625	-0.0170353815	-0.1312875682	-0.0105673958	-0.0229536982	-0.1402242636	0.0284975897	0.0352228071	0.0872628726	0.0382301467	0.0137054668	0.0606221548	0.0501517168	-0.04174096	-0.0861859127	0.0982410169	0.009309689	-0.0854485983	-0.1269363631	0.1090733764	-0.0573241857	-0.0345757002	-0.1582807701	0.0210480418	0.0078354936	-0.0170985518	-0.0576835419	0.1080491002	0.0302155305	0.0583439925	0.0515779473	0.0351954279	-0.0308831528	0.0199663405	0.0990266865	-0.1214306143	-0.0442823986	0.0315447437	-0.0176705861	0.0645393314	0.0214562099	-0.1247514566	-0.0790434875	0.0583241905	0.0426722827	-0.1101791475	0.0480041661	0.0777605996	0.0607664442	-0.1156292398	0.1506696763	0.0080682535	-0.0854269871	0.0816652963	0.0004907827	0.0325100797	-0.0819949584	-0.0844734105	0.0284609379	0.0417648	0.0124483999999999	0.0017442985190399	0.0001549626625599	-0.0882643	-0.0022003	4.84132009000001e-06	0.00779058665449	-0.174485	0.011609	0.000134768881	0.030445015225	0.00269263	0.0006831	7.250256316900001e-06	4.666256100000004e-07	-0.0008184419999999	-0.0003154669999999	9.95194280889369e-08	6.698473073638363e-07	0.00157073	3.939999999999998e-05	2.4671927329e-06	1.5523599999999986e-09	0.0	0.0	0.0	0.0	0.0	0.0	0.0	0.0	0.0	0.0	0.0	0.0	0.0	0.0	0.0
79137.33359329808	39.10117595491465	6262717568.256946	1528.9019610571956	125648.96128582805	474.9416052946035	225569.52843981492	15787661472.207516	78281.89161844831	-200.54042180745452	40216.46077871179	6128054555.362488	86178.65687040442	73518.21859178662	1.030194	20.671907	0.05372665	0.0366577	0.062933521	-0.0291327937	0.0720878029	-0.0198707844	-0.040095223	0.0092379025	-0.039856247	-0.0745953022	0.0138213567	0.1148433711	0.0125625355	-0.0059762087	-0.0677744138	-0.0401911936	-0.0906905768	0.0134654355	-0.0423097542	0.0461406084	-0.0762443052	-0.0888414522	0.0748900131	-0.0435129481	-0.1740409538	0.047551937	0.0532716239	0.0044631509	-0.0831738437	-0.0405250455	-0.0241868275	0.0068981667	0.1151254672	-0.1530998624	0.0596324907	-0.0551709575	0.0102612294	0.0509173826	-0.0160232788	-0.0119633852	0.0781774334	0.0047436991	-0.0492317352	-0.07921657	0.062162568	-0.0212364716	-0.0679566931	0.0637441392	-0.0060770841	0.1138664969	0.0897035895	-0.0572572973	0.0128041098	0.0195373488	-0.0682658079	0.0483121835	-0.1032485289	0.0201779722	0.018689373	0.0702502389	0.0241316521	-0.0391645103	0.0088898247	-0.0585274299	-0.0075003617	0.0336126695	-0.0565116773	0.0435178745	0.2395535615	0.0681992094	-0.0625390702	0.1272744301	0.0133710519	-0.034335538	-0.0058416951	-0.0553076112	-0.0604582354	0.0172008839	-0.137533025	0.0547615545	0.0162710639	-0.0244991121	-0.0317705151	0.0308967027	-0.0839891338	-0.0814823178	0.034913343	0.0417195	-4.529999999999812e-05	0.0017405166802499	2.0520899999998293e-09	-0.0833461	0.0049181999999999	2.4188691239999972e-05	0.00694657238521	-0.208327	-0.033842	0.001145280964	0.043400138929	0.00272957	3.694000000000006e-05	7.450552384900001e-06	1.3645636000000048e-09	-0.000860765	-4.23230000001e-05	1.7912363290084643e-09	7.40916385225e-07	0.00178989	0.0002191599999999	3.2037062121e-06	4.8031105599999976e-08	0.0	0.0	0.0	0.0	0.0	0.0	0.0	0.0	0.0	0.0	0.0	0.0	0.0	0.0	0.0
79173.42094727163	36.08735397354758	6268430584.493871	1302.2971168121203	125986.47200313496	337.51071730691183	113913.48429702617	15872591127.79671	78217.96820965418	-63.9234087941295	4086.2021918613927	6118050550.846472	86032.49939272585	74307.75352534866	1.02468	20.56126	0.0701630999999999	0.0360034	0.0214165535	-0.0484384617	0.0198099835	0.1139414376	0.1172799636	-0.0315776026	0.0101051116	-0.0741041338	0.145032821	-0.0158776119	0.1740005891	-0.0784730118	0.0267251	0.1436775672	-0.0489369008	0.0435921264	-0.121208582	-0.0230669959	-0.0227599117	-0.0474130668	-0.0206339928	-0.0973493894	0.0553845877	-0.0876959987	0.0321753467	-0.0230961749	-0.0211625365	-0.0429925353	-0.003718034	-0.125396519	0.0373321183	0.0176022285	0.1288086419	-0.1105634767	-0.0677928685	-0.1378750977	-0.0270750699	0.1291103925	0.1097264111	-0.0629557804	-0.0697801727	0.0053597088	0.1360239457	-0.0304489649	-0.1547701491	-0.0141082895	0.0468683059	-0.0801757004	0.0534956413	0.0106542064	-0.0658597859	0.0116608554	0.1494320428	0.0253991475	-0.0138161665	-0.086986273	0.0386762614	0.063587732	0.0679405627	0.084995652	-0.0168211529	0.0298368213	-0.0588088906	-0.0037869317	-0.0073425171	-0.0233966692	0.0425743421	0.0755737102	0.0080732497	-0.0441285789	-0.0164426126	-0.0808654279	-0.0904549968	-0.0342510676	0.0860081275	-0.0673453748	0.0394743111	0.0960348883	0.0132924575	-0.0751776602	0.1447356437	0.0292748789	-0.0858914684	-0.0782907735	0.041213081	0.0417555	3.600000000000131e-05	0.00174352178025	1.2960000000000942e-09	-0.0669484	0.0163977	0.00026888456529	0.00448208826256	-0.223822	-0.0154949999999999	0.0002400950249999	0.050096287684	0.0031095	0.0003799299999999	9.668990249999998e-06	1.4434680489999976e-07	-0.000750587	0.0001101779999999	1.2139191683999988e-08	5.63380844569e-07	0.00151531	-0.0002745799999999	2.2961643961e-06	7.539417639999999e-08	0.0	0.0	0.0	0.0	0.0	0.0	0.0	0.0	0.0	0.0	0.0	0.0	0.0	0.0	0.0
79358.53726450108	185.1163172294473	6297777436.761207	34268.05090459337	126178.98208598726	192.5100828522991	37060.13199979906	15921135520.255894	78288.1806668768	70.21245722261665	4929.789149237773	6129039232.129541	86199.83821395745	74544.46925868459	0.980175	19.668221	0.06998315	0.0464805	-0.010225932	-0.0572207564	-0.008285974	-0.0687491328	0.1126223951	-0.0163777656	0.003231509	0.1307275556	0.0679280819	0.0253899448	0.0662648228	-0.0349392278	0.0491480213	0.1304085244	-0.0394500381	0.1022543512	0.030159131	-0.06018212	-0.0901168031	0.0509636328	-0.0439626556	-0.0562558822	-0.0545361214	-0.0103171115	-0.1084530914	0.0109737663	-0.107432483	0.012852977	0.0601214627	-0.0773522081	-0.0092415503	0.0492105781	0.0262315924	0.0083059224	0.0648965978	0.0757597227	0.0197999302	-0.0234339461	0.1253824479	-0.1072638891	-0.0626591137	-0.0261989174	-0.0777640678	0.0424369289	0.0703979262	-0.0187783866	0.0988168041	-0.0763716992	0.0146986013	-0.0341194575	-0.0411625231	-0.0706868345	0.1088265663	0.035178789	0.0517683567	-0.1310167321	-0.0024089715	-0.0724985337	-0.0285650535	0.0064543385	-0.0172709972	-0.0016519627	-0.0500667192	-0.0644383781	0.0367084337	-0.0090812483	0.1016792277	-0.0281044872	-0.0746896511	-0.0515730668	0.0155515127	-0.0347123072	-0.163439613	-0.1164040494	-0.050725268	0.0006925309	-0.0869990038	0.0130502313	0.0012059552	-0.0303263773	-0.0673316555	0.0276450517	-0.0876998819	-0.074906629	0.0473326046	0.0375772	-0.0041783	0.0014120459598399	1.7458190890000023e-05	-0.0690531	-0.0021047	4.429762090000004e-06	0.00476833061961	-0.260999	-0.0371769999999999	0.0013821293289999	0.0681204780009999	0.0034619	0.0003524	1.198475161e-05	1.2418576000000008e-07	-0.00089017	-0.0001395829999999	1.9483413888999998e-08	7.924026289000001e-07	0.00147683	-3.8480000000000025e-05	2.1810268489e-06	1.480710400000002e-09	0.0	0.0	0.0	0.0	0.0	0.0	0.0	0.0	0.0	0.0	0.0	0.0	0.0	0.0	0.0
79658.89340515212	300.35614065104164	6345539298.533388	90213.81122678833	125951.65798541998	-227.3241005672753	51676.2466987207	15863820149.276209	78225.09064864014	-63.0900182366604	3980.350401102142	6119164806.987967	85956.3199440323	75822.9935135427	1.073518	21.541245	0.0467963499999999	0.0254194	-0.0537056466	-0.0073861	-0.1602319292	-0.0454993003	0.067848365	-0.1163207646	0.1026270621	0.0621574554	-0.0154617914	0.0690557902	0.0809038802	-0.0979739238	0.0490833528	0.1209233523	-0.0450315182	0.0984520425	-0.0898360265	-0.0888785291	0.0425304295	-0.0640283538	-0.1163144847	-0.0282134958	-0.04633779	-0.0170551189	0.0289997073	-0.0284940228	-0.0348616273	-0.1437367529	0.0348265804	-0.0480410429	0.0623075867	-0.0543586299	-0.0813618958	0.0480889783	0.0328357547	0.0095501241	-0.0202798273	0.0018292586	-0.0364395679	0.0688649946	0.0088043968	0.1234065072	-0.0079143246	0.1033646326	0.1234421192	-0.0437943884	0.0234379116	-0.04809504	-0.0434757133	0.0347756012	-0.1149511413	-0.060057105	0.0836734291	0.1191482454	0.1022314277	-0.1379855985	0.0801898008	0.0039513513	-0.0016616623	0.0377559029	-0.0957140817	-0.0952244087	0.0206232192	0.0380805201	0.0938405532	-0.031020336	0.0154068136	0.0738984175	0.0359462999	0.2167376922	0.072877353	-0.1550801691	-0.0392442747	0.0186857437	0.0879709303	0.0902676213	-0.0444526339	-0.1427197344	-0.022132518	0.0095110986	-0.0424663202	0.0260076665	-0.0894123968	-0.0713382097	0.0532451548	0.0352086	-0.0023685999999999	0.00123964551396	5.610265959999993e-06	-0.0711186	-0.0020654999999999	4.266290249999992e-06	0.00505785526596	-0.255	0.0059989999999999	3.598800099999972e-05	0.065025	0.0031095	-0.0003524	9.668990249999998e-06	1.2418576000000008e-07	-0.000625595	0.000264575	6.999993062500004e-08	3.9136910402499993e-07	0.00158712	0.00011029	2.5189498944e-06	1.2163884100000018e-08	0.0	0.0	0.0	0.0	0.0	0.0	0.0	0.0	0.0	0.0	0.0	0.0	0.0	0.0	0.0
79832.37419741898	173.48079226685513	6373207969.996727	30095.585285535744	125494.19258185707	-457.4654035629064	209274.59545697283	15748792371.772232	78572.01472442363	346.9240757834923	120356.3143582303	6173561497.855043	86221.98478532038	76915.204868262	1.045696	20.982967	0.0974786	0.0519105	-0.1221770251	-0.0009228474	-0.0617722845	0.0477194342	-0.0171218574	-0.0565130003	0.0118941356	-0.0119765911	0.0610795616	0.1409128463	-0.0130141715	0.0844355599	-0.0216440414	-0.0704694197	-0.1151230439	0.0386556774	-0.0290711064	-0.0802526989	0.0883782285	0.0047610053	-0.0269973215	-0.06303738	-0.0321713284	0.0321972393	-0.017099833	0.0316996296	-0.0736057284	0.0459693473	0.0138557972	-0.0494325043	-0.006369408	0.0927850521	-0.0418266602	-0.110031206	-0.0783543058	0.0970924846	0.0838451653	-0.0598913923	-0.0793815967	0.1961593274	-0.0716257991	0.0750296104	-0.0530549682	-0.0286015126	0.0145230677	0.1202163649	-0.1236198094	-0.1252903828	-0.1020255909	0.0293754612	0.0324751137	-0.0411357109	-0.0256517956	0.1779776031	-0.0575104966	0.0405262229	0.172240671	0.0257668924	0.0218007838	-0.0253600964	-0.1035169228	-0.0396881858	0.0063069666	-0.0313099106	0.1086734507	-0.0438972146	0.0445222533	-0.0078001166	0.0006524419	-0.0578629577	0.0153504782	0.003067601	0.0180140665	0.0006566384	-0.0532140299	0.0804914039	-0.0492445197	-0.1685431839	0.088499896	-0.1015227265	0.042526549	0.0243631711	-0.0910271406	-0.0675942939	0.0589248775	0.0417618	0.0065532	0.00174404793924	4.294443024000003e-05	-0.0571425	0.0139761	0.00019533137121	0.00326526530625	-0.239103	0.0158969999999999	0.0002527146089999	0.057170244609	0.00406478	0.0009552799999999	1.6522436448399996e-05	9.125598783999996e-07	-0.0007373809999999	-0.0001117859999999	1.2496109795977652e-08	5.437307391608525e-07	0.0017411	0.0001539799999999	3.03142921e-06	2.3709840399999987e-08	0.0	0.0	0.0	0.0	0.0	0.0	0.0	0.0	0.0	0.0	0.0	0.0	0.0	0.0	0.0
79810.30392230382	-22.0702751151548	6369684612.170505	487.0970436586212	126838.15909882564	1343.966516968561	1806245.9987326064	16087918603.579004	78557.72373694164	-14.29098748198885	204.232323210362	6171315958.729644	86281.64472081802	77330.96696942902	1.049638	21.062075	0.03553385	0.0277546	-0.1626215338	0.0079071476	0.0974487591	-0.040357361	0.0676116159	0.0658298051	-0.0137417784	0.1149284985	0.1455009615	0.0599307742	0.0089385755	0.0603126465	-0.0090617378	-0.0151396523	-0.0784073758	0.1071901348	0.0715891304	-0.1292262233	-0.020182902	-0.088056318	0.0552865725	0.0238970068	-0.0622542842	-0.031511548	-0.0199919891	0.014789994	0.078125633	-0.1103047832	-0.0498957331	-0.042045693	0.0936587376	0.1392190674	0.0644562813	-0.0508963367	-0.0828483306	-0.0377766799	0.0178678243	-0.0235155278	0.0701630132	-0.0405930463	0.0144697732	-0.1583850354	-0.0110787173	0.0222672376	-0.0243353922	0.1045083246	0.0347795994	-0.0930291485	0.0729312159	-0.0202514502	0.034793731	-0.0798019225	0.0462347486	0.0360554232	-0.081645297	-0.027433998	0.0156586617	-0.141486368	-0.0810434771	0.0965827053	-0.0499999592	-0.078866847	-0.0111574035	0.0013753189	0.1106276291	-0.0660984588	0.0815267547	-0.1401458625	0.1561519587	0.028145362	-0.0259243049	-0.0403034289	0.0192539045	0.0004862873	0.1099621563	-0.0798200038	-0.1139759676	0.0175438527	0.0239329127	-0.0834996725	0.0225389627	0.0227120151	-0.0925423476	-0.063684092	0.0643469367	0.0417593	-2.5000000000025e-06	0.00174383913649	6.250000000012501e-12	-0.0618725	-0.0047299999999999	2.2372899999999984e-05	0.0038282062562499	-0.26447	-0.0253669999999999	0.0006434846889999	0.0699443808999999	0.00416971	0.00010493	1.7386481484100002e-05	1.10103049000001e-08	-0.000741138	-3.757000000100029e-06	1.411504900075162e-11	5.49285535044e-07	0.0017411	0.0	3.03142921e-06	0.0	0.0	0.0	0.0	0.0	0.0	0.0	0.0	0.0	0.0	0.0	0.0	0.0	0.0	0.0	0.0
79748.96393667284	-61.3399856309843	6359897248.972745	3762.593837209361	126041.64895377187	-796.5101450537622	634428.4111735653	15886497270.985865	78652.73342939481	95.0096924531681	9026.841660045588	6186252475.91544	86341.05077632616	77934.7666526583	1.151994	23.115946	0.0670717499999999	0.0469097	-0.1596344636	0.0132540445	-0.1102040882	0.0042305538	0.0761392944	-0.0318847604	0.0172782065	0.0776856058	-0.0114874568	-0.101951195	-0.0772465412	0.1082499505	-0.1107262118	0.0076788948	-0.0002762005	0.0012306	0.1516769176	-0.0787520423	-0.0073116914	0.0702402379	0.041624414	-0.0216194727	-0.0482534345	-0.0646419471	-0.0111287429	-0.0583092598	0.0567300844	0.0359338177	-0.0644242763	0.065758686	0.0861292353	-0.2186297641	0.0296576113	0.0385673326	-0.05614198	-0.0107571664	0.1048817651	0.1063282488	-0.0852291072	-0.0665651699	-0.022656609	-0.0121277005	0.0298170284	-0.0449892705	0.1738026388	-0.0163008286	0.0002993093	0.004300745	-0.1288344361	0.0615802496	0.0312165298	-0.1549415331	-0.0161224858	-0.0632643159	-0.0088497886	0.1309546051	0.0546351626	-0.0893140507	0.0338114118	-0.0270403684	0.0164776383	0.066770991	-0.0139748867	0.1061290459	-0.0071743426	0.0913773361	0.1457945079	0.0257677821	-0.0922274568	-0.0115293553	-0.0428568328	0.0174171581	0.134117118	0.0502872741	0.0225058474	-0.0598417623	0.1461802239	-0.0854605052	0.0649755132	-0.0152854662	-0.0548849358	0.0210546499	-0.0939563609	-0.0596172234	0.0694876231	0.0417824	2.309999999999812e-05	0.0017457689497599	5.336099999999131e-10	-0.0617253	0.0001472	2.166784000000003e-08	0.00381001266009	-0.233658	0.0308119999999999	0.0009493793439999	0.054596060964	0.00364863	-0.00052108	1.33125008769e-05	2.715243664000002e-07	-0.000678849	6.228899999999999e-05	3.879919520999998e-09	4.608359648010001e-07	0.00187952	0.00013842	3.5325954304e-06	1.91600964e-08	0.0	0.0	0.0	0.0	0.0	0.0	0.0	0.0	0.0	0.0	0.0	0.0	0.0	0.0	0.0
79495.24555205744	-253.718384615393	6319494065.381908	64373.018691844496	127679.87126791402	1638.2223141421418	2683772.3505532346	16302149526.991096	78472.33505662373	-180.3983727710729	32543.572898450977	6157907369.239018	86546.99214646796	77175.14030694096	1.162258	23.321913	0.12393385	0.0548585	-0.0723881758	-0.038203932	-0.0605659511	0.0750816494	-0.1197334858	0.0983731112	-0.0255675002	-0.0312085955	-0.1342445633	-0.0678044041	-0.0499205668	0.0494168658	0.023019744	-0.1488934062	-0.0227096654	-0.0895100559	0.1981250182	-0.0640940961	0.0748287357	0.0190359956	0.1162863102	-0.0326822176	-0.028686537	-0.1315781557	0.10930651	0.0237389993	-0.0413035135	0.0641357198	0.0770239228	0.0299882778	0.0767639664	-0.0580241667	0.1275673735	0.026452656	-0.037427187	-0.0773580804	-0.0350451814	0.0044323518	-0.0279731648	0.0256104089	0.0108827557	-0.0725589112	-0.0362385458	-0.0200556798	0.0611606822	-0.0963352733	0.0469336581	0.0094963582	0.0529043443	-0.020925237	0.0649392861	0.0324026716	-0.0663918357	-0.051967944	0.0868830103	0.1991691415	0.0281992638	-0.0916042848	-0.0501414347	0.0114771248	-0.0227832323	0.0076401942	-0.0095697708	0.2051183132	0.0785026261	-0.0333074465	0.1089451834	0.066119403	-0.0511414457	-0.0062265563	-0.0670462524	0.033066105	-0.0243224349	-4.5615e-06	0.1406818024	-0.0421835498	0.0253143689	0.0797610567	0.1248852975	0.0454845023	0.0229864753	0.0193915285	-0.0952676342	-0.0554036926	0.0743244578	0.0418462	6.380000000000274e-05	0.00175110445444	4.0704400000003506e-09	-0.0825304	-0.0208051	0.00043285218601	0.00681126692416	-0.194155	0.039503	0.001560487009	0.037696164025	0.00430626	0.00065763	1.85438751876e-05	4.324772169000003e-07	-0.00027091	0.000407939	1.66414227721e-07	7.339222810000001e-08	0.00167385	-0.00020567	2.8017738225e-06	4.230014890000001e-08	0.0	0.0	0.0	0.0	0.0	0.0	0.0	0.0	0.0	0.0	0.0	0.0	0.0	0.0	0.0
79272.45551760464	-222.7900344528025	6284122203.790607	49635.39945148093	126442.28465863854	-1237.5866092754732	1531620.6154579627	15987651349.69618	78297.95664006214	-174.37841656159435	30407.83216252892	6130570014.009051	86370.50761964942	75111.25447567827	1.061714	21.304398	0.0540057499999999	0.0318097	-0.0151727454	-0.0588091565	0.0664846776	0.0329341076	-0.0775206099	0.0745008866	-0.0888568468	-0.0745566326	-0.0465112882	-0.0630859497	-0.0367080643	-0.0161554866	0.0490148869	-0.1314946084	-0.1534363871	-0.0851147602	0.0391718695	-0.1610679719	-0.0269569797	0.0251550578	0.1274261138	0.1057433449	0.0043222403	-0.0841044685	0.0338801008	0.0264998557	0.0229282937	-0.0394305246	0.1160179098	-0.0859748472	0.011313836	0.0477185119	-0.1295883557	0.059072573	0.0449800877	-0.0222133369	-0.0639449302	-0.0268380951	-0.02033963	0.1203080603	-0.0415196778	-0.1034494589	-0.033814783	-0.0705461963	-0.1145413882	-0.010335675	0.0367708191	-0.0801710966	0.0402088388	-0.1267882924	0.0522251684	0.1093280911	-0.0421983775	-0.0350226572	-0.0397187741	0.0419242324	0.0755223695	-0.1590115894	-0.0227221724	0.0118024921	-0.1696219113	0.0182914318	-0.0515858762	0.1813513969	0.0642432521	-0.0923567474	-0.0179992237	0.0452607905	0.0144832494	-0.0149140637	0.1009121025	-0.0387990504	-0.0886318957	-0.0286696022	0.0311433106	0.1352107041	-0.0552160949	0.055187888	0.0101541197	0.1461686316	0.07588221	0.0177231056	-0.0964747338	-0.0510538654	0.0788362905	0.0244172	-0.017429	0.00059619965584	0.000303770041	-0.0825542999999999	-2.3899999999896223e-05	5.712099999950395e-10	0.0068152124484899	-0.217891	-0.023736	0.000563397696	0.047476487881	0.00432744	2.1179999999999984e-05	1.87267369536e-05	4.4859239999999926e-10	-0.000492357	-0.000221447	4.9038773809e-08	2.42415415449e-07	0.00166014	-1.3709999999999894e-05	2.7560648196e-06	1.8796409999999708e-10	0.0	0.0	0.0	0.0	0.0	0.0	0.0	0.0	0.0	0.0	0.0	0.0	0.0	0.0	0.0
79172.19880732354	-100.25671028110082	6268237063.986363	10051.407956388588	126642.93553443471	200.65087579617105	40260.77395777045	16038433120.778986	78217.25841194614	-80.6982281160017	6512.204021062247	6117939513.481159	86023.7131039916	74953.47145303545	1.06882	21.446983	0.11165655	0.0722431999999999	-0.0176029167	-0.0659733526	0.0484775892	0.1565122466	0.0564352153	0.0441275527	-0.0432507395	-0.0700651155	0.0771524945	-0.0957898776	0.0780488417	-0.071192252	-0.0159311792	0.1106920803	0.0086882996	-0.0298845538	-0.0297735516	0.0724484611	-0.0336350624	-0.0105497565	0.1412887836	0.0295077567	0.0418013479	-0.0196626338	-0.0161000776	-0.0074029146	-0.0183557489	-0.033648665	0.0384567959	0.065723409	-0.0775140313	-0.1265016599	-0.0732777197	-0.041318598	0.1148365231	0.0297447719	-0.1491316939	-0.0138475296	-0.0772319766	-0.0022779516	0.1025813266	0.0414008545	-0.0089358719	-0.0026218301	0.0235436535	-0.0195873989	-0.0632915466	-0.0910976268	-0.0035371793	0.009578297	-0.0482467424	0.0414509345	0.1496391341	-0.0677722833	-0.0276227087	0.0557446263	0.0044903596	0.0623237847	0.0874663045	0.0202128429	0.0403378964	0.050264587	-0.0297878829	-0.0044974215	-0.0637221281	-0.0689348838	-0.041728135	-0.0442126078	-0.0175410882	0.0557176542	0.1032444108	-0.1191483436	0.0890970732	0.1554370724	0.0036910924	0.0053050494	-0.0502480623	0.0131699498	0.1487224429	0.1211215321	-0.0144772271	0.0160498375	-0.0975763397	-0.0465784425	0.0830033923	0.0417764	0.0173591999999999	0.0017452675969599	0.0003013418246399	-0.0742561999999999	0.0082981	6.885846361000005e-05	0.0055139832384399	-0.197607	0.0202839999999999	0.0004114406559999	0.039048526449	0.00315481	-0.00117263	9.9528261361e-06	1.3750611169e-06	-0.000457232	3.5125e-05	1.233765625e-09	2.0906110182400002e-07	0.00155359	-0.0001065499999999	2.4136418881000003e-06	1.1352902499999993e-08	0.0	0.0	0.0	0.0	0.0	0.0	0.0	0.0	0.0	0.0	0.0	0.0	0.0	0.0	0.0
79143.13837238072	-29.060434942817665	6263636351.429802	844.5088790657379	126710.85596636146	67.92043192674464	4613.185073115553	16055641019.728	78275.52524990994	58.2668379638053	3395.024406300343	6127057853.149289	86345.83126313025	74116.17906793779	1.084038	21.752344	0.1346325999999999	0.0796536	0.0159724226	-0.0825408367	0.0240151924	-0.0558656459	0.023886744	0.0493130235	-0.0457834524	0.1336826668	-0.0250617147	-0.0432033278	0.0122180293	-0.0617929153	-0.0066503608	0.1076272845	-0.0562968885	0.0698309109	0.0242897523	-0.0985151523	-0.0145167812	-0.1087506192	-0.0851367012	-0.0705970625	-0.0849729783	0.0102415375	-0.0408635928	-0.0562476295	-0.0631292138	0.0571069111	0.09700211	0.0490840261	-0.0216292967	0.0968556225	-0.0175097452	0.0105517825	0.0287882183	0.0181203129	-0.115594315	-0.0203690482	-0.0732425916	-0.06850319	0.0340077335	0.0143849866	0.003518616	-0.1575695455	-0.008522839	-0.0311348458	0.0296842853	0.0438646302	-0.0712563136	-0.0724737388	-0.0219101039	-0.0420788421	0.0845357079	-0.0588862527	0.066070375	-0.0237515724	0.012605332	-0.0343812816	-0.0319892529	0.0260162078	-0.003168893	-0.1056571618	-0.0292835607	-0.1880713299	0.0809259559	0.0493643563	0.0359936814	0.0918039788	-0.035240213	-0.014903729	-0.017088603	0.0179250552	-0.0724484097	0.0482228089	-0.064723128	-0.0764517434	-0.0568793091	0.0993046218	0.1117250253	0.0510864928	0.0439715786	0.0143721814	-0.0985712473	-0.0419884337	0.0868075413	0.0319976	-0.0097787999999999	0.00102384640576	9.562492943999994e-05	-0.0825155999999999	-0.0082594	6.821768836e-05	0.0068088242433599	-0.234753	-0.0371459999999999	0.0013798253159999	0.0551089710089999	0.00422862	0.0010738099999999	1.7881227104399997e-05	1.1530679160999991e-06	-0.000288464	0.000168768	2.8482637824000008e-08	8.3211479296e-08	0.0012072	-0.00034639	1.45733184e-06	1.199860321e-07	0.0	0.0	0.0	0.0	0.0	0.0	0.0	0.0	0.0	0.0	0.0	0.0	0.0	0.0	0.0
79165.10748145872	21.96910907799611	6267114242.550911	482.64175368089104	125324.27971984477	-1386.5762465166918	1922593.6874043173	15706175087.297894	78311.65887011438	36.1336202044331	1305.638509078216	6132715914.989163	86051.79547991071	73603.71698248717	1.098514	22.042814	0.0721261999999999	0.0406538	0.0558894888	-0.0546074752	-0.0979708918	-0.0293729033	-0.0257115228	-0.0750188836	0.0051521211	0.0619999387	-0.1062422268	0.0232141533	0.0489754639	-0.0498696816	-0.035100084	0.0253531093	-0.0127516611	-0.017445397	0.0096879112	0.037165525	0.1060888736	-0.0729367257	-0.0878404888	0.020331499	0.1785151929	-0.0045325015	-0.0226076323	-0.0740678864	-0.0735397912	-0.0127607546	0.0507346995	-0.0448406979	-0.0848749498	-0.0341766992	-0.0478710044	-0.0302628918	-0.067316764	0.1146007563	0.0105200934	0.0150486551	-0.0100889421	-0.0931697162	0.038696147	-0.0643689899	-0.0676597156	0.0670545044	-0.052713981	0.0837304517	0.0944733744	0.014191902	-0.1117683381	-0.0014527964	-0.0707848523	-0.0473154383	-0.0365031891	0.0379070074	0.088681814	0.0069213954	0.0631291505	0.1286559256	-0.0358723549	0.0129793079	0.0647477124	-0.0148775433	-0.0357807552	0.0726202322	0.1103245024	0.0509267719	-0.1244291191	0.0322614665	-0.0202535469	-0.0386728478	0.0012852145	-0.0612152075	0.0101823257	0.0792080929	0.0205703275	0.1361665342	-0.1395261079	-0.0094350262	0.0095984484	0.0100895525	-0.0400572034	0.0126905962	-0.0994583687	-0.0372951309	0.090232103	0.0417632	0.0097656	0.00174416487424	9.536694336e-05	-0.0843813999999999	-0.0018658	3.481209640000003e-06	0.0071202206659599	-0.206998	0.027755	0.000770340025	0.0428481720039999	0.0039422	-0.0002864199999999	1.554094084e-05	8.203641639999996e-08	-0.0003596	-7.113600000000002e-05	5.060330496000002e-09	1.2931216e-07	0.00150444	0.0002972399999999	2.2633397136e-06	8.83516175999999e-08	0.0	0.0	0.0	0.0	0.0	0.0	0.0	0.0	0.0	0.0	0.0	0.0	0.0	0.0	0.0
79170.49600467658	5.388523217858165	6267967437.62651	29.036182469396508	125490.17999850716	165.9002786623896	27522.902460258527	15747785276.057726	78351.09093851315	39.4320683987753	1554.8880182056937	6138893451.255157	86240.73370371586	74726.75062818991	1.064877	21.367859	0.05784095	0.0437428	0.0159830478	-0.0902569524	0.0323261492	0.0918293732	-0.1162123903	0.0238619942	-0.0907503914	-0.0414868287	0.0343555524	0.0556271497	-0.0522675402	-0.0348712232	0.0271746677	-0.0361985194	-0.0427668969	0.0110040072	-0.012562207	0.0159371858	-0.055830003	-0.0142960539	-0.1379944003	-0.0662314773	0.0128066864	0.0190604937	0.1279926334	0.0033255018	0.0767825172	0.1168594769	0.0880954387	-0.1039793192	0.0393071713	0.0277071645	0.0255287794	-0.0249744159	-0.0159405958	0.0158564611	0.1061261535	-0.0634364167	-0.0765063864	0.0400677163	0.1269331074	0.1433083773	0.2518403008	-0.0098746266	0.0646068376	-0.0165919413	-0.0038338597	0.0294014295	0.0390516607	-0.0586909539	-0.0060615926	0.0601159067	0.0253389968	0.0419097653	-0.0280859534	0.0252941227	0.0708243812	-0.0025102499	-0.010336593	-0.0212971201	0.0287098207	-0.0101602513	0.0557877749	-0.1391945017	0.0014652958	-0.0189601006	-0.0323593487	0.1717807877	0.000816074	-0.0810402915	-0.0127440742	0.0373669666	-0.1088376571	0.0269816608	0.0231362336	0.0167650542	0.1128646649	-0.1056060368	0.0989760473	-0.0555708991	0.0393143314	0.0110055415	-0.1002367339	-0.0325100797	0.0932621027	0.0417958	3.2600000000000684e-05	0.00174688889764	1.0627600000000444e-09	-0.0820468	0.0023345999999998	5.45035715999951e-06	0.00673167739024	-0.209316	-0.002318	5.373124000000067e-06	0.043813187856	0.00471264	0.0007704399999999	2.22089757696e-05	5.935777935999997e-07	-0.000367835	-8.234999999999991e-06	6.781522499999987e-11	1.35302587225e-07	0.00122	-0.0002844399999999	1.4883999999999998e-06	8.090611359999999e-08	0.0	0.0	0.0	0.0	0.0	0.0	0.0	0.0	0.0	0.0	0.0	0.0	0.0	0.0	0.0
79104.66232681948	-65.83367785709561	6257547601.840134	4334.073140191841	126380.61135300556	890.4313544984034	792867.9970738613	15972058925.959438	78287.17399416877	-63.9169443443825	4085.37577432289	6128881611.993255	86257.76179917279	73568.80832687422	1.102208	22.116938	0.1054297	0.0573829	0.0164128993	-0.0639752288	0.1404218668	-0.0056002415	0.0457800147	0.0739076945	-0.0735152583	0.0065606505	0.0722152823	0.0255026349	0.0337100437	-0.0407651003	0.0671767388	-0.0359624139	-0.1290540954	-0.0119988799	-0.07225301	-0.0887842382	-0.0469585538	0.0184047353	-0.0024127875	0.078916922	-0.0136467428	0.0736526281	0.0067522836	-0.0239067683	0.0825933211	-0.0195135891	-0.0542270213	0.0032704739	-0.0709451732	-0.0042100188	0.0102375094	0.0754976542	0.0174869626	-0.0501016334	0.0208267095	-0.0206668923	0.0398253284	0.0902994003	0.1085213366	0.0373598965	0.0724207787	-0.0029411659	-0.0207010928	0.0414690892	0.0403899075	0.0066563407	0.1202306707	-0.0818842867	0.0050564533	0.0294966023	0.0863607897	-0.0076715093	-0.0506554907	-0.0107920347	0.0360224655	-0.0499558153	-0.0179024258	0.1430500578	-0.0286276897	-0.0655286527	-0.0112209913	-0.0716980945	-0.0222415215	0.0804243749	-0.0711423689	-0.044094569	0.0673908973	-0.0131557761	0.0795738293	-0.0294318582	0.0414054973	-0.0206434389	-0.0534346137	-0.0088983618	0.0043625479	0.078823701	-0.1130355061	-0.0409993578	0.0089406451	0.009317478	-0.1009054916	-0.0276450517	0.0958842909	0.0416774	-0.0001183999999999	0.00173700567076	1.4018559999999447e-08	-0.0701239	0.0119229	0.00014215554441	0.00491736135121	-0.249591	-0.040275	0.001622075625	0.062295667281	0.00514868	0.00043604	2.65089057424e-05	1.9013088160000038e-07	-0.000634713	-0.0002668779999999	7.122386688399997e-08	4.02860592369e-07	0.00157935	0.00035935	2.4943464225e-06	1.2913242250000002e-07	0.0	0.0	0.0	0.0	0.0	0.0	0.0	0.0	0.0	0.0	0.0	0.0	0.0	0.0	0.0
79140.83816085944	36.17583403995377	6263272264.803345	1308.6909684862778	125588.77015326433	-791.8411997412331	627012.4856076355	15772539188.609455	78216.18655720912	-70.98743695965095	5039.216206100417	6117771839.55214	86010.08010274422	74377.84218751166	1.051493	21.099304	0.0388506	0.0169339	-0.002723632	-0.0671069724	-0.0210886383	0.0614263342	0.1376351793	-0.0306687412	-0.0157958802	0.0384894902	0.0523533654	-0.1018032145	0.0610132677	-0.0925617946	-0.0869801374	0.0429148476	-0.0717792527	-0.0080967512	0.0749398111	-0.0320827879	-0.0443528219	-0.0257490116	-0.056419963	0.0264236833	-0.0678388422	-0.0458723615	-0.0760060053	0.1249891879	0.0668864451	0.0835987011	0.1684412264	0.0625027246	0.0393304085	-0.0507753788	-0.1427140596	-0.03290076	0.0290193518	0.0354699864	0.0856777565	-0.0359959311	-0.0630086477	0.0009054065	-0.1136072013	0.0529385977	0.0197840775	-0.0793027916	-0.0143670949	0.0742297176	-0.0084811331	0.0815450204	-0.0458058315	-0.0312905277	-0.0942606044	-0.0594738888	0.0593872166	-0.0461508373	-0.0261951896	0.0220462407	0.0855654624	0.0208879236	-0.046160392	-0.11244959	-0.0961860812	-0.0440406432	0.0620918113	0.0505540621	-0.03592755	-0.0737703581	0.1241968313	0.0247791981	-0.0746281289	-0.1165853626	-0.0239237829	-0.0480885149	0.0342755074	0.0319258154	0.0180277059	0.0472487062	0.0281377518	-0.0373108041	0.0274312028	0.0731784159	-0.0849874309	0.0076268671	-0.1014639107	-0.0227120151	0.0980872016	0.0417098	3.239999999999493e-05	0.0017397074160399	1.0497599999996715e-09	-0.0764263	-0.0063024	3.972024576e-05	0.00584097933169	-0.237309	0.012282	0.000150847524	0.056315561481	0.00533664	0.00018796	2.84797264896e-05	3.532896160000001e-08	-0.000538467	9.624599999999992e-05	9.263292515999985e-09	2.899467100890001e-07	0.00169982	0.00012047	2.8893880324000003e-06	1.451302090000003e-08	0.0	0.0	0.0	0.0	0.0	0.0	0.0	0.0	0.0	0.0	0.0	0.0	0.0	0.0	0.0
79137.57077027898	-3.2673905804549577	6262755107.420914	10.675841205245783	125514.517708748	-74.25244451632898	5513.425516650514	15753894155.659616	78363.73384591138	147.54728870226245	21770.202403388783	6140874782.272837	86162.30259814863	72868.66507660467	1.243052	24.943127	0.0924271	0.0487805	0.0475147139	-0.0046028153	-0.0924805835	-0.082191644	0.0689641961	-0.0621232035	0.0250953659	0.1001311661	-0.064596546	0.0360560461	0.0793786646	-0.0351199439	-0.0519888024	-0.117275954	0.0394206084	0.0096215744	-0.0046132674	-0.1716175663	0.0650032908	-0.037782233	-0.0617953552	0.0289967878	0.0483151428	0.0421282084	0.0538306141	-0.1028118538	-0.0530151135	-0.0534422488	-0.0438523699	0.0950593859	-0.0634176531	0.156345709	0.0897507546	-0.1378373476	0.0395818945	-0.092118194	0.0167259579	0.0513752788	-0.1053108165	0.0217797901	-0.0832386233	0.0179846859	0.022908134	0.0660733491	-0.0870619363	-0.0177722051	-0.0136285859	-0.1423697048	0.061907529	-0.0123003782	-0.0552321409	-0.0647071636	-0.0635131279	0.009253384	0.0329552174	-0.0126207235	0.0955332921	-0.0078223003	-0.160398029	0.0594471531	-0.0636021077	-0.0495996774	0.0340033748	-0.0180924581	-0.0220835973	0.0579006961	-0.1148943243	0.0043787878	0.005188904	0.0858280439	0.0481293783	0.1535763772	0.1211321714	0.0249469024	0.0527557206	-0.079275666	0.0308703744	0.0058002651	-0.01245077	-0.0924954035	-0.0132246259	0.0059341712	-0.1019113804	-0.0177231056	0.0998612018	0.0417197	9.900000000000186e-06	0.00174053336809	9.801000000000368e-11	-0.0490182	0.0274081	0.00075120394561	0.00240278393124	-0.199673	0.037636	0.001416468496	0.0398693069289999	0.00587072	0.00053408	3.4465353318400005e-05	2.852414464000002e-07	-0.000551849	-1.3381999999999934e-05	1.7907792399999822e-10	3.04537318801e-07	0.00169982	0.0	2.8893880324000003e-06	0.0	0.0	0.0	0.0	0.0	0.0	0.0	0.0	0.0	0.0	0.0	0.0	0.0	0.0	0.0	0.0
79306.89330900852	169.3225387295388	6289583326.32646	28670.122121816163	124973.07176801354	-541.4459407344548	293163.7067378187	15618268667.133064	78343.50214168317	-20.2317042282084	409.3218559777056	6137704327.823916	86064.97899241728	74437.85835949625	1.205678	24.193188	0.20711999	0.0970182	-0.0154898206	-0.06144609	-0.0530671081	0.0143761418	0.0157689525	-0.0826448178	-0.0293747579	-0.0490157195	0.0672601143	0.1113990384	0.1035283901	-0.0295858334	0.0548933143	-0.0409325478	-0.0320016326	0.0835327837	-0.0146578178	-0.0109926333	0.0553464968	0.015786091	0.0545204968	0.0750999431	0.0351351094	0.0318018595	-0.0777257674	0.0867593626	-0.0412750578	-0.0170218916	0.0369838361	-0.0524345651	0.0101265463	-0.0038397727	-0.0016636081	0.0348850873	-0.04499342	-0.0664809939	-0.1492339003	0.026391158	-0.138105224	-0.0422747474	-0.0609608921	0.0959257252	-0.0659184402	0.0426397831	0.1037017866	0.0717667491	0.066678951	-0.0238853059	0.0369050263	-0.0401012337	-0.0476190804	0.0091037082	-0.0029459851	0.123223956	0.0178133499	-0.0599041339	0.1072443276	-0.0284026928	0.072270032	0.0097684831	0.0132967312	0.0022701105	-0.0040444653	0.1043968806	-0.0575644288	-0.0469205923	-0.0389302775	-0.0910591964	-0.0630859486	-0.0612883943	0.0006606856	-0.0491064929	-0.0009458362	0.0926026372	0.0985308122	-0.0643641383	0.0651014887	-0.0114194092	-0.0586672271	0.0151456589	0.0667595707	0.0042398529	-0.1022474116	-0.0126905962	0.1011985345	0.0504479	0.0087281999999999	0.00254499061441	7.618147523999998e-05	-0.110551	-0.0615328	0.0037862854758399	0.012221523601	-0.242955	-0.043282	0.001873331524	0.059027132025	0.00464324	-0.00122748	2.15596776976e-05	1.506707150400001e-06	9.22108e-05	0.0006440597999999	4.1481302597604004e-07	8.502831636640001e-09	0.00169982	0.0	2.8893880324000003e-06	0.0	0.0	0.0	0.0	0.0	0.0	0.0	0.0	0.0	0.0	0.0	0.0	0.0	0.0	0.0	0.0
79363.76486407651	56.87155506799172	6298607173.400425	3234.373775851615	125985.50024880574	1012.428480792194	1025011.42871919	15872346272.94183	78673.75279178674	330.2506501035677	109065.49189382914	6189559378.343172	86290.24219078256	74863.59914336255	1.107926	22.231678	0.15072004	0.0676304	-0.0278075548	-0.0204047104	0.020944866	0.1204756588	0.0950141603	-0.0011751942	-0.0254542715	-0.0752042648	0.0842929497	-0.0742507965	0.0757548876	0.1039365256	-0.1092827048	0.0972031685	-0.0644993901	-0.0236195085	-0.0102301474	-0.0122211878	-0.0359718569	0.018525846	0.1109260068	-0.0519548551	0.0549735489	-0.0423586475	0.0049111393	0.0549967263	-0.0082298803	0.0628741883	0.0504321623	0.0169112869	-0.0287039024	-0.0351954391	-0.0391310226	0.0180725267	0.0594384508	0.0571529084	-0.0561118554	0.1132572003	0.0619316307	-0.0610842382	-0.0015675851	0.0376195851	0.1594694877	0.2038238353	-0.1574115155	-0.0595270182	-0.1885024047	-0.0109233739	-0.0003596664	0.0493044408	0.0394220292	-0.0789655341	0.0865158883	-0.010862352	-0.1374188729	0.071811754	0.0213140489	0.034820509	0.0395416832	0.0271245208	-0.0172337635	0.1395562796	-0.101278161	0.0023889771	-0.0596098982	-0.0205903671	-0.0104270493	-0.0571214264	0.0906276485	-0.0420991988	0.0743640561	-0.0510067553	-0.074800831	-0.0563741024	-0.1294354645	-0.1081031489	0.0533495174	-0.0073619536	0.106959392	0.0917824774	-0.0665053853	0.0025443755	-0.1024716367	-0.0076268671	0.1020933517	0.0418871	-0.0085608	0.0017545291464099	7.328729664e-05	-0.0776831999999999	0.0328678000000001	0.00108029227684	0.0060346795622399	-0.189434	0.053521	0.002864497441	0.035885240356	0.00532922	0.00068598	2.84005858084e-05	4.705685604000001e-07	-0.000175598	-0.0002678088	7.172155335744002e-08	3.0834657604e-08	0.0015382	-0.00016162	2.36605924e-06	2.6121024400000044e-08	0.0	0.0	0.0	0.0	0.0	0.0	0.0	0.0	0.0	0.0	0.0	0.0	0.0	0.0	0.0
79345.13932631149	-18.625537765023186	6295651134.7117815	346.9106570363048	124547.5582640824	-1437.9419847233366	2067677.1514300888	15512094269.545	78509.3574331322	-164.39535865453945	27025.83394715466	6163719204.563311	86224.59023109244	74428.14824302695	1.121407	22.502186	0.0855217999999999	0.0562558	-0.0147527645	-0.0118624241	-0.0204063515	-0.1317775026	0.0104651952	-0.0686934965	-0.0598253678	0.0727779829	0.0190718454	0.002102214	-0.0634095848	0.0413816142	0.0085215739	-0.0344680155	-0.0638477602	0.0630769204	0.0070532831	-0.0985691953	-0.0755520334	0.1208280582	-0.016960701	0.0027017602	0.054940371	0.0179968436	-0.0222029875	0.0106631385	0.0201973633	0.0277024342	0.0922562738	-0.0369411273	-0.0642517338	-0.041973767	0.155598057	0.0536666115	0.0413317924	-0.0148457379	-0.0268997231	-0.0884354638	-0.0376331966	0.0068968368	0.0113129871	0.0546253248	-0.0283367274	-0.1300707051	-0.0595638792	0.0285925376	-0.0485914481	0.1203286221	0.0148476487	-0.05826371	0.0007428769	-0.0662804258	-0.0367413437	0.0379871377	-0.0177886123	-0.0200353054	0.0463070166	-0.1275835636	0.0026796492	0.0703964367	0.0306049461	0.0746673545	-0.0108919927	-0.0007424181	-0.1010069564	0.1227822104	-0.0012819631	0.011357622	-0.0062340157	-0.0266592823	-0.0509563617	0.0414767841	-0.0995254195	-0.0087108472	-0.0504813607	0.0051202929	0.1301542769	-0.0295224432	0.0884473509	-0.0179408821	0.0719092046	0.0008482025	-0.1025838106	-0.0025443755	0.1025417406	0.0418643	-2.2799999999996438e-05	0.00175261961449	5.198399999998374e-10	-0.0677845	0.0098986999999999	9.7984261689998e-05	0.00459473844025	-0.226785	-0.0373509999999999	0.0013950972009999	0.0514314362249999	0.00592756	0.00059834	3.51359675536e-05	3.580107556000002e-07	-0.000180624	-5.025999999999989e-06	2.5260675999999888e-11	3.2625029376e-08	0.00169982	0.00016162	2.8893880324000003e-06	2.6121024400000044e-08	0.0	0.0	0.0	0.0	0.0	0.0	0.0	0.0	0.0	0.0	0.0	0.0	0.0	0.0	0.0
79254.37108053757	-90.7682457739138	6281255335.371551	8238.874440873622	125458.55749900478	910.9992349223758	829919.606029154	15739849649.731089	78403.40277715238	-105.9546559798182	11226.389123801624	6147093567.0363865	86226.20336790966	75312.57058065828	1.161736	23.311436	0.13035737	0.0783737	-0.0273400462	-0.0448182155	-0.0779901176	0.0772765997	-0.0720061868	-0.0162803031	-0.0467361276	-0.06141489	-0.1215743833	-0.060709894	-0.0232942134	-0.0016268202	0.0616657605	0.0296924993	0.0086540523	-0.0638959289	-0.022865603	-0.0113581995	0.1270555832	0.1036444911	0.1379073099	0.1009683621	-0.05826161	0.0472725516	0.0350511089	-0.0715039596	-0.0584066089	0.0012246183	-0.0535608673	-0.0870713474	0.0869182218	0.1207875118	-0.0897927109	0.0701286378	0.013468486	-0.033064231	0.0736312598	-0.0460172385	-0.1108376028	-0.1268385545	0.0191194328	0.0972191986	0.0696829154	-0.0605380762	-0.1852234757	0.0196069386	-0.0227404036	0.116267198	0.0159060416	-0.0294708462	0.0027790868	0.0498448402	-0.0443455691	-0.0470876794	0.0715967575	0.0832944659	0.0508295803	-0.0258483095	0.1221713377	0.0272299597	-0.0414963286	-0.0154978187	-0.0851049355	0.0028162979	-0.0136405112	-0.0019573436	-0.0339373896	-0.1205510954	0.0541071941	-0.0085056619	0.063125634	0.0500578126	0.0443971389	-0.0243308707	0.0945019683	0.0862008682	0.0598804263	-0.0120160165	-0.0601228237	-0.0968599726	0.0897849344	-0.0008482025	-0.1025838106	0.0025443755	0.1025417406	0.0418814	1.709999999999906e-05	0.00175405166596	2.9240999999996787e-10	-0.0877932	-0.0200087	0.00040034807569	0.00770764596624	-0.17856	0.0482249999999999	0.0023256506249999	0.0318836735999999	0.00505664	-0.0008709199999999	2.5569608089600004e-05	7.585016463999997e-07	8.432739999999998e-05	0.0002649513999999	7.019924436195997e-08	7.111110390759997e-09	0.00180608	0.0001062599999999	3.2619249664e-06	1.1291187599999989e-08	0.0	0.0	0.0	0.0	0.0	0.0	0.0	0.0	0.0	0.0	0.0	0.0	0.0	0.0	0.0
79031.50182265567	-222.86925788190277	6245978280.344427	49670.70610883007	127081.06503781848	1622.5075388137047	2632530.7135073054	16149597091.14625	78323.44541944344	-79.9573577089468	6393.179051796475	6134562102.372535	86316.29813468356	74070.8011035063	1.1835	23.748148	0.0814180949999999	0.0576032	0.0115383286	-0.0454083663	0.1268082936	0.0783887338	0.0075099076	0.1362586961	-0.086116233	-0.0779585383	0.0150735976	-0.1137031684	0.0219022932	-0.0439760803	0.1237653503	0.0054591256	-0.0999301508	-0.1632252921	0.1163879583	-0.0519235594	-0.0366311344	-0.0141017525	0.1091473543	0.0605956548	0.050335785	-0.0573686264	0.0293553547	-0.0432266365	0.0675270822	-0.0872499773	-0.0488528554	-0.0923821994	0.0616907611	0.131707844	-0.0340302033	0.1465446236	-0.0490450935	-0.0707265019	-0.0406837594	0.011478608	-0.0304049077	0.0221611115	0.0578031185	-0.1152347897	-0.0049057692	-0.0274682578	0.0989183752	-0.0196159956	-0.01919112	0.070606928	-0.2004662385	-0.0704855781	0.0290730185	0.1249744589	0.1464339883	-0.1029625381	-0.0343837423	0.0835935029	0.0116535261	-0.0615720943	-0.102699866	0.0390342655	0.019550345	-0.0644462833	-0.1257747325	0.1122173269	0.011527214	-0.0090235307	-0.1035178734	-0.0110597857	0.0266049788	-0.0183626915	0.0258285402	0.018313214	0.013965882	-0.003006569	0.0974536322	0.0440199586	0.0281662107	-0.1013680858	-0.0534823383	-0.0336476412	0.1160229196	-0.0025443755	-0.1024716367	0.0076268671	0.1020933517	0.041823	-5.840000000000012e-05	0.001749163329	3.410560000000014e-09	-0.0879258	-0.0001325999999999	1.7582759999999102e-08	0.00773094630564	-0.207179	-0.028619	0.000819047161	0.042923138041	0.00586193	0.0008052899999999	3.43622233249e-05	6.484919840999989e-07	-5.62845e-05	-0.0001406119	1.977170642161e-08	3.16794494025e-09	0.00169982	-0.0001062599999999	2.8893880324000003e-06	1.1291187599999989e-08	0.0	0.0	0.0	0.0	0.0	0.0	0.0	0.0	0.0	0.0	0.0	0.0	0.0	0.0	0.0
78972.45050656912	-59.051316086552106	6236647939.012509	3487.057931553888	125133.34098825636	-1947.724049562123	3793628.973242674	15658353026.883238	78127.98134399766	-195.4640754457796	38206.204789873416	6103981468.888046	86055.4178440126	72846.27305904706	1.196379	24.006577	0.1249235749999999	0.0666709	0.0564684495	-0.027430878	-0.035464314	-0.0100578539	0.1307597467	-0.0375620133	-0.0217326161	0.0320168315	-0.0345811069	-0.1087494274	0.0190650485	-0.1305610328	0.0581143153	0.0086320431	0.0345354587	0.0545462699	0.0221577245	0.0024304805	0.0444625822	0.0376706467	0.0162000928	-0.094831075	0.019637429	-0.0930575228	-0.0215783629	-0.0950407039	-0.0536051202	0.0879480618	-0.0795212285	0.0577123908	-0.021199543	-0.0843305275	-0.148784063	-0.0515182039	0.1510991731	0.0322368614	-0.027771399	0.0140609738	-0.0182024844	0.0177138537	0.0484826736	-0.0237714591	0.0494555824	-0.0131718559	-0.0072922444	-0.0576989098	-0.0865089693	0.0040790608	0.2094650908	-0.0263140613	-0.0923499219	0.0321698041	0.0226645893	-0.0564344116	0.0846625345	-0.016255037	-0.0333082779	-0.1049625286	0.0240172817	-0.0836182552	-0.0681826868	0.0289856432	-0.0124032591	-0.07987265	-0.0047073667	-0.0064130362	-0.1065489811	0.0358759149	-0.1368542096	0.0684002737	-0.0951155185	-0.1221742346	0.1277375006	0.0697882626	-0.129810863	0.0607425796	0.0204542434	0.0280447147	-0.0048064957	0.1243729621	0.0415268158	-0.0042398529	-0.1022474116	0.0126905962	0.1011985345	0.0519675	0.0101445	0.00270062105625	0.00010291088025	-0.113562	-0.0256361999999999	0.0006572147504399	0.012896327844	-0.158048	0.049131	0.002413855161	0.0249791703039999	0.00547064	-0.0003912899999999	2.99279020096e-05	1.531078640999999e-07	-0.000377722	-0.0003214375	1.0332206640625e-07	1.42673909284e-07	0.00178733	8.750999999999984e-05	3.1945485289e-06	7.658000099999973e-09	0.0	0.0	0.0	0.0	0.0	0.0	0.0	0.0	0.0	0.0	0.0	0.0	0.0	0.0	0.0
79027.76735610055	55.31684953143122	6245388013.289951	3059.953842083002	126406.92622288018	1273.5852346238244	1622019.3498518218	15978710997.116673	78446.42206637248	318.4407223748276	101404.49366660202	6153841135.015451	86272.92501477154	71611.7358934754	1.50984	30.296511	0.3488395	0.189528	0.1597190056	0.1511125535	-0.0213536433	-0.0577034361	-0.062166725	-0.0373953275	0.1046639737	-0.0208102724	-0.1039593402	-0.0144426648	0.0846303013	0.0122256563	0.1323600602	-0.0738188727	0.1086690859	0.0151464021	-0.0284197877	-0.0786971757	0.1178454765	-0.0256630258	-0.0920879411	-0.0137849286	0.0528271817	-0.0233212246	-0.1034075547	-0.0665514642	0.0393437789	0.0126905519	0.0236407744	-0.0718243343	-0.1486475056	0.0393804327	0.0085343836	-0.0514338176	0.0870393154	0.0599176155	0.0460059525	-0.0166248143	0.0531842853	-0.1103917072	-0.0312523018	-0.0354963056	-0.0446806388	-0.0047843582	0.0504106183	0.0454788605	-0.0070395539	-0.0451472656	-0.0900447681	0.1072774801	0.0056056516	0.0856384105	-0.0294627674	0.0680502046	0.1420435431	-0.0030577184	-0.0678806114	0.0419630413	-0.1727929081	0.1072033648	0.0020773966	-0.0086014909	-0.0635133266	-0.0605170056	0.0988645133	0.159742497	-0.0527391921	-0.0806022402	0.0717873663	-0.0704879044	0.0417944502	-0.0814219558	-0.0300775539	0.0139010537	-0.0949248932	0.0259913945	-0.0231038766	0.0358744196	-0.0246836547	0.0784561848	-0.1017136163	-0.0059341712	-0.1019113804	0.0177231056	0.0998612018	0.104145	0.0521775	0.010846181025	0.00272249150625	-0.163694	-0.050132	0.002513217424	0.026795725636	0.0160166	0.1740645999999999	0.0302984849731599	0.0002565314755599	0.00597584	0.0005051999999999	3.57106637056e-05	2.552270399999999e-07	-0.00120322	-0.000825498	6.81446948004e-07	1.4477383684000005e-06	0.00190594	0.00011861	3.6326072836e-06	1.4068332100000029e-08	0.0	0.0	0.0	0.0	0.0	0.0	0.0	1.0	0.0	0.0	0.0	0.0	0.0	0.0	0.0
79363.56980853659	335.8024524360372	6298576212.75446	112763.28706205696	126344.28600840965	-62.64021447053528	3923.796468914658	15962878606.974815	78468.36420152648	21.94213515399315	481.457295116102	6157284180.463402	86298.50815470719	73291.422746631	1.448731	29.070292	0.37409145	0.217231	0.0503307358	0.0293085582	0.1398980881	-0.1133092886	-0.0822609034	0.0260571532	-0.0187998271	-0.0071951299	0.1010305751	0.1074532001	0.0714788399	0.0233931559	0.079494675	0.0510226078	-0.0474489795	0.0810442994	-0.0078849706	0.1354779031	-0.1610673725	-0.1346937917	-0.1496302847	-0.0037449682	-0.1062025261	0.0171329677	-0.025456225	-0.0727393847	-0.073634022	0.0864596634	0.11310339	-0.0078539613	0.0411143478	0.0313395003	0.1370137999	0.0513916559	-0.1206569043	0.0931270179	0.1016776537	-0.0253389556	0.0811485381	0.0903126269	0.116726372	-0.0410604589	0.1190389489	0.0773928066	0.0674633181	-0.0458381755	0.0164706766	0.1123982714	0.0995560983	-0.0091719524	0.0270592475	0.033414459	0.0969728783	0.1502032335	-0.0675541128	-0.1132811309	-0.1010463048	0.0275480042	-0.0564737846	-0.048398505	0.1211368505	-0.1220962284	0.0091105619	-0.0396261109	0.0191333529	0.1468372791	0.0710757218	0.048726369	-0.1262937785	-0.0621757895	0.0433852188	0.1622061558	-0.1036109176	-0.1182589091	-0.0128731312	-0.0363476963	-0.1065686146	-0.0362086917	0.0772979867	-0.1015583493	-0.0509112955	-0.0076268671	-0.1014639107	0.0227120151	0.0980872016	0.0633902	-0.0407548	0.00401831745604	0.00166095372304	-0.105834	0.05786	0.0033477796	0.0112008355559999	-0.186282	-0.2022986	0.0409247235619599	0.034700983524	0.00567997	-0.0002958699999999	3.2262059200900005e-05	8.753905689999959e-08	-0.000357889	0.000845331	7.145844995610001e-07	1.28084536321e-07	0.00158358	-0.00032236	2.5077256164e-06	1.0391596960000005e-07	0.0	0.0	0.0	0.0	0.0	0.0	0.0	0.0	0.0	0.0	0.0	0.0	0.0	0.0	0.0
79613.72781708994	250.15800855334965	6338345656.93368	62579.02924337776	125720.31909957204	-623.9669088376104	389334.7033243628	15805598634.498217	78437.98890039626	-30.37530113021785	922.6589187514138	6152518102.738687	86187.21392217043	76081.19755593549	1.413486	28.363064	0.10405655	0.0490323	-0.1112904606	-0.0172564477	-0.0763705099	-0.0246094659	0.1083235856	-0.0697906053	0.0464834883	0.1056328965	0.0981616631	-0.0136856961	0.0145098762	-0.015642245	0.0457476014	0.1202094272	0.0220485989	0.1154516067	0.0949472193	0.0770118625	-0.0220317826	0.0181021731	-0.0734501888	0.0819756285	0.0149546903	0.0204943172	0.0686071671	0.0293081527	0.0347868953	0.058748367	-0.0747399251	0.0075642741	-0.0591000862	0.0111902875	0.0293371976	0.1193617617	0.0961044221	0.038491449	-0.0013651684	0.0017990349	0.1396008439	0.1056185452	-0.0545905392	0.014484629	-0.1410043966	-0.1426301425	0.0766894227	0.0775564908	-0.0332570815	-0.0938412607	-0.0072432718	0.0276338971	-0.0450604696	-0.0764738163	0.0908573902	0.0426168188	0.0441917979	-0.1164184967	-0.0166900666	-0.1225152935	0.0711791223	-0.1397601286	0.0993020992	-0.0039605884	0.0866189722	0.043936825	-0.0210991841	0.0941975533	-0.05119723	0.0270243515	-0.0133914263	0.0306323162	-0.0551490251	0.0044452001	0.0690431044	-0.0627539166	0.0863165645	0.0255397929	-0.0063185363	0.0596596772	-0.0822638929	0.0780930477	0.0281226294	-0.009317478	-0.1009054916	0.0276450517	0.0958842909	0.0595333	-0.0038568999999999	0.0035442138088899	1.4875677609999972e-05	-0.0801131	0.0257208999999999	0.0006615646968099	0.00641810879161	-0.220579	-0.0342969999999999	0.0011762842089999	0.048655095241	0.00506181	-0.00061816	2.56219204761e-05	3.821217856000005e-07	-0.000341734	1.615500000000001e-05	2.6098402500000026e-10	1.16782126756e-07	0.0017529	0.0001693199999999	3.07265841e-06	2.8669262399999978e-08	0.0	0.0	0.0	0.0	0.0	0.0	0.0	0.0	0.0	0.0	0.0	0.0	0.0	0.0	0.0
79472.10663761808	-141.6211794718547	6315815733.42094	20056.55847499928	126182.12512440288	461.8060248308466	213264.8045700685	15921928700.910463	78561.78346204071	123.79456164444856	15325.093492741173	6171953820.736573	86380.91723837973	76033.65896142997	1.103871	22.15032	0.1209528	0.0611686	-0.0721347603	0.0153681407	-0.0889650304	-0.0017338183	-0.1070368077	0.0019799662	0.0131303933	0.0181102888	-0.0384466798	0.0629610964	-0.0811785954	0.0656950039	-0.0455784026	-0.0639387929	0.0856224935	0.029354145	0.0417844585	0.0609097635	-0.0225371266	-0.0530137113	-0.0603470233	0.0393478516	-0.1263114107	0.1185898529	-0.0053834114	0.0212584801	-0.1138184241	0.0361872089	0.0093117067	0.0051723118	-0.0467722974	-0.004463413	0.0057745175	-0.0358170886	0.1359134188	-0.0696910803	0.0029847393	-0.037957317	-0.0048514664	0.0010050396	0.0394196575	-0.0287071019	-0.0828522631	0.023158964	-0.0825146358	-0.0929088291	-0.1110243418	-0.0101440729	0.007040921	0.0392713466	0.0370064011	-0.0391934121	-0.118215793	0.0304529016	0.0139428249	0.0773943992	0.0218043406	0.0065840528	0.0089616252	-0.0628643551	0.1225539754	-0.0472743329	0.0877516745	-0.0657229828	-0.0313061105	0.0344986472	0.0715724346	-0.0533976268	-0.0514530526	0.058943259	0.0182380569	0.0227706874	-0.0204683967	0.0412621508	0.1279118401	0.0544469865	-0.0334607152	0.0835749824	-0.0264753779	0.0021166954	-0.0555762867	-0.0110055415	-0.1002367339	0.0325100797	0.0932621027	0.0635998	0.0040665	0.00404493456004	1.6536422250000006e-05	-0.0914489	-0.0113357999999999	0.0001285003616399	0.00836290131121	-0.164139	0.0564399999999999	0.0031854735999999	0.026941611321	0.00577581	0.000714	3.33599811561e-05	5.097960000000003e-07	-0.000245224	9.651e-05	9.3141801e-09	6.0134810176e-08	0.0019246	0.0001717	3.70408516e-06	2.9480890000000035e-08	0.0	0.0	0.0	0.0	0.0	0.0	0.0	0.0	0.0	0.0	0.0	0.0	0.0	0.0	0.0
79304.13194187444	-167.97469574364368	6289145343.05423	28215.498410169665	126509.75283638536	327.62771198248083	107339.91765887542	16004717562.723314	78399.29021354917	-162.49324849153345	26404.05580533124	6146448705.988307	86323.82049139969	74961.26158980085	1.083667	21.744898	0.0392563999999999	0.0207244	-0.0374927734	-0.0164330753	0.1072824776	0.0056832467	-0.0764448764	0.0951846989	-0.0609325482	-0.0849013417	0.0117674305	-0.0045766285	-0.0764406975	0.0055873032	0.0889663934	-0.1857553525	-0.0724126891	-0.0642938206	0.0565116516	0.0389257186	-0.0602041527	0.0069621843	-0.0457174651	-0.0780077781	-0.110655803	-0.0522762502	0.0752259802	-0.0194204318	0.0116245327	0.0203183539	-0.0243265439	0.0066182541	-0.0259514592	0.0093608424	0.0944966472	0.1079581088	0.1061947648	-0.0712327416	-0.039854122	-0.0543565226	-0.0252373849	0.0944608534	-0.0016138152	-0.0023486397	0.0215456295	-0.016917513	0.036364086	-0.0162960447	-0.000735578	-0.0555280882	-0.0152429711	-0.0720408823	0.0561878096	0.1337847151	-0.0381970088	0.0216324446	-0.0877198512	0.0592388594	-0.0163342684	-0.112369464	-0.0873103196	-0.0742169604	-0.0309208614	0.0369929325	0.0412325415	0.0185636977	0.0274616931	0.0639287845	-0.028909549	0.0102720687	-0.0294513869	0.1783634038	-0.0480463017	0.0172846236	-0.1115405183	-0.0243071963	0.0511235352	0.0014818287	-0.0378449651	0.053231591	-0.027443401	0.0280394707	0.0040752073	-0.0126905962	-0.0994583687	0.0372951309	0.090232103	0.0468483	-0.0167514999999999	0.00219476321289	0.0002806127522499	-0.0914887	-3.98000000000065e-05	1.584040000000517e-09	0.00837018222769	-0.16654	-0.0024009999999999	5.764800999999935e-06	0.0277355715999999	0.00599766	0.00022185	3.59719254756e-05	4.92174225e-08	-0.000295926	-5.070200000000002e-05	2.570692804000002e-09	8.757219747600002e-08	0.00205333	0.0001287299999999	4.216164088899999e-06	1.6571412899999964e-08	0.0	0.0	0.0	0.0	0.0	0.0	0.0	0.0	0.0	0.0	0.0	0.0	0.0	0.0	0.0
79104.9242666831	-199.20767519134097	6257589043.237668	39683.6978551388	126051.4187027269	-458.33413365845627	210070.1780764477	15888960156.970173	78274.18274945965	-125.107464089524	15651.877570911538	6126847685.095807	86137.7611467634	74018.23247060986	1.010569	20.278109	0.0222045499999999	0.0134025	0.0020570091	0.0186699795	0.0289408655	0.0660772077	0.0765219509	-0.0071287514	-0.0034090751	-0.0601559313	0.0448384603	-0.1591116433	0.0439822129	-0.0628362165	0.01007466	-0.0409459537	0.0223445638	-0.0556344275	0.0450849443	0.0149079131	0.0434887752	0.0342974805	-0.039041458	-0.116016738	0.012046618	-0.0462045435	0.1028629901	-0.031724951	0.1344462693	-0.021560867	-0.0704420457	0.1284976279	0.0537768178	0.0093405599	-0.0132013784	-0.0125431307	0.0709218692	-0.011222881	-0.0954123825	-0.1080320064	0.0884331981	0.0760079597	0.0464895771	0.0849314039	0.0671301027	0.0386179901	-0.0230929984	0.1240063778	0.0576821698	-0.0229149822	-0.1467262044	0.0101517557	-0.0497987858	0.0346971905	0.0567683851	-0.0769781167	-0.0083441671	0.0554053929	-0.043414265	-0.0438212915	-0.025240056	-0.0020049821	-0.074717945	0.0923396925	0.0900805765	-0.0192350062	0.0161733101	0.073268295	-0.0439292753	0.0745454307	0.1580440453	0.0516495565	-0.0616514379	-0.0340311336	0.0775427667	0.0598848406	0.026246206	-0.0855983591	0.047864022	0.0637111372	0.003867696	-0.0069007104	-0.0976499046	-0.0143721814	-0.0985712473	0.0419884337	0.0868075413	0.0476904	0.0008420999999999	0.00227437425216	7.091324099999973e-07	-0.0914982	-9.499999999995625e-06	9.024999999991684e-11	0.00837192060324	-0.154965	0.011575	0.000133980625	0.024014151225	0.00597912	-1.854000000000005e-05	3.5749875974400004e-05	3.4373160000000176e-10	-0.000202277	9.3649e-05	8.770135201000002e-09	4.0915984729e-08	0.00196996	-8.336999999999971e-05	3.880742401600001e-06	6.950556899999952e-09	0.0	0.0	0.0	0.0	0.0	0.0	0.0	0.0	0.0	0.0	0.0	0.0	0.0	0.0	0.0
78998.63985430745	-106.2844123756513	6240785098.830573	11296.3763140375	125020.38209096338	-1031.0366117635276	1063036.494796815	15630095938.170477	78301.57229658231	27.38954712265695	750.1872915842456	6131136224.116906	85998.53244485294	73166.08456569552	1.029497	20.657917	0.08324736	0.0395865	0.0405245637	-0.0079045637	-0.0634655506	-0.0504886433	-0.0030881876	-0.0281666792	-0.032242032	0.0513912063	-0.0476385894	-0.0242679838	-0.0227687672	-0.052819618	-0.1020786217	-0.0297633975	0.0199051697	-0.0471959888	-0.0088134361	-0.0067574037	0.0196926118	-0.0225326186	0.0137931711	-0.0635298102	0.0311436639	0.1498283233	0.029684901	0.1160483872	-0.0648220426	-0.0401565463	-0.0948526417	0.040315914	-0.0193859276	-0.0049850625	-0.0616364572	-0.0901209537	0.013026957	-0.0377228585	-0.1261779111	-0.004321579	0.0723585894	0.1246381332	0.0051318117	0.0594295478	-0.0133478332	0.0362965469	0.0904664745	0.0490149906	-0.07549387	0.0579486088	-0.1408213431	-0.0174207734	-0.0718518267	-0.0376767621	-0.0226878556	-0.0576734916	0.008784806	0.0714574784	0.0381603352	0.0712898243	-0.0604543051	0.0158234925	0.0571904202	0.0592912737	0.0374349534	-0.0745036827	-0.0409886162	-0.1009289565	-0.0234288604	0.0112381513	-0.0012459678	0.0933162889	-0.0096521656	0.0311586971	-0.0077772776	0.0668537201	-0.0822141271	-0.149944071	0.0420487228	0.0023992864	-0.0677884153	-0.0278556106	0.009868132	-0.0160498375	-0.0975763397	0.0465784425	0.0830033923	0.0514766	0.0037861999999999	0.0026498403475599	1.4335310439999974e-05	-0.0786015	0.0128966999999999	0.0001663248708899	0.00617819580225	-0.178529	-0.023564	0.000555262096	0.031872603841	0.00617069	0.00019157	3.8077415076100005e-05	3.6699064900000105e-08	3.78922e-05	0.0002401692	5.768124462864e-08	1.4358188208400003e-09	0.00154169	-0.00042827	2.3768080561e-06	1.834151929000001e-07	0.0	0.0	0.0	0.0	0.0	0.0	0.0	0.0	0.0	0.0	0.0	0.0	0.0	0.0	0.0
79020.68497093648	22.045116629029508	6244268653.275986	485.9871671875133	124424.07142590564	-596.3106650577392	355586.40926160326	15481349550.198868	78299.2092320335	-2.3630645488010487	5.584074061800304	6130766166.361761	86049.65775587579	72984.24523396752	1.068453	21.439613	0.068135705	0.0399993	0.0503007461	-0.0113442179	-0.0340965134	0.000110519	-0.0441546827	-0.0524619201	-0.0391919212	-0.08648074	-0.0660888852	0.0586062645	-0.0146435969	-0.0751283306	0.0284274281	-0.0342798927	0.0215004614	0.0705744957	0.0619178515	-0.0246024773	0.0631819189	0.0463077982	0.0158856198	0.1074483579	0.1463381896	-0.0517393	0.0491283655	-0.0326185563	-0.0031418801	0.0620592435	-0.0280388927	-0.0045677796	-0.0611569706	0.0012765765	-0.0786872138	-0.1034796869	-0.0893904069	0.0576905966	-0.0130528732	-0.0299288882	0.0948123466	0.0607701865	0.0846463684	0.0524715705	-0.0275348332	-0.0521191175	-0.0239489107	-0.0341842416	-0.0427555559	0.0713277645	0.1102143674	-0.046971969	-0.0564167482	0.0544910933	-0.0730545825	-0.0101738719	0.0454270161	-0.0269111492	0.0022853232	-0.0608531905	0.0950358594	0.0748906995	0.0482461315	-0.0190225735	0.0425628903	0.0634808791	0.0005512678	0.0338837623	-0.1126644965	0.0254369348	-0.0355840265	-0.1502083382	-0.0429907418	-0.0615747842	0.0353633485	0.0670360219	-0.1137013943	-0.0486464096	-0.0273456606	0.0321901398	0.0194973295	-0.0461422919	0.0292046936	-0.0177231056	-0.0964747338	0.0510538654	0.0788362905	0.0489551	-0.0025214999999999	0.00239660181601	6.35796224999998e-06	-0.0855871	-0.0069855999999999	4.879860735999992e-05	0.00732515168641	-0.164266	0.0142629999999999	0.0002034331689999	0.0269833187559999	0.00556705	-0.00060364	3.09920457025e-05	3.64381249600001e-07	-6.84099e-05	-0.0001063020999999	1.130013646441e-08	4.6799144180099996e-09	0.00171906	0.0001773699999999	2.9551672836e-06	3.1460116899999945e-08	0.0	0.0	0.0	0.0	0.0	0.0	0.0	0.0	0.0	0.0	0.0	0.0	0.0	0.0	0.0
78966.38002951852	-54.30494141795498	6235689174.966342	2949.026662407522	125633.55541525676	1209.4839893511237	1462851.5204967086	15783790246.278393	78174.83670017561	-124.3725318578945	15468.526680742982	6111305093.099124	86003.95735294117	72914.99156117553	1.001617	20.098492	0.121888505	0.0824339999999999	0.0760281779	0.0288524472	0.043287518	0.0946696951	0.0145049348	-0.0004194397	0.0008546673	-0.1262430739	0.0286711204	-0.0284717818	0.0277924403	-0.1151753543	0.1303321223	0.0711767706	0.0852375733	0.0333320487	0.0291741308	0.0020872763	-0.0410698392	-0.0341085328	-0.0111467409	-0.0184242581	0.0174191059	0.1387403076	0.052023376	0.0028404743	-0.0212923161	-0.0916202085	-0.1253884585	0.0543146655	0.0565688073	0.1139325621	0.0012165744	-0.0710510864	-0.0070117711	-0.1606622616	-0.0455317355	0.1507064019	-0.1149922741	-0.1252726017	-0.0484282838	0.060791164	0.0303270763	0.0104349049	0.0620537661	0.0107591767	0.0591258132	-0.0326361914	0.0088863128	0.0356513697	-0.0727648216	0.1283056802	0.0853001371	-0.0078025891	0.0539773268	-0.0169055176	-0.078396887	-0.0059806657	-0.0219922592	-0.0261010396	0.0908456779	-0.0716380717	-0.0284020101	-0.0533796345	-0.1259026561	-0.0277293103	-0.0134124841	0.0259595345	0.0235858641	0.1028259597	-0.0435675667	0.0587254482	0.0340704362	0.1228633608	0.0600511012	-0.0121978938	0.0295080952	-0.0148466854	-0.1014840057	-0.1153443086	0.1127433816	-0.0193915285	-0.0952676342	0.0554036926	0.0743244578	0.0644917	0.0155365999999999	0.00415917936889	0.0002413859395599	-0.0943481	-0.008761	7.675512100000009e-05	0.00890156397361	-0.0846410999999999	0.0796249000000001	0.00634012470001	0.0071641158092099	0.00560386	3.680999999999997e-05	3.140324689959999e-05	1.3549760999999975e-09	-0.00025539	-0.0001869800999999	3.496155779600999e-08	6.52240521e-08	0.00185459	0.00013553	3.4395040681e-06	1.8368380900000007e-08	0.0	0.0	0.0	0.0	0.0	0.0	0.0	0.0	0.0	0.0	0.0	0.0	0.0	0.0	0.0
79003.55915752088	37.17912800236081	6241562359.555902	1382.28755901593	125325.90843949043	-307.646975766329	94646.66169816822	15706583326.18354	78341.701405462	166.86470528638165	27843.829870311005	6137422179.102566	86172.85065405068	72015.59367001888	1.04747	21.018576	0.0743275499999999	0.0491808	0.087717066	0.0367706973	0.0320560903	-0.0841270187	0.0942008888	-0.0340928917	0.0067589701	0.0396652311	-0.0232009768	-0.0495147906	-0.0061719286	-0.0250596046	-0.0691973585	0.1051406442	0.0009341987	-0.0357911436	-0.0057429272	0.020277676	0.0004260789	-0.0722274525	0.0119960444	0.0001184873	-0.097710211	0.0574065564	-0.063006501	-0.0203222967	-0.0165495501	0.088213394	0.0004865024	0.0158095449	0.0116570155	0.0269869555	0.082449378	0.0463130297	0.0960180926	0.0136898986	-0.083545291	0.0036363155	0.0492470409	0.0825642009	-0.0697911582	-0.0711605647	-0.0752940162	0.1806793879	-0.20517927	-0.0025967178	0.0580562568	0.0088664522	-0.05232343	-0.0026419641	-0.0283247168	-0.0504101286	0.0037575997	-0.0659142669	-0.040085924	-0.0517412017	-0.0668500887	0.0755800684	-0.0004199805	-0.0607570954	-0.0032733801	-0.1129399711	-0.0493720525	-0.0282614747	-0.036854503	0.0380518359	0.03227313	-0.060217916	-0.0633974393	-0.0189311259	-0.1124696545	0.013816826	-0.1256923166	-0.008122293	-0.003774885	0.0595969803	-0.0162350415	0.1275883496	-0.0950345696	0.0501897938	-0.0692828179	-0.0210546499	-0.0939563609	0.0596172234	0.0694876231	0.0615637	-0.002928	0.00379008915769	8.573184e-06	-0.109804	-0.0154558999999999	0.0002388848448099	0.012056918416	-0.132163	-0.0475219000000001	0.00225833097961	0.017467058569	0.00551795	-8.59099999999998e-05	3.04477722025e-05	7.380528099999966e-09	-0.000261345	-5.955000000000034e-06	3.54620250000004e-11	6.8301209025e-08	0.00193116	7.656999999999998e-05	3.7293789456e-06	5.862964899999997e-09	0.0	0.0	0.0	0.0	0.0	0.0	0.0	0.0	0.0	0.0	0.0	0.0	0.0	0.0	0.0
79070.3457854059	66.78662788501242	6252119582.623655	4460.453664251118	125023.921787918	-301.98665157242795	91195.937727927	15630981019.23144	78347.025624212	5.32421875	28.34730529785156	6138256424.160931	86130.39214072347	73121.23953739666	1.106489	22.202858	0.0542731	0.0295376	0.0673814439	-0.0085845678	-0.1242173857	-0.0261297972	-0.0108805114	-0.0913911118	0.0384790102	0.0234840225	-0.091729529	0.0332879177	0.0552006854	-0.020569293	7.6809e-06	-0.0040802215	0.0866025861	0.0733291338	0.0195597069	-0.059396961	-0.0420602761	-0.0236807871	0.0612934267	-0.1267718032	0.0828087394	0.0376269811	0.0314044392	-0.0032325913	-0.023201344	-0.081835686	0.095650709	0.0291018924	-0.1856525091	-0.0611790456	-0.1144046104	0.027549272	0.0078451883	-0.0630232026	0.0379781862	-0.0329912189	-0.0667124838	-0.0833432808	-0.0808584137	-0.1236228749	0.017998562	0.119545834	0.0247483706	0.0334091967	0.0778617331	0.0322815184	0.0001890854	0.041293822	-0.0510382502	-0.0361844682	-0.0418196727	0.0492201223	0.101791677	-0.0408740155	-0.0199166305	-0.0072279145	-0.0734002937	0.0540142629	0.0166592594	0.0742365536	-0.0625373141	0.0491109588	-0.117027955	-0.0825323112	-0.0003014333	0.1287705001	0.0427897453	0.0608094141	0.0658244606	0.0014906499	-0.0412637012	0.0832143778	-0.0114072215	0.0367552461	-0.1278985676	-0.0253006274	-0.0225639718	0.1448372417	-0.0834546919	-0.0227120151	-0.0925423476	0.063684092	0.0643469367	0.0684033	0.0068396	0.00467901145089	4.678012816000002e-05	-0.119269	-0.009465	8.958622500000003e-05	0.014225094361	-0.153817	-0.021654	0.000468895716	0.023659669489	0.00563483	0.00011688	3.1751309128900003e-05	1.3660934400000149e-08	-0.000261345	0.0	0.0	6.8301209025e-08	0.00214057	0.00020941	4.5820399249e-06	4.385254810000007e-08	0.0	0.0	0.0	0.0	0.0	0.0	0.0	0.0	0.0	0.0	0.0	0.0	0.0	0.0	0.0
79110.79394590003	40.4481604941393	6258517718.750653	1636.0536873596511	125006.27619302348	-17.64559489452222	311.3670191815886	15626569087.64647	78425.47320785302	78.44758364102745	6154.023379115997	6150554847.875672	86181.4782497374	73356.20601854443	0.991766	19.90081	0.0820134499999999	0.0576623	0.0476188847	0.0011742666	0.0218971528	0.0615751629	-0.0768538572	-0.012465576	-0.0326192054	-0.0767355692	0.0260035039	0.0923447077	-0.0248895893	0.0404664923	0.0199857245	-0.0795543227	-0.0351493976	-0.0498690423	-0.1793847938	-0.007088812	-0.077269303	0.0641071325	-0.0003941516	-0.1843594021	-0.0012733341	0.1467158407	-0.0673948199	0.0873408095	0.1161928704	0.1050812799	0.0156425825	0.0118567481	-0.0278959628	-0.0751976107	-0.0340412494	0.0332413265	-0.0681338008	0.1099105426	-0.0185371499	0.0178092313	-0.0643430173	-0.0003488613	-0.0049158457	-0.1141783266	-0.1357013993	0.0313282309	0.0409361038	0.0475581195	-0.0129257421	-0.0520400507	0.0364136171	5.26305e-05	0.0309906468	0.0774493356	-0.0474789544	0.0795945792	-0.0658726758	0.0264727729	0.0582927742	0.0590767144	0.016466052	-0.0200793276	-0.043097905	0.1385908864	-0.0397784956	-0.1560535943	-0.078892293	-0.012176025	0.0694102189	-0.0197164361	0.0816513926	-0.0625011931	-0.1007567801	0.0641438938	-0.0797668407	-0.0323302586	-0.1048002613	0.0462981872	0.077578196	-0.0045912767	-0.1316734139	0.1435478923	-0.1276182151	-0.0243631711	-0.0910271406	0.0675942939	0.0589248775	0.0616139	-0.0067894	0.0037962726732099	4.6095952360000017e-05	-0.126873	-0.007604	5.782081600000021e-05	0.016096758129	-0.151515	0.0023019999999999	5.299203999999993e-06	0.022956795225	0.00671747	0.0010826399999999	4.51244032009e-05	1.1721093695999983e-06	-0.000145954	0.000115391	1.3315082881000001e-08	2.1302570116e-08	0.0022489	0.0001083299999999	5.05755121e-06	1.1735388899999956e-08	0.0	0.0	0.0	0.0	0.0	0.0	0.0	0.0	0.0	0.0	0.0	0.0	0.0	0.0	0.0
79197.23231540593	86.4383695058932	6272201606.420377	7471.591722837328	125925.75510051752	919.4789074940344	845441.4613264232	15857295797.635511	78321.3481431241	-104.1250647289271	10842.029104803258	6134233574.956448	86210.44965943409	73217.23505961975	1.053229	21.134138	0.0934998	0.0567752	0.0166039976	0.0233897604	0.0993936947	-0.0900641241	0.0835782821	-0.0040183542	0.0032107983	0.0348770746	0.0514740114	0.0122415425	0.052893201	-0.038621181	-0.0222495137	-0.0151578965	0.0739135613	0.0118583573	-0.0533256882	0.0044687753	-0.1582901692	0.1008594041	-0.0907260498	-0.1382585249	0.0024845061	0.0253845774	-0.0476688246	0.0412303665	0.0193289596	-0.038578533	0.0232539892	-0.0246087571	0.1307087785	-0.0333092622	-0.0895890191	0.1065157891	-0.0463141408	-0.0539589548	0.0492304947	-0.0434497849	0.0344314059	0.0164414418	0.0160147284	-0.0079647293	-0.0311757241	0.0143938586	-0.0391793539	-0.0902118081	0.042646067	-0.0482635189	0.0593260649	-0.01591404	-0.0293073186	-0.0054635949	0.0095091478	0.0041657608	-0.0216246886	-0.0880641971	-0.0915157884	-0.0123336517	-0.0783452549	0.0070843644	-0.0415773619	0.1328998203	0.02514434	-0.1111968117	-0.0370564045	0.0287212398	0.1293717251	0.0601433414	0.0947660644	-0.0586777699	0.0150223144	0.0537041295	0.0414622842	-0.0708549577	0.0867879679	0.0385363042	0.0397612826	0.0095509999	-0.030421825	0.0180502198	0.0066490666	-0.0260076665	-0.0894123968	0.0713382097	0.0532451548	0.0630768	0.0014629	0.00397868269824	2.140076410000009e-06	-0.0985445	0.0283285	0.00080250391225	0.0097110184802499	-0.132975	0.01854	0.0003437316	0.017682350625	0.00595618	-0.0007612899999999	3.54760801924e-05	5.795624640999993e-07	-0.000288032	-0.000142078	2.018615808400001e-08	8.296243302400001e-08	0.0022489	0.0	5.05755121e-06	0.0	0.0	0.0	0.0	0.0	0.0	0.0	0.0	0.0	0.0	0.0	0.0	0.0	0.0	0.0	0.0
79616.08614561633	418.8538302103989	6338721173.1462	175438.53108192165	126458.67282046178	532.9177199442638	284001.2962305928	15991795931.5126	78715.7007103296	394.3525672055112	155513.94726157718	6196161538.318185	86411.19635020023	74229.52496681832	1.372573	27.54211	0.22607971	0.148404	0.0139343262	0.1811046842	-0.1274269974	-0.0654722935	0.022049382	-0.0899664988	0.2086303113	0.0518797649	-0.0658210485	0.0030833708	0.0088596468	0.1382181884	-0.0349285445	-0.0432752793	0.1263269153	-0.011520626	0.0166032068	0.1143414793	0.0335035728	0.1142010034	-0.0918105143	-0.0038350851	0.0969452477	-0.1262632888	-0.0860603142	0.0127387763	0.0401817379	-0.0075031044	-0.0161838915	-7.63016e-05	0.0459917875	0.0247573207	-0.0230029332	0.1639862928	0.0313248417	-0.0723517752	-0.126504902	-0.0124853977	0.029071295	-0.019681337	-0.0615171318	-0.0236713832	0.0060791943	-0.0148323383	0.062008181	-4.81773e-05	0.0037680128	0.1438601166	-0.0253204867	0.1736847152	0.0569022139	-0.0576777566	-0.0957517739	0.0452815781	0.0647012685	-0.0554440281	-0.1015938561	0.0328542967	-0.061615678	-0.0766799106	-0.0530202461	0.1996812499	-0.0314651045	0.0949493668	0.0323560206	0.0248953302	-0.1012381191	-0.0252337462	0.0068544314	-0.001718403	0.0182563061	-0.0245252127	0.0026586395	-0.0980368068	0.0528693856	-0.0139412892	0.0909125475	-0.0360741274	-0.0576269556	-0.0102066737	0.016265095	-0.0276450517	-0.0876998819	0.074906629	0.0473326046	0.0787767999999999	0.0156999999999998	0.0062057842182399	0.0002464899999999	-0.120418	-0.0218735	0.00047845000225	0.014500494724	-0.00609609	0.12687891	0.0160982578027881	3.7162313288100006e-05	0.00511564	-0.0008405399999999	2.61697726096e-05	7.065074915999998e-07	-0.000483408	-0.0001953759999999	3.8171781376e-08	2.33683294464e-07	0.00244553	0.00019663	5.9806169809e-06	3.866335690000006e-08	0.0	0.0	0.0	0.0	0.0	0.0	0.0	0.0	0.0	0.0	0.0	0.0	0.0	0.0	0.0
80022.36219736106	406.2760517447314	6403578451.64564	165060.23022128764	130659.77312027269	4201.100299810903	17649243.729071263	17071976311.841131	78806.83803134006	91.13732101045024	8306.011280961857	6210517720.497866	86834.78645614495	75959.46495217922	2.172303	43.589504	0.46432719	0.360744	-0.0116449744	0.4944639723	0.0812391438	0.1155953367	-0.1572377766	0.1738241132	0.4700030642	-0.2441754101	0.0325905464	0.012492984	-0.1512227803	0.2086640028	0.2245829343	-0.0672031146	0.2451196771	-0.196590915	-0.076989463	-0.0028612439	-0.1604578685	0.1096356472	-0.0909118104	0.0502024158	0.0474349642	-0.1299389064	-0.1234907296	0.0741165639	-0.0829720604	-0.0593975974	-0.1692340406	-0.014949338	-0.0081286779	-0.0535243556	0.0438401805	-0.0672873811	-0.0308166245	-0.0180688827	-0.0409734448	0.0657319874	-0.0273058464	0.0432699804	-0.0930955025	0.1029118383	0.0538636648	0.0474222582	-0.0032432288	-0.0705527595	0.1322335376	-0.0131687985	0.0433670844	0.3367513377	0.2527253613	0.2730374737	-0.0954379163	-0.1460614181	0.0069183389	-0.1953242204	0.0121839573	-0.0116430713	-0.1565107164	0.0468050055	0.0457664784	0.1869282034	0.0871009659	0.0257812664	-0.0262087008	-0.0244961781	0.0170815456	-0.0830380988	-0.2177084768	-0.0442400066	-0.0013560749	-0.0555703132	0.0659652193	-0.0130335158	-0.1213372242	-0.0480554895	0.1048540537	0.0262317573	-0.0876106995	-0.0641285047	0.0565115747	-0.0292748789	-0.0858914684	0.0782907735	0.041213081	0.0976703	0.0188935000000001	0.00953948750209	0.00035696434225	-0.173991	-0.053573	0.002870066329	0.030272868081	0.347538	0.35363409	0.1250570696101281	0.120782661444	0.00505058	-6.506000000000046e-05	2.55083583364e-05	4.23280360000006e-09	-0.00104706	-0.000563652	3.17703577104e-07	1.0963346436e-06	0.00258135	0.00013582	6.6633678225e-06	1.8447072400000013e-08	0.0	0.0	0.0	0.0	0.0	0.0	0.0	0.0	1.0	0.0	0.0	0.0	0.0	0.0	0.0
79392.04480394103	-630.3173934200313	6303096778.150979	397300.0164478225	125994.82614699444	-4664.946973278245	21761730.263497863	15874696215.811354	78692.04897446866	-114.78905687139196	13176.527577423656	6192438571.800175	86330.86257714023	72235.010214965	1.864153	37.406158	0.362030795	0.21568	0.0795937078	0.4052872004	0.1850697583	-0.2251828448	-0.0788731927	-0.0141478275	0.1420006861	-0.0132750042	-0.0363756454	0.0648548928	-0.2151996065	0.1334535309	-0.0360300791	-0.0301663415	0.2379512541	-0.0433302998	-0.0842935347	0.0973713515	-0.0955676421	0.0645551079	-0.1551062693	0.1227522565	0.0536631085	-0.0933655907	0.0269988602	0.0797976986	0.1062035737	-0.1485288863	0.0476895024	0.0225588182	0.0256511222	0.0174907514	0.1250629911	-0.0771866789	0.0470739804	-0.0959250827	0.0469041411	-0.0039383762	0.0602484666	-0.0036848975	0.0236265724	0.0457973069	-0.1454161621	0.0021956275	-0.1040405981	-0.0239276492	-0.0159559918	-0.0046924676	0.0252401495	0.1754648141	0.0946627977	0.0159406734	-0.1872001224	-0.065708447	-0.1156545609	-0.1803964175	-0.2383541722	-0.0309039186	0.0018770459	0.0578888379	0.0417348939	0.0025775633	0.2351204995	0.0162357512	-0.0260369	0.0923007197	-0.016618008	-0.03767624	0.1370601579	0.0056790324	-0.0386857087	-0.0621763961	-0.0884217237	-0.0318726892	0.0217897473	0.0436895351	-0.0299766505	0.0291172629	0.0354549264	-0.017743316	0.0490731489	-0.0308967027	-0.0839891338	0.0814823178	0.034913343	0.065547	-0.0321233	0.0042964092089999	0.00103190640289	-0.116484	0.057507	0.003307055049	0.013568522256	0.148785	-0.198753	0.039502755009	0.022136976225	0.00491258	-0.000138	2.41334422564e-05	1.9044000000000028e-08	-4.45601e-05	0.0010024999	1.0050060495000105e-06	1.98560251201e-09	0.0022489	-0.00033245	5.05755121e-06	1.1052300250000013e-07	0.0	0.0	0.0	0.0	0.0	0.0	0.0	0.0	0.0	1.0	0.0	0.0	0.0	0.0	0.0
79513.91252199211	121.86771805108584	6322462284.555014	14851.740702978952	125112.26560633956	-882.5605406548857	778913.1079210441	15653079005.151257	78501.82634636167	-190.22262810698885	36184.64824392978	6162536739.714324	86232.05177176339	74863.31816023833	2.118858	42.517082	0.26913522	0.212026	0.0037480864	0.1684589577	-0.1605434328	0.0682027453	-0.0279037996	-0.0900592571	0.1339671235	-0.0497586344	-0.1216070869	-0.0066934195	-0.1401803356	0.0536692632	-0.0448771417	0.0295611372	0.3590677408	-0.0190805107	0.0333711313	0.0899387388	0.0210120297	0.0212374246	0.0022945677	0.08955683	0.0100650727	0.1031971065	-0.0454244258	-0.0289876841	0.0145242084	-0.0508872489	0.1059061472	0.004815238	-0.0745513303	-0.0528235109	0.1284386504	-0.0396968717	0.0546587066	0.0010689804	0.0597479241	-0.0842066911	-0.0816546703	0.0206995351	0.0617565416	-0.0205210015	0.0958370847	-0.0656891394	-0.0126030527	0.1533026322	-0.0674388136	0.0508431507	0.0428450233	0.1664975762	0.0141420813	-0.0149420421	-0.1590610207	-0.0656988197	0.0409762838	-0.0197121765	-0.138781979	0.0317817113	0.1042717073	-0.1329670161	0.0529745053	-0.1909613975	0.1055958663	0.0214671656	-0.155979274	-0.0207282393	-0.0814654058	-0.1537515045	0.1490491029	0.0113115994	0.1054398943	-0.0059634235	-0.0488788537	0.1453885055	-0.0059034459	0.0793617818	-0.0808960522	-0.1401102824	0.2730501461	-0.0230012248	0.088544536	-0.0325100797	-0.0819949584	0.0844734105	0.0284609379	0.0924325	0.0268855	0.00854376705625	0.00072283011025	-0.112513	0.003971	1.576884100000002e-05	0.012659175169	-0.0486628	-0.1974478	0.03898563372484	0.00236806810384	0.00560872	0.00069614	3.14577400384e-05	4.846108996000007e-07	7.591829999999998e-05	0.0001204783999999	1.4515044866559997e-08	5.763588274889997e-09	0.0022489	0.0	5.05755121e-06	0.0	0.0	0.0	0.0	0.0	0.0	0.0	0.0	0.0	0.0	0.0	1.0	0.0	0.0	0.0	0.0
79474.5330137642	-39.37950822791026	6316201397.755896	1550.7456682720522	127196.16207205414	2083.8964657145843	4342624.479817736	16178863645.860264	78570.10087581052	68.27452944884135	4661.411371460705	6173260751.63504	86633.50364692752	75493.83860136103	1.685891	33.829159	0.215709825	0.138045	-0.0555459733	-0.0543157086	0.1288364124	0.010919285	-0.0611779027	0.1540369743	-0.0744350244	0.0314069647	0.0243168807	0.1355982482	-0.0202797201	0.056223449	-0.0614415839	0.0776498003	-0.0651172711	-0.0210425219	0.0273778961	0.0928258493	0.0202976155	-0.1253589513	-0.0548235709	0.1254088159	0.0551783771	-0.0740548059	-0.0857290212	-0.0757193306	0.1471039999	0.0288127842	0.0281632882	-0.0250421948	-0.0126245233	0.0450305578	0.0843798756	0.0620504725	-0.0384781269	0.0929759796	-0.1177176612	-0.086640934	-0.0719386233	-0.107032142	-0.0258538819	0.0076850399	0.0630988579	0.0764364694	-0.0241360313	-0.048507139	-0.1416643024	-0.0760605416	-0.0475908719	-0.0924958747	0.1071876417	-0.0255177408	0.0497378381	-0.0308879154	-0.1229076948	-0.0143265611	-0.1145001158	0.1314062139	-0.0313210493	-0.006654569	0.1358761322	-0.1459171309	-0.0404180402	0.0377127948	0.1089471834	0.0053312494	-0.1014705596	-0.0860543813	0.0160887997	-0.1087023513	-0.0489615389	0.0322108453	-0.1313704079	0.0168531461	-0.0456125039	-0.0127545036	0.1117059819	-0.1189151926	0.0259257653	0.0395873391	-0.053435877	-0.0341145687	-0.0799111227	0.0872566935	0.0218840804	0.057811	-0.0346215	0.003342111721	0.00119864826225	-0.0803326	0.0321804	0.0010355781441599	0.00645332662276	-0.16599	-0.1173271999999999	0.0137656718598399	0.0275526801	0.00622991	0.0006211899999999	3.88117786081e-05	3.858770160999997e-07	6.54938e-05	-1.0424499999999974e-05	1.0867020024999948e-10	4.2894378384400006e-09	0.0022489	0.0	5.05755121e-06	0.0	0.0	0.0	0.0	0.0	0.0	0.0	0.0	0.0	0.0	0.0	0.0	1.0	0.0	0.0	0.0
79181.94226776429	-292.5907459999144	6269779981.295557	85609.3446447864	124168.175868332	-3027.9862037221465	9168700.449931655	15417735898.469025	78367.0148932817	-203.08598252882075	41243.91629969649	6141389023.283835	86027.8812639509	74000.00787429299	1.208435	24.248503	0.051354395	0.0328732	-0.0182368889	0.0095080226	-0.0440740325	-0.0599335247	0.0693648	-0.0881543761	-0.0243299811	0.053745241	0.002272234	-0.0624384655	-0.0899296978	-0.0319547801	-0.1079775808	0.0302251851	0.0595957981	0.0349304199	-0.0121596956	0.0585602006	0.1348327789	-0.1050663325	0.0086967189	0.0732389827	-0.034385378	0.0121361787	0.0079962129	0.0339463423	-0.0071860304	-0.02023782	-0.0646174493	-0.0328319876	0.0344995592	-0.0110468967	-0.0320478714	0.0098043355	-0.0067173443	-0.0077260074	0.066763123	0.0974472354	0.0904862132	0.0369724435	0.0620965101	-0.168551553	-0.066986675	-0.0152758041	0.1077138239	0.0285312315	-0.0792404441	-0.0655275742	-0.0169022518	0.0080861475	-0.065850151	-0.1002530415	-0.0532942177	-0.0148343269	0.0151138736	-0.0029772184	-0.0323022078	0.0525766218	0.1218102913	-0.0663097326	0.0070382856	-0.1307180588	0.1025758829	0.0788481101	-0.0221300459	0.0352823425	-0.0042612513	-0.0211099884	-0.0099585403	0.0311803586	0.0144036685	0.0147156981	0.0430720325	-0.0801131278	-0.0790976635	-0.0849589275	0.0130092079	0.065722466	-0.0413323861	0.0074703889	0.095971023	-0.0357097311	-0.0777399053	0.0898253196	0.0152115293	0.0604429	0.0026318999999999	0.00365334416041	6.926897609999998e-06	-0.0768991	0.0034335	1.178892225000004e-05	0.00591347158081	-0.192732	-0.0267419999999999	0.0007151345639999	0.0371456238239999	0.00644997	0.00022006	4.160211300090001e-05	4.8426403600000095e-08	-8.53861e-05	-0.0001508799	2.2764744224010003e-08	7.290786073210001e-09	0.0022489	0.0	5.05755121e-06	0.0	0.0	0.0	0.0	0.0	0.0	0.0	0.0	0.0	0.0	0.0	0.0	0.0	0.0	0.0	0.0
79126.8137974536	-55.12847031069396	6261052661.736893	3039.148238797065	125392.75018038416	1224.5743120521656	1499582.2457380346	15723341797.800232	78384.51047482889	17.49558154719125	306.09537367441897	6144131482.378559	86195.64578847164	74370.29358737949	1.085545	21.782581	0.090786045	0.0632133	0.0070719886	-0.0256619042	-0.0514946768	0.0293037078	-0.1233270326	0.0003441579	-0.0398265011	-0.0224639838	-0.1043306648	0.0229777243	-0.0909154244	-0.0091058274	-0.0337684158	0.00161332	0.0344061307	-0.0421241102	-0.0306123941	0.0629262566	0.1209644119	-0.0981988718	0.0227708129	0.0884981689	0.0743162459	0.0849547196	-0.1467222639	0.0013599705	-0.0890560044	-0.0133972404	-0.0477997831	-0.0945968917	-0.0065289057	0.1067768747	0.1385302748	-0.0624885334	-0.0315482931	0.0657548286	0.0820226115	0.0336301534	-0.0493037801	-0.0917485962	0.0805868179	0.0004237388	-0.0795881076	-0.2351370949	0.0314757088	-0.0015208906	0.067386808	0.0654942921	-0.0288207223	0.0013639326	0.0043013971	0.0217430683	-0.0937306934	-0.0043449869	0.0485981552	0.083349603	-0.0157010433	0.1448707332	0.0491193243	0.0164145953	0.1333111125	-0.1530659394	-0.0227436535	-0.0414338277	0.0989527754	0.022343426	0.0413745342	-0.179816043	0.0874750094	-0.1175436454	-0.0442554964	0.0335717488	-0.0084717535	-0.0289719844	-0.0339163228	0.056183781	-0.0770199323	0.1369673773	0.0096341334	-0.0678088571	0.1228483349	-0.0372951309	-0.0754836805	0.0921729699	0.0084724621	0.0703031	0.0098601999999999	0.0049425258696099	9.722354403999986e-05	-0.0871567	-0.0102576	0.00010521835776	0.00759629035489	-0.131264	0.0614679999999999	0.0037783150239999	0.0172302376959999	0.00648397	3.4000000000000176e-05	4.20418669609e-05	1.156000000000012e-09	-0.000235391	-0.0001500049	2.250147002401e-08	5.5408922881e-08	0.0022489	0.0	5.05755121e-06	0.0	0.0	0.0	0.0	0.0	0.0	0.0	0.0	0.0	0.0	0.0	0.0	0.0	0.0	0.0	0.0
78922.86972671913	-203.944070734462	6228819365.900679	41593.18398774324	125907.73834345143	514.9881630672753	265212.80809940654	15852758574.763033	78370.52812049713	-13.9823543317616	195.50623265893236	6141939677.885631	86219.47608857996	73006.35629817522	1.108514	22.243479	0.0585488	0.0320166	0.0541799139	-0.0128252338	0.1305404916	0.0266578534	-0.0340431852	0.0751457329	-0.0650502892	-0.0950202186	0.0200590623	-0.0575658902	-0.0109726878	0.0066314228	0.1181468024	-0.0470430851	0.0115128914	-0.0616340226	-0.006900129	0.1189824351	0.0732503388	-0.2707299251	0.1149908984	0.0011350527	-0.1119406132	0.0641538398	-0.0708345016	-0.0702765381	0.0930576036	-0.0329800525	0.0160449326	0.20269661	0.0089173665	-0.0408585783	-0.0759040617	0.027619574	-0.0795834105	-0.0163338679	-0.0081828293	-0.1335466594	0.0455856426	-0.0187848886	-0.0463762918	0.033800173	-0.0031967107	0.0240156255	-0.0102391537	-0.0803817273	0.1118296723	0.0211705742	0.0126712826	-0.0230038059	0.0430402373	0.1255789351	0.0352315876	0.0230424683	-0.0338241439	0.0417597832	-0.1122806175	0.0341137473	-0.0440112693	-0.0412016366	-0.0086687882	-0.1284519166	-0.0824479138	0.09548771	0.0284937862	-0.0597107346	-0.050863748	-0.0184602603	0.0050139365	0.1681023834	0.0051082404	0.0925159911	0.0518481015	-0.0471261312	-0.0642201086	-0.095261016	0.0149828618	0.1010669387	-0.0538361267	0.0175712202	-0.2041175959	-0.0388703345	-0.0731449155	0.094293869	0.0016963469	0.0653796	-0.0049234999999999	0.00427449209616	2.424085224999997e-05	-0.0859603	0.0011964	1.4313729600000006e-06	0.00738917317609	-0.16076	-0.0294959999999999	0.0008700140159999	0.0258437775999999	0.00607226	-0.00041171	3.6872341507600006e-05	1.6950512410000006e-07	-0.000241279	-5.888000000000009e-06	3.4668544000000105e-11	5.821555584100001e-08	0.00228996	4.106000000000032e-05	5.243916801600001e-06	1.6859236000000259e-09	0.0	0.0	0.0	0.0	0.0	0.0	0.0	0.0	0.0	0.0	0.0	0.0	0.0	0.0	0.0
78981.53527762169	58.66555090255861	6238082914.8102	3441.646862700695	125195.6449044586	-712.0934389928298	507077.065856635	15673949503.043291	78287.82479286744	-82.7033276296861	6839.840401023201	6128983510.79871	86084.77767693014	72877.3602972313	1.002092	20.108006	0.0827189	0.0475537	0.0450895639	-0.0358357819	0.0149777016	-0.0218834508	0.1081900899	-0.026413347	-0.0144963913	0.0296241976	-0.0061407203	-0.0633839897	0.0479365709	-0.0421691741	-0.1037405125	0.0213528907	-0.0231463581	-0.0730021387	0.0113644362	-0.0782322446	0.0495820302	0.0347362591	-0.0581100011	-0.1536713772	-0.0771490352	-0.0696376535	-0.0502582651	0.0629090504	0.1280527319	0.0651586155	-0.0658078215	-0.0345810897	-0.0441826028	-0.0148938447	0.0390675581	-0.0146331147	0.0031456586	-0.0193951825	-0.0052984205	-0.0323926543	-0.0976025441	0.0291039239	0.0464281777	-0.0266781023	0.0232859881	0.0045215502	-0.0880712088	-0.064351801	0.0426198049	0.2064476599	0.0148760548	-0.0177914203	-0.0443694081	-0.0516138	-0.0148974584	-0.0764338386	-0.0283831831	0.0055159387	-0.0121222924	0.0613894989	-0.0125075608	-0.0238995271	-0.1388153151	-0.0335180978	0.0607485668	-0.0016891155	0.0350637901	0.0252921204	0.0785688585	0.0145894606	0.0356191116	-0.1008209421	-0.1733300846	0.0325546587	-0.0478397688	0.1273410987	-0.1326302671	0.0754332756	0.048970734	-0.0470072282	-0.0797846694	0.0458149875	0.0830014963	-0.0404349114	-0.0707261675	0.0961827994	-0.0050871859	0.063341	-0.0020386	0.0040120822809999	4.155889960000006e-06	-0.100926	-0.0149656999999999	0.0002239721764899	0.010186057476	-0.200841	-0.040081	0.001606486561	0.040337107281	0.00625922	0.0001869599999999	3.91778350084e-05	3.4954041599999963e-08	-0.000422261	-0.000180982	3.2754484324e-08	1.78304352121e-07	0.00243469	0.00014473	5.927715396100001e-06	2.094677290000001e-08	0.0	0.0	0.0	0.0	0.0	0.0	0.0	0.0	0.0	0.0	0.0	0.0	0.0	0.0	0.0
79032.8307516051	51.295473983409465	6246188336.611856	2631.225651182637	124989.40808494228	-206.23681951632895	42533.625724210855	15622352133.424232	78276.73552604917	-11.08926681826415	122.97183856665433	6127247324.615049	86025.4749335281	72629.98894395072	0.987588	19.816971	0.0996081999999999	0.0430798	0.0710105461	0.0062697956	-0.096774773	-0.0696584028	-0.0146174799	-0.0807708196	0.037149941	0.0577119537	-0.0775054251	0.0343021535	0.0528681474	-0.0443588843	-0.1100666999	-0.0004849507	0.1274675429	0.0223771324	-0.0468041576	-0.0071755528	0.0635243538	-0.0342011418	0.0114926485	0.0325702626	0.0883490447	-0.0611090838	-0.0343817772	0.1010590651	0.0193429844	0.0366777799	0.028161755	0.1152449029	0.008879886	-0.0006260189	-0.1404952028	-0.0318621974	-0.0806934677	0.1212423163	-0.020204314	0.0795027697	0.1498858772	0.0387908684	0.1357010228	0.0249741596	-0.1192297679	-0.0111905712	-0.0565771972	0.0366873609	0.1278936187	-0.0018876028	0.0575006987	0.0311237856	-0.0728740574	-0.0709892566	-0.098853933	-4.01719e-05	0.0892021553	-0.0441531055	-0.0261410623	0.1236586787	-0.0329856366	-0.0063121532	-0.053405017	-0.00418708	0.0023283957	0.0619655649	-0.0142316449	-0.1174334764	-0.0211995827	0.0669184184	-0.0097115213	-0.0513900135	-0.0245372022	0.0194507743	0.0960168149	-0.0226138883	-0.0315974919	-0.0120856373	-0.0618864338	0.0435019389	-0.0513546112	0.121471162	-0.0535957303	-0.0419884337	-0.0682300815	0.0978351141	-0.0118484738	0.0809016999999999	0.0175606999999999	0.0065450850628899	0.0003083781844899	-0.111357	-0.0104309999999999	0.0001088057609999	0.0124003814489999	-0.169418	0.0314229999999999	0.0009874049289999	0.028702458724	0.00655499	0.0002957699999999	4.29678939001e-05	8.747989289999993e-08	-4.6721e-05	0.00037554	1.410302916e-07	2.182851841e-09	0.00256725	0.0001325599999999	6.590772562500001e-06	1.7572153599999973e-08	0.0	0.0	0.0	0.0	0.0	0.0	0.0	0.0	0.0	0.0	0.0	0.0	0.0	0.0	0.0
79200.23793476014	167.4071831550391	6272677688.922619	28025.164971904804	124725.49679040605	-263.9112945362285	69649.17138378797	15556449549.613588	78343.69988292507	66.9643568758911	4484.225091801704	6137735311.345833	86069.51589170824	73702.49243000835	1.013013	20.327162	0.1048690349999999	0.0576342	0.0087896669	-0.0303383749	0.0468265732	-0.02877971	-0.0920579483	-0.016970106	-0.0573135984	-0.0412040337	0.0321590617	0.1420858142	0.0057400576	0.006323776	-0.0934624995	-0.0958890104	-0.0071656665	0.0016930032	-0.103674683	0.0940869485	-0.0144008663	0.0273378275	-0.0052203333	-0.0046609505	-0.1601561412	-0.0073879587	0.0579627706	-0.0330650899	0.0544015509	0.0356604871	0.0185567614	0.0985623628	-0.0955494942	0.0770663064	-0.0966351643	-0.0460460293	-0.0852694388	0.1041218151	0.0234577678	-0.0589502453	-0.0161748497	0.0009665379	-0.0259089414	0.0629297317	-0.0508637205	0.0184628402	-0.0441197514	-0.0725754857	0.0088400647	-0.0576866027	0.0178856927	-0.0492430548	0.0065599682	0.0284936865	-0.0955608049	0.0992675524	-0.0900136967	0.0033138829	0.0034141359	0.0928045199	0.0637073089	-0.027511759	-0.0819744726	0.0018250988	0.0971453523	-0.0389903121	0.0082827534	-0.0582232209	0.0303157568	0.0413942135	-0.0798868749	-0.0169078202	0.0328648971	0.0787326882	-0.0286430769	0.0353038863	-0.0129919814	-0.0909772156	-0.0871688975	-0.1747320251	-0.103400454	0.0244157309	-0.1325208172	-0.0435304769	-0.0656593869	0.0992467484	-0.0185579513	0.0568508	-0.0240508999999998	0.00323201346064	0.0005784457908099	-0.0911314	0.0202255999999999	0.0004090748953599	0.00830493206596	-0.212187	-0.0427689999999999	0.0018291873609999	0.0450233229689999	0.00676056	0.0002055699999999	4.57051715136e-05	4.225902489999981e-08	-5.29817e-05	-6.260699999999999e-06	3.919636448999999e-11	2.8070605348900003e-09	0.00242261	-0.00014464	5.8690392121e-06	2.0920729600000042e-08	0.0	0.0	0.0	0.0	0.0	0.0	0.0	0.0	0.0	0.0	0.0	0.0	0.0	0.0	0.0
79322.34264277515	122.10470801501651	6292034042.337826	14909.559719432438	125932.601431877	1207.1046414709565	1457101.615460726	15859020103.39999	78388.70767572496	45.00779279989365	2025.7014127181587	6144789491.070261	86134.6382672991	74354.58701864423	1.008739	20.241392	0.04672069	0.0261028	-0.0293552508	0.0139327038	0.0233070142	0.0368921829	0.082229259	-0.0369935586	0.0536216592	-0.0364040101	0.1163153952	0.0035669334	0.1176468867	9.94288e-05	-0.0268398758	0.0926115148	-0.012051122	0.0809918705	0.0675330891	0.0235985688	-0.0386686863	0.0382521621	0.0231523093	0.0417072569	-0.0119308534	-0.0746584751	0.1102970624	0.0890500036	0.0691783484	-0.0672213791	-0.0153836762	0.0195578126	-0.0920807599	0.0307216852	0.0449844798	0.0360317007	-0.0759133519	-0.0238523345	0.0053208032	0.0461365839	0.0167081743	-0.0297471594	-0.0543461404	-0.0472900001	0.0223506199	-0.0210859213	-0.0500458249	-0.0534980543	0.1123809621	0.0722434776	-0.0416216288	0.0514041435	-0.0249153533	-0.0438647867	0.0973501888	0.0441795394	-0.0405794895	-0.0640703532	-0.0433778416	-0.0370696415	0.0584403664	0.0080774147	-0.0318229633	0.0549833188	0.0323702095	0.119813191	0.0348822578	-0.0942977058	0.0245833926	0.0489890693	0.0741225948	-0.0709888987	0.0770190157	0.0713301007	-0.0373319771	-0.0279884424	0.0519527779	-0.1070205099	0.0166599255	1.35155e-05	-0.0733286039	-0.0250975979	0.0166343072	-0.0450606192	-0.0630168947	0.1004142296	-0.0251862796	0.06629	0.0094392	0.0043943641	8.909849664000003e-05	-0.107617	-0.0164856	0.00027177500736	0.011581418689	-0.212774	-0.000587	3.445690000000049e-07	0.045272775076	0.00671993	-4.062999999999983e-05	4.51574592049e-05	1.6507968999999863e-09	1.94761e-05	7.24578e-05	5.2501327808400014e-09	3.7931847121000006e-10	0.0027137	0.0002910899999999	7.364167689999999e-06	8.473338809999997e-08	0.0	0.0	0.0	0.0	0.0	0.0	0.0	0.0	0.0	0.0	0.0	0.0	0.0	0.0	0.0
79456.52770936533	134.18506659017294	6313339795.62914	18005.632095809146	125735.66046103704	-196.9409708399617	38785.74599538663	15809456311.573196	78335.33084361491	-53.3768321100506	2849.0862061045286	6136424058.378605	86064.31419708508	75413.43462604278	1.050655	21.082476	0.0962616549999999	0.0482348	-0.0685185669	-0.0083922796	-0.0790372999	-0.0594673315	0.0059695755	-0.0287005359	0.0303641253	0.1189486133	0.0664954199	0.0068408775	-0.0373652759	-0.0097721333	0.0495461425	0.0663726134	-0.0340920255	0.0707519847	0.0078296878	-0.0124354923	0.0523277506	0.0867795277	0.1164680234	0.0086714386	0.0695129669	-0.0245470708	0.0095992	0.1996389692	0.0222131738	-0.0542262404	-0.0161669458	0.0344917587	0.0450423042	-0.077058182	0.0350980988	-0.1122264533	0.0171217587	-0.0580185199	0.1035163962	-0.0489417593	-0.1820360907	0.1946174988	-0.009678734	-0.0968799503	0.0314676526	-0.0362410257	-0.0340788907	-0.0367946148	0.0249319608	0.0070486367	-0.0097551472	0.0159423353	-0.028255608	-0.0654751082	0.0799588621	0.0700909637	0.0645314883	-0.0544849062	0.0052566236	-0.0595503815	0.0252476679	0.001514976	0.0257733378	0.0816504644	0.0341032101	0.0664503541	-0.0167095132	-0.1949849747	-0.0108675066	-0.0644981955	0.0178675859	0.0571399879	-0.1005795551	0.0690643053	-0.0779010178	-0.1156230639	-0.0489071403	-0.0116632483	0.104363127	-0.0069592778	0.028894539	0.0170377816	-0.0169357649	-0.0465784425	-0.0603054945	0.1013346856	-0.0317044747	0.0827563999999999	0.0164663999999998	0.0068486217409599	0.0002711423289599	-0.10067	0.006947	4.826080900000013e-05	0.0101344488999999	-0.231901	-0.019127	0.000365842129	0.053778073801	0.0072732099999999	0.0005532799999999	5.289958370409854e-05	3.061187583998893e-07	-0.000445099	-0.0004645751	2.1583002354001005e-07	1.9811311980100002e-07	0.00265713	-5.656999999999971e-05	7.0603398369000005e-06	3.2001648999999675e-09	0.0	0.0	0.0	0.0	0.0	0.0	0.0	0.0	0.0	0.0	0.0	0.0	0.0	0.0	0.0
79554.12591099004	97.59820162471442	6328858949.461658	9525.408960378409	125645.20475467754	-90.45570635949844	8182.234812995805	15786717477.844845	78526.1208517201	190.7900081051921	36400.82719277927	6166351656.01895	86292.75455291492	75344.05666015392	1.055933	21.188398	0.0603812499999999	0.0236974	-0.0840182264	0.0036802854	0.0212104522	-0.0913329837	-0.0880096561	0.0065711772	-0.0137648685	-0.0023907622	0.0190956895	0.1616974085	-0.0683041019	0.0770195642	-0.0721545505	-0.0530695666	-0.0236496643	-0.0708997774	-0.1288418086	0.0185469951	0.007393072	-0.0613866745	0.122559983	0.1381204683	-0.0091917768	-0.0570188478	0.0530246935	-0.0193592108	-0.0622134045	-0.0637843454	-0.0691983274	0.0663555622	-0.0799237453	-0.0215458119	-0.0221156838	0.0317980125	-0.0848315626	-0.0422302652	0.1071842612	-0.0666209374	0.0447045232	-0.0520876278	0.0728455566	-0.1293068726	0.101114267	-0.0554002959	0.125144739	0.0640405294	-0.0171941422	-0.0809735538	-0.0582960695	-0.0347736814	0.0679346403	-0.0297301901	-0.1145082326	0.0354596629	-0.1012637709	-0.0039881119	0.0095158261	0.0497992827	0.1061390436	0.1079116544	-0.0123520124	-0.0162326371	0.0055243469	0.1055707386	-0.0100464239	-0.0360853365	-0.0372607437	-0.0467451231	-0.0214475932	0.0864822561	0.0951148343	0.1159991797	0.0624720846	-0.0748000808	-0.0581185292	0.0081743187	-0.095795112	-0.0224403063	-0.0264065664	0.0460011543	0.0078248782	-0.0480835316	-0.0575281511	0.102005852	-0.0380840342	0.0722272	-0.0105291999999998	0.00521676841984	0.0001108640526399	-0.0909064	0.0097635999999999	9.532788495999996e-05	0.00826397356096	-0.239828	-0.007927	6.283732900000028e-05	0.057517469584	0.00700479	-0.0002684199999998	4.90670829441e-05	7.204929639994606e-08	-0.00033477	0.000110329	1.2172488241e-08	1.1207095290000003e-07	0.00292161	0.0002644799999999	8.535804992099999e-06	6.994967039999983e-08	0.0	0.0	0.0	0.0	0.0	0.0	0.0	0.0	0.0	0.0	0.0	0.0	0.0	0.0	0.0
79455.22713398436	-98.89877700568468	6313133118.913044	9780.968093220145	127272.11605543391	1626.911300756372	2646840.38052879	16198191525.22784	78462.48332807996	-63.63752364013635	4049.734415048913	6156361290.009227	86232.39106732537	76720.65474434955	1.122806	22.530266	0.0825031999999999	0.0439681	-0.1099708597	-0.0150699331	0.0367667384	0.1136873041	-0.0047607686	0.0934201094	0.0126105007	-0.0348802071	0.0569446159	-0.1271040329	0.0153609818	0.058396565	0.06766651	0.1256737759	-0.0309142349	-0.0435827128	0.0633967158	0.0812069854	0.087477214	0.0303302505	0.2200576891	-0.0445575145	0.0853681877	-0.0102202131	0.036042508	0.0651302856	-0.086647835	-0.0069869751	0.1396138738	0.0859972298	-0.0660319384	-0.0027579395	0.0814727277	0.0562030801	-0.0072581154	-0.0428932536	0.0060893927	-0.0194350918	0.0992408653	-0.0745602012	0.0202282876	0.0424761907	-0.0061441959	-0.0044423405	0.0360068236	-0.0470493471	-0.1089413731	-0.1238885927	0.0452950631	0.0573717511	0.0612800199	0.0091099853	0.1542672925	-0.0389540744	-0.0044532903	0.1071053232	-0.0533633989	-0.0226970089	0.1469803587	-0.0081895575	0.0071076123	0.091439565	-0.0777178009	0.1035249468	0.0171969599	-0.0900859214	-0.0412637514	-0.0474451987	0.0577642792	0.0537958579	0.0024907911	0.094030085	-0.0241078024	-0.0409085987	-0.0094124915	0.0558724156	-0.0748369352	0.0659893847	0.202176841	0.0133174187	0.0144103032	-0.0495754752	-0.0546879015	0.1024260777	-0.0442970619	0.0966736	0.0244463999999999	0.00934578493696	0.0005976264729599	-0.110245	-0.0193385999999999	0.0003739814499599	0.0121539600249999	-0.229973	0.009855	9.712102500000006e-05	0.052887580729	0.00705877	5.397999999999948e-05	4.98262339129e-05	2.9138403999999442e-09	-0.000263366	7.140400000000001e-05	5.098531216000002e-09	6.936164995600001e-08	0.00337349	0.00045188	1.13804347801e-05	2.041955344e-07	0.0	0.0	0.0	0.0	0.0	0.0	0.0	0.0	0.0	0.0	0.0	0.0	0.0	0.0	0.0
79252.58147845187	-202.64565553248397	6280971670.998652	41065.26170619014	126891.0413888336	-381.0746666003106	145217.90152453788	16101336384.742683	78481.99525790256	19.5119298225909	380.7154054017122	6159423579.661439	86426.65833935137	74983.49314249324	1.067228	21.415039	0.0412534	0.0247992	-0.0412151775	-0.0149672184	0.0027531758	-0.0289780176	0.0162807563	0.0800088424	0.0044169006	0.1025401584	-0.0329156181	-0.1006754017	-0.0476463485	0.0656317608	-0.0170717411	0.0921686079	0.0051037086	0.020191321	0.0752433151	0.0320802994	-0.0278982818	0.1114487025	0.0555789915	-0.0132087034	-0.0545868835	0.1101636078	0.118738216	-0.0167227345	-0.0231537834	-0.0987348495	0.0106293564	-0.0284874705	-0.0223137559	0.0758693679	-0.0462734357	-0.0122720717	0.0048801644	0.0541214075	0.0855239787	0.0418168781	0.0577265521	-0.0102073671	-0.0847314404	-0.1330395293	0.0003380094	-0.019004564	0.0322092986	-0.0121704357	0.0123630823	-0.0466451413	0.0236374248	0.0130608453	0.0710573992	-0.0597415748	0.0403003737	-0.0958686579	0.072128141	0.0637303675	-0.0836415717	-0.0869669554	0.0759320931	-0.0022687247	0.0868703087	0.0339378418	0.0022246528	-0.1178057503	0.0254577909	0.0239498371	0.0718345685	-0.0013195881	0.0498383634	-0.0014133314	0.0614324533	0.0294048453	-0.0305977197	-0.078361199	-0.0054561171	-0.0333718766	-0.1126076196	-0.0258836834	-0.015453048	-0.0121373667	-0.0167551456	-0.0510538654	-0.0517878515	0.102594329	-0.0503163898	0.0922089	-0.0044647	0.00850248123921	1.993354609000002e-05	-0.110252	-7.000000000007001e-06	4.900000000009801e-11	0.012155503504	-0.234108	-0.004135	1.7098224999999997e-05	0.054806555664	0.0073767299999999	0.0003179599999999	5.441614549289853e-05	1.0109856159993653e-07	-0.000211592	5.177400000000001e-05	2.680547076000001e-09	4.4771174464e-08	0.00309029	-0.0002831999999999	9.5498922841e-06	8.020223999999996e-08	0.0	0.0	0.0	0.0	0.0	0.0	0.0	0.0	0.0	0.0	0.0	0.0	0.0	0.0	0.0
79191.00278253343	-61.57869591844792	6271214921.703217	3791.9357910166746	125145.9643399184	-1745.0770489152055	3045293.906650603	15661512390.568129	78257.82549644272	-224.1697614598379	50252.08195296062	6124287251.43168	86056.97353925946	74785.8805170214	1.067747	21.425457	0.0828572999999999	0.0422137	-0.0206000444	-0.0530966075	-0.0790589961	0.0117509914	-0.0620289532	-0.0046101303	-0.0230137861	-0.0311693182	-0.1192906621	-0.0035047165	-0.044908254	-0.0321466031	-0.0609092798	0.0175306413	0.0131257976	0.036002438	0.030292193	-0.0295129989	-0.0052588231	0.087449882	-0.0292509673	0.0157048617	-0.1137751684	0.0350452648	0.0576301566	0.0937319907	-0.0061216229	0.018982431	0.0177642187	-0.0337891496	0.0619847293	0.109210554	-0.062471334	-0.0106194701	0.0997317659	0.1437504135	-0.0289297352	-0.0639921144	0.0779101316	-0.0694474556	0.0290881203	-0.0483278433	0.05713806	-0.0041612429	-0.0759264579	0.1282058361	0.1354168179	-0.0198540151	-0.0052407331	-0.0291196231	-0.0172841171	-0.0026230694	-0.0821235287	-0.0675636806	0.051868789	0.0147292419	-0.0063868409	-0.0342214263	0.0827834992	-0.0240934347	-0.0488674638	-0.0189870978	0.0553372306	-0.0425610251	0.0564910492	-0.0605205789	0.1004796673	0.0287149267	-0.0222458833	0.0029141123	-0.0247490879	-0.0931311874	-0.1572747711	0.0593983359	0.0989273382	0.0471616924	-0.1351154707	-0.0803526769	-0.0858664408	-0.0201694927	-0.0030805169	-0.0525182979	-0.0488311722	0.1025101919	-0.056115697	0.0921646	-4.429999999999712e-05	0.00849431349316	1.9624899999997447e-09	-0.104412	0.0058399999999999	3.4105599999999974e-05	0.010901865744	-0.266192	-0.0320839999999999	0.0010293830559999	0.0708581808639999	0.00671538	-0.0006613499999999	4.50963285444e-05	4.373838224998678e-07	-0.000152932	5.866000000000001e-05	3.440995600000001e-09	2.3388196624e-08	0.00326806	0.00017777	1.06802161636e-05	3.16021729000001e-08	0.0	0.0	0.0	0.0	0.0	0.0	0.0	0.0	0.0	0.0	0.0	0.0	0.0	0.0	0.0
79110.94906113198	-80.05372140144755	6258542261.353019	6408.598310220581	125433.40875671776	287.44441679936426	82624.29274912665	15733540032.32984	78240.509532038	-17.31596440471185	299.84262326524777	6121577331.83293	86107.90971064207	74702.17016904698	0.949007	19.042805	0.0945410049999999	0.0673412	-0.0018842416	-0.0777042427	-0.0260841864	0.1062600672	-0.0869840684	0.0281809542	-0.0597106234	-0.0531677149	-0.0699461548	-0.0350539102	-0.0157618434	-0.0371041639	0.0746548646	-0.0035534826	-0.0410159151	0.0746421997	-0.0927801098	0.157139158	0.0878538432	0.0418198671	-0.0016688349	0.0586312642	-0.032395573	-0.0820889682	0.1272510082	0.1275385477	-0.000404654	0.085421468	-0.0024982511	-0.1209918849	0.1281975096	0.0061844169	-0.0067648869	0.0186118579	-0.1321478447	-0.0799884513	-0.0189821956	0.0688564549	-0.0523821906	-0.1216068997	-0.0307195355	-0.0185098329	0.0222004891	0.0141869935	-0.0537534713	-0.0210337884	0.0756511484	0.0178425361	-0.0692995812	-0.0426519135	0.0077620648	0.1057056603	0.0036743099	0.0593336582	0.0479292612	0.0370402386	-0.0175854571	0.0529652456	0.1381179407	-0.0258234868	-0.0056124124	0.0188176393	0.0652381641	-0.044073344	0.1501979898	-0.1562237027	-0.0111063621	0.064554558	-0.0249324716	-0.112863383	0.0392335872	-0.0159582129	0.0115731166	-0.0959654856	0.1123795007	-0.018445418	0.052505557	0.0666140612	-0.0455908041	-0.0234852106	0.0250460725	-0.0539683725	-0.0458210968	0.1021738733	-0.0616696245	0.0922446	7.999999999999674e-05	0.00850906622916	6.399999999999478e-09	-0.0984773	0.0059347	3.522066409000001e-05	0.00969777861529	-0.202791	0.0634009999999999	0.0040196868009999	0.041124189681	0.00656026	-0.0001551199999999	4.30370112676e-05	2.4062214399999973e-08	3.47841e-05	0.0001877161	3.523733419921e-08	1.2099336128099999e-09	0.00310839	-0.00015967	9.6620883921e-06	2.5494508900000068e-08	0.0	0.0	0.0	0.0	0.0	0.0	0.0	0.0	0.0	0.0	0.0	0.0	0.0	0.0	0.0
79108.71113073951	-2.2379303924681158	6258188176.766789	5.008332441532493	126506.86800855891	1073.459251841152	1152314.7653633654	16003987653.334948	78234.62652535122	-5.8830066867813	34.60976767671349	6120656787.56119	86147.5598764115	74203.81185478785	1.07157	21.502165	0.1715657549999999	0.110896	-0.0220532878	-0.093248383	0.1181333895	0.0339757821	0.0109232851	0.118010177	-0.0497817376	0.0288276933	0.0392951956	0.0086398977	0.0133145295	-0.0362715698	0.0573302676	0.0354321501	-0.0869087339	0.0230337456	-0.1058740734	0.1313994416	-0.0051767708	0.0601321201	-0.0148317823	0.0278153377	0.0088436381	-0.1391107782	0.0587639016	0.0761312788	-0.1029336486	0.0091100754	-0.0798027552	0.0220350762	0.0572652664	0.0857706445	-0.0256691967	0.019639856	0.0915255032	-0.0444983276	0.048272233	0.0469157467	-0.0616048767	-0.0911565937	0.0910856544	0.0058288101	0.0846772527	0.0566394184	0.0702380134	0.0330125681	-0.0829112396	-0.002092306	-0.0193664832	-0.0743554462	0.0085841008	0.0302582261	0.0968113701	-0.0433769043	0.0140271087	-0.0640874804	-0.0347641029	0.015396937	0.0785442251	0.0774525519	-0.0169180074	0.0755985303	0.1182068148	-0.045311983	0.053961371	-0.0872638508	-0.1024885449	-0.0190216377	-0.0995790347	0.0661860253	0.0143317116	-0.0796817628	0.0983791964	-0.0777467466	0.0835290122	-0.0007540706	-0.0885884666	-0.0569166568	0.0383735247	-0.1049168075	0.1087386103	-0.0554036926	-0.0427609166	0.1015862008	-0.0669538864	0.0744559	-0.0177886999999999	0.00554368104481	0.0003164378476899	-0.105097	-0.0066196999999999	4.3820428089999895e-05	0.011045379409	-0.29921	-0.0964189999999999	0.0092966235609999	0.0895266240999999	0.00714392	0.0005836599999999	5.10355929664e-05	3.406589955999997e-07	-0.000232353	-0.0002671371	7.136223019641e-08	5.3987916609e-08	0.00327236	0.00016397	1.07083399696e-05	2.688616090000009e-08	0.0	0.0	0.0	0.0	0.0	0.0	0.0	0.0	0.0	0.0	0.0	0.0	0.0	0.0	0.0
79066.465944474	-42.24518626551435	6251506036.948667	1784.655762608002	125878.36362335789	-628.5043852010276	395017.7622169217	15845362428.49431	78256.60452595912	21.9780006078945	483.032510720611	6124096151.932365	86029.47109292937	73981.0419441522	1.014897	20.364967	0.0837166999999999	0.0522418	0.0025855185	-0.0620848595	-0.041578465	0.0370774556	0.1124535681	0.0010567663	0.0094260432	0.0829571548	0.0197583813	-0.1175791509	0.1119224464	-0.0291877013	0.0657807105	0.1824659668	-0.0062242469	0.0014258614	-0.0230530492	0.095918197	0.1022735115	0.0266411616	0.0020333579	0.0017367162	0.0017920925	-0.0547127834	-0.1344440558	0.0059473938	-0.0367888236	0.0581019015	0.0185356611	-0.0802657274	-0.0055295941	-0.0506522892	-0.0928455307	0.0255567664	0.0019782266	0.1200257767	0.0257902579	0.0456048005	-0.0574274072	0.0318012473	0.1240515196	-0.0421264148	0.0977195108	0.1068759697	0.0504947462	-0.087444534	-0.0300212899	-0.0303895128	0.0714198484	0.0234181298	-0.0292170635	-0.0254071408	0.1545603111	-0.0184718146	0.1087069593	-0.0184338605	-0.0432228749	0.0631340254	0.0743614797	-0.0995124638	-0.0049446934	-0.0048190259	-0.0367630144	-0.0541110639	0.0568168961	-0.0542425084	-0.0681872171	-0.0701491377	-0.0972886803	-0.093898965	0.0245514403	-0.0458921748	0.0471969838	-0.0445355777	-0.0989647693	0.0395768239	-0.0041762101	-0.1534114065	0.0616695257	0.0484311904	-0.0476780611	-0.0568238659	-0.0396539781	0.1007486199	-0.071945376	0.0920873	0.0176313999999999	0.0084800708212899	0.0003108662659599	-0.0983517	0.0067452999999999	4.549907208999994e-05	0.00967305689289	-0.251209	0.0480009999999999	0.0023040960009999	0.063105961681	0.00709653	-4.738999999999959e-05	5.03607380409e-05	2.2458120999999607e-09	-0.000232353	0.0	0.0	5.3987916609e-08	0.00309297	-0.00017939	9.5664634209e-06	3.218077210000007e-08	0.0	0.0	0.0	0.0	0.0	0.0	0.0	0.0	0.0	0.0	0.0	0.0	0.0	0.0	0.0
79091.51207308662	25.04612861262285	6255467282.007206	627.3085584800451	125203.67063097132	-674.6929923865682	455210.6339755418	15675959139.46875	78333.94584721721	77.34132125809265	5981.679973947494	6136207071.994759	86175.7041983981	73329.67721974429	1.00825	20.231586	0.0830329999999999	0.0488576	0.0369662617	-0.0587453625	-0.0303578512	-0.0685646882	-0.0748523388	0.0029816236	-0.0157911415	0.0358069342	-0.0675272089	0.0554635311	0.0079130859	-0.0014744083	0.0422259643	-0.0103295447	-0.0061454416	0.1482400346	-0.0309974392	-0.0308672282	0.0392190841	0.0818702854	0.0221605416	-0.0890628636	0.1096341248	0.1380540453	-0.0001064597	0.0228981475	0.0168649028	0.0360402652	0.0045609263	0.0727421738	0.1666068299	0.0665398511	0.0460650173	-0.022606245	0.020605578	0.1155299931	-0.0011929868	-0.0050322443	0.0685652246	0.0291857025	-0.0095685608	0.01835324	-0.0213062586	0.0666939257	0.0192059337	0.0545121253	0.1346411487	0.0147730274	-0.0116771315	-0.0340986075	0.0049349965	-0.0183083256	-0.0270033092	0.0592179902	0.1148524442	-0.0293571306	0.0308314563	-0.015220265	0.0019190717	0.0332322781	0.048415093	0.0623045113	-0.0270371829	-0.1091888172	0.0127854497	-0.1268255596	0.009078503	0.0139997338	0.1004849911	0.0053763588	-0.1297820595	-0.0118901762	-0.0113766625	0.0060215827	0.090577126	-0.0053147993	-0.0193563203	0.0395112273	0.0610365824	-0.0953321179	-0.0484390102	-0.0582285042	-0.0365036785	0.0996631912	-0.0766222668	0.0920313	-5.6000000000000494e-05	0.0084697601796899	3.1360000000000553e-09	-0.112316	-0.0139642999999999	0.0001950016744899	0.012614883856	-0.278317	-0.0271079999999999	0.0007348436639999	0.0774603524889999	0.00767339	0.00057686	5.8880914092100005e-05	3.3276745960000026e-07	-0.000313527	-8.117400000000002e-05	6.589218276000003e-09	9.829917972900003e-08	0.00327303	0.00018006	1.07127253809e-05	3.242160360000004e-08	0.0	0.0	0.0	0.0	0.0	0.0	0.0	0.0	0.0	0.0	0.0	0.0	0.0	0.0	0.0
79181.30577474383	89.79370165721048	6269679184.1934805	8062.908857304124	124573.33443222533	-630.3361987459939	397323.7234495491	15518515651.563057	78310.52032206862	-23.42552514858835	548.7552284871452	6132537593.113123	86052.43951221113	74079.01983147068	1.047747	21.024132	0.0672242099999999	0.0374083	0.0075680506	-0.0570724016	-0.0383604843	0.0196224758	-0.0646721401	-0.0443913558	-0.0264985852	-0.0530944422	-0.0246163159	0.0735228504	-0.0040348429	0.0169413216	-0.1050949376	-0.0831883555	0.0023373076	-0.0285569624	-0.0933458673	0.0452003978	0.0478422733	0.1817568241	0.0505495815	0.0739254119	0.0276785502	0.0484737035	0.0514334254	0.0437329549	-0.1315486549	0.1554139283	0.0653256126	0.0181082125	-0.0294873431	-0.0042591419	-0.0698112897	0.0123638125	-0.1159285888	0.0160301836	-0.0469143173	-0.0350434726	-0.1139983451	0.0548085893	-0.0196457711	0.0490825888	0.0990895514	0.0054613426	0.03346901	0.0004121268	0.0337956084	-0.1034685329	-0.0429740776	-0.0244078954	0.0149567893	-0.0018604842	-0.1019843895	0.0100004196	-0.0530939825	0.0278879725	0.0473562057	0.0923577611	0.1268630286	-0.0241717326	-0.0256783542	0.1356448203	0.0506350899	-0.0056410091	-0.0259227791	-0.0783152571	-0.0694082335	0.0291283861	-0.1345851505	-0.11567489	0.1160890453	0.1757771271	-0.0151598702	0.0509502051	0.0194951741	0.0726251405	0.0643932329	0.015775222	0.0770301162	0.0166364073	0.0507491226	-0.0596172234	-0.0333134626	0.0983325849	-0.0809641079	0.0920167	-1.459999999998962e-05	0.00846707307889	2.131599999996969e-10	-0.112264	5.199999999999649e-05	2.7039999999996354e-09	0.012603205696	-0.264282	0.0140349999999999	0.0001969812249999	0.069844975524	0.00727822	-0.00039517	5.29724863684e-05	1.5615932890000018e-07	-4.81148e-05	0.0002654122	7.044363590884002e-08	2.31503397904e-09	0.0036749	0.0004018699999999	1.350489001e-05	1.6149949689999996e-07	0.0	0.0	0.0	0.0	0.0	0.0	0.0	0.0	0.0	0.0	0.0	0.0	0.0	0.0	0.0
79100.76759548168	-80.53817926214833	6256931434.194405	6486.39831886194	125855.30518511146	1281.9707528861327	1643449.011255438	15839557843.237543	78436.1130279629	125.59270589427616	15773.527773846148	6152223826.935371	86181.59086914062	74096.47541087678	1.026878	20.605368	0.0448097099999999	0.0312698	-0.0058388153	-0.0345223805	0.078552114	0.0689136556	-0.000318393	0.07442112	-0.0419927988	-0.0631959101	0.0272909698	-0.0058866599	-0.0307237498	0.0615568292	0.0118508746	0.0275111789	-0.0416805257	-0.0122980918	0.0856979635	0.1148546979	-0.0460793292	-0.0663361543	0.1097382718	-0.0422469487	0.0858366983	0.0999273139	0.0792866489	-0.0754339552	0.0277651974	-0.0571250216	-0.0407512489	0.0497713179	0.2722233255	0.0232360045	0.0873451063	-0.0575646826	0.0969246765	-0.0695405765	-0.0374666682	-0.061333927	-0.0685075432	-0.0633413822	0.0690331751	-0.0856042346	-0.1123456615	0.1243765701	-0.0239997357	-0.0603900985	-0.0218943117	-0.0230094771	-0.0795790757	0.0006129127	0.0574224835	0.0140639746	0.0631760659	-0.0140332103	-0.0450730663	0.0724137417	-0.0595507853	0.0278203472	-0.0352302869	-0.0623861669	0.0791393351	0.0304197896	-0.0983756205	0.0316116678	-0.0814890462	-0.1101042997	-0.0126055748	0.0648745258	0.1200952012	0.1643728796	-0.1201871282	0.0091790605	0.0197043128	-0.0037568249	0.1544281789	0.0249978481	0.0585252692	0.0507297914	-0.0169715226	-0.1612521819	-0.1045686128	-0.0609896438	-0.030086819	0.0967600744	-0.0849519136	0.0919867	-3.0000000000002247e-05	0.00846155297689	9.000000000001347e-10	-0.112408	-0.0001439999999999	2.0735999999997513e-08	0.0126355584639999	-0.255892	0.00839	7.039210000000014e-05	0.065480715664	0.0078847099999999	0.0006064899999999	6.216865178409843e-05	3.678301200998794e-07	-0.000166539	-0.0001184241999999	1.4024291145639997e-08	2.7735238521e-08	0.0036749	0.0	1.350489001e-05	0.0	0.0	0.0	0.0	0.0	0.0	0.0	0.0	0.0	0.0	0.0	0.0	0.0	0.0	0.0	0.0
78994.34827618918	-106.41931929250131	6240107059.579872	11325.071518679342	125904.03324044586	48.7280553344026	2374.423376672601	15851825586.211296	78231.64726956502	-204.4657583978842	41806.24635722196	6120190634.50964	86093.76321559874	74070.4090080079	0.981607	19.69696	0.222003365	0.154127	-0.014674656	-0.0587253701	0.0797683807	0.0280639187	0.0781249832	0.0733044972	-0.0447849428	0.0483640844	0.0277631082	-0.0321911509	0.0231638471	-0.0159357115	0.01327979	-0.0456862704	-0.0396007334	-0.0404467079	0.0949932986	0.0605081405	-0.06893044	0.0881859936	-0.0565853342	0.0790566241	-0.0921207352	0.0245454633	-0.1018339843	0.0278948164	0.0970867313	-0.0294843399	0.1166816191	0.013190132	-0.0543164597	-0.0182271683	-0.0746363791	-0.0854905671	0.031781378	-0.1270263071	0.0744214914	0.0159660744	0.0513179881	0.0814469415	-0.1582348939	-0.0342069992	-0.0549066027	0.0476544155	0.044783756	0.0752081009	0.0212347814	-0.0078286199	0.0553315958	-0.0920250817	0.018780018	0.0148413546	-0.0001660718	-0.1054173794	-0.0337228645	-0.046361391	-0.0176982639	-0.1092116983	-0.0388302556	-0.0674396069	-0.0654186188	0.055933519	0.1065775766	-1.90272e-05	-0.0094245145	-0.048317261	0.0500897264	-0.0628116945	0.0184267835	-0.0189770431	0.0375805363	-0.1030141813	0.0378712967	0.0043198426	0.0900130705	0.025839968	-0.0500447963	-0.003769911	0.0027342596	-0.0078714036	-0.1853651387	-0.0623453902	-0.0268272759	0.0949495281	-0.0885682462	0.0860207	-0.0059659999999999	0.00739956082849	3.559315599999999e-05	-0.0918314	0.0205766	0.00042339646756	0.00843300602596	-0.338855	-0.082963	0.006882859369	0.114822711025	0.00994309	0.00205838	9.88650387481e-05	4.2369282244004085e-06	-8.837369999999998e-05	7.816530000000002e-05	6.109814124090002e-09	7.809910851689997e-09	0.00378831	0.0001134099999999	1.43512926561e-05	1.2861828099999996e-08	0.0	0.0	0.0	0.0	0.0	0.0	0.0	0.0	0.0	0.0	0.0	0.0	0.0	0.0	0.0
78938.05344560625	-56.29483058293408	6231216281.781388	3169.1079503612505	125234.29393909236	-669.7393013535038	448550.7317774794	15683628378.422983	78260.84339539806	29.19612583304115	852.4137636587728	6124759608.95902	85966.7621799501	73896.08270339455	0.980218	19.669083	0.12028243	0.0656569	0.0038066995	-0.0396420498	-0.0513583331	0.0456561401	0.1167277574	-0.0072329026	0.0037964716	0.0778410737	-0.0063520047	-0.1009920141	0.0534603389	-0.0198904388	-0.1052719534	0.1061114004	0.0176668022	-0.0294893013	0.0684638233	0.0504025229	0.0030229472	0.0386464688	0.0283126755	0.006400277	-0.0521476959	0.0219631453	0.0071431146	-0.0066412071	-0.1948309917	0.0235023303	0.0454575306	-0.0487789294	-0.05593048	0.0361593365	-0.0820340528	-0.0455317139	-0.0806519117	0.0304059285	-0.0271678068	0.0811427474	0.0419614721	-0.0439393964	0.0794982957	0.0352076424	0.0032341442	0.0288641703	-0.0645945644	0.087791532	-0.0121136481	-0.0260157092	-0.0919886591	0.0195100371	-0.0298895	-0.097392881	0.0744782186	-0.0720404114	0.0384631502	0.0698537459	0.012691795	0.0716094259	0.0188397811	-0.1076691485	0.0520674949	0.0423017799	-0.0033614551	-0.0829155029	0.0463677962	-0.0347725017	0.0044116438	-0.0006736516	-0.143189444	-0.0545586131	0.1374377168	0.0185934779	0.0219257832	0.0565947763	-0.0186280662	0.0506683497	-0.1290188836	0.0549121557	-0.0115848779	0.0268805108	0.0417114124	-0.063684092	-0.0235383975	0.0929054001	-0.0917972923	0.0919589	0.0059381999999999	0.00845643928921	3.526221923999989e-05	-0.116132	-0.0243006	0.00059051916036	0.013486641424	-0.295689	0.043166	0.001863303556	0.0874319847209999	0.00939784	-0.00054525	8.831939666559999e-05	2.972975625000007e-07	-3.47911e-05	5.3582599999999984e-05	2.871095022759998e-09	1.21042063921e-09	0.00412703	0.00033872	1.7032376620900003e-05	1.1473123840000017e-07	0.0	0.0	0.0	0.0	0.0	0.0	0.0	0.0	0.0	0.0	0.0	0.0	0.0	0.0	0.0
78924.2858766337	-13.767568972543812	6229042901.136602	189.5459554137511	125004.9300171676	-229.3639219247561	52607.80868070563	15626232528.59697	78093.66741151837	-167.1759838796861	27947.809586141066	6098620889.780847	85870.81869829963	73186.31260510639	0.93201	18.701742	0.050158145	0.0286961	0.0345045225	-0.0365651296	-0.0910866878	-0.0429761125	0.048260793	-0.0421935539	0.0108898352	0.0816662379	-0.0931527822	0.0376201176	0.1033637508	-0.0996070124	0.0492376273	0.0295432827	-0.0416017103	0.1210049692	0.0477734037	-0.0449625871	0.0468152243	-0.0752221883	0.0127273618	0.0671416053	0.0551800591	-0.1231334103	0.0425666288	0.0114630886	-0.0414221491	0.0854764679	-0.0443611025	-0.0095216899	0.0551366421	-0.0153636813	-0.0039836172	-0.0158670208	0.018106277	0.0228502372	0.0817910168	0.0926632887	-0.0085461749	0.0604863651	-0.2307657601	0.1412596973	-0.1032555285	0.0699295736	0.0996382255	0.0365478797	-0.0076150029	0.0022103864	-0.0575301249	-0.034926235	-0.0862307871	-0.0233914493	0.0464783533	0.0371790433	0.1232358746	-0.0446094598	0.039601568	-0.0178678873	-0.0321484137	0.059736313	0.0371181309	-0.0379659248	-0.0192612174	0.0339920951	0.0784406223	-0.0580680954	0.0018260446	0.0725846038	-0.0768364465	-0.0561624186	-0.056499662	-0.0956498775	0.141952894	-0.1237039898	0.0128835714	-0.0453204216	-0.0099275353	-0.0273538736	0.0409684882	-0.0494654162	-0.1047627085	-0.0650053833	-0.0202237803	0.0906327191	-0.0946249323	0.0957114	0.0037525	0.00916067208996	1.4081256250000045e-05	-0.117219	-0.001087	1.18156900000001e-06	0.013740293961	-0.315537	-0.019848	0.000393943104	0.099563598369	0.00960408	0.0002062399999999	9.22383526464e-05	4.2534937599999964e-08	-0.000310144	-0.0002753529	7.581921953841002e-08	9.6189300736e-08	0.00409921	-2.782000000000045e-05	1.6803522624099997e-05	7.739524000000251e-10	0.0	0.0	0.0	0.0	0.0	0.0	0.0	0.0	0.0	0.0	0.0	0.0	0.0	0.0	0.0
79122.76112468183	198.47524804812565	6260411327.993462	39392.42408776501	124468.37111863056	-536.5588985370414	287895.4515992831	15492375408.925146	78087.16550623649	-6.5019052818825	42.27477229457156	6097605416.798369	85887.07264311975	74490.14800028541	1.009902	20.26474	0.2645479	0.14873	-0.0285380287	-0.0714893652	-0.020215697	-0.0442217616	-0.0389595414	-0.031064499	-0.0562664103	0.0086371955	-0.0051076287	0.1534242541	0.0668941016	-0.0897858401	0.104947611	0.0294781434	-0.1077984977	0.0351926365	-0.1281884948	-0.0557386421	-0.0319695197	-0.0889925922	-0.0937825674	0.201830447	0.0526539851	-0.0252361905	-0.0368987393	0.0364063227	0.0432690436	-0.0048777192	-0.0497232138	0.0404683884	0.0356762636	-0.1571617176	0.1100434805	0.057247777	-0.0402865451	0.0185295714	0.0873268834	-0.0077243213	-0.0016792735	0.0668307032	-0.0088390669	0.0860406414	-0.0088103731	-0.0699353151	0.0466917926	0.0468859727	-0.0819934008	0.0506397878	0.1069905887	-0.123974147	-0.0433813953	0.0443520287	0.0029688503	0.0342671267	0.0065852109	-0.1768460465	0.1118176036	0.0014676786	0.0703991055	0.1013640422	0.0745664722	-0.1243841355	0.0108780006	0.0349720303	-0.0274637266	0.0912290288	0.0745090167	-0.0263995933	0.0035461168	0.0141999119	-0.0266965456	0.0032813632	0.1706157878	-0.1623275685	-0.016157159	-0.0144464477	0.0946812528	-0.0554573573	0.1217718358	-0.0374664321	0.0260829017	-0.0663089027	-0.0168870486	0.088137076	-0.0970388015	0.108014	0.0123025999999999	0.0116670241959999	0.0001513539667599	-0.127647	-0.010428	0.000108743184	0.016293756609	-0.39615	-0.0806129999999999	0.0064984557689999	0.1569348225	0.0113509	0.00174682	0.00012884293081	3.051380112400005e-06	-0.00103668	-0.0007265359999999	5.278545592959998e-07	1.0747054223999997e-06	0.00484994	0.0007507299999999	2.35219180036e-05	5.635955328999997e-07	0.0	0.0	0.0	0.0	0.0	0.0	0.0	0.0	0.0	0.0	0.0	0.0	0.0	0.0	0.0
79174.38675449394	51.62562981211522	6268583517.950186	2665.20565349756	124698.46208200636	230.0909633757983	52941.85142720296	15549706445.617577	78213.8752420299	126.7097357934108	16055.35714483597	6117410280.375817	85937.3795947676	75249.3103122948	0.927088	18.602985	0.102822	0.0551069	-0.0577706474	-0.0396739554	-0.0029992739	0.0704870288	-0.0025733688	-0.0195792404	-0.0163904223	-0.0384885637	0.0588622857	0.0350309069	0.0389009627	-0.0260829619	0.1172607261	0.0209005374	-0.0936297418	0.0056930585	0.012225734	-0.0031016853	-0.0513858024	-0.0729466444	-0.0514725137	-0.0623949297	0.056270739	0.1659263042	-0.1058751923	0.0280495731	-0.0595640595	0.0300069871	0.0155860134	0.0147041843	0.055385467	-0.0302219741	0.0389922163	-0.0371590878	0.016187467	-0.0141356211	-0.0151344242	-0.1068930813	0.1539023164	0.0325523386	-0.0929636106	0.1006250464	0.0842166939	-0.0959805213	0.1224515572	0.1096320333	-0.0774392927	-0.0964681765	-0.0900809083	-0.0153415726	-0.0095815951	0.0613341853	0.0767467004	0.1192719499	-0.0034542491	-0.0333844179	0.1328627501	-0.0035269007	-0.0546323317	-0.1426583492	0.0204736793	-0.0209004835	-0.0560862771	-0.0305784285	-0.0245666755	0.0240266941	0.0602114692	-0.0011538512	0.1345824107	0.1129039513	0.0180915608	-0.0265974105	0.0538340662	0.0180998752	-0.1169290444	0.0824472971	-0.0261817743	0.0849635406	0.0851674509	-0.095533863	0.0555565336	-0.0675942939	-0.0135318513	0.0854246103	-0.0990283447	0.113735	0.005721	0.012935650225	3.2729841000000046e-05	-0.137091	-0.0094439999999999	8.918913599999962e-05	0.018793942281	-0.369027	0.027123	0.000735657129	0.136180926729	0.0115714	0.0002205	0.00013389729796	4.8620250000000094e-08	-0.00116651	-0.00012983	1.6855828900000012e-08	1.3607455800999998e-06	0.00571029	0.00086035	3.26074118841e-05	7.402021225000003e-07	0.0	0.0	0.0	0.0	0.0	0.0	0.0	0.0	0.0	0.0	0.0	0.0	0.0	0.0	0.0
79055.84893786436	-118.537816629585	6249827251.286429	14051.213971309116	125452.6524432723	754.1903612659371	568803.1010264447	15738368005.052471	78292.4833984375	78.6081564076012	6179.242253801894	6129712956.694612	85929.60783219538	74836.77910963057	0.969917	19.462397	0.1173194999999999	0.0816994	-0.0580923915	-0.0123573989	0.0691988497	0.0379327272	0.0945672209	0.0338158356	-0.0214083503	0.0391385806	0.1348551084	-0.0636209979	0.0161784307	0.002416219	-0.079112458	0.0639098202	-0.0863436931	-0.0856211127	0.0371810983	-0.1773060727	-0.0537140499	0.0576386819	-0.0568811257	-0.0881465393	-0.0606770564	0.02919499	0.0295663106	0.0011781016	0.0187089493	-0.0568089287	-0.0401297404	-0.1479163081	-0.0523562791	-0.0165249265	0.0557014219	-0.0733733966	-0.0022022083	0.1003425916	0.0401634442	-0.059647811	-0.038216358	-0.1363159156	0.0364815213	-0.0101544464	-0.0359994989	0.0915240263	0.0112796429	-0.0069931698	-0.0011865643	-0.0878174637	-0.1043263944	-0.0198589255	-0.0046836765	-0.0520723915	0.0736706749	-0.0702628446	-0.1121203061	0.0377115128	0.1354699336	-0.028550652	-0.0641403849	0.0723060241	-0.0545089057	0.0277164808	0.0027343739	-0.0684804006	0.0453283648	0.0604746722	0.0855519639	-0.0318845449	0.0567383838	-0.0429014816	0.0195441871	0.0125848615	-0.1181575108	0.0565415688	0.0092327864	0.0525120354	0.0037987945	-0.0850941186	-0.0651036576	-0.0221756778	-0.0097737283	-0.0688612056	-0.010161857	0.0825019948	-0.1005848622	0.124413	0.0106779999999999	0.0154785945689999	0.0001140196839999	-0.127948	0.0091429999999999	8.359444899999971e-05	0.016370690704	-0.386805	-0.017778	0.000316057284	0.149618108025	0.0129711	0.0013996999999999	0.00016824943521	1.959160089999996e-06	-0.00136122	-0.00019471	3.7911984100000025e-08	1.8529198884e-06	0.00571029	0.0	3.26074118841e-05	0.0	0.0	0.0	0.0	0.0	0.0	0.0	0.0	0.0	0.0	0.0	0.0	0.0	0.0	0.0	0.0
79013.94948428113	-41.89945358323166	6243204213.104529	1755.5642105733846	124451.97350218947	-1000.6789410828204	1001358.343126635	15488293708.58967	78198.59259613653	-93.8908023009717	8815.482756720152	6115019884.016539	85916.72809217437	74429.55965985404	0.967557	19.415043	0.0543374999999999	0.0351977	-0.0322593579	-0.0270283084	-0.0539792509	-0.0683756316	0.0677737485	-0.0433090662	-0.0288761713	0.0688386061	-0.049064884	-0.0283416844	-0.0196425361	-0.0348408628	-0.1645246122	-0.0487443897	-0.0659710004	-0.0387074171	0.0369048002	-0.1174193711	-1.45775e-05	0.0092352305	-0.0224016094	0.0887449702	-0.0591063905	0.086455237	0.0282317023	0.0235623574	0.0738785358	-0.0340106397	-0.0095566557	-0.0630283286	0.0615553701	-0.1280209191	0.0162802571	0.1166205131	0.0226581466	-0.0723011101	-0.0295788653	0.0284443407	-0.0539923441	-0.0957986613	-0.0609010843	0.1204213074	0.0418379013	-0.0644416463	-0.0218793228	-0.1085719237	-0.0292077986	0.0556390124	0.0330302141	-0.0706776711	-0.0391435758	-0.1098838526	-0.088126696	-0.0984287224	-0.0310797608	0.0289125415	0.097300675	-0.0162790989	-0.0249935388	0.0093250499	-0.0017768274	-0.0237454574	0.0223380129	0.0705042709	-0.0419991529	0.0763031715	0.134098836	0.0382668645	0.0180029326	0.0644902865	0.1283221441	-0.0507976964	-0.0243830017	-0.0427394814	-0.0134132195	0.0126519294	0.1673407111	0.0437163105	-0.0723661017	0.0649138106	0.0342769464	-0.0701092912	-0.0067807509	0.0793764193	-0.1017015476	0.133315	0.0089019999999999	0.0177728892249999	7.924560399999988e-05	-0.127863	8.500000000000174e-05	7.225000000000296e-09	0.016348946769	-0.38682	-1.4999999999987246e-05	2.2499999999961735e-10	0.1496297124	0.0125187	-0.0004523999999999	0.00015671784969	2.0466575999999883e-07	-0.00132877	3.245000000000006e-05	1.0530025000000035e-09	1.7656297129e-06	0.00613215	0.00042186	3.76032636225e-05	1.779658596000004e-07	0.0	0.0	0.0	0.0	0.0	0.0	0.0	0.0	0.0	0.0	0.0	0.0	0.0	0.0	0.0
79087.78938765898	73.83990337785508	6254878430.226705	5452.331330850974	124943.46610021895	491.49259802947927	241564.9739177673	15610869721.136562	78327.49498210104	128.90238596450945	16615.825107343364	6135196470.171063	86008.46974051339	74645.55608168988	1.002561	20.11742	0.192601	0.130641	-0.0135210728	-0.0166579064	-0.0994728705	0.0320373652	-0.0138343864	-0.0363366029	0.012119663	0.0112063828	-0.0517243347	-0.0145463046	0.0286711726	0.0205507377	0.0421523974	-0.095178768	-0.0039775956	-0.0009600008	0.1046038395	-0.0584433753	0.0351083267	-0.032934379	-0.0351176149	-0.1878312017	0.1078455519	0.0190202874	-0.0233696224	-0.0872234072	-0.0079350142	-0.0776188748	-0.0329822513	0.025863502	0.0418680337	-0.0269910556	-0.0338500365	0.0114407278	0.000970224	-0.0044006629	0.0737941632	0.0305469915	0.0476427062	0.0394179864	-0.012489897	0.0843152985	0.048376588	-0.0027307818	-0.0756938153	-0.1094059932	0.0552195558	-0.1852392377	0.0304821985	0.0313901281	0.0024172685	-0.0062124137	-0.0176581293	0.0571246695	0.1044162698	0.1059833793	0.0437808136	-0.0213394779	-0.1206527832	-0.0245057485	-0.0170521895	0.0670868264	-0.068856348	0.0074933526	0.0481985933	0.0491590357	-0.0202662357	0.06503742	0.0914633805	0.0750150571	-0.0543410265	-0.0947127571	0.0529951914	0.0136468585	-0.0111562839	0.0365543788	0.0054767658	-0.0128740791	-0.0080654138	-0.0267123597	0.0404144527	-0.0713382097	-0.0033922301	0.0760555728	-0.1023735181	0.140227	0.006912	0.0196636115289999	4.777574400000002e-05	-0.145319	-0.017456	0.000304711936	0.021117611761	-0.301805	0.085015	0.007227550225	0.0910862580249999	0.011047	-0.0014717	0.0001220362089999	2.1659008900000037e-06	-0.00113611	0.0001926599999999	3.711787559999996e-08	1.2907459321000002e-06	0.00613215	0.0	3.76032636225e-05	0.0	0.0	0.0	0.0	0.0	0.0	0.0	0.0	0.0	0.0	0.0	0.0	0.0	0.0	0.0	0.0
78923.93731457226	-163.8520730867167	6228987881.234532	26847.501854814756	125298.21876244029	354.7526622213336	125849.4513531236	15699643625.040342	78139.10124448397	-188.3937376170652	35492.20037332761	6105719143.295716	85968.06574317226	74380.37464964538	0.975892	19.582291	0.1326832	0.0695799	0.0084057903	-0.0138293457	0.041923037	0.0333059846	-0.0725599567	0.0578713963	-0.0585014898	-0.1054369144	-0.0121775867	0.0013904187	-0.004515047	-0.037124016	0.0577256149	-0.1143898671	-0.1001391678	-0.1129475448	-0.0456521445	-0.0237658877	0.053032576	-0.0164856711	0.0103316484	0.0102834784	-0.0161594871	0.011114993	0.0497280826	0.0153036871	-0.1173071747	0.0663196949	0.0425737896	0.0124147441	-0.0016002803	-0.1296192453	-0.0891554056	0.1040005266	-0.0285988475	-0.1170864517	0.0116350031	0.0702478016	0.035087521	-0.0449190456	-0.042607772	0.0058333988	0.0614086207	-0.1314887267	-0.1140340843	-0.0554415869	0.0211176523	0.0100776669	0.0150680877	-0.0682900245	0.0080464822	0.1102853095	-0.0050124896	0.0190369775	-0.0024323839	0.0764857706	0.0993309103	-0.0045575204	-0.010816814	0.0047324553	-0.0272789364	0.007719419	0.0274939863	0.0567207076	-0.0287901029	0.008336257	0.0174715677	0.044594054	-0.1079238417	0.0473316986	0.063554603	0.0020983763	-0.0560988511	-0.0836510474	-0.0463860813	0.0622628609	0.1195698272	0.1176855704	0.0147489397	0.0810629813	0.0572634671	-0.072547625	0.0	0.072547625	-0.1025978352	0.140113	-0.000114	0.0196316527689999	1.2996000000000681e-08	-0.16776	-0.0224409999999999	0.0005035984809999	0.0281434175999999	-0.332301	-0.030496	0.000930006016	0.110423954601	0.011649	0.000602	0.0001356992009999	3.624040000000001e-07	-0.000957876	0.000178234	3.1767358756000044e-08	9.17526431376e-07	0.00694456	0.0008124099999999	4.82269135936e-05	6.600100080999992e-07	0.0	0.0	0.0	0.0	0.0	0.0	0.0	0.0	0.0	0.0	0.0	0.0	0.0	0.0	0.0
78994.53093060228	70.5936160300189	6240135916.945881	4983.45862419374	124840.94743978902	-457.2713226512715	209097.0625192432	15585262157.664164	78108.2500028143	-30.8512416696758	951.7991125607404	6100898718.50214	85765.12308749672	74173.67468075173	1.057412	21.218075	0.1086416999999999	0.0699707	-0.0181701745	-0.0375624881	0.0559638848	0.0487316311	0.078509908	-0.0055376914	-0.0289952947	-0.0339065474	0.0958200055	0.008692544	0.1162501908	-0.0599663708	0.0501212732	0.0156863862	-0.0739083972	-0.0842249233	-0.0583754885	-0.1483750066	-0.1210836895	0.0312695394	0.0028732004	-0.0309136357	-0.0234222757	-0.0549573131	0.0537927089	-0.0431775112	0.0258546584	0.0540630274	-0.0073781943	0.0009008991	-0.0347309975	0.1342025679	0.0773315267	-0.0321217394	0.0027935696	-0.0218858268	-0.1971710438	0.0225448321	0.0178949296	0.1157426671	0.0994354399	0.0828039378	-0.0660788497	-0.0152312668	-0.0661873326	0.0303041273	-0.1006970663	-0.2025225259	0.0478496353	-0.021451385	-0.0440662644	0.0298556779	0.107711987	-0.0185072358	-0.0676132427	-0.0430848473	0.104384414	-0.0330471662	0.0031064059	0.1301431218	-0.0575123111	0.020614724	-0.0350993809	0.0314670718	-0.0539473251	0.1538074286	-0.016234088	0.0098057413	-0.0086618104	-0.0652604445	-0.0094768254	-0.0213423124	-0.0319963907	0.0965865985	0.020078286	-0.0807308403	-0.0846760445	0.0290365925	-0.0207335929	-0.0402018367	0.1212078305	-0.0737372065	0.0033922301	0.0688612056	-0.1023735181	0.139953	-0.0001599999999999	0.0195868422089999	2.5599999999997916e-08	-0.148436	0.0193239999999999	0.0003734169759999	0.022033246096	-0.389748	-0.0574469999999999	0.0033001578089999	0.1519035035039999	0.0120762	0.0004272	0.00014583460644	1.8249984000000074e-07	-0.00107385	-0.000115974	1.344996867600003e-08	1.1531538225000002e-06	0.00685352	-9.10399999999997e-05	4.69707363904e-05	8.288281599999945e-09	0.0	0.0	0.0	0.0	0.0	0.0	0.0	0.0	0.0	0.0	0.0	0.0	0.0	0.0	0.0
79048.31910372396	53.78817312167666	6248636753.12417	2893.16756776746	125156.11097979695	315.16354000793945	99328.05695033605	15664052115.587252	78138.7783428269	30.52834001260635	931.979543925302	6105668680.909434	85853.37814551602	74651.99322165824	0.963448	19.332592	0.0707944999999999	0.0378743	-0.0226570617	-0.0092593624	-0.0309735064	-0.0068366182	0.0948568269	-0.0187127655	0.0158447621	0.1106745562	0.0583650663	-0.0678074969	0.0324850128	-0.0674836792	0.0347687977	0.1761194919	0.0059211837	-0.0199630127	0.0996728837	-0.1292434216	0.0693698586	0.1110171244	-0.0594375653	0.010448569	-0.0113066794	0.1165863506	0.0031960951	-0.0182348294	0.0792119752	-0.0217164106	0.0604090876	0.0803736499	-0.1332446681	0.0399659672	0.0405729575	0.131480613	-0.0387258849	-0.0332283429	-0.0329026418	0.0026324867	0.0196804025	0.0230036098	-0.1290892032	0.0853632427	-0.0130702867	0.0033725583	0.0548558296	-0.1667354373	-0.0694111405	0.0087257294	0.0864358655	0.0080756973	-0.0592638812	-0.0558255211	0.1141762209	-0.0611889309	0.0745300746	-0.060323057	0.0711137332	-0.0909034675	-0.0017654926	-0.0547277524	-0.023769983	-0.0394479753	-0.032246026	-0.0424708369	0.0040810009	0.0765944523	-0.0430735682	-0.0010777373	0.0771320043	-0.0313775038	0.0483354199	0.1655530672	-0.0486427468	0.0425765385	-0.0658483362	0.0557021966	0.0527683143	-0.0395051644	-0.0312696217	0.0988081321	-0.0715700274	-0.074906629	0.0067807509	0.0650053833	-0.1017015476	0.139975	2.1999999999994246e-05	0.0195930006249999	4.839999999997469e-10	-0.156983	-0.0085469999999999	7.305120899999998e-05	0.024643662289	-0.354956	0.0347919999999999	0.0012104832639999	0.125993761936	0.01253	0.0004537999999999	0.0001570008999999	2.059344399999991e-07	-0.00115255	-7.869999999999991e-05	6.193689999999985e-09	1.3283715025e-06	0.00683735	-1.6170000000000247e-05	4.67493550225e-05	2.61468900000008e-10	0.0	0.0	0.0	0.0	0.0	0.0	0.0	0.0	0.0	0.0	0.0	0.0	0.0	0.0	0.0
79010.80980901989	-37.50929470406845	6242708066.677114	1406.9471891966575	125026.85571755574	-129.2552622412186	16706.922817046187	15631714650.6185	78314.13502454071	175.3566817138053	30749.96582167682	6133103744.6419935	86076.50930360425	74386.48752784182	0.935738	18.776562	0.0630613499999999	0.0463012	-0.015830312	-0.0235437374	-0.0344643734	-0.0487617041	-0.0411438792	0.0192834132	-0.0222941599	0.0153704116	-0.0889190292	0.044379664	-0.056843387	0.0247187194	-0.0651671003	-0.1180810178	-0.0443259209	-0.0578148109	-0.013856665	-0.0301241473	-0.0319943273	0.0310689428	0.008848883	0.0656844768	0.1103319388	0.0067302587	-0.1199439855	-0.0008574394	-0.0247578085	-0.0883068764	0.0826879529	-0.0158186129	0.0249958634	-0.0350379355	-0.0285982669	0.0903884304	0.0612932018	0.0278410359	-0.0059090525	-0.0660160763	0.1400962936	0.0771307676	0.0476587748	0.1107657355	0.1712688315	-0.0523901521	0.164386635	0.0903827268	0.0863874368	-0.0835623792	0.0700738122	-0.0619906342	0.0248877937	-0.0304778241	-0.1041206732	-0.0472105631	0.0150991736	0.0437687987	0.0555462803	0.0214740777	-0.0899090241	0.0605482648	0.005626436	0.0359147971	-0.001966405	0.0031603624	-0.0827815057	0.0117628179	0.0248044459	-0.0766196919	0.0172097168	0.0228114712	0.0765397458	-0.1781767848	0.0631642504	-0.0766339997	-0.0138125781	0.0576321233	0.0173960788	-0.0036199187	0.0658470053	0.0171211536	-0.0069776751	-0.0760555728	0.010161857	0.0609896438	-0.1005848622	0.139979	4.000000000004e-06	0.0195941204409999	1.6000000000032004e-11	-0.155079	0.001904	3.625216000000064e-06	0.0240494962409999	-0.354337	0.0006189999999999	3.831609999999761e-07	0.125554709569	0.0116897	-0.0008402999999999	0.00013664908609	7.061040899999978e-07	-0.000970023	0.000182527	3.3316105729000014e-08	9.40944620529e-07	0.00702521	0.0001878599999999	4.93535755441e-05	3.529137959999991e-08	0.0	0.0	0.0	0.0	0.0	0.0	0.0	0.0	0.0	0.0	0.0	0.0	0.0	0.0	0.0
78938.87235293807	-71.93745608182508	6231345568.35345	5174.997587524512	124455.07102781648	-571.7846897392592	326937.7314202209	15489064704.538843	78151.84959248919	-162.285432051518	26336.561456147865	6107711594.727053	85842.46970276392	74783.53059907492	0.939173	18.845478	0.0781798499999999	0.0400371	-0.0012114926	-0.0426531645	-0.0537549955	0.0776027441	-0.0541879734	-0.0168199541	-0.0383369006	-0.1013523832	-0.0151314195	-0.0310655293	-0.0334668527	-0.0254262352	0.0459001647	-0.0342328286	-0.0424471875	0.0014735538	0.0024574565	-0.0330938321	0.0550970464	0.1603792142	0.0549730151	-0.0716058232	-0.0087331444	0.0111114869	-0.0177928489	-0.1297197757	0.0591056661	-0.0345514165	-0.0476632872	-0.0584278137	0.005032865	0.0160338374	0.1464010572	0.0356226831	-0.0692627359	0.0332450243	-0.0228387651	-0.0163760086	0.0781650038	-0.060022228	-0.1147242331	0.0557057416	-0.0564592137	-0.0310404617	-0.0882280656	-0.0232646851	-0.1201659684	0.1446704323	-0.042645015	-0.0349546879	-0.0112735377	0.0689281169	-0.0187610993	0.0198385812	0.0070289484	0.0658181598	0.0523483594	-0.065257985	0.0900955951	0.0302531698	-0.0449590049	0.0847659584	-0.0903229205	-0.0090773832	-0.0016757387	0.1021417643	-0.0039194799	-0.058638434	0.028556973	-0.0076529841	-0.0461257051	0.0121681906	-0.0565443296	0.0702375443	-0.0085286675	0.0342115946	0.0719721446	-0.1047744842	-0.0092329738	-0.0896965882	0.0344006208	-0.0771837238	0.0135318513	0.0568238659	-0.0990283447	0.139928	-5.099999999999549e-05	0.0195798451839999	2.60099999999954e-09	-0.183605	-0.0285259999999999	0.0008137326759999	0.0337107960249999	-0.34399	0.0103469999999999	0.0001070604089999	0.1183291201	0.011338	-0.0003516999999999	0.000128550244	1.2369288999999994e-07	-0.000801646	0.0001683769999999	2.8350814128999982e-08	6.42636309316e-07	0.00729025	0.00026504	5.31477450625e-05	7.024620160000012e-08	0.0	0.0	0.0	0.0	0.0	0.0	0.0	0.0	0.0	0.0	0.0	0.0	0.0	0.0	0.0
78808.66322452563	-130.20912841243262	6210805399.236699	16954.41712192537	125727.13248905254	1272.061461236066	1618140.3611620353	15807311843.919771	78134.38438850864	-17.46520398055145	305.0333500822702	6104982023.771222	85829.9096769958	74028.52938433249	1.007906	20.22468	0.1585766999999998	0.101288	0.0079969779	-0.0392468583	0.0743068184	0.1082882607	0.0296620747	0.0688474132	-0.0526320198	-0.0863013446	0.0329134052	-0.0607728054	0.0042712213	-0.0298265926	0.0653167548	0.0206706957	-0.0712527108	-0.0714776285	0.0317664004	-0.0418459819	-0.0715097032	-0.063163213	0.0184688088	-0.0677373196	0.0645481176	0.0001094855	-0.0022268166	-0.1207634139	0.1464427163	0.0349712364	-0.0541764041	-0.090874111	0.0692632375	-0.1289897035	-0.0684100157	-0.1367181238	0.0526629443	-0.061653731	0.0255220911	-0.0174398113	-0.0443673842	-0.1474054699	0.0442560525	-0.0435932385	-0.0581202759	-0.0661217065	0.0459256518	0.0791001705	0.064644048	-0.0087382049	0.060332991	-0.0209358335	-0.0074155871	0.0646011413	0.1070876763	-0.0496903222	-0.0515448032	0.058580503	0.0146214238	-0.0344084353	-0.0284193805	0.033281666	0.0222943238	-0.0451838605	-0.0906326529	0.0327802669	-0.0782380816	0.0983253472	-0.00690049	0.07304907	0.0756026494	-0.0101971597	-0.1014677558	-0.1421563032	0.0403488409	0.0538722396	0.041632756	0.044104887	0.0569319382	0.0251043795	-0.0233440742	-0.018647879	-0.0365419341	-0.0782907735	0.0168870486	0.0525182979	-0.0970388015	0.152541	0.012613	0.023268756681	0.000159087769	-0.160991	0.0226139999999999	0.0005113929959999	0.0259181020809999	-0.36488	-0.0208899999999999	0.0004363920999999	0.1331374144	0.0130406	0.0017025999999999	0.0001700572483599	2.8988467599999952e-06	-0.00106642	-0.0002647739999999	7.010527107599997e-08	1.1372516164e-06	0.0073720699999999	8.181999999990006e-05	5.434741608489852e-05	6.694512399983646e-09	0.0	0.0	0.0	0.0	0.0	0.0	0.0	0.0	0.0	0.0	0.0	0.0	0.0	0.0	0.0
78776.74241639349	-31.920808132141246	6205775145.73881	1018.9379918089747	124622.31178468352	-1104.82070436902	1220628.7888024573	15530720594.55887	78059.78155394453	-74.6028345641098	5565.582924999936	6093329496.249538	85754.39759388131	73084.06586818458	0.956004	19.183208	0.0789474	0.0399449	0.0577716235	-0.0336672798	0.0305723911	-0.0493092997	0.0588690021	-0.0220529947	-0.0297798436	0.0514898297	0.0075028356	-0.0712515452	0.0308264095	-0.0605642417	-0.0427501249	-0.0021023108	-0.0589029807	-0.0157717035	0.0918981941	-0.03620415	-0.0791421086	-0.0120994044	-0.0175395157	-0.0738317559	0.085707555	-0.0105626197	0.0027717747	-0.2385713993	-0.1693129249	-0.0709120037	-0.0435569639	0.0619542299	0.0030669389	-0.0541707423	0.0352519886	0.0082041849	0.025333748	-0.1035888377	0.0063381858	0.0969850032	0.0096301101	0.1159259047	0.1260997769	-0.0904360891	-0.0517145186	-0.0729705368	-0.1644837515	0.0206606241	-0.0243446959	0.101767177	0.0576599531	-0.0514336664	-0.0539612498	-0.0326732795	0.0155706429	-0.0595407969	-0.0178362373	-0.015747168	0.0151234797	-0.0551595803	-0.0792960539	-0.0376737058	0.0221335991	0.0185146039	-0.0582068889	-0.0368777464	-0.0079650595	0.1566208928	-0.0506471405	0.0063343781	-0.1063798856	0.0970981623	-0.0454964076	-0.009594207	0.0321218549	0.035735726	0.0267659098	0.0652559521	-0.0709825893	0.1115473205	0.0781416084	0.0040560658	0.1217607477	-0.0793764193	0.0202237803	0.0480835316	-0.0946249323	0.145489	-0.007052	0.021167049121	4.973070400000004e-05	-0.155479	0.0055119999999999	3.038214399999988e-05	0.024173719441	-0.379472	-0.0145919999999999	0.0002129264639999	0.143998998784	0.0134395	0.0003989	0.00018062016025	1.591212100000005e-07	-0.000584072	0.0004823479999999	2.3265959310399998e-07	3.411401011840001e-07	0.00721749	-0.0001545799999998	5.20921619001e-05	2.3894976399969053e-08	0.0	0.0	0.0	0.0	0.0	0.0	0.0	0.0	0.0	0.0	0.0	0.0	0.0	0.0	0.0
78896.1590933607	119.41667696720106	6224603919.684881	14260.342737888846	124920.3745272691	298.06274258557823	88841.39851763667	15605099972.033182	78211.67744731628	151.8958933717513	23072.36242320244	6117066489.123042	85851.16057231487	73585.63115528184	1.005525	20.176905	0.1455511499999999	0.0837215	0.040639656	-0.0318016364	-0.0871439097	-0.0273464082	0.0104841805	-0.0463911934	0.0100984321	0.0707208549	-0.0616038023	-0.0235149254	0.0548046363	-0.0273322592	-0.1241774743	0.0016446725	-0.0384104705	-0.1220100933	-0.0548940853	0.0401245231	0.1061427346	-0.0519669941	-0.0609605908	-0.1945594345	-0.0120649328	-0.0283939957	-0.0492318124	-0.0531930106	0.0574870491	-0.0027871866	-0.142696838	-0.0269999806	-0.1133230427	-0.0015178339	-0.0569448337	0.0686327703	-0.0596109842	-0.0854127014	0.0748982163	-0.0302171876	-0.0538503331	0.0874457002	0.0027013575	-0.00253339	-0.0757293409	0.0366031351	0.031999381	0.0818037451	0.019937612	-0.0213160822	0.1079439532	0.0012133577	-0.0511786343	-0.0828282633	0.0134573686	-0.0411138989	0.0346135047	0.0753250832	0.0595410005	0.1658255036	-0.0523655158	0.0349009623	-0.0662097262	0.0948257718	-0.0286761884	-0.0472400639	0.0754547783	0.1016060798	-0.064636947	-0.0185608325	0.0603651281	0.0393400795	-0.0093411105	0.0097140705	0.0914369987	-0.0270551953	0.0310475849	-0.0800770099	-0.0228785869	-0.0571428461	-0.071039476	0.0029562939	-0.0379718017	-0.0804403643	0.0235383975	0.0435304769	-0.0917972923	0.133717	-0.011772	0.017880236089	0.000138579984	-0.172686	-0.017207	0.000296080849	0.029820454596	-0.333185	0.0462869999999999	0.0021424863689999	0.111012244225	0.0124317	-0.0010077999999999	0.00015454716489	1.0156608399999993e-06	-0.000716475	-0.0001324029999999	1.7530554408999973e-08	5.133364256249999e-07	0.00695199	-0.0002655	4.83301649601e-05	7.049025000000006e-08	0.0	0.0	0.0	0.0	0.0	0.0	0.0	0.0	0.0	0.0	0.0	0.0	0.0	0.0	0.0
78904.95311755678	8.794024196089595	6225991626.483834	77.33486156140924	125092.59946009156	172.22493282245705	29661.42748569984	15648158439.6829	78356.93959102576	145.26214370947855	21101.0903950732	6139809982.07166	86049.2843023733	73779.52062277078	0.971486	19.493866	0.0735888999999999	0.0448931	0.0597489466	-0.0266250408	-0.0163949091	-0.002174133	-0.1343012139	0.0090585187	-0.0040309054	-0.0262331307	-0.0242380471	0.0718260591	-0.0232997735	0.0651878904	0.0409545203	-0.0026292183	-0.0086819944	0.0046734059	-0.0838014681	-0.0338916491	0.0021423873	-0.0228723974	-0.0030951613	-0.102831019	0.0451900455	0.0372850749	0.0285570024	-0.1884955218	0.0693077597	0.0253083354	0.0056920651	-0.0622380659	0.0149695558	0.0760705315	0.0186048763	-0.0639158954	0.0759643159	0.1379136584	-0.125956436	-0.0489333371	-0.0685856455	-0.0513209658	-0.0145944999	0.0292970506	-0.0062914517	-0.0211094981	0.0184448682	-0.0084036154	0.0565472499	0.2075547803	-0.0609347558	0.0179139574	0.0528081019	0.03021914	0.0065337957	0.1053390929	0.0087235293	0.0403583103	0.0384002784	0.0398122135	0.0049878891	0.0285265408	0.0433911696	-0.0087530404	-0.1196086124	-0.0886047334	-0.0632488849	0.141706878	-0.0591632567	0.0800888361	-0.0106894745	-0.0507446091	-0.1312412317	-0.0210231158	-0.037954934	0.0973687308	0.0409400557	0.0070123831	0.0300046537	-0.0664788838	-0.0469211501	0.0245414955	0.0061073213	-0.0814823178	0.0268272759	0.0388703345	-0.0885682462	0.145729	0.0120119999999999	0.021236941441	0.0001442881439999	-0.197777	-0.025091	0.000629558281	0.039115741729	-0.332301	0.0008839999999999	7.814559999999927e-07	0.110423954601	0.0131019	0.0006701999999999	0.00017165978361	4.49168039999999e-07	-0.000758313	-4.1838000000000096e-05	1.750418244000008e-09	5.75038605969e-07	0.00695199	0.0	4.83301649601e-05	0.0	0.0	0.0	0.0	0.0	0.0	0.0	0.0	0.0	0.0	0.0	0.0	0.0	0.0	0.0	0.0
78997.25885676398	92.30573920719326	6240566906.882574	8520.349490586374	125065.94556130574	-26.653898785822093	710.4303204848485	15641490739.14349	78282.16243864823	-74.77715237753	5591.622517692341	6128096956.070908	86040.70516921612	73524.42906210826	1.049868	21.066685	0.07256625	0.0448379	0.0421859183	-0.0122154061	0.0620879562	-0.0257296368	-0.0341650973	-0.0049011509	-0.0129649377	-0.0430422822	0.0028585812	0.1037532717	0.0154791951	0.0352838519	-0.0509199132	-0.0873675348	0.0432753292	-0.0369562853	-0.016908489	-0.0435604691	-0.0399523048	-0.1503547532	0.024667074	0.0906264493	-0.0917501411	-0.0311811411	0.0340726066	-0.0836505876	-0.0165644849	-0.0199271514	0.1193295141	-0.058053735	-0.008320883	-0.0632442654	0.0977632575	-0.0401204741	0.0087495165	0.0227719698	-0.0889088852	-0.0161389604	0.0654759781	-0.0023006817	0.0249977431	0.0717807351	-0.070672095	-0.000526703	0.0418939231	0.0501754634	-0.0368966624	-0.0474078566	0.0938227178	-0.0119230018	0.0336167539	0.0151932167	-0.0592481171	0.0529454492	-0.0868347592	0.0025872377	-0.0329325298	0.0643238396	-0.0504312876	0.0092050498	-0.0167295226	-0.1654035821	-0.0005099084	0.062454562	-0.0617326275	0.1865953294	0.0442657938	0.0887066105	-0.0636659943	0.0073530735	0.0804416859	0.0214614903	0.0110481561	0.0027989726	0.0241563605	-0.0855332755	-0.0164389142	0.0924237813	0.0998996127	0.0394033388	0.0170832703	-0.0825019948	0.030086819	0.0341145687	-0.0849519136	0.144541	-0.0011879999999999	0.020892100681	1.4113439999999872e-06	-0.191944	0.005833	3.402388900000005e-05	0.036842499136	-0.332074	0.000227	5.152900000001487e-08	0.1102731414759999	0.0125206	-0.0005812999999999	0.00015676542436	3.379096899999999e-07	-0.000876288	-0.0001179749999999	1.3918100624999997e-08	7.67880658944e-07	0.00755908	0.00060709	5.71396904464e-05	3.6855826810000026e-07	0.0	0.0	0.0	0.0	0.0	0.0	0.0	0.0	0.0	0.0	0.0	0.0	0.0	0.0	0.0
79005.48038369213	8.22152692815871	6241865930.657963	67.59350503043879	125153.19879578023	87.25323447449773	7613.12692626168	15663323168.816088	78332.5192892201	50.3568505718722	2535.8123995178657	6135983578.196039	85948.22957589285	74020.03056654616	0.953074	19.124426	0.1026650999999999	0.0579702	0.0199513213	0.0276625092	0.0388882504	-0.0107435261	0.0653726348	-0.0253904572	0.0263405984	0.0266008753	0.1202835371	-0.0759566961	0.0079455767	0.0401894194	-0.0796788528	-0.0241856508	0.0298307676	0.0065803088	0.0428324356	0.0555454344	0.0549271237	-0.1646111453	-0.114844434	-0.0831703496	-0.0625058125	-0.1541340589	-0.0322370546	-0.0361415608	-0.0642384928	0.0263233731	0.00738486	-0.0430236053	0.0285667558	0.0687677544	-0.0357217516	0.012462296	0.0115038792	0.0079648524	-0.0310186574	-0.0861122174	-0.0353284998	-0.0529975594	0.0379730983	-0.0326998113	-0.0232966415	0.0143738153	0.051886039	-0.1077032128	0.0253015153	0.0088690144	0.0140288211	0.0376617627	-0.0013312149	-0.0423195955	-0.0033127409	0.053812014	-0.0751171246	0.0186869656	-0.0593107706	0.0645366497	-0.1201166868	-0.085316621	-0.090313817	-0.0430696984	0.0196410752	0.00519351	0.1425334784	-0.0250166546	-0.0295549059	0.0653694351	-0.0681769082	-0.0116488905	-0.0700461178	-0.0279245964	-0.0222402829	0.0460774988	0.0543665827	-0.0205789446	-0.0123403917	0.0349373972	0.0201694196	0.0327539266	0.0318282384	-0.0834991166	0.0333134626	0.0292748789	-0.0809641079	0.154711	0.0101699999999999	0.0239354935209999	0.0001034288999999	-0.185368	0.0065759999999999	4.324377599999998e-05	0.034361295424	-0.278308	0.0537659999999999	0.0028907827559999	0.0774553428639999	0.0126466	0.0001259999999999	0.00015993649156	1.5875999999999844e-08	-0.0012304	-0.0003541119999999	1.2539530854399997e-07	1.51388416e-06	0.00772203	0.00016295	5.962974732090001e-05	2.6552702500000082e-08	0.0	0.0	0.0	0.0	0.0	0.0	0.0	0.0	0.0	0.0	0.0	0.0	0.0	0.0	0.0
78981.91589555256	-23.56448813957104	6238143038.532139	555.2851012799842	125315.68963350916	162.49083772892482	26403.272345847778	15704022068.321997	78355.21005380944	22.69076458933705	514.8707976487121	6139538942.5766	85990.57332917541	73744.56755163563	0.938646	18.834913	0.1782335	0.0960485	0.021937745	0.0340513999	-0.0182434596	-0.1036184263	-0.0110408603	-0.0156405492	0.0232772875	0.0636176995	-0.0270622359	0.0038866106	-0.0205540587	0.0468325442	-0.0777272886	0.0392147736	0.0090614942	0.0718323696	-0.0206280435	-0.0637430179	-0.0142401862	-0.0449163043	-0.0239095392	0.0477933229	-0.0358960239	-0.0961644204	-0.1326364559	-0.0387009237	-0.0076221871	0.0062620998	-0.0452879209	0.1196785894	0.0353223212	0.0916632554	0.0272547899	0.0171197321	-0.0849597727	0.011117103	0.0318784362	0.0342100123	-0.0858395836	-0.0001020561	-0.0809111123	-0.0355098845	0.0245470658	0.0541225303	-0.0440300494	-0.0739087372	-0.0063315845	-0.0261190027	0.0896387017	0.0087220968	-0.0008356481	-0.1090769617	-0.0382915259	-0.0116131428	-0.0096400085	-0.0279775474	0.0103266786	-0.0001903089	-0.0523020274	0.0481814683	-0.0178977314	-0.0321352467	-0.0665123937	0.0244958723	0.0083989473	-0.014111644	0.0316226537	-0.0748509563	-0.0665004245	0.012740315	-0.0477777939	0.0727913161	0.0440199164	-0.0060512807	0.0068262373	-0.1064383705	0.046552092	-0.025894247	0.054025515	-0.0585066232	-0.042340859	-0.0844734105	0.0365036785	0.0243631711	-0.0766222668	0.186515	0.031804	0.0347878452249999	0.001011494416	-0.190563	-0.005195	2.698802500000005e-05	0.036314256969	-0.33868	-0.0603719999999999	0.0036447783839999	0.1147041423999999	0.0135225	0.0008759	0.00018285800625	7.672008100000011e-07	-0.00168305	-0.0004526499999999	2.048920225e-07	2.8326573025e-06	0.00801073	0.0002887	6.417179513290001e-05	8.334769000000016e-08	0.0	0.0	0.0	0.0	0.0	0.0	0.0	0.0	0.0	0.0	0.0	0.0	0.0	0.0	0.0
79008.33591101944	26.420015466879704	6242317143.428485	698.0172172701627	124740.63944317275	-575.0501903364056	330682.72140593635	15560227128.691626	78245.96079959924	-109.24925421019724	11935.399545484304	6122430381.452421	85913.46177783613	74838.4185063782	1.020927	20.485964	0.1266345	0.058384	-0.0027496702	-0.0155721991	-0.0701407046	0.0025071108	-0.0649203959	-0.032042252	-0.001540458	-0.0097868659	-0.0312475377	0.0559648096	-0.0414320481	0.0144616933	-0.1012959143	-0.0493983045	0.0238186469	-0.0018589541	-0.0433223244	-0.0525338867	0.086024549	-0.0366351021	0.0259556647	-0.0334459422	-0.1336942305	0.0534898873	0.0043173366	-0.061777767	0.0259027924	-0.0939763302	0.0005350091	-0.1065440351	0.017766528	0.0947866613	0.0727442907	-0.0786999457	0.1716444033	0.1038429531	-0.1073835613	0.0730714715	-0.1119386881	0.0034139941	-0.0188059608	-0.0973943969	0.011813148	-0.0520196635	0.1449755528	-0.0045155152	-0.0822438793	0.0204551924	-0.0391724842	-0.0019372558	-0.005408256	-0.0422442113	-0.1020236324	-0.004306917	-0.0044372919	0.0586435977	0.0170598865	0.0485485143	0.0542762517	0.0466771931	-0.0511657489	-0.0858689856	0.0027051418	0.0197811332	-0.060235038	0.0391813804	0.0452851119	-0.0451779836	-0.0507561842	0.0969945762	-0.0438388911	-0.1231102461	-0.1640885293	0.1185657487	0.086175233	-0.1038832056	-0.0201325221	-0.1424261717	-0.1026641095	-0.0295997151	0.0647236994	-0.0854246103	0.0396539781	0.0193915285	-0.071945376	0.195528	0.009013	0.038231198784	8.123416900000038e-05	-0.202677	-0.0121139999999999	0.0001467489959999	0.041077966329	-0.357674	-0.018994	0.000360772036	0.127930690276	0.0127096	-0.0008129	0.0001615339321599	6.608064100000002e-07	-0.00138904	0.0002940099999999	8.644188009999997e-08	1.9294321216e-06	0.00863409	0.0006233599999999	7.45475101281e-05	3.8857768959999995e-07	0.0	0.0	0.0	0.0	0.0	0.0	0.0	0.0	0.0	0.0	0.0	0.0	0.0	0.0	0.0
78970.08220054553	-38.253710473916726	6236273882.760918	1463.3463650222463	124696.2172696059	-44.422173566854326	1973.329504403731	15549146601.34876	78133.33479207943	-112.6260075198079	12684.617569851824	6104818005.731171	85848.23169068409	74386.55787601853	0.944855	18.959499	0.0709085	0.0561895	0.0146384701	-0.0228599204	0.0036604879	0.0688838035	-0.0344077581	-0.0214383772	-0.0278935336	-0.0606900806	0.0185932429	0.0219884287	0.0129912978	-0.0220699137	0.0073100815	-0.0507948872	-0.0391205481	0.0993562674	-0.0285542944	-0.063862874	-0.0812657124	0.0016479876	-0.0628453143	-0.0338061258	-0.0340444879	0.0083656659	0.0566606228	0.0948834885	0.026009875	-0.050333977	-0.0626820707	-0.0310058261	-0.0577414267	-0.1823750538	0.0631360953	-0.0739534002	-0.0930725689	0.1194921078	-0.054258836	0.0545591109	-0.0129606647	-0.0325032179	0.0197522123	-0.1308441348	-0.0202113745	-0.064968781	-0.0512595246	0.0031368596	-0.0166806871	0.0861995167	0.1028208563	-0.0172272075	-0.0182173961	0.0439748901	0.0034342104	0.0858702552	-0.0439030675	0.0041937893	0.062293829	-0.0097383152	-0.0282216249	0.0087890426	0.0163171165	0.0001502341	0.0175919899	-0.053374272	0.0288220767	-0.0149552145	0.1701910566	0.03118488	0.0647134326	0.0227455209	0.0469094618	0.0518026196	0.0243023823	0.0517493478	-0.0815068528	-0.061187289	0.0363647317	-0.0581105959	0.0662518467	0.0579162001	0.0575288508	-0.0863524559	0.0427609166	0.0143721814	-0.0669538864	0.192211	-0.003317	0.036945068521	1.1002489000000097e-05	-0.20297	-0.000293	8.584900000000908e-08	0.0411968209	-0.351154	0.0065199999999999	4.251039999999961e-05	0.123309131716	0.0138005	0.0010909	0.00019045380025	1.1900628100000013e-06	-0.00140699	-1.7950000000000084e-05	3.22202500000003e-10	1.9796208601e-06	0.00874081	0.0001067199999999	7.64017594561e-05	1.1389158399999869e-08	0.0	0.0	0.0	0.0	0.0	0.0	0.0	0.0	0.0	0.0	0.0	0.0	0.0	0.0	0.0
78996.71770648393	26.63550593840773	6240481408.397912	709.4501765949535	125711.41218401672	1015.194914410822	1030620.7142455964	15803359153.299747	78203.3132457898	69.97845371036965	4896.983983694347	6115758202.6191225	85883.88654149159	74423.07036006894	0.990297	19.871346	0.1374045	0.0795499	-0.006681062	-0.004534904	0.1114424608	0.0039130219	0.0445331786	0.0397733441	-0.0186870423	0.0220936091	0.1405777334	-0.0124473343	0.0276620768	0.0072364878	0.0092272772	0.0023371176	-0.1138533601	0.0249255842	-0.0307416412	-0.1138638065	-0.0519563343	0.0893656105	-0.0480436232	-0.0206131209	-0.0249167148	-0.1361302332	-0.0109352618	0.0823476127	-0.0103311879	-0.094248323	-0.1268863101	0.0612383708	-0.0378623192	0.0584520885	0.0312728415	-0.0622506656	0.1164504472	-0.0076474799	-0.028947035	0.0846363491	-0.0120843802	-0.0633080358	-0.0212295553	0.0376330602	-0.0642004253	0.0754307998	-0.039585705	0.0114037508	0.0197670956	0.1496790193	-0.0852202324	-0.0284564314	0.004486794	-0.0202639987	0.0726768168	-0.0206233108	-0.1008480254	-0.0642433547	0.0433344327	-0.0709443799	-0.0366395546	0.1099841501	-0.0968412522	0.0537653848	0.0568816749	0.0236285006	0.0232023006	-0.0434240856	0.0067204013	-0.0743677603	-0.0081608136	0.0239706325	-0.1606798098	-0.0671747834	-0.0096646977	0.0419058334	-0.0358793907	-0.0374541733	0.0096678809	-0.0300859545	-0.0776617419	-0.0390763773	0.0731130743	-0.0872566935	0.0458210968	0.009317478	-0.0616696245	0.197872	0.0056609999999999	0.039153328384	3.204692099999999e-05	-0.177291	0.025679	0.000659411041	0.031432098681	-0.4123	-0.0611459999999999	0.0037388333159999	0.16999129	0.0143268	0.0005263	0.00020525719824	2.769916900000004e-07	-0.00112046	0.00028653	8.209944090000008e-08	1.2554306116e-06	0.0086552699999999	-8.554000000009915e-05	7.491369877289829e-05	7.317091600016962e-09	0.0	0.0	0.0	0.0	0.0	0.0	0.0	0.0	0.0	0.0	0.0	0.0	0.0	0.0	0.0
79115.61303556176	118.89532907782996	6259280225.99275	14136.099276525478	125041.26775228902	-670.1444317277055	449093.5593756494	15635318641.099632	78164.49711815562	-38.81612763418525	1506.69176451336	6109688609.734158	85890.12787470457	75310.3035850197	0.996854	20.002911	0.0982535	0.0494821	-0.049594759	-0.0169609298	-0.0539385501	-0.0189155146	0.0748887235	-0.046636561	0.0327038235	0.0898950339	0.0290140896	0.0006549311	-0.0075163233	-0.0295990055	0.0464785084	0.0890408095	-0.0036711893	0.0478469897	0.0724395741	-0.0095160044	0.0280443501	-0.0273345765	0.0082140148	-0.0141571417	0.0112956599	0.0463579621	0.0251781693	-0.0237980096	0.0391147877	0.1166636415	-0.0191104732	0.0390810716	0.051137089	0.0908145851	-0.0488483678	-0.0216271148	0.121138912	-0.0857114123	0.0344237218	0.0811126525	0.0299535743	0.0046918963	0.0050840808	-0.0802455756	-0.0575320201	-0.0692822721	0.0337951725	-0.0066040456	-0.1251079236	-0.0017728967	0.0344689527	0.0112810169	-0.0438053624	-0.0662606688	0.0542825706	-0.0387969782	0.0636948596	-0.0426111863	0.0279445607	-0.1126398676	0.0444359758	-0.029864121	0.014741754	-0.0451173734	-0.0375011745	0.0239399078	-0.0490415179	0.0658217633	-0.0999462972	0.0334240785	0.0209141256	0.0475466096	-0.1111797367	0.0022354741	0.0306953754	-0.0471914573	0.0133068328	-0.0862037243	-0.0079459414	0.0632602872	-0.0728200828	-0.030040342	-0.027430181	-0.088137076	0.0488311722	0.0042398529	-0.056115697	0.219731	0.021859	0.048281712361	0.000477815881	-0.193799	-0.0165079999999999	0.0002725140639999	0.037558052401	-0.401695	0.0106049999999999	0.0001124660249999	0.161358873025	0.0136803	-0.0006465	0.0001871506080899	4.179622500000016e-07	-0.00129566	-0.0001751999999999	3.069503999999997e-08	1.6787348355999998e-06	0.0088192	0.00016393	7.777828863999999e-05	2.6873044900032298e-08	0.0	0.0	0.0	0.0	0.0	0.0	0.0	0.0	0.0	0.0	0.0	0.0	0.0	0.0	0.0
79145.47935090958	29.866315347811906	6264006901.685254	891.996792454945	125291.12886892914	249.86111664012424	62430.57760864977	15697866973.250608	78224.9331068759	60.43598872028815	3652.508732598797	6119140159.575211	85875.2177492286	74750.81579345003	0.975363	19.571671	0.1100715	0.0838135	-0.0064834608	0.0279600478	-0.0856948287	-0.0368850185	-0.0309995021	-0.041535243	0.0459662383	0.0440865679	-0.0571968664	0.0254627367	-0.0068471126	0.014011409	-0.0794648616	-0.0736142854	0.0539633671	0.0829337336	-0.0587979306	-0.0682258606	0.0436105865	-0.0012692745	-0.0077476951	0.0711529721	-0.0945714277	0.0241544332	0.0871272201	0.0704825843	-0.0218924039	0.0174251034	-0.0055339993	-0.0866103972	-0.0266158497	-0.066685779	-0.0717119757	0.0500640277	0.0081721394	-0.0305532383	0.0237214968	-0.0835471328	-0.1174326284	-0.0346585497	-0.0437369497	-0.0003261139	0.0883760974	-0.050908688	0.0367129013	-0.0118379031	0.0685809921	-0.0694156016	-0.0363952988	0.0465541203	-0.0205198164	-0.0718223848	-0.0887141032	0.0654126684	0.029888781	0.0483731964	-0.0014970568	0.0348742679	0.0161640149	0.0739989653	-0.0462624874	-0.0543834349	0.0152745734	-0.0017114358	0.0364425949	-0.0338676047	0.020712395	0.0026471635	-0.0870235686	0.0660594639	0.1447643424	-0.0388654625	-0.0224739483	0.0627412595	0.0612773655	0.0882959973	0.0280326101	-0.0262809835	-0.1218967953	0.091008552	0.0105001788	-0.0889933628	0.0517878515	-0.0008482025	-0.0503163898	0.217845	-0.0018859999999999	0.047456444025	3.5569959999999952e-06	-0.193603	0.000196	3.8416000000000686e-08	0.0374821216089999	-0.328646	0.073049	0.005336156401	0.1080081933159999	0.0132021	-0.0004781999999999	0.00017429544441	2.286752399999998e-07	-0.00123136	6.429999999999999e-05	4.134489999999999e-09	1.5162474496e-06	0.0086628899999999	-0.00015631	7.504566315209828e-05	2.4432816100030844e-08	0.0	0.0	0.0	0.0	0.0	0.0	0.0	0.0	0.0	0.0	0.0	0.0	0.0	0.0	0.0
79240.1315847601	94.65223385053103	6278998453.570096	8959.045372895616	125270.14240396098	-20.986464968154905	440.43171185959307	15692608577.908665	78289.21001440923	64.2769075333199	4131.520842046956	6129200404.680274	85991.25246438419	75246.55858931955	0.978825	19.641132	0.0942505	0.0575021	-0.0506412011	0.0077257562	0.0516358399	-0.0108344873	-0.0447605827	0.0182367414	-0.0176989902	-0.0297252537	0.0539185424	0.1143683753	-0.0283672149	0.0580678212	0.0752320993	-0.0790782384	-0.0476730765	0.0453556061	-0.0205813697	0.0186777641	-0.0888361671	-0.0445433437	-0.0583943934	0.0794446796	0.0139170984	0.0505052697	-0.0111453677	-0.0008502421	0.1130963967	0.0441868693	-0.0100435627	-0.0656639572	0.0249302025	-0.0108284215	-0.0994761284	-0.0224415177	0.0039957379	0.1196319914	0.0675362582	0.0794450407	0.0970808643	0.149662228	0.0986899005	-0.0761047531	0.1489645812	-0.0694149078	0.0397516466	-0.2491933063	-0.0547504163	0.0176643719	-0.1665699427	-0.0180410838	0.0618796558	0.0568498896	-0.0232004183	0.1213567101	-0.0851100349	-0.0219815914	0.0590515304	-0.0573292959	-0.0087536482	-0.034165246	0.0379885587	-0.0442265306	-0.0026263268	-0.014450847	0.0458469675	-0.0310610591	0.0137482627	0.0497988857	0.0676382669	-0.0409882517	0.133337279	-0.0500260015	0.0268133838	-0.0904984026	-0.149463933	-0.011011262	0.0481048772	-0.0586176197	0.0032397296	-0.0004870396	-0.0920474658	-0.0898253196	0.0546879015	-0.0059341712	-0.0442970619	0.214166	-0.003679	0.0458670755559999	1.3535041000000114e-05	-0.172687	0.0209159999999999	0.0004374790559999	0.029820799969	-0.369911	-0.0412649999999999	0.0017028002249999	0.136834147921	0.0136668	0.0004647	0.00018678142224	2.159460900000002e-07	-0.0011357	9.566000000000002e-05	9.150835600000004e-09	1.2898144899999998e-06	0.00867034	7.450000000099738e-06	7.51747957156e-05	5.5502500001486086e-11	0.0	0.0	0.0	0.0	0.0	0.0	0.0	0.0	0.0	0.0	0.0	0.0	0.0	0.0	0.0
79254.00358659438	13.87200183427194	6281197084.503915	192.4324348900441	126025.78526199244	755.6428580314532	570996.1288939429	15882498550.90183	78476.84652208663	187.6365076774091	35207.459013374406	6158615440.051141	86029.03391708246	75682.01455271665	1.01778	20.422812	0.1328131999999999	0.0924566	-0.0621028526	0.082640479	0.0789174977	0.022206411	0.0519079956	0.0276136203	0.0355245222	-0.04354492	0.1276648763	-0.018237432	-0.0071213996	0.1093711863	0.065054297	-0.0085646095	0.0498626919	0.0521892166	0.0234602113	-0.022882263	0.0003531756	-0.0671186743	0.1649307571	-0.1077723116	0.0338948602	-0.1469808327	-0.0170942808	0.0658597591	-0.04147764	0.0115097596	0.0379330113	-0.0774440315	-0.0055082698	0.0533525631	0.0657559821	-0.0036799833	0.0547156495	-0.0676366506	0.0158861085	-0.0236388172	0.1104603809	0.1007255927	-0.0095339949	-0.0205783552	0.1153402218	0.0329016047	0.0158188011	0.1394334789	-0.107992095	0.0969106518	-0.0334255148	0.092350142	0.0587832224	-0.0015386181	0.0695695973	0.0707422948	-0.0800298936	0.0502928228	-0.0959300989	-0.0768704642	-0.0008061411	0.0399664503	-0.0706595419	0.0302002579	-0.0887386335	0.1203693807	-0.0231284834	-0.0670036138	-0.0432133161	-0.0119002729	0.004776917	-0.0047999143	-0.0607310777	-0.1229692644	-0.0009778804	0.0278401251	-0.0457810005	-0.0274079696	-0.0577345316	0.0449754069	0.0780155683	-0.0116824383	0.1123485436	-0.0906327191	0.0575281511	-0.0110055415	-0.0380840342	0.211593	-0.0025729999999999	0.044771597649	6.620328999999959e-06	-0.179747	-0.0070599999999999	4.984359999999976e-05	0.0323089840089999	-0.290535	0.079376	0.006300549376	0.0844105862249999	0.0131126	-0.0005541999999999	0.00017194027876	3.071376399999994e-07	-0.000896716	0.0002389839999999	5.711335225599996e-08	8.040995846559999e-07	0.00875324	8.290000000000033e-05	7.661921049760002e-05	6.8724100000000565e-09	0.0	0.0	0.0	0.0	0.0	0.0	0.0	0.0	0.0	0.0	0.0	0.0	0.0	0.0	0.0
79047.3374415442	-206.66614505018515	6248481556.597355	42710.89550990417	126997.6461982484	971.8609362559656	944513.6794203218	16128402139.895475	78452.41949410122	-24.42702798540995	596.6796962000009	6154782124.478434	86446.7879710478	75073.94741975772	1.096059	21.993553	0.2303287	0.139816	-0.0280933684	0.0673526541	0.0662469573	-0.0732549223	0.0406638152	0.0958042495	0.045975999	0.0946853955	-0.02720045	-0.0647437922	-0.0784204997	0.1129221365	-0.0575080645	-0.0114862411	0.0985294982	0.0713881498	0.0381178828	-0.1222479693	-0.1468686375	0.0495469233	0.0287489971	-0.0141558224	-0.0957694871	0.0474800778	-0.002474229	-0.0785277058	-0.1616809314	-0.1379856003	0.069042788	0.1516179531	-0.0425095359	0.0207531342	-0.028121522	0.0944734661	-0.0176718252	0.086477739	0.0158831563	0.0301396703	-0.1257145885	0.0260742043	0.0384358306	-0.0267217729	0.1444401358	-0.1007213293	-0.0026441506	0.0172265703	0.0366862639	0.1499276672	-0.054190402	-0.0062958262	0.1041264579	-0.0705197858	-0.0709261801	-0.0977231147	-0.0063068917	-0.0273982835	-0.0467857156	-0.137059723	-0.0778320869	0.0101891982	-0.0276475044	-0.0280059418	-0.1029618855	-0.149223593	-0.0863284108	-0.0236602113	0.151022919	-0.0118326764	-0.035233376	0.0887310743	0.1122201167	0.143105824	0.0494425492	0.1126411002	0.0292184132	-0.0449715526	-0.0397592127	-0.1072668947	0.1523264593	0.0880354512	0.1164784253	-0.0914153405	0.0603054945	-0.0160498375	-0.0317044747	0.188472	-0.023121	0.035521694784	0.000534580641	-0.217349	-0.037602	0.0014139104039999	0.0472405878009999	-0.334837	-0.044302	0.001962667204	0.1121158165689999	0.015271	0.0021583999999999	0.000233203441	4.658690559999998e-06	-0.0011056	-0.000208884	4.3632525456000004e-08	1.22235136e-06	0.00889203	0.0001387899999999	7.906819752090001e-05	1.9262664099999933e-08	0.0	0.0	0.0	0.0	0.0	0.0	0.0	0.0	0.0	0.0	0.0	0.0	0.0	0.0	0.0
79107.18775523629	59.85031369209173	6257947154.542206	3582.060049041783	125178.88472830414	-1818.761469944264	3307893.28455382	15669753181.822056	78353.31961173902	-99.0998823622067	9820.786684203207	6139242694.179326	86104.195481552	74173.72940311232	1.149648	23.068874	0.2905926	0.196027	0.0210028109	0.0287928984	-0.0541469795	-0.0563401463	-0.0465206045	-0.0210470817	0.0182785334	-0.012252706	-0.0867799894	-0.0068589278	-0.0254692266	0.0683235865	0.0452220254	-0.0900096474	0.0200959075	0.0602729263	0.0756120771	0.0346558442	-0.0410041025	0.0324208218	-0.032314044	0.021279607	-0.0916258303	-0.0882495742	0.1076342489	-0.1036797601	0.0319713843	-0.0011616442	0.0430643793	0.0483435453	0.0237337247	-0.0463864967	-0.0129373793	-0.0329182932	-0.0525935738	0.1022999592	0.0637112356	0.0334050206	-0.0118420414	0.0291952662	0.0360601851	-0.0135378966	-0.1495618774	0.0512694917	-0.1649589838	0.205149992	0.0588251046	-0.042504426	-0.1037808685	0.0299620315	0.0519910611	0.0155320719	-0.0876736803	0.0572760021	0.0562536336	0.0395993462	-0.0677216042	-0.0674689755	0.0082689525	0.0351760984	0.0281613222	0.0100675447	-0.0128297643	-0.0001437357	0.0940118329	0.0640139894	0.0567958759	0.091312107	-0.0624823588	-0.0595687259	-0.0031742278	-0.0340334631	0.0460494372	0.0470968396	0.1434983393	-0.0401074035	-0.0850212939	-0.0593632654	-0.0167699671	-0.0281444338	-0.0835254372	-0.0921729699	0.0630168947	-0.0210546499	-0.0251862796	0.199643	0.0111709999999999	0.0398573274489999	0.0001247912409999	-0.198551	0.0187979999999999	0.0003533648039999	0.039422499601	-0.277548	0.0572889999999999	0.0032820295209999	0.077032892304	0.0120463	-0.0032247	0.0001451133436899	1.0398690090000004e-05	-0.000774278	0.000331322	1.09774267684e-07	5.99506421284e-07	0.00838136	-0.00051067	7.024719544959998e-05	2.607838489000013e-07	0.0	0.0	0.0	0.0	0.0	0.0	0.0	0.0	0.0	0.0	0.0	0.0	0.0	0.0	0.0
79182.28891494514	75.1011597088509	6269834877.809843	5640.18418961433	125406.10754627788	227.22281797374308	51630.20900792878	15726691809.908615	78325.02843007025	-28.29118166877015	800.3909602153561	6134810078.571313	85912.63856190915	75088.20272229622	0.926483	18.590836	0.07008735	0.0470807	-0.013736431	0.0551736331	-0.0234912969	0.0056696713	-0.0588833472	-0.0283748427	0.0485918176	-0.0650592146	-0.0043410871	0.0495048499	-0.0166845087	0.0548529149	0.0832623231	-0.0735336465	-0.0201620796	0.0308519245	0.0148176854	0.0973748641	-0.0023814733	-0.0461925549	-0.090984944	-0.012231334	-0.0949149572	-0.1604459683	0.033146912	0.0014262008	-0.0960023571	0.14659321	0.1438304582	0.0506469644	0.0160009413	-0.1358793704	0.136668223	-0.0198364607	-0.0710332406	-0.105254115	-0.0392454312	0.1324427858	-0.0250268213	-0.088848553	-0.0209048412	-0.015293575	-0.0050467954	-0.0215802129	-0.0266693753	0.1267008967	0.0908333779	-0.0406492271	-0.04832582	0.0673926837	0.0352869445	0.0841865296	0.014907063	0.1832492266	-0.0306806191	0.0170064187	-0.0078278439	0.0239223529	-0.0094762602	-0.0544600297	-0.0254369628	0.0271907447	0.0866231317	0.0449853166	0.0928276495	0.0513009425	0.0362574649	0.0905979454	-0.0990072521	-0.0429448921	-0.0297159952	0.0481831073	0.0724531657	0.0129985683	0.1117663953	-0.004048603	-0.01449874	0.1367136665	0.1768229234	-0.0258466823	-0.0664436986	-0.0929054001	0.0656593869	-0.0260076665	-0.0185579513	0.198326	-0.0013169999999999	0.039333202276	1.7344889999999602e-06	-0.202629	-0.0040779999999999	1.6630083999999985e-05	0.041058511641	-0.280053	-0.0025049999999999	6.275024999999897e-06	0.0784296828089999	0.012572	0.0005257	0.000158055184	2.763604900000005e-07	-0.000774261	1.6999999999942412e-08	2.889999999980418e-16	5.994800961210001e-07	0.00909939	0.00071803	8.279889837210001e-05	5.15567080900002e-07	0.0	0.0	0.0	0.0	0.0	0.0	0.0	0.0	0.0	0.0	0.0	0.0	0.0	0.0	0.0
79039.30426827438	-142.98464667075314	6247211619.212857	20444.609183560115	125879.28253134953	473.1749850716442	223894.5664975507	15845593770.60732	78260.90122365815	-64.12720641210035	4112.298602220124	6124768660.339177	85913.39621930804	75329.0754261618	1.025917	20.586082	0.23173845	0.148861	-0.0524582038	0.0255084166	0.0957743958	0.0214879614	0.0258583007	0.0671033672	-0.0152181412	0.019996534	0.1182180852	-0.033746304	-0.0547191987	0.0196144354	0.0320480334	0.0854123704	-0.0132449576	0.0302113236	-0.0638924683	-0.0198186001	-0.1016444304	-0.0766037805	0.0150061805	0.0049636005	-0.0230982467	-0.0561952559	0.0349884738	-0.0599544667	0.0206078956	-0.0138036689	0.071268336	-0.0570799576	-0.1498174279	-0.0366852904	-0.1210800896	-0.0201617151	-0.0058983477	-0.0521925667	-0.0349367313	-0.0424885139	-0.0063691529	0.0187891522	-0.020475361	-0.0522231035	-0.0736548551	0.051717818	0.0300442193	-0.0582598127	-0.0293581917	0.0927270211	0.0430295324	0.0226119887	0.020536446	0.003207984	0.1008392694	-0.0384702267	-0.1051006058	-0.018263437	-0.0338052537	-0.0613098071	-0.0355295525	0.0839675341	0.0031751856	-0.0400214394	-0.0156538558	-0.1155932986	0.0049020466	-0.0332396152	-0.0799693147	0.0564960517	-0.0176223715	-0.0092457527	0.064575013	-0.0261254035	-0.0688320794	0.017127221	-0.0463873497	0.0063810087	-0.0433624989	0.0490236658	0.0065209259	0.0352934506	-0.1120754684	-0.0936124309	0.0682300815	-0.0308967027	-0.0118484738	0.198408	8.199999999999874e-05	0.039365734464	6.723999999999793e-09	-0.176855	0.0257739999999999	0.0006642990759999	0.031277691025	-0.363501	-0.083448	0.006963568704	0.132132977001	0.0144252	0.0018531999999999	0.0002080863950399	3.434350239999997e-06	-0.00136939	-0.000595129	3.541785266410001e-07	1.8752289721e-06	0.00909903	-3.600000000013315e-07	8.279234694089999e-05	1.296000000009587e-13	0.0	0.0	0.0	0.0	0.0	0.0	0.0	0.0	0.0	0.0	0.0	0.0	0.0	0.0	0.0
78938.97368912557	-100.3305791488092	6231361567.09246	10066.225112335464	125128.08132215368	-751.2012091958459	564303.256697301	15657036735.363504	78121.53000326459	-139.37122039355745	19424.337073989565	6102973450.050969	85924.37348099396	74670.26211305926	0.969716	19.458349	0.0833395499999999	0.0466528	-0.0154297833	0.0267244631	-0.0105751821	-0.066828151	0.0372442957	-0.0058384784	-0.0050717263	0.0474803888	-0.0410573674	-0.0321092873	-0.0825668481	-0.0275160373	0.0457875018	0.0235688297	0.0364261155	0.0678383046	0.0587266694	-0.0349389777	-0.0369435336	-0.1045543353	0.0192637084	0.0620238077	-0.0100727831	-0.0649133395	0.0369976999	0.0303446734	0.0103626002	0.0040645473	0.0177687643	0.0297329664	0.0530542847	-0.01555919	-0.0060213393	-0.0822944473	0.0733305365	0.0830617567	0.0365393117	0.0076097536	-0.0881696622	0.0058087538	0.0661229844	0.0097868975	-0.0164684122	0.0830419752	0.009764316	-0.0132812564	-0.1669362959	0.0441006695	0.0236361671	-0.0028269181	-0.0153905219	-0.0077845782	-0.0140479636	-0.0763434473	0.037469889	-0.0273511972	-0.0652196	-0.1066309383	-0.0080516722	0.0397244665	0.0641001974	-0.1455710861	0.0167440292	-0.0170690826	-0.0406100278	0.0486366354	0.0298210678	0.0754822539	-0.0763271215	-0.0387135279	-0.0445061518	0.0060994958	0.0101078742	-0.0817330812	-0.1182777685	-0.0823280914	-0.000535183	-0.0101315273	0.0187620381	-0.0156971502	-0.0100416832	-0.094293869	0.0707261675	-0.0357097311	-0.0050871859	0.200809	0.0024009999999999	0.0403242544809999	5.764800999999935e-06	-0.195044	-0.0181889999999999	0.0003308397209999	0.038042161936	-0.351143	0.012358	0.000152720164	0.1233014064489999	0.0143836	-4.159999999999928e-05	0.00020688794896	1.7305599999999399e-09	-0.000576629	0.000792761	6.284700031210001e-07	3.3250100364100005e-07	0.00892556	-0.0001734699999999	7.966562131360002e-05	3.0091840899999483e-08	0.0	0.0	0.0	0.0	0.0	0.0	0.0	0.0	0.0	0.0	0.0	0.0	0.0	0.0	0.0
78837.84900373619	-101.12468538938263	6215406435.535908	10226.20199510162	125139.05353055334	10.972208399660303	120.38935716557611	15659782718.522696	78192.08191304935	70.5519097847573	4977.571974276533	6114001673.897018	86031.26334443934	74489.80369344892	1.101723	22.107216	0.2825011499999999	0.181112	0.0410131807	0.0253621328	-0.1034187187	0.0292141793	-0.0394028698	-0.0240513619	0.0162229949	-0.0315017213	-0.1522462989	-0.0717488495	-0.0411025925	0.0089907803	0.0484430075	-0.0868076263	0.0850309553	0.0983715259	0.0729672074	0.0025980843	0.0605618417	-0.134383149	0.0406004556	-0.0220126984	0.0544731076	0.0275165121	-0.0349368839	-0.0791458533	-0.0025448424	0.0137246336	0.048488443	-0.1017877139	-0.1414022173	-0.0462127058	-0.1537501666	-0.0162460055	0.0277443259	-0.1437532102	0.0137179232	-0.0222908504	-0.0284409682	0.088813592	0.1018964827	-0.0604538673	-0.0878070948	0.0383015752	-0.0258246596	-0.050382467	-0.0019353806	-0.0081388038	-0.0494516382	0.047149774	0.0102349571	0.0351573562	-0.0688513331	0.0455014328	0.1277620691	0.1033659548	-0.1164020711	-0.047735387	-0.0763205685	0.0158163545	0.0652257474	-0.0600221947	-0.0836083289	-0.0400210309	0.0667973879	-0.0233613717	-0.046540826	0.0415599689	-0.0036719148	-0.0519167002	0.0961448928	-0.1177698396	0.0503844451	0.112207026	-0.0071439212	0.0680225631	-0.0273187373	0.1420637955	-0.0379695618	0.0977985804	-0.0130324064	-0.0949495281	0.0731449155	-0.0404349114	0.0016963469	0.219236	0.018427	0.0480644236959999	0.000339554329	-0.222202	-0.027158	0.000737556964	0.049373728804	-0.242865	0.1082779999999999	0.0117241252839999	0.058983408225	0.0122043	-0.0021793	0.00014894493849	4.749348490000002e-06	-0.000471986	0.000104643	1.0950157449000017e-08	2.2277078419600002e-07	0.00921438	0.0002888199999999	8.490479878439999e-05	8.341699239999922e-08	0.0	0.0	0.0	0.0	0.0	0.0	0.0	0.0	0.0	0.0	0.0	0.0	0.0	0.0	0.0
78629.28462687803	-208.5643768581649	6182564400.934597	43499.09929423464	124797.49843874403	-341.5550918093068	116659.88074086395	15574415616.56832	78147.93695683988	-44.144956209464	1948.777158735494	6107100050.610221	85924.9512465533	73001.03946963423	1.060938	21.288816	0.19159545	0.128249	0.0855057652	0.035508121	0.0461989872	0.0185079266	-0.0609783567	0.0216494601	-0.0421493752	-0.1398103327	-0.0440385877	-0.0110203216	-0.0337815622	-0.0113817443	0.1134687555	-0.1541055367	0.0576303233	0.0031279486	-0.0333969266	-0.0907491312	0.0895045778	-0.0433683438	0.1203429986	0.0275420507	-0.067228109	0.0990186007	-0.0315914199	0.0150085949	0.0566288848	0.1489342634	0.0019643873	-0.0873035081	-0.0456908164	0.0008340625	-0.077235555	-0.0483283848	-0.0786755542	-0.0324916352	0.0473649007	-0.0782533225	0.0866944799	-0.0756349229	0.067378524	0.0509200173	0.0279135616	0.1466825872	-0.0321873802	-0.1291387398	-0.0437980364	0.0365663436	-0.0476699411	-0.016839878	0.0166804013	0.1398537935	-0.0520837138	0.0729523132	0.007105855	0.0998582763	0.0115859778	-0.061658942	-0.0125384371	0.0339136227	-0.0906513164	-0.0991472957	-0.023590513	0.024685929	-0.0565819156	-0.127729907	-0.0490509943	-0.0055947522	-0.0198894363	-0.0842349223	0.1396381654	0.0938900191	-0.0675394841	0.0132604022	-0.1812811732	-0.0474108547	0.1560260314	0.1135286868	-0.0818940967	-0.0887904769	-0.1419311963	-0.0955792289	0.0754836805	-0.0450606192	0.0084724621	0.222982	0.003746	0.049720972324	1.4032516000000204e-05	-0.206133	0.016069	0.000258212761	0.042490813689	-0.286088	-0.043223	0.001868227729	0.081846343744	0.0142369	0.0020326	0.00020268932161	4.131462760000003e-06	-0.000923445	-0.000451459	2.0381522868100002e-07	8.52750668025e-07	0.00930147	8.708999999999974e-05	8.651734416089999e-05	7.584668099999954e-09	0.0	0.0	0.0	0.0	0.0	0.0	0.0	0.0	0.0	0.0	0.0	0.0	0.0	0.0	0.0
78686.51589899107	57.231272113043815	6191567784.322174	3275.4185076772665	124348.83976288814	-448.6586758558988	201294.60742076844	15462633950.376429	77984.35111221182	-163.58584462806175	26760.32856267636	6081559018.392734	85703.61131417411	72723.2775004477	0.978831	19.641266	0.08711615	0.04304	0.0758998941	0.0336016484	0.0409261192	0.0558581538	0.089329732	-0.0520371412	-0.0004072228	-0.1049014457	0.0361446472	-0.0319037899	0.066915892	-0.0709118891	-0.0308295311	0.0022834551	0.0500701103	0.0300828694	0.0170451873	0.0689536038	-0.0620591531	0.0009195474	0.0879492784	0.073533855	-0.0189015489	0.0333312266	-0.0400154279	-0.0106377231	0.0818201732	-0.067922888	0.0910901632	-0.0889839855	-0.0904605964	-0.0212340444	-0.1098039141	-0.0066693003	-0.1225413582	0.0143165229	-0.0619637214	0.0818438093	0.0147244147	0.0069724654	0.088656902	0.053179214	-0.0485978282	-0.0357008293	-0.0797746782	-0.0013329357	-0.0377616211	0.126615122	-0.0561892081	0.0179662436	-0.0705706545	0.0254951319	0.0392339744	-0.0162356191	-0.0376046112	-0.0090217726	-0.0838955222	0.0149180279	0.0435870072	0.0149348773	0.0036282328	-0.0282642622	0.0203853729	0.0408038656	-0.1155688982	0.0219409967	-0.0097404444	0.030080444	0.0450602192	-0.1587180664	0.2139367769	-0.0193544494	0.0634612144	0.1259743603	0.0026391724	-0.0694739761	-0.0257175374	0.056530541	0.0185519124	0.0262702461	0.0681378785	-0.0961827994	0.0777399053	-0.0495754752	0.0152115293	0.232363	0.0093809999999999	0.0539925637689999	8.800316099999948e-05	-0.206233	-9.9999999999989e-05	9.999999999997797e-09	0.042532050289	-0.321445	-0.0353569999999999	0.0012501174489999	0.103326888025	0.0137244	-0.0005125	0.00018835915536	2.6265625000000085e-07	-0.000973908	-5.046300000000005e-05	2.5465143690000048e-09	9.48496792464e-07	0.00958407	0.0002826	9.18543977649e-05	7.986276000000051e-08	0.0	0.0	0.0	0.0	0.0	0.0	0.0	0.0	0.0	0.0	0.0	0.0	0.0	0.0	0.0
78738.7338420661	52.21794307502569	6199788207.051724	2726.713578986623	124485.74375497612	136.90399208798772	18742.7030496278	15496700398.229576	78210.26357337445	225.9124611626321	51036.44010855776	6116845328.216703	85876.41612887342	72898.86821880177	0.946298	18.988459	0.0999861	0.0540654	0.0767145986	0.0044343494	-0.036042839	-0.0203145727	0.1176707531	-0.070847341	0.0163456786	0.059201069	0.0232357348	-0.0860914751	0.0607372081	0.016881582	0.062962876	-0.0173010743	0.0790826065	0.074980863	0.0046858225	-0.0468228919	-0.0341072165	-0.1186249472	0.0920225619	-0.0906427592	0.0603235989	-0.0661354125	0.0035719261	0.0212306913	-0.0562160365	-0.0569923444	-0.0272326075	-0.0993215351	-0.0611740152	0.0532538236	-0.0169470804	-0.0102527134	-0.0342321794	-0.0162862268	0.0808276748	-0.0457548492	-0.0665161642	0.0100371563	-0.0212021964	0.173937849	0.0006734553	-0.0287067864	-0.0471736868	0.0625626648	-0.0044317515	0.0742206058	0.180483707	0.0503461602	-0.0268106058	-0.0330014577	0.0283530564	0.0831589828	0.0357449381	-0.002801654	-0.0973162686	-0.0607584825	-0.0901207064	-0.0334488155	-0.0185040278	-0.0819465426	-0.095776732	-0.0284001039	-0.0850763164	-0.1015614694	-0.0513248773	0.0349519224	-0.1364844998	-0.0136647446	0.0034456678	-0.0403411443	-0.0418532568	-0.0441415716	-0.082434146	0.0291043151	0.0083187169	-0.05329569	-0.0539811729	-0.0004756742	0.17091352	-0.0967600744	0.0799111227	-0.0539683725	0.0218840804	0.228147	-0.0042159999999999	0.0520510536089999	1.777465599999998e-05	-0.221587	-0.015354	0.000235745316	0.049100798569	-0.291829	0.0296159999999999	0.0008771074559999	0.085164165241	0.0131807	-0.0005436999999999	0.00017373085249	2.9560968999999934e-07	-0.000502956	0.0004709519999999	2.2179578630400002e-07	2.5296473793600003e-07	0.00958542	1.3500000000006562e-06	9.18802765764e-05	1.822500000001772e-12	0.0	0.0	0.0	0.0	0.0	0.0	0.0	0.0	0.0	0.0	0.0	0.0	0.0	0.0	0.0
78931.57949159584	192.84564952974324	6230194241.038113	37189.44454254856	124856.56578423567	370.8220292595506	137508.977384171	15589162019.43317	78223.09859622658	12.83502285213035	164.7378116147083	6118853153.994986	85900.69923516281	73181.85877968861	1.001145	20.089018	0.1835132	0.108494	0.0730316727	0.0303958758	-0.0319380412	-0.1165049566	-0.0604381737	-0.0646852838	0.019902264	0.013957889	-0.029547351	0.0998277	0.022045444	0.0179766224	-0.017667348	-0.0022767688	0.018822412	0.079889054	0.0143652036	-0.0421234164	-0.0423583302	-0.0277619858	0.0695758747	-0.0732887116	0.0618363325	0.0268264683	0.0481182726	-0.0641235094	-0.1101275529	0.1305041266	0.1282623817	-0.0575902312	0.0027315361	-0.0090015657	0.0647993863	0.0342128447	-0.0556787092	-0.0769437417	0.0134275116	-0.0883827589	0.0866119046	0.0565397329	0.0113746033	-0.0666259289	-0.042219601	0.0496090708	0.0035581956	0.0737108929	0.1613430055	0.0189624192	-0.0064239094	0.0241533175	-0.0130606904	-0.0517745687	-0.0395825282	0.0807817762	0.0266962671	-0.018981889	-0.0119116647	-0.0074227407	-0.0523674898	0.0604431701	0.0801268621	0.0212571568	-0.1397340533	0.0280905868	-0.0228037493	-0.0114487093	-0.0017389144	0.0922431868	-0.049772448	-0.037052103	-0.0552952445	0.0407105077	-0.1763443695	-0.0062870135	0.0803747982	0.0595620689	-0.0482432813	0.1214832786	0.0523822071	0.0482544169	-0.0764849707	-0.0973108962	0.0819949584	-0.0582285042	0.0284609379	0.240513	0.012366	0.057846503169	0.000152917956	-0.21191	0.009677	9.364432900000037e-05	0.0449058480999999	-0.352461	-0.060632	0.003676239424	0.124228756521	0.0144494	0.0012686999999999	0.0002087851603599	1.6095996899999985e-06	-0.00123798	-0.000735024	5.40260280576e-07	1.5325944804e-06	0.00957238	-1.304000000000062e-05	9.16304588644e-05	1.700416000000162e-10	0.0	0.0	0.0	0.0	0.0	0.0	0.0	0.0	0.0	0.0	0.0	0.0	0.0	0.0	0.0
79085.08385013697	153.50435854113312	6254450487.583196	23563.588091124748	124317.91618356889	-538.6496006667876	290143.3922984897	15454944284.22486	78195.09513745047	-28.00345877611835	784.1937034257598	6114472903.55493	85787.17683659401	74921.22169274565	0.996341	19.992613	0.0793799999999999	0.0558176	-0.0138829676	0.0129290114	-0.0387191523	-0.0195063044	-0.0515946519	-0.0784501046	0.0250856021	-0.0591414604	0.0541037195	0.119462918	-0.0372034632	0.0144242186	0.0078136599	-0.1037309331	0.0355771946	0.0977969671	-0.0623281827	-0.0252162434	-0.0198650253	0.0982947701	0.0568286592	0.0754693613	0.0247706314	-0.0378563686	0.0218244786	0.0232374539	-0.0381514774	0.0852975308	0.0369367945	-0.0186555505	0.0322568688	0.0413801294	0.0159427723	-0.0604211407	-0.055298824	-0.040923683	-0.1071682639	-0.0523199937	-0.0803011533	0.0011284279	-0.138490912	-0.0568062421	0.0427616262	-0.0211905533	0.0205620164	-0.0261614151	-0.1442494557	0.0251523606	-0.1248659089	-0.002066928	-0.0158553545	0.0246273671	-0.0955359744	0.1181354366	-0.0564351405	-0.0353335987	0.0741620258	-0.0872771212	0.0706510377	0.0027522639	-0.0420298796	0.0538466652	0.0045384792	0.0752986439	-0.0333799361	-0.1186242998	-0.0394550677	-0.0172620277	-0.0736731687	-0.041291791	0.0437964594	0.0513250423	-0.0773669217	0.0526064968	0.0126717315	0.0221446525	0.0227223193	-0.0855197342	0.0516434025	-0.0595032901	-0.041465872	-0.0978351141	0.0839891338	-0.0623453902	0.034913343	0.244497	0.0039839999999999	0.059778783009	1.5872255999999902e-05	-0.212093	-0.000183	3.348900000000603e-08	0.044983440649	-0.401407	-0.0489459999999999	0.0023957109159999	0.161127579649	0.0146798	0.0002304	0.00021549652804	5.308416000000018e-08	-0.0012171	2.088000000000003e-05	4.3597440000000124e-10	1.4813324100000002e-06	0.00984644	0.0002740599999999	9.69523806736e-05	7.510888359999977e-08	0.0	0.0	0.0	0.0	0.0	0.0	0.0	0.0	0.0	0.0	0.0	0.0	0.0	0.0	0.0
78986.88764185921	-98.19620827776087	6238928419.347692	9642.495320129396	125101.78458399682	783.8684004279348	614449.6691894492	15650456506.100744	78179.92788634726	-15.1672511032084	230.04550602777644	6112101124.314458	85727.32819393382	75120.57655872246	1.039883	20.866322	0.12764	0.066468	-0.049352613	0.0277746154	0.0922937379	0.0475743938	0.0279436558	0.0323470564	-0.0381254014	-0.0374249534	0.1127658824	0.026726512	-0.0383907814	0.0006769455	-0.0895794841	0.0345179114	-0.0165458881	-0.0606678673	-0.0506809698	-0.0141609407	-0.011422327	-0.0882657435	-0.0526216073	0.0359509113	0.0270414244	0.0689321523	-0.0353439737	-0.0224971705	0.0622451562	0.0319467191	-0.0751629113	0.1257571909	-0.0286553034	0.1317396434	0.0974611446	0.0055126953	0.0204821742	0.0519681223	-0.0490254496	-0.0104993914	-0.0259272762	0.0488497781	0.033820143	-0.0657418209	-0.0873884996	-0.0342494767	-0.0605222958	-0.0092588962	-0.0328556361	-0.042279561	0.0706096245	0.0346093856	-0.0180753284	-0.0325000553	0.0444553761	-0.036097252	-0.148940168	0.0224480594	0.0187615386	0.0829360187	-0.0305997997	0.0528854687	0.0277889597	-0.0839080259	0.0345323467	-0.0117865987	-0.0389163763	0.0401025038	-0.0815199357	-0.1263885029	0.0614526564	0.0184865125	-0.0900753183	0.0839640916	0.0210892451	0.0773244063	0.0642111754	0.0514698592	-0.0164610394	-0.0205940219	0.0037515921	-0.006562105	0.001890326	-0.0983325849	0.0858914684	-0.0663089027	0.041213081	0.260593	0.016096	0.067908711649	0.000259081216	-0.186755	0.025338	0.000642014244	0.034877430025	-0.415268	-0.013861	0.000192127321	0.172447511824	0.0155351	0.0008552999999999	0.0002413393320099	7.315380899999997e-07	-0.00129584	-7.873999999999989e-05	6.199987599999982e-09	1.6792013055999995e-06	0.0103593	0.00051286	0.00010731509649	2.630253796000004e-07	0.0	0.0	0.0	0.0	0.0	0.0	0.0	0.0	0.0	0.0	0.0	0.0	0.0	0.0	0.0
78949.88553971406	-37.00210214515391	6233084426.733951	1369.1555631604035	124746.31898138933	-355.4656026074954	126355.79463710982	15561644099.406534	78053.97581108159	-125.9520752656681	15863.925263728524	6092423139.91691	85811.59658859638	74975.51753591922	0.921151	18.483852	0.0568724999999999	0.0371499	-0.0488760575	0.0069066061	0.0227254618	-0.0416709739	0.1060398644	-0.0115838362	-0.0197031494	0.0847321366	0.0200646271	-0.0165249096	-0.0463668847	-0.04403873	-0.0922833344	-0.012780424	-0.0497825462	-0.0607427354	0.1173936409	0.0756726537	-0.0346823833	-0.0490587939	-0.0132623735	0.1293494368	0.0217732281	0.0231339737	-0.0935805173	0.0514198291	-0.0741013872	0.0708617011	-0.0426790832	0.015475035	0.0338762904	0.0122602458	0.0134405343	0.0605635974	0.1553359608	-0.0430189419	0.0007934333	-0.0641373342	0.0700132513	-0.0651760617	-0.11006343	-0.0292851399	0.0373406039	0.0356033286	-0.0370102379	-0.1142150345	0.0218474127	-0.0204260994	0.0146390668	-0.0565843446	-0.0359430691	-0.0584712211	-0.0450419	-0.0880272126	-0.0842846113	-0.0322498781	0.0411815437	-0.0330832223	-0.06836671	-0.1046088102	0.0660985662	-0.0108762418	0.0558286617	0.0408882327	0.0050432378	-0.0405082761	-0.0055257709	-0.0754604681	-0.0375085651	0.019601119	-0.0092594144	0.0212010819	0.0680087894	-0.116352141	0.040636055	0.1365738621	0.0073325492	0.0882311919	0.0295158409	-0.0277668209	-0.0791556782	-0.0988031726	0.0876998819	-0.0701092912	0.0473326046	0.26091	0.0003169999999999	0.0680740280999999	1.0048899999997225e-07	-0.189322	-0.0025669999999999	6.589488999999928e-06	0.0358428196839999	-0.450755	-0.0354869999999999	0.0012593271689999	0.203180070025	0.0154898	-4.5299999999999854e-05	0.00023993390404	2.052089999999987e-09	-0.00115021	0.0001456299999999	2.1208096899999967e-08	1.3229830441e-06	0.0105384	0.0001790999999999	0.00011105787456	3.207680999999991e-08	0.0	0.0	0.0	0.0	0.0	0.0	0.0	0.0	0.0	0.0	0.0	0.0	0.0	0.0	0.0
78992.07740431938	42.19186460532365	6239748292.649984	1780.1534388739622	125320.67055010948	574.351568720158	329879.72449130635	15705270467.129078	78121.8259326594	67.85012157780875	4603.638998123429	6103019687.052734	85708.8786485688	74924.55007004761	1.004352	20.153374	0.2184299999999999	0.141865	-0.026727993	0.0299167586	-0.0698510259	-0.0453423357	0.0485608901	-0.0389695303	0.0165859336	0.0913677408	0.0082057145	-0.0126442815	0.0282758921	-0.0338543368	-0.0505668838	0.0015969045	0.0230372747	-0.0251467521	-0.0110496987	0.0343598342	-0.0899886474	-0.0284062052	-0.1121405791	-0.0336559783	0.134500293	0.0865191544	0.0746715131	0.058522839	-0.1248206834	-0.1071430941	-0.0271635356	-0.0439621716	-0.1361389686	0.0935835015	-0.032307446	0.072783045	-0.0716260178	0.005891415	0.0649126231	0.0627396617	-0.0269290547	0.0630829981	-0.109385742	0.0664991611	-0.0148490496	0.0795263606	0.0321459366	-0.0315175677	-0.0391240107	-0.0170551867	-0.0471965228	0.0485867388	-0.066664694	-0.0666876763	-0.0012053028	0.0138843489	0.0281512065	0.0161582804	0.0151201389	0.1038774181	-0.1143273379	0.0390021934	0.1045301372	0.0816699705	0.023562089	-0.0626812719	-0.0008015956	-0.0536497625	-0.0371075281	0.0858384735	0.0595675339	-0.0157463774	0.1690615705	0.0685976604	0.0158642326	-0.1295339883	-0.0349511085	0.0050444498	-0.1182780943	-0.0905936402	-0.0896727088	-0.0346898752	0.0744320832	-0.0992467484	0.0894123968	-0.0737372065	0.0532451548	0.249938	-0.0109719999999999	0.062469003844	0.0001203847839999	-0.210832	-0.02151	0.0004626801	0.0444501322239999	-0.349432	0.101323	0.010266350329	0.122102722624	0.0141244	-0.0013653999999999	0.00019949867536	1.864317159999998e-06	-0.00109241	5.78e-05	3.3408399999999994e-09	1.1933596081000002e-06	0.0102691	-0.0002693	0.00010545441481	7.252249000000005e-08	0.0	0.0	0.0	0.0	0.0	0.0	0.0	0.0	0.0	0.0	0.0	0.0	0.0	0.0	0.0
79118.68328134238	126.60587702300109	6259766044.173367	16029.048096763274	125919.12987659236	598.4593264828727	358153.5654543336	15855627268.878134	78228.19001035663	106.36407769723156	11313.31702438271	6119649712.296461	86254.53029887736	75477.77058406272	1.170456	23.486404	0.2609735	0.173162	-0.0591628075	-0.0603133158	0.0522241312	-0.0379101636	-0.0964767163	0.1088947773	-0.0503370235	0.0143038969	-0.012824984	0.1735538355	-0.0250243061	0.0204607266	0.0578172095	0.0262411529	-0.1183606428	0.0207945638	-0.0914721423	0.0037350897	0.0131191747	-0.02790709	-0.0246781601	0.0709786461	-0.0358435112	0.1001055392	0.0412775013	0.0415614419	-0.0503011185	0.0151012306	-0.120540367	0.1592544086	0.0330451577	-0.0085967163	0.0368312626	-0.0036897068	-0.0352456381	0.0391338813	-0.0232761085	0.068025833	-0.0947119006	0.0072369058	-0.0742739418	-0.0348667481	-0.0138484022	0.1334065439	0.15442701	0.0834566371	0.0087779097	0.119531086	0.1333273143	-0.1269443388	0.091667736	0.0597377832	-0.037068805	0.0062525023	0.0066588414	-0.0888876276	0.1139746107	0.0281262673	0.0781113123	0.0103213913	0.1165337009	-0.0457923983	0.0382232713	-0.1388399293	0.021701788	-0.0707831714	0.0657754338	-0.0647597161	0.0190363973	0.0329392938	-0.0788428947	0.0527655409	0.1774659026	-0.1040648504	-0.0290926877	-0.1039161402	-0.0267263799	-0.029441681	-0.0138319116	0.0740086086	-0.0817281223	-0.0996631912	0.0910271406	-0.0771837238	0.0589248775	0.215031	-0.0349069999999999	0.046238330961	0.0012184986489999	-0.215571	-0.004739	2.24581210000002e-05	0.046470856041	-0.492778	-0.1433459999999999	0.0205480757159999	0.2428301572839999	0.0152034	0.001079	0.00023114337156	1.1642410000000005e-06	-0.00089653	0.00019588	3.836897440000002e-08	8.037660409e-07	0.00998435	-0.00028475	9.96872449225e-05	8.108256250000017e-08	0.0	0.0	0.0	0.0	0.0	0.0	0.0	0.0	0.0	0.0	0.0	0.0	0.0	0.0	0.0
79275.61455852352	156.93127718113828	6284623063.631586	24627.42575770325	125619.7939888535	-299.3358877388528	89601.97368840706	15780332641.801994	78321.94656767831	93.75655732168524	8790.292040814453	6134327314.150257	85955.27530774029	75184.98360993277	1.333885	26.765785	0.2173345	0.141271	-0.0314791644	0.0598235491	-0.0006238496	0.0700725797	0.0901225385	-0.0696670341	0.0686669441	-0.0843438155	0.1013152201	-0.0075391634	0.1424220162	0.0551609027	0.084210886	0.0378189623	-0.0388029951	-0.0191390847	0.0610520884	-0.1020372557	-0.0492280635	0.0230525653	0.0376942336	0.1009599566	-0.0805296436	0.0905840807	0.0284269069	0.0119617848	0.0967188948	0.0351516968	0.0228725118	0.0001815692	-0.0132413511	0.1127868593	-0.0265978127	0.0928436436	-0.1146827546	-0.0690844978	0.0700292011	0.0475054853	0.1339927777	-0.0722480579	0.0223472692	0.0458780142	0.0460467982	0.0220871556	-0.0028067767	-0.010883397	-0.0117006366	-0.1211370835	-0.0244658768	0.0889704222	0.0063686998	-0.0038080829	0.1151576373	0.1068738026	-0.0386091239	-0.0040390906	0.0113379628	-0.0640871796	0.0177691451	-0.0220550066	-0.0937428948	-0.0269603893	-0.0787597551	0.1152628994	-0.0445751334	0.1194475578	0.0012499809	-0.0018208352	0.0867420023	-0.1107416107	0.1906806378	0.1238682848	0.0638021885	0.0274921422	0.085598588	-0.0116222705	0.0419919994	0.0623010486	-0.0952321143	-0.0736642039	0.0591335041	-0.1000523871	0.0925423476	-0.0804403643	0.0643469367	0.270836	0.055805	0.073352138896	0.003114198025	-0.215687	-0.0001159999999999	1.3455999999994716e-08	0.046520881969	-0.368422	0.1243559999999999	0.0154644147359999	0.135734770084	0.0152034	0.0	0.00023114337156	0.0	-0.00127043	-0.0003738999999999	1.3980120999999996e-07	1.6139923849e-06	0.0103516	0.00036725	0.00010715562256	1.3487256250000092e-07	0.0	0.0	0.0	0.0	0.0	0.0	0.0	0.0	0.0	0.0	0.0	0.0	0.0	0.0	0.0
79234.11418542334	-41.50037310017797	6278044850.748705	1722.280967453975	124985.3915580215	-634.4024308320077	402466.4442455602	15621348102.911951	78395.69770465598	73.7511369776621	5439.230205497878	6145885418.599802	85947.85405396533	75934.53782005273	1.106181	22.196667	0.1419149999999998	0.0757831	-0.0903903822	0.059963074	0.0503965826	-0.054339966	0.0525881371	-0.0021866808	-0.004326579	0.0947860312	0.1284723755	-0.0166771306	-0.1312802262	0.0703385402	-0.0871028738	0.0560816647	-0.0342545311	-0.0452719322	0.1068810887	-0.0928100844	-0.0105199128	0.0022069027	0.0048313039	0.0120217141	-0.0169331084	0.0054859953	-0.1782817389	0.0572907093	0.1548846404	0.0722349804	-0.0845535336	0.0266453797	0.0069776816	-0.0364465361	-0.1003696311	-0.0286825847	0.0078832102	-0.0462002149	0.0560773614	0.0331980194	0.0463364254	-0.0122294588	0.0380516628	0.0607722437	-0.0265992776	0.1535570831	-0.0004401127	-0.022536954	0.1471414437	-0.0941318807	-0.1167891614	0.0378152888	0.0214091428	-0.1059584973	0.0254189136	-0.0179803675	-0.1237454613	0.0021292617	0.017790357	-0.0444105635	-0.0874682005	-0.0762134225	-0.0445736137	-0.0020101267	-0.0080454115	0.0518073291	0.0382955643	-0.0566859352	0.0043946613	-0.1392854685	0.0268848009	-0.0332410006	-0.0921637153	-0.0249317496	0.01295411	0.0709135396	-0.0969800726	0.099921545	0.0628811384	-0.0061166817	-0.10475413	0.0634078896	-0.1509768499	-0.1004142296	0.0939563609	-0.0834991166	0.0694876231	0.308246	0.03741	0.095015596516	0.0013995080999999	-0.215991	-0.0003039999999999	9.241599999999923e-08	0.0466521120809999	-0.389897	-0.0214749999999999	0.0004611756249999	0.1520196706089999	0.0153637	0.0001602999999999	0.0002360432776899	2.5696089999999566e-08	-0.00200905	-0.00073862	5.455595044000003e-07	4.036281902500001e-06	0.0111072	0.0007555999999999	0.0001233698918399	5.709313599999979e-07	0.0	0.0	0.0	0.0	0.0	0.0	0.0	0.0	0.0	0.0	0.0	0.0	0.0	0.0	0.0
79113.26563820077	-120.84854722257296	6258908799.940518	14604.371365806446	125026.79257688097	41.40101885946933	1714.0443626021354	15631698862.062418	78164.06746442724	-231.63024022874012	53652.56818842387	6109621442.583532	85803.96115414916	76566.47746934135	1.023562	20.538832	0.1764229999999999	0.104313	-0.0932184461	0.0551233627	-0.0976339034	0.0163008577	0.060871088	-0.0549873573	0.0273477244	0.0551776863	0.0158626991	-0.0802489403	-0.0801172876	-0.0119470043	-0.0368132632	0.1018681581	0.0822505913	0.031532375	0.0143515498	0.0306102102	-0.0067096021	0.0989667265	0.0415964611	-0.0603156119	0.1394942501	0.0130198941	-0.115303426	-0.0496861449	0.0740451205	-0.0510964307	-0.1056064991	0.0100299925	0.0135730309	-0.0225948166	-0.0428899067	-0.0135126844	0.0653832767	-0.1159427051	0.0838912735	-0.0561320024	-0.0535043688	-0.0976973154	-0.0222414169	-0.0025766661	0.1089005143	-0.1396815346	-0.0506438912	-0.0962489955	0.0181670682	0.0088919441	0.0703737927	0.0680485836	-0.0490968213	-0.0771375905	0.0006788533	-0.0435359123	0.04229688	0.0105204015	-0.0279562025	-0.0619452425	0.0491913939	-0.0545748651	0.0332608215	0.0925285426	-0.0426420407	-0.0246299023	-0.0719409824	-0.0290592251	-0.0304174939	-0.0533172106	0.0772866351	0.0659987448	-0.0115631864	-0.0121440344	-0.0171684983	-0.0088596241	-0.1044779189	0.0959428815	0.0772580157	-0.0471949633	0.0410324783	-0.0641719111	0.0479295935	-0.1007486199	0.0952676342	-0.0863524559	0.0743244578	0.365124	0.0568779999999999	0.133315535376	0.0032351068839999	-0.245491	-0.0295	0.0008702499999999	0.0602658310809999	-0.394787	-0.00489	2.391210000000005e-05	0.155856775369	0.0152609	-0.0001027999999999	0.00023289506881	1.0567839999999668e-08	-0.00168605	0.000323	1.043290000000001e-07	2.8427646025e-06	0.0123845	0.0012773	0.00015337584025	1.6314952900000009e-06	0.0	0.0	0.0	0.0	0.0	0.0	0.0	0.0	0.0	0.0	0.0	0.0	0.0	0.0	0.0
78859.87374799998	-253.3918902007863	6218879687.550497	64207.450019527336	126331.41263186705	1304.6200549860805	1702033.4878718837	15959625817.563057	77980.0407848523	-184.02667957493395	33865.81879537541	6080886760.807228	85875.53208130908	76194.85248379858	1.018769	20.442663	0.1206264999999999	0.0598855	-0.0597706036	0.0067875495	-0.0403837494	0.0584164936	-0.0523848577	0.0730604466	-0.0248128574	-0.0114753807	-0.0753681252	-0.068612291	-0.0820196454	-0.0697093886	0.0360898948	0.0400264498	-0.0195764076	-0.1076212664	0.1113948383	-0.0549827774	0.0306185575	0.0863986547	0.0224070094	0.0843625984	0.0627573012	-0.0536587267	-0.0680208503	0.0106428167	-0.1393326971	0.0761626652	-0.0491274124	-0.0443609716	-0.0464290212	-0.1420063811	0.0321888455	0.0313861778	0.0277515964	0.1305140827	-0.0402848111	-0.067493573	0.148952397	-0.0766932168	0.0238332757	0.0706595408	0.0499805495	0.0548428094	-0.1523742998	-0.0196890994	-0.015894952	0.0138404464	-0.0084834822	-0.0264294768	-0.0290375535	0.0253265669	0.0039919911	-0.150516501	0.0839328899	0.0603413935	0.0938966608	-0.0699360473	0.0224935094	0.0481585439	0.0997426603	-0.0079005026	0.026640081	0.097754157	0.0668169747	0.0329538088	0.0770119036	-0.0885352424	-0.0380205387	-0.1288812533	-0.009338541	-0.0416241058	-0.0789940793	-0.0900753892	-0.1178973346	0.0811991726	-0.0344438057	0.0228245127	0.0569863969	-0.0035310679	-0.0483848636	-0.1010554665	0.0964747338	-0.0889933628	0.0788362905	0.346851	-0.0182729999999999	0.120305616201	0.0003339025289999	-0.254443	-0.0089519999999999	8.013830399999979e-05	0.0647412402489999	-0.425448	-0.0306609999999999	0.0009400969209999	0.181006000704	0.0157843	0.0005234	0.00024914412649	2.7394756000000024e-07	-0.00140824	0.0002778099999999	7.717839609999994e-08	1.9831398976000003e-06	0.0119309	-0.0004536	0.00014234637481	2.0575296000000018e-07	0.0	0.0	0.0	0.0	0.0	0.0	0.0	0.0	0.0	0.0	0.0	0.0	0.0	0.0	0.0
78641.43160044176	-218.4421475582203	6184474764.166961	47716.971829847294	123799.87838997813	-2531.5342418889195	6408665.617856107	15326409889.373371	77878.38507238383	-101.65571246847684	10333.88387747364	6065042861.482496	85536.57586659664	74493.67044991362	1.018125	20.429724	0.098855	0.0425367	-0.0020089304	-0.0449009666	-0.0537847031	0.0555210961	-0.0254707182	-0.0453167303	-0.0867976077	-0.0951349095	-0.0549409561	-0.0712809081	-0.0353078435	-0.1153151625	0.0227779485	-0.0153504369	0.0138404762	-0.1061013508	0.0084455749	-0.0179984822	0.0177076148	0.0821856333	0.045094309	0.0997969589	-0.0618781775	-0.053386812	0.0060378934	-0.0083806799	-0.000573158	0.0517653656	-0.0126874364	0.0757781396	-0.0097404548	-0.0231108751	0.0423746445	0.0333309834	0.0661291374	0.0756549097	-0.0042800209	-0.0603528501	0.0481534229	-0.0224515219	-0.1177311641	-0.0808080339	0.1004016336	0.0170466145	0.0617522879	0.027796839	0.0763381408	-0.0288494019	0.1532449364	-0.0678599921	-0.0857897298	0.0905666423	-0.0585473417	-0.1152400731	0.0080949447	-0.0187520197	0.0832351311	-0.0751073788	0.1210946357	0.0193689736	0.0139420278	0.0354418802	0.0160211006	0.1139343989	0.0165109901	0.0537452541	0.0124876953	-0.1507003984	-0.1040098584	0.0122541935	-0.0581157439	0.0161837345	-0.0519490597	-0.0733553529	0.0724702393	-0.0543941042	-0.0771132401	-0.0630233002	-0.0258267407	0.0842644118	-0.1081858665	-0.1013346856	0.0975763397	-0.0914153405	0.0830033923	0.333988	-0.012863	0.111547984144	0.000165456769	-0.250019	0.0044239999999999	1.9571775999999853e-05	0.0625095003609999	-0.461613	-0.036165	0.001307907225	0.2130865617689999	0.0153448	-0.0004395	0.00023546288704	1.9316025000000058e-07	-0.00124798	0.0001602599999999	2.5683267599999992e-08	1.5574540804000005e-06	0.0122392	0.0003083	0.00014979801664	9.504889000000057e-08	0.0	0.0	0.0	0.0	0.0	0.0	0.0	0.0	0.0	0.0	0.0	0.0	0.0	0.0	0.0
78695.0086483374	53.577047895640135	6192904386.161899	2870.500061211717	123652.8129167496	-147.06547322853294	21628.253415932337	15290018142.224674	77955.68337986311	77.29830747928645	5975.028339162312	6077088571.221466	85554.80650111607	73819.95290120442	1.018538	20.438025	0.20099325	0.137892	0.0443861703	-0.0287246118	-0.0314641774	0.1032538963	-0.0114104033	-0.0765297851	-0.0623429554	-0.0677824533	-0.0188480105	-0.0494782006	0.0458668357	-0.0825069537	0.0521574191	-0.0841356579	0.0333372874	0.0092790381	-0.045950715	0.1222129034	-0.0070412493	0.0302788941	-0.14262259	-0.1835317129	-0.0050492426	0.1049799623	0.0148545143	0.0219426306	-0.0511518466	0.0796640664	0.0247599524	0.0458360038	0.1148773576	0.0383371369	-0.1091507378	0.0734823418	-0.0595123292	-0.0585402172	0.0676876763	0.0722698616	0.0474351253	-0.0585082378	0.0184763436	-0.0299662923	-0.1192631505	-0.1048833534	0.0202943409	-0.0721238868	-0.185949429	-0.0328722246	-0.0115959861	-0.0038276397	-0.0796028019	0.1044847426	0.0210128026	0.1108637828	0.0148715527	0.04445489	-0.0032406149	0.0566367628	-0.0381175309	-0.1413300773	-0.0685308572	0.085373316	0.0749311209	-0.1543083831	0.0408937255	0.0063660422	-0.0158373775	0.0464164245	0.0287528402	0.0350903841	-0.02258635	0.0573822536	0.0991236043	0.004875409	0.105686992	0.0623252304	0.0240670273	0.008272129	0.1007354272	0.01141625	0.1255841815	-0.1015862008	0.0985712473	-0.0936124309	0.0868075413	0.342274	0.008286	0.117151491076	6.865779600000025e-05	-0.247493	0.002526	6.3806760000000025e-06	0.0612527850489999	-0.342461	0.1191519999999999	0.0141971991039999	0.117279536521	0.0145542	-0.0007906	0.00021182473764	6.250483600000011e-07	-0.000926295	0.000321685	1.0348123922500005e-07	8.580224270250001e-07	0.0119309	-0.0003083	0.00014234637481	9.504889000000057e-08	0.0	0.0	0.0	0.0	0.0	0.0	0.0	0.0	0.0	0.0	0.0	0.0	0.0	0.0	0.0
78642.90894468343	-52.099703653977485	6184707127.281769	2714.379120832275	124392.46766147492	739.6547447253251	547089.141394686	15473486010.911083	77980.77174047641	25.0883606132993	629.4258382629477	6081000761.240285	85564.29975544906	73313.91901433411	1.105615	22.185307	0.1963319499999999	0.132612	0.0366921158	0.0024956512	0.1147072249	-0.0128987415	0.0306597256	-0.0155360316	-0.0617421963	-0.025712536	0.1107394341	0.0230540556	0.0166005002	-0.0821101015	0.0078652981	0.0613391738	0.0039244645	-0.0231102655	-0.0190946738	0.0669125096	-0.0283184563	0.0087030359	-0.0070100344	-0.0013726058	0.061702733	-0.1056488003	0.0899378533	0.0348845949	-0.0066580814	0.0069382479	-0.0325486284	0.0217557113	0.0184546218	0.1077084084	-0.0297254984	-0.0307205586	0.0456147657	0.1209019866	0.0431716085	0.0677501215	-0.0093445023	-0.0118499981	0.0624434542	-0.0371474914	0.0898809578	-0.00094091	-0.0332342569	0.0865970186	0.1197628884	-0.0585412621	-0.0255822574	-0.0130516576	-0.082947571	0.0220359547	0.0841644767	-0.0417276127	-0.0717413031	-0.0424594939	-0.0251035643	0.0089091001	0.013743937	0.0698743364	0.0284417559	0.0054823392	0.0988199123	-0.0322976647	-0.0143911514	-0.0151200632	-0.143364409	0.0177856804	-0.0129592734	-0.0459072687	-0.0742235242	-0.0449194592	0.0202710178	-0.0951089539	0.0117581017	-0.0754289448	-0.145448027	-0.0744128976	0.0687239503	-0.0184903172	0.033777838	-0.1018099433	0.0994583687	-0.0955792289	0.090232103	0.333934	-0.00834	0.111511916356	6.955560000000024e-05	-0.241347	0.0061459999999999	3.777331599999981e-05	0.058248374409	-0.432496	-0.0900349999999999	0.0081063012249999	0.187052790016	0.0159355	0.0013812999999999	0.0002539401602499	1.907989689999996e-06	-0.000471376	0.000454919	2.0695129656100006e-07	2.2219533337600002e-07	0.0119309	0.0	0.00014234637481	0.0	0.0	0.0	0.0	0.0	0.0	0.0	0.0	0.0	0.0	0.0	0.0	0.0	0.0	0.0	0.0
78752.69097392741	109.78202924398649	6201986335.634908	12052.0939449275	124184.71233081212	-207.75533066279604	43162.27741880773	15421842776.68656	78123.49855907781	142.7268186013971	20370.944748076112	6103281027.110232	85680.20541130514	74493.16943336057	1.116105	22.395809	0.1582546499999998	0.0874430999999999	0.0054311086	-0.0365098548	-0.0400945456	0.0559529916	0.0661788211	-0.0639429053	-0.0138758328	0.0055090113	0.0423361831	-0.0622287364	-0.0304007863	-0.027393188	-0.101414937	-0.0516679882	0.0175298754	-0.0706080831	0.0341036764	0.1020389963	0.0201370773	0.0885755683	-0.0824818397	0.0268285844	0.0457571106	-0.0152303625	-0.0150186978	0.0079063235	0.0241398721	0.0902269417	-0.0706866553	0.0145596523	-0.0573504916	0.0217756472	-0.0406385081	-0.0857114775	0.1410144274	-0.0886122651	-0.0473593268	-0.0365656882	-0.0377778665	-0.0322159804	0.0222164128	0.05998332	-0.0950208265	-0.0670520826	0.1500617046	0.0998113584	0.0178736449	0.0073953008	-0.0243557174	0.0073859128	-0.0603310397	-0.0229010277	-0.018993173	-0.044875122	-0.0895506126	0.0555609638	0.0221230312	0.029587645	0.0172087916	-0.1523772939	-0.0283868007	0.0518459992	0.1528717873	-0.010518881	-0.0325088163	0.0262289263	-0.1389785291	-0.0652997495	-0.0402099131	-0.0146381426	-0.0809502732	-0.1167934038	0.0453048182	0.0648896961	0.008534956	0.0904157236	0.0120554305	-0.0361374852	-0.032201728	0.0047416938	-0.0603001264	-0.102005852	0.1002367339	-0.0973108962	0.0932621027	0.31307	-0.0208639999999999	0.0980128249	0.0004353064959999	-0.269547	-0.0281999999999999	0.0007952399999999	0.0726555852089999	-0.419899	0.0125969999999999	0.0001586844089999	0.176315170201	0.0145944	-0.0013410999999999	0.00021299651136	1.7985492099999943e-06	0.000119397	0.000590773	3.490127375290001e-07	1.4255643609e-08	0.0119309	0.0	0.00014234637481	0.0	0.0	0.0	0.0	0.0	0.0	0.0	0.0	0.0	0.0	0.0	0.0	0.0	0.0	0.0	0.0
78575.97612505688	-176.71484887052793	6174184024.005509	31228.137811333527	124283.30833872412	98.59600791199772	9721.17277618272	15446340731.618372	78058.83682400486	-64.66173507295025	4181.139982644405	6093182006.316617	85626.72171907825	73067.82916801912	0.986594	19.797024	0.1235341999999998	0.0533988	0.063748234	-0.0091541002	-0.035881128	-0.0662305763	0.0136629464	-0.0579495804	-0.0159160328	0.059472485	-0.0330342135	-0.0189050871	-0.0463377279	-0.0293287425	-0.0874636404	-0.0439867965	0.0091484991	-0.1111938055	0.0559440922	0.0789715549	-0.0202111097	0.0242879388	0.0028128565	0.0555000014	0.0874001687	0.0495117345	0.1061062108	0.0156711912	-0.1163576313	0.001035842	-0.1549118196	-0.00168895	0.0534041976	0.0082011219	0.0080017693	-0.0590461798	0.1118108763	0.0731610274	0.0119291861	0.0015064434	-0.0310609875	-0.0413437122	-0.0101135189	-0.0317552827	0.0022848854	0.0470334848	0.0912328117	-0.0469136583	0.1795543549	-0.0432017445	0.0406696465	0.013729261	-0.0652946517	-0.0670303156	-0.0435286568	-0.0659658512	-0.0133656818	0.0701434588	0.0196489837	0.0464342758	-0.0438787661	-0.0313073714	0.1164842984	0.0657350239	0.1152432741	0.0454198328	-0.099001887	0.0139939433	-0.1083226373	-0.0273849197	-0.0564029051	0.1209867117	-0.0441807857	-0.0151972999	-0.0308523135	-0.1271333858	0.0412412954	-0.0106117895	-0.0423062477	0.0484137166	-0.0994659205	-0.1384695604	0.005609865	-0.1021738733	0.1009054916	-0.0988031726	0.0958842909	0.321562	0.008492	0.103402119844	7.2114064e-05	-0.247482	0.0220649999999999	0.0004868642249999	0.061247340324	-0.391151	0.0287479999999999	0.0008264475039999	0.152999104801	0.0152307	0.0006362999999999	0.00023197422249	4.048776899999992e-07	-0.000460087	-0.000579484	3.35801706256e-07	2.11680047569e-07	0.0118621	-6.879999999999907e-05	0.00014070941641	4.733439999999872e-09	0.0	0.0	0.0	0.0	0.0	0.0	0.0	0.0	0.0	0.0	0.0	0.0	0.0	0.0	0.0
78627.89154500065	51.91541994376166	6182345328.812384	2695.2108279371264	124325.26982359674	41.96148487261962	1760.7662127150854	15456772716.710136	77923.12641277918	-135.7104112256784	18417.315715042736	6072013629.941964	85678.70030363707	73349.65405133528	0.8891949999999998	17.842619	0.10519565	0.0461864	0.0571286365	-0.0248712079	-0.0812756574	0.0021613749	0.002225093	-0.0617594115	0.0093709209	-0.0111062247	-0.0866950493	0.0291030804	-0.0122957106	-0.0989893526	-0.0402086955	0.0234672529	0.0712870289	0.0449180777	0.0866708332	0.0673135481	0.0198449585	-0.0084980547	0.0310852371	-0.0101021374	0.0717836042	0.0661737805	0.056480367	0.0805811697	-0.0705163485	-0.0479131796	0.1025389609	-0.0117033998	0.0049147037	-0.085124206	0.2013069452	0.0709402448	0.1153989453	0.1035129816	0.0129463132	0.0003429755	-0.051848847	0.0235809195	0.0217479603	-0.0370031548	0.0325283682	0.0915175196	-0.0531156717	0.0076867255	0.0853271957	0.019554841	0.0144489693	-0.0107135666	-0.0911352331	-0.0038930252	-0.0398359196	-0.0442167562	0.0696204066	0.0205260907	-0.0319708757	-0.0031259172	0.0031175408	-0.0531607471	0.12411048	0.0068766955	0.0425281236	0.0132652861	-0.0539965246	-0.0805291482	0.0381291846	-0.0039854394	0.0639519164	0.04920993	-0.0398212555	-0.0158812452	-0.0915455716	-0.0651531625	0.0382287704	0.0258703917	-0.0537613718	-0.0346686546	0.1118928127	0.0684665633	-0.0031976581	-0.1023139614	0.1014639107	-0.1000523871	0.0980872016	0.305558	-0.016004	0.093365691364	0.000256128016	-0.264272	-0.01679	0.0002819040999999	0.069839689984	-0.412661	-0.0215099999999999	0.0004626800999999	0.170289100921	0.0150301	-0.0002006	0.0002259039060099	4.0240360000000176e-08	-0.000105454	0.000354633	1.25764564689e-07	1.1120546116e-08	0.0113995	-0.0004626	0.00012994860025	2.139987600000005e-07	0.0	0.0	0.0	0.0	0.0	0.0	0.0	0.0	0.0	0.0	0.0	0.0	0.0	0.0	0.0
78543.65359149584	-84.23795350480941	6169105519.500896	7096.032810678432	123660.00781872014	-665.2620048765966	442573.53513242886	15291797533.725927	78002.30830387698	79.1818910978036	6269.771877824429	6084360100.733076	85654.58939403886	72741.09549709491	0.91563	18.373062	0.1172795999999999	0.0551391	0.1001777041	-0.0373968616	-0.0419451095	-0.0190328627	-0.0709147891	-0.0836359947	-0.0528548326	-0.0510408992	-0.0346961661	0.0409742431	0.0042616392	-0.0611648382	0.0140781809	-0.0597001477	0.0326717954	0.0875932932	0.0046275797	0.0617866606	-0.0206155406	-0.0165963066	0.0208081463	-0.0466939627	-0.0398992052	0.1901332841	0.0570180766	0.1613567301	0.1816163992	-0.0629525845	0.034237326	-0.0055982513	-0.0530478948	0.0366435939	0.1427450246	0.0808813947	-0.1842427196	-0.0776415914	-0.1377484895	0.1125131345	-0.0594170277	-0.002088199	0.0503022926	0.0154148971	0.0210375425	-0.0026089301	-0.0121223552	0.0883642515	-0.0222478966	-0.0112089094	0.045734818	-0.0181114986	-0.0607670333	0.0455260662	-0.0403471567	0.0808514684	0.0027321747	0.0223334765	0.0060194888	0.0249294622	-0.0146335498	-0.0436263178	0.0922865653	0.0074483113	0.0439448596	-0.0363378025	-0.0599347121	-0.0811893612	0.0206218701	-0.0229544951	0.1771827825	-0.07610722	0.0131126727	0.0893170592	-0.1105069907	0.0746013283	0.1238789518	-0.2045725253	0.0034124528	0.024914217	-0.1870250772	0.0821118052	0.0943398305	-0.1024260777	0.1019113804	-0.1010554665	0.0998612018	0.328239	0.022681	0.107740841121	0.000514427761	-0.236725	0.027547	0.000758837209	0.0560387256249999	-0.382292	0.0303689999999999	0.0009222761609999	0.146147173264	0.0148185	-0.0002115999999999	0.00021958794225	4.4774559999999697e-08	-0.000407306	-0.000301852	9.111462990400001e-08	1.65898177636e-07	0.0116197	0.0002202	0.00013501742809	4.848804000000012e-08	0.0	0.0	0.0	0.0	0.0	0.0	0.0	0.0	0.0	0.0	0.0	0.0	0.0	0.0	0.0
79086.69350313832	543.0399116424815	6254705089.25934	294892.3456366741	126143.20229772094	2483.1944790007983	6166254.820540046	15912107485.92375	78288.87563040346	286.5673265264777	82120.8326325329	6129148047.472781	86364.42536723673	74283.72430717228	1.491751	29.933533	0.56401345	0.355084	0.066990069	0.0143162471	-0.0542774003	0.0359708769	-0.0504422194	-0.0274261877	0.0895697188	-0.0488825163	-0.0567887507	0.037696221	0.0442400348	0.0517686201	0.0791607273	0.0037631959	0.0420619771	0.0707583118	-0.120320614	0.1815160361	0.1768898664	0.0646167042	0.0597097606	-0.2180303828	-0.0408662294	-0.0747420091	-0.081451021	0.1350308446	0.1203380957	-0.0979075396	-0.0310253034	-0.142561254	0.0942411448	-0.0894628185	-0.0050989031	-0.0296298343	-0.0367990914	0.0219436594	-0.063097502	-0.0533321614	0.0600438562	0.0650928302	-0.0817450785	0.0424503835	0.1182015305	-0.098197305	-0.1090643098	0.0262309467	-0.0298312723	-0.0817991152	0.0180238422	0.0813265395	0.0630280263	0.0826460295	0.0103818178	0.1737502586	0.1415048395	0.0396474741	-0.1820689831	0.1383123442	0.1459716762	-0.0701752109	-0.1247374914	0.0955052844	0.0492509032	-0.0455369498	0.004772997	-0.0187017128	0.1843441656	0.0736577119	0.1404221577	0.0072600107	-0.0541051641	-0.1773162238	-0.0014162899	-0.1101043391	-0.1412267819	-0.0899457935	0.1279014697	0.0144082184	0.0218083325	-0.049543178	0.0757434241	-0.1025101919	0.1022474116	-0.1018099433	0.1011985345	0.324664	-0.0035749999999999	0.105406712896	1.2780624999999964e-05	-0.385979	-0.149254	0.022276756516	0.148979788441	-0.218368	0.163924	0.026871077776	0.047684583424	0.0102934	-0.0045251	0.0001059540835599	2.0476530010000005e-05	-0.000528015	-0.0001207089999999	1.4570662680999984e-08	2.78799840225e-07	0.0119191	0.0002994	0.00014206494481	8.964036000000002e-08	0.0	0.0	0.0	0.0	0.0	0.0	0.0	0.0	0.0	0.0	0.0	0.0	1.0	0.0	0.0
79290.8861961172	204.19269297887516	6287044633.765608	41694.65586596517	131184.22047919984	5041.018181478896	25411864.30600079	17209299702.735313	78541.45638958934	252.58075918587565	63797.03991091331	6168760371.797764	86885.22541524422	75630.29920634476	1.813421	36.388176	0.74907725	0.415583	0.0349491072	0.1076097195	0.0957843118	0.0935778455	-0.0711132263	0.2857192103	0.2216320172	0.0244295675	-0.1688513713	-0.1773538981	0.127602945	0.1458813148	0.0967713859	0.1919800353	0.105477243	-0.1202557091	-0.2287105854	-0.1631220607	0.2698936454	0.0069281381	0.0012702175	-0.0557315093	-0.200279891	-0.1782489856	0.0189250964	-0.0504361411	0.0650054919	-0.1271082626	0.1041718396	0.1363407671	0.0940222213	0.0025499516	0.0088766684	0.0992534158	0.0211183909	-0.0067558003	0.1093098225	-0.0325932626	0.00652611	0.0377625253	0.0557668889	0.071014009	-0.154789751	-0.0616975702	0.0838610926	-0.0279371667	0.003345037	-0.0474239735	-0.0474476815	0.1900734721	0.2068855396	0.0316860549	0.1641907758	-0.1220204451	0.2546161573	0.051247532	-0.1167777206	0.1514437123	0.1322658548	0.2576739671	-0.3536569095	-0.1704560856	0.057437511	-0.061048157	0.1013175412	0.0949411392	0.0543888585	-0.0173099458	-0.0775362993	0.1772887623	-0.0985920149	0.1485192365	-0.0042827509	-0.0514822983	0.0168590781	0.0748068801	0.0671290995	-0.0725687588	0.0250924313	0.0411172667	-0.078094549	-0.1025662807	0.1024716367	-0.1023139614	0.1020933517	0.390049	0.0653849999999999	0.1521382224009999	0.0042751982249999	-0.757804	-0.371825	0.138253830625	0.5742669024160001	-0.164765	0.053603	0.002873281609	0.0271475052249999	0.0118207	0.0015273	0.00013972894849	2.3326452900000018e-06	-0.0017666	-0.001238585	1.534092802225e-06	3.1208755599999995e-06	0.0143185	0.0023993999999999	0.00020501944225	5.757120359999997e-06	0.0	0.0	0.0	0.0	0.0	0.0	0.0	0.0	0.0	0.0	0.0	0.0	0.0	1.0	0.0
79609.44310501892	318.55690890172264	6337663431.491243	101478.5042090204	128618.66356488854	-2565.5569143112957	6582082.280570495	16542760617.217987	78419.84470967669	-121.61167991264664	14789.400691176024	6149672044.289807	87418.45440027573	77271.43681025026	2.829588	56.778622	1.23668465	0.682286	-0.110394448	-0.2150383279	0.1610910722	-0.1096630591	-0.1342458416	0.2796268051	-0.028891725	0.0885831533	-0.0658641261	0.2078619359	0.1846892504	0.1094228895	-0.0508385389	0.1463752156	-0.2292236213	-0.1222182197	-0.0782418007	0.1400784777	-0.0121760094	0.1330631547	-0.1397737781	0.1691912636	0.0722761953	0.0046746546	-0.0532498046	-0.1070026125	-0.0017602109	-0.1972672258	0.1352531566	0.0891771916	0.1213498481	0.0230702871	-0.0302796776	-0.1259568992	-0.1268826037	-0.007714772	-0.0949249473	-0.1481996982	-0.015655966	0.103008936	0.0452891723	-0.0416647684	-0.026846443	-0.0941795133	0.0162731294	-0.0122037864	-0.0620919639	-0.0796029645	-0.0959188708	-0.3307065393	0.2869260977	-0.0117814387	-0.0733513095	-0.2342348283	0.0246970277	-0.4508776132	-0.0138768039	0.2220866925	0.0819878988	-0.0921997176	0.0976116462	0.1936928062	-0.1727627881	0.1285382533	0.2508531142	0.0048544817	0.0395420826	0.118083115	0.0959587755	0.0651150413	0.0585044809	0.012111024	-0.0146141405	0.2293458014	-0.0063457117	0.0366248474	0.0502550826	0.049413782	-0.0028457125	-0.0362214532	0.0601263441	-0.102594329	0.1025838106	-0.1025662807	0.1025417406	0.355041	-0.0350079999999999	0.126054111681	0.0012255600639999	-0.402634	0.35517	0.1261457289	0.162114137956	-0.664711	-0.499946	0.249946002916	0.4418407135210001	0.0146523	0.0028316	0.00021468989529	8.01795856e-06	-0.000166787	0.0015998129999999	2.559401634969e-06	2.7817903369e-08	0.0118187	-0.0024998	0.00013968166969	6.24900004e-06	0.0	0.0	0.0	0.0	0.0	0.0	0.0	0.0	0.0	0.0	0.0	0.0	0.0	0.0	1.0
