global_signal	global_signal_derivative1	global_signal_derivative1_power2	global_signal_power2	csf	csf_derivative1	csf_derivative1_power2	csf_power2	white_matter	white_matter_derivative1	white_matter_power2	white_matter_derivative1_power2	csf_wm	tcompcor	std_dvars	dvars	framewise_displacement	rmsd	t_comp_cor_00	t_comp_cor_01	t_comp_cor_02	c_comp_cor_00	c_comp_cor_01	c_comp_cor_02	c_comp_cor_03	c_comp_cor_04	c_comp_cor_05	c_comp_cor_06	c_comp_cor_07	c_comp_cor_08	w_comp_cor_00	w_comp_cor_01	w_comp_cor_02	w_comp_cor_03	w_comp_cor_04	w_comp_cor_05	w_comp_cor_06	w_comp_cor_07	w_comp_cor_08	w_comp_cor_09	w_comp_cor_10	w_comp_cor_11	w_comp_cor_12	w_comp_cor_13	w_comp_cor_14	w_comp_cor_15	w_comp_cor_16	w_comp_cor_17	w_comp_cor_18	w_comp_cor_19	w_comp_cor_20	w_comp_cor_21	w_comp_cor_22	w_comp_cor_23	w_comp_cor_24	w_comp_cor_25	w_comp_cor_26	w_comp_cor_27	w_comp_cor_28	w_comp_cor_29	w_comp_cor_30	w_comp_cor_31	w_comp_cor_32	w_comp_cor_33	w_comp_cor_34	w_comp_cor_35	w_comp_cor_36	w_comp_cor_37	w_comp_cor_38	w_comp_cor_39	w_comp_cor_40	w_comp_cor_41	w_comp_cor_42	w_comp_cor_43	w_comp_cor_44	a_comp_cor_00	a_comp_cor_01	a_comp_cor_02	a_comp_cor_03	a_comp_cor_04	a_comp_cor_05	a_comp_cor_06	a_comp_cor_07	a_comp_cor_08	a_comp_cor_09	a_comp_cor_10	a_comp_cor_11	a_comp_cor_12	a_comp_cor_13	a_comp_cor_14	a_comp_cor_15	a_comp_cor_16	a_comp_cor_17	a_comp_cor_18	a_comp_cor_19	a_comp_cor_20	a_comp_cor_21	a_comp_cor_22	a_comp_cor_23	a_comp_cor_24	a_comp_cor_25	a_comp_cor_26	a_comp_cor_27	a_comp_cor_28	a_comp_cor_29	a_comp_cor_30	a_comp_cor_31	a_comp_cor_32	a_comp_cor_33	cosine00	cosine01	cosine02	cosine03	trans_x	trans_x_derivative1	trans_x_power2	trans_x_derivative1_power2	trans_y	trans_y_derivative1	trans_y_power2	trans_y_derivative1_power2	trans_z	trans_z_derivative1	trans_z_derivative1_power2	trans_z_power2	rot_x	rot_x_derivative1	rot_x_power2	rot_x_derivative1_power2	rot_y	rot_y_derivative1	rot_y_derivative1_power2	rot_y_power2	rot_z	rot_z_derivative1	rot_z_power2	rot_z_derivative1_power2	motion_outlier00	motion_outlier01	motion_outlier02	motion_outlier03	motion_outlier04	motion_outlier05	motion_outlier06
56202.574702459206	n/a	n/a	3158729403.185508	118504.01968961148	n/a	n/a	14043202682.595823	55419.97353316326	n/a	3071373466.4165163	n/a	74403.33228002327	52347.947186180674	n/a	n/a	n/a	n/a	-0.2420751824	0.0411209765	0.0179266036	-0.0868972937	-0.0367069469	0.0463460699	0.0724802441	-0.1326443552	0.0237152323	-0.1401909362	0.1296082366	-0.0778382766	-0.2038934381	0.0482678762	-0.1463759399	0.0759135785	-0.1301137184	0.007767941	-0.0803117278	0.0152815409	-0.0680425388	0.0014863439	-0.0259948376	0.0573198719	-0.0589301908	0.0100287869	-0.002196748	-0.0972966765	0.0186873354	-0.1247642469	-0.0951234308	0.0401231085	-0.0737512812	0.0592455228	-0.0480414446	0.0387466465	-0.1298781334	0.0681257456	-0.0205401111	0.1396093828	-0.0634738322	0.0450892348	-0.1143980351	0.0481394125	-0.0303249711	0.0163084601	-0.1588535809	0.0699753697	-0.1132004927	-0.0037434307	0.0573596288	0.0082656687	-0.0827507021	0.1111378591	-0.1521789733	0.0422716655	0.0003562276	-0.1013769444	0.1108721674	0.0381723113	-0.1979863199	-0.0298270141	0.1011677023	-0.0778342692	0.0332307422	-0.0754446312	0.1729068543	0.0415989731	-0.0861848076	0.0149678069	-0.0591884993	0.0081868595	-0.1391427517	0.1069661277	-0.0890085993	0.0521165071	-0.041712442	0.0613510841	0.0123543602	-0.0388725352	0.0019157659	-0.0355953823	0.0429179342	-0.0154893506	0.0065792257	-0.0178097359	0.0734121492	-0.011478974	0.0525105216	-0.1198617109	0.1151218838	0.102594329	0.1025838106	0.1025662807	0.1025417406	-0.0241549	n/a	0.00058345919401	n/a	-0.0260213	n/a	0.00067710805369	n/a	0.0241429	n/a	n/a	0.00058287962041	-0.000761422	n/a	5.79763462084e-07	n/a	-0.00076512	n/a	n/a	5.854086144e-07	4.64509e-06	n/a	2.15768611081e-11	n/a	0.0	0.0	0.0	0.0	0.0	0.0	0.0
56253.094209436094	50.519506976888806	2552.2205851879166	3164410608.1356926	118214.09232474664	-289.9273648648377	84057.87689746874	13974571624.163725	55461.938388871175	41.96485570791265	3076026609.850942	1761.0491145859287	74171.16089006167	52000.84286653118	1.10334	19.966312	0.0307679455	0.0134837	-0.2895381967	0.0347855728	0.0250500648	-0.0826315374	-0.0764955973	0.1020670307	0.0574291564	-0.1562233831	-0.0959312602	-0.1280649812	0.1442787902	0.1557064279	-0.2015975443	0.015214321	-0.1558721453	-0.058518455	-0.0793995983	0.0536424567	0.1724168951	0.090811076	0.0161990571	0.0490915747	0.0398567563	-0.0708348481	0.1563038141	-0.0608225317	0.0727903624	-0.162817281	0.0556300252	-0.0129695268	0.047422058	0.0092616502	0.057375191	-0.0283742481	0.0121418308	-0.0380899248	0.0949203483	-4.2224e-06	-0.0215733616	-0.0549988038	0.0472179388	-0.0228441914	0.0428554197	0.0013812914	-0.0069339397	0.055720498	0.0053238207	-0.0645829298	-0.0164086154	0.0174633855	0.0487876691	0.0031193899	0.0030655566	0.0695151634	-0.0598152051	-0.0013715569	0.0380351853	-0.0255761853	0.1231069546	-0.0016412919	-0.1910244495	-0.0332061376	0.0477745819	0.050652303	-0.1093901016	-0.1996716033	0.1189450332	0.2159279147	0.0595367636	0.0774012388	-0.0641084678	0.0062644956	-0.0447725114	0.0879608339	-0.0628125195	-0.0564342419	-0.0370402242	0.0243695465	0.0002352593	0.0764737503	-0.1092127398	-0.0197971297	0.1055185963	0.0204716301	-0.0175032745	-0.1167201656	-0.0053228593	0.0626128033	-0.0422608492	0.1519090491	-0.0813152661	0.1025662807	0.1024716367	0.1023139614	0.1020933517	-0.0301582	-0.0060033	0.00090951702724	3.603961089e-05	-0.0191578	0.0068635	0.00036702130084	4.710763225000002e-05	0.029013	0.0048701	2.371787401000002e-05	0.000841754169	-0.000904193	-0.0001427709999999	8.17564981249e-07	2.0383558440999995e-08	-0.000872117	-0.000106997	1.1448358009000012e-08	7.605880616890001e-07	1.5498e-05	1.085291e-05	2.40188004e-10	1.177856554681e-10	0.0	0.0	0.0	0.0	0.0	0.0	0.0
56544.25430797781	291.1600985417172	84774.20298282245	3197252695.2452674	118692.25575757118	478.1634328245418	228640.2684905501	14087851576.82069	55490.94574497768	29.00735610650736	3079245059.6720567	841.4267082897297	74293.12441072699	52877.31918932163	1.11171	20.117775	0.1035124599999999	0.0481537	-0.2522631588	-0.0461543063	0.0354274825	-0.0980278224	-0.0226119161	0.0912181805	-0.0290257449	-0.0500798572	0.0458595666	-0.1018050237	0.0520090336	0.0670109388	-0.1885895235	-0.0222597355	-0.0803057686	-0.042619834	-0.1708599711	0.0725066244	-0.0565521349	-0.0038160053	0.0837857776	0.1389052277	-0.0418295147	0.1051378979	-0.1417688065	-0.0673373111	-0.0001191005	-0.0079821674	0.0230871389	0.1230517204	-0.1152405413	0.0468369468	-0.0030357927	-0.1161224168	-0.0304870999	0.0326616455	-0.0201239367	-0.0864648381	-0.0009160881	-0.0962155689	-0.1640664179	-0.1586766048	0.0704384479	0.0340486976	0.0704434168	0.0384331172	0.1130570287	-0.0337406547	0.0271327867	0.0553497246	0.0638688777	0.0628686214	0.1645994421	-0.0814914328	-0.1061348947	0.0885092628	0.0008210991	-0.0307527087	0.1349538644	-0.0566301168	-0.128063093	0.0225238593	0.1007433419	0.0123610224	0.0501993986	-0.0932832712	0.1597751767	-0.0247704106	-0.0417089137	-0.0021904754	-0.0242962717	0.1464704562	0.0847812141	0.2045337197	0.0449073807	-0.0398205098	0.0204285961	-0.0747830874	0.1613111819	-0.0744528803	0.0908672487	0.1354376018	-0.0666775923	0.0034466763	-0.0474759094	-0.0577240633	-0.1376895495	0.0754789182	0.0458842829	0.0056866731	0.0049666732	0.1025101919	0.1022474116	0.1018099433	0.1011985345	-0.0274227	0.0027354999999999	0.00075200447529	7.482960249999991e-06	-0.0425816	-0.0234237999999999	0.0018131926585599	0.0005486744064399	0.00684699	-0.02216601	0.0004913319993201	4.68812720601e-05	-0.00145814	-0.000553947	2.1261722596e-06	3.06857278809e-07	-0.00044524	0.000426877	1.8222397312900006e-07	1.982386576e-07	0.000138417	0.000122919	1.9159265889e-08	1.5109080561e-08	0.0	0.0	0.0	0.0	0.0	0.0	0.0
57065.04120749487	520.7868995170575	271218.9947085897	3256418928.0130877	118632.895997979	-59.35975959218922	3523.5810588425	14073764012.8673	55804.56440927934	313.6186643016554	3114149408.909406	98356.6665983544	74380.044456757	54687.845165643055	1.456227	26.35223	0.1326407899999999	0.0870859999999999	-0.1321473164	-0.0879282584	-0.0306326878	-0.0848581971	0.0077744995	0.0596022475	-0.0465957638	-0.0935727157	-0.0576418339	-0.1338859476	0.0459665518	0.3110140352	-0.0025805364	0.096503255	0.1163135877	-0.084092966	-0.1114962849	0.1229087594	0.1837434086	0.0267582036	0.0929264104	0.0803620976	-0.0484979662	0.0140793692	-0.1552041032	0.0400669534	0.1318681677	-0.0825706235	0.011334927	-0.071772777	0.0823113146	-0.0426396789	0.0524707619	0.0802780474	0.0542762349	0.094042586	-0.0991099199	-0.0454929094	0.1060634284	-0.0029569607	-0.0795203765	0.0238965005	0.033260354	0.0574977294	-0.0088191714	0.0257226772	-0.0124263225	0.0513805969	0.0024687827	0.0352911489	-0.0130334811	0.0833635508	-0.161180488	0.1549279977	-0.1224536739	0.0729361193	0.0955569716	-0.0026574369	0.0314036253	-0.122749364	0.003785108	0.1064740754	0.0598972731	0.1312085088	-0.1458112763	-0.2336723133	0.0052682278	0.0924218956	0.2510441673	-0.0058742111	0.0522095003	-0.059098019	0.0939466968	0.064999332	0.0791724411	-0.0107557746	0.0875871865	0.1060207318	0.0031281107	-0.0092556331	0.1301842632	-0.0529211389	-0.0967454215	0.1017642664	0.1162830525	0.0109420494	-0.0792794586	-0.0068950337	0.0535583885	-0.0211480404	0.0143919153	0.1024260777	0.1019113804	0.1010554665	0.0998612018	-0.0262949	0.0011278	0.00069142176601	1.2719328400000038e-06	-0.0511108	-0.0085292	0.00261231387664	7.274725264000001e-05	-0.0477304	-0.0545773899999999	0.002978691499212	0.00227819108416	-0.000317673	0.001140467	1.00916134929e-07	1.3006649780890002e-06	-0.000296662	0.000148578	2.2075422084e-08	8.8008342244e-08	0.0002175	7.9083e-05	4.730625e-08	6.2541208890000014e-09	0.0	0.0	0.0	0.0	0.0	0.0	0.0
57377.2046162205	312.1634087256316	97445.99374720574	3292143609.5716352	119122.3202785654	489.4242805864051	239536.12642752012	14190127188.549114	55888.37547831632	83.81106903697946	3123510513.6052685	7024.295293121338	74524.0163333321	56674.54259234828	1.377795	24.932901	0.0873437099999999	0.0390719	0.0387651666	-0.049835123	-0.0109633232	-0.0342697294	0.0516974563	-0.006614946	-0.1158503051	0.0403808537	0.0493625955	-0.0842604414	-0.0364865608	-0.0571950689	0.0832259227	0.0482449763	0.0232805251	-0.0237146404	-0.0987924296	-0.0399375018	-0.1406915843	-0.0322574669	-0.026630246	0.1059946708	-0.0055663576	-0.1008089224	-0.0736604787	0.0025950055	0.0410922867	-0.1158499528	-0.0421402867	-0.0750752374	0.0031211455	-0.0774322474	-0.1424849823	0.1121871346	-0.0339369278	0.0187263755	0.1662291196	-0.0030260219	-0.0143594075	0.0153976582	-0.0329904263	0.1029206307	-0.0296073543	0.0863390022	0.0594542934	-0.0839353731	0.0370827388	-0.0863717275	0.0257682975	-0.0683905149	0.0283802466	-0.0116164577	0.0385722957	-0.0005576054	0.0191521675	0.0572758397	0.0762409303	0.014451814	-0.0365788663	-0.1247482439	0.0406259157	0.0999989768	0.0607823342	-0.145889512	0.0428833449	-0.0502615774	-0.0550122246	-0.0230250538	0.0395772473	0.160430078	0.1058164555	0.0941966836	0.0787060541	0.0689818266	-0.0785003072	0.0598983903	0.0163702687	0.1191812338	0.0128431909	-0.078025786	-0.0065805365	-0.0385107443	0.1982389112	0.0209405826	0.0808427842	-0.0231516609	0.0600163112	0.0170405881	0.0398937243	-0.0899997413	0.0235237621	0.1023139614	0.1014639107	0.1000523871	0.0980872016	-0.0242988	0.0019961	0.0005904316814399	3.984415210000003e-06	-0.0302666	0.0208441999999999	0.00091606707556	0.0004344806736399	-0.0596412	-0.0119108	0.00014186715664	0.00355707273744	-0.000677825	-0.000360152	4.5944673062499993e-07	1.2970946310399997e-07	-0.0008127749999999	-0.0005161129999998	2.663726287688967e-07	6.606032006248374e-07	4.19128e-05	-0.0001755872	1.7566828038400003e-09	3.0830864803840014e-08	0.0	0.0	0.0	0.0	0.0	0.0	0.0
57429.12251416919	51.91789794868964	2695.4681274105524	3298104112.747454	119414.57476076104	292.25448219563987	85412.68236344158	14259840665.293386	55952.91878587373	64.54330755741103	3130729120.6585813	4165.838550450551	74512.36430228593	57685.26605761544	1.046651	18.940439	0.0498902299999999	0.0299382	0.1187158434	-0.0473191946	-0.0386070361	0.0366348073	0.1161783342	0.0394725453	-0.155741845	0.0881532744	0.0181621642	0.0661887707	0.1935765272	-0.0519698421	0.120823656	0.0785723702	0.0073598838	-0.1605159092	0.0156272002	-0.0756334931	-0.0778403392	0.0323402319	0.0041280013	0.0188338635	0.0478025218	-0.1380231548	-0.0826563923	0.0469230602	0.0455670937	0.0563835489	0.0522170914	-0.1090256129	-0.0679084346	0.1880400363	-0.1029012376	0.0505056503	0.045861992	-0.0002911703	0.0915374116	-0.055847749	-0.0498682979	0.0017574172	-0.0354763847	-0.1054243455	0.0104554871	0.0045651273	0.0320040133	0.0526132162	-0.1642847281	-0.0910035738	0.0364235167	0.0326207327	-0.0738548222	0.1068870497	0.0199307561	-0.105238315	0.0400383588	-0.0135389879	-0.057787385	0.0513222867	-0.0952071132	-0.1622668196	0.0787915592	-0.0222993559	-0.1191271905	-0.0785052099	0.0831578477	-0.0319596589	0.0284963402	0.0458824801	-0.0434971615	0.0932265608	0.0181421622	0.0682376433	0.1630413736	-0.0225218001	-0.0684324346	0.1500152743	0.0234554834	0.0998636726	-0.0205468832	-0.02477416	0.0240461006	0.0827791289	-0.051475715	-0.1276621072	-0.000610268	-0.0009748184	0.091926402	0.0539798346	0.0965786629	-0.0055381671	-0.0437572904	0.1021738733	0.1009054916	0.0988031726	0.0958842909	-0.0242697	2.9099999999997184e-05	0.00058901833809	8.46809999999836e-10	-0.00712292	0.02314368	5.073598932639999e-05	0.0005356299239423	-0.047745	0.0118961999999999	0.0001415195744399	0.002279585025	-0.000670906	6.918999999999979e-06	4.50114860836e-07	4.7872560999999706e-11	-0.000523269	0.0002895059999998	8.381372403594207e-08	2.738104463610001e-07	4.19128e-05	0.0	1.7566828038400003e-09	0.0	0.0	0.0	0.0	0.0	0.0	0.0	0.0
57381.47293453178	-47.64957963740744	2270.482439621634	3292633436.136404	119625.00252671407	210.4277659530344	44279.84468398502	14310141229.516348	55926.78486328125	-26.13392259247485	3127805265.143745	682.9819100694672	74500.82150262764	57343.616440832935	0.98954	17.906954	0.0348204499999999	0.027215	0.1137944869	0.0103978461	-0.008885829	0.0568637529	0.0685495371	-0.0450008934	-0.1428573963	0.0714629521	-0.0308952426	0.1043124111	0.0937216085	-0.0601085348	0.1037508548	0.0731129375	0.0105195179	-0.0686350795	-0.0156421537	-0.1231910541	0.0734036516	0.0210423083	0.0877525407	-0.1453028385	-0.0243194772	-0.0618748613	0.0312955515	-0.1231155598	-0.0555821574	0.0855238122	-0.0223732552	-0.1033726979	0.0075275244	-0.0293489772	0.0104253246	-0.0299737052	0.0260119828	-0.0044537639	-0.0015331819	-0.0835774275	0.0091541833	0.0262250521	0.0349960345	0.0236955478	-0.0524346465	-0.0559424002	-0.0183540849	-0.0257557293	0.0265341992	0.0217325733	-0.0379046128	-0.0471061939	0.0861547146	0.026507339	0.0114957521	-0.0906269034	-0.0667309545	-0.1057634455	0.0093745895	0.0698523292	-0.0947433088	-0.0731086429	0.0870520276	0.0099492295	-0.116208998	-0.0786686716	0.0108236076	-0.0148661154	0.0038189004	0.0188008023	-0.0697291439	0.0579885775	-0.1282641907	-0.0951058644	0.0020075297	-0.1779660242	-0.0099314732	-0.015084836	0.1239926098	0.1005238093	0.0601475705	0.0171792545	0.0442564639	-0.0588804672	-0.0689948254	0.0341054736	-0.0117443425	-0.1452339306	-0.0279151724	0.0175545483	0.0186334262	-0.0277540486	0.0578154567	0.102005852	0.1002367339	0.0973108962	0.0932621027	-0.0242824	-1.2699999999997436e-05	0.0005896349497599	1.6128999999993483e-10	-0.00714492	-2.200000000000032e-05	5.10498818064e-05	4.840000000000138e-10	-0.0682802	-0.0205351999999999	0.0004216944390399	0.00466218571204	-0.000386776	0.0002841299999999	1.4959567417600002e-07	8.072985689999997e-08	-0.00052415	-8.809999999999938e-07	7.761609999999892e-13	2.747332225e-07	4.19128e-05	0.0	1.7566828038400003e-09	0.0	0.0	0.0	0.0	0.0	0.0	0.0	0.0
57498.98320235857	117.51026782678672	13808.66304472315	3306133069.305113	119233.15533188044	-391.8471948336373	153544.22409899053	14216545330.396328	55779.022470902426	-147.76239237882692	3111299347.8094378	21833.72460151441	74344.21308241668	58172.7188376627	1.202756	21.76536	0.03225551	0.0288419	0.1329952653	0.0538413876	0.1209931936	-0.0454767274	-0.0885114686	-0.1186507349	0.0107550344	0.1240130103	-0.0750088733	0.0293819875	-0.0128994208	-0.0148375999	0.0179241396	-0.144705853	-0.0076578398	0.0471335974	0.0775642728	-0.0179636022	0.0026199467	-0.0468058144	0.0717302605	-0.0304974065	0.014193327	-0.1115668386	-0.0436425927	-0.0842842847	-0.0392274241	-0.0016469859	-0.1844568705	-0.1046320146	0.0968447122	0.0296285788	-0.030065245	0.1226504321	0.0340235353	-0.0474375039	-0.0976057438	-0.0915887085	0.1050116499	-0.0223105084	-0.0251383837	-0.0081930852	0.1347671601	-0.0436940925	0.0254976018	0.0299270024	0.1045078284	0.0643052732	-0.0927749307	-0.0229989594	-0.0521592662	-0.0178367577	0.0045233488	-0.0890572232	0.0164037886	0.0032930098	0.0151944583	0.1045044314	0.07279671	0.06438016	0.1036553386	0.0300654108	-0.0343635731	-0.0127411744	-0.0914357644	0.0073555652	-0.1456603245	-0.0413907456	-0.1289009214	0.0945192624	0.0400226474	0.0483733931	0.1326712718	-0.130929826	-0.0255580383	-0.0658870256	0.0430899478	0.1500332525	-0.0170296783	-0.0136971597	0.0603584719	-0.0239780263	-0.0077167327	0.0490933926	-0.1598638152	0.0011841286	-0.0305456466	0.1100614254	-0.0272035093	-0.0171572132	-0.0121940702	0.1018099433	0.0994583687	0.0955792289	0.090232103	-0.0242865	-4.099999999999937e-06	0.0005898340822499	1.6809999999999484e-11	-0.00377981	0.0033651099999999	1.42869636361e-05	1.13239653121e-05	-0.0969243	-0.0286441	0.00082048446481	0.00939431993049	-0.000386776	0.0	1.4959567417600002e-07	0.0	-0.000519306	4.8440000000000505e-06	2.346433600000049e-11	2.69678721636e-07	4.19128e-05	0.0	1.7566828038400003e-09	0.0	0.0	0.0	0.0	0.0	0.0	0.0	0.0
57497.9878720424	-0.995330316167383	0.9906824382818624	3306018609.333535	119176.32121977936	-56.834112101074425	3230.1162983174945	14202995539.480032	55760.21199776786	-18.810473134566564	3109201242.0360146	353.83389954625045	74313.24010002817	58324.84183939141	1.067822	19.323555	0.05465103	0.0272967	0.1482865713	-0.0397420144	0.1072705965	-0.0354967283	0.02285155	0.0242392459	0.0073593164	0.1321504505	-0.0506103968	0.0691329328	-0.0256092312	-0.0032389519	-0.0135584069	-0.0971168101	-0.0231570592	-0.0805362644	0.0561598846	0.0150521225	0.0264973524	-0.0280564986	0.1146209939	0.05177725	0.0879505566	-0.056979025	0.0185446744	-0.1160998726	-0.0094228374	0.139289846	0.0328881804	0.0475788518	-0.0992410638	0.0372948706	0.0612944443	0.0333315737	-0.0393247723	0.003760703	-0.1102659863	-0.0434509454	0.0394617349	0.0810857244	0.011951101	-0.0423537131	0.0259256451	-0.0709664001	0.1308744512	-0.1563509611	-0.0362311775	0.0113281777	-0.0449776865	-0.0697223058	-0.0791210875	-0.1424969042	0.0758057872	0.1135459433	0.0445825631	-0.0496505902	0.1292701937	0.0626056788	0.0661421863	-0.032964178	0.0708163041	-0.040443242	-0.0745986828	0.0862599943	-0.0605365883	0.0993287821	-0.0391827271	0.0180635337	-0.1278452985	-0.0312793392	0.0087235794	-0.0272792712	0.088444562	0.0785887325	-0.084509977	-0.1199138647	0.0316849989	-0.0082088269	-0.0481717625	-0.0490253506	0.0235872602	-0.0097495422	-0.0830000678	-0.0245563138	-0.0605874808	-0.0118506251	0.0820599326	-0.0329645629	-0.0054658742	0.0088057571	0.0415470401	0.1015862008	0.0985712473	0.0936124309	0.0868075413	-0.0243124	-2.590000000000231e-05	0.00059109279376	6.708100000001195e-10	-0.01211	-0.00833019	0.0001466520999999	6.93920654361e-05	-0.0823195	0.0146048	0.00021330018304	0.00677650008025	-0.000547765	-0.0001609889999999	3.00046495225e-07	2.5917458120999983e-08	-0.000662764	-0.000143458	2.0580197764000018e-08	4.392561196960001e-07	-0.000287443	-0.0003293558	8.262347824900001e-08	1.0847524299364003e-07	0.0	0.0	0.0	0.0	0.0	0.0	0.0
57399.49480480744	-98.49306723496557	9700.884293351448	3294702003.847116	118516.82887910232	-659.4923406770395	434930.14741168026	14046238727.558422	55710.54815449617	-49.663843271686346	3103665175.674437	2466.497328514625	74216.70134050344	58314.88584979346	1.119076	20.251066	0.06890149	0.0332817	0.1194447976	-0.0846373671	0.1101361323	-0.070995606	0.0172747008	0.0600529323	0.0736005961	-0.0438196318	-0.1802833154	0.1288758372	0.1679114153	0.1834601313	-0.0768719863	-0.0125737707	0.0344704334	-0.1646678541	0.117739563	0.0203415627	0.156942582	0.0655801562	-0.0836346001	-0.1247369967	0.0412677997	-0.0564683584	0.083473929	0.0804803657	-0.0304391878	-0.1459945295	0.13261569	0.0817328526	0.1253389228	0.0601544603	-0.0121395509	0.015508813	-0.012749686	0.0322278532	0.0051591095	0.0312323731	-0.0611258621	-0.1747633878	0.1464420876	-0.1274983869	0.0158979106	-0.02060174	0.0560340508	-0.0443167613	0.07841321	0.0362269846	-0.0288441272	-0.1266664406	-0.0283138292	0.1156088127	0.0002495884	0.0237700128	0.0555415873	-0.0949872481	-0.0272131994	0.0128550726	0.0997781708	-0.0587617862	0.0092532344	-0.0568953733	-0.2031616854	0.1525705853	-0.1248188284	-0.0921421713	-0.0654718354	0.1906110633	0.0696253536	-0.1439262787	0.0138931343	-0.0314708724	-0.0055175016	-0.1446541465	-0.0510228459	-0.017177496	0.0458592267	-0.0340794562	0.0355457824	0.0437243603	-0.1068279125	0.0452009561	0.0448275039	-0.0390323357	-0.0152157881	0.0462579134	0.1257457055	0.0953405516	-0.1063224734	-0.0218426087	-0.0791629371	0.1013346856	0.0975763397	0.0914153405	0.0830033923	-0.0127984	0.011514	0.00016379904256	0.000132572196	0.00829887	0.02040887	6.88712432769e-05	0.0004165219746768	-0.0638816	0.0184379	0.00033995615641	0.00408085881856	-0.000386776	0.0001609889999999	1.4959567417600002e-07	2.5917458120999983e-08	-0.000662764	0.0	0.0	4.392561196960001e-07	-7.76176e-05	0.0002098254	6.02449182976e-09	4.4026698485160015e-08	0.0	0.0	0.0	0.0	0.0	0.0	0.0
57345.53180710407	-53.96299770336918	2912.005121133828	3288510018.2395844	119220.80978805956	703.9809089572373	495589.120176258	14213601486.520678	55741.80513990753	31.25698541135353	3107148840.255421	976.9991370055671	74476.18473430829	57863.19523776755	1.156922	20.935936	0.1616442	0.0866115999999999	0.0652097153	-0.0768312207	0.024773634	0.0147498264	0.0262696011	0.1184751402	0.1521086211	0.0905101302	-0.0132252646	0.123030895	0.0960046266	0.072175938	-0.0383280973	-0.0788149424	-0.0035038904	-0.0992371246	0.0204572367	0.023124861	-0.1000285059	-0.0701400838	-0.0498304161	-0.0017486351	-0.0436685395	-0.0380267325	0.0457090031	-0.0198446396	0.0443151195	-0.064427888	-0.0621816014	0.1667854284	-0.1676775665	0.0406918879	0.0372600019	-0.0099338171	0.0951079129	0.0548201386	0.0015974196	-0.0164458895	0.0576204383	-0.0291640213	0.0437721025	-0.0087350122	-0.0044748912	0.0539950947	-0.1900217937	0.0094443675	0.0165535454	0.1292612629	-0.1035413111	0.1884385422	-0.2057392067	-0.1002482602	-0.0046620761	-0.1613149745	0.0259348695	-0.0506283303	-0.0801537579	0.01607442	0.017344685	-0.0227405834	-0.0048550487	-0.1244844639	-0.0711177849	0.1836896553	0.0954466784	-0.0334708855	-0.0514538012	-0.0419483239	-0.167257624	-0.2259389982	0.0359903018	0.0056063897	0.0451467317	0.073200856	0.065068236	-0.0108657629	0.0681742432	-0.0254448186	0.1295611985	-0.0364498653	-0.0947022855	0.0728747722	0.1602201984	-0.0996333752	0.0547775306	-0.0024907369	-0.0495609023	-0.057028692	-0.0463969976	-0.0139247977	-0.0787581272	0.1010554665	0.0964747338	0.0889933628	0.0788362905	-0.0243362	-0.0115377999999999	0.0005922506304399	0.0001331208288399	-0.00714453	-0.0154434	5.10443089209e-05	0.0002384986035599	0.00608132	0.06996292	0.0048948101749264	3.69824529424e-05	-0.000386776	0.0	1.4959567417600002e-07	0.0	-0.000196839	0.000465925	2.170861056250001e-07	3.8745591921e-08	0.0007504589999999	0.0008280765999999	5.631887106808499e-07	6.857108554673944e-07	0.0	0.0	0.0	0.0	0.0	0.0	0.0
57300.99352590703	-44.53828119703394	1983.658491986067	3283403859.05604	119234.56966915648	13.759881096921164	189.33432780140836	14216882604.18893	55780.00189732143	38.19675741390529	3111408611.6651826	1458.9922769367286	74651.2980035134	57002.00846975111	1.295411	23.442074	0.158098107	0.0885442	0.0438322687	-0.103514678	-0.0523330173	-0.004142508	0.0710401268	-0.0214833423	-0.0166523574	-0.1339369353	0.0383003005	-0.0383110892	-0.1349914803	0.0373953559	0.0011459341	0.0502566953	0.1336336161	-0.0021350231	0.0399530434	0.1270504877	-0.0426972552	-0.0225138359	0.0292913758	-0.0970663359	0.0117921039	0.0042755539	0.0078984427	-0.0552476575	0.0216535187	-0.0694077809	-0.0601510995	-0.0091530559	0.0576874315	-0.012278483	-0.0198865248	-0.0009831212	-0.006736859	-0.1139016783	-0.1346734437	-0.0728857584	0.0018040373	0.0066081544	-0.0187191793	0.1217382951	0.0534319716	-0.0329236345	-0.0397246489	0.0221061814	0.0309626531	0.1214183542	0.1237993756	-0.0635179839	-0.0340034556	-0.0500595596	0.0131350395	0.0233592855	-0.0230872159	-0.098143663	0.0423025388	-0.0731823887	-0.0162226463	-0.0530250825	0.0092179983	0.116697449	0.0521401605	0.0046743553	-0.0201915318	0.0422844094	-0.119690015	-0.0931087493	0.0475052716	-0.0929423553	0.0351549521	-0.0444900425	-0.0476234193	-0.1570771737	0.0209575475	-0.0518933215	-0.0154964097	0.0402828295	0.0568971013	0.024955203	-0.0170452162	-0.0218605996	-0.0362620596	0.0186219971	-0.0528481116	-0.0014113669	-0.0138213555	-0.0385377636	-0.0076345508	-0.0397445917	-0.0633887342	0.1007486199	0.0952676342	0.0863524559	0.0743244578	-0.010265	0.0140711999999999	0.000105370225	0.0001979986694399	0.0007477319999999	0.0078922619999999	5.591031438238504e-07	6.228779947664242e-05	-0.0681107	-0.07419202	0.0055044558316804	0.00463906745449	3.53297e-05	0.0004221057	1.24818770209e-09	1.7817322197249e-07	-2.88032e-05	0.0001680358	2.8236030081640002e-08	8.2962433024e-10	0.000101748	-0.0006487109999999	1.0352655504e-08	4.2082596152087037e-07	0.0	0.0	0.0	0.0	0.0	0.0	0.0
57480.41682466579	179.42329875875294	32192.720137472712	3303998318.3373218	119875.1719834022	640.6023142457125	410371.32501696254	14370056858.050257	55957.61180644133	177.60990911989938	3131254319.0803823	31545.27981757892	74721.78407869574	58289.47311198648	1.225653	22.179714	0.051769922	0.0231621	0.1313882934	0.0545738994	-0.0374780205	0.1035496572	-0.0286678981	-0.0518709226	-0.0714681957	-0.0103689754	-0.0360572828	0.0934296901	-0.0216082492	-0.0845257699	0.0865861098	-0.072624595	0.1331407678	-0.0456868472	0.0759425853	-0.0072883456	0.0171416762	0.0134547751	-0.0659019345	-0.0147984477	-0.0953939333	0.0438811741	0.0075830469	-0.0016738872	-0.0470747415	0.0383424736	0.170449559	-0.0814711522	0.0005285078	0.0178146696	0.1678852079	-0.0060129085	-0.027220491	0.018193131	0.1188895417	0.1113796808	0.1141293171	-0.0545872286	-0.0292363893	0.1547330543	-0.0094525881	0.0183698586	-0.106716092	-0.0032944431	0.1556109012	0.0158786111	0.0719914051	-0.0510577103	0.0657697334	0.0542743799	0.0533139604	-0.0543934468	-0.0340687289	0.0510819575	-0.0395271337	0.0481459046	-0.0700731804	0.0667398289	0.0585202101	0.0748315872	-0.0793045964	0.0342056387	-0.0007914774	0.0760124376	0.0474875485	-0.1118258632	0.0548008591	-0.0360120975	0.1053610924	-0.0237868017	-0.0796434788	-0.0760574499	0.0218130812	0.0365016717	-0.0425700942	-0.012872122	-0.0021231942	-0.0455383742	-0.0654935736	0.0613178703	-0.1279667985	0.011886203	0.1574234564	-0.1449788064	-0.0668204699	0.0712001543	0.0015859238	0.0557662686	0.0415699086	0.1004142296	0.0939563609	0.0834991166	0.0694876231	-0.0075454099999999	0.00271959	5.693321206809849e-05	7.396169768100543e-06	-0.00720843	-0.0079561619999999	5.19614630649e-05	6.330051377024242e-05	-0.0813875	-0.0132768	0.00017627341824	0.00662392515625	0.000208534	0.0001732042999999	4.3486429156e-08	2.999972953848999e-08	0.000198494	0.0002272972	5.166401712784e-08	3.939986803599999e-08	-5.40979e-05	-0.0001558459	2.92658278441e-09	2.428794454681e-08	0.0	0.0	0.0	0.0	0.0	0.0	0.0
57319.68864859017	-160.72817607561592	25833.546584594194	3285546706.771317	119652.78729035956	-222.38469304263708	49454.95169966792	14316789506.35203	55919.94134048151	-37.6704659598181	3127039839.5228934	1419.0640056298143	74650.57222022503	57775.98685169049	1.039399	18.809212	0.13716662	0.0780405	0.1130133254	0.023832865	-0.0449467215	0.0788093471	-0.0093680714	0.0116390006	0.0110667145	0.0941636351	0.0615287968	0.0300429655	-0.0731586243	-0.0866739958	0.0818730122	-0.013257231	0.0755907676	0.0805655493	0.1092193529	-0.023868553	-0.0010602762	0.0327513501	-0.0777726465	0.094840159	-0.0350664137	-0.0006746738	0.0699612947	0.049504771	-0.1046279796	0.1071419864	0.0101827385	-0.0764191695	0.1510297143	-0.1751467685	-0.0056227777	-0.0124821744	0.0624554141	-0.0674593616	0.0174686176	-0.067530986	-0.1058694853	-0.0642938291	-0.0187157962	0.1138488765	0.037919604	0.1185359068	0.1078528059	0.0592408788	-0.0811950747	0.0487936946	-0.0164928965	0.130634441	0.091729459	0.0650086632	-0.0029945205	0.0021685895	-0.0559493063	-0.1143817818	-0.0450756411	0.0496942924	-0.0870601011	0.0501373696	0.0324697079	-0.012773458	-0.0215496876	0.0024844921	0.0756963756	0.1336320595	0.0260474673	0.0234488602	0.0341886189	0.0652215828	-0.031270629	-0.0738377468	-0.1157581286	0.0029565146	0.0575833	0.0098285226	0.0092498781	0.0121607501	-0.0645907574	-0.0176800872	0.0583491037	0.0631424442	0.067122747	0.0244377936	0.1110136629	0.0618076641	-0.1663060745	-0.1158773356	-0.0769217033	-0.1015011615	-0.1045995842	0.1000523871	0.0925423476	0.0804403643	0.0643469367	-0.0243268	-0.01678139	0.00059179319824	0.0002816150503321	-0.0113737	-0.00416527	0.00012936105169	1.7349474172900003e-05	-0.0194685	0.061919	0.003833962561	0.00037902249225	-0.000355506	-0.00056404	1.26384516036e-07	3.181411216000001e-07	2.78249e-05	-0.0001706690999999	2.9127941694809995e-08	7.742250600099998e-10	-0.000405408	-0.0003513101	1.64355646464e-07	1.2341878636201e-07	0.0	0.0	0.0	0.0	0.0	0.0	0.0
57194.71378995705	-124.97485863311886	15618.715290368043	3271235285.515104	119655.044346872	2.257056512447889	5.094304100383428	14317329637.651903	55907.885524952166	-12.055815529347456	3125691663.871156	145.34268807765528	74740.23654307994	57247.14718644367	1.133201	20.50667	0.098995535	0.0598121	0.0544739735	0.1089574186	-0.0132502731	0.0299034791	-0.0783939695	-0.1395500124	0.0826878589	-0.0155543064	-0.0227758147	-0.0059885436	-0.0875682419	-0.0655559995	0.0823218143	-0.0486988889	-0.0289476922	0.0319636544	-0.0303786994	-0.0336171604	0.0198345648	-0.0105176745	0.0198455318	-0.084637959	0.0410992771	-0.0164927349	0.0634231706	0.1929106863	-0.0217438132	-0.0316387363	0.066279751	0.0782724298	-0.1154369603	-0.1357274239	0.0423952943	-0.0542273776	-0.0525395997	-0.0220645667	0.0483238161	-0.0435631598	-0.1151805632	-0.0363181845	-0.1356600497	0.0534553027	-0.0683060493	0.0232144525	0.0532261852	-0.0409813577	0.0072374449	-0.1423573963	0.0588537888	-0.1837819589	-0.0071973049	-0.0207438423	-0.0799988029	0.0489987816	0.0852777938	0.0438900406	-0.1033611126	0.0031687607	-0.0348125477	0.135293291	0.0525323842	-0.0431043112	0.0224841269	-0.0661483749	-0.0381633099	-0.0505951391	-0.0517031681	-0.1054196876	0.0048269273	-0.0514129177	-0.0015678136	0.0242290726	0.0300574807	-0.0014382609	-0.0180387808	0.0989687475	-0.0335700187	-0.1167889299	-0.1125711141	0.0724340535	-0.1993967686	-0.073920056	-0.009561923	-0.066487056	0.1035125441	-0.0543123841	-0.0271815102	-0.0878577102	-0.0315160168	-0.1313895702	0.0941058223	0.0996631912	0.0910271406	0.0771837238	0.0589248775	-0.0243243	2.4999999999990308e-06	0.00059167157049	6.249999999995154e-12	-0.0072191599999999	0.0041545400000001	5.211627110559856e-05	1.7260202611600834e-05	-0.0241157	-0.0046472	2.1596467840000004e-05	0.00058156698649	0.000612392	0.000967898	3.7502396166400003e-07	9.36826538404e-07	-0.000380736	-0.0004085609	1.6692200900881e-07	1.4495990169600004e-07	-0.000832775	-0.000427367	6.93514200625e-07	1.82642552689e-07	0.0	0.0	0.0	0.0	0.0	0.0	0.0
57105.70244001789	-89.01134993915912	7923.020417991442	3261061251.1678653	119719.92014056467	64.87579369267041	4208.868607253934	14332859278.463182	55825.90417131696	-81.9813536352085	3116531576.545064	6720.942343861115	74663.55574745018	56141.51306722152	1.045634	18.922037	0.04843783	0.0254678	0.0031346552	0.0677932235	0.0078011488	0.054168125	-0.0434589411	-0.022544736	0.0682239454	0.0217423907	0.072671941	0.0437281613	-0.1062692163	0.0553212292	0.0485820457	-0.0096815493	-0.0714774274	0.0528975447	-0.0336195629	-0.0699354031	0.0741703201	-0.0150845281	0.0109366589	-0.0189700875	-0.0351602438	-0.0257711755	0.0809218198	0.071609393	0.0020234072	0.111655887	0.1165414483	0.0064039373	-0.0684312576	-0.094374511	0.1313077309	0.0221293204	0.052061123	-0.0450467472	-0.0112601608	-0.0428382832	-0.1097425346	-0.0362845983	0.0612024816	-0.0355076181	-0.0603991659	0.0303134221	-0.021793773	-0.0567416604	-0.1175309934	-0.020082665	-0.0246224674	-0.0138552716	0.025189641	0.0099023501	-0.0031040937	-0.1052651894	-0.0372576939	0.0623733116	0.0767664941	0.0281825282	-0.0413890342	0.0951954852	0.0031413592	-0.0643035117	0.0188330976	0.0188788392	0.0436369767	0.0215070912	-0.0396275893	-0.0305774587	0.0296284338	-0.0750173601	-0.0795062644	0.0195272154	0.0157620086	0.093498939	-0.0321875021	-0.0472031489	-0.0374425424	-0.0629495528	-0.137668719	0.0656503629	0.0428562779	-0.0051380169	-0.0137799334	0.0818934735	0.0957578232	-0.102525432	-0.0901077446	-0.0346752425	-0.0675714527	-0.0548488891	0.0177137235	0.0992467484	0.0894123968	0.0737372065	0.0532451548	-0.0344124	-0.0100881	0.00118421327376	0.00010176976161	-0.0072169799999999	2.180000000000064e-06	5.208480032039856e-05	4.752400000000279e-12	-0.0114333	0.0126824	0.00016084326976	0.00013072034889	0.000523088	-8.930400000000001e-05	2.73621055744e-07	7.975204416000002e-09	-0.000766293	-0.000385557	1.48654200249e-07	5.87204961849e-07	-0.0008712169999999	-3.8441999999900005e-05	7.590190610888258e-07	1.4777873639923121e-09	0.0	0.0	0.0	0.0	0.0	0.0	0.0
57110.60742257261	4.904982554719027	24.05885386209799	3261621480.1752057	119097.44196617095	-622.4781743937201	387479.0775965386	14184200682.885458	55746.0809251435	-79.82324617345876	3107625538.512648	6371.750629668598	74501.71888712642	56425.49271413368	1.192808	21.585339	0.12752978	0.0557706	-0.0257632288	-0.0406719262	0.1094271118	-0.0709620508	-0.0602464693	0.0236361995	0.0158279367	-0.0369905004	0.0641431442	0.0033902534	-0.0815891167	-0.0473145517	-0.0291228182	-0.077097728	0.0098781994	0.0151150731	0.0691038189	0.0081399032	0.0003904974	-0.0111691931	-0.0394753945	0.0151584602	-0.0398040915	0.0816012577	-0.0240639791	-0.0278431853	0.0291669626	0.0874484256	0.0437435577	0.0002856641	0.0475776781	-0.060876122	-0.0661084836	0.0263575348	0.0367460563	0.1526141327	-0.0034952871	0.0573958679	0.0683896071	0.0039451638	0.1389451542	-0.0166486555	-0.0637718118	-0.0639590465	-0.0430916616	-0.0492218998	-0.1640119908	0.0131452962	0.1143728681	-0.0191008071	0.027443832	-0.0009422493	-0.0021551054	-0.00827742	-0.0150515262	0.0360386122	-0.0054416934	-0.0046038632	0.0970677682	0.0251672499	0.0040845988	-0.0174537996	0.0325259627	-0.0450709441	0.0424433537	0.1223940696	0.0077310154	-0.0120637448	0.0625107769	-0.0807246052	0.082857591	-0.0513976639	-0.0247827324	-0.0768134476	0.036226036	-0.0099317872	0.0034887123	-0.0599425437	-0.0047672485	-0.0301976887	0.1345819199	-0.0683940234	-0.0067692618	0.0196865796	0.0449217575	-0.0142995649	0.0945223185	-0.0481117941	-0.0687677119	0.0017286688	0.0302186591	0.0988031726	0.0876998819	0.0701092912	0.0473326046	-0.0125582	0.0218542	0.00015770838724	0.00047760605764	0.00356885	0.0107858299999998	1.27366903225e-05	0.0001163341287888	-0.047966	-0.0365327	0.00133463816929	0.002300737156	0.000184403	-0.000338685	3.4004466409000004e-08	1.1470752922500003e-07	-0.000500127	0.000266166	7.084433955600004e-08	2.50127016129e-07	-0.000308927	0.0005622899999999	9.543589132900001e-08	3.161700440998876e-07	0.0	0.0	0.0	0.0	0.0	0.0	0.0
57250.75900183479	140.15157926217944	19642.465169682964	3277649406.286167	119300.88746154078	203.4454953698296	41390.06958627535	14232701749.11122	55792.33948501275	46.25855986925308	3112785145.2109127	2139.854361177271	74604.70905757086	57061.24259206337	1.185998	21.462103	0.04144766	0.0225994	0.0365187088	-0.1111126549	-0.0323256506	-0.0126730496	0.0649999195	0.0561306032	-0.0013681725	0.0240728263	0.0083571689	0.0636518418	-0.1262350882	0.0366291036	-0.0403842513	-0.032396545	0.0492512318	-0.0346600963	0.0399562043	0.0202512116	0.0270371363	-0.1440956465	-0.0043872942	-0.04350202	0.0379121398	0.2455079128	0.0544441824	0.0019921076	-0.0189269879	0.023698597	-0.0010770031	0.0508822337	-0.0323988219	-0.0942495529	0.007840694	0.1117556463	0.1144846078	-0.1294167877	0.0526979293	-0.0016106969	-0.0250046337	0.086645007	0.1173398772	-0.0638441343	-0.0380055748	0.0640884634	-0.0316132993	-0.0688299884	-0.0170101217	0.1059278465	-0.0495461521	-0.0521796924	-0.0626530799	-0.0820198236	-0.0905337126	0.0133704176	-0.0322245108	0.0350825569	-0.0614106163	-0.0296580033	0.022491316	-0.0460680603	0.0102294701	0.002710514	-0.0173722668	0.0995267752	0.011852078	0.1137348647	0.0476082255	-0.1173641804	0.0128048573	-0.0417110958	-0.0443142642	0.0140309539	0.0277521236	-0.0248549692	0.0002673152	-0.0544733085	-0.1333680021	-0.182226043	-0.0217285111	0.0041497849	0.0019662832	-0.0599749882	-0.0196415776	0.0872810281	-0.0238628997	-0.0057398746	-0.00705496	0.0103595003	-0.0085494043	0.0454611057	-0.1046734608	0.0983325849	0.0858914684	0.0663089027	0.041213081	-0.00775729	0.00480091	6.01755481441e-05	2.3048736828100003e-05	-0.00719135	-0.0107602	5.17155148225e-05	0.00011578190404	-0.0479708	-4.799999999999249e-06	2.3039999999992796e-11	0.00230119765264	0.000270067	8.566399999999997e-05	7.2936184489e-08	7.338320895999995e-09	-0.000118272	0.0003818549999999	1.45813241025e-07	1.3988265984e-08	-0.000258811	5.0116000000000006e-05	6.698313372100002e-08	2.511613456e-09	0.0	0.0	0.0	0.0	0.0	0.0	0.0
57216.75938281142	-33.99961902337236	1155.9740937344638	3273757554.2705383	119449.26758378076	148.38012223997794	22016.6606759508	14268127526.301657	55801.13480149872	8.795316485971853	3113766645.135032	77.35759208840825	74697.71147859345	57700.50427048853	1.166477	21.108852	0.051383874	0.0250262	0.0797558711	-0.0277459593	-0.1087753937	0.0469114275	0.1118995342	0.0154257931	0.0112668657	-0.0326423557	0.0119389261	-0.0981861396	0.0092871466	-0.0766028372	0.0084255673	0.0332469213	0.0802676315	0.0685612017	8.95776e-05	-0.0918230519	0.0084636268	-0.0942119428	-0.0450141202	-0.0225383039	0.0984703412	0.1593182681	-0.0006663689	0.0286967363	-0.0320663263	0.0515556044	-0.1010582225	-0.0190794622	-0.1256237778	0.1063909441	0.0464688352	0.0164864259	0.0742525462	-0.0590668898	-0.0011012159	0.0558474803	0.0456054998	0.0418355781	-0.0088222178	-0.1162082094	-0.05136416	-0.0459321542	0.0257041256	-0.1046949183	0.1244392986	-0.0799791206	0.0339018495	-0.1147785315	0.092348815	-0.0595431104	0.1068767332	0.0352494007	-0.1086380097	0.1344611124	0.0728460318	-0.050906185	-0.08598504	-0.0543978296	-0.0209601872	0.0688180378	0.0326842301	-0.0205624232	-0.0207343156	0.1022480734	-0.0155588492	0.0673556533	-0.087005531	-0.0627088245	0.1453606403	-0.0135564351	-0.0035670888	0.0162222434	0.03483688	-0.0023798228	-0.0241237721	-0.1332230389	0.1080947043	0.0419603361	-0.0611471226	-0.0704769823	-0.0728220153	0.112548833	-0.1405204271	0.0376397207	-0.043207053	0.0136346807	0.0610295088	0.0585704522	-0.036313115	0.0978351141	0.0839891338	0.0623453902	0.034913343	0.000411899	0.008169189	1.69660786201e-07	6.673564891772101e-05	0.00337081	0.01056216	1.13623600561e-05	0.0001115592238656	-0.0441477	0.0038231	1.4616093610000025e-05	0.0019490194152899	0.000104314	-0.0001657529999999	1.0881410596e-08	2.7474057008999996e-08	-5.61223e-05	6.21497e-05	3.86258521009e-09	3.14971255729e-09	8.98748e-05	0.0003486858	8.077479675040001e-09	1.2158178712164e-07	0.0	0.0	0.0	0.0	0.0	0.0	0.0
57098.88057951705	-117.8788032943703	13895.412266112846	3260282163.433949	119712.2512810313	262.9836972505436	69160.42501956559	14331023106.77278	55861.34895368304	60.21415218431503	3120490306.925145	3625.74412327585	74767.23123035756	56962.92450608642	1.106119	20.016602	0.0765656559999999	0.0413022	0.0414737605	0.0167368626	-0.0924059302	0.120612961	0.0258670989	-0.0162038477	0.0659027839	-0.0031926713	0.0427946307	0.0354032204	0.103371261	-0.0993056326	0.0489863968	0.05944216	0.0252122917	0.019767609	0.065662655	-0.0652434608	0.0647374236	0.0037946148	-0.0922491073	0.0936792027	-0.0304964759	0.1288432806	0.0918374681	-0.1083271236	-0.1152706802	-0.0483813596	-0.1784043092	0.1266654912	-0.0397203792	0.0486332823	-0.0136075958	-0.0854272211	0.0749497661	0.0011619096	0.0029056942	0.0475529026	-0.1450563576	0.1245561425	-0.0957119789	0.0675378277	0.005882544	-0.0854239277	-0.112379548	0.1109789847	-0.0539456454	-0.0279949326	0.0490981779	0.089655873	0.054782698	0.0430872459	-0.1252808419	0.0698596955	0.1152472846	-0.1028736454	-0.0017737683	-0.0312929771	-0.1116235176	0.0413427518	-0.0212391272	-0.0512143509	-0.0221953515	0.0526959512	0.0024378816	0.0725876534	0.0832280086	0.0297519451	-0.0402667549	0.0875444888	0.0231878387	-0.0568913765	0.0087453953	-0.1342532098	0.1355844871	-0.0003633255	-0.0726896129	-0.0281529635	0.1344337612	-0.128202548	-0.0423855809	0.0021897546	0.0451153965	-0.0718781384	-0.1730747086	-0.0836744386	-0.002140745	-0.0999197697	-0.0408756727	0.0560851357	0.0313424513	0.0973108962	0.0819949584	0.0582285042	0.0284609379	0.00214843	0.0017365309999999	4.615751464899999e-06	3.015539913960999e-06	-0.00716324	-0.01053405	5.13120072976e-05	0.0001109662094024	-0.015053	0.0290946999999999	0.0008465015680899	0.000226592809	-0.000102257	-0.000206571	1.0456494049e-08	4.2671578041000005e-08	-0.000116953	-6.08307e-05	3.70037406249e-09	1.3678004209e-08	-0.000346731	-0.0004366058	1.2022238636100004e-07	1.9062462459364e-07	0.0	0.0	0.0	0.0	0.0	0.0	0.0
56949.82440123846	-149.05617827858805	22217.744283018223	3243282499.331896	119511.01915608408	-201.23212494722972	40494.36811077748	14282883699.725897	55762.48531768176	-98.86363600127515	3109454768.804674	9774.01852339263	74724.83682604216	55663.86560414724	1.280857	23.17869	0.050839592	0.0342608	-0.0385204661	0.1341069934	-0.0103998195	0.0272092075	-0.0956165431	-0.0465016207	0.0367011986	-0.0926378705	0.039977138	0.012608041	-0.0736737769	0.0055369917	0.0006297843	0.0526093703	-0.0655979565	0.1199125593	-0.0135194503	-0.0091023381	-0.0619102797	0.0536936602	0.0233327088	-0.0254086349	-0.0262033526	-0.1169799458	-0.0784721042	0.0200689285	0.0201932641	-0.0326222875	0.031638607	0.1719749943	0.0126444387	-0.0223797109	0.1513936242	-0.0611495586	0.0233771026	0.0594228021	0.0004736534	0.0151781276	-0.0342916327	-0.0362534972	-0.0276337021	-0.0285211752	-0.0756420213	0.0771246754	0.0492477344	-0.0278409452	-0.0561855888	-0.0268538235	-0.0703932828	0.0962746016	0.0543241338	0.0514404438	0.0568509451	0.0950817918	0.0969184756	-0.0241469116	-0.0202000957	-0.0332762566	-0.0174393034	0.1224984044	-0.0467606195	-0.0075137161	0.0380473807	-0.0948067376	0.0167287293	-0.0385566857	-0.0878085733	-0.03518325	0.0464136871	-0.0410087076	-0.0412722232	0.0229830521	0.0119778664	0.0232770286	0.0980993301	-0.0052938531	0.0902874156	-0.0354012475	-0.0376468864	0.0115800667	-0.0894577423	-0.0165010949	0.0277584143	-0.0632495729	0.1606638837	0.063815205	0.0091887223	-0.0282486872	0.0484258548	0.1309100925	0.043600668	0.0967600744	0.0799111227	0.0539683725	0.0218840804	-0.000259552	-0.002407982	6.7367240704e-08	5.798377312324e-06	-0.00716088	2.3600000000007296e-06	5.127820237439999e-05	5.569600000003444e-12	0.0104076	0.0254606	0.00064824215236	0.0001083181377599	-0.000102257	0.0	1.0456494049e-08	0.0	-0.000109624	7.328999999999997e-06	5.371424099999996e-11	1.2017421376e-08	0.000105313	0.000452044	1.1090827969e-08	2.0434377793600005e-07	0.0	0.0	0.0	0.0	0.0	0.0	0.0
56979.33114949665	29.506748258187145	870.6481927720301	3246644178.243999	119008.02121855391	-502.99793753016274	253006.9251595975	14162909114.355778	55742.63435108418	-19.850966597579827	3107241284.39867	394.06087485823	74580.19115979304	55241.41840377616	1.151509	20.837984	0.0319184455	0.0195427	-0.0713932775	0.0144309913	0.0566380935	-0.03909507	-0.0411716653	0.0235754294	0.102201582	0.0314643217	-0.0169612147	-0.010202347	-0.0041479517	-0.0748728883	0.0022085129	-0.0014352615	-0.0974627861	0.1579792312	0.0860595983	0.0664710491	-0.040137352	-0.0333530316	0.0545245302	0.0308755432	-0.0315863552	-0.0962312691	0.0792160611	0.0689094593	0.007879631	-0.0048796475	-0.1296294133	0.0489504548	0.0887031797	0.0947928377	-0.0918607017	0.0170274347	-0.1431001944	0.1637921633	-0.1356886655	-0.0363706611	-0.018676112	-0.1911584338	0.1393202952	-0.0070962768	0.0907732027	-0.060953623	-0.0358022468	0.0245272164	0.0882210902	-0.0192046157	-0.0772910806	-0.0042880188	0.1217206831	0.0246629819	-0.0048158477	-0.03029115	0.0868589809	-0.0325712075	-0.0578467003	-0.028573337	0.0421068943	0.0717193691	-0.0058330451	-0.0947436184	0.0432513346	-0.0269169009	0.0056594922	0.042726636	-0.0433482558	0.0295733575	-0.0068354295	0.0145694925	0.0293634013	-0.0054349314	-0.1025193644	-0.0153947966	0.0835815772	-0.0391026263	0.0003973442	0.0534485206	-0.0901957639	0.0505989766	0.0278521986	-0.0614587811	0.0002160073	-0.1095740479	-0.1619699872	0.0781419893	0.0324692671	0.0865517422	0.0966709127	-0.0898047548	0.0563675144	0.0961827994	0.0777399053	0.0495754752	0.0152115293	-0.0033996	-0.003140048	1.155728016e-05	9.859901442304e-06	-0.00715885	2.0300000000000877e-06	5.12491333225e-05	4.120900000000354e-12	-0.00674673	-0.01715433	0.0002942710377488	4.55183656929e-05	-4.9905e-05	5.2352e-05	2.4905090249999996e-09	2.7407319039999995e-09	5.63075e-06	0.00011525475	1.32836573975625e-08	3.17053455625e-11	4.0479e-05	-6.4834e-05	1.638549441e-09	4.203447555999999e-09	0.0	0.0	0.0	0.0	0.0	0.0	0.0
56981.30097748349	1.9698279868462123	3.8802222977626015	3246868661.086561	119246.63429619632	238.61307764241064	56936.20082198309	14219759790.970783	55792.68513632015	50.05078523596603	3112823714.720559	2505.0811027367954	74688.95013045541	55471.94968275964	1.116226	20.199501	0.0439301725	0.0240826	-0.075459672	-0.0911104092	-0.0049216929	-0.0434734752	0.0363834234	0.0369798828	0.0179822423	-0.0063028888	0.0500196226	0.0392911797	-0.0881012541	-0.0903422577	0.0059196382	0.0748393618	-0.0106265269	0.0652037015	0.066782297	0.031789991	-0.0856684562	-0.1382524485	0.0754281065	-0.0623499948	0.0103499191	0.0345217278	0.0127374791	0.0746352787	-0.0435764492	0.1056769867	0.0231254083	-0.0481366418	0.0464889564	-0.0883227102	-0.0076933557	-0.1102189279	-0.0432941373	-0.0354213628	0.0185281059	0.0518260606	-0.0548966233	0.0043780535	0.0231968201	0.0071737951	-0.05172513	-0.1064886883	0.003694977	0.1212190099	0.0855513897	0.0128785068	0.123783147	0.0053046783	0.0208420374	-0.1054799318	0.0701708117	0.0765999384	0.1088308259	-0.0271636093	-0.1767266288	-0.0758295204	0.0130347846	-0.0304333619	-0.0064414338	-0.0537543261	0.0368282512	-0.0619311135	0.0516685207	0.1121656403	-0.0363992275	-0.0823920489	0.0180816492	-0.0152902686	-0.0320236914	0.0778327057	-0.0164840782	-0.0596026855	0.0949815691	-0.0141955812	-0.0535800823	0.0231804768	-0.0623659614	0.0931067644	-0.0494167835	0.0557800921	-0.1011705117	-0.0302656156	-0.0313861344	0.035711405	0.0533556686	-0.0950740895	-0.0657146065	-0.0624417773	-0.0144203472	0.0955792289	0.0754836805	0.0450606192	0.0084724621	0.00216439	0.0055639899999999	4.6845840721e-06	3.095798472009999e-05	-0.00716408	-5.230000000000165e-06	5.13240422464e-05	2.7352900000001727e-11	-0.00986309	-0.0031163599999999	9.711699649599995e-06	9.72805443481e-05	-0.00031707	-0.000267165	1.0053338490000003e-07	7.137713722500002e-08	5.61476e-05	5.051685e-05	2.5519521339224994e-09	3.1525529857599997e-09	-0.000346731	-0.00038721	1.2022238636100004e-07	1.4993158410000004e-07	0.0	0.0	0.0	0.0	0.0	0.0	0.0
57121.89769433379	140.59671685029753	19767.436789082734	3262911196.201936	119702.90153686052	456.2672406641941	208179.7949033176	14328784636.343325	55807.02848174426	14.34334542410943	3114424427.962215	205.7315579553209	74786.17489224457	56531.61712986177	1.168788	21.15066	0.0703653	0.0442795	-0.0015709857	-0.0167800969	-0.1370745379	0.0946606154	0.105490674	0.0004760416	-0.0112646033	-0.0120600023	-0.0025296361	-0.0830780383	0.0065783083	-0.0634930881	0.0316577716	0.075515831	0.0254664027	0.1066705352	-0.0003173262	-0.0034434427	0.0066014729	-0.0472168195	-0.0744028136	-0.14420149	0.1078461525	0.0199919271	0.0090984872	0.0637387433	0.0442318601	0.0066161747	-0.0389419286	-0.0778437209	0.002109215	0.1161508993	-0.0783542635	0.0108358415	-0.0255355797	-0.0816861303	-0.0305258448	0.0042319336	-0.0287735102	0.0014750268	-0.0184737777	-0.034899182	-0.0230281003	-0.0439973093	0.0331165312	0.1405601859	0.0470153405	-0.0783442524	-0.0892184846	-0.046563255	0.0420166568	0.0037259713	-0.02190332	-0.0725989811	0.1466529957	-0.1603151927	-0.0548396998	-0.0562470528	-0.1158082054	-0.0260172824	-0.0105564882	0.0198128075	0.0370301785	0.0176028776	-0.0332991166	0.1253265547	0.0438929134	0.047053021	-0.0619267009	0.0004845174	0.0531517769	0.012258268	0.0068347666	-0.0896132798	-0.0580636763	0.0404623178	-0.0590059983	-0.098672883	-0.0464567401	0.117140451	-0.0324996641	-0.0191360561	-0.035149247	-0.0033603231	-0.0595722959	0.0965478385	0.0766522299	0.0566556111	0.1279932208	-0.0121782197	-0.0117002911	0.0949495281	0.0731449155	0.0404349114	0.0016963469	0.00215163	-1.2760000000000117e-05	4.629511656899999e-06	1.6281760000000294e-10	-0.00718408	-2.000000000000005e-05	5.16110054464e-05	4.000000000000021e-10	-0.0373839	-0.02752081	0.0007573949830561	0.0013975559792099	-2.3517e-05	0.000293553	5.53049289e-10	8.6173363809e-08	5.4583e-05	-1.5645999999999952e-06	2.447973159999985e-12	2.9793038890000003e-09	0.000214386	0.000561117	4.5961356996e-08	3.148522876890001e-07	0.0	0.0	0.0	0.0	0.0	0.0	0.0
57007.596702399525	-114.30099193426577	13064.716757157088	3249866081.7834334	119944.46944377411	241.56790691359487	58355.053650615264	14386675750.148462	55825.9273955676	18.89891382334463	3116534169.5751853	357.16894370220666	74761.66672164078	56130.591111790985	1.063837	19.251446	0.09032098	0.0570759	-0.0046371042	0.0653924007	-0.0691993756	0.1050191421	0.0124413129	-0.0315001376	-0.0237022182	0.0140800492	0.0986371716	0.0301777017	0.056120436	-0.1067458351	0.0324939617	0.0068128841	0.0003438794	0.0473244514	0.012998351	-0.1139065877	0.0505518952	0.0301520727	0.020234206	0.007036593	0.0105706068	0.0868834462	0.0409762964	0.0150969014	-0.0182815817	-0.0050110225	0.0506502692	0.0481208208	0.0136559974	0.0802957926	0.0447740867	-0.0770301996	-0.0349953025	-0.0760780352	-0.0026526648	-0.0278794694	0.0855000537	0.0928049568	-0.0869684096	-0.0863839752	0.0515598234	-0.0221139392	-0.0515092501	0.0288349699	-0.1672351731	0.0091899939	0.1317633914	0.0818247742	-0.1120749269	-0.0059250837	0.035395796	0.0652230515	0.060261203	-0.0848055618	-0.0752927622	0.000713677	-0.0951087475	0.0486433124	-0.0282255092	-0.0086310508	0.0012325118	-0.0491484006	0.0782659011	0.0766699505	0.0534531464	0.0529315477	-0.0145917382	0.0604254663	-0.1034188638	-0.1843404808	-0.0160670966	-0.0651114741	0.0714735306	0.0725321845	-0.0184817515	-0.0315789084	-0.0404112275	-0.0020967262	-0.0178842967	0.0397807871	-0.011122194	0.0121969538	-0.0216674021	0.0647107306	0.0181398641	-0.0294554517	-0.0344133557	0.0916467898	0.0164413319	0.094293869	0.0707261675	0.0357097311	-0.0050871859	0.00217094	1.9310000000000247e-05	4.7129804836e-06	3.7287610000000947e-10	-0.00718644	-2.359999999999862e-06	5.16449198736e-05	5.56959999999935e-12	0.00416051	0.04154441	0.001725938002248	1.7309843460100002e-05	-0.000416764	-0.000393247	1.7369223169600005e-07	1.54643203009e-07	3.3849e-05	-2.0734e-05	4.2989875600000007e-10	1.145754801e-09	-0.000346731	-0.000561117	1.2022238636100004e-07	3.148522876890001e-07	0.0	0.0	0.0	0.0	0.0	0.0	0.0
56936.06749563842	-71.52920676110807	5116.427419873348	3241715781.8678937	119560.78402698178	-383.6854167923302	147214.49905910416	14294781077.146582	55721.88748804209	-104.0399075255118	3104928745.230022	10824.302357917048	74732.08191265418	55779.08950997426	1.109143	20.071321	0.0842506399999999	0.0478172	-0.0569286181	0.1157187523	-0.0274200648	-0.0151673544	-0.0688922973	-0.1395557246	0.0429038945	-0.0280836862	-0.0343325961	-0.0102120241	-0.0849193424	-0.032479323	-0.0333685387	-0.0723143313	-0.0492900921	0.0753882318	-0.0019221603	-0.0814289371	0.0246813935	0.1048379326	0.0142181385	-0.049456058	-0.0389329643	-0.0654157353	-0.0361366472	0.0301028258	0.0207468246	-0.0384089336	-0.1060282637	0.0530122668	-0.1104741518	-0.0488803186	-0.0209047851	-0.1359521701	0.0049132521	-0.0149443127	0.0206344823	-0.0315631895	-0.0322333496	0.0894586189	0.0517004914	-0.0497734357	-0.0176339532	0.0577939636	-0.0392615336	-0.0040169373	0.0281872635	0.005029776	-0.0347611824	0.0673828346	0.0795454284	-0.0166173937	-0.0736439251	0.0397299798	0.1321309627	0.0137473244	-0.0578882026	-0.0500182414	0.0365885701	0.1484172602	-0.0049734211	0.012464925	0.0140125352	-0.0497226062	-0.0415582522	-0.0480249721	-0.0888159956	-0.0586642579	-0.0459547613	-0.0056858301	-0.0192394812	-0.0231678684	0.0439785399	0.0352828674	0.0161587574	0.0439450441	-0.0208626902	0.0203527008	0.015947817	0.0130044205	-0.1263222642	0.0309571681	0.0393525505	0.0823467695	0.0498489962	0.1171941895	0.0549433545	-0.0372498327	0.0384536836	0.0503386186	-0.0325973628	0.0936124309	0.0682300815	0.0308967027	-0.0118484738	0.00217193	9.899999999997584e-07	4.7172799249e-06	9.800999999995216e-13	0.00159383	0.00878027	2.5402940689e-06	7.70931412729e-05	-0.0277921	-0.03195261	0.0010209692858121	0.00077240082241	2.89833e-05	0.0004457473	8.4003167889e-10	1.9869065545729001e-07	-3.10599e-05	-6.49089e-05	4.21316529921e-09	9.647173880099998e-10	1.29482e-05	0.0003596792	1.6765588324000002e-10	1.2936912691264002e-07	0.0	0.0	0.0	0.0	0.0	0.0	0.0
56849.50202526517	-86.56547037325072	7493.580660942148	3231865880.5206285	119530.70998356056	-30.074043421220267	904.448087701442	14287590629.174065	55676.644481425385	-45.243006616707135	3099888740.711036	2046.9296477194052	74481.68461293288	54649.80237901232	1.084754	19.629976	0.12861771	0.0789983999999999	-0.1152227343	0.0884458066	0.056405448	0.0165975144	-0.0931749577	0.0576942628	0.0325582747	0.0098189292	0.093519808	-0.0226577299	0.0064527292	-0.0001264109	-0.0799862444	-0.0529340869	-0.0453896606	0.0264444726	-0.0021500479	-0.0574435281	0.0385534313	0.0193706684	-0.0311318114	-0.0204998293	-0.1085779485	-0.1016039819	0.1485839634	0.0078111013	0.0026290808	0.0330798663	-0.0009959462	-0.0491467842	-0.0186408253	0.0173603094	0.1089949449	0.0540145667	0.0427956455	0.0601663489	-0.0248907078	0.1681956694	0.0490631495	-0.0343626784	-0.1226184542	0.0328290837	-0.0699412824	-0.0574749444	-0.0533307484	0.1168632204	-0.1014425622	0.0226769866	0.0405482205	-0.1807359328	-0.1450616964	0.0036571555	-0.0040628272	-0.003615874	0.0228335243	0.0526484989	-0.0720983018	0.049321848	0.0414094616	0.062309515	-0.0853729279	-0.0401525986	0.0196690523	0.0270177001	0.1321200283	0.0135304962	-0.0926888228	0.0582430689	-0.0008259825	-0.0353649834	-0.0209518387	0.0392920049	-0.0287318846	0.0603498215	-0.0856238139	0.031325345	-0.0165682776	0.0626804638	-0.0260950533	0.0045848534	-0.0506651275	-0.0898896183	0.0015859043	0.0647617841	0.029705734	-0.0476448363	0.0022468774	-0.1190200956	0.0525090615	0.0541909179	0.0833369286	0.0929054001	0.0656593869	0.0260076665	-0.0185579513	0.00215716	-1.4769999999999887e-05	4.6533392656e-06	2.1815289999999668e-10	-0.0277876	-0.02938143	0.00077215071376	0.0008632684288449	0.0326647	0.0604568	0.0036550246662399	0.00106698262609	-0.00053379	-0.0005627733	2.849317641e-07	3.1671378719289e-07	-0.000147548	-0.0001164881	1.356947744161e-08	2.1770412304e-08	0.000108981	9.60328e-05	1.1876858361e-08	9.22229867584e-09	0.0	0.0	0.0	0.0	0.0	0.0	0.0
56946.87204950052	97.3700242353516	9480.921619592957	3242946236.222183	118982.48168285472	-548.2283007058431	300554.2696948164	14156830947.410858	55695.19464684311	18.55016541772784	3101954706.7497416	344.1086370250659	74472.999318074	54861.706844090135	1.242286	22.480707	0.07730982	0.045674	-0.1407569768	-0.0884656596	0.0606784596	-0.1140380779	0.0205673579	0.027738258	-0.0538005114	-0.056112885	-0.0187936816	0.0216831093	0.0899382446	-0.0508910995	-0.0488632784	0.0776792312	-0.0851559586	-0.0840315706	0.0165189868	0.0158095894	-0.0538750927	-0.0057329072	-0.0816194797	0.1101791797	-0.2177742497	-0.0617429954	-0.1332616817	-0.0756114942	0.0446375206	0.0721628653	-0.0133067079	0.0462974461	0.0221298839	0.0329379568	-0.0337916943	-0.0270771092	-0.0798857915	-0.0232104207	0.0599266823	0.0759517961	0.1168115487	0.03062319	-0.0191662725	0.0429338836	-0.1792072637	0.0444770074	-0.0090839959	-0.1073107649	0.040941357	0.0750638104	0.1423160991	0.0791988684	-0.041638808	-0.001955022	0.0208416064	-0.0477889763	-0.0354417995	0.0194219502	-0.0481309773	-0.0367096357	0.1028435794	-0.0671239165	-0.0126039349	-0.0237416389	-0.0580545484	-0.070951651	0.0945749483	-0.0894948114	0.011122734	0.0004944382	-0.0442500682	-0.0338976997	-0.0024517194	0.0125703362	-0.0662519609	0.0312621423	0.1779595097	-0.0202284877	-0.0509399835	-0.0214641571	-0.010973232	-0.1029151459	0.1398052509	0.104341182	-0.0112125543	0.0151342753	0.0305772659	-0.0474052205	0.0513068109	-0.0368810015	0.0879802818	0.0106541435	0.0287447914	0.0921729699	0.0630168947	0.0210546499	-0.0251862796	0.00215253	-4.629999999999825e-06	4.6333854009e-06	2.1436899999998378e-11	-0.0071406	0.020647	5.098816836000001e-05	0.0004262986089999	0.00718879	-0.0254759099999999	0.000649021990328	5.16787016641e-05	-4.97885e-05	0.0004840015	2.47889473225e-09	2.3425745200225001e-07	-3.10599e-05	0.0001164881	1.356947744161e-08	9.647173880099998e-10	8.5825e-05	-2.3156000000000007e-05	7.365930625e-09	5.362003360000003e-10	0.0	0.0	0.0	0.0	0.0	0.0	0.0
57241.761352073874	294.889302573356	86959.70077220029	3276619242.6877785	119510.040204965	527.558522110281	278317.9942511839	14282649709.79235	55808.70919164541	113.51454480229586	3114612021.6376467	12885.551881672434	74557.59104267968	56046.28481085895	1.215208	21.990688	0.04053016	0.0259939	-0.0504473587	-0.049328786	-0.0050904064	-0.02273922	-0.0031815119	0.0899390716	-0.0737377574	0.0590607539	0.0849617749	-0.0580866843	-0.0797718045	0.0456348714	0.0038456533	0.005720606	0.0823863166	-0.0116779128	-0.0880937526	0.064219495	-0.0972846957	-0.0555375883	-0.1242032737	0.0129586631	0.0348539626	0.1060219348	-0.0819961645	0.0079501541	0.1280363259	0.0021953785	-0.117975126	-0.0548351114	0.0682317657	-0.0312242115	0.0060188592	-0.0901349062	-0.0639071213	0.0282781402	0.0225127642	0.0670920314	0.0115634946	0.126128406	0.0837844893	0.0319447508	-0.0285165032	0.0349714284	0.0494426101	-0.0110318055	-0.0116990577	-0.0397154293	-0.0524524751	-0.1401931324	0.0363282653	0.0879398527	0.1144643514	-0.1003524586	0.0012780245	-0.0185436473	-0.0523197706	0.0374273859	-0.0014341186	-0.1057185559	0.0015768544	0.0412799378	0.1046420216	0.0584552271	0.0529560174	0.0096041255	-0.0579782828	-0.1282583023	0.0780927604	0.0665184081	0.0077483975	-3.46092e-05	-0.0670277747	0.0790964556	0.0675451816	0.011698205	0.0348302247	-0.0449558894	0.1242588298	0.0185301898	0.0935390018	-0.1353490934	-0.0196576952	0.0426380514	-0.0186949005	0.0722422938	0.004794784	-0.0238311033	-0.0261672727	0.0081326213	-0.0424684358	0.0914153405	0.0603054945	0.0160498375	-0.0317044747	0.0021731	2.0569999999999703e-05	4.72236361e-06	4.2312489999998774e-10	-0.0277976	-0.020657	0.0007727065657599	0.0004267116489999	0.00927939	0.0020906	4.3706083600000025e-06	8.61070787721e-05	-0.000269769	-0.0002199805	7.2775313361e-08	4.839142038025e-08	-3.10599e-05	0.0	0.0	9.647173880099998e-10	-4.94343e-05	-0.0001352593	2.44375001649e-09	1.8295078236490002e-08	0.0	0.0	0.0	0.0	0.0	0.0	0.0
57443.38019189127	201.6188398173981	40650.15656931364	3299741927.870167	119696.30879264449	186.2685876794858	34695.98675611029	14327206338.584105	55937.36787109375	128.65867944834463	3128989124.346072	16553.055797391895	74619.87683730877	57748.86249907954	1.309062	23.689102	0.11115089	0.064805	0.1000052375	0.0361204636	-0.0325917105	0.0220777408	0.0195744202	-0.0875928735	-0.1674181433	-0.0016017701	-0.0830885898	-0.0146695214	-0.0789116644	-0.0873785123	0.0953782747	-0.0799500519	0.0333799725	0.0161272502	0.0125584352	0.0066685888	-0.0769079195	-0.0026772619	-0.0610507407	-0.0023344492	0.0822377487	-0.0604670442	-0.1132389141	0.0605748031	0.0353238054	-0.1180250432	-0.0075420859	0.0531859884	0.0170287917	-0.0513047607	0.0394688351	0.0521883667	-0.1019339856	-0.0560578344	0.0566398977	-0.0251264209	-0.0339765497	0.0476161414	0.0447287035	0.0584071521	0.1029814734	-0.0089613852	0.0219800622	0.0629908745	-0.0375270752	0.0938447317	0.1326380607	0.0521079532	-0.0275488876	-0.0478663353	-0.0522423182	0.0394094905	-0.0781713932	0.0111499434	-0.0420722003	0.0481420653	-0.0414354839	-0.0076710435	0.0928508572	0.1087316664	-0.016246876	-0.1168154985	-0.0520259281	0.0002488532	0.0530654358	-0.0717582173	0.0435664654	0.0867839056	0.0459979285	0.0612898189	-0.0177834854	0.0295139986	0.011108963	0.0749677897	-0.0025142415	-0.0631113868	0.0399811879	0.1022550576	-0.0340916349	0.0286231424	0.0785140156	-0.0869609951	0.0517224893	0.0770259157	0.1065218243	0.0561748244	-0.0285844464	-0.0560049199	-0.0134368295	0.0906327191	0.0575281511	0.0110055415	-0.0380840342	0.0098508	0.0076777	9.703826064e-05	5.894707729e-05	0.00889146	0.0366890599999999	7.90580609316e-05	0.0013460871236835	-0.039297	-0.04857639	0.002359665665432	0.001544254209	-4.97885e-05	0.0002199805	2.47889473225e-09	4.839142038025e-08	2.08317e-05	5.18916e-05	2.69273815056e-09	4.3395972488999995e-10	-0.000141717	-9.22827e-05	2.0083708089e-08	8.51609671929e-09	0.0	0.0	0.0	0.0	0.0	0.0	0.0
57332.695873321776	-110.6843185694961	12251.0183771937	3287038016.102808	119692.8472744857	-3.46151815878693	11.98210796361166	14326377688.67336	55941.57025868941	4.202387595658365	3129459283.0078835	17.660061504143297	74622.96664863022	57564.13731003492	1.10806	20.05172	0.096817725	0.0577624	0.1041869332	0.0892133958	0.0301420759	0.0179160461	-0.0122045389	-0.0470482627	-0.0218834986	0.1931598226	-0.0127133345	0.0318851146	-0.0509094848	0.0050044268	0.1134717246	-0.0275455478	-0.076267398	0.0181536938	0.0269940472	-0.024822595	-0.0719835481	0.0764828891	0.0290116264	-0.0221458512	-0.0614415737	0.056108442	-0.0261838941	-0.0969787461	0.0522907049	0.0712119033	0.0177079604	-0.0741203349	-0.0358328565	-0.1217570868	0.0050573851	-0.0351450501	0.0190638095	0.0213561912	0.0668982017	-0.0466805909	0.0114847226	0.0989926656	0.0952764478	-0.0279811443	0.1615523415	-0.019965812	-0.038289763	-0.0056833999	0.1428415571	-0.1531433783	-0.1348058181	0.1079901848	0.1003007095	0.0113880676	-0.0276681253	-0.0352098548	0.0660023641	0.0313258926	0.0988642729	0.0740840307	-0.0456282953	0.0417539449	0.1007584285	-0.0908408355	-0.0029350912	-0.0442880285	0.0004037192	0.0293061472	0.0094128957	-0.0052252499	-0.0207070891	0.1346768169	-0.0765130189	0.1046218976	-0.01268151	0.1423587719	-0.0883839774	-0.0216367346	0.0748734879	-0.001378546	-0.0389206797	0.0575036496	0.0592653626	0.0982957954	-0.0621859534	0.0989128181	0.0005817916	-0.0697590092	-0.0272051386	0.0578802505	-0.0805819784	0.0472216342	-0.0228612852	0.0898253196	0.0546879015	0.0059341712	-0.0442970619	0.00213044	-0.00772036	4.5387745936e-06	5.96039585296e-05	-0.00396971	-0.01286117	1.5758597484100004e-05	0.0001654096937689	0.0075747899999999	0.0468717899999999	0.002196964697804	5.7377443544098486e-05	-0.00045915	-0.0004093615	2.1081872250000006e-07	1.6757683768225006e-07	-3.10599e-05	-5.18916e-05	2.69273815056e-09	9.647173880099998e-10	-0.000267752	-0.000126035	7.1691133504e-08	1.5884821225e-08	0.0	0.0	0.0	0.0	0.0	0.0	0.0
57175.38492351655	-157.31094980522903	24746.73492862329	3269024641.152283	119517.98539963651	-174.86187484918628	30576.675275772486	14284548833.987726	55858.889064492985	-82.68119419642608	3120215487.519334	6836.179873747121	74728.58336452651	56794.99077897953	1.048436	18.97275	0.0934258	0.0597282	0.0353108593	0.0777233238	0.0259904159	-0.0258175317	-0.0223136063	-0.1450681419	0.0777612574	0.0427116072	-0.0923739706	0.0045468709	-0.0619308749	-0.0214801354	0.0871841869	-0.0303414858	-0.1799256176	0.0571395615	0.0511907825	0.0180131967	0.0144811986	0.0170785598	0.1236880258	-0.0232661494	0.0886636711	0.0043248703	-0.0004815054	0.0612846607	0.0208311427	0.0211884102	-0.0306950063	0.1193365214	0.0213465715	0.0067841094	0.0743227244	-0.0169720389	-0.1571422624	-0.0294802892	0.0171911413	0.0289542059	0.0863532315	0.0486750033	-0.0579086708	0.0520555844	0.0627246555	0.0725315583	-0.095148385	-0.0456685274	-0.0269588835	-0.0114122645	0.0036473413	0.083710222	0.0825342286	0.0139488747	0.0421690444	0.0535110967	0.1219864607	-0.0160480495	0.1731741956	-0.0289762522	0.0065370125	0.1101458699	0.0919370395	-0.1166539216	-0.0034221048	-0.0995886483	-0.1148303966	-0.0368166892	-0.0319106564	-0.030367636	-0.0339314417	-0.0165900492	-0.0179293566	0.0450830605	-0.0538261515	0.0487506163	-0.0019517405	0.006875104	0.0060883218	-0.0539091958	-0.0912296306	0.1240336982	0.0084568963	-0.1482303605	-0.0560961417	0.0010827851	-0.054921265	0.0237626825	-0.0111209577	0.0298156737	0.0396330363	0.0919814479	0.034166184	0.0889933628	0.0517878515	0.0008482025	-0.0503163898	0.00213044	0.0	4.5387745936e-06	0.0	0.025951	0.02992071	0.0006734544009999	0.000895248886904	-0.0260628	-0.0336375899999999	0.001131487461008	0.00067926954384	0.0001382	0.00059735	1.909924e-08	3.568270225e-07	-3.10599e-05	0.0	0.0	9.647173880099998e-10	-0.000267752	0.0	7.1691133504e-08	0.0	0.0	0.0	0.0	0.0	0.0	0.0	0.0
57095.9240523147	-79.4608712018453	6314.030052156247	3259944543.3876886	120039.20436738356	521.2189677470451	271669.21233929525	14409410585.154476	55809.47454559949	-49.41451889349264	3114697449.0559177	2441.7946774753414	74641.88226214125	56074.10573283389	1.053651	19.067122	0.121117729	0.0740947	-0.0071736982	0.1141650464	-0.0253386425	0.1330574215	-0.0497066183	0.0133965035	0.0809799551	0.0521026111	0.0139528646	0.0547409511	-0.0435228083	0.0929510201	0.0459012875	-0.0221291381	-0.0527784906	-0.0086027021	-0.0032919564	-0.0088348258	0.025199447	-0.0240146469	-0.0126536779	-0.0346844396	-0.0309878263	0.0467327452	0.0993500831	-0.0499191199	-0.0958589299	0.0139456643	0.0029313926	-0.0191922952	-0.0621914445	-0.0845261306	-0.0999544611	0.0087818753	-0.089963723	-0.0461702986	0.0576254487	0.0924891892	0.1163587476	0.0004428263	0.0653940918	0.0880564751	0.0516112249	0.0070931909	-0.0360633562	-0.041770911	0.0121732988	0.0002516404	-0.0635340739	0.1206054472	-0.1402329944	0.0599199953	-0.0759311222	-0.0814662954	0.0005405323	0.0804935347	0.1236442504	0.0640610281	-0.1078304042	0.0821481112	-0.0235717381	-0.0820345764	-0.0021124978	0.0393332337	-0.0126153579	0.0218952003	-0.0072089033	-0.0048389401	-0.0135141196	-0.0128453739	-0.1338580585	0.0933810432	-0.0249508125	0.0486114346	-0.0930429563	-0.124235072	-0.0274486732	0.0389308952	-0.0130547848	-0.0060055952	0.0299747915	0.0697892828	0.0611095966	0.0374724858	0.0039052749	0.0007057983	-0.1351519996	0.0113986878	-0.0634233259	0.0406236774	-0.0022316141	0.088137076	0.0488311722	-0.0042398529	-0.056115697	0.00212607	-4.370000000000068e-06	4.5201736449e-06	1.90969000000006e-11	-0.000122844	-0.026073844	1.5090648335999997e-08	0.0006798453409363	0.031509	0.0575718	0.00331451215524	0.000992817081	-0.000380432	-0.000518632	1.44728506624e-07	2.68979151424e-07	4.88874e-05	7.994729999999999e-05	6.3915707772899986e-09	2.38997787876e-09	-0.000116977	0.000150775	1.3683618529e-08	2.2733100625000007e-08	0.0	0.0	0.0	0.0	0.0	0.0	0.0
57073.72328402837	-22.200768286333187	492.87411250345735	3257409889.501842	119645.33250067868	-393.8718667048816	155135.04738158797	14315005589.197958	55691.843746014034	-117.6307995854586	3101581459.8304424	13837.005011114325	74647.54754210151	55791.24721868162	0.981814	17.767139	0.0889767689999999	0.0531084	-0.0286473325	0.0830466045	-0.0235240825	0.0026293328	-0.048048931	-0.0983874404	0.0033433371	-0.0528283484	-0.0293978093	0.0316599976	-0.059460933	0.0081439702	-0.048414721	0.0089734215	0.0115806396	0.1192381123	0.0239122813	0.0503711671	-0.0291259335	0.0089650578	0.0653290504	0.0224675282	0.0816365834	-0.0106290507	0.0184238522	0.0577607646	-0.1068055408	0.0999266729	0.0532845557	0.0062845797	-0.0049783596	-0.0510315851	-0.0269385451	0.0197143591	-0.0919374556	-0.0739252976	-0.0522483561	0.0523657808	0.0217062177	0.0542910754	-0.0212589011	0.0112906564	-0.0714229732	-0.004271501	-0.0154458433	-0.0846868474	0.0644480265	0.0852023426	-0.1286310598	0.060075769	-0.1588587577	-0.0570571433	-0.0980980898	0.0153672946	-0.0889891397	0.119769158	-0.0679555488	-0.0290025422	0.0172516686	0.0920138478	-0.0159645652	0.0645392768	0.0006654737	-0.0495892019	-0.0603482089	-0.0092821834	-0.0142347712	-0.0406287344	-0.0622054925	-0.0756913391	-0.1240843837	-0.032374266	-0.0542426456	0.0672186402	0.0026225268	-0.0170143569	-0.0357108312	0.0118801449	-0.1018545967	-0.0054850113	0.0245446877	0.0028383304	-0.0401912169	-0.0612019332	-0.0216737752	0.1082697081	-0.0377043946	0.0148376176	-0.0867945464	0.0114264812	-0.0569227788	0.0872566935	0.0458210968	-0.009317478	-0.0616696245	0.00214034	1.4270000000000256e-05	4.581055315600001e-06	2.0363290000000728e-10	0.0107209	0.010843744	0.00011493769681	0.0001175867839375	-0.00666804	-0.03817704	0.0014574863831616	4.44627574416e-05	0.000130096	0.000510528	1.6924969216000004e-08	2.60638838784e-07	-3.10599e-05	-7.994729999999999e-05	6.3915707772899986e-09	9.647173880099998e-10	9.1382e-05	0.000208359	8.350669924e-09	4.3413472881e-08	0.0	0.0	0.0	0.0	0.0	0.0	0.0
57108.47625485823	34.752970829860715	1207.7689815011497	3261378060.151706	119869.1208637488	223.7883630701253	50081.23144560624	14368606136.648018	55611.40236766582	-80.44137834821595	3092628073.298428	6470.815350560825	74468.53357466348	56052.97074958623	1.011601	18.306166	0.081657041	0.0453565	-0.0130557814	0.0937306272	-0.0035321185	0.0526372181	-0.0394768342	0.0163348943	-0.0850477479	0.0270716876	0.0722685348	0.0376816365	-0.127286444	0.0392171485	-0.132944211	-0.0728032897	0.1062190269	0.0319908434	-0.0792396485	-0.0704291022	-0.0253751094	0.0106019685	0.0869781735	0.0538935659	0.0030962496	0.0799863496	0.0339142109	-0.1173275677	-0.0219643776	0.096610136	0.0360373683	0.018466704	0.1747260902	-0.02129179	-0.0322591609	-0.0235746541	0.0130200903	-0.0259265267	0.0433702061	-0.0298802821	-0.1028303944	0.0299594755	-0.0775068257	-0.0424725591	0.2192396347	-0.060571187	0.024459275	0.0274074924	-0.1140010246	-0.1448993505	0.0992763112	-0.0472865425	-0.1288939149	-0.0373330942	-0.1526003268	-0.1076838852	-0.0675716851	-0.0303017803	0.1208935339	0.0653846222	0.011877367	0.021845992	-0.0803793533	0.1259878352	-0.0009683037	0.0633934106	0.0728016397	0.069711646	0.0439805557	-0.0515919208	-0.0524892035	-0.0068009117	-0.1533328488	-0.0705211242	0.0705552077	0.1520249691	-0.1072604804	-0.0520579264	0.0147626491	-0.0151914768	-0.06377375	-0.067346318	0.1118826475	-0.0311991163	-0.0489529236	0.0773438283	-0.0791139361	0.000272209	0.0331494249	-0.0021345242	-0.1253459944	0.1340421098	-0.0342214281	0.0863524559	0.0427609166	-0.0143721814	-0.0669538864	0.00478559	0.00264525	2.29018716481e-05	6.9973475625e-06	-0.000157701	-0.010878601	2.4869605401e-08	0.0001183439597172	0.0169744	0.02364244	0.0005589649691536	0.00028813025536	-0.000400585	-0.000530681	1.60468342225e-07	2.816223237610001e-07	-3.10599e-05	0.0	0.0	9.647173880099998e-10	-0.000267752	-0.000359134	7.1691133504e-08	1.28977229956e-07	0.0	0.0	0.0	0.0	0.0	0.0	0.0
57203.464515646985	94.98826078875572	9022.769687672668	3272236352.592884	119110.39260074806	-758.7282630007394	575668.5770761191	14187285625.50434	55669.32427654656	57.92190888074401	3099073665.407296	3354.947528389212	74377.58830107773	56405.98047707796	1.27885	23.142372	0.068986878	0.0495403	-0.0377942648	-0.0311858602	0.1313403838	-0.1198953994	-0.0719805427	-0.0258694306	-0.0604242835	-0.0550756092	-0.0017930735	-0.0807603996	0.0604526228	-0.0325524677	-0.1028478019	-0.0788426199	0.0865376155	-0.0079911301	0.0208910916	0.0720511645	-0.0568315266	0.0268553644	-0.1587277593	-0.0614630247	0.0686158649	0.0250424903	0.0114733527	-0.0068706573	0.1892243212	0.1080720281	0.0075517799	0.0109798821	0.0886725625	-0.070340537	-0.1771937924	0.0691128465	0.0725813328	0.0626113695	0.0314249412	0.0662618873	0.0350548375	-0.0381526046	0.0305792318	0.0542669279	-0.0171283528	0.0335684337	-0.0215948953	-0.0713313537	-0.0599902299	-0.1734411653	0.0228529298	-0.0282832363	0.0248647608	-0.0948369444	-0.0050637721	-0.0267000886	-0.106393985	0.0272848288	0.0218598388	0.0203306661	0.1588186416	-0.0104840974	0.0021047672	0.1245097252	0.017813535	0.028346231	0.0316566691	-0.0216659893	-0.0080320293	0.0103728496	-0.0337924492	-0.0187728162	0.1058149841	0.0141985195	-0.107076955	-0.0805001305	-0.0314892275	0.1071840245	-0.0431379098	-0.0663305198	0.0307526308	0.094969721	0.1995414209	-0.0976124805	0.019860216	-0.0977861926	0.0008602393	0.0411486816	0.1091950729	-0.0285128236	-0.0233688322	-0.0438763588	0.026946789	0.0854246103	0.0396539781	-0.0193915285	-0.071945376	0.00213431	-0.00265128	4.5552791761e-06	7.0292856384000015e-06	-0.000190329	-3.2627999999999986e-05	3.6225128241e-08	1.064586383999999e-09	-0.0215429	-0.0385173	0.00148358239929	0.00046409654041	8.085359999999998e-05	0.0004814386	6.537304632959997e-09	2.3178312556996e-07	4.32149e-05	7.427479999999999e-05	5.516745915039998e-09	1.8675275820099997e-09	-0.000267752	0.0	7.1691133504e-08	0.0	0.0	0.0	0.0	0.0	0.0	0.0	0.0
57510.12583008927	306.66131444228813	94041.16177547192	3307414572.992701	119213.51465786378	103.12205711571733	10634.158663777269	14211862077.080702	55878.89239477041	209.5681182238477	3122450615.2663302	43918.79617588461	74539.29439653255	57726.66839468115	1.31656	23.824789	0.023012791	0.0124312	0.0687741425	-0.0999432768	0.0012800207	-0.0745754536	0.0358212913	0.0143366406	-0.027233212	-0.0186693919	-0.0799326914	-0.0493927215	-0.0607606631	0.2411483678	0.0346911465	0.0381699187	0.1541835417	-0.1069714104	-0.0877254611	0.1051623704	0.0930704426	0.1472117049	-0.0439492586	0.0222251341	0.0905285844	-0.1051472961	-0.0207678099	0.038416542	0.0267863544	-0.0309028474	0.1778040703	0.0310448905	-0.0240608284	-0.0762952886	-0.0592275567	-0.069868335	-0.0895006396	0.1468989	-0.028818884	0.0246550036	-0.0406361792	0.0455419231	-0.0645899144	-0.0175106272	-0.0023171932	-0.1073797635	0.04916971	0.1097537475	0.1988775692	0.0542385824	-0.0167519154	0.0667881237	-0.0318206651	-0.0797236453	0.047632942	0.0275914744	0.0010920584	0.0842117004	-0.0600630806	0.0050138756	0.0198062355	-0.1211299798	0.0682386952	0.0706456208	0.0168234151	0.159083257	-0.1304589066	-0.113503892	0.0078437524	0.0425078517	0.2649202118	0.0235292234	-0.0500814384	-0.1309455641	-0.0348166519	0.0718659952	-0.1052117649	0.1200720176	0.0439331077	-0.0440775867	-0.0624195886	0.0029916933	0.0153324764	0.1468246064	0.046153565	-0.0855310448	0.0153441537	0.0554016986	0.0269937259	-0.063005726	-0.043517972	-0.0613093953	0.1783661199	0.0844734105	0.0365036785	-0.0243631711	-0.0766222668	0.00213084	-3.4699999999997758e-06	4.540479105600001e-06	1.204089999999844e-11	-0.00289461	-0.002704281	8.3787670521e-06	7.313135726961001e-06	-0.0291246	-0.0075817	5.748217489000001e-05	0.00084824232516	8.085359999999998e-05	0.0	6.537304632959997e-09	0.0	-6.06239e-05	-0.0001038388	1.078249638544e-08	3.67525725121e-09	-0.000117124	0.000150628	1.3718031376e-08	2.2688794384000004e-08	0.0	0.0	0.0	0.0	0.0	0.0	0.0
57432.648465978826	-77.47736411044752	6002.741949502863	3298509109.8167	119868.98084310583	655.466185242054	429635.91999577073	14368572568.364874	55971.84837970344	92.9559849330326	3132847811.0405107	8640.815134870183	74786.70824129804	58390.058980185	1.196691	21.655603	0.03836565	0.029493	0.1271838935	-0.0445126772	-0.0554207365	0.0365437593	0.1102622931	-0.0520398658	-0.0746176248	0.0460854112	-0.0113970147	-0.0901256719	-0.0490546783	-0.0483303539	0.1478555912	0.0846641533	-0.0219138498	0.0824605992	0.0024640306	-0.0400287704	-0.1384223566	-0.0516451627	-0.0974331446	0.018963096	-0.0430440652	0.0482378296	-0.0550734057	-0.0415433848	0.0416387586	-0.0806898125	0.0724324962	-0.1215567205	0.0959392729	0.0366259063	0.0916036129	0.0731413071	-0.0900492294	-0.0268740289	-0.0412441236	-0.0706409272	-0.0160172115	-0.0458560627	-0.0275295731	0.0640697675	-0.0093715756	-0.1511396137	0.0196648914	-0.0967949848	0.0356197989	-0.0695008139	-0.108280574	0.0363498292	-0.0226756117	0.0376729877	0.0737428858	-0.0497803588	0.069166465	0.0927289174	0.1151789781	-0.0149885702	-0.110804885	-0.069260618	0.0874870554	0.0282246041	0.0408314505	-0.1606410783	-0.0113341337	0.072517861	-0.0458251579	0.0454047789	-0.0111772826	0.0343962079	0.1140522363	0.075093373	-0.0726623286	0.0327051148	-0.0152175142	0.0055820434	-0.0339298947	0.0276597664	0.0127722885	-0.0303670331	0.044445037	0.0339179108	0.0442713757	0.1255606374	0.0670857111	0.0091785326	0.0614906676	0.0939821843	-0.0472327996	-0.053202087	-0.0291840905	0.0834991166	0.0333134626	-0.0292748789	-0.0809641079	0.00212745	-3.3900000000002505e-06	4.526043502499999e-06	1.1492100000001696e-11	0.0255121	0.0284067099999999	0.00065086724641	0.000806941173024	-0.0306278	-0.0015031999999999	2.259610239999999e-06	0.00093806213284	8.085359999999998e-05	0.0	6.537304632959997e-09	0.0	-7.90419e-05	-1.8418e-05	3.3922272399999994e-10	6.24762195561e-09	-0.000267753	-0.000150629	7.169166900900001e-08	2.2689095641000007e-08	0.0	0.0	0.0	0.0	0.0	0.0	0.0
57364.88916759043	-67.75929838839511	4591.322518087564	3290730509.2099338	119988.63308868997	119.6522455841332	14316.65987332572	14397272070.492266	55980.05531329719	8.206933593748545	3133766592.879813	67.35375901219841	74850.97849524135	57969.51845321792	1.110415	20.094336	0.0502197239999999	0.0291671	0.1111612117	0.0348566803	-0.048593483	0.115862588	0.0239923901	-0.0327205906	0.0086497537	0.060094808	-0.015865779	0.0739045094	0.0310796369	-0.0206816821	0.158079069	0.0117892666	-0.0612033566	0.0195183262	0.0357231922	-0.0311655428	0.0261668161	0.0840833365	-0.0060045668	0.0889158623	0.1577818188	-0.0364341661	-0.0563904732	0.0113072308	-0.0140161843	0.0050806022	-0.0180054888	0.0590497197	0.0977937688	0.0204635699	0.0223160601	-0.0405406396	-0.0596470335	-0.0672682737	-0.0424148097	-0.0787250084	0.124626402	0.0282842519	-0.0183415304	0.0339816897	0.0560777406	-0.1417433604	0.1171234216	-0.0309188059	-0.0251997835	-0.0476881126	0.0855598213	0.0909374297	0.0176927043	-0.0215930135	0.0390861241	-0.0076483666	-0.0663096608	0.0306958852	0.0076328021	0.0128509692	-0.1336722514	0.0492408554	0.0729178387	-0.0691819005	-0.0417003655	-0.011028979	-0.0374110751	0.027790243	0.058084392	0.021454411	0.0357916436	0.1711767965	0.0384383448	-0.0712092482	0.0194769924	-0.0139715269	-0.0323807675	-0.0393138775	0.0215438483	0.0098315016	0.0285742578	-0.0399986227	0.1037202553	0.0164192369	0.0651125484	-0.0738091387	0.1096891124	0.1024519124	0.0060059032	-0.0231542059	0.0269966819	0.0198784123	-0.091910702	0.0825019948	0.030086819	-0.0341145687	-0.0849519136	0.0107934	0.00866595	0.0001164974835599	7.50986894025e-05	-0.000190329	-0.025702429	3.6225128241e-08	0.0006606148565	-0.0215422	0.0090856	8.254812735999998e-05	0.00046406638084	8.085359999999998e-05	0.0	6.537304632959997e-09	0.0	5.6273e-05	0.0001353149	1.831012216201e-08	3.166650529e-09	-0.000267753	0.0	7.169166900900001e-08	0.0	0.0	0.0	0.0	0.0	0.0	0.0	0.0
57128.83942145258	-236.04974613784725	55719.48265174213	3263704293.642114	119704.31939980054	-284.31368888942234	80834.27368991124	14329124082.969463	55930.52616988202	-49.529143415173166	3128223757.6398573	2453.136047440792	74976.86254836486	56492.36320838038	1.119454	20.257914	0.033218714	0.0228533	0.0293349962	0.0103822991	-0.1014819686	0.0477405908	0.1070156002	-0.0627625577	0.0469696709	-0.0123511189	0.0726671192	0.0136017783	-0.0044759907	-0.1159318595	0.1155237226	0.1591062767	-0.0370479942	0.0571235088	0.0022999116	-0.0114033824	0.0189565805	0.0639845053	-0.0291356834	-0.0437294643	0.0232141079	0.1167300022	0.0490027682	-0.0445073801	-0.0733992678	-0.0386903012	0.0263772713	0.0521212608	-0.0236295071	0.159159402	0.0182635347	-0.0080907677	0.0924040044	0.0610482101	-0.137956223	0.0926281402	-0.0772388359	0.0122237548	0.0404949589	0.0718414523	0.0576043432	-0.0449261774	0.0149929251	-0.0233532925	-0.1357575895	0.0397801919	0.0377199707	-0.0983783621	0.0061706051	0.0280098504	-0.0015121447	-0.0898885116	-0.023292012	0.0454710004	-0.0542648269	-0.1137224357	-0.1192699067	-0.0132148349	0.0216981674	-0.0884375159	0.0536299708	-0.1631942792	0.00660471	0.0650118068	0.0347282235	0.0561671222	-0.0209531542	-0.0490185225	-0.0265978344	-0.0285631002	0.0229602292	-0.1145893445	-0.0504410947	-0.0011559386	-0.0228789967	-0.0948979355	-0.0078133838	-0.1070702121	-0.0336339313	-0.0848860175	0.0435676028	0.0002461978	-0.0240063175	-0.0258210412	-0.0950849769	0.1166611662	0.0112442973	0.1465071217	0.1099084294	0.0814823178	0.0268272759	-0.0388703345	-0.0885682462	0.00974453	-0.00104887	9.49558649209e-05	1.1001282769000008e-06	0.0201011	0.020291429	0.00040405422121	0.000411742090862	-0.0112244	0.0103178	0.00010645699684	0.00012598715536	8.085359999999998e-05	0.0	6.537304632959997e-09	0.0	8.74853e-05	3.12123e-05	9.7420767129e-10	7.65367771609e-09	-0.000267753	0.0	7.169166900900001e-08	0.0	0.0	0.0	0.0	0.0	0.0	0.0	0.0
57087.287009780994	-41.55241167158965	1726.60291572526	3258958338.1371098	120396.60801384533	692.2886140447808	479263.5251360436	14495343221.239525	55812.15539500957	-118.37077487244824	3114996689.836696	14011.640343903822	74868.05821109316	56369.31606589956	1.163868	21.061628	0.04849986	0.0259763	-0.0266344719	0.0941328095	-0.0189323824	0.1486983893	-0.1006093666	-0.0862995852	0.0437650488	-0.0357811877	0.0616551822	0.137645416	-0.038900027	0.0479428639	0.0274510931	-0.0071396004	0.003639432	0.1024960973	0.0480889856	-0.0643944147	0.0040193483	-0.023312523	0.0194794565	0.0894938256	-0.0554420378	0.0263516938	0.0917753118	0.0877810547	0.0084792902	-0.0620034848	-0.0272138054	-0.0773840029	-0.1027556951	0.1000504386	-0.1778931253	-0.0369728484	0.0544580727	0.017868589	-0.004749738	-0.0955881366	0.0159724384	-0.0375086	0.1079471725	-0.0397874781	-0.0151266138	0.1831505744	0.0420637289	0.0029265351	0.0453216102	0.1024344881	0.0496986885	-0.09229863	-0.104945722	0.0556865932	-0.0112205223	-0.0198275111	0.0125767659	-0.0873110965	0.0782599221	0.0123024743	-0.0877576518	0.1569625163	-0.0468035627	-0.0025096324	-0.0579197185	-0.0039171231	0.0257367981	0.0326388495	-0.0140296823	-0.0485428731	0.027979893	-0.0082154101	-0.0188719501	-0.0646445064	0.0926982612	-0.0166304012	0.0093065935	0.0127164861	-0.0832174783	0.1622302745	0.0328382392	-0.0818337822	0.1026023945	-0.0727166306	0.18889389	-0.062891314	-0.0095310908	0.0539529414	-0.1253981852	0.161058012	0.0508834945	-0.0629599191	-0.0728268905	0.0804403643	0.0235383975	-0.0435304769	-0.0917972923	0.00217417	-0.00757036	4.7270151889e-06	5.73103505296e-05	-0.000190329	-0.020291429	3.6225128241e-08	0.000411742090862	0.000910426	0.012134826	0.0001472540020502	8.28875501476e-07	8.085359999999998e-05	0.0	6.537304632959997e-09	0.0	-8.257959999999998e-05	-0.0001700648999999	2.8922070212009993e-08	6.819390336159997e-09	-0.000267753	0.0	7.169166900900001e-08	0.0	0.0	0.0	0.0	0.0	0.0	0.0	0.0
57100.08775326428	12.80074348328344	163.85903372482346	3260420021.430481	119347.93654794582	-1048.6714658995045	1099711.8433918152	14243929958.252502	55696.01425980549	-116.14113520408137	3102046004.4284563	13488.763286492707	74520.31275479571	55692.47729399046	1.136091	20.558966	0.028501216	0.0220954	-0.0555869818	0.0061559664	0.0885598986	-0.0520187944	-0.0757650679	0.0444841027	-0.0011147307	-0.0209016057	0.0786515773	-0.0129713392	-0.0320329992	-0.0543827464	-0.0731320094	-0.0198397477	0.0305468962	0.0509375554	-0.0422581003	0.0004354345	-0.0800159954	0.0489342199	-0.0189072885	-0.0836847475	-0.0527469816	0.0283498548	0.0170797453	-0.0123768202	-0.0331024015	-0.0081735742	0.004079205	-0.0536150743	0.1343126198	-0.0307056518	0.0005335404	0.0525539323	0.0146389925	-0.0037589283	0.0339282183	-0.0377022667	0.0475711854	0.0195011663	-0.0678112568	-0.0191430625	-0.0307765658	0.0527521424	0.114149553	0.0611285183	0.0195193374	0.0165653612	-0.0858889868	0.073366764	-0.0419088669	-0.0087818923	0.0959332807	0.0283887625	0.0050143781	-0.0296381692	0.0180710164	0.0049297711	0.0843707219	0.0236173592	-0.0422255925	0.0218382623	0.0372337014	-0.0228417633	0.0735909073	0.0557348561	-0.0377624487	0.0307894627	0.0107355325	-0.0580897155	0.0085405061	-0.0597440192	-0.1015904696	-0.0764076472	-0.0619752922	0.0554115892	0.0369174894	0.0591717052	0.0070752274	-0.0062358477	0.011635063	0.0052292778	0.0164191298	0.0124778149	-0.0405974019	0.0283375386	-0.0472418959	0.0645532571	0.0413773315	-0.0294440768	0.0362380159	0.0793764193	0.0202237803	-0.0480835316	-0.0946249323	0.00215508	-1.908999999999982e-05	4.644369806400001e-06	3.644280999999931e-10	-0.000188932	1.3969999999999868e-06	3.5695300624e-08	1.951608999999963e-12	0.0132935	0.0123830739999999	0.0001533405216894	0.0001767171422499	-0.000234308	-0.0003151616	5.4900238864e-08	9.932683411456e-08	-7.578809999999998e-05	6.791500000000004e-06	4.612447225000006e-11	5.743836101609997e-09	-0.000267753	0.0	7.169166900900001e-08	0.0	0.0	0.0	0.0	0.0	0.0	0.0	0.0
57241.43804604673	141.35029278245202	19979.905269684907	3276582229.579406	119120.52341393432	-227.4131340114982	51716.73352093163	14189699098.409676	55731.84131656569	35.82705676020123	3106038136.534858	1283.5779960986806	74671.13925558883	56860.42058986479	1.249053	22.603165	0.103573877	0.0588796	-0.0072472493	-0.130038997	-0.0074820018	-0.093600661	0.0493545539	-0.0262412353	0.0540832798	-0.091405784	-0.0357431896	0.0239790945	0.0331369591	0.2105607856	-0.0770036008	-0.0016454298	0.082692423	-0.1351223631	0.0067688835	0.1184370655	0.1856913211	0.1157169717	-0.1226094205	0.0590851906	0.126348404	0.0652539682	-0.0144316434	0.1245527876	-0.0296803191	-0.0654162273	-0.0031748065	0.06674288	-0.0937419404	0.0161913393	-0.1346053011	0.0263829899	-0.027392212	-0.0774484366	-0.0186581066	0.0223638297	-0.0977384293	-0.0207206977	0.0258689744	0.0308838052	-0.0517507406	-0.0944376835	-0.0852205816	0.0906231429	0.0475820564	0.0555235704	-0.044182541	0.0099812183	0.0673115242	-0.0201737089	0.0948332576	0.0630149845	0.0701367508	0.0268142499	0.0721263029	-0.0970798218	0.0873776285	-0.0282332713	0.0118413796	0.0464348752	-0.0191691093	0.1630802338	-0.1527261763	-0.0718416182	0.1128938028	0.0395054086	0.1351559716	0.015715756	-0.0451816358	-0.0958386277	0.0424527119	-0.0830495667	-0.0849611591	0.1224090099	-0.2268890237	-0.1210261567	0.052508244	-0.0650791107	-0.0799230489	-0.0570254627	0.0949586165	-0.0426490734	-0.0896705845	0.0306857335	0.0358638707	-0.0228956229	-0.0301392609	-0.0432503181	-0.0722724931	0.0782907735	0.0168870486	-0.0525182979	-0.0970388015	0.00997289	0.00781781	9.94585349521e-05	6.111815319609999e-05	0.0132262	0.013415132	0.00017493236644	0.0001799657665774	-0.0366497	-0.0499432	0.00249432322624	0.00134320051009	6.93323e-05	0.0003036403	4.80696782329e-09	9.219743178409001e-08	7.56586e-05	0.0001514466999999	2.2936102940889995e-08	5.7242237539600005e-09	-7.48853e-05	0.0001928677	5.607808156090001e-09	3.7197949703290014e-08	0.0	0.0	0.0	0.0	0.0	0.0	0.0
57093.26861354715	-148.16943249957694	21954.180727246687	3259641320.978648	119281.47619676036	160.9527828260325	25905.79829944398	14228070563.678308	55766.14112523916	34.29980867347331	3109862496.0000906	1176.4768750368748	74650.49696283504	56485.0186601019	1.128119	20.414711	0.0888709075	0.0634093	-0.0116097873	-0.0573015159	-0.0723129386	0.0278033723	0.0581335614	0.1254677706	0.0610502439	-0.0082531957	0.011410829	0.0003626594	-0.0367459214	-0.0734180656	-0.025515946	0.088387729	0.0982012319	-0.0388410797	-0.0559882154	0.0414518307	-0.0509641629	-0.0130237697	-0.0837966973	-0.0082231266	-0.1360130458	0.0450707693	0.0805605368	0.0279805468	-0.0587884317	-0.1081017099	-0.0146285948	0.058031844	0.0699238662	0.0064452828	0.0302023119	-0.071925996	0.0008371079	0.0345131867	-0.0351972085	0.0520622594	0.02377309	-0.023803663	-0.0300047913	-0.0726438661	-0.0424727242	-0.0523231479	0.0065194163	-0.0524476897	0.0355734484	-0.0032678679	-0.0144944651	-0.0127716858	-0.0103809686	-0.1134446051	0.0241575353	0.0631038272	-0.0266910195	0.0361494768	0.0674516264	-0.0406622143	-0.0331913757	-0.0681115065	-0.0510135395	-0.0105164658	0.0253301255	0.1002933614	0.0737895003	0.0335670752	-0.0027280851	-0.0311030548	0.0890086265	0.0139904958	-0.0204050683	0.1177630062	-0.2285422887	-0.0647937803	-0.0297581713	-0.0579326206	0.0188273411	0.0112867711	0.0174509558	-0.0670276663	-0.1203914284	0.0284877982	0.0059500887	0.0070519418	-0.0049584818	0.0102452804	0.0207920821	-0.0317475782	-0.0543657472	0.0132215714	0.0813638341	0.0771837238	0.0135318513	-0.0568238659	-0.0990283447	0.0106919	0.00071901	0.00011431672561	5.169753801000012e-07	0.00396053	-0.00926567	1.56857978809e-05	8.58526405489e-05	0.0214592	0.0581089	0.00337664425921	0.00046049726464	-0.000212477	-0.0002818093	4.5146475529e-08	7.941648156649e-08	-2.96195e-06	-7.862055e-05	6.1811908823025e-09	8.7731478025e-12	-0.000130002	-5.511669999999999e-05	1.6900520003999997e-08	3.037850618889998e-09	0.0	0.0	0.0	0.0	0.0	0.0	0.0
57020.97760215336	-72.29101139379054	5225.990328337154	3251391886.7052755	119453.19273535532	171.7165385949629	29486.569627035387	14269065254.669945	55765.61394292092	-0.5271823182411026	3109803698.4308963	0.2779211966660632	74842.0029639691	55933.55822753906	1.027147	18.58749	0.0736630375	0.0399806	-0.0532889209	-0.0219852226	-0.1148914025	0.0235339204	0.0807675199	-0.0275384248	0.077860456	-0.0547980122	0.0201627739	-0.0840932867	0.0256949924	-0.0984812203	-0.0144770155	0.1211971238	0.0175959054	0.0229779941	0.0108525148	0.0576446441	0.0334092924	-0.036662186	0.0482889029	0.0228562678	-0.0342836536	-0.0248695932	-0.0918539892	-0.1390877004	0.0265927168	-0.0695123938	-0.1181226404	-0.0380440082	-0.0222967	0.1799509352	0.128301698	-0.1274639163	0.0234334588	-0.0421141961	0.0815710747	0.0940387526	-0.0246108238	-0.1272961478	0.0654114391	0.0419629678	0.0485920265	0.0851177567	0.0102741783	0.0308787899	0.0313570477	-0.0436198021	-0.0370517133	0.032457869	0.0169849271	0.0890821511	0.0535970949	0.0887617908	0.0439933879	-0.0534724541	0.0196372848	-0.119268477	-0.0561902184	-0.0163529107	-0.0450974712	0.0157815988	0.0548466386	0.0127154411	-0.0204566762	-0.053864057	-0.1000129753	0.009365753	-0.0097350101	0.1134821616	0.0867810583	-0.033285185	-0.027221395	-0.0325449517	0.1578866673	-0.0058151961	0.0259637802	0.0733426307	0.0994509289	-0.0649322228	-0.1459697188	0.1286479253	-0.0308260715	0.0977646191	-0.0873952504	0.0233393998	-0.0097249496	-0.025294974	0.1218580586	0.160839244	0.0229464892	0.0760555728	0.010161857	-0.0609896438	-0.1005848622	0.0162183	0.0055264	0.00026303325489	3.054109696000001e-05	0.0149363	0.01097577	0.00022309305769	0.0001204675270928	-0.00819804	-0.02965724	0.0008795518844176	6.72078598416e-05	0.000121224	0.000333701	1.4695258176e-08	1.11356357401e-07	7.56586e-05	7.862055e-05	6.1811908823025e-09	5.7242237539600005e-09	-0.000267753	-0.000137751	7.169166900900001e-08	1.8975338001000013e-08	0.0	0.0	0.0	0.0	0.0	0.0	0.0
56944.86167183384	-76.11593031952361	5793.634848406574	3242717270.8242903	119380.5161585274	-72.67657682791469	5281.884819423786	14251707638.276424	55729.75748963648	-35.85645328443934	3105805869.853693	1285.685242139181	74733.78948221804	55127.53497292537	1.014657	18.361469	0.089708969	0.0582487	-0.0854831421	-0.0078334732	-0.0892661798	0.0459518828	0.0336112221	0.1055404567	0.0295233824	-0.0499850759	0.0901421179	-0.0643237699	0.0163597422	-0.106723337	-0.0270687115	0.0970340702	-0.0398487743	0.0829375893	-0.0426301014	-0.0876790736	-0.0983358522	-0.0388234168	-0.0055256856	0.047892013	-0.0352240885	-0.0811565204	-0.1099906362	-0.013933623	0.0459332894	0.165381819	-0.0139747848	0.1715678491	-0.0131602858	0.0041482661	0.0728915638	-9.92828e-05	-0.0072878112	0.0505117475	0.0779225939	0.07011968	-0.0210951417	-0.0021433533	0.0098374524	0.0065472464	-0.0133326456	-0.0146274874	-0.0997988226	0.0004355011	0.1135534365	-0.0682350282	-0.0164665948	0.0441952736	0.0381937788	-0.0315675549	-0.0230877798	0.0399665465	-0.0542251721	-0.0153925031	0.028037235	-0.0563559862	-0.0604595227	-0.0302834261	-0.1029564604	-0.0333513359	0.0816834601	-0.024306517	0.096609141	-0.0059698087	-0.1071425132	0.0087056119	-0.0022249778	0.0759959408	0.0149773446	-0.0105214394	-0.0095943999	0.0275300442	0.1135209319	0.0260717784	0.0831833125	-0.0456561725	0.0652106329	-0.0023593728	0.0278332889	0.0769608636	-0.079735728	-0.1531217573	-0.0136171498	-0.0331268443	0.0475423961	-0.0621051312	-0.0560537145	-0.0196067996	0.0559162354	0.074906629	0.0067807509	-0.0650053833	-0.1017015476	0.00532519	-0.01089311	2.83576485361e-05	0.0001186598454721	-0.000203869	-0.015140169	4.1562569161e-08	0.0002292247173485	0.0427168	0.05091484	0.0025923209322256	0.00182472500224	-0.000133993	-0.000255217	1.7954124049000002e-08	6.513571708900003e-08	7.56586e-05	0.0	0.0	5.7242237539600005e-09	-0.000267753	0.0	7.169166900900001e-08	0.0	0.0	0.0	0.0	0.0	0.0	0.0	0.0
57055.278721008974	110.41704917513562	12191.924748544316	3255304829.932019	120119.87707378138	739.360915253972	546654.5630051913	14428784868.220348	55750.6882553412	20.930765704717487	3108139240.944239	438.0969529857777	74764.83268815969	55756.10954133997	1.167762	21.132101	0.094398886	0.0644095	-0.0718591888	0.1124974609	-0.0411947978	0.0873113516	-0.0638699148	-0.0718751334	-0.0896979636	-0.1389528829	0.0389025006	0.012701729	-0.0269478318	-0.0365894299	-0.0536600844	-0.0330583516	0.0666299525	0.0602967412	-0.0364985452	-0.0412609477	-0.0695213575	0.0690517355	0.0570664288	0.0586853155	0.1282517276	-0.0932175978	-0.0883912089	0.0213927875	-0.0263259472	0.0042931894	0.0396954182	-0.0888350803	0.1216231731	0.0070921552	-0.0992401453	-0.0087921935	0.055530221	-0.0765842876	-0.0222923877	0.1525701678	0.0021857112	-0.0064526852	-0.0232228808	-0.0353727942	-0.053441384	0.1874704216	0.023880571	-0.017971367	-0.0995075663	0.0248487307	0.0134792941	0.0603367716	-0.0489991933	-0.0565219635	0.0969589646	0.0403545358	-0.1318099891	-0.0035711021	-0.0593024316	0.0041134642	-0.0292326833	0.0948603237	-0.0750494702	0.1333842773	-0.0227180092	-0.0366579838	0.0158963697	-0.0068583745	0.0731489712	-0.077960426	0.0598231953	0.0734156095	0.0638050006	0.0006928517	0.0635507155	-0.0112404959	-0.0402939373	-0.0263272921	0.059742712	-0.0385502669	-0.1639556474	0.0427156545	0.0571348732	0.0920528618	0.0125128812	-0.0916945429	0.0048330498	0.0743044689	0.0504385072	-0.0091822968	0.0417833785	0.0532968253	-0.0461625151	0.0737372065	0.0033922301	-0.0688612056	-0.1023735181	0.00214704	-0.00317815	4.6097807616e-06	1.01006374225e-05	-0.000199693	4.175999999999995e-06	3.9877294249e-08	1.7438975999999958e-11	-0.00285638	-0.04557318	0.0020769147353124	8.158906704399999e-06	0.000588306	0.000722299	3.46103949636e-07	5.21715845401e-07	7.56586e-05	0.0	0.0	5.7242237539600005e-09	-7.71844e-05	0.0001905686	5.95743160336e-09	3.6316391305960015e-08	0.0	0.0	0.0	0.0	0.0	0.0	0.0
57226.709785333216	171.43106432424247	29388.60981534256	3274896312.8547525	119491.07564965916	-628.8014241222118	395391.2309781216	14278117159.912567	55858.98831313776	108.30005779655768	3120226575.3672605	11728.902518737732	74483.65230854186	55959.97344455685	1.183782	21.422009	0.068728632	0.0407221	-0.0439438983	0.0370935685	0.1151503342	-0.0640054969	-0.094264567	0.0806365709	-0.0676169184	0.0459372156	0.127297962	-0.0495507486	-0.0206877042	-0.0042890187	0.0205823442	-0.1499772441	-0.0140796005	0.0172479871	0.0473875944	0.0023009591	-0.0548856948	-0.0217647087	0.105972932	0.077962003	-0.0608913911	-0.0038095664	0.0854961531	0.0209473733	0.0832689034	0.0691630738	0.0002771663	0.0521064332	-0.0054330673	0.0810589595	-0.1322626698	0.0464544922	0.0103842414	0.2414594533	-0.045068157	0.0686804307	-0.078910268	-0.047926149	0.1090607314	0.057222866	0.0317813552	-0.0669793901	-0.0322384418	-0.0677796052	-0.0189269905	0.0116078848	0.0678577652	-0.0528904543	-0.0844435242	-0.0077369998	-0.0297025597	-0.0468287933	-0.0697145165	2.30316e-05	-0.1078560614	0.1034652413	0.0804605002	0.0055136768	0.0162415552	-0.0255014743	0.0466358385	-0.0364411495	0.1393834605	0.0510454786	0.0067421737	0.024679297	0.0753574615	-0.033271696	0.0712836887	-0.0084044183	0.0570532601	0.1133246916	0.0097347849	0.0216682579	-0.0611284921	0.0667292278	-0.0666533998	0.0829358728	0.0575364689	-0.0813421313	-0.0751478697	-0.0456371498	-0.210381311	0.010603973	0.0437717877	-0.0857163303	-0.0781463467	-0.0351604877	0.1160035546	0.072547625	-0.0	-0.072547625	-0.1025978352	0.00215077	3.7300000000004e-06	4.625811592900001e-06	1.391290000000298e-11	-0.0138438	-0.0136441069999999	0.0001916507984399	0.0001861616558274	0.0167473	0.01960368	0.0003843042695423	0.00028047205729	6.93323e-05	-0.0005189737	4.80696782329e-09	2.693337012916901e-07	7.56586e-05	0.0	0.0	5.7242237539600005e-09	-0.000267753	-0.0001905686	7.169166900900001e-08	3.6316391305960015e-08	0.0	0.0	0.0	0.0	0.0	0.0	0.0
57292.6648231667	65.95503783348249	4350.067015616107	3282449442.539723	119129.05304732746	-362.0226023317082	131060.36459902213	14191731279.95296	55820.22953005421	-38.758783083547314	3115898024.787936	1502.2432661174737	74639.7253005663	57063.71137340279	1.186775	21.47617	0.113939855	0.0727445	0.0085084148	-0.0843263093	0.0936982018	-0.1381309304	0.0462121801	-0.0795831209	-0.0487746477	0.032449937	-0.1020648241	-0.0323400385	-0.0029022561	-0.0855266087	0.0303926033	-0.0401676207	-0.0572795081	-0.0980440808	0.124097442	0.0773380474	-0.0930320171	-0.0264058888	0.0331842238	-0.0674046448	0.0774919207	-0.0168594323	0.0327064759	-0.0520387245	-0.1634541467	0.0054393172	0.1147004402	0.0063480879	0.0020349593	0.0038131793	0.0261932845	0.0292005941	0.0082690592	-0.0170404671	0.0483547075	-0.0427461218	-0.0768764745	-0.1496465226	-0.0128897442	0.0003361717	-0.0274074343	0.0306486289	0.1273083017	-0.0134129247	0.0558302723	0.0832233172	-0.0096739206	-0.0137722971	0.0948038078	-0.0340698905	-0.1866117879	0.0590800694	-0.0600747175	-0.0227570379	-0.0076642842	-0.0456432404	0.101868916	-0.0228886332	0.1010078551	-0.020423477	-0.0050652813	-0.0890535987	-0.0667457415	0.0370464477	0.1208394674	-0.0344185094	-0.060978175	0.0323208237	0.0640522046	0.0086074718	-0.0088532648	0.0054102677	0.0056200624	-0.0400574311	-0.0117852382	0.090971257	0.0844467031	0.0674396559	-0.1308179396	0.1017011125	-0.1120296208	-0.1027103827	0.0878594219	0.0191580814	-0.0529729192	-0.0249546328	0.0310105683	-0.0091419357	-0.0406203018	0.0713382097	-0.0033922301	-0.0760555728	-0.1023735181	0.00215892	8.149999999999737e-06	4.6609355664e-06	6.642249999999572e-11	0.0143932	0.0282369999999999	0.00020716420624	0.0007973281689999	-0.0446236	-0.0613709	0.00376638736681	0.00199126567696	0.000350934	0.0002816017	1.23154672356e-07	7.929951744289e-08	0.000280533	0.0002048744	4.1973519775360015e-08	7.869876408900001e-08	-0.000267753	0.0	7.169166900900001e-08	0.0	0.0	0.0	0.0	0.0	0.0	0.0	0.0
57228.83150020033	-63.83332296636945	4074.6931209288296	3275139154.8783216	119445.71785261824	316.664805290784	100276.59890985012	14267279513.327284	55841.60122767857	21.371697624359516	3118284427.671073	456.749459347054	74528.57200063745	57113.73587118317	1.019492	18.448969	0.087018945	0.057468	0.0086225823	-0.0679957468	0.0594261239	-0.0094151431	0.0016886821	0.1066920764	0.0421197532	0.1194020631	-0.0568288923	0.0394257982	0.0608965364	0.0635807313	0.0236117821	-0.0393401374	-0.1173096416	-0.0748993804	-0.0136438942	0.0668509934	0.082823254	-0.00754506	0.0920288547	0.039047474	0.0087703397	0.0348752314	0.069911204	-0.110023253	0.0293284601	0.0332056578	-0.0732451461	-0.1105065833	-0.0915580731	0.0073578548	0.036609413	0.0386982085	0.0660164983	-0.0203243458	0.0080042432	-0.0222264084	-0.0238033215	-0.0164695691	0.0426372426	-0.1354586443	-0.1856254597	-0.055887972	0.015917703	0.0836127505	0.0736923064	-0.0211883147	0.0036117017	-0.0256533102	0.0865935467	0.042582494	-0.0147831755	0.0055622876	0.0384090644	0.0007675748	-0.0009541847	0.0548353927	0.0259578864	-0.0362125872	0.0271865157	-0.1384901881	-0.0337350818	0.0907702951	0.0060416563	-0.0061801296	0.0258998567	0.0284478085	-0.0249258349	0.029230007	0.0275909223	0.0496746279	0.0639309624	0.0673103691	-0.0607490042	-0.1444845135	-0.007981999	-0.0075976593	0.0288365894	0.0210010189	-0.0097968551	-0.0023567615	-0.0120704822	0.0718302046	-0.0131370692	-0.0765490703	0.0336845394	-0.0372310791	0.1639678139	-0.0518368696	-0.1141322898	0.0701092912	-0.0067807509	-0.0793764193	-0.1017015476	0.00217084	1.19199999999999e-05	4.712546305599999e-06	1.4208639999999758e-10	0.00658191	-0.00781129	4.33215392481e-05	6.10162514641e-05	0.00142137	0.04604497	0.0021201392623009	2.0202926769e-06	-0.000121245	-0.000472179	1.4700350025e-08	2.2295300804100002e-07	8.969669999999998e-05	-0.0001908363	3.6418493397690026e-08	8.045497990889997e-09	-0.000267753	0.0	7.169166900900001e-08	0.0	0.0	0.0	0.0	0.0	0.0	0.0	0.0
57144.50793595114	-84.32356424919271	7110.463487687732	3265494787.2419825	119003.47076910896	-442.2470835092827	195582.48287246644	14161826055.09417	55774.31133808992	-67.28988958864647	3110773805.2381864	4527.929240852233	74579.32022355314	56579.95831008445	1.137214	20.579296	0.06237914	0.0307453	-0.0300264337	-0.1024868276	-0.0409480016	-0.0858581494	0.021815648	0.0073279109	0.0489167692	-0.0919057197	-0.1589821833	-0.0599026118	0.013971336	0.246197063	-0.0368477314	0.0765505775	0.0007096556	-0.0970233448	0.0480346261	0.1102567947	0.2641814791	-0.0561177025	0.173955981	-0.0869418924	0.0186428345	-0.0480088061	-0.143848344	0.0117241306	-0.095670887	-0.1157073962	0.0433818645	-0.0148735946	0.0979347085	-0.0226367656	-0.0700524411	-0.0563563296	0.1262483508	-0.0558400323	-0.0722564413	-0.0012792468	-0.0771058764	-0.0934591043	0.0638721288	-0.1013497822	0.0237977291	0.0428200933	-0.023039257	-0.0289743172	-0.0216391022	-0.0357973658	0.0620967432	0.0780487595	-0.116483635	0.1157273926	0.0613500728	-0.0164263812	0.1004910254	0.0622027744	0.0684482604	-0.0527464182	0.0605257451	-0.0473177988	-0.0002977316	0.0121631109	0.001047088	0.0791056334	-0.2342906078	-0.1477385988	0.034002404	0.0726383393	0.1850238183	-0.114618129	-0.0595162526	0.0001877849	0.1042344148	-0.1214597817	0.072201634	-0.1623142981	0.0137548997	0.0094870679	-0.0276437597	0.079491907	0.00147779	0.1026758436	0.0106281736	0.044718339	-0.0483901652	0.0956067917	0.0180322391	-0.0181135536	0.0621518659	0.0235106966	-0.0076466326	0.0688612056	-0.010161857	-0.0825019948	-0.1005848622	0.0150495	0.01287866	0.00022648745025	0.0001658598833956	0.0177987	0.01121679	0.00031679372169	0.0001258163779041	-0.00944779	-0.01086916	0.0001181386391055	8.926073588409999e-05	0.000188775	0.00031002	3.5636000625e-08	9.61124004e-08	6.39962e-05	-2.5700499999999985e-05	6.605157002499991e-10	4.0955136144400005e-09	-5.51829e-05	0.0002125701	3.04515245241e-09	4.5186047414010015e-08	0.0	0.0	0.0	0.0	0.0	0.0	0.0
57192.589043257154	48.08110730601766	2311.7928797727845	3270992241.470898	119596.8906080327	593.4198389237426	352147.10522828065	14303416243.10974	55721.59803691008	-52.713301179843256	3104896487.786981	2778.6921212768643	74649.80357010495	56834.36976609838	1.055273	19.096464	0.0900486929999999	0.0528727	-0.0165356827	-0.0609492995	-0.038365162	0.0042975498	0.0217938785	0.0820803398	0.0075079991	0.0280141652	-0.0206282295	0.0099726623	0.0292017775	-0.0080615553	-0.0525210172	0.0641456575	0.0118630138	-0.0835693054	-0.1081402005	0.0656258713	-0.1233016386	-0.0872426937	0.0756326984	0.1289317913	0.0754463299	0.0873688098	0.0079810916	0.1120754675	-0.078807061	0.0252704266	-0.0697836884	-0.0745415188	-0.0023432635	-0.0335634568	0.0009331295	0.0282549489	-0.0372995536	0.0257520563	0.1352442354	0.1076070617	0.1027296799	-0.0646925024	0.0320235271	-0.1307949082	0.0325783824	-0.0213349042	0.071136514	0.0444966665	-0.0466632509	0.0042770319	-0.0137109167	-0.0104376109	0.0435122181	-0.0805187878	-0.1071375296	-0.1144111536	0.1898638498	-0.0945519489	-0.0073644215	-0.0169919906	0.0034424072	-0.0589991663	-0.0448172143	-0.0098795589	-0.0129161524	0.1290762456	0.0474424067	-0.0542755096	0.0555705114	-0.1232191837	-0.0327304881	0.1325020304	0.0500772382	0.1255824233	-0.0480090556	0.0310822357	-0.0199857865	-0.0728393516	0.0847761861	0.0305734471	-0.1438970579	-0.0921095082	-0.0854274552	-0.0659725415	-0.0337693887	-0.04457256	0.0057736755	0.1255883175	-0.0988905179	0.0182876737	0.0872390087	0.0231908478	-0.0260146654	0.0675942939	-0.0135318513	-0.0854246103	-0.0990283447	0.015498	0.0004484999999999	0.000240188004	2.011522499999993e-07	-0.000207923	-0.018006623	4.3231973929e-08	0.0003242384718641	0.0222522	0.03169999	0.0010048893660001	0.00049516040484	-0.000388537	-0.000577312	1.50961000369e-07	3.33289145344e-07	5.60067e-05	-7.989500000000002e-06	6.383211025000003e-11	3.13675044489e-09	-0.000267753	-0.0002125701	7.169166900900001e-08	4.5186047414010015e-08	0.0	0.0	0.0	0.0	0.0	0.0	0.0
57199.71368244262	7.12463918546564	50.76048352307249	3271807245.3534136	120006.62945485945	409.73884682674543	167885.92259891116	14401591113.115938	55721.79839963329	0.2003627232115832	3104918816.889375	0.0401452208527615	74623.07193578036	56723.28369359782	1.0981	19.871487	0.0405914379999999	0.0239383	0.0005362475	0.0156530654	-0.0805348798	0.0590856614	0.0718190375	0.0192751636	-0.1357702036	-0.0604948083	-0.002573226	-0.0415170553	0.180559713	0.0201929944	-0.0664553043	0.0453539606	0.0589419646	-0.0725244983	-0.0704513729	-0.1326334936	0.0116780084	-0.0645938428	0.0263303584	-0.0658201065	-0.0627850072	-0.0207980857	0.1273056744	-0.0241899029	-0.0548075913	-0.099999295	-0.0384694972	-0.0468853388	0.0731051635	-0.053231374	0.0083231341	0.010528001	0.1113559738	-0.0524506674	0.0293608099	0.0451317692	0.1103123233	0.1188711954	0.0072970631	-0.0527547106	-0.0198052214	0.0383930192	0.0941033029	-0.0161857437	-0.0027770781	0.0882987706	-0.0698615712	0.0168885035	0.1261107799	-0.0332736085	-0.002466966	0.0139339903	0.0589785506	0.1002638773	-0.0325890343	0.0063857123	-0.0605033699	-0.094152141	-0.0898865587	0.1354565395	-0.0873474215	-0.0716123745	0.0874834036	-0.0895088294	0.0539422759	0.1007666404	-0.1081705655	-0.0921757183	0.0020310211	0.095135264	0.0081964381	-0.1336571484	-0.0502069694	-0.0729878134	0.0774908008	-0.0355972645	-0.1178553242	0.1051513311	-0.1300599857	-0.060104666	0.1354418634	0.1574139688	-0.0354491871	-0.0377557504	-0.0592228792	0.0028866329	0.0088987196	0.010633766	-0.0383488654	0.0663089027	-0.0168870486	-0.088137076	-0.0970388015	0.0079682399999999	-0.00752976	6.349284869759841e-05	5.6697285657601485e-05	0.0076974699999999	0.0079053929999999	5.925104440089846e-05	6.249523848444742e-05	0.0168921	-0.0053601	2.873067201e-05	0.00028534304241	-2.83063e-05	0.0003602307	8.0124661969e-10	1.2976615722249e-07	9.16997e-05	3.5693e-05	1.273990249e-09	8.40883498009e-09	-0.000267753	0.0	7.169166900900001e-08	0.0	0.0	0.0	0.0	0.0	0.0	0.0	0.0
57371.03671202322	171.3230295805988	29351.58046467473	3291435853.412316	119898.3137027932	-108.31575206624984	11732.302145677308	14375605628.773409	55757.08678651148	35.28838687818643	3108852726.918573	1245.2702484645602	74470.58758487014	57109.75961824208	1.304063	23.59864	0.039131766	0.0196032	0.0266770836	0.0678405729	0.1262827194	-0.0098085539	-0.169318335	-0.0768738464	-0.0447756376	0.0342786739	0.0231377428	0.0422162488	0.0256294269	-0.0123373652	-0.0564162179	-0.1141771971	0.1126754691	-0.0527890848	-0.0457979018	0.0234492165	0.0141304694	0.1332402027	-0.01829382	-0.0245890728	-0.0266556266	-0.0922481979	-0.0786433402	-0.0507770289	-0.1243080888	0.0232221126	-0.0929117386	-0.0244714372	-0.0011001616	-0.0055059982	0.0451397121	-0.127788763	0.0140759256	0.0284268653	0.0587803323	-0.1004211408	0.071617476	-0.002386312	0.0594452386	-0.0363871626	-0.0049393107	0.0585935681	0.0874728057	0.1727669387	-0.0862852367	-0.0239810495	0.1010310555	-0.0801715884	0.110736879	0.0003988669	-0.0789407401	0.0027496755	-0.0423520901	-0.0259073543	0.0014150675	0.1314980513	0.0935015652	0.0708752046	0.021296742	0.0881325409	-0.0349890695	0.0772265367	0.0565346993	-0.0894945874	-0.1085492129	-0.090653806	-0.0311025483	0.0665947333	-0.0209563573	-0.038316064	0.0858351098	-0.1404968926	0.0389531427	0.0706899441	0.0012619766	0.0593916536	0.0022397057	-0.1276336104	-0.0324082911	0.1113542199	-0.0066254745	-0.0314522717	0.0682257535	-0.0232803541	0.0324172449	-0.0263362603	0.1402672937	0.0797530535	0.0871006542	0.0650053833	-0.0202237803	-0.0906327191	-0.0946249323	0.0151123	0.0071440600000001	0.00022838161129	5.103759328360143e-05	-0.000196236	-0.0078937059999999	3.8508567696e-08	6.231059441443441e-05	0.00141752	-0.01547458	0.0002394626261764	2.0093629504e-06	-0.000119561	-9.12547e-05	1.4294832721000001e-08	8.32742027209e-09	1.0566e-05	-8.113369999999999e-05	6.582677275689999e-09	1.11640356e-10	-0.000267753	0.0	7.169166900900001e-08	0.0	0.0	0.0	0.0	0.0	0.0	0.0	0.0
57408.49184101936	37.45512899613823	1402.8866881173549	3295734935.4603863	119306.15760926944	-592.1560935237503	350648.8390973085	14233959243.48784	55882.01921237245	124.9324258609704	3122800071.251964	15608.111031506864	74424.58632942215	57674.96598292681	1.361845	24.644264	0.034037345	0.0191606	0.0528494212	-0.1405279996	0.0510671026	-0.1002252488	0.0648765575	0.0507650401	-0.110079378	0.0266368302	-0.0337603588	0.1294842976	0.0250425652	-0.0154594763	0.0211135361	-0.035682638	0.0373757131	-0.18060087	0.0631262324	-0.027222156	0.0092921283	-0.0265587193	0.0032523805	-0.0736281661	-0.0730754839	-0.0807851239	0.0806612134	0.0358481336	0.0614991622	-0.0082672427	-0.0088042903	-0.0086929814	-0.0242206716	-0.0205492389	-0.0054035429	-0.064036216	0.0390245743	-0.0510058224	-0.0162795097	0.0075305075	-0.0960890055	0.0700422283	-0.1433705209	0.0558503928	0.0890457017	0.0405656383	0.092877586	-0.013750126	0.0111193086	-0.0848325777	-0.1013652607	0.0287573172	-0.0250368627	0.0002859576	0.1189969139	-0.0508675413	-0.062021877	-0.0201415771	-0.0622926752	0.0591496621	0.0575600486	-0.1603587104	0.0685414628	0.0127197864	-0.1146634152	-0.0582784722	0.0467591915	0.0003535554	0.0111813472	-0.0367219421	-0.0219717971	-0.0946456209	-0.1076301486	-0.0664496885	0.0327981091	-0.0298549894	0.0387786455	0.1216281931	0.0132724628	0.0287228039	0.0054448463	0.0135317081	-0.0722719529	0.0228326663	0.0354239621	0.0238370598	-0.0066667628	-0.0920571835	-0.1060172621	-0.101774761	-0.0982516659	0.0055791397	-0.0584541203	0.063684092	-0.0235383975	-0.0929054001	-0.0917972923	0.0161629	0.0010506	0.00026123933641	1.103760360000001e-06	0.00618263	0.0063788659999999	3.82249137169e-05	4.068993144595599e-05	-0.0161804	-0.01759792	0.0003096867883263	0.00026180534416	-0.00029848	-0.0001789189999999	8.90903104e-08	3.2012008561e-08	9.28582e-06	-1.2801800000000003e-06	1.6388608324000008e-12	8.62264530724e-11	-0.000267753	0.0	7.169166900900001e-08	0.0	0.0	0.0	0.0	0.0	0.0	0.0	0.0
57437.4842131322	28.99237211284344	840.5576407295821	3299064592.733811	120191.32023379055	885.1626245211082	783512.8718490964	14445953459.54159	55999.01595982143	116.9967474489822	3135889788.468335	13688.238913640924	74788.20641788721	58452.562752906895	1.36142	24.636589	0.042359244	0.0243869	0.1174224838	0.036399896	-0.0636581988	0.0661037939	0.0565863974	-0.0980218752	-0.0438407857	0.0674811567	-0.0963364883	-0.086054627	-0.0324299599	-0.0158917896	0.1304277297	0.0318369502	0.0681461468	0.033419132	0.03608429	0.0464467218	0.0335177156	-0.0206670194	-0.0488248654	0.1007705545	-0.0078671911	-0.0738408743	-0.0441929692	-0.1069242106	0.0617714492	0.1122803452	0.1627511215	-0.0679493968	0.001069234	-0.0571872424	-0.1148382567	0.0528668036	0.001498324	0.0123691308	-0.1101671724	-0.0395465124	0.0237152838	-0.0354975126	-0.0905989388	-0.0840645959	-0.0593483659	0.0952631817	-0.0784509462	0.0518056369	0.0037287333	0.0304336048	0.0082891442	-0.0572293894	0.0784094192	-0.0300199827	-0.0954426082	-0.0332660364	0.0142139858	0.0239326647	0.0092468901	0.0241580559	-0.0905714258	0.0097502804	0.1112877258	0.0735550009	-0.0245251342	0.0121607193	-0.0707322804	0.0060661549	0.097956988	0.050515025	-0.0614763019	0.0325320111	0.0656967212	0.0108312931	-0.1002296349	0.037608154	0.0097001282	0.0211641364	-0.0254375373	0.1024875652	-0.1041554259	0.0265157901	0.1936917216	0.0496269783	-0.0355640603	-0.0518118363	0.0907428695	-0.0697113919	0.0220087984	-0.1504745525	-0.0190642598	-0.0253974712	0.0575950988	0.0623453902	-0.0268272759	-0.0949495281	-0.0885682462	0.016815	0.0006520999999999	0.000282744225	4.25234409999999e-07	0.0207997	0.01461707	0.00043262752009	0.0002136587353849	-0.0259559	-0.0097755	9.556040025e-05	0.00067370874481	-4.52607e-05	0.0002532193	2.04853096449e-09	6.412001389249e-08	0.000102358	9.307218e-05	8.662430689952398e-09	1.0477160164e-08	-0.000267753	0.0	7.169166900900001e-08	0.0	0.0	0.0	0.0	0.0	0.0	0.0	0.0
57297.47945485098	-140.00475828121853	19601.33234138243	3283001151.8790703	119651.9770356992	-539.3431980913592	290891.08532741515	14316595608.551489	55933.81084980867	-65.20511001275736	3128591196.182174	4251.70637177579	74630.4992930577	57390.4799188857	1.170516	21.18194	0.0800279349999999	0.0527631	0.0583390603	0.0765329872	0.0590573278	0.0164035522	-0.079672439	-0.0170264853	0.0979261924	0.1121294059	0.0085465701	0.0502145018	-0.0180662771	0.0433418588	0.0830388033	-0.0705682107	-0.0830959923	0.0254838489	0.0284691497	-0.0461337114	0.0622587222	0.0477518081	0.1043201762	-0.0560059395	-0.0102563792	-0.0726057466	-0.0276933793	-0.0730570771	0.0028822381	0.0138165195	-0.0240320332	-0.0050104917	0.0465599094	-0.030058992	0.0979268371	0.1275749717	-0.0778887453	-0.1256342936	0.1254668538	0.1232216031	0.0010498385	0.0144772471	-0.0043350314	-0.0620478913	-0.0527647992	-0.0211309968	-0.0244647651	-0.1002392245	0.0296102247	-0.0143983765	0.1298265183	0.1145350331	-0.0061125917	0.0577664874	-0.030030271	0.0612879465	0.0496000542	0.0680083062	-0.0263656655	0.0852897321	-0.0194587166	0.0666359293	0.0575887876	-0.1061450442	-0.0217578628	-0.012177737	-0.011471683	-0.005968568	-0.0833458593	0.0273741486	0.0316534084	-0.0154190335	-0.052117225	0.0966603385	0.028479341	0.0339374747	-0.0656681257	-0.0540348386	0.04415739	0.0138761525	0.0057198301	0.0809133766	0.0208578466	-0.0087071558	-0.0435105706	0.091191136	0.0152567104	-0.0154351588	0.089427857	-0.0663755311	0.0566235015	0.0759654025	-0.0369341587	0.0609896438	-0.030086819	-0.0967600744	-0.0849519136	0.00759416	-0.00922084	5.76712661056e-05	8.502389030560002e-05	0.0087578199999999	-0.0120418800000001	7.669941115239827e-05	0.0001450068739344	0.0203871	0.0463429999999999	0.0021476736489999	0.0004156338464099	-0.000293705	-0.0002484443	8.6262627025e-08	6.172457020249e-08	0.000102358	0.0	0.0	1.0477160164e-08	-0.000267753	0.0	7.169166900900001e-08	0.0	0.0	0.0	0.0	0.0	0.0	0.0	0.0
57168.91481491391	-128.5646399370744	16528.866642149584	3268284821.114883	119311.12690740755	-340.85012829164043	116178.80995642774	14235145003.91551	55736.00839644452	-197.802453364151	3106502631.9685345	39125.810556877135	74777.76826375711	56779.48077600777	1.269445	22.972172	0.065060657	0.038632	-0.0215369368	-0.0798844299	0.0740429871	-0.0636081857	0.0214370369	-0.0355965111	0.1411984983	0.0154529533	-0.0195268473	0.0469088333	0.0286208946	-0.0466951241	-0.025497976	0.0128139861	-0.0714617965	0.0473497849	0.0222652414	0.090243721	-0.0826084255	-0.0174244711	0.0797301061	0.0126821928	-0.0214606021	-0.0010011175	0.0368720933	-0.0401297385	-0.0423274256	-0.0536414001	0.0856862696	-0.0581047599	-0.0609558116	0.0645563091	0.1588786729	0.1153268838	0.0026024505	-0.0035697999	-0.1085942641	-0.0625096454	0.053208405	0.0594244809	0.0711040113	0.0324476602	0.029775929	-0.0055447266	-0.002836383	0.1630853533	0.1436543414	-0.0601340994	0.0202613925	-0.1083477431	0.0113372285	-0.0834827381	-0.0352164659	-0.0234762475	-0.1341344834	0.0047445564	0.0692380472	-0.0974156024	0.0621098544	0.0397365611	0.0277546658	-0.1087075059	0.0364898409	0.0223040054	-0.0500907354	0.0180224277	0.0216462561	-0.013592824	-0.1054052655	-0.0514003215	0.0596151776	-0.0560960023	-0.0069113529	0.0200036267	-0.0111279336	-0.0606198716	0.0378434851	0.139581994	0.0202497859	-0.0345050896	-0.0072813851	0.0478157368	-0.0197790989	-0.0154344051	0.0716319786	-0.0088301508	-0.0473433482	0.1887595543	0.0053789743	-0.0075340365	0.005545764	0.0596172234	-0.0333134626	-0.0983325849	-0.0809641079	0.0152591	0.0076649399999999	0.0002328401328099	5.875130520359999e-05	0.0223058	0.0135479800000001	0.00049754871364	0.0001835477620804	-0.000486837	-0.020873937	0.0004357212458799	2.37010264569e-07	0.000165771	0.000459476	2.7480024441e-08	2.11118194576e-07	0.000102358	0.0	0.0	1.0477160164e-08	-0.000267753	0.0	7.169166900900001e-08	0.0	0.0	0.0	0.0	0.0	0.0	0.0	0.0
57214.04987456463	45.13505965072545	2037.1736096745449	3273447503.049169	119750.77140613688	439.6444987293216	193287.2852629565	14340247252.36485	55751.400394610966	15.391998166443956	3108218645.960228	236.91360755581405	74734.14383635258	56694.469055066205	1.223141	22.134253	0.049563872	0.0283612	-0.0129150913	-0.0260001939	-0.0882589571	0.0496626853	0.0378962007	0.0513755899	0.0967649919	-0.0044359509	0.0208556775	0.0231600945	-0.074488779	0.0363531118	-0.0324666903	0.0393449473	0.0309734886	-0.080784282	-0.032320198	0.0241041214	-0.0330404501	0.0603610115	0.0497630571	-0.0339007396	-0.0108344672	-0.0810688778	-0.1311201197	0.1108148772	0.0436464925	0.1055916173	0.0276179049	0.0564857338	-0.0724384542	0.0110339477	0.0199713067	0.0309843147	0.0403448747	-0.1338548064	-0.0272685702	-0.0450144105	-0.0796272486	-0.0833777775	-0.0130472284	0.1090325298	0.0263288308	-0.0044067286	0.0553974083	0.0393286039	-0.053622653	0.1196917558	-0.0723987176	-0.0393391314	0.0231796193	0.1090833356	-0.1004995416	0.1113833892	0.0870745262	0.0331266296	0.0205179393	-0.0318043763	-0.0432831438	-0.0244499741	-0.0395087581	-0.0174572605	0.0087671678	0.1056790033	-0.0221018153	-0.0334249882	-0.138975466	-0.107903486	-0.0202086152	-0.0416771392	0.0122115545	-0.0093252766	-0.0012806656	0.0480655626	-0.0475926118	0.0373748489	-0.0270502958	0.0598250934	0.0749672032	-0.016644364	0.0249174461	0.0849940142	-0.1006899269	0.0214046233	0.0577755632	0.1174934881	-0.0760432366	-0.0677084782	-0.1120157013	0.0094662764	-0.0595658267	0.0582285042	-0.0365036785	-0.0996631912	-0.0766222668	0.00217726	-0.0130818399999999	4.740461107599999e-06	0.0001711345377855	-0.000174214	-0.022480014	3.0350517796000006e-08	0.0005053510294401	-0.00713052	-0.0066436829999999	4.413852380448899e-05	5.08443154704e-05	1.86043e-05	-0.0001471667	3.4611997849000005e-10	2.165803758889e-08	0.000102358	0.0	0.0	1.0477160164e-08	-0.000267753	0.0	7.169166900900001e-08	0.0	0.0	0.0	0.0	0.0	0.0	0.0	0.0
57222.597131511706	8.547256947073038	73.0556013192883	3274425622.475292	120027.69675472067	276.92534858379804	76687.64868825805	14406647988.243183	55759.30125358737	7.900858976405289	3109099676.28831	62.423572565044026	74668.9678447803	56736.0785126883	1.22036	22.083927	0.046004635	0.0386129	0.0006982544	0.0742839036	0.0308311273	0.0944745514	-0.1107474473	0.0114135942	-0.0631361307	-0.0684794767	0.0149575889	0.046717905	0.0003638133	0.020977615	-0.0433567293	-0.0706644641	0.0538259712	0.0299210733	-0.0553961977	-0.1074346919	-0.0415174323	-0.0544016769	-0.012549176	-0.0751408451	-0.0316061769	0.2237233577	-0.0962284295	0.0232568172	-0.0946187378	0.0434092785	-0.0438215133	0.0085624854	0.0005059055	-0.004895278	0.0271325871	-0.004495926	-0.0359314572	0.1377147546	0.0227555356	-0.0695754889	-0.0157929698	-0.0035376903	-0.034321562	0.0744412673	0.0138425905	-0.0280848742	0.0365879271	-0.0878929629	-0.0026478214	0.0672688276	-0.0732981847	0.0229559499	0.070236812	-0.0031803404	-0.0057916158	0.0556458157	0.1015508058	-0.0692928598	0.053119562	0.0710997648	-0.0314961853	0.0920580433	-0.0883206158	0.0665406585	-0.0083887235	-0.0248191795	0.0430726666	0.0401818617	0.0723451134	-0.0759147008	0.0605123658	-0.0674636216	-0.0449318694	0.0600359187	0.0161096073	-0.0191222502	-0.0104994253	-0.0665883357	0.0785306175	-0.0497352984	0.189272712	-0.1012776536	-0.0333166532	-0.0827896134	-0.0879373138	-0.0198778504	0.0336954496	-0.0198386498	-0.035804735	0.1010827403	-0.03325636	-0.1206192881	0.0125617039	0.0568238659	-0.0396539781	-0.1007486199	-0.071945376	0.00217726	0.0	4.740461107599999e-06	0.0	-0.000178964	-4.74999999999998e-06	3.2028113296e-08	2.256249999999981e-11	0.0278922	0.03502272	0.0012265909161984	0.00077797482084	-0.000200939	-0.0002195433	4.0376481721e-08	4.819926057489e-08	0.000102358	0.0	0.0	1.0477160164e-08	-0.000267753	0.0	7.169166900900001e-08	0.0	0.0	0.0	0.0	0.0	0.0	0.0	0.0
57280.86315226616	58.26602075445408	3394.9291745584733	3281097283.468643	119261.0622765972	-766.6344781234802	587728.4230476608	14223200975.342394	55797.2460678412	37.94481425383128	3113332668.7552204	1439.8089287577577	74727.18356966022	56933.72126526207	1.271235	23.004572	0.096564664	0.0648056	-0.0130926718	-0.099603348	0.0661335524	-0.1178255573	0.0255846072	-0.0100757299	0.0152833008	-0.0018006802	0.0679521596	0.018513988	0.0367999553	-0.0864298575	-0.0122872611	-0.0587603805	0.0021524479	-0.0770246165	-0.0564766197	0.064199001	-0.058559482	-0.0664310005	-0.04579616	-0.0336202909	-0.0412488274	0.0623020494	0.0452300431	0.0591353878	0.0230846201	0.0685421918	0.0321294366	0.0294783393	-0.0868148521	0.1337106185	-0.0221101778	-0.0102773672	-0.0008641692	0.0670043035	-0.0628476006	-0.0203005523	0.0648263995	-0.0690468466	-0.055741051	0.0620528902	-0.0425014631	0.0532700938	-0.0498038258	-0.1325680947	-0.0686755967	-0.0125538305	-0.0392446656	0.0578468001	0.0646360226	0.0672703692	-0.0059961729	0.0840106698	-0.0146713952	-0.0712926725	0.0654538504	-0.0496084603	0.100869525	-0.0448649568	0.0594695024	-0.0059032721	0.0397982835	0.0134420065	0.0467941603	0.0133608338	0.109214532	-0.0765427225	-0.0662741532	-0.105243295	0.0802108518	-0.0448083011	0.0241503414	-0.0616271919	0.0738082968	0.0820500029	-0.0362446541	0.0191437645	0.0708368952	-0.0536161181	-0.0190595914	-0.082038875	0.0053845849	-0.0726265244	0.0252669681	-0.0987814657	-0.013053292	0.0069482757	0.0339269035	0.0113964921	0.0907662889	0.0554036926	-0.0427609166	-0.1015862008	-0.0669538864	0.0150151	0.01283784	0.00022545322801	0.0001648101358655	0.0085252599999999	0.0087042239999999	7.268005806759829e-05	7.576351544217425e-05	-0.0284268	-0.0563189999999999	0.0031718297609999	0.0008080829582399	0.000173133	0.000374072	2.9975035689e-08	1.3992986118400002e-07	0.000102358	0.0	0.0	1.0477160164e-08	-0.000267753	0.0	7.169166900900001e-08	0.0	0.0	0.0	0.0	0.0	0.0	0.0	0.0
57287.2149610348	6.351808768638875	40.3454746333577	3281824997.9918094	120025.17988733712	764.1176107399224	583875.7230428875	14406043806.987637	55852.72743144133	55.48136360012722	3119527161.530879	3078.181706929522	74795.86058504804	57322.91607874214	1.25689	22.744986	0.098607213	0.0674742	0.0390633848	-0.0119427816	-0.1005693866	0.0930986554	0.0602674071	0.0725241134	0.0038363657	0.0340329218	0.067436046	-0.075992247	-0.0024587212	0.0556569408	0.0120021088	-0.0025913272	0.0546179946	-0.0299891011	-0.1230500098	-0.0291209472	0.0295490218	-0.0046209739	-0.0971880731	0.012294377	0.0446669097	-0.0520999432	-0.0187846843	-0.0129979201	-0.0011506329	0.108287361	-0.0001694587	0.0642084356	-0.0976289404	-0.0831001577	0.0109411607	-0.037431498	0.122302873	0.1336463592	0.1048308388	-0.0150268901	-0.1347392196	-0.0663226454	0.0338396154	-0.0343483818	0.0660108915	0.0134012143	-0.0629539116	-0.015389049	0.0004979692	0.0716185442	-0.0314781831	-0.1139763017	-0.0367666212	0.0123117907	0.1002378866	0.0285690785	-0.1361176117	0.0081572227	0.0295243692	0.0209774171	-0.1079062687	-0.0723673507	-0.0298865129	0.0218320686	0.0668019147	0.0813183447	0.0667111584	0.0470147275	-0.0175931823	0.039536428	0.04747533	-0.1010198965	-0.0031183473	0.071395494	0.0641963053	0.0982538928	-0.0898611281	0.0375428058	0.0387017771	-0.2019293282	0.0600443109	-0.0570763737	0.0084434288	0.0043881356	0.0259679276	-0.0888694157	0.0227279837	-0.1343710901	0.0257015134	-0.0746371388	0.040649367	-0.0489081854	0.0137200987	0.0539683725	-0.0458210968	-0.1021738733	-0.0616696245	0.00217726	-0.01283784	4.740461107599999e-06	0.0001648101358655	-0.000209113	-0.0087343729999999	4.3728246769e-08	7.628927170312724e-05	0.0316165	0.0600432999999999	0.0036051978748899	0.00099960307225	-0.000166701	-0.000339834	2.7789223401000002e-08	1.1548714755600001e-07	0.000102358	0.0	0.0	1.0477160164e-08	-0.000267753	0.0	7.169166900900001e-08	0.0	0.0	0.0	0.0	0.0	0.0	0.0	0.0
57184.932451104585	-102.28250993021356	10461.711837624236	3270116499.437394	119795.63037863476	-229.5495087023592	52692.97694549446	14350993057.814478	55839.64589046556	-13.081540975770622	3118066053.1725874	171.1267143007658	74803.54461889973	56716.496133746106	1.193209	21.592588	0.085942543	0.0562428	0.0089268466	0.1106226642	-0.0197138026	0.0362021087	-0.0564298551	-0.1291665119	-0.0053745278	-0.0764972923	-0.0755953166	0.0134760503	-0.0098322518	-0.0235439218	0.0195324986	-0.0670073074	0.0299116956	0.1197318852	-0.0071508846	-0.0768625504	0.0075867393	0.0354464192	0.0024151598	0.0717094955	-0.0611700069	0.0735709901	-0.0872282868	0.0036604758	-0.0464687141	-0.1369342605	0.0093836422	-0.0627722888	-0.0663907297	0.0743309587	0.0129495345	0.0106213927	0.0097755825	0.0603739125	0.0550977528	-0.1537957937	0.0498813101	0.0236718366	0.0319384221	0.0544817419	0.003211167	0.0062713878	0.009113606	0.091383891	-0.111113587	-0.082225598	0.1915097634	-0.0678530428	-0.0152230306	0.0278116284	0.0723340775	0.0787431563	0.0087353999	-0.0210547254	0.0462634496	-0.0041257996	-0.02615245	0.1156097679	0.0166276784	0.0729979653	-0.0163884178	-0.0844290236	-0.0691936128	-0.0217202815	0.0436083099	-0.0345832541	0.0181972818	0.0003186665	0.0146625164	-0.0522266426	0.0230843248	0.0302854798	0.0219181215	0.0738659182	0.0087511505	-0.0002598753	0.0188781405	-0.1133597151	0.000982202	0.0474542154	0.0062545784	0.0637513432	-0.0014351361	-0.0106514372	0.0430859959	0.1298762703	0.0780595269	-0.0654803317	0.0472288062	0.0525182979	-0.0488311722	-0.1025101919	-0.056115697	0.00217726	0.0	4.740461107599999e-06	0.0	0.024305	0.024514113	0.000590733025	0.0006009417361767	-0.00979633	-0.04141283	0.0017150224886088	9.59680814689e-05	0.000233611	0.000400312	5.4574099321e-08	1.60249697344e-07	0.000102358	0.0	0.0	1.0477160164e-08	-0.000267753	0.0	7.169166900900001e-08	0.0	0.0	0.0	0.0	0.0	0.0	0.0	0.0
57184.44314893265	-0.4893021719326498	0.2394166154580083	3270060538.2535105	119525.4661615438	-270.16421709096176	72988.70419637232	14286337061.13435	55836.94262794962	-2.703262515940878	3117764162.036937	7.307628230091006	74602.8440724324	56513.59977056479	1.094458	19.805571	0.077681821	0.0415582	-0.0102169125	0.0859574445	0.0749490727	-0.0247957749	-0.0666118982	0.0239131559	0.0744452603	0.0671562439	0.0223267637	-0.0099482733	0.0323310752	0.0165804466	0.0093286366	-0.0594146311	-0.083008066	0.0538647371	-0.0230012406	0.0628304268	0.1117793504	0.0698486676	0.0653881085	0.0457514137	-0.0429626845	-0.1127213131	-0.0195378261	0.1593311742	0.0242669109	-0.0087570485	-0.0809548362	-0.170024783	0.001346494	-0.0193285575	0.0747100161	0.0737520231	0.0098414196	0.0309898169	-0.0584560762	0.0019822963	0.0411182798	0.0004260756	0.139529298	-0.0415371782	0.0006061717	0.0082981597	-0.0866578033	-0.0127832573	-0.1048918774	0.0361108082	0.0764607703	0.0399169715	-0.0409454356	-0.0709807565	0.0620880295	-0.0872723469	-0.0398096577	-0.1516591101	-0.0349840149	0.0607389361	0.0380052789	0.0572523957	0.0186260872	-0.1015339787	0.0281013853	0.0356297562	0.0253287669	-0.0141089817	-0.0145048525	0.0813899662	0.004155929	0.0160025956	0.0429561022	0.0037999646	0.0586055564	0.0021896957	-0.0456600342	0.0839247634	0.0617801663	0.0658238634	-0.1430037602	-0.0044241962	0.0008840163	-0.1072420793	-0.1147201846	0.1372336789	0.0442165727	0.0731459753	0.0626844368	-0.0394360671	0.038258035	-0.1100211009	-0.0609361286	0.0510538654	-0.0517878515	-0.102594329	-0.0503163898	0.00616187	0.0039846099999999	3.79686418969e-05	1.5877116852099998e-05	-0.000225261	-0.024530261	5.074251812100001e-08	0.0006017337047281	0.011552	0.02134833	0.0004557511937888	0.000133448704	-8.68294e-05	-0.0003204404	7.53934470436e-09	1.0268204995216e-07	-0.000133574	-0.000235932	5.5663908624e-08	1.7842013475999998e-08	-0.000267753	0.0	7.169166900900001e-08	0.0	0.0	0.0	0.0	0.0	0.0	0.0	0.0
57076.190288398975	-108.25286053367743	11718.68181372382	3257691497.8375297	119095.67794929416	-429.7882122496376	184717.90738873952	14183780506.20199	55756.9613540338	-79.98127391581511	3108838739.435219	6397.004177196646	74544.20781138816	55977.69502387056	1.232796	22.308968	0.02566414	0.0153685	-0.0603007316	-0.07160354	0.0720722602	-0.0899805377	-0.0023819414	0.0388670448	0.0047456816	-0.0437958241	-0.0293960097	0.0020544706	0.03184196	-0.0263185277	-0.0167776283	0.0011670677	-0.0729096872	0.0942622214	0.0264446405	-0.0124745971	-0.0111566156	-0.1206634767	0.0708008277	-0.1312065632	-0.0240127252	0.0143434039	-0.057937018	0.0170066259	-0.0178567517	-0.0009002281	-0.0411584005	-0.0678804718	0.0047073978	0.0083410893	-0.0596940121	-0.0900799068	-0.0602427962	-0.0278552959	0.0507408673	-0.2051932278	-0.0089761653	-0.1371557768	-0.1964285316	0.0073820356	-0.1338678722	-0.0004371308	-0.0729827892	0.0196430301	0.0540387211	0.1272508522	0.0164831389	-0.0397836839	-0.0449469222	0.0221657115	-0.0651391281	0.0289138046	-0.0331582336	0.0337120774	-0.0452547249	-0.0247691766	0.0623326186	-0.0199734419	-0.0126592127	-0.0402568476	0.0454665618	-0.1146662779	-0.0412271495	0.0360938551	0.0197445121	0.039192221	-0.0191306204	-0.0797062518	-0.0548644602	0.0116128696	-0.0106792722	-0.0406042899	0.0605716184	-0.0789765301	0.0431295807	0.1116447462	0.1308498539	0.1543487071	0.0441932145	0.0502778441	-0.0962312371	-0.0493133436	0.029817549	-0.0180729041	-0.1097611518	0.0317973891	0.0808541398	-0.2138537441	-0.0629496069	0.0495754752	-0.0546879015	-0.1024260777	-0.0442970619	0.00217725	-0.0039846199999999	4.7404175625e-06	1.5877196544399995e-05	-0.000213258	1.2003000000000014e-05	4.5478974564e-08	1.4407200900000033e-10	-0.000438457	-0.011990457	0.0001437710590688	1.92244540849e-07	1.79646e-05	0.000104794	3.2272685316000004e-10	1.0981782436000004e-08	-4.48278e-05	8.87462e-05	7.875888014439999e-09	2.0095316528399996e-09	-0.000267754	-9.999999999615351e-10	7.1692204516e-08	9.999999999230705e-19	0.0	0.0	0.0	0.0	0.0	0.0	0.0
57284.525005779935	208.33471738095977	43403.35446620438	3281516805.1378264	119753.42680588651	657.7488565923559	432633.5583485516	14340883231.75282	55837.49822425064	80.53687021683436	3117826207.943193	6486.187464323221	74820.9581412328	56954.430668993526	1.221168	22.098539	0.068280471	0.0362901	-5.12588e-05	-0.0437332079	-0.1034254469	0.0217994208	0.1081260412	0.0420563037	0.0011860013	0.0173817408	0.0070425422	-0.0442318417	-0.0517315626	0.0532811822	0.0278387225	0.0234507924	0.0307934075	-0.0192493855	-0.0747991586	-0.0390566136	-0.0439255461	-0.0258726288	-0.0668743898	-0.0651077674	-0.0328861771	0.0652607581	-0.0504715154	0.0799846442	-0.1205627285	0.0484221282	0.1142625466	0.0117828065	-0.0337552042	0.074141029	0.0564968763	0.1012827489	0.0675938374	0.0890887001	-0.1046763273	-0.1350828142	-0.0004838329	-0.0028541084	-0.1062795479	-0.1024267505	-0.0667169246	-0.1240687331	-0.152067787	0.0409073551	0.0956538551	-0.0829500365	0.0280834939	-0.0045391479	-0.0219474485	-0.0408160633	0.0569567125	-0.0021859512	0.0194168138	0.0059656437	0.0186748394	-0.048015774	-0.0596206711	-0.0756229764	0.0052344329	0.0046039199	0.0345261978	0.0318583386	-0.0190213096	0.0323585256	-0.0081893659	-0.0024166281	-0.0513778415	-0.0771979615	0.0787994354	0.0087879854	0.1068559864	-0.0050462113	-0.0905271369	0.0317616161	-0.0421036576	-0.0230693181	0.0742150555	-0.0568572824	-0.0265394978	0.0954715617	-0.1464895073	-0.0289287792	0.0330055835	0.0208601673	0.0120959018	0.0248894622	-0.0089484605	-0.0578447593	0.02427969	0.0480835316	-0.0575281511	-0.102005852	-0.0380840342	0.0103975	0.00822025	0.00010810800625	6.75725100625e-05	0.00453626	0.004749518	2.05776547876e-05	2.2557921232324004e-05	-0.0295889	-0.029150443	0.0008497483270962	0.00087550300321	0.000233611	0.0002156464	5.4574099321e-08	4.650336983296e-08	0.000102358	0.0001471857999999	2.1663659721639995e-08	1.0477160164e-08	-0.000107381	0.000160373	1.1530679161e-08	2.5719499129e-08	0.0	0.0	0.0	0.0	0.0	0.0	0.0
57279.47203078806	-5.052974991871452	25.53255626847829	3280937916.125832	120306.28472641169	552.8579205251735	305651.88028741913	14473602144.672438	55840.50187739158	3.0036531409423333	3118161649.9189725	9.021932191092745	74721.24790789552	57130.91175609431	1.174263	21.249746	0.083651413	0.0499252	0.0344764747	0.0820672966	-0.0011082547	0.1086207296	-0.0438189413	0.0288685052	-0.0973988693	0.0250097473	0.0599612503	0.0881902395	-0.0205161826	0.0459520242	0.0129325474	-0.1076773978	-0.0242762652	-0.05170933	0.0147533837	-0.0801149087	0.0638509153	-0.0301190106	-0.0265933132	-0.0355824162	0.0897317772	0.0767451626	-0.0155941058	0.0280696029	-0.0100740534	0.001314153	-0.0105599703	0.0088701915	-0.0013029934	0.0589867734	-0.2056300392	0.0436878154	0.1338541792	0.1279699426	-0.0338704058	-0.0199342013	-0.109692697	0.1165031162	-0.006824043	0.0724771993	-0.0331092175	0.1204744131	0.0047157991	-0.1009497865	0.0701429868	-0.1171366955	-0.031218994	-0.0049639001	0.0842442167	-0.0888004448	0.025480123	0.010800444	-0.0157086723	0.0504620813	0.0262852801	0.0896350774	-0.0581880783	0.042592545	-0.0279298072	0.0072994903	-0.0316204933	-0.0001969385	0.0369699022	0.0560447538	0.068351985	-0.0052758919	0.0682108513	0.0375587874	-0.0644044275	-0.0614654896	0.0840363589	-0.0230195787	-0.0885883126	-0.0140277122	-0.045710133	-0.0438521064	0.1045795782	0.0840951379	-0.0085240228	-0.107134798	-0.0346105772	-0.0650299968	-0.1067183504	0.0402956929	-0.0554691871	0.026246245	-0.1004725009	0.0049824324	0.0520003553	0.0465784425	-0.0603054945	-0.1013346856	-0.0317044747	0.00218063	-0.00821687	4.755147196899999e-06	6.751695259690002e-05	-0.000220523	-0.004756783	4.8630393529000003e-08	2.2626984509089005e-05	0.00985875	0.03944765	0.0015561170905225	9.719495156249998e-05	-0.000185314	-0.000418925	3.4341278596e-08	1.75498155625e-07	-5.53372e-05	-0.0001576952	2.486777610304e-08	3.06220570384e-09	-0.000155363	-4.7982e-05	2.4137661769e-08	2.3022723240000003e-09	0.0	0.0	0.0	0.0	0.0	0.0	0.0
57228.008657999744	-51.46337278831925	2648.478738749518	3275044974.960093	119278.07736901243	-1028.207357399253	1057210.3698099551	14227259740.848116	55843.87914341518	3.377266023599077	3118538837.784361	11.40592579415672	74698.57646280539	57048.71672323833	1.17587	21.278822	0.0676385829999999	0.0331244	0.0012200925	0.0380712522	0.1069092113	-0.1052792514	-0.0506511579	-0.0561110284	0.0440116013	0.0378679076	-0.0497699595	-0.0358471428	0.0783030555	-0.0532562737	0.0329079435	-0.0935848994	-0.0497956563	-0.0134995484	0.0254373912	0.0091450307	-0.0169134374	0.0125882188	0.0707077763	0.0114287657	0.0089065643	0.066287716	-0.0114239781	-0.0573623417	-0.0076709984	-0.0673074562	-0.028527116	0.0373837612	-0.005177305	0.1244815537	-0.1019571812	0.0901180449	-0.0337676896	0.0288733808	0.0187401183	0.1262511369	-0.0812202761	0.0898116267	0.0018716067	0.0564368824	0.2334186726	-0.0590325463	0.030250349	0.0571297867	-0.0659751486	0.0674339124	-0.095601631	0.0122839119	0.044593996	0.0067544123	0.0518797677	0.018953036	-0.1137119818	0.0902479878	-0.0558773448	-0.0111444253	0.0957921942	0.0482757931	0.07303879	-0.0595955382	0.0246807434	-0.0470354359	-0.0416636166	-0.039232436	0.0801570617	0.0364430066	-0.049226485	-0.0385235639	0.1165028806	-0.0217048178	0.0106965877	0.0137353963	0.0237459112	0.0413280186	0.0263913197	0.0671653143	0.0313279295	-0.0131803464	-0.017792353	0.0087611145	-0.0050306421	0.0313216971	-0.1817621419	0.0252764229	0.0784848174	-0.0221148744	-0.0740688579	0.0724221278	-0.0035760206	0.0450606192	-0.0630168947	-0.1004142296	-0.0251862796	0.0113114	0.00913077	0.0001279477699599	8.33709607929e-05	0.00722553	0.007446053	5.22082837809e-05	5.5443705278809005e-05	-0.012359	-0.02221775	0.0004936284150625	0.000152744881	0.00012148	0.000306794	1.47573904e-08	9.4122558436e-08	0.000102358	0.0001576952	2.486777610304e-08	1.0477160164e-08	-0.000267754	-0.0001123909999999	7.1692204516e-08	1.2631736880999998e-08	0.0	0.0	0.0	0.0	0.0	0.0	0.0
57136.01457348938	-91.99408451036288	8462.911584899788	3264524161.341991	119405.7345201647	127.6571511522634	16296.348240311823	14257729436.30005	55749.58578005421	-94.29336336097184	3108016314.647622	8891.238373924269	74611.30330419088	56428.50597684302	1.102965	19.959513	0.078911775	0.0435019	-0.0264103511	-0.0420807678	0.0656112379	-0.0339503537	0.0104263149	0.0501850193	0.0594856666	0.0533834911	-0.0106747677	0.0084259607	0.040612869	0.0092867314	-0.0251455319	-0.0219732835	-0.1539653902	0.0294091392	0.0128266819	0.0193015249	0.0123050665	-0.066966459	-0.0075410177	-0.0357651078	0.039853683	-0.0042282994	0.0576294602	-0.0217503322	0.0711202965	0.0242093906	-0.0039634034	-0.0357551655	0.0758836368	-0.0562013673	0.0750785721	-0.0024751177	0.0687598493	-0.0033361328	0.0828465846	-0.0465577245	-0.1542011391	0.03902354	-0.037111804	-0.077505929	0.0284611235	-0.0400819244	0.0826487252	-0.142375685	-0.0187832929	-0.055323493	0.1230589142	-0.0560705865	-0.0440033879	-0.1174369015	-0.0479650104	0.0758339535	-0.0571095097	0.0386195078	-0.2081079026	0.0048823852	0.0439459096	0.0011583923	-0.013727683	-0.1183972904	0.0267015515	0.0072544658	0.0091510592	0.0483060133	0.0132481971	0.0590047136	-0.0657344075	0.067369663	-0.0351037512	0.020819565	0.0447103906	0.0477821474	0.0024544929	-0.01335651	-0.0020211715	0.0448515836	0.0420649781	0.0250906758	-0.0952700231	-0.0720760184	-0.0442060985	-0.0245997595	0.1104596431	-0.0592254703	0.0788154067	0.0374146967	-0.0797256066	-0.0786024819	-0.0925957875	0.0435304769	-0.0656593869	-0.0992467484	-0.0185579513	0.00218936	-0.00912204	4.7932972096e-06	8.321161376159999e-05	-0.000226685	-0.007452215	5.1386089225e-08	5.5535508406225e-05	0.0239625	0.0363215	0.00131925136225	0.00057420140625	-0.000141798	-0.000263278	2.0106672804e-08	6.9315305284e-08	-4.66614e-05	-0.0001490194	2.220678157636e-08	2.17728624996e-09	-0.000159731	0.0001080229999999	2.5513992361000006e-08	1.1668968528999996e-08	0.0	0.0	0.0	0.0	0.0	0.0	0.0
57058.12914748563	-77.88542600374785	6066.139583785282	3255630101.8111496	119295.1887574656	-110.5457626990974	12220.365650725153	14231342060.679346	55758.8647401148	9.27896006059018	3109050997.106417	86.09909980602771	74731.97854712702	56065.64323932093	1.027276	18.58983	0.072630835	0.0435188	-0.0643512455	-0.0867576861	0.0057006163	-0.0471131938	0.0220511886	0.0050028891	0.0809571372	-0.0534570169	-0.04996154	-0.0229216698	0.0145944624	-0.0179353134	-0.0292215984	0.067192402	-0.1268575449	-0.0174772009	-0.0193414499	0.0593875576	-0.0559216256	0.011112842	-0.0279699613	0.0166038685	-0.0312021186	0.0590949391	-0.0691507355	-0.0153367332	0.0685621313	-0.1026231199	-0.0114770018	-0.0672621435	-0.014291809	-0.1000003567	-0.0008726787	0.0064071882	0.1518184426	-0.1519376258	-0.0167227296	-0.1047218841	0.1835229066	-0.0019283593	0.0544407419	-0.0020931728	0.0281392971	-0.0326114235	-0.0866533386	0.03629836	0.0115046771	-0.0664130402	-0.1430536989	0.1150890072	-0.0716679974	-0.0089620796	0.0151422045	0.105642583	0.0426269559	-0.0050588702	-0.073893829	-0.072376528	0.0440429634	0.009423095	-0.0192710123	-0.0862723945	0.0158143287	-0.0196384035	-0.0454589439	-0.0634284868	0.0105481408	-0.0115474014	-0.0337849541	0.0144674247	0.0347174526	0.0225706666	-0.0274009733	-0.0555077662	0.0216216778	-0.0087735993	-0.0006820222	-0.0061656593	-0.0061073081	-0.0527639303	0.0125897031	0.0696653184	0.0862232785	0.0816520805	0.1422291514	0.0721253462	-0.0494808666	0.0205391269	-0.0403897208	0.0423503152	-0.114746455	0.0419884337	-0.0682300815	-0.0978351141	-0.0118484738	0.00218228	-7.08000000000002e-06	4.7623459984e-06	5.0126400000000286e-11	0.0161206	0.016347285	0.0002598737443599	0.0002672337268712	-0.0102125	-0.034175	0.0011679306249999	0.0001042951562499	0.00012148	0.000263278	1.47573904e-08	6.9315305284e-08	0.000102358	0.0001490194	2.220678157636e-08	1.0477160164e-08	-0.000129999	2.973200000000001e-05	1.6899740001e-08	8.839918240000003e-10	0.0	0.0	0.0	0.0	0.0	0.0	0.0
57092.36341320189	34.23426571625896	1171.9849491314235	3259537960.105114	119490.73256798233	195.5438105167268	38237.38183140156	14278035169.633072	55727.317362882655	-31.547377232142026	3105533900.463443	995.237010227073	74764.10074993329	56171.52323368422	1.019376	18.446873	0.06041737	0.0388856	-0.0624319608	-0.0493088257	-0.0770064012	0.0088168037	0.0392703919	0.0858748842	0.0393536209	-0.05508836	-0.0290635115	-0.0643660237	-0.0540307351	0.0351387384	-0.0698183405	0.0631358998	0.108401575	-0.0108772943	-0.1259977018	0.1050932519	-0.0643246403	0.0720897766	0.0715396368	-0.1027305376	0.0582082535	0.0848863268	0.1589329446	0.0788687212	-0.049562396	-0.0801557557	-0.01342659	0.0526427223	-0.0020789355	0.016020488	0.0091741046	-0.027544004	-0.1177513851	-0.0457492603	0.0396209008	0.0633294457	0.0445906626	0.0949419265	0.1611362691	0.1300679445	-0.1061352045	0.0498871306	-0.0325348454	-0.1140993706	-0.0141017567	-0.0449672268	0.0439814467	-0.033661043	-0.1231054896	0.1174442955	-0.0515078598	-0.0760196728	0.0615572858	0.0605364509	-0.0377176338	-0.0582853303	-0.0120028229	-0.0409585966	-0.0756573837	0.0216133498	0.0534810205	0.096089082	0.0077805383	-0.036855822	0.0024796212	-0.1339347543	0.0514665951	-0.0300876642	-0.0446420184	-0.0037027767	-0.1534974978	0.0052675834	-0.1298858034	-0.0899039653	0.0620262724	-0.0407612418	-0.0283341055	0.0116557998	-0.103099684	-0.1642406923	0.0255374716	-0.0112291955	0.0433755809	0.0514428772	0.0297111648	0.1103048614	0.0164633626	0.0735322398	0.0293229859	0.0404349114	-0.0707261675	-0.0961827994	-0.0050871859	0.00217352	-8.760000000000018e-06	4.7241891904e-06	7.673760000000029e-11	-0.00633842	-0.02245902	4.01755680964e-05	0.0005044075793603	0.0179876	0.0282001	0.00079524564001	0.0003235537537599	-4.82988e-05	-0.0001697788	2.33277408144e-09	2.882484092944e-08	0.000102358	0.0	0.0	1.0477160164e-08	-0.000104788	2.5211e-05	1.0980524944e-08	6.35594521e-10	0.0	0.0	0.0	0.0	0.0	0.0	0.0
57132.822216404034	40.45880320214201	1636.9147565496564	3264159374.4112306	119666.46279824746	175.73023026513692	30881.113829038044	14320062318.644344	55757.801128029336	30.48376514668053	3108932386.632869	929.2599375179744	74846.01029096745	56193.00554236476	1.003222	18.154537	0.060321395	0.0379772	-0.0345841441	-0.0045720204	-0.1098978655	0.0198047487	0.0903011035	0.0153965691	-0.0268073351	-0.059171583	0.0448555547	-0.09056648	0.0248926011	-0.0666155623	-0.0460743094	0.1011406841	0.0944711381	0.0427556921	-0.0926022642	-0.0767574036	0.0024162084	0.0632791212	-0.1161027489	0.0838868084	0.056596284	0.0113531174	-0.0385738701	0.0439413097	0.0424680847	-0.0639478071	-0.0627314621	-0.06697121	-0.0175684412	-0.0330052658	0.0461857254	0.0110159225	0.0626730881	-0.0248819004	0.0055229473	-0.0085284582	0.1196094151	-0.0498180754	-0.0246861133	0.0813760901	0.0478793927	-0.1280672624	-0.1907456027	-0.0173942625	0.0206958322	0.0962126724	0.0144634577	0.0489233659	-0.0129287571	0.0187531404	0.0733773512	-0.0165107288	0.0650015342	-0.0358783168	-0.0539978288	-0.0821854174	-0.0525013893	-0.0702427624	-0.0755209132	0.0832002555	0.0553681795	-0.0266112225	0.0292356246	-0.0173819076	-0.0474832894	0.0273468056	-0.0429020912	0.0522038486	0.0863038802	-0.0870097098	0.0153559003	-0.026102109	-0.0319247063	0.0275843041	0.036606044	-0.0500627916	-0.0167800224	-0.1534294297	-0.0588050981	-0.002524853	0.0677343558	0.0793540693	0.0172550697	-0.0066544615	0.0259849126	0.0371157405	-0.0376253019	-0.0968782086	-0.0767724456	0.0388703345	-0.0731449155	-0.094293869	0.0016963469	0.00217445	9.300000000001148e-07	4.7282328025e-06	8.649000000002134e-13	-0.000207945	0.006130475	4.3241123025e-08	3.7582723725625e-05	-0.00399035	-0.02197795	0.0004830302862025	1.5922893122500003e-05	0.000436123	0.0004844218	1.90203271129e-07	2.3466448031524002e-07	0.000102358	0.0	0.0	1.0477160164e-08	5.5031e-05	0.000159819	3.028410961e-09	2.5542112761000003e-08	0.0	0.0	0.0	0.0	0.0	0.0	0.0
57195.441926587744	62.619710183709685	3921.2281034917946	3271318577.177671	120200.6877300012	534.2249317537353	285396.27770728315	14448205330.76526	55787.43765345982	29.636525430483744	3112238199.9386663	878.3236395917096	74714.90805210063	56300.750250277015	1.119435	20.257559	0.055928625	0.0386773	-0.0224761656	0.0818599484	-0.012070825	0.1024591701	-0.0721215488	0.0124722611	-0.1447836475	-0.0771854814	0.0353016524	0.1525653964	0.0706533739	0.0362203923	-0.0245896032	-0.0291500145	0.0213702212	-0.0605987409	-0.0190846305	-0.1970541356	-0.0581095326	0.022798852	0.0850309922	-0.0126084797	0.0295119339	-0.0945589667	0.0596225151	-0.1268370043	0.0069370632	0.0417238031	0.0133678739	0.1680697119	-0.115973636	0.0706402499	-0.0821856541	0.0958248853	-0.0673384897	-0.1330637936	0.0011790799	-0.1062555249	0.0625710403	0.040344606	0.0617067479	-0.0851682983	-0.0429450892	-0.0289696629	-0.0703578638	-0.0634462536	-0.0429943121	0.0225021896	-0.1519930981	-0.0276707511	0.0527494989	0.0631797084	0.049356172	0.0099584088	0.1227288585	0.0162171435	-0.0694752051	0.0730894905	-0.0561571115	0.0374797301	-0.0765330653	0.0521219466	-0.163139479	-0.0681743532	0.1207239897	-0.0907407162	0.0090048676	-0.0617763813	-0.0275621158	-0.0812340321	-0.0668454252	-0.0016705008	0.0886948244	0.090862185	-0.0590011542	-0.0873908564	-0.0168321088	-0.0277520899	-0.0031681945	0.0313837812	0.0109983078	0.0520918087	0.0897783161	-0.0692580472	-0.1368360588	-0.0808220087	0.1133110884	0.0903656425	0.0057685042	0.048693208	-0.0435571377	0.0372951309	-0.0754836805	-0.0921729699	0.0084724621	0.00216998	-4.469999999999908e-06	4.7088132004000005e-06	1.9980899999999177e-11	-0.00687252	-0.006664575	4.72315311504e-05	4.4416559930624994e-05	0.0189393	0.02292965	0.0005257688491225	0.0003586970844899	-6.69315e-05	-0.0005030545	4.479825692249999e-09	2.5306382997025e-07	0.000102358	0.0	0.0	1.0477160164e-08	3.14869e-05	-2.3544100000000004e-05	9.914248716099998e-10	5.5432464481e-10	0.0	0.0	0.0	0.0	0.0	0.0	0.0
57281.263011037336	85.82108444959158	7365.25853610393	3281143092.139634	119047.55518520752	-1153.132544793683	1329714.665862356	14172320395.57503	55806.445332429845	19.007678970025157	3114359340.641481	361.2918598275365	74545.92641592298	56693.12394736272	1.187379	21.487093	0.0844068181	0.0536186	-0.0084253042	0.0574446824	0.1415355497	-0.1257517859	-0.0791783545	0.0123554623	-0.0296526701	0.0504190882	0.0134660333	-0.1457409833	0.0563424841	-0.0977106732	-0.0281617643	-0.0726115684	0.0245779704	0.0358954256	-0.0206947848	0.085132764	-0.0740739186	0.1035465472	-0.032728108	0.0333260017	-0.0803443477	0.0355920171	0.066078997	-0.0916989018	-0.0181659576	-0.0644124391	-0.0014379418	-0.0916246076	0.0131886878	0.0041735207	0.0883113497	0.0739953178	-0.1392860407	0.0233695072	-0.0409027601	-0.017698251	0.0165298413	-0.03435564	-0.0047184291	-0.0674374223	-0.0750284832	0.0818582133	-0.0244660394	0.018669873	-0.0177065021	-0.0167092083	0.0033667694	0.0122834078	-0.1361874082	0.0198815217	0.0327910723	-0.0355592449	-0.0159319308	-0.0020064533	0.0350300258	0.0456159454	0.1134454604	0.010115461	0.024027672	0.0384650233	0.0667969789	-0.0336466342	0.0448728432	0.0089038043	0.0442433825	0.0876155499	0.004680771	0.0181043107	0.1077329335	0.0346310656	-0.1105258325	0.0101547145	-0.0399814623	-0.0410734008	0.0663446394	-0.0046811464	-0.0459281917	-0.0075681629	-0.0247598053	0.055630325	-0.0807001024	0.1065911415	-0.0152169209	-0.0619241699	0.0835985398	0.0100279242	-0.0317619036	-0.0338306534	0.0216045263	0.0357097311	-0.0777399053	-0.0898253196	0.0152115293	0.00217439	4.409999999999831e-06	4.7279718721e-06	1.9448099999998507e-11	0.0157671	0.02263962	0.0002486014424099	0.0005125523937443	-0.0148476	-0.0337869	0.00114155461161	0.00022045122576	0.000461898	0.0005288294999999	2.13349762404e-07	2.7966064007025e-07	0.000102358	0.0	0.0	1.0477160164e-08	7.98638e-07	-3.0688262e-05	6.37822655044e-13	9.417694245806438e-10	0.0	0.0	0.0	0.0	0.0	0.0	0.0
57338.44950212428	57.186491086940805	3270.29476283676	3287697791.307656	119072.737706247	25.182521039489075	634.1593659043099	14178316864.860697	55911.732682956	105.2873505261523	3126121851.6103296	11085.42618081686	74500.47846095974	57229.91735664519	1.140525	20.639204	0.0651550898999999	0.0392091	0.023455246	-0.0370570071	0.0601788184	-0.0922854997	-0.0056622147	0.055407721	0.0325887704	0.0324522091	-0.1328313503	0.0035667376	0.0931043462	0.166680786	0.0303634388	-0.0451697259	-0.0855981371	-0.0804118976	0.1375093406	0.0500684174	0.2857104386	0.0027936127	-0.0283516526	0.0696058544	-0.0003277226	-0.0425238929	0.0522375984	0.0976168763	0.0846151911	-0.0086672045	0.049207151	0.0157191151	-0.0376926143	-0.051572947	0.0046330537	-0.1053899775	0.0802501912	0.136799062	-0.0759315347	-0.0757707705	0.099256483	0.149577113	-0.0903561828	-0.0057942708	-0.0332665493	-0.0944114599	-0.0556593307	0.0100275159	-0.0646388846	0.0475872483	-0.0300806477	0.0418545077	0.0609212969	-0.0417895011	0.0091795704	-0.0671376604	0.0158629986	0.0148830934	0.0837576498	0.0586527406	0.057312186	-0.0585476169	0.0494567924	-0.1238868022	-0.0578043057	0.0560952646	-0.1548862098	-0.0618882154	0.0258201059	0.2138707898	0.1490606588	0.0040951573	-0.0687074669	-0.1483744034	0.0820683277	0.0138658232	0.1139605603	0.0860717139	-0.0355719735	-0.0397162408	-0.0525126985	0.0658327663	0.0034788625	0.0069012151	0.0042365564	0.0054389419	0.0004130315	-0.0367159447	-0.1162588074	0.0202860971	-0.0577893823	-0.0548363696	0.0139844266	0.0341145687	-0.0799111227	-0.0872566935	0.0218840804	0.00217726	2.869999999999869e-06	4.740461107599999e-06	8.23689999999925e-12	-0.000210158	-0.0159772579999999	4.4166384964e-08	0.0002552727731985	-0.00709421	0.00775339	6.011505649210001e-05	5.03278155241e-05	-9.79808e-05	-0.0005598787999999	9.60023716864e-09	3.134642706894399e-07	0.000102358	0.0	0.0	1.0477160164e-08	-0.000267754	-0.0002685526379999	7.1692204516e-08	7.212051937675904e-08	0.0	0.0	0.0	0.0	0.0	0.0	0.0
57310.12589051551	-28.323611608764622	802.2269745641461	3284450529.586736	119395.63272672084	322.89502047383576	104261.1942467988	14255317114.214012	55900.47541254783	-11.257270408168552	3124863151.348864	126.72613704262734	74775.88231773303	57073.89399037113	1.110955	20.104111	0.092889723	0.0528372	0.0122620733	-0.1278245317	-0.0325933105	-0.0676124273	0.0990578346	-0.0070681807	-0.0563281189	-0.0088856126	-0.0492450887	0.0794038214	-0.0031778412	-0.0585791063	0.0567888102	0.1613057409	-0.0331136834	-0.1087253316	0.0924100807	0.0466829552	-0.012929646	-0.0389115445	-0.0624342825	0.0198646113	-0.0459511697	-0.0022427055	0.0150334258	-0.0002576475	0.0057350579	-0.0478746958	-0.112823145	0.0573159796	0.0349574825	-0.0852948875	-0.0242168476	-0.0292824902	-0.0980510213	-0.0852714837	-0.0139382862	-0.0080992789	0.0247478412	0.0635621964	0.0190301337	-0.0334953622	-0.1621684238	-0.0762891192	-0.0367249646	-0.0046529094	-0.0104049899	0.0310105212	-0.0747869496	-0.0944473684	0.0081284961	0.0460652552	-0.0864026058	3.74595e-05	-0.1374939861	-0.1473521724	0.0712065543	-0.0727265975	0.0167915587	-0.0938864454	0.0649650795	-0.0254880467	-0.1104450016	-0.0917116863	0.0129138972	-0.0435406344	0.0013186951	-0.0588805452	-0.020580082	0.0393550932	-0.0989542718	0.097509719	-0.1121218831	-0.0667489063	0.112854764	-0.0497936625	-0.118215728	-0.0917791034	-0.0871998907	-0.0129110458	0.0291253921	-0.0811104531	0.0884010295	0.025232124	-0.0118232191	0.0271492851	0.0725184238	-0.0957478938	0.1199534692	-0.0305052747	-0.0607087283	0.0325100797	-0.0819949584	-0.0844734105	0.0284609379	0.00217941	2.150000000000242e-06	4.749827948100001e-06	4.62250000000104e-12	0.0196168	0.019826958	0.00038481884224	0.0003931082635337	-0.0362569	-0.02916269	0.0008504624880361	0.00131456279761	0.000467076	0.0005650568	2.1815998977600005e-07	3.1928918722624e-07	0.000102358	0.0	0.0	1.0477160164e-08	4.51477e-05	0.0003129017	2.03831481529e-09	9.790747386289e-08	0.0	0.0	0.0	0.0	0.0	0.0	0.0
57367.00640656349	56.88051604797511	3235.393105883953	3290973424.0506964	120151.76113620595	756.1284094851144	571730.1716304888	14436445704.131891	55875.95136320153	-24.52404934629885	3122121940.7428627	601.4289963397011	74757.49190768797	57491.45664180844	1.146487	20.747108	0.0820244079999999	0.0385544	0.0515023875	0.0250154866	-0.0794557751	0.1057351593	0.0744576188	0.0166458089	-0.0431191406	0.0361434315	-0.0187332885	-0.0769127776	0.0369502879	0.0985301776	0.0455621776	0.1213995216	-0.0330355726	0.0162894094	-0.0054525396	0.008899884	0.0873564929	0.0302701929	-0.1764093949	-0.1418721938	-0.0021382596	-0.0491137696	0.0982091196	0.0074947217	-0.0400852293	0.0133231774	-0.1148805621	0.1107124213	-0.0817452163	0.0119619017	-0.0608530388	0.0405589398	0.1073255776	-0.0557048516	0.0726226998	0.0349374896	0.0041887996	-0.0373399833	-0.0329216593	0.012523264	0.0894737025	0.0407037002	0.0656023187	0.0923370552	-0.0692125763	-0.0866079198	-0.0487904157	0.0398831186	-0.0960015648	-0.0472959117	0.0837140525	-0.0085946756	-0.039778257	-0.0522675506	0.0440310139	0.0390004152	-0.1086383442	-0.0581548019	-0.0042493724	0.0261522174	-0.0080361945	0.0509112193	-0.0404131412	0.027672509	-0.0645701205	0.1540034667	-0.0774575808	0.0461632598	-0.0564425304	0.0960493528	0.00218347	-0.104660633	-0.0467117562	0.0284028038	-0.0871932638	-0.0125131276	0.0182255143	0.0204667586	0.0291672923	-0.0922685407	0.0225493889	-0.024435084	0.0263237128	0.0579160112	-0.1068333359	-0.1071354091	0.0359047564	0.1137783217	-0.0202264236	0.0308967027	-0.0839891338	-0.0814823178	0.034913343	0.0107263	0.00854689	0.0001150535116899	7.304932867209999e-05	-0.000214203	-0.019831003	4.5882925209e-08	0.000393268679986	-0.0208486	0.0154083	0.00023741570889	0.0004346641219599	0.00012148	-0.000345596	1.47573904e-08	1.1943659521600002e-07	-0.000195383	-0.000297741	8.864970308100001e-08	3.8174516689000006e-08	-7.627959999999998e-05	-0.0001214272999999	5.818577376159997e-09	1.4744589185289996e-08	0.0	0.0	0.0	0.0	0.0	0.0	0.0
57344.29639769949	-22.71000886399997	515.7445026029574	3288368329.3472104	119719.46107700892	-432.300059197034	186883.34118175908	14332749360.569454	55766.08469188456	-109.86667131697322	3109856201.862441	12070.685466271829	74531.12343416449	57209.76479154686	1.172701	21.221483	0.022290193	0.0127194	0.0369740221	0.0743429355	0.0766875587	-0.0222754925	-0.1192295801	-0.0603516346	-0.0385346756	-0.005182966	-0.0098597784	-0.0238026463	-0.0790261453	-0.0084941815	-0.0402514974	-0.0162215007	-0.0216463952	0.0995069366	0.0871964122	-0.0341768949	0.0687451426	0.0595649687	-0.1354517258	0.1177849699	-0.1344052823	0.0029104501	0.0367899409	-0.0126424	0.131807296	-0.1005516169	-0.0803215243	0.0389676397	0.1202788291	0.0250973311	0.0442696343	-0.0196369452	0.041961312	-0.0823315328	-0.0118732859	-0.0149911782	-0.0314105242	-0.0262146416	-0.1173853568	0.111063993	0.0496913301	0.1050182679	0.0161694888	-0.0978635772	0.0896359063	0.0712372716	0.0654146651	-0.0397222253	-0.0005013414	-0.0345025516	-0.0771845956	-0.1039427121	0.0319014578	0.0417986626	-0.0204295795	0.0709561364	0.0610097389	0.053782174	-0.0067736129	0.1049030746	0.0066710279	-0.0579241303	-0.0289325136	-0.0143527032	-0.1600706639	0.0912519397	-0.0259669921	0.0186610582	-0.0061064508	-0.0071132479	-0.0939559405	-0.0609280523	0.1074326606	0.0389507807	-0.1220938342	0.0366330383	-0.017339175	-0.0752328856	0.0372055525	-0.1652850721	0.0370127878	0.0615516951	0.0548927364	-0.13008009	-0.110311521	0.0061004766	-0.1050206363	0.0847696278	-0.0789227645	0.0292748789	-0.0858914684	-0.0782907735	0.041213081	0.010112	-0.0006142999999999	0.0001022525439999	3.773644899999999e-07	0.00477476	0.004988963	2.2798333057600004e-05	2.4889751815369e-05	-0.0192733	0.0015752999999999	2.4815700899999943e-06	0.00037146009289	0.00012148	0.0	1.47573904e-08	0.0	-8.462479999999998e-05	0.0001107582	1.2267378867240006e-08	7.161356775039997e-09	-0.000267754	-0.0001914744	7.1692204516e-08	3.666244585536e-08	0.0	0.0	0.0	0.0	0.0	0.0	0.0
57364.38442947045	20.088031770959788	403.5290204310898	3290672600.972072	119476.66653972612	-242.79453728279623	58949.187334367125	14274673847.444912	55766.3400251116	0.255333227047231	3109884679.7963643	0.0651950568343528	74583.23421007767	57621.33706900632	1.151465	20.837181	0.0300221649999999	0.0190656	0.0321360646	-0.0700082875	0.0855505326	-0.1005521897	0.0186446788	-0.0174673494	0.0075984117	0.0763514878	0.0019406321	0.0542256274	0.0539050978	-0.0543344469	-0.0627805417	-0.0337034034	-0.0053203236	-0.0512026647	0.0541524418	0.0597622581	0.0666843006	-0.0593824876	0.013246752	-0.0137295252	0.00606949	0.0150915167	0.0832826267	-0.040741381	0.0753283688	0.1397044346	0.0010421132	-0.0302926537	0.1716715421	0.0084409001	0.0817495804	0.0593868293	-0.0771866034	0.0031181104	0.0015052124	-0.0173072558	-0.0328583171	0.071568985	-0.0767152146	0.0602273334	0.105181493	0.0614008381	0.1052720538	0.0780177259	0.0169565125	-0.0730721177	-0.0996260147	0.0754192998	0.0419197319	0.0321168249	0.0772220847	0.0449480813	0.0089807687	0.04713127	-0.0709375623	0.0166740092	0.1051037077	-0.0511778907	0.0512335182	-0.0074110736	-0.0241705426	0.0749190076	-0.0101639703	0.0338882967	0.0451431582	0.0088710609	-0.1287494469	0.0511146161	-0.0267658248	-0.0729763806	0.0359486518	-0.033561816	0.0973726558	0.0419248554	-0.0051124235	0.0339436322	-0.0654766837	-0.0078258436	0.0928396069	-0.0069485467	-0.0240271902	0.0225314948	0.0137976093	0.0082436637	-0.0655218993	0.1013348279	0.0264991243	0.0679109653	0.0822275862	0.0276450517	-0.0876998819	-0.074906629	0.0473326046	0.0146098	0.0044978	0.0002134462560399	2.023020484e-05	0.00702058	0.00224582	4.92885435364e-05	5.0437074724e-06	-0.0379758	-0.0187024999999999	0.0003497835062499	0.0014421613856399	3.85382e-05	-8.294179999999999e-05	1.48519285924e-09	6.8793421872399985e-09	-7.60457e-05	8.57909999999998e-06	7.360095680999965e-11	5.7829484884900015e-09	-0.000267754	0.0	7.1692204516e-08	0.0	0.0	0.0	0.0	0.0	0.0	0.0	0.0
57297.95093899381	-66.4334904766365	4413.408656909353	3283055181.8073416	119789.99502669522	313.32848696909787	98174.74074634412	14349642908.495668	55818.702686543365	52.36266143176181	3115727569.608724	2741.848312217316	74630.03577980462	57280.945348770445	1.195344	21.631231	0.079367905	0.0491386	0.0341559217	-0.0780595675	-0.0807032165	0.0251991144	0.0967440247	0.055456503	-0.0295897926	-0.010557948	-0.0386181742	0.0185683205	-0.0008907842	0.0234795414	-0.0462565437	0.0804644198	0.0752107096	-0.0996989595	-0.0495898807	-0.1459346643	-0.0972091415	0.0573919872	-0.0039004014	-0.0392943784	-0.0333066483	-0.0475416216	0.0498012729	0.0704739662	0.1373492334	0.0377041452	-0.0211123804	0.0514264662	-0.0730499709	-0.1192548338	0.0726235325	-0.1291953774	-0.1001729095	0.011505833	-0.0035845435	-0.1588065011	0.0044764256	-0.1231596611	0.0308323366	0.0320868504	0.034939222	-0.135857272	0.0534108454	-0.1695488102	-0.0048802655	0.0426898483	0.0303812691	0.0482097219	-0.1216707181	0.0197070396	-0.0757973692	-0.0259318378	-0.0681335108	-0.011885886	0.0353181057	0.0234377718	-0.0416953879	-0.1295830339	-0.0563721745	0.0377889707	-0.0879406426	0.0304356989	0.0553372173	-0.0577395073	-0.1965020302	-0.0960196428	-0.073073972	-0.0279631563	-0.1004598683	-0.0717983123	-0.0890190263	0.1056899353	-0.0220213198	0.0393948673	0.0524279355	-0.0514132029	-0.0583772707	0.0505050985	0.0126749542	0.009117198	0.0358108166	0.007598012	0.0219354328	-0.0442780869	-0.0566337867	-0.0492330189	-0.0342963668	-0.1215206329	-0.0231559825	0.0260076665	-0.0894123968	-0.0713382097	0.0532451548	0.0142554	-0.0003543999999999	0.0002032164291599	1.2559935999999965e-07	-0.00295723	-0.00997781	8.745209272899999e-06	9.95566923961e-05	-0.00121588	0.0367599199999999	0.0013512917184063	1.4783641743999998e-06	-0.000398935	-0.0004374732	1.59149134225e-07	1.9138280071824006e-07	-0.000284088	-0.0002080423	4.328159858929e-08	8.0705991744e-08	-0.000267754	0.0	7.1692204516e-08	0.0	0.0	0.0	0.0	0.0	0.0	0.0	0.0
57246.97848427531	-50.972454718503286	2598.191140029868	3277216545.57908	119957.94364781912	167.9486211238982	28206.7393374187	14389908244.213348	55808.56134805485	-10.14133848851634	3114595519.7396016	102.84674633866288	74705.52970084203	57204.6307093622	1.325954	23.994774	0.041640635	0.0214484	0.0334813242	0.1354043285	-0.0030292946	0.0589674294	-0.0735340942	-0.1000906693	-0.027310937	-0.045640814	-0.0822461221	0.0148945935	0.0056375148	0.0011591183	-0.0435845557	-0.0409386115	0.048507271	0.1241104371	0.0255815564	-0.0607094099	0.0234504465	-0.015050791	-0.0988969339	0.0356734914	-0.0053571396	-0.0790753049	-0.055891708	-0.0646760106	0.0419722019	0.0405857945	0.0064565683	-0.0137504221	-0.0235209912	-0.2341402101	0.0162983787	0.0171504867	-0.1520502329	0.0593824455	-0.0823415789	0.1250760745	0.0536317995	-0.0831269361	0.0204975877	-0.043051011	0.0979846434	-0.0796855144	0.0550981108	0.1640103346	-0.1703742642	0.0890359667	-0.0334008255	-0.1374021196	0.0498776651	0.0971204299	0.0042201931	0.0172337657	0.0919980291	0.163171764	-0.0592582538	0.050817354	-0.0048728151	0.115770333	-0.0177812832	0.1052112323	-0.0134864172	0.0122053748	-0.0906904322	0.0012645883	-0.0382547889	-0.011117925	-0.0001769993	0.0431694127	0.0019209614	0.1001549949	-0.0182233877	0.0655719195	0.0060637355	0.0190911177	-0.0047633906	-0.0086055365	-0.0410258747	-0.0490510665	0.1173004048	0.0628999443	0.0537994312	0.0082544923	0.0436000895	-0.1389070372	0.0944888068	-0.0683776529	-0.0189830086	-0.0476973898	0.0959964619	0.0243631711	-0.0910271406	-0.0675942939	0.0589248775	0.022621	0.0083655999999999	0.000511709641	6.998326335999998e-05	-0.000184565	0.002772665	3.4064239225e-08	7.687671202225001e-06	-0.0154051	-0.0141892199999999	0.0002013339642083	0.0002373171060099	-0.000249419	0.0001495159999999	6.220983756100001e-08	2.2355034255999997e-08	-0.000255693	2.8395000000000012e-05	8.062760250000007e-10	6.537891024899998e-08	-0.000119402	0.0001483519999999	1.4256837604000002e-08	2.2008315903999998e-08	0.0	0.0	0.0	0.0	0.0	0.0	0.0
57179.48977276911	-67.4887115061938	4554.726180766254	3269494050.674208	119397.78917938586	-560.1544684332621	313773.0285057504	14255832060.92507	55795.66510881697	-12.896239237881671	3113156244.935255	166.3129864806789	74457.47252746235	56363.45915619389	1.234203	22.334433	0.0557290649999999	0.033024	-0.023504822	0.0052994734	0.0841462365	-0.0520404947	-0.0634521653	0.0619845685	0.0623958329	0.0686698301	0.063494781	-0.0112483668	0.0133489904	0.0040470153	-0.0282487917	-0.0320301699	-0.0427749788	-0.0152018982	0.016203879	-0.0087115025	0.0082787831	0.0747327503	0.0153942257	0.0821028651	0.0079760177	-0.0696705364	0.0918152187	-0.0822525449	0.0743780763	0.1252444305	-0.0495706898	0.0838874213	-0.0388846993	-0.0392672246	-0.066540266	0.0182266524	0.0135013555	-0.0434027524	-0.0526748502	0.0533260314	0.0036438492	0.021930657	0.0254795267	-0.0433656455	-0.0829571336	-0.0015237259	0.0336192265	0.105306933	0.0471239004	0.1511201267	0.054580207	-0.0502050778	0.0382311387	0.1224556438	0.0906307597	-0.0691815918	0.0751385689	-0.0051255843	-0.0299716534	0.0934639155	0.0681053924	-0.0213431324	0.0082581158	-0.0533870125	-0.000251012	0.0446011271	0.0844336302	0.023055633	-0.0975705263	0.0820342023	-0.0381996535	-0.0148351272	-0.0111093545	-0.0243295279	-0.0242718304	-0.0160750537	-0.0250923022	-0.0446272727	0.0229255925	-0.0986266001	-0.1042292227	-0.0453745098	0.1303870079	0.046193664	0.0907221783	0.035293701	-0.1684364942	-0.1231964035	0.0025471923	-0.0686283191	0.0718185198	-0.0147403308	0.0142073781	0.0227120151	-0.0925423476	-0.063684092	0.0643469367	0.0207039	-0.0019170999999999	0.00042865147521	3.675272409999992e-06	-0.00583103	-0.005646465	3.4000910860900004e-05	3.1882566996225e-05	0.011845	0.0272501	0.00074256795001	0.0001403040249999	-0.000465227	-0.000215808	2.1643616152900002e-07	4.6573092864e-08	-0.000309841	-5.414800000000001e-05	2.932005904000001e-09	9.6001445281e-08	-0.000267754	-0.0001483519999999	7.1692204516e-08	2.2008315903999998e-08	0.0	0.0	0.0	0.0	0.0	0.0	0.0
57224.75430214123	45.26452937211434	2048.877619279002	3274672504.940431	119883.41725612331	485.6280767374556	235834.62891572004	14372033733.005766	55912.2092713648	116.54416254783428	3126175145.6048923	13582.541823976018	74984.19500303901	56501.27889828365	1.296667	23.464787	0.071830853	0.0418154	-0.0145520324	-0.0555300255	-0.085640505	-0.0240477859	0.1058197935	-0.0576084805	-2.90603e-05	-0.0437139398	0.0487193268	-0.0693520829	-0.099066921	0.0153207516	0.0383360974	0.0568714597	0.0563673071	0.051254585	0.0502347189	0.0526283859	-0.0855837354	-0.2010703972	-0.0205013996	-0.0121684291	0.1133234378	-0.0246547549	-0.0491171647	-0.0889015009	0.063761994	-0.1279532747	0.0875489862	0.0197775668	-0.0874458779	-0.0784314167	0.0337264019	-0.0916671288	-0.1365229986	-0.0078669874	0.2287370444	-0.0133003589	-0.014294198	0.1099074075	0.0009201437	-0.045895216	0.0707851238	-0.0110979699	-0.1220073927	-0.0349727432	0.074918458	0.1197774306	-0.0166310523	-0.0051472418	0.0046370698	0.0047462102	-0.01130859	0.0449306871	-0.0865276686	-0.1725393218	-0.0499616032	-0.100081687	-0.0466798708	-0.0725332994	0.0277279135	0.0508526737	0.0806146302	-0.0993077145	-0.0740705182	0.0535693146	-0.1005492179	-0.0451124649	-0.017586349	-0.0053239213	-0.055590059	-0.0455425669	0.0026263946	0.1064620334	0.1083091793	-0.0324332098	-0.0362733482	0.0226090955	0.1378628998	0.1529428087	-0.0561063731	0.017436588	0.1102730078	-0.038683637	0.0420062207	-0.0309106532	0.1064237289	-0.0064046381	-0.053596825	-0.0752944161	-0.0493783085	0.0210546499	-0.0939563609	-0.0596172234	0.0694876231	0.0235155	0.0028116	0.00055297874025	7.905094560000006e-06	-0.000182682	0.005648348	3.3372713124000013e-08	3.1903835129104e-05	-0.020336	-0.032181	0.001035616761	0.0004135528959999	-0.00014616	0.000319067	2.13627456e-08	1.0180375048900003e-07	-0.000357384	-4.754299999999999e-05	2.260336848999999e-09	1.27723323456e-07	-1.05659e-05	0.0002571880999999	1.1163824281e-10	6.614571878161e-08	0.0	0.0	0.0	0.0	0.0	0.0	0.0
57374.33997554082	149.58567339958972	22375.87368640873	3291814887.628941	120076.68627081322	193.26901468991127	37352.91203920914	14418410585.779305	55880.8041533801	-31.405117984701064	3122664272.8284225	986.2814356329942	74699.06606806659	57501.92601384381	1.365766	24.715229	0.055766073	0.0277824	0.0430694757	0.117227278	0.0427874735	0.0653445596	-0.1190147822	0.0013397067	0.0180683761	0.0492155084	0.0020158859	0.0210521774	0.0439654974	0.0889438725	0.0215364454	-0.1120473617	0.0102682928	0.0334548822	0.060900897	-0.0039329724	0.0239467359	0.0071824044	-0.0349707312	-0.0952585302	-0.0443435279	-0.0948988332	0.0255793763	0.0951051622	0.0446410507	-0.1597820262	-0.0837606696	0.1168517583	-0.0514550438	-0.0476370538	0.0583590082	0.0064914355	0.0027496735	0.0492170454	-0.0098268557	-0.039706526	0.0440948656	0.0135676006	0.0227852383	0.0478459275	-0.0144901691	0.0638905482	0.1314090356	-0.1249218956	-0.1226318861	-0.0226463416	0.0617006161	0.0645584432	0.1456505933	-0.0098226488	-0.0486080694	-0.0239736009	-0.1005995674	-0.0321061236	0.0083418831	0.100761561	0.0014549839	0.0949185193	0.0144935534	-0.0168177907	-0.032932115	0.0636239895	0.0220749178	-0.0037172249	-0.077665542	0.0269491716	0.033639233	-0.0165985739	-0.020510939	0.1290469411	0.0477976156	-0.0317598433	-0.0111302577	0.0461984491	0.0331435294	-0.0343250071	0.0318445251	0.0799157161	-0.0812209053	-0.1353866901	0.1229771325	-0.0309826502	0.0977190109	-0.0244460832	-0.0046162969	0.0652717231	0.0711704053	-0.0312716895	0.0054278625	0.0193915285	-0.0952676342	-0.0554036926	0.0743244578	0.0281132	0.0045977	0.00079035201424	2.113884529e-05	-0.0169094	-0.016726718	0.00028592780836	0.0002797830950515	-0.0110024	0.0093336	8.711608895999998e-05	0.00012105280576	-0.000376452	-0.000230292	1.4171610830399998e-07	5.3034405264e-08	-0.000342703	1.4681000000000004e-05	2.1553176100000008e-10	1.17445346209e-07	-0.000267754	-0.0002571880999999	7.1692204516e-08	6.614571878161e-08	0.0	0.0	0.0	0.0	0.0	0.0	0.0
57206.85408572076	-167.48588982005458	28051.523288815464	3272624154.3849463	119379.43474187078	-697.2515289424482	486159.6946125817	14251449439.288584	55830.50149872449	-50.30265465561388	3117044897.599077	2530.3570654019527	74594.36397429435	56818.464037033984	1.286596	23.282551	0.05359778	0.029809	-0.0030496313	-0.0566670925	0.082303912	-0.0596611923	-0.0148583411	0.0641896644	0.0124022812	0.0023129718	0.0153577244	-0.0167006361	0.0202400078	-0.0622624869	0.0011867764	0.0283806925	-0.0363897331	0.0771303078	0.0740332952	0.0120998872	-0.1012444364	-0.0667116815	-0.037068697	0.1120606704	0.056982281	-0.0676111161	0.0954996355	0.0210341964	-0.0345269287	0.0121185397	0.085174822	0.0951208232	0.0873211804	0.0461733892	-0.0709971318	-0.1016460126	0.101936545	0.0498360095	-0.0896290611	0.075892013	-0.0872972913	0.0042444772	0.1332296792	-0.0157037131	-0.0231865388	-0.0207133067	0.0539417528	0.0391836236	-0.0496974918	0.0356778969	-0.0073652205	0.0911192703	0.1415344052	0.0622238407	-0.0833397273	-0.1541527925	-0.043592623	0.0085659212	0.02419649	0.0313002077	0.0367671942	-0.0320674597	5.87339e-05	-0.0468532966	0.0327010272	-0.0317696512	0.0214741617	0.1096114918	-0.0065090252	0.0994704796	0.0519484289	0.0161029849	-0.0257514124	-0.0164678504	-0.0506399977	-0.0097517911	0.0989533972	-0.0322965982	0.0829952579	-0.0519064986	-0.0566554608	0.0067852567	0.0383701878	0.0786991292	0.1480927205	-0.2143454713	-0.1380445108	-0.0304855556	-0.0843116685	0.0729410613	-0.0652010655	0.0894198204	0.04420967	0.0177231056	-0.0964747338	-0.0510538654	0.0788362905	0.0121814	-0.0159318	0.00014838650596	0.00025382225124	-0.0112672	0.0056422	0.00012694979584	3.183442084000002e-05	0.0077417299999999	0.0187441299999999	0.0003513424094568	5.993438339289845e-05	-0.000638121	-0.0002616689999999	4.07198410641e-07	6.8470665561e-08	-0.000338779	3.923999999999985e-06	1.539777599999988e-11	1.14771210841e-07	-0.000267754	0.0	7.1692204516e-08	0.0	0.0	0.0	0.0	0.0	0.0	0.0	0.0
57254.35668508928	47.50259936851944	2256.4969467660635	3278061359.423428	119798.1511437847	418.71640191391634	175323.42523173633	14351597017.469082	55850.4269790338	19.92548030931357	3119270193.7403865	397.0247655568429	74905.14080845291	56995.856532865626	1.209915	21.894909	0.075935442	0.0514879	0.0056775782	-0.0663535378	-0.0955774993	0.0123685942	0.1029813348	-0.0289769587	0.0444835703	0.0264015617	-0.0160501139	-0.0272575145	-0.042537315	0.0125403016	0.0085860192	0.1522551797	0.0008916334	0.0941306997	0.0539980395	0.0553826587	0.072340086	-0.0318002602	-0.0279279622	-0.0896291523	0.0288334349	0.0444903507	-0.0194123261	-0.0749214013	0.0547236195	0.0359976624	0.0578980367	0.1478650355	-0.1026248224	0.0179107667	0.1034499248	0.0241746927	-0.0111065197	-0.0422717711	-0.0795476725	0.0429866011	0.192225872	-0.0589891775	-0.055020419	0.0627201813	0.0006552854	0.0210394143	0.2303491957	0.029915487	-0.028006923	-0.0815482706	-0.0589248482	-0.1724146679	-0.1091864753	-0.0680347893	0.046528151	-0.0552612702	-0.0616537716	-0.1140024669	-0.0390087157	-0.0907127836	-0.0413367711	-0.0260427772	0.0286308258	-0.0047950123	0.027215521	0.055363564	-0.0482610621	0.0076052762	-0.1459602737	0.0282095144	-0.1277462755	-0.0230245456	0.0013576799	-0.0301235723	-0.045230121	0.0353831857	0.0886904316	-0.1015684927	-0.059650103	-0.068885145	0.0413261492	0.0149670369	0.0703714765	-0.06703509	0.0178223776	0.0168210141	0.1745927899	0.0351482098	0.0118589887	-0.0294918106	0.0425038617	0.0746318157	0.0941356394	0.0160498375	-0.0975763397	-0.0465784425	0.0830033923	0.0132755	0.0010941	0.00017623890025	1.1970548100000014e-06	-0.000179588	0.011087612	3.2251849744e-08	0.0001229351398625	-0.0306614	-0.0384031299999998	0.0014748003937968	0.0009401214499599	-0.00014616	0.000491961	2.13627456e-08	2.42025625521e-07	-0.000323728	1.5050999999999977e-05	2.2653260099999924e-10	1.0479981798400001e-07	-0.000267754	0.0	7.1692204516e-08	0.0	0.0	0.0	0.0	0.0	0.0	0.0	0.0
57224.67446149054	-29.682223598741984	881.0343977657155	3274663367.2235675	120314.71365603885	516.5625122541533	266836.82906632224	14475630322.13462	55828.416697225766	-22.01028180803405	3116812110.919077	484.4525052690747	74728.09551874555	56755.47030404055	1.223938	22.148682	0.135247172	0.0740769	0.0064894376	0.0887467247	-0.0318797774	0.1365724912	-0.0595748021	0.0433694683	-0.0727443601	-0.0100506958	0.0817662279	-7.12061e-05	0.0106998425	0.0689803443	-0.0224691141	0.0070123283	0.0120825854	0.0530429459	0.0083713443	-0.0761959813	0.1359705092	0.0329206672	-0.0023571678	-0.0756265587	0.0403192491	0.0098501075	-0.0565469121	-0.0254211002	0.1217805905	-0.0010911098	0.073880052	0.0572486956	0.0457643978	0.0194735963	0.0453228629	0.0073624308	-0.0252135998	0.0530900278	0.0366084898	0.0051773866	-0.0704994898	-0.070403285	0.0106640175	0.0603031221	-0.0427522896	0.1487051216	-0.0493661388	-0.0038501192	0.1667677739	0.0092258315	0.0224036299	0.0979750916	-0.0681041376	-0.0458502784	-0.1110453728	-0.0717719764	0.0579763448	0.0293151848	-0.0745530155	0.0929195539	-0.0814006864	0.0346864871	-0.0750792575	0.0382867375	-0.0207238123	0.0561920345	0.0304300495	0.0214116985	0.0266843685	0.059758165	0.0673828966	0.0663116523	-0.1063809578	-0.0096521683	0.0382978094	-0.0174115067	0.0192180275	-0.0100986157	0.0498469814	-0.1777031348	0.0255411357	0.127521717	0.0758150418	-0.0323666456	-0.0040732363	0.0514830688	0.1217216488	-0.0329156159	0.0514626835	0.0232168326	0.0521775082	0.0649879796	0.0576299185	0.0143721814	-0.0985712473	-0.0419884337	0.0868075413	0.00217504	-0.01110046	4.730799001600001e-06	0.0001232202122116	-0.0323953	-0.032215712	0.00104945546209	0.0010378520996669	0.0230343	0.0536957	0.00288322819849	0.00053057897649	-0.000656108	-0.000509948	4.3047770766400005e-07	2.60046962704e-07	-0.000486128	-0.0001624	2.637376e-08	2.36320432384e-07	-0.000175396	9.2358e-05	3.0763756816e-08	8.530000163999997e-09	0.0	0.0	0.0	0.0	0.0	0.0	0.0
57201.54625232562	-23.1282091649191	534.9140591762477	3272016893.656947	119203.73835477498	-1110.9753012638685	1234266.1200183432	14209531237.75365	55754.383464206	-74.03323301976343	3108551275.473728	5480.91959135859	74630.49133138638	56533.948733646524	1.210285	21.901609	0.1455436	0.0777567	-0.0319789777	-0.0006094519	0.1171108898	-0.1164596033	-0.0387346057	-0.0140945348	0.0040501038	0.027106686	0.0389008358	-0.0532039092	0.0089445942	-0.1324917401	-0.0938213242	-0.0846512953	-0.0277881249	0.0695636613	0.0591585466	-0.0406878826	0.0056903213	-0.058771059	-0.0291565041	0.0215579847	0.0120844987	-0.0655388666	-0.0853597357	-0.039817176	0.0562844883	-0.0927298034	0.0631250421	0.0670104791	0.0366582548	0.0839567316	0.1127363973	0.0544297464	-0.0003808173	-0.0271732974	0.0062598008	-0.0266843332	-0.0940806581	0.0715062109	-0.0469204703	-0.0799914457	-0.1766876022	0.0389062111	-0.0451195676	-0.0317566372	-0.0167680562	-0.0903578333	-0.0383064845	-0.0205801407	-0.0540386273	0.0773354535	0.0891329416	-0.0859303958	0.0330691487	-0.0264304673	-0.0228313046	0.0083991159	0.1315407904	0.0155376559	0.0052566535	0.0036643858	0.04344608	-0.0546799396	0.0240497339	0.069222863	0.0097729474	0.0644427019	-0.0710908121	-0.0373903573	0.0428030267	-0.0259555162	0.0518330685	0.00956945	0.0829532028	-0.0628986127	0.0350697869	-0.1344473452	-0.0678341763	0.0191935625	-0.0022278	0.0487501554	0.0192190543	0.0455498453	-0.0147105803	-0.0354084612	0.1475218128	0.0982759658	-0.0249927523	-0.0508306167	0.0479446566	0.0126905962	-0.0994583687	-0.0372951309	0.090232103	0.0143986	0.01222356	0.0002073196819599	0.0001494154190735	0.0032425	0.0356378	1.051380625e-05	0.00127005278884	-0.0246783	-0.0477126	0.00227649219876	0.00060901849089	4.55149e-05	0.0007016228999999	2.07160612201e-09	4.922746938044099e-07	-0.000323728	0.0001624	2.637376e-08	1.0479981798400001e-07	-4.00261e-05	0.0001353699	1.60208868121e-09	1.832500982601e-08	0.0	0.0	0.0	0.0	0.0	0.0	0.0
57261.63510153588	60.08884921026038	3610.669799413409	3278894854.5014462	119870.16256843478	666.4242136598041	444121.2325520882	14368855874.182983	55801.901913265305	47.51844905930193	3113852257.137682	2258.0030010014725	74832.911535853	56707.29218066231	1.199924	21.714104	0.073784765	0.0471494	-0.0062215352	-0.0534082807	-0.0589374136	0.0058254168	0.0596903285	0.0002144469	0.0005062875	-0.0067553531	-0.0061257514	-0.0063099864	-0.1053934691	0.072632462	-0.0352960974	0.0107785519	0.0344049	-0.0504125919	0.0019783607	0.0614722347	-0.0670716807	-0.020823823	0.0399094403	0.0504475668	-0.0177087391	-0.041516685	0.052688384	-0.0370012321	-0.0819172897	0.1138886567	-0.0341936782	-0.0076663138	0.0240243011	0.0543819271	0.1400368836	-0.0343668592	-0.0774364768	-0.0067995852	-0.0542175248	-0.0058511217	-0.2153758721	0.117178089	0.0533424544	-0.0270907816	-0.0279134778	-0.1178983197	0.0537155195	-0.036608765	-0.026014304	-0.0925935354	0.0634313407	0.0757759885	-0.0353518358	-0.0684228239	0.0595259284	0.0303721813	-0.0734343301	-0.1620860128	0.1124076436	-0.032156404	-0.0066170094	-0.0436945268	-0.0054381284	0.0420198153	0.0124905648	0.046269517	-0.014966409	0.0218657182	-0.0662817427	-0.1102649464	0.0090602543	0.014225247	-0.1025194057	-0.0320230514	-0.0333598847	0.1136105852	0.0689633336	-0.03354262	-0.0601890872	0.0118217461	-0.0027518638	-0.048405572	-0.0552105725	0.0268838826	-0.0205526996	-0.0421875655	-0.0654996986	0.079366678	0.0365898168	0.0104116397	0.0258791464	0.0146858133	0.0091630405	0.0110055415	-0.1002367339	-0.0325100797	0.0932621027	0.0266376	0.012239	0.00070956173376	0.000149793121	-0.0260428	-0.0292853	0.00067822743184	0.00085762879609	-0.0258579	-0.0011795999999999	1.3914561599999989e-06	0.00066863099241	-0.000564385	-0.0006098999	3.185304282250001e-07	3.7197788802001e-07	-0.000323728	0.0	0.0	1.0479981798400001e-07	-5.17435e-05	-1.1717399999999996e-05	2.6773897922499996e-09	1.3729746275999993e-10	0.0	0.0	0.0	0.0	0.0	0.0	0.0
57336.540384275606	74.9052827397245	5610.801382318069	3287478863.237668	119669.05049280588	-201.11207562890195	40446.06696376517	14320681645.849724	55906.42525510204	104.5233418367352	3125528384.8043118	10925.128988719	74672.18621119692	57005.27988311932	1.221621	22.106739	0.08236724	0.0539231	0.0213288196	0.0841635044	0.038237402	0.0038378039	-0.0871302584	0.0192504229	-0.1141058889	-0.0955865267	-0.0629256169	0.0460340589	0.0428786446	0.0341098487	0.0287666527	-0.0626794025	-0.0219874474	-0.0804249158	0.048759773	-0.1467800945	-0.0456180868	0.0712809865	0.0310430462	0.0777190625	-0.0585028897	-0.0017854857	-0.0468516453	-0.0920333815	0.0379126034	-0.0142780135	0.0530568434	0.029041391	0.093370331	0.0612756375	-0.126151496	-0.0111241892	-0.120808345	0.0054657142	-0.0134851916	0.0657939034	-0.000295197	0.1146217452	-0.0855703285	-0.0307166435	0.1003643255	0.2147799132	-0.0985747438	0.0534736781	0.1362666492	0.0135088612	0.0106585864	-0.1595327978	-0.0215974744	0.0294057505	0.0120601706	0.0107152267	-0.0126983782	-0.1022003406	0.0716784619	0.0623491104	0.0212749028	0.0320974032	-0.0095641601	0.0375218444	-0.1251791747	-0.1114099955	0.0407669275	-0.1097456185	-0.0034867067	0.0141482294	0.0889861931	-0.0641922049	0.0284352878	0.057806699	-0.0473326232	0.0620359342	0.0586951569	0.056061624	0.0147324186	0.0632080171	0.08981939	-0.0082501298	0.0105215266	-0.0101067327	-0.095533921	-0.1416242478	-0.1732389914	-0.0461051768	0.0822023967	0.0260063902	-0.0358765967	0.0660250779	-0.0302063442	0.009317478	-0.1009054916	-0.0276450517	0.0958842909	0.0458129	0.0191752999999999	0.00209882180641	0.0003676921300899	0.0223769	0.0484197	0.00050072565361	0.00234446734809	-0.0288609	-0.0030029999999999	9.018008999999992e-06	0.0008329515488099	-0.000551196	1.318900000000004e-05	3.03817030416e-07	1.7394972100000103e-10	-0.0005391	-0.000215372	4.638509838400002e-08	2.906288100000001e-07	-4.49197e-05	6.823799999999994e-06	2.01777944809e-09	4.656424643999992e-11	0.0	0.0	0.0	0.0	0.0	0.0	0.0
57456.36934178824	119.82895751263275	14358.97905856435	3301234377.9399834	119764.83449527933	95.78400247344688	9174.57512983328	14343615581.681648	55940.97821667729	34.55296157525299	3129393043.838763	1193.90715362091	74807.61690954103	57396.79732712039	1.177762	21.313057	0.085641015	0.0554035	0.0351084256	-0.044183247	0.0522843637	-0.0138706426	0.0244800683	0.0369577162	0.0577114147	0.1464558029	0.0570524905	-0.008449675	-0.0129619316	-0.0367902551	0.0606180156	-0.0868151435	-0.0352565521	-0.0596685406	-0.0453521694	0.0893965328	-0.0165396528	-0.1366661118	-0.0544442984	0.1256840314	-0.010703944	-0.0907426246	-0.0964586112	-0.006525863	-0.0507421274	-0.0302258395	0.143102319	0.0173421085	-0.0115254135	-0.0168521502	0.0055294736	-0.0177545204	0.1353703951	-0.0585882709	-0.0487912161	0.0209729519	0.0629840373	-0.048420124	0.0026607571	-0.0150836339	0.0254669993	-0.025726498	-0.081866941	-0.016654874	0.0554918982	-0.1568411956	0.138653254	-0.112375116	-0.0533962553	0.038423242	-0.17281094	-0.0398027873	0.0845695082	-0.0480966038	0.0418104799	0.0411397636	0.0076067765	-0.0496007089	0.0688923187	-0.0927813968	0.0763705601	0.0643101618	0.019821336	0.0713165243	0.0768496922	-0.0008123414	-0.0324478469	0.0108748876	0.0299069346	0.0480130869	0.11395271	0.0322626552	0.0592049147	0.0760442711	0.0191652385	0.0409787466	-0.0217952471	-0.058506489	-0.0449250283	0.0650948389	0.0700843387	-0.0290675708	0.0508615535	-0.052847292	0.0695881336	-0.0025902088	-0.1609287463	0.0743759103	0.0275307203	0.0076268671	-0.1014639107	-0.0227120151	0.0980872016	0.0458257	1.2800000000000313e-05	0.00209999478049	1.6384000000000796e-10	-0.0260456	-0.0484225	0.0006783732793599	0.00234473850625	-0.019012	0.0098488999999999	9.700083120999994e-05	0.000361456144	-0.000856492	-0.000305296	7.335785460640001e-07	9.320564761600002e-08	-0.000520095	1.9005e-05	3.6119002499999993e-10	2.704988090250001e-07	-0.000267755	-0.0002228353	7.1692740025e-08	4.965557092609e-08	0.0	0.0	0.0	0.0	0.0	0.0	0.0
57414.8252502406	-41.54409154763562	1725.911542518329	3296462158.515666	119972.79395638838	207.95946110905788	43247.13746476976	14393471289.70202	55953.29406489158	12.315848214289872	3130771116.712232	151.68011723742703	74967.16638762676	57513.44699441852	1.17724	21.303608	0.11056579337	0.055598	0.0646007708	-0.0377662065	-0.1042537048	0.0537818381	0.1194987601	-0.0313466417	-0.0277602993	-0.0212710926	-0.0160775116	-0.0975271448	-0.0237253745	-0.0014104798	0.0828710137	0.1125120266	0.022102105	0.0030880373	-0.0152387555	0.0289205994	0.0992151443	-0.1764163443	0.0573789896	-0.0238798507	-0.0391501891	0.1028378463	-0.0486561129	-0.1034079894	-0.1437557622	0.0622642139	-0.0264370819	-0.0776445319	0.0157891673	0.0288242425	0.0609401125	0.0162530648	0.066818844	0.0360930963	0.0322990306	0.0074170117	0.0098741118	-0.0542465721	0.0589559356	0.0177807081	0.0889106457	0.0666251559	0.0378741239	-0.0219621248	0.0378180863	0.0026296836	-0.1034027283	0.0180455422	-0.055238266	0.1358523575	0.0797897431	0.1188467828	-0.0070287833	0.0356433121	0.0517661652	-0.0469670205	-0.113986546	-0.0666182285	0.0216627902	0.0270835213	0.047818179	-0.0497316343	-0.071709613	0.0318899238	0.0607683014	0.0653209922	0.0119931184	-0.0687719959	0.0424088722	0.0851176376	0.0691237728	-0.0724965409	0.1430966847	-0.1265027733	-0.0484872543	-0.0191020441	-0.015917594	-0.0222017882	0.0457096794	-0.0038172364	-0.1104846286	0.1170395045	-0.0456761505	-0.0198004045	-0.0215225696	0.036823157	0.0755486421	0.0131435311	0.0998389518	0.0059341712	-0.1019113804	-0.0177231056	0.0998612018	0.0355074	-0.0103182999999999	0.00126077545476	0.0001064673148899	1.16932e-06	0.02604676932	1.3673092624000001e-12	0.0006784341920092	-0.0340594	-0.0150473999999999	0.0002264242467599	0.0011600427283599	-0.000137919	0.000718573	1.9021650561e-08	5.16347156329e-07	-0.000323728	0.000196367	3.8559998689000014e-08	1.0479981798400001e-07	3.71481e-07	0.000268126481	1.37998133361e-13	7.189180981344338e-08	0.0	0.0	0.0	0.0	0.0	0.0	0.0
57324.84953055977	-89.97571968083503	8095.630132084204	3286138373.7013183	120240.14084368967	267.3468873012898	71474.35814968856	14457691470.11033	55983.36102519133	30.066960299744096	3134136711.676912	904.0221016663876	75007.93891017849	57634.04776587221	1.227958	22.221422	0.0859714652699999	0.0474965	0.0643206186	0.1124799792	-0.0468960787	0.1112491319	-0.0322211646	-0.0663837467	0.0936156093	0.0671162687	0.0451315266	0.0602406408	0.0618542463	0.0135561298	0.100473229	-0.0030640458	-0.0262778319	0.0484908859	0.0003677728	-0.0177951684	0.148400925	-0.1389294797	0.0219974112	-0.0080122854	0.0428790297	0.0278123717	-0.0128713566	-0.0300613754	-0.0035326894	0.0883817702	-0.0102278016	-0.0597595128	-0.0046502805	-0.0625434962	-0.0196392852	-0.142216935	-0.0270878899	0.0446176941	-0.0296088359	-0.0051970799	0.02232722	0.057872331	0.0854706144	0.0183295836	-0.0472281834	0.0814383597	0.0375257216	0.1107710732	0.0023060973	-0.0467631435	0.0486046478	-0.0295257713	-0.0133216674	-0.0624201096	0.0799929836	-0.1069685097	-0.0170528185	0.0999720048	0.0166007792	0.018676831	-0.1139077324	0.1072138176	0.0291452322	-0.0990457185	0.0217783348	0.0308939944	-0.0315138278	0.0371901633	0.0895411394	0.0084239177	0.0213639774	0.047261774	-0.1093421836	-0.0597294698	0.0982355556	0.0116814788	0.1124327624	0.0173790427	0.0042105958	-0.0816776177	0.0631804834	0.041214593	0.0727151392	0.0396309783	0.0237253301	0.0596665437	0.0083033505	-0.0314575145	0.0014814444	-0.0237125524	0.060317051	-0.0567761557	0.0455689278	0.0042398529	-0.1022474116	-0.0126905962	0.1011985345	0.0198694	-0.015638	0.0003947930563599	0.000244547044	-0.0122633	-0.0122644693199999	0.00015038852689	0.0001504172077012	-0.00830226	0.0257571399999999	0.0006634302609795	6.892752110760001e-05	-0.000703216	-0.000565297	4.94512742656e-07	3.19560698209e-07	-0.000323728	0.0	0.0	1.0479981798400001e-07	8.131159999999998e-05	8.094011899999998e-05	6.611576294559997e-09	6.551302863734158e-09	0.0	0.0	0.0	0.0	0.0	0.0	0.0
57062.48009330274	-262.3694372570244	68837.72160656766	3256126634.398572	119842.4379995928	-397.7028440968716	158167.55220274054	14362209945.686243	55713.998728475766	-269.36229671556066	3104049654.3165994	72556.04689188174	75121.64248547201	55780.807910200085	1.471454	26.627779	0.18934015	0.116976	-0.0475862442	0.0561884123	0.043750824	-0.0410113189	-0.013322113	-0.1535497242	0.1636962288	-0.0635619144	0.1394911402	-0.0017050031	0.0900997688	0.1089614886	-0.0354068883	-0.008706258	-0.139768101	0.0758711884	0.0075674063	-0.0367774596	-0.0911956117	0.1079508714	0.0309147959	-0.0305003055	0.1540066097	0.0291427622	0.1447974002	-0.0663092782	-0.0208096989	-0.0083121992	0.1297688271	0.0400188224	-0.0703214797	-0.0285095753	-0.112095966	0.0643354559	-0.0508161286	-0.075707358	-0.0499871702	-0.0099621741	0.163136654	-0.1000303456	-0.0670957666	0.0865979111	0.1457212134	0.0712147643	0.0570565287	0.0212998498	0.0721697885	-0.0600474396	0.0336050667	-0.0099136971	-0.067421658	0.0850027514	-0.113254707	0.0309116573	-0.0225738153	-0.0186632992	-0.0033942628	-0.1745371913	0.0527613787	0.1922594672	0.0170722858	-0.0324869669	-0.0052968491	0.0178096441	0.0237492755	-0.1320126807	-0.050431297	0.0656988652	-0.1981695686	-0.0055302912	0.1379284449	-0.0654115427	0.0219495532	0.0818373603	-0.169870659	0.0031387859	-0.1417169232	0.1080612218	0.1009628828	0.165811886	0.0098678936	0.007344957	0.039400727	-0.1267898961	0.0322758566	0.0776402132	-0.185091622	-0.0175538221	-0.1915271788	0.0789328994	0.06760984	0.0025443755	-0.1024716367	-0.0076268671	0.1020933517	0.0157532	-0.0041162	0.0002481633102399	1.6943102440000005e-05	0.0375781	0.0498414	0.00141211359961	0.00248416515396	-0.0828311999999999	-0.0745289399999998	0.0055545628975235	0.0068610076934399	0.000422289	0.001125505	1.7832799952100004e-07	1.266761505025e-06	-0.000323728	0.0	0.0	1.0479981798400001e-07	-1.02556e-05	-9.15672e-05	1.0517733136e-10	8.384552115839997e-09	0.0	0.0	0.0	0.0	0.0	0.0	0.0
57097.75115451226	35.27106120951794	1244.047758845561	3260153186.9026065	119232.42368013242	-610.0143194603879	372117.4699467202	14216370856.6386	55774.59922672194	60.60049824617454	3110805918.901452	3672.420387684603	74918.8957931837	55555.50039163312	1.227956	22.22138	0.04688358	0.0280982	-0.0743086576	-0.0410300481	-0.0207346042	-0.0467880047	0.0353573222	0.0273134271	0.046399903	-0.1354220587	0.04293686	0.1109432109	-0.1548859356	-0.0048246181	-0.0342886938	0.0588327227	-0.0332824237	-0.0096535264	-0.0673360459	0.1109022762	-0.0474050548	-0.017972578	0.1000804813	0.0239896953	-0.0515569568	-0.0088307474	0.0621848729	0.1967750429	-0.0253289552	0.0596618944	0.026528733	-0.1396087379	0.0649908413	-0.0076382602	-0.1173086055	-0.0996087262	-0.0858169036	-0.035425786	0.0442482343	0.1795889821	0.0280840114	-0.0016991551	-0.1926814996	0.0007600365	-0.0442969774	-0.0936797673	0.103150821	-0.0394104041	-0.0669824398	0.0078422278	-0.0726538532	0.0098413248	0.0291978706	-0.0106878689	0.0157237557	-0.0193223593	0.1132495917	-0.0511391634	-0.0182892865	-0.1438189848	0.0390807862	0.0036760841	-0.0314032511	-0.0353039521	0.0093494912	-0.0303019986	-0.0109638809	0.0663112928	0.127190956	-0.1222107962	0.1544538046	0.0258874198	0.0061566621	0.0726113193	0.0392283725	-0.0463352253	-0.1645327331	0.0422701663	-0.0051912626	0.1781917866	-0.1654519828	-0.063257058	-0.0124988296	-0.0499461406	-0.056137226	-0.0440523943	-0.0349039369	-0.0183768554	-0.0292480984	-0.1085732126	-0.020063128	0.0121165808	0.017543641	0.0008482025	-0.1025838106	-0.0025443755	0.1025417406	0.016693	0.0009398	0.000278656249	8.832240400000019e-07	0.019724	-0.0178541	0.0003890361759999	0.00031876888681	-0.0820701999999999	0.0007609999999999	5.791209999999967e-07	0.0067355177280399	0.00014887	-0.000273419	2.21622769e-08	7.4757949561e-08	-0.000323728	0.0	0.0	1.0479981798400001e-07	0.000262899	0.0002731546	6.911588420099999e-08	7.461343550116e-08	0.0	0.0	0.0	0.0	0.0	0.0	0.0
57189.63495806526	91.88380355299888	8442.633355366088	3270654346.63676	120100.38896408964	867.9652839572227	753363.7341549422	14424103429.325624	55849.59920878508	74.99998206314194	3119177731.781927	5624.997309471613	74872.53561858842	56390.8050995147	1.192299	21.576136	0.0754853249999999	0.0393783	-0.0316470508	0.1006532099	-0.0472291803	0.0926631071	-0.0684963527	-0.0208684396	-0.0230103445	-0.0632316378	-0.0762922665	-0.0104685125	-0.0309097971	0.0046213997	-0.0108789514	-0.0438513862	0.065223913	-0.0031562007	-0.0407509697	-0.1000327661	0.113492191	-0.026883277	0.0419653842	0.060658691	-0.0684173376	0.0404213916	-0.1580660576	-0.0257050326	-0.009122599	-0.0594062215	0.0547548411	-0.1071041903	0.0068289123	0.1718133382	0.0056775459	0.0290776415	-0.0556716656	-0.1154997397	-0.0802758419	0.2197001608	-0.0762662751	0.0434463784	0.0076908465	0.0016343412	0.0338283757	-0.0462619292	-0.0053627246	-0.0787826598	0.0019818833	0.1328149932	0.0640195204	-0.058644314	0.0398694298	-0.0454012158	-0.0180319301	0.0913121079	-0.0054798895	-0.1186436762	-0.0545435595	0.019434186	-0.0552476315	0.090394351	-0.0726580614	0.0551788416	-0.0430853402	-0.0224497268	-0.0841920779	-0.0023749114	0.1035747344	-0.0581414569	0.0606482028	-0.0932933384	0.0943373086	0.0172212263	-0.0060313805	0.0724133388	0.0149497288	0.0340586504	-0.0779228181	0.1511454019	0.0769947107	-0.0811097899	-0.0144760033	-0.0344755312	-0.0686356834	0.1113153489	-0.0180907062	-0.0014349294	0.1599799192	0.0100373256	-0.0115531587	0.0595103387	-0.0469263651	-0.0008482025	-0.1025838106	0.0025443755	0.1025417406	0.0167121	1.910000000000106e-05	0.00027929428641	3.648100000000405e-10	-0.00108015	-0.0208041499999999	1.1667240225e-06	0.0004328126572224	-0.0567694	0.0253007999999999	0.0006401304806399	0.0032227647763599	-1.44815e-05	-0.0001633515	2.0971384225e-10	2.6683712552250004e-08	-0.000642045	-0.000318317	1.0132571248900005e-07	4.122217820250001e-07	0.000157342	-0.0001055569999999	2.4756504964000004e-08	1.1142280248999992e-08	0.0	0.0	0.0	0.0	0.0	0.0	0.0
57137.42567612045	-52.209281944808026	2725.809121192457	3264685412.894189	119231.07818532818	-869.3107787614572	755701.2300708512	14216050005.235842	55855.71341677296	6.114207987877308	3119860721.296671	37.383539319022674	74762.69358637482	55942.97843870098	1.250129	22.622633	0.035965407	0.02257	-0.0669138825	-0.0782600015	0.0821559074	-0.0855641859	-0.0069131253	0.0613655002	0.0096954384	-0.0274723551	0.0242873377	0.0091651778	-0.0397847146	-0.0577277056	-0.0089830027	0.0144412171	-0.0283633595	-0.0266596875	-0.0449942686	0.0897338219	0.0483877705	0.0286623229	0.0921798473	0.1720252729	-0.0082424147	0.0820693667	0.1255414025	0.0518248183	-0.0188712153	-0.0022443039	-0.0232960782	-0.1146543206	-0.0712235242	-0.0526939769	0.0453274165	0.1106291453	0.0466526473	0.0042178982	0.0227337671	0.0582893615	-0.0377445539	-0.0053580175	-0.1856521556	-0.1047302597	-0.0023819614	-0.1198154034	-0.0064428033	-0.1546872557	0.052244447	0.0354844629	0.1034991477	0.0010157507	0.0796919694	0.010094709	0.0001252079	-0.1118997684	-0.0394922881	0.0218393697	0.0303055061	-0.0456734258	0.0712759254	-0.0200000791	-0.0177165861	-0.0652337182	0.0537231046	-0.0386413425	-0.0045754977	0.0442332374	0.1269178945	0.0103055254	0.0655627282	-0.0027317562	0.0782080313	-0.0946290543	-9.53492e-05	0.0469289163	-0.094891317	-0.0255788519	-0.0131519313	0.1165740994	0.0022375569	-0.1499586185	-0.0210461637	-0.118778638	-0.0460175892	0.0244340478	0.0083578466	-0.1619290484	-0.1485727058	-0.0673545105	0.0584014698	-0.0751172147	-0.0915585969	-0.0025443755	-0.1024716367	0.0076268671	0.1020933517	0.0167031	-9.000000000002062e-06	0.0002789935496099	8.100000000003711e-11	0.0191636	0.0202437499999999	0.0003672435649599	0.0004098094140624	-0.0612105	-0.0044411	1.972336921000003e-05	0.00374672531025	5.94964e-06	2.043114e-05	3.53982161296e-11	4.174314816996e-10	-0.000483876	0.000158169	2.5017432561000016e-08	2.34135983376e-07	0.000110511	-4.683100000000001e-05	1.2212681121e-08	2.193142561000001e-09	0.0	0.0	0.0	0.0	0.0	0.0	0.0
57134.447272312544	-2.9784038079087622	8.870889242965415	3264345065.1126623	119688.79904210151	457.72085677333234	209508.38272531345	14325408616.14056	55937.523303970025	81.80988719706511	3129006513.3821898	6692.8576431965175	75012.88387800936	56434.782394874885	1.19802	21.679651	0.028115233	0.0154384	-0.0479340722	-0.0465793184	-0.1237476271	0.0074444238	0.0824597403	0.050377718	0.0385812332	-0.0445708548	-0.0689466061	0.0515723067	0.078889373	-0.0096101589	0.0448236858	0.1033269721	0.078683787	-0.1354766843	0.0182728399	-0.0552536605	-0.0284422909	0.0339128971	0.133249908	0.0797882246	-0.1041692096	0.0368944632	-0.0541440221	0.1665798168	0.0687278116	0.1562605596	0.0525009121	-0.0561704533	-0.0360856514	-0.0940385843	-0.0303980606	0.0795576115	0.0135146284	-0.0957928824	-0.0189623776	-0.0066818032	-0.0953145652	0.0064973521	-0.0101601148	0.1036588469	0.006849379	0.1035050846	-0.1508944694	0.0657833028	-0.0553716615	-0.0246148871	-0.0237158513	-0.0156376275	0.0893659642	-0.0861623512	-0.0772346811	0.0906923207	0.0533251857	-0.0815222821	-0.0324959832	-0.1027823579	-0.0609243651	-0.0645441739	-0.0145910587	-0.0320913509	-0.1386984385	0.0402582471	0.0460815962	-0.1510697674	0.0063680486	-0.1565225742	0.1003164784	-0.0087241255	0.0954166663	-0.0114384828	-0.0517883484	0.0666466144	0.0621155516	0.1883560911	-0.0114417383	0.0586400832	-0.1084620304	-0.0324311784	0.047362102	-0.0368507318	-0.0987480438	0.0488037057	-0.0044003778	0.0373163462	-0.0648692389	-0.0062931014	0.013317306	-0.0202906939	-0.016285783	-0.0042398529	-0.1022474116	0.0126905962	0.1011985345	0.0243666	0.0076635	0.00059373119556	5.872923225e-05	0.0136201	-0.0055435	0.0001855071240099	3.073039225e-05	-0.058493	0.0027174999999999	7.384806249999988e-06	0.003421431049	2.27293e-05	1.677966e-05	5.1662107849e-10	2.8155698971559994e-10	-0.000697498	-0.0002136219999999	4.5634358883999985e-08	4.86503460004e-07	0.000123924	1.3413000000000002e-05	1.5357157776e-08	1.7990856900000002e-10	0.0	0.0	0.0	0.0	0.0	0.0	0.0
57021.87228406587	-112.5749882466771	12673.127978739483	3251493918.780319	119462.77902257028	-226.02001953123545	51085.04922890005	14271355571.795458	55754.07407924107	-183.4492247289527	3108516776.433501	33653.61805365379	74847.37681460878	55552.47171886177	1.029341	18.627205	0.059721065	0.0324427	-0.0701596107	-0.0253354376	-0.092867914	0.0254314022	0.0695566508	0.0874039809	0.0236789386	-0.0788806391	0.035203919	0.0379843711	0.0593902555	-0.1073715727	-0.0672192467	0.1214445689	0.0021066956	-0.1065367699	0.0137119436	-0.0760867291	-0.043259782	-0.0320956294	0.0695415772	0.0512042804	-0.0108321074	-0.0641305601	0.0289797076	-0.0551979195	-0.1089879104	-0.1510681541	-0.1553802879	0.0119738398	-0.0174971462	-0.140851382	0.0553812866	0.0840713276	-0.0950598987	0.0537278279	0.0035527974	0.0698282684	-0.1541153753	-0.1337877939	0.1175779367	-0.042065693	0.0797169041	-0.029337718	-0.0604949294	0.112451002	0.0435495204	-0.0334312118	0.1134906019	0.0561837714	0.0708693095	-0.0698069563	0.0137764251	0.0433901516	-0.0617095332	0.0515260608	-0.07776936	-0.0698169601	-0.0371250598	-0.0704032389	-0.1206863447	-0.0149245181	-0.0617291716	-0.0093009978	0.0711074899	-0.0489039913	-0.0495969524	-0.0350986356	0.0255572442	0.1330760936	0.0628256184	0.0374290877	0.0519175812	-0.0304735593	0.0514355171	-0.0689191324	0.0550140453	0.0136955474	0.062795613	0.0260910825	-0.1811269231	0.0387452967	-0.0509651658	0.1028141927	-0.1092339753	-0.0022729378	0.0334432592	-0.135354326	-0.0653047552	-0.157319103	-0.0402826493	-0.0059341712	-0.1019113804	0.0177231056	0.0998612018	0.0167145	-0.0076520999999999	0.00027937451025	5.855463440999998e-05	0.0136118	-8.29999999999928e-06	0.00018528109924	6.888999999998805e-11	-0.0493359	0.0091571	8.385248041000003e-05	0.00243403102881	-0.000487554	-0.0005102833	2.3770890291600005e-07	2.603890462588901e-07	-0.000912204	-0.000214706	4.6098666436000026e-08	8.32116137616e-07	0.000257006	0.000133082	6.6052084036e-08	1.7710818724e-08	0.0	0.0	0.0	0.0	0.0	0.0	0.0
57017.84264144552	-4.0296426203494775	16.238019647737005	3251034379.4846425	119866.25028938676	403.4712668164866	162789.06314650053	14367917958.437912	55808.04461894133	53.97053970025445	3114537844.189746	2912.8191555367416	75106.74542340562	55481.618934836806	1.015037	18.368351	0.04077775	0.0215215	-0.0748784895	-0.0029813792	-0.1260724548	0.0269867615	0.0848472848	-0.0310554125	-0.0131745619	-0.0827249825	0.1241664759	-0.065946801	0.0243846666	-0.0588991992	-0.0363465755	0.0994815863	0.0674274965	0.025987941	-0.1360603683	-0.0500545195	-0.0037757143	0.040258134	0.0765917738	0.0015156615	0.0558704931	-0.0962518098	0.085691041	0.0080292502	0.0107229296	-0.1192533166	-0.0018807497	-0.1084524861	0.0105947307	-0.1077890835	-0.0156771816	-0.011509112	0.1262293455	0.03024239	-0.0115746528	0.0275075495	-0.0419404585	0.041244043	-0.0432638376	0.0794662151	-0.0274567287	-0.0640791598	-0.0186508663	-0.0293763711	0.0307363199	-0.1731481931	-0.0340551951	0.0639170855	-0.0046651887	0.1222739512	0.0479052401	0.0584223406	-0.0272060077	0.0693983456	-0.0178237831	-0.1375312253	-0.0530802476	-0.0236410287	-0.0628618792	0.0408821399	0.0746014858	-0.0098965636	0.0532137145	-0.0546470857	-0.0162250333	-0.02089161	0.019105038	0.0983538214	0.0232671755	-0.1024785012	0.117878401	-0.0236364748	-0.0777305439	0.0741478228	0.1661468516	0.0735517406	-0.0864593861	2.42273e-05	-0.1272536473	-0.0444715301	0.153362026	0.0374441041	-0.062029054	-0.0512644057	-0.0290855478	-0.0702783966	0.0089221198	0.0047343305	0.1211066984	-0.0076268671	-0.1014639107	0.0227120151	0.0980872016	0.0250158	0.0083013	0.00062579024964	6.891158169000002e-05	0.0259981	0.0123863	0.00067590120361	0.0001534204276899	-0.0505555	-0.0012196	1.487424160000003e-06	0.00255585858025	-0.000239977	0.000247577	5.7588960529e-08	6.1294370929e-08	-0.00078237	0.000129834	1.6856867556e-08	6.121028169e-07	0.000257006	0.0	6.6052084036e-08	0.0	0.0	0.0	0.0	0.0	0.0	0.0	0.0
57129.10254456564	111.25990312012436	12378.76604229946	3263734357.5474963	120326.23526861124	459.9849792244786	211586.181112144	14478402893.917185	55829.04793726084	21.00331831951189	3116882593.580969	441.1393804307438	74816.37084775632	55742.99827331871	1.092104	19.762974	0.05301415	0.0329987	-0.0630009169	0.0268449869	-0.0352409948	0.141609596	-0.0525186242	0.0553465624	-0.1391383923	-0.0551179615	0.0708418507	-0.0261578323	0.0198277819	0.0149009172	-0.0077146709	-0.0315416199	0.1009549913	0.0565313773	-0.0982065804	-0.0799738114	0.0274429398	-0.0468891277	0.0241855662	-0.0974843509	-0.0294989046	-0.0841985809	0.0198303784	-0.0679142232	-0.1198010741	-0.1000605146	0.0921722905	-0.0172728202	0.1070908392	0.0300999453	0.0119669545	-0.1180439057	-0.0677914759	0.1227082054	-0.0099702036	0.0086006537	0.0617296344	-0.0295141306	0.0571298316	0.0749426285	-0.0037002726	-0.0665801494	-0.0485552596	0.0585908063	-0.0417629207	-0.0157107466	-0.0823422565	0.0408752004	0.1067790451	-0.1570002945	-0.1214851973	-0.0085303277	0.0696929956	0.0929754918	0.04977878	0.0709286165	-0.0846082589	0.0082958573	-0.0718869741	0.1032888492	0.0410749466	0.0405234049	0.0832029424	0.0095383493	0.0943049921	0.0145405755	0.0214663547	0.0455360909	-0.010460219	0.0721876087	0.0203386495	-0.1756295069	0.0183624723	-0.0665388835	0.0784610885	0.1145522005	0.0172762211	0.1158404095	-0.0939927191	0.0167801515	-0.0435166558	-0.0635068937	0.0698587026	-0.004208663	0.0812289998	0.0368518139	-0.1091714581	0.0580715214	0.1529529728	-0.009317478	-0.1009054916	0.0276450517	0.0958842909	0.0251131	9.729999999999808e-05	0.00063066779161	9.467289999999629e-09	-0.00127165	-0.02726975	1.6170937225000002e-06	0.0007436392650625	-0.0316801	0.0188754	0.00035628072516	0.00100362873601	-0.00018707	5.290699999999999e-05	3.4995184900000004e-08	2.799150648999998e-09	-0.000864897	-8.252699999999999e-05	6.810705728999999e-09	7.480468206089999e-07	0.000257006	0.0	6.6052084036e-08	0.0	0.0	0.0	0.0	0.0	0.0	0.0	0.0
57320.75805567609	191.65551111044624	36731.83493900638	3285669304.077355	119816.16742579632	-510.0678428149258	260169.20427387187	14355913976.606457	55894.38829918686	65.3403619260207	3124182643.3402767	4269.362896623376	74735.52825545541	56711.59321722993	1.226922	22.202667	0.0744023499999999	0.041392	0.0032745419	0.1262968763	0.0628374611	-0.0554135406	-0.1195675306	-0.0970814148	-0.0948563124	0.0014852949	0.0040659224	-0.0498627707	-0.1306141511	-0.0062195944	0.0059603844	-0.1795088857	0.0192005865	-0.0592381079	0.1010529409	-0.0836179713	-0.0904997528	0.0718249401	0.0310094572	-0.0760010668	-0.0265314775	0.0212132679	-0.0862755329	0.1110120514	-0.0565275409	-0.106897576	-0.0076060464	-0.1116475417	-0.0196571287	-0.025939232	0.0457744082	-0.1531118045	0.0750157452	-0.1034069881	-0.0376399609	0.065605153	-0.0244893272	-0.0317149584	0.0204184171	-0.0492992881	-0.0588559982	-0.0375863677	0.0237863348	0.1315324276	-0.0922439969	-0.0772638249	-0.1096301371	-0.0234021466	-0.0427878753	-0.0738990763	0.0671698728	-0.1292833637	0.0016966938	0.0597185354	0.0535710177	0.0776125723	0.0603181117	0.0636259712	0.0382067053	0.1005259909	-0.0054786191	-0.1158115574	-0.0144626549	-0.0078915997	-0.0304233202	-0.0973099256	0.0933778655	-0.0095600802	0.0276010709	0.0588824039	0.0747171447	0.0096473136	-0.0129574822	0.1177227905	0.0225184863	-0.0649680294	-0.0381182899	0.1192474415	-0.174348907	0.1025597046	-0.0433455684	0.1148334445	0.0118519353	0.1016307491	-0.0765276415	-0.0258316023	-0.0780709746	0.1110735651	-0.0363646208	-0.0110055415	-0.1002367339	0.0325100797	0.0932621027	0.0167176	-0.0083955	0.0002794781497599	7.048442025e-05	0.0135961	0.0148677499999999	0.00018485393521	0.0002210499900624	-0.0637618	-0.0320816999999999	0.0010292354748899	0.0040655671392399	-0.000164877	2.2193000000000023e-05	2.7184425128999998e-08	4.92529249000001e-10	-0.000505942	0.000358955	1.28848692025e-07	2.55977307364e-07	0.000257006	0.0	6.6052084036e-08	0.0	0.0	0.0	0.0	0.0	0.0	0.0	0.0
57355.47023672937	34.71218105328444	1204.9355134759992	3289649966.076349	119392.22666807432	-423.9407577219972	179725.76605790114	14254503788.760838	55857.96245615434	-36.42584303252079	3120111969.753148	1326.8420406298433	74732.5241972545	57266.689114308654	1.278807	23.141592	0.07070016	0.0340858	0.0381018774	-0.0696747696	0.131041215	-0.1181086597	0.0087676147	-0.0243400154	-0.0533821804	0.1138449096	0.0041554055	0.0076360546	0.0113479203	-0.1109545822	0.0069486553	-0.104760509	-0.0685520021	-0.0431740266	0.0243410025	0.0533211685	-0.1172594559	-0.0687671665	0.0123448008	0.0680314408	0.0843778898	0.1220923151	-0.0301119962	0.0589667494	0.0182338443	-0.121718011	0.0057514341	-0.0332684842	0.0788263226	0.0381881388	0.0653289686	0.0305870237	0.0416752288	0.0101885308	0.0589429697	-0.0703785548	-0.0695906812	-0.0365960602	-0.1285904619	-0.0839589252	0.0004693689	0.0437758679	0.03087633	0.0338962864	-0.0480317045	0.0527206264	0.0148486952	0.0109732931	0.0369076694	0.0807392279	0.0084933858	-0.0718025119	-0.0166185055	0.0233256032	0.0751719505	0.0101232022	0.0913415285	-0.0391344501	0.0773675476	-0.0426547028	0.0575487996	-0.080722388	-0.0053382611	0.0790132465	0.1400125582	-0.0574495065	-0.0396888314	0.091287032	0.0605127131	-0.0174673785	0.09042345	0.068234948	0.0377042291	0.0317792182	0.0575264377	-0.0849798438	0.0095137803	0.0401743754	-0.0305120172	0.0479797527	0.0146695822	0.0184326507	0.0032979745	0.0043969627	-0.090721735	0.0896593766	-0.0430367008	-0.003774446	-0.0956681801	-0.0126905962	-0.0994583687	0.0372951309	0.090232103	0.0248723	0.0081547	0.00061863130729	6.649913209000002e-05	0.00502314	-0.00857296	2.52319354596e-05	7.349564316160001e-05	-0.085716	-0.0219542	0.00048198689764	0.007347232656	-0.000412838	-0.000247961	1.70435214244e-07	6.1484657521e-08	-0.0008983469999999	-0.0003924049999999	1.539816840249215e-07	8.070273324088204e-07	0.000257006	0.0	6.6052084036e-08	0.0	0.0	0.0	0.0	0.0	0.0	0.0	0.0
57306.69631808576	-48.773918643615616	2378.895139854035	3284057442.8933034	119788.89729314974	396.6706250754214	157347.58479772555	14349379914.708776	55940.24747688138	82.2850207270385	3129311287.774733	6770.824636049156	74857.8148904471	57328.33946964942	1.189472	21.524979	0.0284221599999999	0.0149951	0.0525824246	-0.0927685728	-0.0452743554	-0.0224105983	0.0690173629	-0.0027863393	-0.0392719114	0.0404858016	-0.0798940714	0.0570244416	-0.1116189343	0.0246230332	0.0668022991	0.0277994082	0.0303425762	-0.0007871166	0.0183692448	0.0483545304	-0.0286868546	0.0380910058	0.0806549749	-0.1141861152	0.0572957421	0.0521293214	-0.0092647262	0.1135421497	0.0811241073	0.0205465806	-0.0760593774	-0.017880329	-0.0870815714	0.1078901499	-0.0202321923	-0.0380145435	-0.0707702654	0.0629245878	0.0011688392	0.0997802597	0.0525045778	-0.0057437202	0.1089372949	0.0483177692	-0.0356486621	0.0359103979	0.0857277003	0.0143799003	0.0501856158	0.0640594866	0.1110322015	-0.0747597253	0.1841440529	0.1279332991	-0.0852882064	-0.0018267354	-0.086814547	-0.0236579122	0.0862117253	-0.0303440253	-0.030156012	-0.0562823464	0.0590932126	-0.0048324027	-0.0237636117	-0.024558249	-0.0806201258	0.0164777752	-0.0120452953	-0.1135951427	0.0783771415	0.067245986	-0.0121463782	-0.004477509	-0.1126799758	0.0433150772	-0.0565073359	0.0850208976	0.0240623053	0.0151161331	0.0309642091	0.1122472725	0.0629483644	-0.0902222581	0.0073071567	0.0234602763	-0.0751579953	0.1080886149	-0.0829997895	0.0535380551	0.2206557489	0.0533938471	0.044683478	-0.0143721814	-0.0985712473	0.0419884337	0.0868075413	0.0237148	-0.0011574999999999	0.00056239173904	1.3398062499999971e-06	0.013607	0.0085838599999999	0.0001851504489999	7.368265249959998e-05	-0.0912436	-0.0055275999999999	3.055436175999993e-05	0.0083253945409599	-0.000292179	0.000120659	8.536856804099999e-08	1.4558594281000005e-08	-0.000755942	0.0001424049999999	2.0279184024971522e-08	5.71448307364e-07	0.000257006	0.0	6.6052084036e-08	0.0	0.0	0.0	0.0	0.0	0.0	0.0	0.0
57358.33118455856	51.63486647280661	2666.159435664568	3289978156.2775035	119895.58289752503	106.68560437529231	11381.818180921391	14374950798.337296	55922.327128507655	-17.920348373721936	3127306671.467823	321.1388858355584	74711.03308035979	57707.42486079163	1.21598	22.004665	0.0176705499999999	0.0117091	0.0759151065	0.0744331038	-0.0015087902	0.0841258809	-0.0409977246	-0.0276591109	-0.0602177845	0.0087616633	-0.2017650769	0.1221790544	0.0649136987	-0.0180614363	0.0501221577	-0.0566874677	-0.0307234811	-0.0808511667	0.0543589181	-0.0643358724	-0.0812825937	0.0501098918	0.0184498685	-0.0641239869	-0.0155410491	0.0267589203	-0.0087982549	0.0712599859	-0.0533395656	-0.0281719068	-0.1455692948	-0.0720188819	-0.0202114306	-0.0838486317	-0.0330122519	0.0976887708	-0.085322952	-0.0458753212	-0.0585259502	-0.0530749743	-0.0952486512	-0.0320161435	0.0053719735	0.0042459821	0.0057676946	0.0155312667	-0.0955479912	0.0457356495	0.0166798405	0.041505661	0.009394016	-0.0281601707	-0.0573058152	0.0556698809	0.088131398	0.0378212266	0.0595261996	0.0407685445	-0.0132648259	0.0689067703	-0.0473477456	0.0499601231	0.0167574578	-0.0014718086	-0.1692691116	-0.0436450833	-0.0495332964	-0.0775861617	0.0195952965	-0.0468177641	-0.0199434018	-0.0394203106	-0.0388844103	0.0882596119	-0.0666647626	0.0611656831	-0.0869424642	-0.008817213	-0.0126368136	-0.0008890608	0.0369038444	-0.0019314557	-0.0577008731	0.0099583973	-0.0280834326	-0.02344648	-0.0889275288	0.0401803424	-0.0013635746	0.0094960355	0.0215760967	-0.1297033622	-0.1491888388	-0.0160498375	-0.0975763397	0.0465784425	0.0830033923	0.0348776	0.0111628	0.00121644698176	0.00012460810384	0.0136471	4.0100000000001246e-05	0.00018624333841	1.6080100000001e-09	-0.0912397	3.899999999987247e-06	1.5209999999900527e-11	0.00832468285609	-0.000277938	1.4241000000000017e-05	7.7249531844e-08	2.028060810000004e-10	-0.000806256	-5.031399999999998e-05	2.531498595999998e-09	6.50048737536e-07	0.000192286	-6.471999999999999e-05	3.6973905796e-08	4.188678399999999e-09	0.0	0.0	0.0	0.0	0.0	0.0	0.0
57261.73905053654	-96.59213402202296	9330.040354928442	3278906759.0917416	119223.09544484496	-672.4874526800704	452239.37401213	14214146487.450611	55909.58612882653	-12.740999681125686	3125881821.096672	162.33307287444484	74625.2247891218	56766.029416205856	1.177483	21.308016	0.026212	0.0148108	0.0248203165	0.0105559005	0.0960347043	-0.0639768597	-0.0509429317	0.0423999396	0.0736677389	0.0677030849	-0.0405235125	0.0177738197	-0.0398751515	-0.0717918409	0.0642661429	-0.0519306046	-0.0324746478	0.0622581553	0.0224561218	0.0496997553	-0.0122898911	0.1229104775	-0.0755931567	-0.1167040995	-0.0467563927	-0.0077265791	-0.0304364584	-0.0157886959	-0.1028452985	0.0182663533	0.0244903541	-0.0771380241	0.125656192	0.1150269254	-0.0485687119	-0.0212843318	0.0010936537	0.1234933119	0.0580288004	0.033849108	0.0939557359	0.0324819251	0.0303854882	-0.0920215573	0.0476185134	-0.0256479637	0.0333497581	-0.0689802015	0.0663896386	0.018725793	-0.0977702482	0.040036638	0.1004218883	0.0300469027	-0.0108532138	-0.0152695822	-0.044103216	0.0758897877	0.0341755574	0.0519308221	0.0520105837	0.0132258784	0.0518283088	-0.0787313947	0.0308187321	-0.0370040589	-0.0227294027	0.054207748	-0.070440818	0.1029005827	0.0369336442	-0.0652011134	0.0318986427	-0.0583860731	-0.1635481264	-0.079344585	-0.0837339248	-0.0249513378	0.0928047562	0.0633385166	0.0415726391	-0.0093186176	0.0432962021	0.0996504535	-0.0137363856	-0.0201587665	0.0260096724	0.0997164281	-0.005782337	0.0404859091	0.0628952424	0.0636879446	0.0118082415	-0.0177231056	-0.0964747338	0.0510538654	0.0788362905	0.0382552	0.0033776	0.00146346032704	1.140818176000001e-05	0.0136517	4.599999999998702e-06	0.00018636891289	2.1159999999988065e-11	-0.0796303	0.0116094	0.00013477816836	0.00634098467809	-0.000387312	-0.000109374	1.50010585344e-07	1.1962671876000004e-08	-0.000755942	5.031399999999998e-05	2.531498595999998e-09	5.71448307364e-07	0.000257006	6.471999999999999e-05	6.6052084036e-08	4.188678399999999e-09	0.0	0.0	0.0	0.0	0.0	0.0	0.0
57265.27760685163	3.538556315092137	12.521380795078445	3279312019.389783	119889.18317622476	666.0877313797973	443672.865894685	14373416242.662374	55844.62123325893	-64.96489556760207	3118621720.686154	4220.437656109443	75079.83707064606	57159.39967663969	1.383601	25.037977	0.05494376	0.0337505	0.0101824983	-0.115907721	-0.0396074563	0.0031458851	0.083101199	-0.0369880019	0.1265159835	0.0179991856	0.0214601623	0.0671112041	-0.0237529311	0.0808324667	0.002781631	0.076354894	0.0222749841	-0.0324756088	0.0216009744	0.0952217879	-0.006360831	0.0110104339	-0.0965853829	-0.119372254	-0.0009896892	0.0110150828	0.0651348378	-0.112810891	0.0280076124	0.0486601476	0.0320821374	0.0124157561	0.0571375831	-0.0543537387	-0.0596082775	0.0934151581	-0.0227957878	-0.0627149002	-0.0861073674	0.0797410861	-0.0933402093	0.0492469202	0.0449564498	-0.0917270516	-0.0203624142	0.0035708589	-0.1444419161	-0.0354263961	0.0112954538	-0.0644255726	0.0122985126	0.0866320584	-0.0651875268	-0.0618133268	0.0204423594	0.1236696791	-0.0177291186	0.0460020524	0.0417397351	-0.1295099304	-0.0157166712	-0.0108008348	0.0172925568	-0.0647954874	0.0310276769	0.1014474732	-0.0280576567	0.0362718997	0.0199774728	-0.0669958201	-0.0252316793	0.0262403055	-0.1080720276	0.1073132513	0.0029743472	-0.0993526517	-0.0782621871	0.0401669912	-0.1103778322	0.0516583754	0.0847919217	0.049279252	0.0558897476	0.0260233836	0.0673614286	-0.0054273257	-0.0469810232	-0.1315143124	0.1783543713	0.0103334908	-0.1247215831	0.0485787682	-0.1092348439	-0.0193915285	-0.0952676342	0.0554036926	0.0743244578	0.0379191	-0.0003361	0.0014378581448099	1.1296321000000393e-07	-0.00417386	-0.0178255599999999	1.7421107299599996e-05	0.0003177505893135	-0.0528278	0.0268025	0.00071837400625	0.00279077645284	-0.000387312	0.0	1.50010585344e-07	0.0	-0.000955533	-0.0001995909999999	3.9836567280999976e-08	9.130433140889998e-07	0.000257007	1.000000000015745e-09	6.605259804900001e-08	1.0000000000314906e-18	0.0	0.0	0.0	0.0	0.0	0.0	0.0
57239.56073205013	-25.71687480150285	661.3576495561724	3276367312.798055	120386.67239108877	497.4892148640065	247495.51890600563	14492950889.399334	55871.52650071748	26.90526745855459	3121627473.520376	723.8934170163566	74853.3089175722	56920.02132855455	1.405091	25.426863	0.04198664	0.0239092	0.0044318121	0.0874965438	-0.0759188312	0.1570688454	0.0002912659	0.0209920538	0.0286741372	-0.0091810433	-0.0044072877	-0.0557905927	0.0625539151	-0.0547778289	0.0148580601	-0.0080432753	0.0345977424	0.0157728753	-0.0446737501	-0.0269259058	0.1310805477	0.0282604118	-0.0216768996	0.0381074499	-0.0640917661	0.038068553	-0.0575363436	-0.0370941225	0.0927215599	0.1479958676	0.0443775323	0.010138445	-0.0787638945	-0.0750176094	-0.0571268148	0.0429112569	-0.0216859925	-0.0719252306	0.0850954597	-0.0006581821	0.0957266052	-0.1209370713	0.0659910444	0.0017707412	0.134647727	-0.0590785697	0.0466097014	-0.08620398	0.002546067	-0.0272479593	-0.0199510516	0.0014129499	0.0522672595	-0.0696788053	0.0978429364	0.0944791831	0.0225734896	-0.0095512026	0.0235257553	0.0405401087	-0.1183408514	0.0333172832	-0.0583249188	0.0246943649	0.0021876533	0.0947903605	-0.004151248	0.0016214506	0.1119551997	0.0491184374	-0.048686023	0.0302620454	0.046105	-0.0210008369	-0.0465658022	-0.0465048646	0.0460552677	0.0688086974	0.0383268441	0.0398607977	0.0692923737	-0.0222864886	0.1911242867	-0.0311507395	-0.0545351083	0.0816658568	0.0680165058	0.0659553157	0.0063702684	-0.1770897718	-0.0220505586	0.0014370752	-0.0035278222	-0.0210546499	-0.0939563609	0.0596172234	0.0694876231	0.0327235	-0.0051955999999999	0.00107082745225	2.6994259359999944e-05	-0.01809	-0.0139161399999999	0.0003272480999999	0.0001936589524995	-0.0423584	0.0104694	0.00010960833636	0.0017942340505599	-0.000626307	-0.0002389949999999	3.92260458249e-07	5.7118610025e-08	-0.000946418	9.11499999999997e-06	8.308322499999944e-11	8.95707030724e-07	0.000257007	0.0	6.605259804900001e-08	0.0	0.0	0.0	0.0	0.0	0.0	0.0	0.0
57193.1937361779	-46.3669958722312	2149.8983062155053	3271061409.743979	119565.53177221584	-821.1406188729306	674271.9159630196	14295916387.972755	55736.01697624362	-135.50952447386226	3106503588.3761168	18362.831223132274	74640.85824092742	56032.271250096426	1.363242	24.669558	0.140718645	0.0862239999999999	-0.02882435	0.0068762546	0.1131530196	-0.0668253275	-0.1026660936	-0.0360260985	-0.0147782536	-0.0338321474	0.0580518446	0.0142918525	-0.0578775863	-0.0461292718	-0.0729870631	-0.088745454	-0.0687994409	0.0783794494	0.0644604786	0.0152887695	-0.0073531369	0.0830199774	-0.0540584334	0.0487469417	0.0981253839	0.1275704107	-0.0033873492	0.0406316231	-0.0294497855	0.0157214948	-0.0304826548	-0.0610700905	-0.0160081543	0.0865335087	0.0273905342	-0.0960463832	0.0283170546	-0.1092178428	0.0587609592	-0.0766723562	0.0348633538	-0.052809517	0.0326680769	0.1319541187	-0.0528531734	-0.1265133133	0.0402758928	-0.0924874263	0.0050579545	0.0586730488	0.1158195261	0.0583676681	0.0052690379	-0.0704137935	0.0713880957	-0.0747093129	0.0857056639	0.1555911064	0.0274710429	0.0223562365	0.1185535457	0.08077493	-0.0163473421	0.0169467264	0.0314689544	-0.0926251031	-0.0056787006	0.0629728309	-0.0524203292	-0.0207063474	0.0018989494	0.0529624836	0.0792031358	-0.0863881531	-0.0111533956	-0.0877204408	-0.1139047845	-0.0702625294	-0.148129072	-0.1517868254	0.0202475726	-0.0452027404	0.0059248158	-0.0205944285	-0.0788684312	0.1197032034	0.0016091475	0.0806004102	-0.1105528686	0.0490782719	0.0020624221	0.001272299	-0.0285304011	-0.0227120151	-0.0925423476	0.063684092	0.0643469367	0.0327228	-6.999999999993123e-07	0.00107078163984	4.899999999990372e-13	0.0220373	0.0401273	0.00048564259129	0.0016102002052899	-0.105347	-0.0629886	0.00396756372996	0.0110979904089999	-6.47421e-05	0.0005615649	4.1915395124100005e-09	3.1535513691201e-07	-0.000755942	0.0001904759999999	3.628110657599999e-08	5.71448307364e-07	0.000257007	0.0	6.605259804900001e-08	0.0	0.0	0.0	0.0	0.0	0.0	0.0	0.0
57310.54669676664	117.3529605887452	13771.717358943582	3284498762.68227	119444.15383922915	-121.37793298668112	14732.602616119251	14266905886.36944	55797.63203324298	61.61505699936242	3113375740.517184	3796.415249034681	74877.9646389869	56784.53798753612	1.205401	21.813231	0.020537705	0.0193416	0.0179107313	-0.1108993494	-0.0409040477	-0.0649994487	0.1082469908	-0.0102402437	0.0335300748	-0.0247055585	0.0060378562	0.0615822085	-0.134668055	-0.0349304264	-0.0342746082	0.0287659856	0.040699073	-0.0477008407	0.0224303529	0.057408842	-0.0747775232	-0.0386999839	-0.0400661727	-0.0692654752	0.1500354172	0.0188236466	-0.0679310116	-0.063538552	0.0265958423	0.0315434651	-0.0366272138	0.0354046391	-0.0509687292	0.0553195659	-0.0197095536	-0.0305584215	-0.0093039344	-0.0514797925	-0.0919042002	0.0197723971	-0.0987633363	-0.0406402124	-0.0978672751	-0.0638615442	-0.0361068037	0.087425916	0.0712969662	0.0945945028	0.0766732166	0.0524701809	0.0710957584	0.0268665901	-0.02320733	-0.0791627154	0.0538563675	0.0254648553	0.0889208674	0.1902847507	0.0770059438	-0.0980726605	0.0299485896	-0.0637656484	0.0337580421	0.0160921896	0.0081186382	0.048688485	-0.04382859	0.0734952371	0.0111822901	-0.1219150794	0.0015839946	0.054640842	-0.0133892036	-0.0266388533	-0.0581447182	0.0098277668	-0.1058653791	-0.0490252112	-0.0067722247	-0.0747211796	0.0690479867	0.0807466209	0.0068632001	0.1237587091	-0.1191331533	-0.0154960267	-0.1188823267	-0.0112538072	-0.0446577836	-0.084539229	0.0311531764	-0.061050521	-0.0218908008	-0.0243631711	-0.0910271406	0.0675942939	0.0589248775	0.0327228	0.0	0.00107078163984	0.0	0.0220307	-6.599999999998968e-06	0.00048535174249	4.355999999998637e-11	-0.124361	-0.019014	0.000361532196	0.015465658321	-3.44e-05	3.03421e-05	1.18336e-09	9.206430324099999e-10	-0.000755942	0.0	0.0	5.71448307364e-07	0.000257007	0.0	6.605259804900001e-08	0.0	0.0	0.0	0.0	0.0	0.0	0.0	0.0
57251.72756839493	-58.81912837171694	3459.689862408517	3277760309.5657115	120269.04590527156	824.8920660424046	680446.9206197069	14464643402.964315	55918.6191147162	120.98708147322031	3126891963.6967044	14637.87388340765	74924.9579007983	57413.0080724747	1.256766	22.742746	0.11547481	0.0750326	0.0628657694	0.0506077513	-0.0956524781	0.1350042841	0.0540657236	0.0438114789	0.0461414529	0.0620436274	0.0336318629	-0.0580148453	0.0426750254	-0.0063538689	0.0616045519	-0.0029077918	0.0307442268	0.0763713197	-0.0806286959	0.0118511888	0.0106505448	0.0032055136	-0.1189416861	-0.084006078	-0.0752387931	0.0716591478	-0.0074940156	-0.0700986823	0.0653299488	-0.008797499	0.0743229048	0.0053999241	-0.1026890155	0.0499732257	-0.0411222443	0.0096717255	0.0438231526	0.1407815498	0.1249392293	-0.0254259916	-0.0177270326	0.0483969458	-0.0373711227	-0.1909700305	0.080184084	0.0185191816	0.0508445776	0.050121972	-0.1086344605	0.0687208079	-0.1337814886	-0.0037754494	-0.085654995	-0.0486697524	-0.1419132007	-0.0109518495	0.1324854851	0.1658077017	-0.0770976776	0.0260762457	-0.1341498455	0.0148546394	-0.0212770786	-0.0187081248	0.0455944658	0.0381262405	0.0462997512	0.0731613794	0.0994337321	0.1446348121	-0.0148959142	-0.0421551994	0.002647967	0.0498392996	-0.0813930827	0.0214674372	-0.1342858219	0.0020704093	-0.0014107161	-0.0070614682	0.081369848	0.020113365	-0.0100284173	0.1131980828	0.0371953683	0.1130075184	0.0161751496	0.0671300408	0.0045400155	0.0454861797	0.038635094	0.005192116	0.1171147952	-0.0260076665	-0.0894123968	0.0713382097	0.0532451548	0.0226471	-0.0100757	0.00051289113841	0.00010151973049	-0.00139031	-0.02342101	1.9329618961e-06	0.0005485437094201	-0.0600285	0.0643325	0.00413867055625	0.00360342081225	-0.000387312	-0.000352912	1.50010585344e-07	1.24546879744e-07	-0.000755942	0.0	0.0	5.71448307364e-07	0.000257007	0.0	6.605259804900001e-08	0.0	0.0	0.0	0.0	0.0	0.0	0.0	0.0
57049.91855830463	-201.80901009029915	40726.876553626455	3254693207.5091906	119601.70547120084	-667.3404340707202	445343.25494569726	14304567951.619871	55857.34040577168	-61.27870894451917	3120042477.206254	3755.0801699070935	74834.55941604527	56376.76040096043	1.234405	22.338083	0.0798345345	0.0454078	-0.0204079017	0.0973594843	0.0409687512	-0.0083577992	-0.1107369067	-0.0819789404	0.1245142743	-0.06853529	-0.0210653551	0.0289010925	-0.0137262165	-0.0160742865	0.0380886498	-0.0028839471	-0.1229565088	0.0988893902	0.032513465	0.0133205729	0.0798398746	0.008278649	-0.0881036598	0.1045811655	-0.0485648818	0.0681548768	-0.1387350286	-0.0160642938	-0.0247855802	-0.0150646074	0.0332447483	0.0732948043	-0.1301140842	-0.071039339	-0.0334279883	0.0421850828	-0.0109413723	-0.0391641333	-0.0958281259	-0.0267291293	-0.0249329163	-0.0306935469	0.0337962404	0.0472283966	-0.1132443112	-0.0827498974	0.1046594414	0.0078336271	-0.0546527148	-0.0210645131	-0.0343949941	0.0383150791	-0.0004775681	0.1087779951	0.050632364	0.0433798537	-0.060711708	0.0405554397	-0.0010299179	-0.0074106959	0.0189511471	0.147225227	0.0058645142	-0.0779880874	0.0032239873	-0.0827221494	-0.0523266549	-0.084118101	-0.1152138756	0.0223007781	0.041468369	-0.0259682001	0.0514548844	0.0198026569	0.024270755	0.0050177532	0.1127756559	0.0216017021	-0.1735013298	-0.0535663395	-0.0030154093	-0.0976940574	0.0689713984	0.0596194159	0.0119079565	0.0202623263	0.0558992594	0.0056541619	-0.0311749237	-0.1216765961	-0.0231045684	-0.0922184887	0.0538984547	-0.0276450517	-0.0876998819	0.074906629	0.0473326046	0.0278601	0.0052129999999999	0.00077618517201	2.717536899999999e-05	0.0220571	0.02344741	0.00048651566041	0.000549781035708	-0.0872053	-0.0271768	0.00073857845824	0.0076047643480899	9.79549e-06	0.00039710749	9.59516243401e-11	1.576943586141001e-07	-0.000673103	8.283900000000002e-05	6.862299921000004e-09	4.53067648609e-07	0.000257007	0.0	6.605259804900001e-08	0.0	0.0	0.0	0.0	0.0	0.0	0.0	0.0
56987.01773978875	-62.90081851587456	3956.512969966988	3247520190.874998	119261.55737964528	-340.1480915555585	115700.7241888886	14223319068.618423	55704.01585419324	-153.3245515784438	3102937382.284212	23508.41811673087	74521.78604108604	55356.73512550231	1.152391	20.853943	0.0620862745	0.0380987	-0.0781817501	-0.0022427124	0.0884468615	-0.059783065	-0.065654304	0.1015026985	-0.0122025033	-0.0293942864	-0.0070201116	0.0982078489	0.0091346406	-0.0379971463	-0.068590423	0.0526771655	-0.1296777374	-0.019791193	0.0459400526	0.0003294979	-0.1042146193	0.1925914045	-0.10275692	-0.0030520095	0.0028479008	0.0580691656	0.0429558616	0.06226156	-0.0136248471	0.1064308748	-0.0040927087	-0.0734530569	0.1259070865	0.0960743604	0.0705517376	-0.0699669542	0.0430555248	-0.0162244043	0.0434031806	-0.0757218483	-0.0211931452	0.1333280277	0.1270844106	-0.1392027338	-0.0049501017	0.0464227025	-0.0920647098	-0.0520842222	0.0381880402	0.0042169011	0.0310966128	0.0625690981	-0.1058290261	0.0994038574	-0.0071540039	0.0394116348	-0.0859283148	0.0867883824	0.0019218226	0.020237746	0.0865165031	-0.0149216419	-0.0821266025	-0.0970641121	-0.0785916416	-0.0961099129	0.0663627396	0.0477201575	-0.0563274225	0.0643817403	0.0749938927	0.0685625439	-0.0935794462	-0.0342365532	-0.1383304358	0.0496023967	-0.1333961612	0.0725954636	0.0378735185	-0.0541077662	-0.0039118613	-0.1211331677	0.0969450325	0.0407495286	-0.0386625957	-0.0435349387	-0.0060624319	0.1334897845	0.0307241345	0.1084704031	-0.0021800861	0.1192232056	-0.1741934056	-0.0292748789	-0.0858914684	0.0782907735	0.041213081	0.0281604	0.0003002999999999	0.00079300812816	9.018008999999993e-08	0.0220797	2.260000000000109e-05	0.00048751315209	5.107600000000492e-10	-0.0782297	0.0089756	8.056139536e-05	0.00611988596209	-0.000509514	-0.00051930949	2.59604516196e-07	2.6968234640406013e-07	-0.000755942	-8.283900000000002e-05	6.862299921000004e-09	5.71448307364e-07	0.000710614	0.000453607	5.049722569960001e-07	2.05759310449e-07	0.0	0.0	0.0	0.0	0.0	0.0	0.0
56971.09810215647	-15.919637632279771	253.43486234309836	3245706018.965537	119372.2907592302	110.7333795849263	12261.881354299372	14249743801.106195	55644.65958027743	-59.35627391580783	3096328139.804961	3523.1672531684094	74693.95148087271	55334.39954802207	1.182715	21.402689	0.07177968	0.0430597	-0.1059455877	-0.1041216789	-0.0290872017	-0.0651604388	0.0209119113	0.0416258447	0.041541888	-0.0659543398	-0.0112547288	-0.0257705434	0.0122025591	0.0567388054	-0.0858270458	0.1038609068	-0.098887442	0.0161993048	0.0069293035	0.1003104853	-0.0778911952	-0.0266164327	-0.0387571118	-0.0783906111	-0.0127857472	-0.0842832661	-0.0207020073	-0.0754533393	-0.03661134	0.0682927979	-0.1182997696	0.0804355294	-0.0193198213	0.0044973854	-0.0539342219	0.0150653975	0.1706390244	0.0435844384	-0.1065698552	-0.104846056	0.0415544127	0.0270187131	-0.0597001293	0.0353519642	0.1261974313	0.0706808304	-0.0321335832	-0.0220269425	-0.1203123002	-0.0407732881	0.1674948833	0.0733902677	0.1042283695	-0.1391308371	0.062585818	0.0517934236	0.0165470024	-0.0117235848	-0.0815063673	-0.0604735475	0.0531293281	-0.0502156895	-0.0712804777	-0.0522446292	0.0526023559	-0.0335125764	-0.0264959243	-0.0106847969	-0.0061015224	-0.0240153292	-0.0555115287	-0.0240531946	-0.0922076437	0.0314273957	0.0486680278	-0.0343241156	0.0136141666	-0.026074575	0.0070451214	0.0035317589	0.0436704836	0.0009257221	0.0950259286	-0.0051760575	0.0640574487	-0.1629453969	0.0917683725	0.0630157645	-0.0510927545	-0.0894582705	0.1644008886	0.1169912106	0.0015113111	-0.0308967027	-0.0839891338	0.0814823178	0.034913343	0.0237791	-0.0043812999999999	0.00056544559681	1.919578968999998e-05	0.00564917	-0.01643053	3.19131216889e-05	0.0002699623160808	-0.0449587	0.033271	0.001106959441	0.00202128470569	-0.000797203	-0.000287689	6.35532623209e-07	8.276496072100003e-08	-0.000755942	0.0	0.0	5.71448307364e-07	0.000776862	6.624799999999998e-05	6.03514567044e-07	4.388797503999998e-09	0.0	0.0	0.0	0.0	0.0	0.0	0.0
57087.67323039572	116.5751282392448	13589.760523996372	3259002434.86044	119845.92730265144	473.6365434212348	224331.5752640153	14363046291.032412	55791.70830277424	147.0487224968092	3112714715.3418484	21623.326787943603	74821.43185187381	55739.98144224431	1.117244	20.217909	0.072689965	0.0410207	-0.0734369184	-0.0054847802	-0.0933896572	0.0400130391	0.1064448205	0.0877251107	-0.046993397	-0.0869470592	-0.0085192576	0.0051508606	0.1085965507	0.0585534736	-0.0142126627	0.0601309076	0.0046369203	-0.0758534907	-0.0596559047	-0.0562202779	-0.0200692815	0.0530308733	0.0602752217	-0.0540938718	0.0358563849	-0.1178668728	-0.0368768285	0.0300121418	-0.0505365895	-0.0019350318	0.0099116826	0.1022169848	0.0021868584	-0.0065269046	-0.0579615527	0.0218903732	0.0371456122	-0.0591247003	0.1147974973	-0.1038763026	0.0479186531	0.1350169486	0.0166766337	0.0136453145	-0.0683794049	0.0315305891	-0.0028114099	-0.0606377567	0.0633602674	0.0171060802	0.023886084	-0.0458549741	0.022557055	-0.0132636567	0.0349992489	-0.1408110682	-0.0446961177	0.0504657281	-0.0108676651	-0.034629067	-0.0682674783	-0.0993700147	-0.0662803294	0.0430865517	-0.0720387326	-0.0407951187	0.0565478763	-0.0967841513	-0.0421642687	0.0722608948	-0.0723527292	-0.1196016857	0.0437260172	0.0257130793	0.1740114841	0.0172787766	-0.080531824	0.0188207553	0.013261252	-0.0657979512	-0.0511445914	0.035471	0.0062827355	0.0125762569	0.0062517546	-0.1294924049	0.0281147704	-0.0446543738	0.0047592863	0.021370433	0.0869841664	0.0055406725	-0.0841380305	-0.0325100797	-0.0819949584	0.0844734105	0.0284609379	0.0225996	-0.0011795	0.00051074192016	1.39122025e-06	0.000518505	-0.005130665	2.688474350250001e-07	2.6323723342225004e-05	-0.0743333	-0.0293746	0.00086286712516	0.00552543948889	-0.000387312	0.000409891	1.50010585344e-07	1.6801063188100005e-07	-0.000982412	-0.00022647	5.12886609e-08	9.65133337744e-07	0.000673119	-0.000103743	4.53089188161e-07	1.0762610049e-08	0.0	0.0	0.0	0.0	0.0	0.0	0.0
57300.73437041841	213.0611400226917	45395.04938776903	3283374159.38925	120260.27319995777	414.34589730632433	171682.52261458308	14462533310.12848	55851.89082429847	60.18252152422792	3119433708.6493554	3621.935897014157	74707.04577196616	56492.72908115901	1.220282	22.082518	0.0770246549999999	0.042737	-0.0134567802	0.0691135393	0.0305717911	0.058268078	-0.129542956	0.0216240653	-0.0918646979	-0.026218603	0.077962243	0.0278996077	-0.0265509043	0.0248281847	-0.0130365569	-0.0844978515	0.0940254519	0.0592787138	-0.0250159446	-0.0530891055	-0.0473094342	0.0761801915	-0.062580276	-0.0892468074	0.0547730622	-0.0413672272	-0.0212195636	0.0853066173	0.0962327505	0.0523080381	-0.0734625715	-0.1010091781	-0.0628653831	-0.014916701	0.0628763622	-0.062409481	0.0527131602	0.0806465207	0.0470375264	-0.0979141431	0.0137185878	-0.0151175491	-0.0146956996	0.0156490996	0.0335315984	-0.0190788016	-0.1140958906	0.1026983742	0.0460048324	0.1024702053	-0.0224170481	0.0985125102	0.0036234814	-0.192760166	-0.0088525693	-0.0126360099	-0.068482185	-0.1277514877	0.0764663038	0.1318364355	0.0036722682	0.042850824	-0.0251101581	0.0950363412	0.0212856481	0.0395769801	0.0726371908	0.012859043	-0.0796669873	-0.0442472068	0.0539202636	0.0609797801	-0.0096088224	-0.0538749984	0.0148373341	-0.0416661867	-0.0230487782	0.168919697	0.0329343712	-0.0231469708	0.0754192123	0.033377832	0.0236133412	0.0096221713	-0.0681439567	-0.1037697026	0.0256361692	-0.0445228925	-0.0647943356	0.0728693653	0.0351908204	0.0074551678	-0.077596721	-0.0341145687	-0.0799111227	0.0872566935	0.0218840804	0.0218315	-0.0007681	0.00047661439225	5.899776100000011e-07	-0.0261505	-0.026669005	0.00068384865025	0.00071123582769	-0.0607235	0.0136098	0.00018522665604	0.00368734345225	-0.0008146819999999	-0.0004273699999999	6.63706761123837e-07	1.826451168999145e-07	-0.00095174	3.0672000000000034e-05	9.40771584000002e-10	9.058090276e-07	0.000411606	-0.000261513	1.69419499236e-07	6.8389049169e-08	0.0	0.0	0.0	0.0	0.0	0.0	0.0
57421.89531802716	121.16094760874694	14679.97522544952	3297274061.914469	119308.3097965432	-951.9634034145712	906234.3214406534	14234472786.507923	55832.887005739794	-19.00381855867454	3117311271.395708	361.1451198110228	74660.04107399638	57311.435383822376	1.281461	23.189615	0.12245234	0.0631774	0.0342294178	-0.0400800091	0.1697639469	-0.1605671405	-0.0149838246	-0.0425631406	-0.0544054332	0.0643662035	0.0357052573	-0.0387357511	0.1059746896	-0.1499224943	-0.0089379929	-0.1195508382	-0.0006491181	-0.0186917068	0.0053540106	0.0871113932	0.0377261903	0.043060018	-0.0507505868	0.0890936149	0.1707153766	0.0574937115	-0.0786519578	0.0935878947	-0.0044537534	0.0222077449	0.0326174974	0.0509762084	0.1571509372	-0.0017865882	-0.0349633387	0.0257212691	0.0465691508	0.0737955589	0.0579322208	-0.0055579193	0.1872498914	0.0129546335	0.0912700565	-0.0267996104	-0.0517542222	-0.092631415	0.0060118514	0.0058116339	0.0674980544	-0.0061235421	-0.052631385	0.0981819799	0.0626276013	-0.0458092535	0.0627788531	0.0327729322	0.0436281099	-0.157000123	-0.130513273	0.0358297524	0.1373513976	-0.0303664692	0.1017457873	0.026642947	0.0335554523	-0.021477292	0.0125221607	0.0042848192	0.0901572141	0.0490220189	-0.0475623732	0.0620387687	0.0971242665	-0.1198925121	0.0187836493	-0.0591160569	-0.0011250123	0.0019863153	0.0679572019	-0.1333813066	-0.0813948382	-0.090755654	0.0270562474	-0.0740791976	0.0144914019	-0.0932355274	0.0975385823	0.1139502053	0.0994313988	0.0256123045	-0.0188512734	-0.0427588511	-0.0336144477	-0.0357097311	-0.0777399053	0.0898253196	0.0152115293	0.032734	0.0109024999999999	0.001071514756	0.0001188645062499	-0.00461121	0.02153929	2.12632576641e-05	0.000463941013704	-0.104103	-0.0433795	0.00188178102025	0.010837434609	-0.000285144	0.0005295379999999	8.130710073599998e-08	2.804104934438941e-07	-0.000755942	0.0001957979999999	3.833685680399998e-08	5.71448307364e-07	0.000618891	0.0002072849999999	3.83026069881e-07	4.296707122499999e-08	0.0	0.0	0.0	0.0	0.0	0.0	0.0
57435.89700194024	14.00168391308398	196.0471524019147	3298882264.417488	119762.60368129185	454.2938847486512	206382.93372002075	14343081240.52218	55909.306407445794	76.41940170599992	3125850542.9616594	5839.924957102983	74791.16443589155	57944.45870374478	1.193174	21.591955	0.011368072	0.00619893	0.075647069	-0.0982648381	0.0353923095	-0.0608952209	0.0488499495	-0.0203112962	-0.0293358072	0.1590681617	-0.0753145324	0.0073380416	-0.0025827205	0.0806254341	0.0417556223	0.0014432488	0.0432506709	-0.0870232785	0.0411076258	0.1121802421	-0.0628534539	0.04147679	-0.0245718626	0.065653595	0.1358541025	0.0089939464	0.0610409246	-0.0832461872	-0.0256202479	0.1126584171	-0.0231500644	0.0312031614	-0.0069974597	0.0953798493	0.0447538815	-0.0256877675	-0.0317128695	0.1145983589	0.0971824042	-0.0465829666	0.0057199899	-0.1071251692	-0.1082267115	-0.04641904	-0.046076815	-0.0364602295	-0.0628489176	-0.0072852809	-0.2053370689	0.0217394521	-0.1402520808	-0.0453652335	-0.0125101237	0.0958166598	0.0034875301	0.1067193165	-0.1092985173	-0.0781127863	-0.0308633178	0.0196724445	0.0223044909	-0.0535012757	0.1105859309	-0.0506146608	0.013195584	0.0765303386	-0.0426317088	0.0472238348	0.0925324943	-0.044804753	-0.08702418	0.0394621856	-0.0323581531	-0.0763405888	-0.0162910475	0.0979448042	0.0067282725	-0.0783031035	0.0162803972	-0.0100597843	-0.0198194098	-0.0803144201	-0.0964286581	-0.0452484671	-0.0611516015	-0.1362880387	0.112017944	-0.0497281524	0.0132628313	-0.082053491	0.1224377166	0.0543434655	-0.0334067864	-0.0372951309	-0.0754836805	0.0921729699	0.0084724621	0.032734	0.0	0.001071514756	0.0	-0.000998638	0.003612572	9.972778550440002e-07	1.3050676455184e-05	-0.10675	-0.0026469999999999	7.006608999999982e-06	0.0113955625	-0.000387312	-0.000102168	1.50010585344e-07	1.0438300224000006e-08	-0.000755943	-1.000000000015745e-09	1.0000000000314906e-18	5.714498192490001e-07	0.000618892	1.000000000015745e-09	3.83027307664e-07	1.0000000000314906e-18	0.0	0.0	0.0	0.0	0.0	0.0	0.0
57339.743271506806	-96.15373043343423	9245.53987626554	3287846158.44231	119740.0576171875	-22.54606410434644	508.3250065972992	14337681398.16738	55862.1708585778	-47.13554886799102	3120582133.032939	2221.7599670867694	74958.03518404589	57527.8827233032	1.106634	20.025919	0.022460338	0.0151102	0.044809612	-0.0921265141	-0.056298107	-0.0225767931	0.1023731253	-0.0249330753	0.0062064907	0.0470656865	-0.0511637662	0.0011055244	-0.0920010267	0.0504135198	0.0330242673	0.1406614391	0.0540106208	0.025746672	0.060384572	0.1042511288	-0.0253170261	0.0117493103	-0.0140016914	-0.0875359069	-0.0178198882	-0.0372251334	-0.0436392876	-0.0002049074	-0.0232007538	-0.0148788367	0.0816285444	0.0392428618	0.0567471606	0.05288598	0.0258468585	0.0497211093	0.0699621842	-0.0154344183	0.1057840328	0.0159518633	0.0332248657	0.0152726661	0.1199769097	0.0260634832	0.0629990729	0.1134022035	-0.0363515341	-0.0647340824	-0.0527727979	0.0565784347	0.1100356672	-0.0301225013	0.007691148	-0.0150699319	0.0537257008	-0.0965500491	0.0471141754	-0.0518164956	0.0892064089	-0.0849862148	-0.0190934781	-0.0631220783	0.067372738	0.0191490608	-0.0055653175	0.0594565792	-0.0462733164	0.0071903158	-0.0926361991	-0.0288593573	0.0996560597	0.0339588671	-0.0241276125	0.099126915	-0.1157426488	-0.0807899936	-0.0204038183	-0.0744566872	0.0835189371	-0.0196813025	-0.042759996	0.0571945965	0.0644247358	0.0248370442	-0.0313761672	-0.0403126577	0.0635436501	-0.0358189295	0.000865607	0.1235953105	0.0115906049	0.0369757379	-0.0748863992	-0.0388703345	-0.0731449155	0.094293869	0.0016963469	0.032734	0.0	0.001071514756	0.0	0.0098672	0.010865838	9.736163584e-05	0.0001180664354422	-0.10411	0.00264	6.969600000000018e-06	0.0108388920999999	-0.000208222	0.00017909	4.3356401284e-08	3.20732281e-08	-0.000755943	0.0	0.0	5.714498192490001e-07	0.000618892	0.0	3.83027307664e-07	0.0	0.0	0.0	0.0	0.0	0.0	0.0	0.0
57362.16155301533	22.41828150852234	502.5793457953548	3290417578.0342298	120280.35006277902	540.2924455915199	291915.9267632655	14467362611.224665	55849.19535634566	-12.97550223214057	3119132621.951262	168.36365817628493	74861.12465811048	57499.85452922499	1.099917	19.904366	0.0055317499999999	0.00389042	0.0627662691	0.02725371	-0.0953172906	0.1349782781	0.0635659837	-0.025723138	-0.0308899549	0.0287647274	-0.0660486983	-0.0574153627	0.0681636854	0.0137779279	0.0150390914	0.0562758209	0.0822715703	0.0296042538	-0.0210865872	0.0496561091	0.0712486048	0.0347753858	-0.0860390626	-0.0588228127	0.0488848911	0.0219568868	0.0965226235	-0.0624262417	-0.1514274675	0.0393556914	-0.1056313957	-0.0791735322	-0.0222392362	-0.0373909633	-0.0593850063	0.0936742132	-0.1035956765	0.0311734564	0.1098978178	-0.0293431713	0.0585409065	-0.1169491784	0.0224864422	-0.1044666636	-0.0224306663	0.0877726921	-0.0242588754	0.0154969938	-0.0393870255	-0.0342900942	-0.0044738399	-0.0196951187	0.0134496847	-0.1114371812	-0.1299556955	0.0157458054	0.0332788094	0.0872615738	-0.0679807301	0.0171968309	-0.1092926983	0.002241054	-0.0012225234	0.058454016	-0.0233771687	0.0893417756	-0.0653645011	0.0411377706	0.0887669204	0.0889473136	-0.0995511168	0.0447819256	-0.0288002547	0.067439732	-0.047614521	-0.137899146	-0.0973936748	-0.1364840869	0.013420414	0.0803050144	0.0230834012	-0.0263265587	-0.0404297617	-0.0515032108	-0.04199803	-0.0475357234	0.0831644792	0.0697715673	0.0399500147	-0.0605630476	0.0476962273	-0.0582756022	-0.0366903519	-0.0404349114	-0.0707261675	0.0961827994	-0.0050871859	0.032734	0.0	0.001071514756	0.0	0.0134731	0.0036059	0.00018152442361	1.3002514810000002e-05	-0.104105	4.999999999991123e-06	2.4999999999911228e-11	0.010837851025	-0.000246639	-3.841699999999998e-05	6.0830796321e-08	1.4758658889999983e-09	-0.000755943	0.0	0.0	5.714498192490001e-07	0.000618892	0.0	3.83027307664e-07	0.0	0.0	0.0	0.0	0.0	0.0	0.0	0.0
57225.880607018495	-136.2809459968339	18572.49624179196	3274801411.2487354	120171.57444686595	-108.77561591306583	11832.134617266824	14441207305.038649	55840.47356505102	-8.72179129464348	3118158487.969161	76.0696433873188	74869.74607012348	56571.23800193472	1.020642	18.469784	0.02930615	0.0245702	0.0280055773	0.0520566239	-0.049168548	0.0659691385	-0.018503821	-0.0623029553	-0.0594595474	-0.0076021019	0.032915199	-0.033166882	0.014276726	-0.0509150216	-0.0076089243	-0.0174671985	0.1110679465	0.0852196588	-0.0137668553	-0.0715127364	0.0120691146	-0.1036614886	0.0599377625	0.0535589526	0.0113730923	0.0088738887	0.0136550579	0.0073485316	0.0067820259	0.001475445	0.009117407	0.016451964	0.105587252	-0.0576744252	-0.0144218606	-0.1647132064	-0.0323248742	-0.0406922238	-0.1463568984	-0.1812121722	0.0492636177	0.0093358908	0.0072244077	-0.0257237704	-0.034493336	0.1094122544	0.1045754722	-0.0715152893	0.0072617606	0.0227165	-0.03655644	0.024853167	-0.0738641519	-0.0198494315	-0.1207471437	0.0950753541	0.0130735778	-0.0191913462	0.040073054	0.0199895817	-0.0528695284	0.0337002487	-0.0249017705	0.1117355965	0.0154870309	-0.0159309308	0.0136631016	0.0644042308	0.049000517	0.0140527122	-0.0185343606	0.0063893136	-0.1006436676	-0.1556637181	-0.0601217545	-0.02965298	0.1338825652	-0.0653119595	0.0215386605	0.0864034077	-0.0901928145	0.0598110549	-0.0069172624	0.025926152	0.1167463557	0.0207970953	0.024432643	0.1106544627	-0.0768645839	0.0453698246	-0.1042923637	-0.0799817041	0.0511812135	-0.0419884337	-0.0682300815	0.0978351141	-0.0118484738	0.032734	0.0	0.001071514756	0.0	0.0134814	8.29999999999928e-06	0.0001817481459599	6.888999999998805e-11	-0.0818408	0.0222641999999999	0.00049569460164	0.00669791654464	-0.000387312	-0.000140673	1.50010585344e-07	1.9788892929000006e-08	-0.000755943	0.0	0.0	5.714498192490001e-07	0.000618892	0.0	3.83027307664e-07	0.0	0.0	0.0	0.0	0.0	0.0	0.0	0.0
57243.05047667623	17.169869657736854	294.8044240636727	3276766827.875303	120249.17369804234	77.59925117639068	6021.64378313657	14459863775.061958	55778.53985371492	-61.93371133609617	3111245508.212464	3835.784599862887	74841.51363064442	56896.29786712263	1.086565	19.662746	0.0222611999999999	0.0222612	0.0215967185	0.1306694595	-0.0042237432	0.0326609488	-0.1066520379	-0.1114744002	-0.0182702912	0.0233265299	-0.0643759689	0.007913077	-0.0581218292	0.0469210071	-0.0595422881	-0.0894778169	0.0767115336	0.0194772503	0.0251221461	-0.0755568566	0.0306473694	-0.0400062992	0.0662628169	0.0317152568	-0.051632519	-0.0810974087	-0.0690201579	0.0058250973	0.0374528655	0.0097575311	-0.0276410743	-0.0279757012	0.0044981008	0.0644940274	-0.1100404064	-0.1275058066	0.0416275246	-0.059542518	0.0268473973	0.0412589687	0.1096246368	0.0110779734	0.0851550312	0.1088491026	-0.0672960374	-0.184451348	0.043750505	-0.0322647743	-0.1235060267	-0.1608515767	-0.1053888791	-0.040707251	-0.1414101845	0.0135806659	-0.0862180124	0.0457503183	0.0103744367	-0.0438042499	0.0698239052	0.0430799127	0.0354593757	0.1107806415	0.0012038117	0.091179621	-0.0267022334	0.051901619	-0.0276641817	-0.0208174291	-0.1070703566	-0.1141107666	-0.0727121027	-0.0442457487	-0.0407699097	-0.0411428761	0.1067258731	0.0308271126	0.0637355099	-0.0344809197	-0.1291229786	0.0896839449	-0.1393378072	-0.0532080238	-0.1018545752	0.0545484954	0.0605166489	0.0810794333	0.0007203035	0.0610466054	0.1472857669	-0.0336217543	0.0161122809	0.104765294	0.0797966927	-0.0435304769	-0.0656593869	0.0992467484	-0.0185579513	0.032734	0.0	0.001071514756	0.0	0.0134814	0.0	0.0001817481459599	0.0	-0.104102	-0.0222611999999999	0.0004955610254399	0.010837226404	-0.000387312	0.0	1.50010585344e-07	0.0	-0.000755943	0.0	0.0	5.714498192490001e-07	0.000618892	0.0	3.83027307664e-07	0.0	0.0	0.0	0.0	0.0	0.0	0.0	0.0
57186.15064492933	-56.89983174690133	3237.59085282568	3270255825.584552	119678.175862316	-570.9978357263462	326038.52840417146	14322865777.731436	55781.41999162947	2.8801379145443207	3111566816.2825594	8.295194406795709	74589.58583836131	55973.997575359244	1.12744	20.402431	0.06159888	0.0412474	-0.0201943393	0.032307516	0.0825316877	-0.0303696469	-0.084860517	0.0506006819	-0.0071972578	0.0217183865	0.0025593043	0.0296725695	0.007889892	-0.0140141526	-0.0321185533	-0.0298039767	-0.0462580665	-0.0930265258	-0.0306643869	-0.1563503997	-0.0080580736	0.1184818358	0.0421096822	-0.0668208414	-0.134404036	0.0127758198	0.0708382623	-0.0374258049	0.0031060679	0.0868685245	-0.1258778702	0.0026375446	-0.0470095498	0.0167476615	-0.1027866961	0.1386084032	0.0426567128	0.0860234649	-0.052536188	0.121374012	0.0264249217	-0.0443036743	-0.1016883026	0.1562186767	-0.041002945	-0.1581882284	0.0813529186	0.0069603415	0.1017420167	-0.0417447629	0.0334874046	0.0372661156	-0.0479207815	0.0048423178	0.0582510177	0.0951351496	0.0509623519	-0.0439168153	-6.66284e-05	0.0814807822	0.0558664254	0.0070391462	-0.0255403903	-0.0209938102	-0.0865499885	-0.0107724104	0.0942385801	-0.0621774381	-0.0771233655	0.0020526782	-0.0394426496	-0.177735625	0.0095318616	-0.0564540658	-0.0709359224	0.0058461353	-0.1199381099	0.0335303302	-0.0555705451	0.0282536303	0.0311777132	-0.0317300495	0.0659898594	-0.1098981718	-0.0109127405	0.0569580642	-0.0931537006	0.0357261776	-0.0338820665	-0.1385647774	0.099699341	-0.0221071685	0.1097731792	-0.0450606192	-0.0630168947	0.1004142296	-0.0251862796	0.0270482	-0.0056857999999999	0.00073160512324	3.232832163999997e-05	-0.00719918	-0.02068058	5.1828192672400006e-05	0.0004276863891364	-0.0688695	0.0352325	0.00124132905625	0.00474300803025	-0.000387312	0.0	1.50010585344e-07	0.0	-0.000755943	0.0	0.0	5.714498192490001e-07	0.000618892	0.0	3.83027307664e-07	0.0	0.0	0.0	0.0	0.0	0.0	0.0	0.0
57356.01911007724	169.8684651479125	28855.295451707563	3289712928.1555457	119761.3301082891	83.15424597309902	6914.628623354655	14342776189.306593	55835.695284598216	54.27529296874855	3117624867.914504	2945.807426843485	74913.90508998459	56744.556716645	1.280325	23.169064	0.072299357	0.0550132	-0.0191978425	-0.1399296696	0.0150149762	-0.0838445881	0.0324421021	-0.0390902337	0.0242521146	-0.0350383033	0.0595555523	0.0322083404	-0.1487921616	0.0805821654	-0.0142428707	-0.0254668312	0.089064027	0.0176995905	0.0309642406	0.1144118372	0.0390337442	-0.0672047592	0.097011418	-0.0521050848	-0.0514198196	0.0117362641	0.0708391103	-0.0049495677	0.1287259256	0.0168354478	0.0209509613	-0.0257892562	-0.0865171976	0.1014496873	-0.0405437302	-0.0083031465	-0.0113659535	-0.0531976594	0.0129017324	0.0320695705	-0.1221490349	0.0484058472	-0.022043426	0.0834995337	0.055142701	-0.030638423	0.0762379412	-0.0367881329	-0.0163856031	0.0381205525	0.0394118038	0.1598576814	0.0219901843	-0.0010797575	-0.024829892	0.0227274496	-0.0208790595	-0.1157613462	-0.1047206118	-0.0568571385	0.0655626538	-0.0275567567	0.0638459518	0.0679964799	0.0431935818	0.0740172222	-0.0045660557	0.0789140183	0.0198174549	-0.1255864145	0.0558279664	-0.0747940015	-0.0457446799	0.0141338525	0.0093439278	-0.0363107745	0.0065871091	0.0133092341	-0.0697144624	0.0880683197	-0.0277275892	0.0828460816	0.0287339065	-0.0116760211	0.0278494156	0.0578198807	-0.050034038	-0.0374797264	-0.017342574	-0.0212019869	0.051356029	-0.0303537822	-0.0365658556	-0.0465784425	-0.0603054945	0.1013346856	-0.0317044747	0.0272492	0.0002009999999999	0.00074251890064	4.040099999999991e-08	0.000911522	0.008110702	8.30872356484e-07	6.578348693280402e-05	-0.118409	-0.0495395	0.00245416206025	0.014020691281	-9.83489e-05	0.0002889631	9.67250613121e-09	8.349967316161001e-08	-0.000755943	0.0	0.0	5.714498192490001e-07	0.000618892	0.0	3.83027307664e-07	0.0	0.0	0.0	0.0	0.0	0.0	0.0	0.0
57461.76565111297	105.7465410357254	11182.330941020353	3301854511.7434263	120161.03692461993	399.7068163308286	159765.53902132675	14438674794.799871	55988.67738958865	152.9821049904349	3134731995.8354354	23403.524447304444	74824.61407713917	57528.85284895016	1.374172	24.867353	0.083681527	0.0468966	0.0671835509	-0.0029357616	-0.0629406554	0.062345575	0.0643884444	0.0788485843	-0.0791933595	0.090966813	0.0156949729	-0.0854495815	-0.0344202991	0.037578128	0.1048028949	0.0242645004	0.0488305031	-0.022402947	-0.03826588	-0.0972949822	-0.0667625711	0.0312694808	-0.0293995922	0.0254395913	0.0592586979	0.0121707733	0.0720560879	0.0873336275	0.0105438064	-0.012608899	0.0710864637	0.0149769096	0.0875252062	0.0950159008	0.0901945149	0.1874627016	0.0585550539	0.0394446072	-0.0333850462	-0.0049502212	-0.0551163974	-0.0374752498	-0.0646289067	-0.0516994663	-0.0113020101	0.0427216681	0.0420289114	-0.028231276	0.0401381155	0.0969352128	-0.0056889036	-0.0250468508	0.016436247	-0.0043678847	0.013009284	-0.0267584259	0.0603679305	-0.0133522004	-0.0221699009	0.0842692146	-0.1007629783	-0.1107890098	0.0467800774	0.021368663	0.0239179166	0.0089684228	0.0721200672	0.0534462206	-0.0376793289	0.0997838319	0.0385664979	-0.0619050733	0.1132551953	-0.0275885202	-0.0244631945	0.0317849302	-0.0616508629	-0.0135804886	0.0360882371	-0.0450695158	-0.0480463404	0.0017211639	-0.0382536287	-0.0500409491	-0.0829820457	-0.0262057298	0.0094844002	-0.0239042564	-0.0241058954	0.0699884982	-0.0700239546	0.0037125077	-0.0008488226	-0.0480835316	-0.0575281511	0.102005852	-0.0380840342	0.0327319	0.0054827	0.00107137727761	3.005999929e-05	-0.0193681	-0.020279622	0.0003751232976099	0.0004112630684628	-0.0976892	0.0207197999999999	0.0004293101120399	0.00954317979664	-0.000679956	-0.0005816071	4.62340161936e-07	3.3826681877041e-07	-0.000755943	0.0	0.0	5.714498192490001e-07	0.000456511	-0.000162381	2.08402293121e-07	2.6367589161000005e-08	0.0	0.0	0.0	0.0	0.0	0.0	0.0
57372.182253365805	-89.58339774716296	8025.185151926402	3291567296.513422	119972.35834140852	-188.67858321141105	35599.60776266536	14393366765.999332	55992.32905572385	3.651666135199776	3135140913.0844574	13.334665562964863	74949.44779004091	57664.33957473508	1.270977	22.999897	0.09875635	0.0598139	0.0943603041	0.0764981458	-0.0569461487	0.012873741	0.005846981	-0.1489203997	-0.0548077404	0.0006303044	-0.1053773629	0.1396942808	0.072950584	-0.0901320703	0.0940768066	-0.0087016536	0.0427795211	-0.0179267913	0.0889596116	-0.0732052361	-0.0672230365	0.0358207329	0.0442698068	-0.0058300519	0.0481073313	0.0701396671	-0.0543553993	-0.0145448358	-0.1080138014	-0.0474220293	0.0258586494	-0.0114864986	-0.0657232612	0.02184689	-0.0120048221	-0.0062326963	-0.0232629783	0.0742128762	-0.0178711193	0.0736836139	-0.0323218806	-0.132116641	0.0208528397	0.1009940971	0.0369563512	0.0720715814	-0.0361375113	0.0240743064	0.0380762593	-0.0307308406	0.0014919864	0.0812331648	-0.1636744376	0.0027202225	0.0775764671	-0.0253224555	-0.0397736872	0.048055346	-0.0239231458	-0.0117355821	-0.0246277175	0.08180787	0.106168609	0.0303656659	-0.1494180242	-0.0680088377	-0.0300777732	-0.0362271822	0.0337031733	-0.0414457901	-0.0043623462	0.0147664194	-0.0055613857	-0.0369214837	-0.0707714771	-0.0010989606	0.0311231199	-0.031601072	0.0128198145	-0.0873230614	0.0062149582	-0.0216087884	-0.0896710843	0.1140387007	-0.0617205323	-0.0717227434	-0.0613575005	-0.0257838671	0.0029433263	0.1015594313	0.0179847896	-0.1215280788	0.0903679106	-0.0495754752	-0.0546879015	0.1024260777	-0.0442970619	0.0327102	-2.1699999999999497e-05	0.00106995718404	4.708899999999782e-10	0.0134746	0.0328427	0.00018156484516	0.00107864294329	-0.136835	-0.0391458	0.00153239365764	0.018723817225	-0.000264294	0.000415662	6.9851318436e-08	1.7277489824400005e-07	-0.000755943	0.0	0.0	5.714498192490001e-07	0.00033725	-0.000119261	1.1373756249999998e-07	1.4223186121000002e-08	0.0	0.0	0.0	0.0	0.0	0.0	0.0
57258.55228327454	-113.62997009126413	12911.770102941577	3278541809.576484	120051.15881866102	78.80047725250188	6209.515215222066	14412280733.703371	55834.18936543368	-158.1396902901688	3117456702.095108	25008.161645070508	74852.28732201361	57034.56661992784	1.180421	21.361172	0.11210262	0.0601245	0.044123231	0.1149429075	0.0171574855	0.0575318708	-0.0718615052	-0.0128466867	0.0639066055	0.0657562248	0.0112627936	0.0090061465	-0.0338378814	0.042566228	-0.0002857175	-0.0534601006	-0.0035967487	0.0697407286	-0.0235308078	0.0705241538	0.0845557725	-0.0141452454	0.1265741167	0.1630789939	0.0348402333	-0.030032427	-0.0995773466	-0.0310856858	-0.1302187479	-0.0215944431	0.0091562535	-0.0069111918	-0.0996741123	-0.0278109146	0.0300843371	-0.1498995759	-0.0413549813	0.1600029665	0.0370237096	0.0316332329	-0.0575156774	0.0722486426	0.0146127405	0.0776468702	-0.0481054974	0.1428135633	-0.0621879142	-0.0312461855	0.0469376259	0.020649903	-0.1353899688	-0.1442364055	-0.118205691	-0.0388733125	0.0512430266	0.0423693986	0.0681456482	-0.0103857815	-0.122457679	0.0638615135	-0.0277794448	0.0951333567	0.0124682346	-0.0443997994	0.0377128003	0.1092200713	-0.0043685213	0.0060193983	-0.0019947986	-0.0005424838	0.0356825232	0.0488300792	-0.1041298706	0.0235939519	0.0640978163	0.1351128726	0.0731903237	-0.1567090385	0.0455524684	-0.0713746574	-0.0882973189	-0.073866221	-0.1616979151	0.0524995513	-0.0660297165	0.0045409677	0.0228716702	0.0790791907	-0.009387568	-0.0341083564	-0.0379131464	-0.1050171888	0.1830523918	-0.0510538654	-0.0517878515	0.102594329	-0.0503163898	0.0269413	-0.0057689	0.00072583364569	3.3280207210000006e-05	-0.00227472	-0.01574932	5.1743510784e-06	0.0002480410804624	-0.0870728999999999	0.0497621000000001	0.00247626659641	0.0075816899144099	-0.000477951	-0.000213657	2.28437158401e-07	4.564931364900002e-08	-0.00117473	-0.0004187869999999	1.753825513689999e-07	1.3799905728999998e-06	0.000521252	0.000184002	2.717036475040001e-07	3.3856736004000026e-08	0.0	0.0	0.0	0.0	0.0	0.0	0.0
57152.12735285007	-106.42493042447312	11326.265815853949	3266365660.956393	119619.21801097972	-431.9408076812979	186572.86134037195	14308757317.558294	55738.05525749362	-96.13410794005904	3106730803.8874125	9241.766709430922	74743.37698184742	56153.27581743278	1.227482	22.212812	0.08241232	0.0426241	-0.0316683281	0.0136284559	0.1124644601	-0.0686889542	-0.0830274301	-0.0321054754	0.0494481101	-0.010758313	0.0233829047	-0.0365810501	0.0399253513	-0.0209669078	-0.059276441	-0.1206653137	-0.0323320425	0.0461888009	0.0819696265	0.0038792423	-0.065605707	-0.0164091594	-0.0002329898	0.0132720902	-0.0658970983	-0.0480220125	-0.1120360212	0.0448409286	-0.0139200341	-0.0962267702	0.0415906356	0.1059822383	0.0283464552	-0.0075807766	0.0158428601	-0.0140409563	0.1177911956	-0.0794560238	0.0336248316	0.0943212157	0.0593701053	-0.0155644885	0.0744333408	-0.0249735469	-0.0825632187	-0.1418717622	-0.0108223086	0.0475163717	0.1221829966	-0.0098114124	0.0844982477	-0.089441957	-0.0274008419	-0.0640979473	-0.0729730754	0.0388564218	-0.0197907201	-0.0128015554	0.0289304656	0.0094070205	0.1111909348	0.0794062842	0.0037161963	-0.0170809936	0.0202746059	-0.0098495487	0.0265094022	0.0334206914	-0.0503677673	0.0262432482	-0.0096350582	-0.0545236652	0.1180332171	-0.0125100112	-0.0287484524	-0.0281936745	0.0446851999	-0.0456967499	0.0337600537	-0.0538400823	-0.0049809059	0.0407727063	-0.017798848	0.0366896517	0.0790459593	-0.0020314158	0.0572247533	0.0659698662	0.107579852	-0.054994175	-0.0574368973	-0.0050537881	0.0095789147	-0.0525182979	-0.0488311722	0.1025101919	-0.056115697	0.0194171	-0.0075242	0.00037702377241	5.6613585640000025e-05	0.0106589	0.01293362	0.00011361214921	0.0001672785263044	-0.107044	-0.0199711000000001	0.00039884483521	0.011458417936	-0.000271044	0.000206907	7.3464849936e-08	4.281050664899999e-08	-0.000581254	0.0005934759999999	3.5221376257599986e-07	3.378562125160001e-07	0.000560537	3.928499999999991e-05	3.14201728369e-07	1.5433112249999927e-09	0.0	0.0	0.0	0.0	0.0	0.0	0.0
57252.33925286906	100.21190001899232	10042.42490541651	3277830349.9256115	119754.08999079996	134.87197982023645	18190.450940630268	14341042069.524614	55759.21665736607	21.16139987244969	3109090242.24309	447.8048445617139	74809.38206108427	56477.57660317549	1.211397	21.92173	0.0672896	0.0337169	-0.0270134573	-0.0931386479	0.0099122556	-0.0288441633	0.0318124135	0.0768040551	0.0307554124	0.023033073	0.0318270327	0.0204230827	-0.0846221085	0.0609962642	-0.0496087769	0.039376595	-0.0238681442	-0.0467722255	-0.0270691386	0.0975520187	-0.0334061689	-0.1448950559	0.0728972038	0.0694044977	-0.0691462721	-0.0145832181	-0.0500587475	0.0425505485	0.0084220535	0.0987594067	-0.0715485064	0.1542800517	0.1782016019	0.0519283089	-0.0776301044	0.0235392536	-0.0120513676	-0.108502576	0.0775827505	-0.0890809755	-0.0958202133	0.087731957	0.0223920029	0.0865062358	0.0791935552	-0.1811717378	-0.1504003164	0.1102536339	-0.0074457186	0.102226123	-0.1086666726	-0.1094947693	0.0868404445	0.0501181592	-0.0651802816	-0.1159541654	0.0255097495	0.177813028	0.0321985886	-0.0170154419	0.0396397046	-0.0592428819	-0.0117921546	-0.0350232274	0.0479309889	0.0897012634	0.0412094518	0.0462635681	0.0703678779	-0.0456396722	-0.0167848557	-0.0295541489	-0.1099925429	0.097659926	0.0727079725	0.0265815748	0.0899603381	-0.0423104927	-0.088407278	0.0748468252	-0.0947353687	-0.0337958125	0.0676709904	-0.0267558774	-0.0508357666	-0.0272525596	-0.0971407343	0.1027373625	0.0173973699	-0.0659941411	-0.1190204589	0.098429847	-0.1258389986	-0.0539683725	-0.0458210968	0.1021738733	-0.0616696245	0.022801	0.0033838999999999	0.000519885601	1.1450779209999993e-05	-0.0124153	-0.0230742	0.00015413967409	0.00053241870564	-0.0951577	0.0118863	0.00014128412769	0.00905498786929	-0.000490452	-0.000219408	2.405431643040001e-07	4.8139870464000014e-08	-0.000846815	-0.000265561	7.0522644721e-08	7.17095644225e-07	0.000466602	-9.393499999999996e-05	2.17717426404e-07	8.823784224999993e-09	0.0	0.0	0.0	0.0	0.0	0.0	0.0
57263.53828034446	11.199027475398909	125.41821639473962	3279112816.384475	120094.5018381244	340.41184732444526	115880.22579884143	14422689371.747265	55839.6184769611	80.40181959502661	3118062991.6525755	6464.452594191205	74963.28021274979	56553.12738771285	1.171864	21.206324	0.0333338194	0.0184162	-0.0033257784	-0.0309928602	-0.0991431021	0.0452465719	0.0790405842	0.0097137225	-0.0297967745	-0.0892380698	0.0408156156	-0.1551492744	-0.0428448575	0.0654951308	0.0034952923	0.0833176307	0.0762087626	0.1388352547	-0.0580545056	-0.0074090527	-0.0101561158	-0.1103656962	-0.032510607	0.0284270518	-0.1149222979	-0.059568797	0.0330293029	-0.0418231546	0.0870873224	-0.0627811186	0.169647582	0.0956295791	0.019293399	0.0503236664	-0.0615690888	0.1577134434	0.0103816503	-0.0630191075	0.105973357	-0.0251072013	-0.0504714016	-0.0575517936	0.0450639017	0.0325484635	-0.0430936273	-0.0687183046	0.0770579174	0.0478948326	0.0076042813	-0.070844152	-0.0041192056	0.0072932821	0.0178498498	0.0574770205	0.0006009785	-0.0682073708	0.116465462	-0.0670376	0.0567058844	-0.0330262324	-0.0766896168	-0.056595964	-0.0417172686	0.0982005597	0.1019809458	-0.0387125718	0.0127789446	0.0397293276	-0.0668657763	0.087336601	0.0323920905	-0.1366324722	0.0627561838	0.1101316537	0.0387862602	0.0252531483	0.0360453629	-0.0389143813	-0.0647002082	0.0566252321	-0.057173736	0.0357304401	0.0845769582	0.0876799093	0.0829298492	0.0179875626	0.0186777843	-0.0857186274	0.0619731291	0.1227612849	0.0102879183	0.0125182758	-0.0057282395	-0.0554036926	-0.0427609166	0.1015862008	-0.0669538864	0.0262696	0.0034686	0.00069009188416	1.2031185960000015e-05	-6.24306e-05	0.0123528694	3.89757981636e-09	0.0001525933824134	-0.0975704	-0.0024127	5.821121290000018e-06	0.00951998295616	-0.000289745	0.000200707	8.3952165025e-08	4.0283299849000026e-08	-0.000908664	-6.1849e-05	3.825298801e-09	8.25670264896e-07	0.000506039	3.943700000000002e-05	2.56075469521e-07	1.5552769690000015e-09	0.0	0.0	0.0	0.0	0.0	0.0	0.0
57331.80712285243	68.26884250796866	4660.634857377828	3286936107.9719524	120181.41779153596	86.91595341156062	7554.382957440576	14443573182.383717	55837.62844188457	-1.9900350765310575	3117840750.0139565	3.960239605823973	74793.41167019983	57214.353784749495	1.27046	22.990555	0.0390620194	0.0189818	0.0414821802	0.1275997962	0.04787084	0.052715729	-0.133562024	-0.0655632355	-0.0028422515	0.021837411	-0.0528440059	-0.0213454709	0.0326735965	0.0096575308	-0.003434615	-0.1285068494	0.0080769599	0.0079878435	0.0430254385	0.0871745397	0.0503132517	0.0999491261	-0.0386936613	0.1072193774	-0.0401738776	0.1402153238	0.0031137689	-0.0474089519	-0.1566608976	0.008227244	0.0220022822	0.1029070009	-0.0034178943	-0.0112584418	-0.0072092428	-0.0068557622	0.0379198117	-0.060368878	0.0803115732	-0.1147199842	0.0989821311	-0.0343308727	0.0276972964	0.0354427578	-0.0741628716	-0.0075754539	0.0331352595	0.0758424713	0.0294382746	-0.0754396957	-0.0045479042	-0.0102642499	0.0924699344	0.019519341	-0.0502716259	0.1917638583	-0.0036883006	-0.0999498795	-0.0435501966	0.0838059328	0.0184089553	0.1255764875	0.0169663053	0.040266758	-0.0080472173	0.0560377069	-0.0258246281	-0.0381754099	0.0214538875	-0.0016025298	0.0050744804	0.0374795309	0.0161002192	0.0052791988	-0.0094670636	-0.0640018964	0.0325482039	-0.0301680942	-0.1163826045	-0.0686110675	0.0209481474	-0.1800541813	-0.0615174364	0.0757264415	0.0372355264	-0.0113750402	0.04567106	0.03598815	-0.0039982449	0.0800843707	0.0447765917	0.037344809	-0.0666878042	-0.0568238659	-0.0396539781	0.1007486199	-0.071945376	0.0262217	-4.7900000000000026e-05	0.00068757755089	2.2944100000000022e-09	-0.0115051	-0.0114426694	0.00013236732601	0.0001309346829976	-0.107036	-0.0094656	8.959758336000009e-05	0.011456705296	-0.000490452	-0.000200707	2.405431643040001e-07	4.0283299849000026e-08	-0.000973228	-6.456400000000003e-05	4.168510096000004e-09	9.47172739984e-07	0.000409193	-9.6846e-05	1.6743891124900004e-07	9.379147715999996e-09	0.0	0.0	0.0	0.0	0.0	0.0	0.0
57210.810809366805	-120.99631348562252	14640.10787711104	3273076873.465162	119520.35649432916	-661.0612972068047	437002.0386647434	14285115616.53153	55790.12969746492	-47.498744419644936	3112538571.6599574	2256.130721442751	74670.48118820046	56625.74453335391	1.223461	22.140034	0.05686197	0.0305291	0.0027548482	-0.0272397596	0.0983475391	-0.0546061395	-0.0368353316	0.0236969622	0.0261492823	0.02432403	-0.0100970568	-0.0608207131	0.0139858292	-0.0326795876	-0.0123918978	-0.0220583571	-0.0489193176	0.0170533124	-0.0472984878	0.0383098048	0.0417223529	-0.0580033933	0.0110350284	-0.0548057331	0.0178061072	-0.1142222859	0.0863732121	0.0383498052	-0.1284028483	-0.0671504104	0.0594977978	0.0334361619	0.1446201353	-0.0152920084	0.040741998	-0.0093101798	-0.0191441205	0.1606913311	0.0197670914	-0.0036590181	0.031360413	0.0362314285	-0.0504951599	-0.0225349726	0.0482698551	0.0525895207	-0.0348267186	-0.1573688298	-0.0357083246	0.1334224882	-0.112890008	-0.0377029891	-0.0730254969	-0.0078344771	0.1326534103	0.0641217977	0.0341037117	-0.0415369157	-0.0680957975	0.0519220509	0.0480724328	-0.0036986482	0.0108849958	-0.0294854226	0.0588390302	0.0011873402	-0.0048498838	0.0216970534	0.0071114073	0.0973576834	0.0229793758	-0.0606986431	-0.0418332477	-0.0645676877	-0.1067357339	-0.0421060107	-0.029942891	-0.0931531382	0.1118375578	0.0257118236	-0.0737669476	-0.0080710374	-0.0972504224	0.0219343901	0.0323928478	-0.0816725967	0.0137879668	0.0324092831	0.0178476545	0.0459790215	-0.003648762	-0.0853038888	0.0649969121	-0.0582285042	-0.0365036785	0.0996631912	-0.0766222668	0.0327115	0.0064897999999999	0.0010700422322499	4.211750403999996e-05	0.00246012	0.01396522	6.052190414400001e-06	0.0001950273696484	-0.0820262999999999	0.0250097000000001	0.00062548509409	0.0067283138916899	-0.000580898	-9.0446e-05	3.374424864040001e-07	8.180478915999999e-09	-0.000887679	8.554899999999998e-05	7.318631400999996e-09	7.879740070410001e-07	0.000461143	5.194999999999999e-05	2.1265286644900002e-07	2.698802499999999e-09	0.0	0.0	0.0	0.0	0.0	0.0	0.0
57223.63480294932	12.82399358251132	164.45481140429155	3274544380.061312	119705.19435384744	184.8378595182876	34165.03431130222	14329333555.29239	55881.50631975447	91.37662228955014	3122742748.5647597	8349.687101047111	75012.50617068904	56623.56383619874	1.156009	20.919416	0.0700415299999999	0.0410031	-0.0133325952	-0.0948657404	-0.0304561832	-0.0279007756	0.1034381768	0.0022403034	0.0819779781	-0.0113411305	0.0059319894	0.1187749032	0.0276900052	0.0094477632	0.0357466692	0.1103727069	-0.0489574426	-0.1010226982	0.0228185572	0.0164127821	-0.0198139188	-0.0757567068	0.034700909	0.0791586772	0.0182390457	0.0025583221	0.0325627925	0.040851253	-0.0513980635	-0.0468510096	-0.0109656725	-0.0079258571	-0.0941235911	-0.0012529174	-0.0346682801	0.0214031215	-0.1195589295	0.0337969708	-0.1586466265	-0.0138573041	0.0844240224	0.1304421089	0.0458225811	-0.022828592	-0.1070105605	0.0970898952	0.1203141382	0.0124378033	-0.0055064549	0.0271105144	0.0475128024	0.1161661659	-0.0453503889	-0.0412311315	0.0190903672	-0.0052553349	0.0846029561	-0.0059313205	-0.0104894472	-0.0917726584	-0.0134980918	-0.0498269427	0.0360552306	-0.0985155269	-0.102869537	0.012508876	0.0368849533	-0.0893920644	-0.0145387744	-0.0837756508	-0.034345441	-0.004084964	-0.0222663833	0.0581662179	-0.0211643274	-0.0232765901	0.0559389142	0.0097851743	-0.0874918099	-0.0023178365	-0.0609904106	-0.0690873441	0.0106797505	-0.0350607193	0.1355502312	-0.0050096535	-0.0368253242	0.0184534399	0.0328768518	0.0569169741	0.0608710867	-0.1181909952	0.1026889297	-0.0596172234	-0.0333134626	0.0983325849	-0.0809641079	0.024795	-0.0079164999999999	0.000614792025	6.267097224999995e-05	0.0134474	0.01098728	0.00018083256676	0.0001207203217984	-0.107051	-0.0250247	0.00062623561009	0.0114599166009999	-0.000108408	0.00047249	1.1752294464e-08	2.2324680010000005e-07	-0.000908269	-2.058999999999991e-05	4.239480999999962e-10	8.249525763609999e-07	0.000490324	2.9180999999999977e-05	2.40417624976e-07	8.515307609999985e-10	0.0	0.0	0.0	0.0	0.0	0.0	0.0
57124.84911632644	-98.7856866228758	9758.611881553024	3263248386.5630617	119973.8147745611	268.6204207136616	72156.93042438455	14393716231.560698	55933.76632453762	52.26000478314381	3128586215.247978	2731.1080999342144	74947.05768158133	56294.79943661373	1.112549	20.132959	0.0679685699999999	0.0409802	-0.0168476162	-0.0080764767	-0.1118191534	0.0717333112	0.0481461072	0.0848932154	0.0019656753	-0.0332564162	0.0148789368	-0.0246146717	0.0300323731	-0.0191241555	0.0469303744	0.1721029557	0.0420619298	-0.0244535041	-0.0421543971	-0.1300206904	-0.0168765447	0.032058131	0.1093019286	0.0649316089	0.0286041742	-0.0632822743	0.0610597374	-0.0133889734	0.0801703111	0.1053084924	-0.1641661027	0.0882524427	0.0968301459	0.033403627	0.084109156	-0.1288154879	0.1067474009	0.0727837695	-0.0210355789	-0.0197350355	0.0215763588	-0.094032654	0.0529829522	-0.1336947253	0.0032566283	0.010383625	-0.0452557707	0.0319988435	0.0161280057	-0.0227170336	0.0468098046	-0.0508393054	-0.0455926215	0.1398645292	-0.0108953468	0.0720342714	-0.0322336935	0.0349149112	-8.46077e-05	-0.0126852651	-0.1006556644	-0.06988686	-0.0469947981	-0.0292430108	-0.019374161	0.0133650341	0.0711428035	-0.0827995024	-0.1781911877	0.0050213929	0.0588498937	0.0072110483	0.0305525217	-0.0746863517	-0.0256833059	0.0472175336	0.155553377	-0.0739555823	0.160363875	-0.0331244939	0.0014310523	-0.0407717111	-1.75674e-05	-0.0094345972	-0.0597268739	-0.0779514262	-0.1797366339	0.0228563106	-0.0103047195	-0.0336625546	0.0512742309	0.0563557829	-0.0658950778	-0.0609896438	-0.030086819	0.0967600744	-0.0849519136	0.0268642	0.0020692	0.00072168524164	4.281588640000001e-06	-0.00631182	-0.01975922	3.9839071712400005e-05	0.0003904267750084	-0.0786222	0.0284287999999999	0.0008081966694399	0.00618145033284	-0.000407336	-0.000298928	1.65922616896e-07	8.9357949184e-08	-0.000908269	0.0	0.0	8.249525763609999e-07	0.000545623	5.529899999999997e-05	2.97704458129e-07	3.057979400999997e-09	0.0	0.0	0.0	0.0	0.0	0.0	0.0
57160.47537618498	35.626259858538106	1269.2303915080836	3267319945.231449	120250.07316300676	276.2583884456544	76318.69718659009	14460080095.70848	55856.92473692602	-76.84158761159779	3119996041.066618	5904.629586670859	74947.79872528018	56209.15559855654	1.193609	21.599827	0.0792876849999999	0.0472506	-0.0363381639	0.1086876939	0.0190344437	0.0659667968	-0.1272624011	-0.0658407004	-0.0344927647	-0.0516160849	-0.0226130376	-0.0128120733	0.0108019937	-0.0038269441	0.0320039907	-0.0338280395	-0.0301736831	0.0616271655	-0.0048105252	-0.0324985748	0.08201697	0.0077937319	0.0005731779	0.0786030779	-0.0166263365	0.0962243775	0.021568302	-0.0335267409	-0.0534830691	0.0566948784	-0.0730284681	-0.0023260135	0.0902013076	-0.0193599451	0.0023283982	0.023161283	0.0040094968	-0.0117030304	-0.0479164484	-0.030176913	-0.057636272	0.0200060784	0.0020028148	-0.0474648474	-0.0819532386	0.0187553949	-0.0564060026	0.0160562293	0.0178242646	0.0488482746	-0.1106996949	-0.098150542	-0.0448547713	-0.0168392852	-0.0105611742	-0.0432791729	-0.0200662342	-0.1001285363	0.1188548931	0.0421324201	-0.0250177661	0.127788559	-0.0116758818	0.0198847928	0.0210927933	-0.036279802	-0.0121144419	-0.045784876	-0.0109087717	-0.0088786726	0.0772016016	0.0218278392	-0.0139239172	-0.0109686729	0.0360674242	-0.0489077897	0.0616588864	-0.076203284	-0.033765536	-0.0553905236	0.0354900839	-0.1156583822	0.018496224	-0.0259407285	-0.0672207176	0.021807517	-0.085138013	-0.0706383787	0.0241755306	0.0525003007	-0.0301672146	-0.0647767752	-0.1397369069	-0.0623453902	-0.0268272759	0.0949495281	-0.0885682462	0.0326929	0.0058286999999999	0.0010688257104099	3.397374368999995e-05	0.0134279	0.01973972	0.00018030849841	0.0003896565456784	-0.107027	-0.0284047999999999	0.0008068326630399	0.011454778729	7.77633e-05	0.0004850993	6.04713082689e-09	2.3532133086049e-07	-0.000908269	0.0	0.0	8.249525763609999e-07	0.000566813	2.1190000000000036e-05	3.21276976969e-07	4.4901610000000136e-10	0.0	0.0	0.0	0.0	0.0	0.0	0.0
57243.15329146874	82.67791528376256	6835.637675669019	3276778598.7505884	119578.37237006816	-671.7007929386018	451181.9552343465	14298987138.67468	55803.99747887437	-52.927258051648096	3114086134.622217	2801.294644865748	74763.54322725184	56184.17304705032	1.174427	21.25271	0.106587465	0.0665744	-0.0364606252	-0.0319409692	0.0921987535	-0.0848028711	-0.0422805016	0.0789449901	0.0023966645	0.1067689368	0.0763861595	-0.0539678719	0.00794243	-0.0338113721	-0.0177708573	-0.0727031658	0.012806064	0.009961248	-0.0992788864	0.0551009948	-0.0953928141	-0.1099205408	0.139075636	-0.0086381931	-0.0696648393	-0.0571575196	0.1558940083	0.0480428675	0.1664635444	-0.0952048388	-0.0027997351	-0.0239294265	-0.065596977	-0.0068324637	0.0031593809	-0.06311218	0.074131286	0.0260864761	0.0186021425	0.0547441868	0.1233518058	0.0941644117	-0.0093741454	-0.0572975583	0.0031235762	0.0322690472	-0.0158606249	0.0781586999	0.0278227777	-0.0089862041	-0.0054999699	-0.041598729	0.0829858395	0.0322297909	-0.022123698	0.116383789	-0.1809831545	0.0146590941	-0.0325623129	0.0400578492	0.0817374274	-0.0374138726	0.0087013761	-0.060785126	0.0976015042	0.0279841345	0.0802197312	0.0194572049	0.0567147186	-0.0362585543	-0.0185695909	-0.0643961082	0.0384381202	-0.0678580663	0.0019787064	0.0642327001	0.0785595712	0.0052707958	0.1384385729	0.150930449	-0.05438088	0.098077376	-0.0461070086	-0.0837009556	0.0933206828	0.0236614689	-0.024657537	-0.0355554495	-0.055346452	0.0029732861	0.0389697189	0.0943064388	0.0071739364	-0.063684092	-0.0235383975	0.0929054001	-0.0917972923	0.0326859	-7.000000000000062e-06	0.0010683680588099	4.900000000000087e-11	-0.0216469	-0.0350748	0.00046858827961	0.00123024159504	-0.0881403999999999	0.0188866000000001	0.00035670365956	0.0077687301121599	-0.000804123	-0.0008818863	6.46613799129e-07	7.7772344612769e-07	-0.00106009	-0.000151821	2.304961604100004e-08	1.1237908081e-06	0.000548139	-1.867399999999999e-05	3.00456363321e-07	3.4871827599999966e-10	0.0	0.0	0.0	0.0	0.0	0.0	0.0
57187.87254994045	-55.28074152828776	3055.960383917359	3270452766.788233	119764.45688985582	186.08451978766243	34627.44850460493	14343525134.122131	55788.4956253986	-15.501853475769169	3112356244.1451187	240.3074611842166	74993.62445473716	56442.1044060589	1.142704	20.67864	0.04090821	0.026273	-0.0211498041	-0.0865505287	-0.0508470325	-0.0660380829	0.0694083011	-0.0321398549	0.0156039639	-0.0103330581	0.0255235784	-0.0503392748	-0.0883770031	0.0413172865	-0.0445548557	0.0580103743	-0.0348295365	0.0328512221	-0.0793767434	0.0896475007	-0.0478063015	-0.0565587755	-0.0493138236	-0.0536859441	-0.0285764585	0.0591420682	0.0792989238	0.0278118215	0.0452275895	0.0193077115	0.0186069804	-0.0388049867	0.0254677516	0.0300411989	0.0568758841	-0.0452717748	0.0060715606	-0.050394747	-0.0296860216	-0.0361847054	-0.0324629174	0.0122358691	0.0008277493	0.0977294966	-0.0870624776	0.0274797539	-0.0221233696	0.1858770634	0.0347527683	-0.1706117532	0.0186223482	-0.0991505288	-0.053251413	-0.04566843	0.0479591489	-0.0081248569	-0.0302856985	-0.0174826802	0.0134402642	-0.0775005615	0.023762065	-0.0502323225	0.0011757372	0.0012151501	0.0977206031	0.0073138858	-0.0097174339	-0.0019055198	0.0216659029	-0.0880415415	0.0313759695	0.0377153076	-0.1082705442	0.111709287	-0.0628942146	0.0022719051	-0.0282193792	0.0598870988	-0.0836952279	-0.0387355151	-0.0648087743	0.0422419254	0.0074644253	-0.0749184745	-0.0070005247	-0.0273403102	-0.0205315016	-0.0420636241	-0.0118058004	0.0623564656	0.0270682184	0.0262565659	0.0953442035	-0.0650053833	-0.0202237803	0.0906327191	-0.0946249323	0.0326613	-2.4599999999999626e-05	0.0010667605176899	6.051599999999814e-10	-0.00118674	0.02046016	1.4083518275999998e-06	0.0004186181472256	-0.0990665	-0.0109261000000001	0.00011937966121	0.00981417142225	-0.000637453	0.00016667	4.063463272089999e-07	2.7778888900000023e-08	-0.00105365	6.440000000000135e-06	4.1473600000001736e-11	1.1101783224999998e-06	0.000564976	1.6837000000000015e-05	3.19197880576e-07	2.834845690000005e-10	0.0	0.0	0.0	0.0	0.0	0.0	0.0
57162.92530920688	-24.94724073357065	622.3648202187268	3267600029.905965	120081.90610577792	317.4492159220972	100774.00468955428	14419664173.996864	55776.51435746173	-11.9812679368697	3111019553.868135	143.5507813750619	74898.6120985346	56505.85020854957	1.062182	19.221493	0.0138267301	0.00873697	-0.0109058473	-0.0046580596	-0.0943209294	0.0697747021	0.0880489631	0.0450633034	0.0231508999	0.02368804	0.0278784284	-0.1427507354	0.0305014388	0.0611090737	-0.0301949018	0.075191515	0.0364296245	0.0532468961	-0.0920200032	-0.0307030447	0.1364122801	-0.0352630455	0.0241975772	0.038837746	-0.0119362325	0.0041863131	0.104250737	0.0990021005	-0.0683122454	0.0062859237	-0.0704541927	0.1020587625	-0.0464409808	0.0224410658	0.0345787386	0.1177350738	-0.0529762777	0.0371127387	0.0979042378	-0.0013765514	0.1161437143	-0.0269380283	0.0013360209	-0.000863182	0.078621255	0.0308616267	-0.0284068776	0.0552017528	-0.051116356	-0.0497642866	0.1877643122	-0.0341112057	-0.0819440367	-0.0420589953	0.001333399	-0.0814358489	-0.0128928695	0.0786149096	0.0806028148	0.0068489971	-0.0868248504	-0.0688877154	-0.0540499759	0.0229063864	0.0771092056	0.0932731808	-0.0322819954	-0.0276851028	-0.0592036052	0.1287286304	-0.1039880785	-0.0041851576	0.0267539711	0.0452937101	0.0973167042	0.0060920232	-0.0019817698	0.030043991	-0.0922994576	-0.0294894881	-0.0761197585	-0.0363654914	-0.0177697068	-0.0923478216	-0.0442463628	-0.0008034766	-0.0695346382	-0.0268181527	0.0137345401	0.0943752107	0.0495200392	0.005154393	0.0465334012	-0.0663089027	-0.0168870486	0.088137076	-0.0970388015	0.0326776	1.630000000000381e-05	0.00106782554176	2.6569000000012427e-10	-3.96099e-05	0.0011471301	1.56894417801e-09	1.3159074663260098e-06	-0.0946701	0.0043964	1.9328332960000075e-05	0.0089624278340099	-0.000637854	-4.010000000000256e-07	4.06857725316e-07	1.6080100000002045e-13	-0.00090827	0.0001453799999999	2.113534439999999e-08	8.249543928999999e-07	0.000584533	1.9557000000000016e-05	3.416788280890001e-07	3.8247624900000063e-10	0.0	0.0	0.0	0.0	0.0	0.0	0.0
57137.89018196473	-25.035127242153976	626.7575960308402	3264738494.4462614	120201.99373906553	120.08763328760688	14421.039668618749	14448519298.846348	55821.92995057398	45.415593112244096	3116087863.406788	2062.576097736913	74870.34769284794	56119.92435826519	1.184394	21.433069	0.0420122401	0.0257164	-0.0266496955	0.1075407215	0.0156715694	0.053887645	-0.1079478064	-0.0422606097	-0.0823563982	-0.0582013253	0.0013907402	-0.0545689759	0.0493584985	0.0173586207	-0.0020440967	-0.0114280717	-0.0403648171	0.0825975211	-0.0652900267	-0.0100010457	0.0797291231	0.0164061851	-0.0153088775	-0.0363248438	-0.1071250016	-0.0037284458	-0.011444869	-0.1530073369	0.0336062541	0.1271316015	-0.0566258853	-0.1592164715	0.0016325988	-0.1006535219	0.0473712523	-0.1175820491	0.00543109	0.0047789822	-0.0107765843	0.0568633459	-0.0736667726	-0.0260244735	0.0146617396	-0.0989516386	-0.0185095809	0.0873885196	0.0128797296	-0.1176547274	0.0553609448	0.095837493	0.0818605174	0.0700584047	-0.0102903644	0.0208218777	-0.0439074445	-0.1505398458	0.0759689199	-0.0666768374	0.1014756436	0.0633394603	-0.0237044196	0.0707034266	-0.0418873173	0.0801118152	0.0753384661	-0.0568330468	0.016565891	-0.0995021649	0.0020845456	0.0389816001	0.0215113779	0.0760932134	-0.1229815195	0.0106921561	-0.1000104401	-0.0689306752	0.0597541577	-0.0660404961	0.0508436212	0.0548716597	0.0550264413	0.0096787472	0.0811822057	0.0001952196	-0.0441180199	0.0700771216	0.0212412678	-0.1348206902	-0.0680149971	0.0038868981	0.0239847408	-0.0053872379	-0.0444152794	-0.0675942939	-0.0135318513	0.0854246103	-0.0990283447	0.0326628	-1.4800000000002311e-05	0.0010668585038399	2.190400000000684e-10	-0.0025166	-0.0024769900999999	6.33327556e-06	6.135479955498008e-06	-0.075434	0.0192360999999999	0.0003700275432099	0.005690288356	-0.0008094209999999	-0.0001715669999999	6.551623552408381e-07	2.9435235488965688e-08	-0.00114239	-0.00023412	5.481217440000005e-08	1.3050549121000002e-06	0.000584533	0.0	3.416788280890001e-07	0.0	0.0	0.0	0.0	0.0	0.0	0.0	0.0
57313.56880018022	175.67861821549013	30862.97689810394	3284845168.612992	119443.27807145874	-758.7156676067825	575649.4642720057	14266696676.455816	55819.12827048788	-2.8016800860932563	3115775080.87718	7.8494113048115155	74715.95095089762	56449.12817048599	1.243242	22.498003	0.06214017	0.0455963	-0.0401105325	-0.0319258172	0.1195044874	-0.1294697155	-0.0520467699	0.0300272176	-0.053868886	0.0582955636	0.0023659813	-0.0966328963	0.0562784381	-0.0209982807	-0.016562689	-0.0814842355	-0.0847200316	-0.0083019728	-0.0820918614	0.0731666343	-0.0479417955	0.0040489359	-0.0559536726	0.073217183	-0.1226682543	-0.0788100893	0.0093113075	0.0127742752	-0.1142250782	-0.0382181185	0.0449609547	0.1700297363	-0.036415769	-0.1304498642	0.0453577128	0.0620043146	0.0719304033	-0.0775153561	-0.0943911807	-0.0055549184	-0.0602158579	0.0539503396	0.0605078742	0.113982101	0.0482252407	0.0371028145	0.070490003	-0.0093698874	0.0319958353	0.0500772224	-0.1234439755	-0.1170131052	-0.0210269194	0.1299051554	0.025953853	-0.0714677845	0.000535207	0.0146263153	0.023583552	0.0560816795	0.1107903082	-0.048810553	0.0473129902	0.0028788409	0.0946543846	-0.0153186891	0.0409184959	-0.0744801753	0.0496724904	0.0103778623	-0.0528469979	-0.0417238438	0.032717514	0.0779394252	0.0041786935	0.0122862259	0.0857542997	-0.0556655545	0.0816837849	-0.0811805349	-0.0316730169	-0.0563324406	0.0469933197	0.0447338581	0.0991631418	-0.0037290923	0.0147140111	0.0993906486	-0.1368910319	-0.00293959	-0.1928370976	-0.1036691284	0.0218538148	-0.0688612056	-0.010161857	0.0825019948	-0.1005848622	0.0350945	0.0024317	0.00123162393025	5.913164890000009e-06	-0.00257287	-5.627000000000019e-05	6.6196600369e-06	3.166312900000021e-09	-0.11328	-0.037846	0.001432319716	0.0128323584	-0.000433238	0.0003761829999998	1.8769516464400002e-07	1.4151364948892473e-07	-0.00120233	-5.993999999999986e-05	3.5928035999999836e-09	1.4455974288999998e-06	0.000584534	1.000000000015745e-09	3.416799971560001e-07	1.0000000000314906e-18	0.0	0.0	0.0	0.0	0.0	0.0	0.0
57443.815726430425	130.24692625020543	16964.261797626452	3299791965.2120957	120240.171543195	796.8934717362572	635039.205295865	14457698852.73696	55994.75354950574	175.62527901785506	3135412425.0698853	30844.238630099444	74871.60672188168	57479.713922415	1.291802	23.376762	0.09252279	0.0517168	0.0519760524	-0.0441502484	-0.0431308234	0.0082150273	0.0466417267	0.0037265344	-0.1409862088	0.0327525213	-0.0037692347	-0.1310066662	-0.100719318	0.0807620493	0.123783994	-0.0270000206	-0.0463826367	0.0234447667	-0.1542764035	-0.0072385066	0.0061384848	-0.1324155754	-0.1806137748	-0.0104101538	-0.0788361894	-0.0696145746	-0.0564389204	0.0274165732	0.0897352074	-0.10352343	-0.0967350682	0.0070921267	0.0326323771	0.0133196386	-0.0584598245	0.0589781642	0.130398273	0.0069452297	0.0157636618	0.0866853631	-0.0566808717	0.0004113056	-0.1160569474	-0.1146528078	0.0121142467	-0.0539208442	0.1664908944	-0.0062524526	0.0508001372	0.1337553191	0.012237157	0.1180424201	-0.0717532799	0.0393336689	-0.1301341803	0.1269080004	0.0285989468	-0.0446968373	0.1197519773	0.0762930063	-0.0740393492	-0.1191415024	0.0453561342	0.0726117903	0.1301930542	-0.1182404568	-0.0330982987	-0.0159016118	-0.0113757539	0.0927901875	0.0350992788	-0.0595241091	0.0112187708	0.0999728994	0.0125316611	0.0739942048	0.0260669299	0.0415864441	-0.0502182836	0.0923651511	0.0960177772	0.005623334	0.0494771685	-0.041466962	0.2081535492	0.0286457114	-0.0339666408	0.1311923404	-0.0722969937	-0.0720901332	0.0583276533	-0.0055425043	-0.0279943062	-0.0701092912	-0.0067807509	0.0793764193	-0.1017015476	0.0574269	0.0223324	0.00329784884361	0.00049873608976	0.00180137	0.00437424	3.2449338769e-06	1.91339755776e-05	-0.12194	-0.00866	7.499560000000002e-05	0.0148693636	-0.001315	-0.0008817619999999	1.729225e-06	7.775042246439998e-07	-0.00132056	-0.0001182299999999	1.3978332899999996e-08	1.7438787135999995e-06	0.0007276649999999	0.0001431309999998	5.294963522248545e-07	2.048648316097136e-08	0.0	0.0	0.0	0.0	0.0	0.0	0.0
57532.17119099889	88.3554645684635	7806.68811910901	3309950721.9504023	119892.22907177544	-347.94247141956293	121063.96341755336	14374146591.799076	56023.76458864796	29.0110391422204	3138662198.684245	841.640392111444	74787.6883088606	57989.61666261957	1.344629	24.332731	0.07916238	0.0473506	0.0882164387	0.068771343	0.1316902553	-0.0295485994	-0.0901320058	-0.0758877395	0.003357727	0.1494935772	-0.0763013993	-0.0549557933	0.1247884287	0.035766462	0.1069918002	-0.1441523121	-0.0243645544	-0.0835583338	-0.120038429	0.0390311161	0.0176452196	0.0936603994	-0.0659153852	-0.0915970979	-0.0016511942	-0.0510299201	-0.0896469246	0.0387719732	-0.0338622445	-0.0119154098	-0.0521880074	-0.0187014406	-0.0633788927	0.0239356189	0.1194684858	0.1794003239	-0.075612036	-0.061875745	-0.0208722863	0.1697447156	-0.0517190424	-0.0199110442	-0.0138242765	-0.0432939369	0.0028258879	0.0620688775	-0.0805583486	-0.0285753153	-0.0825960603	-0.0873549844	-0.00854605	0.0601557605	0.0732257554	0.0243693598	-0.1468429483	-0.0167266147	0.0473295881	-0.0608166365	0.078504394	0.1229548777	0.0383360433	0.0478819826	0.1360968018	-0.0057235985	0.0142019591	0.0462799345	-0.0516466296	-0.1160554473	0.0152703127	-0.0010883728	-0.0386830701	0.0495321717	0.1193516961	0.1587541271	-0.0349244483	-0.0492524387	-0.1145175733	0.0699073155	0.0531860476	0.0170652336	0.0591795373	-0.0603310875	-0.0308518547	-0.0452166162	-0.0890124593	0.0077354195	-0.0148240799	-0.0622258271	0.0667200527	0.0454441215	0.0519174392	0.1019598652	0.042217291	-0.0713382097	-0.0033922301	0.0760555728	-0.1023735181	0.0616867	0.0042597999999999	0.0038052489568899	1.814589603999995e-05	0.0122825	0.01048113	0.00015085980625	0.0001098540860769	-0.149293	-0.027353	0.000748186609	0.022288399849	-0.000718472	0.000596528	5.16202014784e-07	3.5584565478400005e-07	-0.00132227	-1.710000000000036e-06	2.924100000000124e-12	1.7483979529e-06	0.000584534	-0.0001431309999998	3.416799971560001e-07	2.048648316097136e-08	0.0	0.0	0.0	0.0	0.0	0.0	0.0
57499.82612568143	-32.34506531745865	1046.2032503906662	3306230004.483597	119848.34205898448	-43.88701279096131	1926.0698917140012	14363625094.287348	56001.56749641263	-22.19709223532845	3136175562.05526	492.7109037036788	74864.91759118908	57793.285637764784	1.39223	25.194134	0.04275239	0.0272881	0.0732849244	-0.1357198274	0.0405876497	-0.0422565949	0.079460672	0.0384894564	-0.0593220251	0.0837147533	-0.0393065939	0.1507806636	-0.0154310118	0.0530382871	0.095890544	-0.0168294351	-0.0615677648	-0.0889699721	0.0491111428	0.0384650058	-0.0518991089	-0.028623958	0.054250519	-0.0063483983	-0.1162310124	0.0496280203	-0.0486531179	0.0357003038	0.0490958556	-0.0662745525	0.0195450315	-0.0155908987	-0.0093677632	0.0108537203	-0.0183549747	0.0166158608	-0.2305342116	0.0935762686	0.0480310272	-0.0644979543	0.0004375215	0.0084160311	0.0627573781	-0.0453831539	0.0286550874	-0.0368950494	-0.0361386742	-0.0260391595	-0.1649720996	-0.1113773826	0.0512663945	0.0696829369	-0.0207826971	0.0313088415	0.0109703608	0.0702548719	-0.0297415614	0.0786865919	-0.0290981755	0.0264395805	-0.0039405732	-0.098767722	0.0885493717	-0.1126624493	-0.1117155249	-0.0919933682	0.0237196827	-0.0067601239	0.0575775178	-0.0547091517	0.0188636948	-0.0128260224	-0.151344449	0.0708139713	0.0137454904	0.0627621436	0.0190136527	0.0752098009	0.00562608	0.0953306624	0.0046824483	-0.050365764	0.0049985319	-0.0212382358	-0.0080455306	0.0747168839	0.0509474716	0.111393814	0.1452841744	0.0492212914	-0.0573033513	0.0031590009	0.0562942498	-0.072547625	0.0	0.072547625	-0.1025978352	0.0638538	0.0021671	0.00407730777444	4.696322410000022e-06	0.00932886	-0.00295364	8.702762889959999e-05	8.723989249600003e-06	-0.126191	0.023102	0.000533702404	0.015924168481	-0.000900845	-0.000182373	8.11521714025e-07	3.3259911129000044e-08	-0.00121405	0.00010822	1.1711568400000004e-08	1.4739174025e-06	0.000584534	0.0	3.416799971560001e-07	0.0	0.0	0.0	0.0	0.0	0.0	0.0	0.0
57435.12308087923	-64.70304480219784	4186.48400667522	3298793363.3157463	120293.11639757782	444.7743385933427	197824.21227114543	14470433852.641205	55975.17740752551	-26.39008888712124	3133220485.803954	696.4367914701598	75121.04117498815	58142.053503834366	1.352723	24.479191	0.05552444	0.0409432	0.0932470015	0.034261319	-0.0947245618	0.0924246913	0.1101197307	-0.0425903421	0.0172028147	0.0326641537	-0.1282639127	-0.0739198977	0.071752051	-0.0002161515	0.0998178214	0.0446770064	-0.0009891943	-0.057341243	-0.0273273619	-0.1020131724	0.1402613032	-0.0484510014	-0.0355118548	0.03936547	-0.1446325139	-0.0176074136	0.0130429197	0.1178120646	-0.0671746545	-0.0440729277	-0.0125498454	-0.0175441671	-0.0282483439	-0.0254567776	0.0151734264	0.0380829461	-0.1307753153	-0.0878965121	-0.1855570914	-0.0642681048	0.0257525961	0.1222718276	-0.0285997183	0.0047449717	0.1192307804	0.0922516964	0.0104592855	-0.0292711365	0.0335343444	-0.0761190537	-0.0548451256	-0.0452396672	0.0764652913	-0.1558623342	-0.00144697	-0.045110013	-0.0415107096	0.059893083	-0.1832199967	-0.0247895482	-0.1256219757	-0.0035645477	0.0387015901	-0.047854574	-0.0784035934	-0.0209093256	-0.0945646773	-0.0842003	0.0634026316	0.1119759789	-0.0970621762	-0.1227504556	0.0342678576	0.0406990094	-0.024286201	0.0050959642	0.0816315682	0.0979746913	0.0089993879	0.0995057062	-0.069452178	-0.0416258141	-0.0842404932	-0.0947943586	-0.064919283	0.1053282289	-0.028551627	-0.0239477884	-0.00215774	0.0121736253	-0.2222792866	-0.0789900743	0.0494328898	-0.0737372065	0.0033922301	0.0688612056	-0.1023735181	0.0605779	-0.0032759	0.0036696819684099	1.0731520810000032e-05	0.0279106	0.01858174	0.00077900159236	0.0003452810614276	-0.12623	-3.900000000001125e-05	1.521000000000877e-09	0.0159340129	-0.00024377	0.000657075	5.942381290000001e-08	4.317475556250001e-07	-0.00119857	1.5480000000000008e-05	2.396304000000002e-10	1.4365700449e-06	0.000584533	-1.000000000015745e-09	3.416788280890001e-07	1.0000000000314906e-18	0.0	0.0	0.0	0.0	0.0	0.0	0.0
57280.010624265415	-155.1124566138169	24059.87419677323	3280999617.1159587	120026.7986051935	-266.3177923843177	70925.16654045656	14406432383.41168	55820.00698541135	-155.17042211415537	3115873179.851372	24077.85989908516	74921.33893806704	57132.91230080843	1.277579	23.119375	0.08526756	0.0467202	0.0300416984	0.0778804123	0.0446248067	0.0422503779	-0.0901030849	-0.0349621589	0.1980406409	0.0666019326	0.0240415068	-0.0105325848	0.0100561604	0.0738213701	-0.0117986232	-0.0376576386	-0.0509882999	-0.014349453	-0.0125394941	-0.0134163761	0.0829108482	0.0282408045	-0.0104712434	-0.1355607385	0.0606306889	0.0559494579	-0.0714524538	-0.0087255495	0.0098273418	0.0864716281	0.036128847	-0.0503490524	-0.0199521721	-0.0695314438	0.0342000826	-0.0087963259	-0.0621421089	0.1059188842	-0.0479219296	-0.1264624294	-0.135953417	0.0837748878	-0.0333959745	0.0810513082	-0.0361140419	-0.0702680994	-0.1360997422	0.0451536788	0.0205883622	-0.0550629773	0.1096287941	0.0202095208	-0.0608105365	0.1534368339	-0.1419530418	0.0374019232	-0.0177499577	0.0267117347	-0.0817800361	0.034555521	-0.0074786122	0.0994509014	-0.0235705916	-0.1253058539	0.0623299157	0.0469411555	-0.0766704412	-0.026211099	-0.0747282045	-0.0269019042	-0.0501966975	0.027012587	-0.1371001708	-0.0533909602	0.0784341069	-0.0152535024	-0.0605345366	0.1597805733	0.028064436	0.0082186887	0.1619417197	-0.0055301056	0.0145856683	-0.0344996485	-0.0805991369	0.0472083756	0.0241192017	-0.0608331336	0.0699957168	-0.0404533656	-0.0165108566	-0.1061994166	0.1036756966	-0.074906629	0.0067807509	0.0650053833	-0.1017015476	0.0535464	-0.0070314999999999	0.00286721695296	4.944199224999995e-05	-0.00392726	-0.03183786	1.54233711076e-05	0.0010136493293796	-0.105551	0.020679	0.000427621041	0.011141013601	-0.000611044	-0.000367274	3.733747699360001e-07	1.34890191076e-07	-0.00134568	-0.00014711	2.16413521e-08	1.8108546624e-06	0.000584533	0.0	3.416788280890001e-07	0.0	0.0	0.0	0.0	0.0	0.0	0.0	0.0
57134.271771314205	-145.73885295121	21239.81325953441	3264325010.838392	119600.99502999442	-425.8035751990829	181308.684652321	14304398012.16475	55721.104197225766	-98.90278818558728	3104841452.958091	9781.76151088314	74893.29772833403	56101.50857543945	1.310495	23.715027	0.0589123221999999	0.0388222	-0.0640122732	-0.0853243953	0.0542851736	-0.0311160957	0.0037605601	0.0407627459	0.1340229479	-0.0290976878	0.0716545622	0.0140329938	-0.0115114027	-0.0288296164	-0.0854232884	-0.0126564391	-0.0607780192	-0.0992127752	-0.0688531308	0.0385087286	0.0361286418	-0.0223631056	0.0602732443	-0.1753800299	-0.038660954	0.0459757659	-0.0681784663	-0.1105922268	0.0361107172	0.0240003739	-0.0236994199	0.0370610739	-0.0114166899	-0.0367507865	-0.0443033683	-0.0786233561	-0.0713675345	0.1051208348	-0.0054012605	0.0319269371	0.0537241781	0.0205525004	-0.1106904497	0.1268107939	0.0477605665	-0.0657792644	0.0585210367	0.0273553246	0.08480001	0.0359069484	0.1033562722	-0.0268105962	0.0893694126	0.0160601601	0.110499102	-0.1681612682	0.0435760504	-0.1020171784	0.0242167494	-0.0387405276	0.0459856235	-0.010439537	-0.0541695886	-0.0588866258	0.0561627928	0.044203031	-0.0132983934	-0.0067058774	-0.0047101004	-0.0606265622	-0.0436787276	-0.0785916752	-0.0556164175	-0.0330120795	0.0447043048	-0.1327095148	-0.0599861168	0.0305781229	0.0898742371	0.0221735096	0.1878436266	0.0128457918	0.0918211215	0.0177524451	-0.0717301102	-0.0028302824	-0.0443517531	-0.0561553728	-0.0826147722	-0.0328764038	0.053141693	-0.0294864235	0.1782295728	-0.0760555728	0.010161857	0.0609896438	-0.1005848622	0.0535124	-3.399999999999931e-05	0.00286357695376	1.155999999999953e-09	0.00258092	0.00650818	6.6611480464e-06	4.235640691240001e-05	-0.119446	-0.0138949999999999	0.0001930710249999	0.014267346916	7.70844e-07	0.000611814844	5.942004723360001e-13	3.7431740333874434e-07	-0.00134568	0.0	0.0	1.8108546624e-06	0.000742221	0.000157688	5.508920128410001e-07	2.4865505344000005e-08	0.0	0.0	0.0	0.0	0.0	0.0	0.0
57223.51947061623	89.24769930202456	7965.151830704594	3274531180.603995	120192.82250175328	591.8274717588647	350259.7563284898	14446314580.93797	55813.785694355865	92.68149713009916	3115178673.535484	8589.859910276578	75125.29344683942	56294.16061604087	1.273924	23.053234	0.0517339222	0.0337296	-0.0409286825	-0.006446424	-0.1114342104	0.0405097047	0.0604923358	0.009040548	0.0738352238	-0.0072968264	0.0893728872	-0.066084019	-0.1158438398	0.0107404353	-0.0155291313	0.0108973759	0.0685754233	0.0723115933	-0.091919513	0.0510917718	0.0461788365	-0.0490105676	-0.0631059878	0.0423351548	0.0721697812	-0.0610146628	-0.0042512001	-0.009726882	0.0232712139	0.0129737275	-0.0650714731	-0.0921771009	-0.0876413821	0.1187637692	0.0310221121	0.074952707	0.0693738707	-0.0548921462	-0.1609775748	-0.0565511733	-0.0347634901	0.017238475	0.0961963411	0.0771702539	-0.006631268	0.1085158952	0.0065897027	-0.1130245288	0.0323469093	-0.0888628867	-0.0138250589	0.1021312577	0.1416421311	0.0288883929	0.0112953232	-0.1052034241	0.0002756439	0.0097624189	-0.1453530929	-0.0524845237	-0.0626665592	-0.0179499168	-0.0460924781	0.0167561059	0.1218125695	0.0310762441	-0.0311928994	0.0467059897	-0.0757763312	-0.0198036439	-0.0173628058	-0.069784132	0.0179642456	-0.0153528176	0.0905785745	0.0922367586	-0.0159032955	0.0516321788	-0.0671300563	0.0301087805	0.0708185068	-0.0755376663	-0.0403756959	-0.0610775555	0.0653946666	0.0422463999	0.0377457675	0.0229852543	0.0244690893	0.105100928	0.0313867206	0.0403838947	-0.0220787705	-0.0771837238	0.0135318513	0.0568238659	-0.0990283447	0.0535108	-1.6000000000043757e-06	0.00286340571664	2.5600000000140027e-12	-0.00392726	-0.00650818	1.54233711076e-05	4.235640691240001e-05	-0.126195	-0.006749	4.5549001000000064e-05	0.015925178025	-0.000611044	-0.000611814844	3.733747699360001e-07	3.7431740333874434e-07	-0.00134568	0.0	0.0	1.8108546624e-06	0.000584533	-0.000157688	3.416788280890001e-07	2.4865505344000005e-08	0.0	0.0	0.0	0.0	0.0	0.0	0.0
57300.74917126147	77.2297006452427	5964.4266617538005	3283375855.5878224	120257.53133860702	64.70883685373701	4187.233566963553	14461873843.65605	55837.116161112885	23.330466757019167	3117783541.189614	544.3106791003764	74888.92578541939	56934.40740670935	1.275688	23.08515	0.02585634	0.0216212	-0.002849066	0.1027570883	0.0422035043	0.0776636789	-0.1251542138	0.0419624763	-0.1050633997	-0.0768067463	0.016537513	-0.0298329955	-0.0353893554	0.0447371647	-0.0393949183	-0.1245257094	0.0844609326	-0.0162745291	-0.0756912327	-0.0368513781	-0.0359739448	0.0490422364	-0.0466281679	0.0881623918	0.1115783599	0.0221718135	0.0518893537	0.0857239203	0.0358742415	0.0539533799	0.0187877435	0.0388735352	0.0997744194	-0.0977663761	0.1272927755	-0.026170868	-0.0287529993	-0.0618204521	-0.091410766	-0.0409789278	-0.0324298811	0.0633001484	0.0079920779	0.0539523958	0.1064870571	0.0478487971	-0.0041129021	-0.0780071104	0.0534594725	-0.0427761431	0.0023787298	-0.0510551006	-0.0101908557	0.2220795568	0.1395910232	0.0012808424	0.0386968873	0.0161917723	-0.0937334173	0.0958598217	-0.016630465	0.0492877912	-0.0708974537	0.1078571317	0.0458195448	-0.0056905674	0.0112712023	-0.0130695075	0.0434289623	-0.0384187007	0.0893549508	-0.0554794326	-0.0100517016	-0.0434310699	-0.0106411645	0.0351132315	-0.0060437064	0.0926804595	0.0837699816	-0.0504268694	0.1046811684	-0.0775771078	0.0190423354	-0.1686866378	-0.0177797089	-0.152226579	0.0461100472	-0.0126650133	-0.0486757792	0.0645690071	-0.1563509079	0.0167184599	-0.1444672081	-0.0782907735	0.0168870486	0.0525182979	-0.0970388015	0.0535108	0.0	0.00286340571664	0.0	-0.00393485	-7.590000000000027e-06	1.5483044522500003e-05	5.760810000000042e-11	-0.104257	0.021938	0.0004812758439999	0.010869522049	-0.000532829	7.821500000000008e-05	2.83906743241e-07	6.117586225000012e-09	-0.00134568	0.0	0.0	1.8108546624e-06	0.000584533	0.0	3.416788280890001e-07	0.0	0.0	0.0	0.0	0.0	0.0	0.0	0.0
57234.06672627331	-66.68244498816057	4446.548469599061	3275738394.027506	119419.76534975263	-837.7659888543858	701851.8520811668	14261080356.18998	55838.21743064413	1.1012695312456344	3117906525.83189	1.2127945804499791	74912.29646593705	56665.77904374895	1.234563	22.340942	0.1008268099999999	0.0676987	-0.0206011152	-0.042796138	0.0674846587	-0.11800651	0.0219621448	-0.0105343474	0.0239131402	-0.0142822282	0.0642262848	0.0787745152	0.0972770054	-0.0962370531	-0.0295061267	-0.0436788197	0.013384599	-0.1254356099	0.0697020648	-0.0108121894	-0.0320050934	0.0567199872	-0.0034237452	-0.1047191048	0.0167243953	0.0096561923	-0.0876026605	-0.0530988732	0.0573538768	-0.0697184689	-0.0104503323	-0.0882554628	0.0258317512	0.0009559141	-0.0494213164	-0.0126750497	0.0071810175	-0.0439945657	0.0226176339	0.0136541784	0.0660348458	-0.1167033511	-0.055126993	-0.0344908598	-0.0743957844	-0.030586074	-0.0027524926	0.0080195992	0.0703640884	-0.0768130789	-0.0805304939	0.020494613	-0.0059372696	0.0375592598	0.0133039785	-0.1252305488	-0.1404246998	-0.0344530429	-0.2377422806	-0.0415899769	0.1008429035	-0.0407263647	0.0198158749	-0.0403138534	-0.0762921737	-0.0783756123	0.0711437491	-0.0035422567	0.1101235903	-0.0235078182	-0.0528413007	0.0005712503	-0.0158972462	-0.083843922	0.0667986405	-0.0341751024	-0.0147160469	0.134601912	0.1027411235	-0.068659257	0.1149413302	-0.0139655515	-0.0171271636	0.103308222	0.0421257172	0.1421561529	0.0590832908	0.0170134428	0.0143619997	-0.0351518177	0.0863575091	-0.0019038055	0.0193625355	-0.0793764193	0.0202237803	0.0480835316	-0.0946249323	0.043409	-0.0101017999999999	0.001884341281	0.0001020463632399	0.00267741	0.00661226	7.1685243081e-06	4.37219823076e-05	-0.166261	-0.0620039999999999	0.0038444960159999	0.0276427201209999	-0.000276754	0.000256075	7.6592776516e-08	6.557440562499999e-08	-0.00115958	0.0001861	3.463321000000001e-08	1.3446257763999998e-06	0.000584533	0.0	3.416788280890001e-07	0.0	0.0	0.0	0.0	0.0	0.0	0.0	0.0
57289.34696126848	55.28023499516712	3055.9043811208994	3282069275.248602	119782.4746617203	362.709311967672	131558.044988062	14347841236.085669	56004.019694674746	165.80226403061533	3136450221.961517	27490.39075767788	75137.66784876438	56617.01164063432	1.314155	23.781261	0.14361733	0.0791529	0.0096932373	-0.0398689906	-0.091986068	-0.011658986	0.0741595268	-0.0623915516	-0.0909942547	-0.0779997131	-0.076255518	0.0535303902	-0.0900183238	-0.0511298311	0.0856289592	0.0383816951	0.0135644527	-0.0025503793	0.0146593035	-0.1199294943	-0.0711510895	0.0262364877	-0.0331093245	-0.0658096494	0.1140400956	0.0421689754	0.0389904506	-0.0970128652	-0.0666017409	-0.0917222052	0.1361300444	-0.0134939253	-0.1833138356	-0.0786320666	-0.0593820234	-0.1707285833	0.0321939335	-0.0063506339	-0.0570161925	0.0796614284	-0.0367601781	0.066347464	0.0107379153	-0.0406789832	-0.0574566421	-0.0366474633	0.0702657301	-0.0235524163	0.0282995372	0.0269548359	0.0905346053	0.0613836018	0.1141772872	0.1505238033	-0.1046113319	-0.0478844105	-0.090071335	-0.0125520131	-0.0102504165	-0.0758902193	-0.0611497502	-0.0043670298	0.049201508	0.0563386586	-0.0777620013	-0.1922897633	-0.1067251854	0.0490107988	0.1125017896	-0.0229590119	0.0636302672	-0.0992123853	0.0062855141	-0.0193295488	-0.0411432531	0.168528827	-0.1484940072	-0.0458719659	0.0049237799	-0.0778474003	0.1150045568	0.0976635091	-0.0226858783	0.0456330386	0.1363393869	-0.0231021986	0.0356797386	-0.0453263595	-0.0583967983	-0.1524993876	0.0314442119	0.1093673477	0.0959523046	-0.0804403643	0.0235383975	0.0435304769	-0.0917972923	0.0403459	-0.0030631	0.0016277916468099	9.382581610000035e-06	0.0447959	0.04211849	0.0020066726568099	0.0017739671998801	-0.224566	-0.0583049999999999	0.0033994730249999	0.0504298883559999	3.14358e-05	0.0003081898	9.8820952164e-10	9.498095282404e-08	-0.0008467169999999	0.000312863	9.78832567690625e-08	7.169296780888307e-07	0.0007660949999999	0.0001815619999998	5.869015490248467e-07	3.2964759843963674e-08	0.0	0.0	0.0	0.0	0.0	0.0	0.0
57462.36983900344	173.0228777349621	29936.91621968764	3301923947.5144124	119757.9478174158	-24.526844304506085	601.5660915374825	14341966065.438885	56015.96031967475	11.94062500000291	3137787810.535376	142.5785253906945	75067.22856102497	57226.87914135041	1.518875	27.48592	0.17224645	0.108175	0.0248127639	-0.0667783642	0.0812813294	0.0231788072	0.0034063058	0.126811254	0.0097143727	0.0662728781	0.0852573504	0.0729004658	-0.0829042108	0.0700555938	0.1202487683	-0.0427601894	-0.0922713682	-0.0016029945	0.0069519485	0.0317991139	0.0350899298	-0.0048805026	-0.064661025	-0.0212457369	0.0260554433	-0.0286785604	-0.0683256155	-0.0636967093	0.0041381146	0.0482295886	0.0391126977	0.049313514	0.0315428406	-0.0326029714	0.1093206974	0.0232775503	0.0144556871	-0.1315834462	0.0144997936	0.0693516189	0.0312505013	0.0091756576	-0.0145835231	-0.0450798896	0.0876106675	-0.0439187698	0.0357103837	0.1671342492	0.001916399	0.0104137124	-0.0079758341	0.0090126901	-0.051698352	-0.1220008369	-0.0260089185	-0.0341507902	-0.177266921	-0.0132501063	-0.0791355092	0.0380280225	-0.0650528738	-0.048820831	0.0275385773	-0.1147468434	0.0683662327	-0.0228164692	0.0215037436	0.0466724167	-0.0911993033	0.0407179363	0.1069561576	-0.0071710031	0.0488440266	0.0158827645	0.1411970686	0.0192967817	-0.0278830314	-0.0389505766	-0.1758797406	-0.0019304828	0.0830242202	-0.0113221135	0.0060349307	0.0937411922	-0.0603607292	-0.0801648437	0.0829310394	-0.0420441881	0.0495328177	0.0177282996	-0.0152490059	0.1283012506	-0.0415345365	-0.0814823178	0.0268272759	0.0388703345	-0.0885682462	0.0452259	0.00488	0.00204538203081	2.3814400000000024e-05	0.00168644	-0.04310946	2.8440798736e-06	0.0018584255414916	-0.135471	0.0890949999999999	0.0079379190249999	0.018352391841	-0.000489052	-0.0005204878	2.39171858704e-07	2.7090754994884e-07	-0.000948844	-0.0001021270000001	1.0429924129020424e-08	9.003049363360001e-07	0.00068547	-8.06249999999e-05	4.698691209e-07	6.500390624983875e-09	1.0	0.0	0.0	0.0	0.0	0.0	0.0
57462.56601831306	0.1961793096197652	0.0384863215228877	3301946493.408987	119800.54350322002	42.5956858042191	1814.3924491317528	14352170223.666912	55993.609317203445	-22.351002471303214	3135284284.3676124	499.56731147220256	75164.51118877491	58561.96553529914	1.49476	27.04953	0.08544633	0.0496476	0.0782576168	0.0465006114	0.0084736671	-0.0103080357	-0.0209044787	-0.0298315976	0.1252095363	0.0741144243	-0.0210409521	-0.0299030431	0.1313907026	-0.062259171	0.0979613391	-0.0190470074	-0.0643550997	0.0274944889	0.0837177548	0.0252835866	-0.0704982555	0.0063685942	0.0448115481	-0.0756758389	0.0532770491	-0.0052002833	-0.0038214264	0.0650171621	0.0946655891	-0.0047990843	-0.0624381816	0.0601347154	0.0459290857	-0.0904504979	-0.0873403403	-0.1672541706	0.0585225952	-0.1270121	-0.0054109593	0.190239945	-0.0678395704	-0.0031404218	0.0432570676	-0.1242468644	-0.0001323338	-0.0049255936	0.0444081795	0.0085938231	0.000687253	-0.0130561144	-0.0012566352	-0.0017109748	-0.0569343707	-0.0802819406	0.0821409574	0.0617760942	-0.0140755561	0.0727902421	0.078332217	-0.0343837098	-0.0035437712	0.0541323	0.0901989029	-0.1108727361	0.0295765624	0.0555127606	-0.0237124696	0.0038455815	0.0186774116	-0.0299063415	0.0229121091	0.0683654241	0.1284780889	0.1027253158	0.0095781976	-0.0549039919	0.1006249236	0.0768501193	0.2487287318	-0.047870573	0.0154014947	0.1123296041	0.0131013758	-0.0705134923	0.0828795136	-0.0113543174	-0.0094251298	-0.0297727932	0.049377433	-0.1659347135	-0.0805840033	0.1621525276	-0.2143447525	-0.0825019948	0.030086819	0.0341145687	-0.0849519136	0.0536104	0.0083845	0.00287407498816	7.029984025000006e-05	0.00168511	-1.3299999999999076e-06	2.8395957121000003e-06	1.7688999999997545e-12	-0.176106	-0.040635	0.001651203225	0.031013323236	-0.000408315	8.0737e-05	1.66721139225e-07	6.518463168999999e-09	-0.00141569	-0.000466846	2.1794518771600002e-07	2.0041781761e-06	0.000504543	-0.000180927	2.54563638849e-07	3.2734579329e-08	0.0	0.0	0.0	0.0	0.0	0.0	0.0
57498.10269887996	35.53668056689639	1262.855665713632	3306031813.970947	120677.3175449445	876.7740417244786	768732.7202418777	14563014969.843369	56106.48733856824	112.8780213647915	3147937921.472918	12741.447707230323	75544.24539144034	57995.885961125095	1.635324	29.593216	0.3488418599999999	0.233573	0.0703673398	-0.0023846925	-0.0853944355	0.1158813331	0.0664429537	-0.1123326229	0.1831261343	0.0531756537	0.0586680226	0.0299313561	0.0252581007	0.0442028408	0.1600742791	-0.0301539237	0.0628165617	0.0694467562	-0.0033068564	0.0149921275	0.0872111729	-0.0095340334	0.2047480798	-0.0610561206	0.0093146372	0.0828278713	0.1367471626	0.060339131	0.1091262301	0.0315394384	0.0666999905	0.0776444625	0.0230173576	0.0324360386	-0.0768291319	0.0692504272	0.0072004721	-0.0778719964	0.0634172119	-0.011132396	0.1002135939	-0.100642022	-0.111207645	-0.0593486039	-0.1057776728	-0.0139337131	-0.1067437995	0.0702352308	-0.0052487456	0.1434737408	0.0165320135	0.0677723694	0.0044740612	0.0276114665	0.1568259934	-0.0395781582	-0.1343670634	0.000457742	0.0696054041	-0.0859139019	-0.1567703632	0.1248579064	0.1059222803	-0.101488091	0.0485725383	0.1167219612	0.0233400407	0.0014916143	0.1055376961	-0.0483733019	-0.0038773261	-0.1944272503	0.0617589783	-0.2036568055	-0.0340318761	-0.0048956362	0.0108809806	0.0500067012	-0.0143089558	-0.018003666	-0.208757845	0.1722134268	0.0526774446	0.0207317412	-0.0449449266	0.0320225033	-0.022314748	-0.2052754061	0.0109552331	-0.0403426246	0.1797857435	-0.0107127453	-0.2116650023	-0.0834991166	0.0333134626	0.0292748789	-0.0809641079	0.0361237	-0.0174867	0.00130492170169	0.00030578467689	-0.03574	-0.03742511	0.0012773476	0.001400638858512	-0.186586	-0.0104799999999999	0.0001098303999999	0.034814335396	0.00399059	0.004398905	1.5924808548099996e-05	1.9350365199025e-05	-0.000632383	0.000783307	6.13569856249e-07	3.99908258689e-07	0.000991332	0.0004867889999999	9.827391342239998e-07	2.3696353052099998e-07	0.0	1.0	0.0	0.0	0.0	0.0	0.0
57176.0033338583	-322.0993650216551	103748.00094735342	3269095357.2333755	119366.31067106624	-1311.0068738782577	1718739.0233560412	14248316123.221502	55729.0304169324	-377.4569216358359	3105724831.2113767	142473.72769080155	75135.7224158155	55948.308104920856	1.835201	33.210243	0.29572295	0.14881	-0.0665407708	-0.0757524361	0.0179829811	-0.1156961439	0.0315602082	0.0124732648	-0.0383102342	-0.2016726235	0.1766816284	0.1517702121	-0.0422687978	0.0174328871	-0.0835982447	0.0671503112	-0.0367541238	-0.0512541505	0.1166222301	0.0232689356	-0.0595892129	0.0494800732	0.1198333513	-0.0404169578	-0.0370587732	0.017961094	-0.117559277	-0.0035057639	0.034531494	-0.0612267967	-0.0179157632	-0.0133078176	0.0160135555	-0.1174224917	-0.0407293482	0.0538650939	0.1355138982	0.0212343403	0.0283765537	0.0004284968	0.0127221739	-0.1000769245	-0.0089908592	0.0486802764	0.0404552745	-0.0232642835	-0.0820082803	-0.218251322	-0.0613353203	0.030901898	0.00426303	-0.1730782228	-0.0052479543	-0.1336314427	0.0476450465	-0.0274250358	0.0977303841	-0.0052224675	0.0143165536	-0.1775209496	0.1079081824	-0.0101465681	-0.0220197164	0.0062259273	-0.0895625462	-0.1202204802	0.13073122	0.0023663645	-0.0397719957	-0.0305424467	0.0995844356	0.0294609278	-0.0209528455	0.021788727	0.2237438201	-0.2083662048	-0.0687997563	-0.0437053665	0.0286478558	-0.051463641	-0.0142682355	0.0085523868	0.0751913948	-0.054420078	-0.0325586593	0.0983181519	0.0263803725	-0.0252399836	-0.0287059334	-0.0762361223	-0.148957802	-0.001886159	0.0125539232	-0.0844734105	0.0365036785	0.0243631711	-0.0766222668	0.0450368	0.0089131	0.00202831335424	7.944335161e-05	0.0730843	0.1088243	0.00534131490649	0.01184272827049	-0.241974	-0.0553879999999999	0.0030678305439999	0.0585514166759999	0.00185762	-0.0021329699999999	3.4507520644e-06	4.549561020899999e-06	-0.00045828	0.000174103	3.031185460900002e-08	2.100205584e-07	0.00113621	0.0001448779999999	1.2909731640999995e-06	2.0989634883999997e-08	0.0	0.0	1.0	0.0	0.0	0.0	0.0
57176.84818851281	0.8448546545114368	0.7137793872496393	3269191968.772241	119694.00370429196	327.69303322571795	107382.7240246715	14326654522.763058	55752.57152622768	23.541109295278147	3108349231.787133	554.1838268522312	75137.60597648838	56269.387211523965	1.209628	21.889727	0.0289382	0.0184345	-0.0207378295	-0.0181094131	-0.1323703978	0.0488613873	0.110311347	0.0688861772	0.0181564888	-0.0960286288	0.0377121309	0.0953191617	-0.0023796801	-0.0353131676	-0.0927307464	0.1451769	0.0701759385	-0.0277886666	0.1125339332	-0.1209790558	-0.1120853067	0.0947701115	0.0366095229	0.0476528863	0.0329015866	0.0204824093	-0.0399121405	-0.0449324118	0.0116710147	0.074989349	0.1153726649	-0.0869761461	0.0123320596	-0.0523486596	0.1313416919	0.074781941	0.1343663728	0.0488421578	-0.0424133689	-0.0397535151	0.0584472866	-0.0104921571	-0.01800725	-0.046899759	-0.1055752254	0.0105071445	0.1275212019	0.0283179265	-0.1102643519	0.0704088331	-0.0057152888	-0.0337795099	0.0930173454	0.000217166	0.0519762356	-0.0170135806	0.1598423667	-0.0590100646	-0.102520902	-0.1264584809	-0.0370163142	-0.0491602827	-0.0911338938	0.0358470741	-0.1350816202	0.0474078521	0.0681290592	0.0455589141	-0.1024613137	-0.0296585354	-0.0064728522	0.0935049939	0.1122156191	-0.112659324	0.0574760904	0.0493383228	-0.0409559183	-0.0659701399	0.0656073386	-0.0981149478	-0.0416397098	-0.0108174957	0.0558991097	0.1728725184	-0.0711399257	0.0834954233	0.0696954291	-0.0844346948	-0.0144334396	0.030653579	-0.0311622205	-0.0462358405	0.0081432478	-0.0854246103	0.0396539781	0.0193915285	-0.071945376	0.0421092	-0.0029276	0.00177318472464	8.570841760000014e-06	0.0698432	-0.0032411	0.0048780725862399	1.050472921000007e-05	-0.22711	0.0148639999999999	0.0002209384959999	0.0515789521	0.00171426	-0.0001433599999999	2.9386873476e-06	2.0552089599999983e-08	-0.00045828	0.0	0.0	2.100205584e-07	0.00112146	-1.4750000000000006e-05	1.2576725315999998e-06	2.1756250000000015e-10	0.0	0.0	0.0	0.0	0.0	0.0	0.0
57029.25180756993	-147.59638094287948	21784.6916674356	3252335561.7312183	119801.85288877744	107.84918448548706	11631.446594184625	14352483955.584272	55691.959895169006	-60.61163105867308	3101594396.965113	3673.769819592704	74985.62864218898	55942.14688313072	1.123044	20.322874	0.0471649	0.0243186	-0.0600453515	0.0693155998	-0.0324443206	0.0737479994	-0.0262321099	0.029843212	-0.0064366407	-0.1505399521	-0.0247897946	0.0710704459	0.0646751382	-0.1334999161	-0.1373959185	0.0243705041	0.127041543	0.0697888739	0.0933178591	-0.1743146752	0.0171312548	0.1227792822	0.0316495964	0.0567387192	0.043020138	0.120854258	0.1317103283	-0.1198789267	0.0058996308	-0.2407740421	0.0103472156	0.0380855176	0.0314280661	-0.0299382631	-0.0618648436	-0.0211784197	-0.0144329095	-0.0873595658	-0.0457835672	-0.0451208176	-0.0670581641	-0.0473659425	-0.0751364652	-0.0013997137	0.0155645696	-0.001072092	-0.1564170254	0.0107954938	-0.0631475377	0.0017588023	-0.0538612797	0.0056384048	0.1037595142	-0.0697727326	0.0510733089	-0.0466813017	-0.0386684106	-0.0688225412	0.1051918263	-0.0481132076	-0.0151422463	0.0811088595	-0.1584988826	0.074098938	-0.1539234308	0.0013642419	0.0065754421	0.0355111761	0.1179868378	0.0081650187	-0.0176780777	0.1018622113	0.0687297912	-0.1792630691	-0.0837751136	-0.0280566399	-0.0511280986	-0.0586110402	0.0329720276	-0.0158152532	0.0547453252	0.0733087726	-0.0607976778	0.0181199566	0.1386504307	0.0892624462	-0.0575298187	-0.018987078	0.0316382954	-0.0558946391	-0.0104219743	-0.0538072175	-0.1041845011	-0.0863524559	0.0427609166	0.0143721814	-0.0669538864	0.0343095	-0.0077997	0.00117714179025	6.083532008999999e-05	0.0698964	5.3200000000003245e-05	0.0048855067329599	2.830240000000345e-09	-0.21094	0.01617	0.0002614689	0.0444956835999999	0.00156178	-0.0001524799999999	2.4391567684e-06	2.325015039999999e-08	-0.000552157	-9.387699999999996e-05	8.812891128999994e-09	3.04877352649e-07	0.000904977	-0.0002164829999999	8.18983370529e-07	4.686488928899998e-08	0.0	0.0	0.0	0.0	0.0	0.0	0.0
56985.117112781634	-44.134694788299385	1947.8712840563408	3247303572.357438	119340.74534718871	-461.1075415887317	212620.16491000392	14242213500.022545	55731.31235052615	39.35245535714057	3105979176.311908	1548.6157426357415	74918.92423857773	55651.21748699962	1.1123	20.128454	0.0319717499999999	0.0182583	-0.0852635473	0.0282023347	0.0602411524	-0.0774846952	-0.0618448255	0.0341335983	0.1180432534	-0.0215479548	0.0288779171	-0.0459425632	-0.0126851719	-0.0638069679	-0.0880383862	0.0067937077	-0.0007742838	0.051679286	0.0465977233	0.0806416784	-0.034172398	0.1168445455	-0.0033634371	0.0597741152	-0.0135473271	0.0525316355	0.1274936897	-0.1217983245	0.1288707427	-0.0449242239	0.2155511507	-0.1391301182	-0.1712075872	-0.1033246704	-0.0624424384	0.0220537643	-0.0073807979	0.0376424259	-0.0032312958	-0.0501231782	-0.0706648911	0.0158035502	0.1111037373	-0.0596396335	0.1593039708	-0.0887772597	0.0933333885	-0.0768807019	0.0967784022	0.040970904	0.0482412185	0.0137879471	-0.0265790227	0.0090114851	0.0281699681	0.1062830562	0.1115840803	-0.1152447462	0.0675524962	-0.0439261683	0.1073524795	0.0515585043	-0.0539170338	-0.0318667477	0.0367127158	0.0973408597	0.015607556	0.0789013056	-0.04776182	0.0338283138	0.0620737306	0.0483553259	0.1268693989	0.006072864	-0.0880170355	0.0653003242	-0.1185949754	-0.0104831958	-0.0449580008	0.0341386195	-0.0522136136	0.0192209546	0.0270850399	0.1209878996	0.0793401919	0.0898898336	0.0458462927	-0.1799234259	0.0366098542	0.0089025781	0.0081062762	-0.0899250424	-0.0417655108	-0.0872566935	0.0458210968	0.009317478	-0.0616696245	0.0335438	-0.0007657	0.00112518651844	5.862964900000017e-07	0.0699573	6.090000000000262e-05	0.00489402382329	3.708810000000319e-09	-0.204655	0.0062849999999999	3.950122499999981e-05	0.041883669025	0.00129895	-0.0002628299999999	1.6872711025000005e-06	6.907960889999997e-08	-0.00045828	9.387699999999996e-05	8.812891128999994e-09	2.100205584e-07	0.000764481	-0.0001404959999999	5.84431199361e-07	1.9739126015999985e-08	0.0	0.0	0.0	0.0	0.0	0.0	0.0
56814.514240771176	-170.60287201045867	29105.33993821694	3227889028.4147906	119241.2865211752	-99.45882601350604	9892.058071984866	14218484411.225	55726.04417450574	-5.268176020406827	3105391999.338965	27.75367858198951	75044.26258922483	54882.94198696061	1.262143	22.840042	0.04659795	0.0208526	-0.1311505908	-0.0695534638	-0.0651699169	-0.0332793796	0.0918903591	0.1056335569	0.0874116021	-0.1123243941	-0.0570569737	0.0794557396	0.0516943183	-0.086794527	-0.0626286134	0.1789455446	-0.1230351756	-0.0487782216	0.0833150783	-0.037310596	-0.0287843779	0.0235299589	-0.113640504	0.0451629152	-0.0409264451	0.0677928786	-0.0071243098	-0.0083641973	0.0079808023	-0.0390442045	0.0847937983	0.0474694581	0.11195983	0.0289513913	-0.0404330695	-0.0363816848	-0.1567591447	0.1047649849	-0.0133632463	-0.0241333356	-0.0497669171	0.0396567555	-0.0479789384	0.0548221712	-0.018972311	0.0278971686	0.0674470448	0.0691070344	-0.1107130611	0.1503228485	0.0871514148	0.0177829843	-0.0640433749	-0.1227773154	0.0791541512	0.0324188724	0.0224046367	0.0254045737	0.0139646187	-0.1422849725	0.0169785199	-0.0549344706	-0.1046659846	-0.0969308116	-0.1112506312	-0.0414375802	0.0314650181	-0.0287030355	-0.0038910495	0.0120904148	0.0816279839	0.0721406778	0.0053711285	0.0269688039	-0.1556366732	-0.0184154632	0.0231542038	0.0253252248	-0.1675083724	-0.0509483524	0.0193571384	-0.0225352415	0.050324537	0.022071756	0.0053429438	-0.0419984678	-0.050073834	-0.0348671547	0.0505440792	0.1013352826	-0.0769660444	-0.0509368774	0.1576960482	-0.088137076	0.0488311722	0.0042398529	-0.056115697	0.0302979	-0.0032458999999999	0.0009179627444099	1.0535866809999996e-05	0.0615251	-0.0084322	0.0037853379300099	7.110199684000001e-05	-0.194935	0.00972	9.447840000000012e-05	0.037999654225	0.00119583	-0.00010312	1.4300093889e-06	1.0633734400000034e-08	-0.0006929	-0.00023462	5.50465444e-08	4.801104099999999e-07	0.000930738	0.0001662569999999	8.662732246439999e-07	2.7641390048999984e-08	0.0	0.0	0.0	0.0	0.0	0.0	0.0
56788.75297825608	-25.76126251509413	663.642646371594	3224962464.825389	119773.76073558912	532.4742144139163	283528.78901571734	14345753760.746153	55814.68628627232	88.64211176658137	3115279205.2349954	7857.423978439103	75222.03712049336	54462.01567474858	1.155246	20.905615	0.0304764999999999	0.0150729	-0.1435156001	0.0600740741	-0.1324814807	0.0691850355	0.0889250858	0.0633700754	0.039661138	-0.136479236	0.0124070205	-0.0161914912	0.1262442251	-0.0850851621	-0.0205448405	0.1543578293	-0.1517284391	-0.0036693822	0.0665188358	-0.1074479546	1.2284e-05	0.1592411925	0.0090643442	0.0986566284	0.0516348577	-0.0254010225	0.0031912875	0.1759794594	-0.0231868166	0.0076036539	0.0885644066	-0.0732299174	-0.0318986053	0.0472370418	0.0840185169	-0.0407096599	0.0142571189	-0.0239215255	0.1451228784	0.0725623674	0.0242251422	0.065592407	-0.0190451618	0.0087283173	0.1006279217	-0.0203903117	0.0099899216	0.0693170015	-0.017284486	-0.0295928627	-0.1345627458	-0.0306183597	-0.0105096923	-0.051011962	-0.0705066	0.0251241312	-0.0462097941	0.0144566128	0.1223991251	-0.113687232	-0.0874277785	0.0084285864	-0.1164592846	-0.0692707335	-0.0636507517	-0.0539708634	0.0322919939	-0.0442495091	-0.0147242738	0.1469332855	-0.0150964421	0.1122676366	0.1035263722	0.0069493509	0.0353555864	0.0567684745	-0.0529139196	0.0769765781	-0.0799986272	-0.080192268	-0.1698128266	0.038079161	-0.0770989921	0.005270239	-0.1540875322	-0.1026263123	0.0563299959	0.0139315436	-0.0342563412	0.0227371081	-0.0110239952	0.1010317143	-0.003477768	-0.0889933628	0.0517878515	-0.0008482025	-0.0503163898	0.0217728	-0.0085251	0.0004740548198399	7.267733001000001e-05	0.0615574	3.2299999999999e-05	0.0037893134947599	1.043289999999935e-09	-0.185124	0.0098109999999999	9.625572099999971e-05	0.034270895376	0.00131113	0.0001153	1.7190618769e-06	1.3294090000000009e-08	-0.000597138	9.5762e-05	9.170360644e-09	3.56573791044e-07	0.000899638	-3.109999999999994e-05	8.093485310440001e-07	9.672099999999963e-10	0.0	0.0	0.0	0.0	0.0	0.0	0.0
56833.9359856329	45.18300737682148	2041.504155613904	3230096279.6190186	119974.28041106118	200.5196754720528	40208.14025141736	14393827960.151936	55750.48848453444	-64.19780173787876	3108116966.2642074	4121.35774797599	75119.49011624244	54145.36419135321	1.06898	19.344515	0.0348428	0.0167884	-0.1665412731	0.1219922881	-0.0520554826	0.0401242161	-0.0874478696	-0.0247938019	-0.0391955062	-0.1551803336	0.0357269944	0.1048825817	0.0391826515	0.0263138758	-0.0527961992	0.0734859541	-0.0697661708	0.1610544749	0.0874597619	-0.1061832765	0.074017553	-0.0593882927	0.1217720631	-0.0395279882	0.0707461259	-0.115746609	-0.0039593607	-0.0421251649	0.0973836627	-0.0050251897	0.1372274813	-0.0488792028	-0.0008403548	0.1561139666	0.0128446894	0.0612242946	0.0192213288	0.0177323157	0.0321116114	-0.0111402141	0.0045504836	-0.0853896107	-0.0695196509	0.1061496514	-0.0540210507	-0.0193002075	-0.0944386059	0.0133861833	-0.0456293886	0.0215863784	-0.0524514428	0.0711392137	0.119298398	-0.0225067332	-0.0690606995	-0.0019093326	-0.1080606194	0.0559284261	-0.0710160715	-0.0490090297	-0.0106428821	0.1065278007	-0.1255898883	0.0050698061	-0.0592110759	-0.103201303	0.0261152047	-0.052601636	-0.0192183464	0.0441318134	0.0455371331	0.1114031042	-0.036951287	-0.1066668929	0.1013192682	0.0425918438	0.1209326226	0.0178002989	-0.0416367382	0.1305018624	-0.0126007711	0.2499486868	0.0581637883	0.0661538254	-0.0640637087	-0.1037042081	-0.0015060843	-0.1075597907	-0.0111605475	0.1248008184	0.1036938948	0.0583058463	0.0228421055	-0.0898253196	0.0546879015	-0.0059341712	-0.0442970619	0.0139056	-0.0078671999999999	0.00019336571136	6.189283583999997e-05	0.051122	-0.0104353999999999	0.002613458884	0.0001088975731599	-0.176678	0.008446	7.133491600000015e-05	0.031215115684	0.00128926	-2.187000000000001e-05	1.6621913476e-06	4.782969000000001e-10	-0.00059753	-3.919999999999922e-07	1.536639999999939e-13	3.570421009e-07	0.00103926	0.0001396219999999	1.0800613476e-06	1.9494302883999986e-08	0.0	0.0	0.0	0.0	0.0	0.0	0.0
56974.43296419849	140.49697856558487	19739.400986058416	3246086011.591947	119603.01962739804	-371.260783663136	137834.56948616583	14304882303.99176	55649.59021045918	-100.89827407526172	3096876890.5920343	10180.461711366632	74797.19369663188	54443.62803549912	1.151935	20.845688	0.06720275	0.0338553	-0.1534241585	0.1015883807	0.0971113834	-0.0658825489	-0.1183854566	0.0422760318	-0.0312212239	-0.010141501	0.0478522354	-0.1260080158	0.0006859276	-0.1002843048	-0.1268110196	-0.0117119715	-0.1180319365	0.0705421943	0.0020288169	0.0558665135	-0.0183707093	-0.0670947859	-0.0369107848	-0.0120170477	0.1237464696	0.0152691251	-0.0630333592	-0.0509667481	0.0379106251	-0.0275665575	-0.0698756289	-0.0646729933	-0.0819910803	-0.0395129798	-0.0142674325	0.0211798248	-0.0116103992	-0.0618081936	0.068638812	0.0025731301	-0.0165364111	-0.1060340983	-0.0066452788	-0.0376377075	0.1177037758	0.0648508755	-0.1145239356	-0.0727686689	-0.0890368799	-0.035787128	0.038207651	-0.1609916523	0.1329001924	0.0255482991	0.0786577213	0.0582467278	0.0526037104	0.0398587866	-0.1054731808	0.0259160561	0.1179022659	0.0355946211	-0.1091290057	-0.0133121212	0.0987347801	-0.0702383019	0.0192911965	0.0067212533	0.003767519	0.0303599875	-0.0501123123	0.1565649595	0.0712575478	0.0446949232	0.0016666327	0.0009114363	0.0074042496	-0.0636457785	0.0070237581	-0.0060855519	0.0373817598	0.1041237234	0.0260577028	-0.0043762658	-0.0150518712	0.0375237672	-0.0091145389	0.1153486455	0.037423584	-0.157419749	0.031616794	-0.0541946742	-0.077099949	-0.0906327191	0.0575281511	-0.0110055415	-0.0380840342	0.0226958	0.0087901999999999	0.0005150993376399	7.726761603999997e-05	0.0621058	0.0109838	0.00385713039364	0.00012064386244	-0.165923	0.010755	0.000115670025	0.0275304419289999	0.000761394	-0.000527866	5.79720823236e-07	2.78642513956e-07	-0.000620859	-2.3328999999999996e-05	5.442422409999997e-10	3.85465897881e-07	0.00085698	-0.0001822799999999	7.344147204e-07	3.322599839999998e-08	0.0	0.0	0.0	0.0	0.0	0.0	0.0
57104.90901773846	130.47605353996914	17024.000547364896	3260970633.9241867	119401.5100295608	-201.50959783724105	40606.11802052661	14256720597.339308	55596.55271245217	-53.03749800701189	3090976673.5084724	2812.9761948437904	74639.25374040115	55385.47495253338	1.33216	24.107084	0.06682675	0.0360348	-0.1205504813	-0.0816613723	0.034333639	-0.1131642249	0.0108374718	0.0885389885	-0.1336328016	-0.0133035479	-0.0212655703	0.0640633326	0.0964839177	0.0311542265	-0.1738430513	0.0356387648	-0.0674813061	-0.0989538551	0.0773114412	-0.0302304433	0.0815531163	0.0015342946	0.0414913512	-0.0882343441	0.0874656223	-0.0469878058	-0.1287440768	-0.0604569116	0.0085406475	0.0040003106	-0.0576558589	-0.0474267985	0.0196194736	0.0661269912	-0.131125794	0.0878070011	-0.1416214866	-0.0425251416	0.080976562	-0.1420875347	-0.0663485006	0.046305534	0.0135022333	0.0207519677	-0.0820690493	0.0245784038	0.0869622833	-0.0496396603	-0.0468837991	-0.0514567637	-0.0329907477	-0.075096636	-0.038373205	-0.0525980124	-0.1117793024	0.0072972079	-0.0382499507	-0.0447052535	0.0887588873	0.0228974809	0.1275547569	-0.1114093466	-0.090492313	0.0158691591	-0.0987762607	-0.0590146706	0.0133017783	-0.0259837072	0.075388226	0.0469581821	-0.1150160142	0.055511344	-0.1755003068	-0.0413141879	0.097177202	0.0273870604	0.0110067289	-0.0451470757	-0.0502103473	0.0097372667	0.0647973578	0.1525932494	0.0253975527	-0.116733696	-0.1143080121	0.0242703078	0.0692926166	0.1440257112	0.1564167036	-0.0541186068	0.0438912651	-0.0387241053	-0.0341650847	-0.0914153405	0.0603054945	-0.0160498375	-0.0317044747	0.0226457	-5.009999999999737e-05	0.00051282772849	2.510009999999736e-09	0.0351494	-0.0269564	0.0012354803203599	0.00072664750096	-0.185178	-0.019255	0.000370755025	0.034290891684	0.000805578	4.4184000000000064e-05	6.489559140840001e-07	1.9522258560000054e-09	-0.000862315	-0.000241456	5.830099993600002e-08	7.43587159225e-07	0.000982645	0.000125665	9.65591196025e-07	1.5791692225000017e-08	0.0	0.0	0.0	0.0	0.0	0.0	0.0
57388.28373255397	283.3747148155162	80301.22899677514	3293415109.768119	120294.09238884533	892.5823592845263	796703.2681059312	14470668663.656055	55807.911700813136	211.3589883609675	3114523008.4057555	44672.62196097159	74793.00886781754	56695.33044224025	1.339476	24.239477	0.0514065999999999	0.0307739	-0.0210810694	0.052521743	-0.0185627871	0.0644095124	-0.0248213032	0.0105934029	-0.1782560898	-0.0178636559	-0.1221132401	-0.0976801077	0.0818610768	0.0126905334	-0.0761101321	-0.0393545072	0.1317224566	-0.0790297545	-0.0738563805	-0.1035011809	0.1366481548	-0.0574496848	-0.0863445752	0.0818888186	0.0302555725	-0.0189648976	-0.0955134093	-0.1353713504	0.056171369	0.012423377	-0.0075058705	0.0274520279	0.0318913636	0.0277990016	-0.0200661873	-0.0754122768	-0.1302286992	-0.0203864219	-0.001531244	0.0222322482	-0.0526947062	-0.0677574299	0.0091979562	-0.0497968088	-0.076567788	-0.0822420202	0.0448834502	-0.05699152	-0.0638467079	-0.0641197421	-0.0732964734	0.0118164703	-0.0246875466	-0.0440665072	-0.0424680263	-0.1129050071	-0.0612890596	-0.0124263261	0.0002300066	0.1139171675	-0.012126818	-0.0605432196	-0.0706899179	0.1989289495	-0.0591491479	0.033310552	-0.02894664	-0.0834467114	0.1064781882	0.0133793754	-0.0884262256	0.0538737184	0.0100426762	-0.0058524855	-0.0419151953	0.0295004431	0.0971195782	-0.0592680585	-0.0676901619	0.018232049	0.0536948754	0.0219724125	0.0136851353	-0.0234818818	-0.0136303801	0.0492215636	0.0590528072	-0.0624927975	0.0699011577	-0.1344056009	-0.0812010168	0.0517419186	0.0287623584	-0.0921729699	0.0630168947	-0.0210546499	-0.0251862796	0.0226418	-3.900000000001125e-06	0.00051265110724	1.5210000000008774e-11	0.0451325	0.0099831	0.00203694255625	9.966228561000004e-05	-0.20307	-0.0178919999999999	0.0003201236639999	0.0412374249	0.00115822	0.0003526419999999	1.3414735684e-06	1.2435638016399993e-07	-0.0008622859999999	2.900000009998637e-08	8.410000057992095e-16	7.435371457958276e-07	0.0008647639999999	-0.0001178810000001	7.47816775695827e-07	1.3895930161023597e-08	0.0	0.0	0.0	0.0	0.0	0.0	0.0
57530.31633049991	142.0325979459376	20173.25887927236	3309737297.0873847	119430.6159300344	-863.4764588109247	745591.5949206544	14263672021.427387	55912.56608936544	104.65438855230605	3126215046.6976585	10952.541043257046	74610.55974218379	56870.42326949443	1.274152	23.057352	0.0812674	0.0391977	0.0296616905	0.0306578349	0.1454355779	-0.1107436928	-0.0871788492	0.0009959085	-0.0946167803	0.1527489146	-0.0516954364	-0.0719080185	0.0421641183	-0.0563460585	-0.0010881653	-0.0923749773	0.0155905207	-0.0963636653	0.0704032251	0.0290526111	0.0659513585	-0.0543710081	-0.1388852122	0.120888294	0.1417172945	0.0296630435	0.1359190674	-0.0516738255	0.1325738287	0.0222942205	-0.1628121386	-0.0777222381	0.027821359	0.0939701601	0.1577120891	-0.0860849725	0.0148288721	-0.0509912985	0.0932708491	0.0440653165	-0.0147374797	-0.0825055199	-0.1143342942	0.2178583239	-0.0574323308	0.0325724254	0.0619126929	-0.037451948	0.0353956448	0.0632006873	0.0043317186	0.0053567749	-0.0374977872	0.0403238076	-0.1243527796	0.0389274293	0.0971566649	0.1639123133	0.012661425	0.1740658721	0.1126381564	-0.0452676429	0.0558838869	0.0266756532	0.0370952777	-0.0172835363	-0.023358589	0.0085514101	-0.0277581291	0.0450499958	-0.0197608896	0.214162333	-0.022234517	-0.0748008085	-0.0867959926	0.0586461312	0.0852581652	-0.0004478612	-0.1926714432	-0.0734716017	0.0469613784	0.0143790607	-0.2536453594	-0.1007877753	-0.0298223164	0.0460354599	-0.0635645285	-0.1696666118	-0.1562440369	-0.0442364211	0.0949955367	0.0325370561	-0.0076221206	-0.0929054001	0.0656593869	-0.0260076665	-0.0185579513	0.0173604	-0.0052813999999999	0.00030138348816	2.7893185959999985e-05	0.057433	0.0123004999999999	0.003298549489	0.0001513023002499	-0.191987	0.011083	0.000122832889	0.0368590081689999	0.000718058	-0.0004401619999999	5.156072913640001e-07	1.93742586244e-07	-0.000362552	0.0004997339999999	2.497340707559001e-07	1.3144395270399998e-07	0.000976918	0.0001121540000001	9.54368778724e-07	1.2578519716022434e-08	0.0	0.0	0.0	0.0	0.0	0.0	0.0
57580.28926328174	49.972932781827694	2497.294010817069	3315489711.643198	119606.16032262382	175.54439258942148	30815.83376958893	14305633587.121193	55958.77847377232	46.21238440687739	3131384888.2767243	2135.5844725690044	74816.55101102941	58129.99302226808	1.298071	23.490194	0.05769605	0.0327192	0.0794234319	-0.1087021718	0.0576878912	-0.1064186816	0.0546752076	-0.0225093413	-0.1003850727	0.1010032147	-0.1299364706	0.0605627653	0.0058013798	0.0188601636	0.0508324851	-0.034995355	0.0222581077	-0.1365905601	0.0367102515	0.0771614034	-0.0185421694	-0.0630049358	-0.1695556695	-0.053099493	-0.0328564921	-0.0881464643	0.0667171534	-0.0051723873	-0.1034623127	0.0057327093	-0.0020408598	0.0531996628	-0.0047030743	-0.0276530265	0.0962750028	-0.0602486958	-0.070238919	-0.0036441232	0.0420732902	-0.0340122738	0.0765251356	-0.028191964	-0.0806322742	-0.0108827094	0.0260025187	0.0854264988	-0.1086138945	-0.1111280192	-0.0694641672	-0.0399992081	-0.0281700199	-0.0470370948	0.1999148343	0.0035800786	0.054983241	0.0175594457	-0.0031209439	-0.0460637074	0.0702740361	0.0743323978	0.0539688268	-0.1388503904	0.1190152959	-0.0016527515	-0.0661007857	-0.0433987311	-0.0574249123	-0.0318319377	0.0484697959	-0.0819375008	-0.124588402	0.0163328566	-0.1033287725	0.0329709509	-0.0684899746	-0.047951112	0.0566478618	0.0213058305	-0.031857728	-0.0661384305	-0.0207551052	0.0331140627	-0.0906005356	-0.0369489334	0.041135436	-0.0868907585	0.1226055329	-0.1289377399	-0.0325997737	0.0055200672	0.0296771743	-0.0024866469	0.0093192947	-0.0936124309	0.0682300815	-0.0308967027	-0.0118484738	0.02273	0.0053695999999999	0.0005166529	2.8832604159999987e-05	0.064365	0.006932	0.004142853225	4.805262400000011e-05	-0.210519	-0.018532	0.000343435024	0.044318249361	0.00112761	0.000409552	1.2715043121e-06	1.67732840704e-07	-0.00045828	-9.5728e-05	9.163849984e-09	2.100205584e-07	0.000944949	-3.1968999999999964e-05	8.929286126010001e-07	1.0220169609999975e-09	0.0	0.0	0.0	0.0	0.0	0.0	0.0
57511.88366443455	-68.40559884718823	4679.325953642439	3307616762.631453	120033.99805818654	427.83773556271626	183045.12797143272	14408160689.83273	55867.99002710459	-90.78844666772784	3121232309.6686583	8242.542048338863	74987.97286193963	58185.88710731493	1.081998	19.580093	0.0151861499999999	0.0102795	0.0805499818	-0.0759616539	-0.0495082933	0.0020145871	0.130764128	-0.0440713659	-0.0093786321	0.1075846315	-0.1100920584	-0.0223842325	-0.1149779531	0.0389294621	0.009229408	0.0778015689	-0.0380573447	0.0420057589	-0.0213832399	0.0764847303	-0.0004328113	0.0493963013	-0.098057233	0.0164886811	0.0379748042	-0.0818663191	0.0149952157	0.0236269647	0.036989374	-0.0664751925	-0.1041078335	-0.1491862623	-0.0438309549	0.0204327892	0.1025341201	0.0207851295	-0.1551226148	0.0784955516	-0.1310695753	-0.0470342522	-0.0969804375	-0.0740603444	0.0778455445	-0.0396837141	0.0037097643	-0.0715214706	0.0323128355	-0.039865204	0.0671332373	-0.0443621187	-0.0882879436	-0.0571061801	-0.0757827455	-0.0630609532	-0.0027286809	-0.0758835315	-0.0262423019	-0.0969063236	0.0351799223	0.007913559	-0.0290774004	-0.0985838562	0.0409540108	0.0252309571	0.0395544443	0.0407392766	-0.1449709761	-0.0013976153	-0.1506942338	0.0163878898	-0.1046073953	0.1288616921	-0.0540633997	0.004128611	-0.1022058965	0.132332157	-0.0219143547	-0.0313663223	0.0288410824	0.055459077	-0.0011684937	0.0185444161	-0.0375850778	-0.0558709838	-0.0991479357	0.0214074862	-0.0232060076	-0.0261417008	0.0070644991	0.1419686094	-0.0702381484	-0.1633007393	-0.0061859532	-0.094293869	0.0707261675	-0.0357097311	-0.0050871859	0.0227386	8.600000000000968e-06	0.00051704392996	7.396000000001664e-11	0.0643655	5.000000000005e-07	0.00414291759025	2.500000000005001e-13	-0.216284	-0.0057649999999999	3.323522499999991e-05	0.046778768656	0.00115595	2.833999999999996e-05	1.3362204025e-06	8.031555999999978e-10	-0.00045828	0.0	0.0	2.100205584e-07	0.00110485	0.000159901	1.2206935225000002e-06	2.5568329801000022e-08	0.0	0.0	0.0	0.0	0.0	0.0	0.0
57403.830450660185	-108.05321377436483	11675.49700696859	3295199750.4081416	119990.71065824648	-43.28739994006173	1873.7989935708565	14397770644.271025	55798.41862444196	-69.57140266263013	3113463520.9884715	4840.180068445819	75131.7329147889	57520.34200614231	1.186937	21.479092	0.0783567	0.0439898	0.0686072826	0.0386026934	-0.0783946329	0.0506609171	0.1085359982	-0.0448493399	-0.0287921621	-0.0492161117	-0.0114058326	-0.0091970814	0.1103049812	0.0022469632	-0.0193733728	0.1050373694	-0.0517161515	-0.0514531569	0.0819925764	0.0441855911	-0.0528134534	0.0247508038	-0.0786160082	0.1813618289	-0.0855239368	-0.0505089097	-0.005696599	0.0471528201	-0.1506948346	0.0671975882	0.0274586435	-0.1154524682	-0.0983133484	-0.0519287253	-0.1944416527	-0.1084675414	0.0806554221	-0.0202028546	0.0300952965	-0.0184332551	0.0017740923	-0.0833721103	-0.018799822	0.0646544579	0.095817417	0.085812502	-0.0147519988	0.0193018805	0.0746799453	0.025751535	0.0027455002	0.0515396216	-0.0301723202	0.0243743723	-0.0433005616	-0.0770748248	-0.067763613	0.0124968494	-0.0204738067	-0.0795385791	-0.0377825981	-0.0175273429	0.0031601575	0.0420490757	-0.1199914391	-0.0024667724	0.0112313296	-0.0574279037	0.0100756083	0.0918391433	-0.1035990563	0.1022787471	0.0260794235	0.1905723165	0.0350635496	-0.0906920871	-0.0402711635	0.0379556027	-0.0912897799	-0.0072993554	-0.1558087746	-0.102213031	0.1053647628	0.0797511331	0.0065457488	-0.0890214853	-0.0363544434	-0.001146767	-0.2163131945	-0.0922532064	-0.0496765922	-0.0590459794	0.0065879742	-0.0949495281	0.0731449155	-0.0404349114	0.0016963469	0.0226899	-4.870000000000221e-05	0.0005148315620099	2.3716900000002156e-09	0.0765692	0.0122036999999999	0.00586284238864	0.0001489302936899	-0.237216	-0.020932	0.000438148624	0.056271430656	0.00173793	0.00058198	3.0204006849e-06	3.387007204e-07	-0.000619845	-0.000161565	2.6103249225000024e-08	3.842078240250001e-07	0.000944949	-0.000159901	8.929286126010001e-07	2.5568329801000022e-08	0.0	0.0	0.0	0.0	0.0	0.0	0.0
57419.7813759354	15.950925275217742	254.4320171355802	3297031293.260218	120109.8200994661	119.1094412196253	14187.058987651371	14426368884.32611	55786.95380460778	-11.46481983418198	3112184214.7974424	131.44209383025253	74922.8630607359	57067.11836239936	1.188121	21.500517	0.0524661999999999	0.0293584	0.0163750835	0.0295229844	0.0320239911	0.0101804926	-0.0809954243	-0.0518794411	-0.0169728911	0.0082376042	0.0270940302	0.0041756054	-0.0682175044	0.0566290335	-0.0878656663	-0.1402408037	0.0500418185	0.0982941617	0.0083849296	-0.0072703922	-0.05925266	-0.108008724	0.0868494505	-0.0393438767	0.0303124768	-0.0657365794	0.100409051	0.0513263833	0.0605312979	-0.034524273	0.0360297531	-0.0158253835	0.0547665037	-0.1057890093	-0.0197196283	0.0757486801	-0.007925792	0.0638716583	0.0118454326	-0.0322395314	-0.0571420481	0.0511385778	-0.0087962414	-0.046854925	-0.0877297114	0.0387644135	-0.0359679258	0.1338467864	-0.0073430388	-0.0392296142	0.0381713043	0.0356171228	0.0423664968	0.0790597449	0.0875693689	0.0681450189	0.0750395136	0.0502099727	0.2058949747	0.0613602978	0.0624767744	0.0575223494	-0.01344989	0.0860062744	0.0270259993	0.0642822523	-0.0614215725	0.1336107226	-0.0430931167	-0.0901654766	0.01077767	0.0240735416	-0.0234766225	0.0240499783	0.1119624415	-0.0331533537	-0.0449683534	0.0574919388	0.0580142433	0.0577180995	-0.0973246373	0.0791184091	0.0307777078	-0.0166103516	0.1159708731	-0.0254920425	-0.1252960738	-0.0923718607	0.0252287963	0.1134968801	0.0007960341	-0.0780367686	0.0304082669	-0.0955792289	0.0754836805	-0.0450606192	0.0084724621	0.0227102	2.0300000000000876e-05	0.00051575318404	4.1209000000003533e-10	0.0547923	-0.0217769	0.00300219613929	0.00047423337361	-0.245253	-0.0080369999999999	6.459336899999982e-05	0.060149034009	0.00210402	0.0003660899999999	4.426900160399999e-06	1.3402188809999994e-07	-0.000533295	8.655000000000002e-05	7.490902500000003e-09	2.844035570250001e-07	0.000944949	0.0	8.929286126010001e-07	0.0	0.0	0.0	0.0	0.0	0.0	0.0	0.0
57586.78517530912	167.00379937372054	27890.269005257906	3316237826.827203	119596.64413346104	-513.1759660050593	263349.5720852258	14303357287.985722	55675.20168606505	-111.7521185427322	3099728082.7840204	12488.535998788871	74806.82463939457	57760.30368146092	1.181317	21.377399	0.1165463499999999	0.0599121	0.0570018738	-0.0744493584	0.0930070627	-0.0833366062	-0.0241995757	-0.0265983074	-0.0738704893	-0.0181154222	-0.0091516333	0.0658898322	-0.0465939631	0.0600515967	-0.1289798023	-0.0068990001	0.0849973593	-0.0160708853	0.0209585136	0.0231997176	0.0210832225	-0.0422978925	-0.0797884497	0.0375550831	0.1545876558	-0.1463999312	-0.0360004941	0.0181854942	-0.1140272433	0.0975965637	0.0072422368	-0.004937623	-0.0721145436	0.0250092161	-0.002755546	0.1181462658	-0.0853304076	-0.0603927384	0.0444383123	-0.0348449563	0.0756850199	0.1187895133	0.0169186575	-0.0329571263	0.0117613278	0.0386660805	0.0438603922	0.0421900877	-0.0305261337	0.0798276645	0.1132316012	0.0763478957	0.0069239934	-0.0027448309	0.0311841592	-0.1016905786	0.0618186503	0.1097009867	0.1469864982	0.0141363466	0.1133468062	-0.052816338	-0.0063680488	0.1378589537	-0.0470310286	0.0866596468	-0.0964839521	0.0594409341	-0.0823080755	-0.0582407588	-0.0981009084	0.1072652905	0.0238149585	-0.0645841605	0.1164427028	-0.0109172335	-0.114056407	-0.0707131982	-0.0817006223	-0.0162643852	-0.0365172575	0.0423214523	0.117849256	-0.0058349922	0.0575597474	-0.0570239437	0.0859720832	0.0452192706	-0.0308458206	0.0521105851	0.0136065007	-0.0403025712	-0.0075819671	-0.0961827994	0.0777399053	-0.0495754752	0.0152115293	0.0353198	0.0126095999999999	0.0012474882720399	0.0001590020121599	0.0839938999999999	0.0292015999999998	0.0070549752372099	0.0008527334425599	-0.296927	-0.051674	0.0026702022759999	0.088165643329	0.00183291	-0.0002711099999999	3.3595590681000004e-06	7.350063209999988e-08	-0.000343182	0.000190113	3.614295276900002e-08	1.1777388512399998e-07	0.000944949	0.0	8.929286126010001e-07	0.0	0.0	0.0	0.0	0.0	0.0	0.0	0.0
57694.91869020176	108.13351489263732	11692.857043036218	3328703642.6689925	119624.32162463805	27.677491177004413	766.0435178531571	14309978324.154846	55902.18748007016	226.9857940051152	3125054565.0569134	51522.550680132576	74736.50141620093	59140.04840920687	1.206734	21.837355	0.0650166	0.0289143	0.1524517612	0.0173556999	0.0312257704	-0.0536784599	-0.0595811583	-0.0320639373	-0.0393776719	0.0038009738	-0.1107056887	-0.007253694	-0.0782381475	0.0021027062	-0.0358881809	-0.1500513221	0.066715361	-0.0259573207	0.0917559153	0.0421933562	-0.0615175184	-0.0862615352	0.0421238398	0.0195874977	0.0419856185	-0.0413616755	-0.0033313691	0.0274357541	0.0062178945	0.051044015	0.0340587058	-0.0346690005	-0.1885278127	0.1067185782	0.1406843267	-0.095808795	0.0591991279	-0.0130290129	-0.0576968288	0.1391742975	-0.0291291819	-0.0096458621	-0.0652684299	0.0187716774	0.1496294944	0.0640460496	-0.0637608161	0.0314121125	-0.0384081053	-0.0141887518	-0.0813235937	0.0400282731	-0.0966918935	-0.0736043116	-0.0283146659	0.0028884967	0.1348788182	-0.0654492244	0.0674694009	0.093992063	0.1032344401	-0.0074550219	0.0493488234	0.1342585232	-0.0477898858	0.0477535537	-0.1325010265	0.1498009897	-0.0194458239	-0.0120438928	0.0171101517	0.0042808151	0.1299751113	0.1414161196	-0.0003711452	0.0646580534	0.0123512875	0.0961692076	0.0402986548	-0.0779277467	-0.0112873442	0.0449890375	-0.0438586733	0.101984036	-0.0049303194	0.0243521549	-0.1602319857	0.0340218706	-0.174091676	-0.0857709236	0.0250857773	0.1587217337	0.1584764805	-0.0967600744	0.0799111227	-0.0539683725	0.0218840804	0.0227241	-0.0125956999999999	0.00051638472081	0.0001586516584899	0.0671633	-0.0168305999999999	0.0045109088668899	0.0002832690963599	-0.311189	-0.0142619999999999	0.0002034046439999	0.096838593721	0.00159575	-0.00023716	2.5464180625e-06	5.6244865600000075e-08	-0.00045828	-0.000115098	1.3247549604e-08	2.100205584e-07	0.000870641	-7.430800000000003e-05	7.580157508810001e-07	5.521678864000005e-09	0.0	0.0	0.0	0.0	0.0	0.0	0.0
57778.09669429268	83.1780040909216	6918.580364549372	3338308457.615035	120262.85872364412	638.5370990060765	407729.6268070959	14463155188.383186	56020.8917829241	118.70430285394104	3138340316.1540933	14090.711516040155	75018.02770139053	59614.84648529546	1.18346	21.416183	0.0270992999999999	0.017425	0.1732760243	-0.048069186	0.0157744184	0.0571577211	0.0672200615	-0.0320095533	-0.1087383788	0.0452087422	-0.1077665274	0.1418250467	-0.0478644944	0.0036047748	0.056365333	-0.0132084496	0.1291143476	-0.1126488867	0.12934121	-0.1027296283	0.0087615681	-0.0829727646	-0.0239471767	-0.0365822475	-0.0975514746	0.1352503425	-0.0975860434	0.0274680377	0.1012126994	-0.0806325626	0.0686728034	0.0003290671	-0.0194557998	0.0531910271	0.0387631605	0.0125582659	-0.009082581	0.0151375492	-0.0256248473	-0.0181062971	0.0313026277	0.0868989937	0.1201032917	-0.0777817789	0.1125492671	-0.0300104301	0.0289380664	0.0674135897	-0.0557892899	0.0154543025	0.0632589188	0.0425239236	-0.0124037304	0.1277081588	0.0861232509	0.0185286622	0.0124467639	0.1012086776	-0.090885791	0.0626324136	-0.0583422661	-0.0533962848	0.0689338873	0.0473443346	-0.1960931157	-0.0113524392	-0.0731469948	0.1316898258	0.0925696535	-0.0028181252	-0.0109616513	-0.1694468797	0.0008511625	-0.0381110754	-0.0360669653	0.096114659	-0.0011977797	0.0433603329	-0.0173276683	-0.0108056452	0.0688759111	0.015496706	0.0740690527	0.081885684	0.0539939131	0.1833320186	-0.0242930436	0.1379046876	0.0131816589	0.0409086463	-0.0125755515	0.0370022863	0.0630800375	-0.0973108962	0.0819949584	-0.0582285042	0.0284609379	0.02273	5.899999999999656e-06	0.0005166529	3.4809999999995936e-11	0.0518093	-0.0153539999999999	0.00268420356649	0.0002357453159999	-0.305079	0.00611	3.7332100000000055e-05	0.093073196241	0.00155747	-3.827999999999991e-05	2.4257128009e-06	1.465358399999993e-09	-0.00045828	0.0	0.0	2.100205584e-07	0.000944949	7.430800000000003e-05	8.929286126010001e-07	5.521678864000005e-09	0.0	0.0	0.0	0.0	0.0	0.0	0.0
57569.213212871866	-208.88348142081668	43632.30881048067	3314214309.9491005	119261.88515210243	-1000.97357154169	1001948.0909249268	14223397250.033272	56011.02759685906	-9.864186065045942	3137235212.456107	97.30216672584656	74857.0206347471	58501.92685840545	1.262597	22.848265	0.08796843	0.0458127	0.1213588532	-0.0251364623	0.1172615922	-0.0621417293	0.0040422796	0.0739065708	-0.001269931	0.0626829382	-0.0220817386	0.1733024487	-0.0021273287	0.0317009492	0.0998137638	-0.0110468813	-0.0425222002	-0.0356030612	0.1587005509	0.0056803764	-0.059764527	-0.0138302843	-0.1092203961	0.0385710063	-0.1178590389	-0.1135564515	0.1095129076	-0.0294693324	-0.0333856182	-0.0266884429	0.0144663919	-0.0515240279	0.023620692	0.0845096344	-0.080790124	-0.1451339321	-0.0417267573	-0.0553553771	-0.1059187415	0.0005306103	0.0726350441	-0.0254121025	-0.1222768687	-0.1629943809	0.0151816173	-0.0992755393	-0.1325889218	-0.131467554	0.0342333665	-0.0682353456	0.0492728769	-0.1275388695	0.0857893157	-0.0225340202	-0.0181099357	0.050489896	0.037272363	0.1166766772	-0.0111523857	0.0491376807	0.0350115584	-0.0526279364	0.0868213379	-0.0976848064	-0.1071716765	-0.0679491012	0.0045900866	0.0683701038	-0.1157134855	0.0742963909	0.1076512784	-0.0206827312	-0.0301193823	0.0493401002	-0.1323006986	0.0114016828	-0.0478574328	-0.0636801576	-0.0454200128	0.1514450212	0.0666332513	-0.0577748396	-0.0436663006	0.1025919684	0.0291212608	-0.062570328	-0.0329416361	-0.0733966704	-0.0528610246	-0.04583071	-0.0768349963	0.0766447016	-0.0719794949	-0.0978351141	0.0839891338	-0.0623453902	0.034913343	0.0291976	0.0064676	0.00085249984576	4.1829849760000005e-05	0.0836611	0.0318518	0.00699917965321	0.00101453716324	-0.288786	0.016293	0.000265461849	0.083397353796	0.00144775	-0.00010972	2.0959800625e-06	1.20384784e-08	9.91206e-05	0.0005574006	3.1069542888036e-07	9.82489334436e-09	0.000944949	0.0	8.929286126010001e-07	0.0	0.0	0.0	0.0	0.0	0.0	0.0	0.0
57506.47778118133	-62.735431690533005	3935.734389397533	3306994986.7975025	120148.73937846888	886.8542263664422	786510.4188240207	14435719574.235235	55899.18124402105	-111.8463528380089	3124718463.7519145	12509.60664316438	75308.71457598286	58850.16802485413	1.361311	24.634611	0.0670668699999999	0.041752	0.0991362722	-0.0833521678	-0.0821629595	0.04071051	0.1138082817	-0.0153214407	0.116320459	0.0278917354	-0.0081773631	0.1401422024	-0.0071382646	0.0305502829	0.0174169728	0.1125228607	-0.0229705753	-0.0594539831	0.0474366397	-0.0483070895	-0.0100781628	0.0622779203	0.1320968392	-0.0951484845	0.0733689209	0.0901946222	-0.0853345618	0.0954885659	0.0802729388	-0.0123422784	-0.0842403765	0.0212077442	0.0051995824	-0.0255606345	0.1029731371	-0.0547065068	0.0826664167	0.1010492774	-0.0938327352	0.0263455882	0.083163321	-0.0072376102	0.0341856859	0.0013444871	0.1214245568	0.0269721635	0.04878223	-0.051267464	0.0203229838	0.0893591968	-0.0612260611	-0.123325232	0.0082704932	-0.0224846286	-0.0976264757	0.0226745788	-0.0515088269	0.1450039569	0.1217318268	-0.0992149023	-0.0536033211	-0.0193976818	0.0134823743	-0.0909827214	-0.1166049422	0.0753012741	-0.0462938426	-0.0495149946	-0.1325969368	-0.1035706031	-0.0480555965	0.0111420212	0.0491570837	-0.0550681491	0.0258923492	-0.0032800692	0.0083973928	-0.0173163247	0.1270108661	0.0125569515	0.0902692906	0.05518761	0.0457039259	-0.1111429076	-0.0429415528	0.1079690907	-0.0102611585	0.0963248213	-0.1109243239	0.1190233635	-0.1259617909	0.0368241314	0.0398352367	-0.0983325849	0.0858914684	-0.0663089027	0.041213081	0.0402827	0.0110850999999999	0.0016226959192899	0.0001228794420099	0.0842078	0.0005466999999999	0.00709095358084	2.988808899999969e-07	-0.266504	0.0222819999999999	0.0004964875239999	0.071024382016	0.000869231	-0.000578519	7.555625313610001e-07	3.34684233361e-07	0.000183663	8.45424e-05	7.147417397760001e-09	3.3732097569e-08	0.000944949	0.0	8.929286126010001e-07	0.0	0.0	0.0	0.0	0.0	0.0	0.0	0.0
57324.97707229144	-181.50070888989285	32942.507327533625	3286152996.3387394	120031.5354772148	-117.2039012540772	13736.75446917548	14407569509.017876	55814.054446348855	-85.12679767219379	3115208673.7399945	7246.571681922618	75145.20797816354	57590.054955446525	1.431022	25.896124	0.1174396749999999	0.0754236999999999	0.0294970779	0.0972771303	0.0084309995	0.0657976781	-0.0960754365	-0.0799805189	0.1520128174	-0.0755417803	-0.0430360912	-0.0390157478	-0.0158467768	0.0529780257	-0.0325429443	-0.0573938613	0.0306775512	0.1066035984	0.0863110235	-0.01512869	-0.0426634666	-0.0860933327	-0.0484992506	-0.1069836622	0.0520279353	-0.1063025495	-0.0955455193	-0.0394939243	-0.1751203218	0.0025071536	-0.0992005988	-0.0095006711	-0.0304678182	-0.1727905805	-0.0703617971	0.0756858384	0.0671710738	0.0838125802	-0.1083403149	0.08435011	0.0250781762	-0.0634116438	-0.075080686	0.044875592	-0.0900034709	-0.088885542	-0.02126633	-0.0208672828	-0.0169363525	0.0388051359	0.0573046446	0.0698014092	-0.0841371669	0.139236582	0.0917685177	0.1069934997	-0.0567828331	0.0121538458	0.0663726431	-0.0235528042	0.0014116804	0.1806854421	-0.0308416461	0.0295039921	0.0005549802	0.0606312692	-0.1200483022	0.0729989791	-0.0941861881	-0.0058476192	0.0270974915	-0.0365271219	0.0396500473	0.1532294268	0.0204755109	-0.1202705648	-0.048078796	-0.0716796769	0.0669424757	0.0108489488	0.100608488	0.0073688007	0.0010133259	0.027384343	0.0635622344	-0.1782007653	-0.0554194585	0.0068675836	0.0242626287	-0.1706892585	0.0614856652	-0.1636246435	0.0190863242	-0.0988031726	0.0876998819	-0.0701092912	0.0473326046	0.0383931	-0.0018895999999999	0.00147403012761	3.570588159999993e-06	0.0606812	-0.0235266	0.0036822080334399	0.00055350090756	-0.271053	-0.0045489999999999	2.069340099999973e-05	0.0734697288089999	0.00227194	0.001402709	5.1617113636e-06	1.967592538681e-06	-4.90565e-05	-0.0002327195	5.415836568025e-08	2.40654019225e-09	0.00105901	0.0001140609999999	1.1215021801e-06	1.3009911720999984e-08	0.0	0.0	0.0	0.0	0.0	0.0	0.0
57351.02656504002	26.049492748577904	678.5760724582128	3289140248.0639257	119411.57346170198	-619.9620155128214	384352.9006787198	14259123876.599447	55766.37827646684	-47.67616988201189	3109888946.073993	2273.017174618458	75090.67718957542	56806.79462497238	1.382908	25.025436	0.073807625	0.0424994	-0.0250518702	-0.1306714677	0.0164833689	-0.0738898909	0.0176834596	0.0819552441	-0.0657420211	-0.0993450606	0.0735133981	0.1520729073	-0.1776979961	0.0173651722	-0.0790527262	0.0845502092	0.0603994533	0.039606944	0.0763617316	0.0993545929	0.0645307807	-0.0993504798	0.1059280632	0.0117871365	-0.0935100221	-0.0372317681	0.0300990289	-0.066082844	-0.1689801751	-0.0305304176	0.0928142037	-0.0656131235	-0.0323802389	-0.0010285461	0.0380251131	-0.0234829228	0.0740921337	0.0114010895	0.1744664356	0.0254173947	-0.0289396826	0.0809861073	0.014826803	0.1255925848	-0.0178648713	-0.0919379285	-0.0186800433	-0.060420707	-0.0581196466	-0.0628771408	-0.0525032514	0.1159106844	0.0279289985	0.0067837733	0.0555040614	-0.0674547335	-0.023425238	0.0799193299	-0.0511635303	-0.0914105232	0.079399981	-0.0458015385	-0.0428955897	0.0310793734	-0.0117408537	-0.0243072715	0.0119238253	0.1850468384	0.0411681106	-0.0332685738	0.20198351	-0.0344744323	-0.1353702786	0.0599099574	0.1022909357	-0.0501589439	0.0131287531	-0.1811191125	-0.0380203122	0.1617241677	-0.0372863366	-0.0688319687	-0.0385388457	0.0078833174	-0.0285815802	0.0375940149	0.1122005595	-0.0683065031	-0.0260757915	0.0065925242	-0.0356465202	0.1030313422	0.0446050284	-0.0992467484	0.0894123968	-0.0737372065	0.0532451548	0.0370912	-0.0013019	0.0013757571174399	1.6949436100000043e-06	0.0706068	0.0099256	0.00498532020624	9.851753536e-05	-0.285184	-0.014131	0.000199685161	0.081329913856	0.00146089	-0.00081105	2.1341995921000003e-06	6.578021025e-07	-0.000191659	-0.0001426025	2.0335473006250003e-08	3.6733172281e-08	0.00107434	1.533000000000003e-05	1.1542064356e-06	2.350089000000009e-10	0.0	0.0	0.0	0.0	0.0	0.0	0.0
57346.06936217292	-4.957202867095475	24.5738602655396	3288571671.291148	120266.7193617655	855.1459000635223	731274.5103954517	14464083786.04166	55841.06933394451	74.69105747767026	3118225024.3583984	5578.7540671326415	75100.13402347456	57693.84820463499	1.429798	25.873962	0.08411105	0.0385042	0.0279007587	0.0969101757	-0.0718828875	0.1176923867	-0.0071762752	0.0102949152	-0.0754038239	-0.0745410896	-0.0808031233	0.0553492761	0.0513293755	-0.0649451088	-0.0579276103	-0.0278358493	0.1793574668	-0.0104467301	0.0295813712	-0.0730207493	-0.0313338445	-0.0389550795	0.0472627022	0.0907584456	-0.0015902305	-0.0800903934	0.0599848951	-0.0066178516	-0.1670992091	0.0599507734	-0.0828981056	0.0411914893	-0.0212717678	0.0472364606	0.0147401995	0.0486577334	-0.0498772161	-0.0060821299	-0.0118095443	0.0654907579	0.1166901483	0.0103913351	-0.0820038433	-0.0420329567	-0.0043077024	0.0560130795	0.0221075598	0.0158698664	0.0666551537	-0.0654034906	0.0239419089	0.060177933	-0.0179803747	0.0859043395	-0.031416136	0.0507055205	-0.129886127	-0.0511895213	-0.0316954468	0.024285489	-0.0623252118	0.0349778662	-0.0701445979	0.1123199402	-0.1535966923	0.0526930967	0.001821389	0.0642917918	0.0864857958	0.007399951	-0.0699277539	-0.0840300281	0.0411103081	-0.0785966052	-0.0481407162	0.0705978121	0.0310299989	-0.0422328649	0.0630580735	0.155569462	-0.0245939578	-0.1288759682	-0.0752687673	-0.0336467433	-0.0065061655	-0.1510591616	0.0339261411	-0.0024305512	-0.0039291464	-0.0870927844	0.0949265873	0.0472325106	-0.0003418729	-0.0996631912	0.0910271406	-0.0771837238	0.0589248775	0.0506979	0.0136067	0.0025702770644099	0.0001851422848899	0.0519347	-0.0186720999999999	0.00269721306409	0.0003486473184099	-0.254949	0.030235	0.000914155225	0.0649989926009999	0.00176366	0.0003027699999999	3.1104965956e-06	9.166967289999997e-08	-0.000127434	6.4225e-05	4.1248506250000005e-09	1.6239424356e-08	0.00113929	6.495000000000003e-05	1.2979817041e-06	4.218502500000005e-09	0.0	0.0	0.0	0.0	0.0	0.0	0.0
57286.13977966693	-59.92958250598895	3591.5548593421363	3281701810.8555384	119324.0646256259	-942.6547361395932	888597.9515664063	14238232398.780548	55806.20442442602	-34.86490951849555	3114332452.260826	1215.5619157328815	74826.79254439932	56452.99420116705	1.320306	23.892569	0.0658891499999999	0.038873	-0.0408329354	-0.0296493248	0.0842599181	-0.0723321248	-0.0613358703	0.1198255346	-0.0229687657	-0.0022981634	-0.0006248829	0.0522798983	-0.0609726118	-0.0742163906	-0.0680758792	-0.0394282147	0.0316188747	-0.0274347537	6.15961e-05	-0.0219561096	-0.0068983274	-0.0263127218	0.0016141531	-0.0719895264	-0.1057397198	-0.0226633205	0.0727450609	-0.0603987102	0.0440776587	-0.0189276485	-0.0167225555	-0.0234655767	0.0129894274	-0.0119024735	0.0287914523	0.0319987337	0.0305639039	0.0101372541	0.0307536333	-0.0308423199	0.1067646197	0.185402907	0.022446062	-0.0863879054	0.0290030218	0.0070109094	0.0749173373	0.0381853212	0.0708265216	0.0570391797	0.0940221288	-0.0412502209	0.0188667312	-0.016823341	-0.0354870122	0.0810930875	0.1372472762	-0.0491130888	-0.0859121094	0.0477212849	0.09475956	-0.0393358976	-0.0552738518	-0.0252468726	-0.0478324296	0.0011285948	0.0684032946	0.0859795916	-0.0418272591	0.0041395677	0.0444720738	-0.0731369501	0.0149317624	-0.0553211298	-0.0629397888	-0.0366153945	-0.0090174573	0.0270783562	0.0808740862	0.0871435108	-0.0393354245	-0.0481687723	-0.0705075429	0.0252019908	0.0806589731	0.0909798457	0.0698090436	0.0017777799	0.0539664632	0.0209061233	0.1236842764	-0.0020098252	-0.0182704547	-0.1000523871	0.0925423476	-0.0804403643	0.0643469367	0.0422915	-0.0084063999999999	0.00178857097225	7.06675609599999e-05	0.0478802	-0.0040545	0.0022925135520399	1.643897025000002e-05	-0.233963	0.0209859999999999	0.0004404121959999	0.054738685369	0.00123795	-0.00052571	1.5325202025e-06	2.763710041e-07	-0.000191659	-6.4225e-05	4.1248506250000005e-09	3.6733172281e-08	0.00108038	-5.8910000000000125e-05	1.1672209443999998e-06	3.4703881000000143e-09	0.0	0.0	0.0	0.0	0.0	0.0	0.0
57310.66462274153	24.52484307459963	601.4679278337375	3284512279.500358	119869.12312039998	545.0584947740717	297088.7627253768	14368606677.653608	55892.07297512755	85.86855070153251	3123923821.456984	7373.40799958166	75263.72952832216	57059.5309408794	1.248693	22.596643	0.0998387499999999	0.0578496	-0.0189191649	-0.0301133118	-0.1056288996	-0.0088042039	0.0941914732	-0.0477997108	0.0686615293	-0.0481977181	-0.0520084578	-0.0832588988	-0.1172531669	-0.0216096114	-0.0012509963	0.0430614441	0.0632962099	0.109761839	-0.0126493782	0.0302543455	0.0110752431	-0.0776108037	-0.0498563685	0.0237265236	0.0966262179	-0.0826709271	0.0227200549	0.046111476	0.1337944905	0.0377227482	-0.0493786549	-0.0327999527	-0.0914108388	-0.0315533064	0.0255367276	0.0712756095	-0.0330230289	-0.021585642	0.002782998	-0.0452864494	-0.0012556028	0.091033	0.0963781848	0.0025020606	-0.0013953774	-0.1068369924	-0.0453205511	0.0391228805	-0.0187749644	0.1130928015	-0.0785013236	0.0113711818	0.001052315	0.0414979529	0.0126372453	-0.0557021481	-0.080250753	-0.0025207661	0.0277723005	-0.0989196668	-0.0295901486	-0.0321221874	-0.0061557194	0.0539581746	0.0894983399	0.0109887546	-0.1246977499	0.0942214706	-0.0952339634	-0.0074759905	-0.0090157275	-0.0197883789	0.0625829895	-0.0108732925	0.0442390156	0.1562375053	0.0641696591	0.0744614643	0.0235940385	0.0256519687	-0.0180093974	-0.0096958299	0.0109354921	-0.0666896271	0.1021190325	-0.0020030634	-0.005640412	-0.0869576667	0.0578082933	0.0334350748	0.0265598561	-0.0435324681	-0.0802354667	-0.1004142296	0.0939563609	-0.0834991166	0.0694876231	0.0506117	0.0083202	0.00256154417689	6.922572803999999e-05	0.0558511	0.0079709	0.00311934537121	6.353524681000004e-05	-0.271487	-0.0375239999999999	0.0014080505759999	0.0737051911689999	0.00188457	0.0006466199999999	3.5516040849e-06	4.181174243999999e-07	-0.000443742	-0.000252083	6.3545838889e-08	1.96906962564e-07	0.00105861	-2.176999999999995e-05	1.1206551321e-06	4.739328999999978e-10	0.0	0.0	0.0	0.0	0.0	0.0	0.0
57346.25419184494	35.5895691034093	1266.617428966346	3288592869.835694	119914.40261946866	45.279499068681616	2050.2330359107395	14379463955.584032	55956.97002949617	64.89705436862278	3131182494.8819327	4211.6276657239805	75110.47311024964	56819.92594287811	1.192937	21.587675	0.0779800999999999	0.0422497	-0.0085932791	0.0683118602	-0.0002606598	0.039018313	-0.0724243586	0.0326630417	0.005606116	-0.0271038862	-0.0053081344	0.0324381631	-0.0328729609	-0.0230057147	0.0276980171	-0.0085155633	0.011260814	0.0531463001	0.1039420001	-0.0415163374	0.0685742482	-0.0668427092	-0.055410556	0.0629385103	-0.0463716676	0.0958480566	0.008360265	0.1042722303	-0.0363339928	0.04699478	-0.0972155398	-0.0167606444	0.0422672998	-0.012337821	-0.0252451878	0.0903162106	0.0166644264	-0.0188818596	0.0671833095	-0.028403173	0.0014710963	0.0243342088	0.0981592005	-0.0729785609	0.0213957088	-0.0534315933	0.0424875109	-0.0461470671	0.0662261448	0.0100906467	-0.0428738739	-0.0437346012	-0.0750431388	0.1056185912	-0.0267333404	0.1205724196	-0.1148577271	-0.0463995512	-0.1562332121	0.0328488516	-0.0033031127	0.0730197832	-0.0265855546	-0.0550579763	-0.0392874255	0.0026613061	-0.0232296462	0.1027330843	0.0171486296	0.029622861	0.127545804	-0.0048935585	-0.0049267925	0.0640403896	0.0035263635	0.0517609865	0.1207865105	0.032957133	-0.0242584399	-0.0141481284	-0.0127890651	-0.1610957267	-0.0260940221	-0.0175925734	0.009276696	-0.0294613839	-0.0467711472	0.07446148	0.0511896355	0.0106352545	0.1038454141	-0.07573667	-0.1538810868	-0.1007486199	0.0952676342	-0.0863524559	0.0743244578	0.0506627	5.099999999999549e-05	0.00256670917129	2.60099999999954e-09	0.0367422	-0.0191088999999999	0.00134998926084	0.0003651500592099	-0.240269	0.0312179999999999	0.0009745635239999	0.057729192361	0.00169827	-0.0001862999999999	2.8841209929e-06	3.4707689999999976e-08	-0.000191659	0.000252083	6.3545838889e-08	3.6733172281e-08	0.000944949	-0.0001136609999999	8.929286126010001e-07	1.2918822920999984e-08	0.0	0.0	0.0	0.0	0.0	0.0	0.0
57228.74469269501	-117.50949914993544	13808.482390468676	3275129219.101667	119348.88798328533	-565.5146361833322	319806.8037375666	14244157062.846788	55903.3060546875	-53.66397480867454	3125179627.84406	2879.8221922660555	75206.21516154976	56801.12786262553	1.294927	23.433311	0.0516772	0.0336671	-0.0449250724	-0.0726795354	0.0001434452	-0.0834614297	0.0568383846	-0.0062270509	0.0190444164	-0.0609090006	0.032480591	0.0670217854	0.0057226003	-0.0402130067	0.0016277474	0.0513631959	0.0266999005	-0.036151722	0.0851245814	0.0602711875	-0.0600302059	-0.097769428	0.0009997709	-0.0653400489	0.0111273451	0.1069116473	-0.0755467798	0.0844339619	0.0033486165	-0.016478227	0.0702714781	0.0735866399	0.0915479312	-0.1326801856	0.0234033413	0.0765783239	0.0871504603	0.0974592506	-0.0948446099	0.043701496	0.0064707759	0.0082259326	-0.0741767944	0.0258211158	0.0141394095	0.0255130134	-0.0309813875	-0.0149264629	-0.0103120819	-0.0977436567	0.0170763271	0.0359834025	-0.0106383022	0.0309687845	-0.0505157673	-0.0867583943	0.0024249411	-0.1379175297	0.1022041912	-0.104505963	0.0471668096	-0.0300072994	0.0170658828	-0.0429418564	-0.0340977693	-0.0540442193	0.0136388974	0.0639287761	0.0216849881	-0.0197592693	0.089082516	-0.0696439385	-0.024684116	0.0995771469	0.0203753179	-0.071854612	0.0639281501	0.0691009806	0.0899614779	-0.1116234451	-0.009507452	-0.0385758253	0.0062771589	-0.1577107467	-0.0341198299	-0.035598013	0.1060512715	-0.073621925	-0.0067082393	0.0589577936	-0.0713631094	-0.0105541894	0.0573541805	-0.1010554665	0.0964747338	-0.0889933628	0.0788362905	0.0506428	-1.989999999999631e-05	0.00256469319184	3.960099999998531e-10	0.064265	0.0275228	0.004129990225	0.00075750451984	-0.258319	-0.01805	0.0003258025	0.066728705761	0.00174058	4.231000000000005e-05	3.0296187364000003e-06	1.7901361000000041e-09	-0.000271038	-7.937899999999997e-05	6.301025640999996e-09	7.3461597444e-08	0.00094495	9.99999999907325e-10	8.929305024999999e-07	9.999999998146501e-19	0.0	0.0	0.0	0.0	0.0	0.0	0.0
57258.836067126205	30.091374431198343	905.4908151585776	3278574307.762033	120220.9056618002	872.0176785148797	760414.83164248	14453066158.143463	55867.913669882015	-35.39238480548374	3121223777.82539	1252.6209022194366	75280.40454194216	56994.06667307335	1.291227	23.36636	0.0467515	0.0251902	-0.0063668944	0.0458822563	-0.1217098598	0.1128230211	0.044051068	-0.0045447001	0.0606786004	0.0017683276	-0.0140622619	-0.060241627	0.0544188135	-0.0570233312	-0.0216535438	0.0569486544	0.0496082441	0.1283264331	0.0154863473	-0.0852512172	0.0708849706	-0.0506044648	0.0349261183	0.1302538885	0.0468800051	0.047908707	-0.0513575694	0.2126389031	0.0066781664	-0.0254599412	-0.0699312851	0.1489725978	-0.0013384	0.0183651395	-0.0740461213	0.0321611293	-0.0555537802	0.0928939024	0.0431681086	0.0199037056	-0.0196286215	-0.0757936852	-0.0619918356	-0.1549705879	0.019545906	0.0210201278	0.0605955629	-0.04478202	0.145373525	-0.2176080536	-0.0008994397	0.0939811384	-0.0085852735	-0.0767913129	-0.0428863839	-0.0081482309	0.0396477218	-0.0265289362	-0.0446058789	-0.0427995674	-0.0930056967	0.062427591	-0.0612983679	-0.0038136194	-0.0211040009	0.0875309728	-0.0500705241	0.1450972073	0.1156962459	0.1212221717	-0.01040399	0.0238562654	0.0538810984	0.0430916396	0.0505966918	0.1064955632	0.12886797	0.0279500717	0.0776015859	-0.0165567022	-0.0351456139	-0.0240637057	-0.0001341409	-0.1518505557	-0.0414428544	-0.0786595181	-0.0692613089	0.1657888329	-0.0122660878	0.0118896537	-0.0187098125	-0.1014714114	0.0604246835	-0.1013346856	0.0975763397	-0.0914153405	0.0830033923	0.0421892	-0.0084535999999999	0.00177992859664	7.146335295999998e-05	0.0455801	-0.0186849	0.00207754551601	0.00034912548801	-0.250648	0.007671	5.88442410000006e-05	0.0628244199039999	0.00158112	-0.0001594599999999	2.4999404544000003e-06	2.542749159999998e-08	-0.000191659	7.937899999999997e-05	6.301025640999996e-09	3.6733172281e-08	0.000944949	-9.99999999907325e-10	8.929286126010001e-07	9.999999998146501e-19	0.0	0.0	0.0	0.0	0.0	0.0	0.0
57057.53891094317	-201.29715618303453	40520.545087377	3255562746.573794	119607.92923975176	-612.9764220484503	375740.0939873199	14306056737.021463	55802.27593072385	-65.63773915816273	3113893999.0486426	4308.312801795009	75036.52527388223	56028.68964636647	1.314261	23.783184	0.0685196	0.0341589	-0.0675738928	0.1188371012	0.0168045991	-0.0042713006	-0.1015475569	0.0202933617	0.0540247998	-0.1177300921	0.0071781184	0.0461825778	-0.009620664	0.0392747347	-0.0428231159	0.0312909425	-0.0812279936	0.0829773266	0.0941857262	-0.0644113493	0.067223042	0.1539418123	-0.0461920757	-0.0354094449	-0.1353250116	0.012725755	-0.0664392213	0.0417842378	0.0078629997	0.0830803548	-0.0067066517	0.0413029975	-0.0031423533	-0.0054900378	0.0414140924	0.0525717531	-0.0074369119	0.0835829817	0.1914790154	0.1037917248	-0.0946723197	0.085593056	0.0458084972	0.0603598269	-0.1438074457	0.0993969131	0.0538706215	0.0795561959	0.1127233621	0.0161870952	-0.0566701817	-0.060765313	0.0177775133	-0.06112999	0.0873919871	0.0585054461	-0.0320698924	-0.0527232657	0.1071875749	-0.0138816251	0.0260474505	0.0951084097	-0.0854818973	-0.0488801439	-0.0673591452	-0.0903438077	0.0231490093	0.0173042021	-0.1427557989	0.1534021142	0.0989657736	-0.0739178533	-0.0237212334	0.0241299695	-0.0541084488	0.0298708281	-0.0058009887	0.0687522684	0.0045581719	-0.0334019759	0.028638916	-0.015545599	-0.0185452187	-0.0839208811	-0.1235311467	0.0174468628	0.1262765287	0.0370518819	0.0896660359	-0.0904004807	0.0498445771	0.0509142085	0.0455354782	-0.1015862008	0.0985712473	-0.0936124309	0.0868075413	0.0388391	-0.0033501	0.00150847568881	1.122317001000001e-05	0.0643527	0.0187726	0.00414126999729	0.00035241051076	-0.230121	0.0205269999999999	0.0004213577289999	0.052955674641	0.00139139	-0.00018973	1.9359661321e-06	3.5997472900000054e-08	-0.000519327	-0.000327668	1.07366318224e-07	2.69700532929e-07	0.000944949	0.0	8.929286126010001e-07	0.0	0.0	0.0	0.0	0.0	0.0	0.0	0.0
57100.64331559626	43.10440465308784	1857.9897004971408	3260483467.054948	119518.83046837297	-89.09877137879084	7938.591061210039	14284750836.527678	55694.27398158482	-108.00194913903395	3101852154.3358355	11664.42101783048	75034.30078078674	55715.66016967335	1.265558	22.901842	0.0597655	0.0377222	-0.112979389	-0.0321329169	0.0424182945	-0.055901956	-0.0041708232	0.0569105488	0.0806487074	0.0089028256	0.0572576207	0.0368780101	0.0926801568	-0.0910822808	-0.1321863843	0.0134579569	-0.04218697	-0.0654193537	0.0678583615	0.0949038402	-0.0442775229	0.0866098252	0.0329345817	-0.085123961	-0.0586938526	0.0716652351	-0.0233415378	0.0072449869	0.0191163955	0.0444064226	-0.055564377	0.0584344764	0.0302254606	0.0489358015	0.03481931	0.0519196879	0.0509556443	0.106047821	-0.0369357169	-0.0351739645	0.0690354743	0.0862416567	-0.034103494	0.0025333031	-0.0054940714	0.0019583013	0.0236329607	0.1089879826	0.0584927843	-0.0639738285	-0.0058792617	0.0762532241	-0.0833188828	0.1432541179	-0.2074134156	-0.115379613	0.0950402933	0.0321788986	-0.1017176928	-0.057462189	0.1055134929	-0.0016703424	-0.0500263586	-0.0692025001	-0.0498731908	0.0926450809	0.0728675922	0.0448192447	0.0005903737	0.0246662743	-0.081222573	0.0137966726	-0.0443996752	0.0091862708	0.0158036976	-0.0040604256	0.0042074494	0.0584647357	0.0876242604	-0.0504546113	0.020921118	-0.074829136	0.041667667	0.0402069289	0.0145940772	0.0620501701	0.0349942164	0.0789893578	-0.008805779	0.1159410932	0.0607104681	0.1008659656	0.0753336593	-0.1018099433	0.0994583687	-0.0955792289	0.090232103	0.0373474	-0.0014916999999999	0.00139482828676	2.225168889999996e-06	0.0642492	-0.0001034999999999	0.00412795970064	1.0712249999998444e-08	-0.256994	-0.026873	0.000722158129	0.066045916036	0.0017901	0.00039871	3.20445801e-06	1.5896966410000002e-07	-0.000470712	4.861500000000001e-05	2.3634182250000008e-09	2.2156978694400002e-07	0.00112357	0.0001786209999999	1.2624095449e-06	3.190546164099996e-08	0.0	0.0	0.0	0.0	0.0	0.0	0.0
57096.61556865528	-4.027746940977522	16.22274542055379	3260023509.394809	120686.42160352317	1167.5911351502	1363269.0588813326	14565212359.463345	55848.14517299107	153.87119140625146	3119015319.263486	23676.343544779276	75158.55706868181	56026.466084615546	1.346989	24.375439	0.26790705	0.146902	-0.1075768192	-0.0130693047	-0.0430395191	0.1433520618	-0.0522119671	0.1019751564	0.1188639254	0.1462280106	0.1402214012	-0.1675129375	0.070865124	0.0322954447	-0.035409127	-0.0670560826	-0.0531884685	-0.0011300665	-0.1462214494	0.0350486904	0.0427302666	-0.0792177803	-0.1090191762	-0.1240747676	-0.1998239936	0.0333129337	0.0910360994	0.1302850398	0.0529382438	0.1277311242	0.1063134243	-0.0454586478	0.011079229	0.1075213445	-0.1203933466	-0.1545065259	-0.1011827119	-0.1576552926	-0.0264274778	-0.0756686805	0.0109150251	-0.1719307519	0.0942189241	-0.0068600663	0.025854165	0.1113634317	-0.0525301927	0.0660929803	-0.0611602379	-0.0238155022	0.0381906599	0.0332431466	-0.0129756646	0.0433640578	0.1230192687	0.1021213838	-0.0111702496	0.0236337057	0.0369045301	0.1049734953	-0.0891117785	-0.0029023041	-0.1034336895	-0.103633239	0.2003645859	0.1923026559	0.1226846178	-0.0183191156	0.063707966	-0.0348331792	-0.0803177384	0.0226351914	-0.1213112999	0.087636136	-0.1311457783	-0.1575510897	0.0480280215	0.338677958	-0.1136363945	0.0461870051	-0.004126441	0.1308179893	-0.0477922327	0.2330363299	0.0230356797	0.0887591584	-0.0365365839	0.0718865058	0.0220180279	0.0864682221	-0.0073461517	-0.0301478887	-0.0641891633	-0.102005852	0.1002367339	-0.0973108962	0.0932621027	0.0207002	-0.0166472	0.0004284982800399	0.00027712926784	0.0275421	-0.0367071	0.00075856727241	0.00134741119041	-0.132445	0.1245489999999999	0.0155124534009999	0.017541678025	0.00117184	-0.00061826	1.3732089856e-06	3.8224542760000003e-07	0.000151483	0.000622195	3.87126618025e-07	2.2947099289e-08	0.00168319	0.00055962	2.8331285761e-06	3.1317454440000004e-07	0.0	0.0	0.0	0.0	0.0	0.0	0.0
57131.248400515	34.6328318597225	1199.4330426238098	3263979543.801348	119863.940676656	-822.480926867167	676474.8750602741	14367364274.53691	55796.11560706314	-52.02956592792907	3113206516.836755	2707.0757306487176	75149.68578962583	56201.85712382181	1.387287	25.104681	0.2309876099999999	0.125268	-0.0953192792	0.0512017113	-0.0570246859	-0.0044724511	-0.0309801769	-0.1019582732	0.0046698649	-0.1293670805	-0.140360338	-0.1984932265	0.0939107711	-0.0114627206	-0.0758345656	-0.040615255	0.0396853441	0.0091542091	-0.2048642786	0.0032940851	-0.0657375947	0.1101881883	0.070301749	-0.0214240178	-0.0814600205	0.1258651808	-0.0498636583	-0.0290657766	-0.0260574749	0.0877986826	0.0889913138	0.1230737527	0.0754405943	0.0392951147	0.0779688487	-0.0290744364	-0.0230027906	-0.1343241896	-0.1966743068	0.1090054149	-0.0255469788	-0.1563727745	0.144875358	-0.0431974192	-0.0488600077	0.0122047432	-0.0369101361	-0.0499546355	-0.0066776468	0.0611468206	-0.0237776526	0.0915763819	0.1262034631	-0.1446825923	-0.0779502431	0.0088197744	-0.0401307016	0.0544788906	-0.049546605	-0.0229552367	0.0100337909	0.0613951065	-0.0542036535	0.1482033148	0.107068782	-0.00045528	-0.0446993735	-0.2299725319	0.0984742425	-0.1173222626	-0.1402540452	-0.1728749029	0.0478641952	0.0441724094	-0.1640993173	-0.0485137563	0.0587801385	-0.0589747013	0.0318308895	-0.0806896555	-0.0758711265	0.049082058	0.0786668118	0.0547401872	-0.1553166297	-0.0709268951	0.0300818167	-0.0698648296	0.0406967406	0.0958321691	-0.075120345	0.0950642394	-0.0749112693	-0.1021738733	0.1009054916	-0.0988031726	0.0958842909	-0.0154885	-0.0361887	0.00023989363225	0.0013096220076899	0.0479739	0.0204318	0.00230149508121	0.00041745845124	-0.196914	-0.064469	0.004156251961	0.038775123396	0.00271006	0.0015382199999999	7.344425203599999e-06	2.3661207683999995e-06	9.29908e-05	-5.84922e-05	3.4213374608399994e-09	8.647288884640001e-09	0.00108194	-0.00060125	1.1705941636e-06	3.615015625e-07	0.0	0.0	0.0	0.0	0.0	0.0	0.0
57337.798214041046	206.54981352604227	42662.82546764283	3287623104.0340886	120174.7650104066	310.8243337505992	96611.76645150386	14441974145.306446	55980.31735092474	184.20174386160213	3133795930.7102456	33930.28244165529	74945.33234210078	56370.518839591285	1.500545	27.154224	0.05708224	0.0275879	-0.0676838879	-0.0816787563	0.0604446593	-0.0365385006	0.0027552293	0.0769097482	-0.1772438089	0.0273002975	0.1884037079	-0.1724542776	-0.1255937076	0.0924467446	0.0869622291	-0.0776066301	-0.0081429643	-0.0309024012	-0.2115206089	-0.0162785436	-0.0748369808	0.0286612637	-0.0088021173	-0.0088410724	-0.0220683129	-0.1720630211	0.0173426222	0.0411219996	-0.1418999671	-0.000810354	0.0510381516	-0.037510553	0.0262153746	0.2042354317	-0.0260872876	-0.0043018812	0.1190778891	-0.0165736436	0.0698804179	-0.1783436719	-0.1084165243	0.0222118522	0.0920033256	0.1179919379	0.015797186	-0.1186159116	0.1038104073	-0.0097907778	0.0784869926	0.1367283416	0.0721238585	-0.062985239	-0.0477124418	-0.1069138004	0.0448340757	0.1250340089	-0.0020947082	0.0565921059	0.0004731648	0.1495942458	-0.0277722892	-0.1531958717	0.0368681743	0.0776467268	0.261278236	-0.1480000362	0.1270719702	-0.0447492353	-0.0410647806	0.0467705716	0.0185435902	-0.1807548233	-0.0434765047	-0.1482728491	0.0795947684	-0.0817913228	-0.1057367139	-0.023747635	-0.1589638441	0.0567397977	-0.1011450589	-0.0063485899	-0.1144497284	0.1120425102	-0.1611400548	-0.1000133005	0.0169932024	0.1600458904	-0.0447327237	-0.0494500174	0.0366214962	-0.0924243956	-0.0893771409	-0.1023139614	0.1014639107	-0.1000523871	0.0980872016	-0.0383301	-0.0228415999999999	0.0014691965660099	0.0005217386905599	0.0408253	-0.0071485999999999	0.00166670512009	5.110248195999997e-05	-0.19017	0.006744	4.5481536e-05	0.0361646289	0.00277847	6.841000000000009e-05	7.719895540899999e-06	4.679928100000011e-09	-0.000108569	-0.0002015598	4.062635297604e-08	1.1787227761e-08	0.000944949	-0.0001369909999999	8.929286126010001e-07	1.8766534080999983e-08	0.0	0.0	0.0	1.0	0.0	0.0	0.0
57859.0714476085	521.2732335674518	271725.7840338672	3347672148.7794647	121077.1419121584	902.376901751806	814284.0728151888	14659674293.616943	56299.54837372449	319.2310227997441	3169639147.085344	101908.44591777072	76258.40598223286	58895.96302814587	2.132581	38.591686	0.5372908000000001	0.369802	0.0924647921	0.0170070476	0.0690332896	-0.1207718868	0.1663945216	-0.4806024434	-0.1068331553	0.1299199235	0.4422781017	0.0408618171	0.2397226476	0.2300617674	0.2850161244	0.0036191361	0.2480830187	0.1736047487	0.0174602652	0.3404822091	-0.0567217785	0.3373101298	0.1775862045	0.0364182131	-0.1083252119	-0.0022945687	-0.0192544233	-0.135711259	0.0633623423	-0.059504781	-0.127210031	0.105572287	-0.0244132346	-0.0016916079	-0.0566784933	-0.004603474	0.0239616855	-0.0318893017	0.0387884508	-0.0833949555	-0.0772568037	0.0619930076	-0.0984592682	-0.025791002	-0.0937112597	0.0077372248	0.0222285261	-0.0402304267	-0.0774562692	-0.0539833106	-0.0390634691	-0.0648755767	-0.0294583224	-0.069359177	0.0170223236	-0.016552678	0.0633132943	0.0942168856	-0.0569444168	-0.305253824	-0.0062939997	0.1974661782	0.5482130757	0.2373155558	0.087308461	0.1256066237	0.3950810971	-0.1704424698	0.0164945273	0.1991172002	0.0544581985	0.0555662924	-0.1773857529	-0.0161268952	-0.0030998541	0.0885866549	-0.0463330429	-0.0737018675	0.0156709381	-0.0049816509	0.1205269284	-0.0342725167	-0.0197692393	-0.0318812645	0.001301392	0.0405660717	-0.0771486144	0.0480934231	0.0475863378	0.0082456884	0.0272345826	-0.0005010063	-0.0280163811	-0.1024260777	0.1019113804	-0.1010554665	0.0998612018	-0.0481836	-0.0098535	0.00232165930896	9.709146225000002e-05	0.0303537	-0.0104716	0.00092134710369	0.00010965440656	-0.463609	-0.273439	0.0747688867209999	0.214933304881	0.00673802	0.00395955	4.54009135204e-05	1.56780362025e-05	-0.000387209	-0.00027864	7.764024960000001e-08	1.49930809681e-07	0.000312605	-0.000632344	9.772188602499998e-08	3.998589343360001e-07	0.0	0.0	0.0	0.0	1.0	0.0	0.0
57830.450616414666	-28.62083119383169	819.1519782258092	3344361018.4975758	120484.38623329664	-592.7556788617658	351359.2948228728	14516487326.0142	56273.15749561544	-26.390878109043115	3166668254.5263405	696.4784473663711	75114.18713680029	59465.04103348628	2.205693	39.914745	0.55818745	0.396001	0.1306852292	-0.0294464358	0.0860834339	0.1249559164	-0.1621303551	0.2756595626	-0.055709654	0.2814632426	0.0245737271	0.0399868256	0.0159422327	0.055236113	0.2416657861	-0.0605981831	-0.1640539698	-0.2526312932	-0.1319593462	-0.1001840258	-0.0480346036	-0.1157915934	0.061564952	0.155726361	0.1034032375	0.0873818466	0.1171369724	-0.1830229524	0.1181238368	-0.0988914238	-0.0071103485	0.0111144584	0.0822774365	-0.076770701	0.0176406095	0.0387264592	0.0457388041	0.09291536	0.0164483463	-0.0277013002	0.0322641563	-0.1422503487	0.1565102107	0.161152137	-0.1922804907	0.078087558	0.0381621286	0.1157992573	-0.0652951339	-0.0229496017	-0.0215060728	0.0524765802	-0.0242505819	-0.1772376466	0.0383112926	0.0298302124	0.0578698042	0.0208037448	-0.0004727384	0.2521452311	-0.1177285101	-0.0713610495	0.044662096	-0.2477886777	-0.0097560787	0.0648630968	0.2132449746	-0.2071307798	0.0963881336	-0.2106762305	0.1600122987	0.0592207423	0.3129487113	-0.0816859081	0.010121035	-0.0354294303	0.0031494694	-0.2780825229	-0.2146440952	0.0064813107	0.0661704797	0.1421492857	0.0564473269	-0.0842636248	0.1339455597	-0.0013296462	0.0426713993	0.0610301479	0.0200140377	0.0755740218	-0.0383293947	-0.0040376038	0.138502186	-0.1025101919	0.1022474116	-0.1018099433	0.1011985345	-0.0582972	-0.0101136	0.00339856352784	0.00010228490496	0.0415738	0.0112201	0.00172838084644	0.00012589064401	-0.149059	0.31455	0.0989417024999999	0.022218585481	0.00306158	-0.00367644	9.3732720964e-06	1.35162110736e-05	0.000382426	0.000769635	5.923380332250001e-07	1.46249645476e-07	0.000312605	0.0	9.772188602499998e-08	0.0	0.0	0.0	0.0	0.0	0.0	1.0	0.0
57276.04357431952	-554.4070420951466	307367.1683246897	3280545167.5273485	119945.3176665435	-539.0685667531361	290594.91966128035	14386879230.128033	55988.98915019133	-284.1683454241138	3134766906.0602427	80751.64854107845	75118.78794417843	58314.631652722455	1.684479	30.482744	0.1429754399999999	0.0634841	0.0737159085	-0.0209950224	-0.0716236734	0.0359264959	0.0966249397	-0.066750023	0.0719142253	0.1042562161	-0.209078992	-0.1695937421	-0.2206574934	-0.1586783479	0.1284400446	0.0596391802	-0.1328480782	0.0375022674	-0.2528861113	-0.0124256423	0.0263815298	0.0586190914	-0.053629046	-0.0323737091	0.2449845759	-0.03387638	-0.0268748628	-0.0990835771	-0.0193296297	0.0182901312	0.0418192703	-0.013309007	0.144884722	0.0194357038	-0.0970416786	-0.0913795704	0.0428264581	-0.0075118765	-0.075014855	0.1087865182	0.0832354866	0.1391897819	-0.0126951317	0.0630122289	0.0287244822	-0.0095828045	-0.1761670649	-0.0316709818	0.0014746906	-0.0245463687	0.0642165417	-0.0979973281	-0.0610323009	0.0570151241	-0.0238063105	0.0757010051	0.1001375185	-0.1252558161	-0.0422487861	0.0447247191	-0.1475106765	-0.0795491324	0.0366606348	-0.1215703136	0.2195943777	-0.1729366693	-0.2354524266	-0.112869972	-0.0429578488	-0.1239603276	-0.0998536182	0.0746251362	-0.0752956423	-0.2620262152	-0.0488905949	-0.0688977327	-0.1666919255	-0.0690241421	0.0887567189	-0.0373125681	-0.0536159595	-0.179831739	0.0588141693	0.0139453898	0.0394569657	-0.0254703214	-0.1182771293	-0.0553146298	0.2027228359	-0.1208836493	-0.1314210837	0.1354881735	0.0455034275	-0.1025662807	0.1024716367	-0.1023139614	0.1020933517	-0.0630476	-0.0047503999999999	0.0039749998657599	2.256630015999995e-05	0.0905538	0.04898	0.00819999069444	0.0023990404	-0.16637	-0.0173109999999999	0.0002996707209999	0.0276789768999999	0.00250548	-0.0005560999999999	6.2774300304e-06	3.092472099999999e-07	-7.34148e-05	-0.0004558408	2.0779083494464e-07	5.38973285904e-09	-0.000114135	-0.00042674	1.3026798225e-08	1.821070276e-07	0.0	0.0	0.0	0.0	0.0	0.0	1.0
57071.932529244375	-204.11104507514392	41661.31872166744	3257205482.6226225	119840.46038040692	-104.85728613658284	10995.050455929208	14361735944.18788	55947.81443917411	-41.17471101722185	3130157940.520259	1695.3568273517303	75093.92258101578	57027.98603818061	1.33003	24.068542	0.19222129	0.10389	-0.0030574255	0.0941737114	-0.0387361539	0.0322219157	-0.1020315975	-0.0585168378	0.1207704088	-0.0504298619	-0.1144567941	-0.0828708052	-0.0138271283	0.0201052062	0.0716666755	-0.0738373621	-0.1772275101	0.040902623	-0.2580836256	-0.0227040609	0.0654281747	0.0360442657	0.0695951945	-0.0691114638	-0.0233795691	0.1418512519	-0.0405167511	0.0191753825	-0.1078418698	-0.0607095561	-0.0183399067	0.0491153917	0.0012620873	-0.0943741854	-0.0400688899	-0.0143232834	-0.0106330557	-0.046249294	0.0807442094	-0.0302301484	-0.0539708106	-0.0504034306	-0.0894228121	-0.0571245317	0.0604711433	-0.0552821169	0.0605534634	0.0022610458	-0.0785798442	0.1148743877	-0.0098332653	-0.0002742763	0.0037652347	0.0513725112	0.0236466586	-0.2288349668	-0.0695645865	-0.167667483	-0.0820782955	0.0743539508	-0.0579711199	0.0904876891	-0.0349227239	-0.107571938	0.1335727367	-0.1469395888	-0.0957433544	-0.2212383916	0.086018402	-0.0848313315	-0.0073478628	-0.0776624869	-0.0837881169	0.1162261512	0.0879546439	-0.0611791789	-0.0654702985	-0.0219846445	0.1414897473	-0.1396965275	-0.0458903431	-0.1017805281	0.0489982244	0.0546760316	0.0745005956	0.0809580659	-0.0850234837	0.0449386357	-0.1464037197	-0.0167785747	0.0784703803	-0.0839452056	-0.0501403755	-0.102594329	0.1025838106	-0.1025662807	0.1025417406	-0.039607	0.0234405999999999	0.001568714449	0.0005494617283599	0.100842	0.0102881999999999	0.010169108964	0.0001058470592399	-0.136138	0.0302319999999999	0.0009139738239999	0.018533555044	0.00125402	-0.00125146	1.5725661604e-06	1.5661521316e-06	-0.0	7.34148e-05	5.38973285904e-09	0.0	0.0011262	0.001240335	1.26832644e-06	1.538430912225e-06	0.0	0.0	0.0	0.0	0.0	0.0	0.0
