global_signal	global_signal_derivative1	global_signal_derivative1_power2	global_signal_power2	csf	csf_derivative1	csf_power2	csf_derivative1_power2	white_matter	white_matter_derivative1	white_matter_power2	white_matter_derivative1_power2	csf_wm	tcompcor	std_dvars	dvars	framewise_displacement	rmsd	t_comp_cor_00	t_comp_cor_01	t_comp_cor_02	t_comp_cor_03	c_comp_cor_00	c_comp_cor_01	c_comp_cor_02	c_comp_cor_03	c_comp_cor_04	w_comp_cor_00	w_comp_cor_01	w_comp_cor_02	w_comp_cor_03	w_comp_cor_04	w_comp_cor_05	w_comp_cor_06	w_comp_cor_07	w_comp_cor_08	w_comp_cor_09	w_comp_cor_10	w_comp_cor_11	w_comp_cor_12	w_comp_cor_13	w_comp_cor_14	w_comp_cor_15	w_comp_cor_16	w_comp_cor_17	w_comp_cor_18	w_comp_cor_19	w_comp_cor_20	w_comp_cor_21	w_comp_cor_22	w_comp_cor_23	w_comp_cor_24	w_comp_cor_25	w_comp_cor_26	w_comp_cor_27	w_comp_cor_28	w_comp_cor_29	w_comp_cor_30	w_comp_cor_31	w_comp_cor_32	w_comp_cor_33	w_comp_cor_34	a_comp_cor_00	a_comp_cor_01	a_comp_cor_02	a_comp_cor_03	a_comp_cor_04	a_comp_cor_05	a_comp_cor_06	a_comp_cor_07	a_comp_cor_08	a_comp_cor_09	a_comp_cor_10	a_comp_cor_11	a_comp_cor_12	a_comp_cor_13	a_comp_cor_14	a_comp_cor_15	a_comp_cor_16	a_comp_cor_17	a_comp_cor_18	a_comp_cor_19	a_comp_cor_20	a_comp_cor_21	a_comp_cor_22	a_comp_cor_23	a_comp_cor_24	a_comp_cor_25	a_comp_cor_26	a_comp_cor_27	a_comp_cor_28	a_comp_cor_29	cosine00	cosine01	cosine02	cosine03	trans_x	trans_x_derivative1	trans_x_derivative1_power2	trans_x_power2	trans_y	trans_y_derivative1	trans_y_power2	trans_y_derivative1_power2	trans_z	trans_z_derivative1	trans_z_power2	trans_z_derivative1_power2	rot_x	rot_x_derivative1	rot_x_derivative1_power2	rot_x_power2	rot_y	rot_y_derivative1	rot_y_power2	rot_y_derivative1_power2	rot_z	rot_z_derivative1	rot_z_derivative1_power2	rot_z_power2	motion_outlier00	motion_outlier01	motion_outlier02	motion_outlier03	motion_outlier04	motion_outlier05	motion_outlier06	motion_outlier07	motion_outlier08	motion_outlier09	motion_outlier10	motion_outlier11	motion_outlier12	motion_outlier13	motion_outlier14	motion_outlier15	motion_outlier16	motion_outlier17	motion_outlier18	motion_outlier19	motion_outlier20	motion_outlier21	motion_outlier22	motion_outlier23	motion_outlier24	motion_outlier25	motion_outlier26	motion_outlier27	motion_outlier28	motion_outlier29	motion_outlier30	motion_outlier31	motion_outlier32	motion_outlier33
67907.35628320169	n/a	n/a	4611409037.3736925	89310.47933077221	n/a	7976361718.292291	n/a	65618.69220548273	n/a	4305812766.75788	n/a	70180.13016097118	74166.59915274591	n/a	n/a	n/a	n/a	-0.1209049607	-0.0176131553	-0.0124071041	-0.0659522007	0.115443418	0.0563098236	-0.0172539808	-0.0004725711	0.1169070647	-0.026703307	0.1473678132	-0.1184574843	0.0471333339	-0.1092653414	0.0162544249	-0.1401937956	-0.0064963315	0.0283871081	-0.0393258618	0.0188149874	-0.0962556147	0.0772187714	-0.2255986644	0.0883909302	-0.0320919618	0.0154743324	-0.0143993953	0.0043709298	0.0209486128	-0.0197010408	0.0224617579	-0.024931443	0.0851957316	-0.0241408501	0.0888613517	-0.0617176283	0.1675003929	-0.0301280276	0.0900009781	-0.0936113269	0.0050892452	-0.0886617368	0.1415998645	-0.0593746092	-0.1080891005	-0.0854225602	-0.0165350137	0.0368450296	-0.1181912624	0.0033726312	-0.0634719877	0.1071674458	-0.1463112613	-0.100572663	0.0010234353	-0.0704639792	0.1255284524	-0.1460745866	0.0795903238	-0.0892078523	0.0069288078	-0.0119052356	0.1227885468	-0.0971610358	0.0760942479	-0.0317652931	0.0726463446	-0.0958623162	0.0523266742	-0.0003815939	0.103631358	-0.1408377566	0.0744986693	-0.0620705765	0.102594329	0.1025838106	0.1025662807	0.1025417406	7.67974e-05	n/a	n/a	5.89784064676e-09	4.49666e-05	n/a	2.0219951155599997e-09	n/a	-0.0696796	n/a	0.0048552466561599	n/a	-0.000656679	n/a	n/a	4.3122730904100006e-07	0.00112208	n/a	1.2590635264e-06	n/a	0.0	n/a	n/a	0.0	0.0	0.0	0.0	0.0	0.0	0.0	0.0	0.0	0.0	0.0	0.0	0.0	0.0	0.0	0.0	0.0	0.0	0.0	0.0	0.0	0.0	0.0	0.0	0.0	0.0	0.0	0.0	0.0	0.0	0.0	0.0	0.0	0.0	0.0
67937.8495592765	30.49327607480518	929.839885774286	4615551402.738886	87230.95728951447	-2079.522041257748	7609239909.645097	4324411.920076788	65634.53353780371	15.841332320982474	4307891992.7250805	250.947809703804	70225.82196641648	73737.92057260635	1.4466	25.856197	0.0273967842	0.02104	0.0753983736	-0.0330620594	-0.0202252908	0.0075434318	-0.0491928648	-0.0856488837	-0.1042696096	-0.0885450272	0.0656484292	-0.0811623068	-0.1017023494	-0.1140188301	0.0454654561	-0.0869615085	0.1582720174	-0.0859718091	-0.2274254307	0.018946017	0.0293854676	0.0410400799	-0.0084270091	-0.0340545463	-0.0019167605	0.013839971	0.1978494286	-0.160926433	-0.0194719304	0.0221789484	-0.1507875525	0.0639813175	-0.0079146227	-0.0140844169	-0.0737366028	0.0851376161	-0.0742227974	-0.0676732284	-0.0812246752	-0.0724051017	-0.0299097894	0.0396186762	-0.0735642523	0.0531754755	0.0149170994	0.0567311374	0.0911327036	-0.0373724437	0.0977910025	0.0507302043	0.021196184	0.0255771593	-0.0951803783	0.1802487927	-0.1338326541	0.1482711925	-0.0053704699	-0.0836035847	0.0202443493	0.1165489267	0.1534318964	0.0894457966	-0.1050624963	0.1619733715	-0.0757083025	0.0204002084	0.0681323322	0.0514773783	-0.1058669955	0.0967419573	-0.096450642	0.075252387	0.0077389725	0.0890725921	-0.1125912797	-0.14864604	0.1025662807	0.1024716367	0.1023139614	0.1020933517	7.67966e-05	-8.000000000017542e-10	6.400000000028066e-19	5.8977177715600006e-09	0.0207985	0.0207535334	0.00043257760225	0.0004307091485849	-0.0695876	9.199999999999486e-05	0.00484243407376	8.463999999999054e-09	-0.0007877039999999	-0.0001310249999999	1.7167550624973805e-08	6.204775916158425e-07	0.00112208	0.0	1.2590635264e-06	0.0	0.0	0.0	0.0	0.0	0.0	0.0	0.0	0.0	0.0	0.0	0.0	0.0	0.0	0.0	0.0	0.0	0.0	0.0	0.0	0.0	0.0	0.0	0.0	0.0	0.0	0.0	0.0	0.0	0.0	0.0	0.0	0.0	0.0	0.0	0.0	0.0	0.0	0.0
67909.27581826058	-28.57374101591995	816.458675644866	4611669742.16059	87305.79266306979	74.83537355532462	7622301432.526931	5600.33313516498	65452.61906569693	-181.914472106786	4284045342.5592327	33092.87516189062	69933.59978604336	74016.00118276707	1.212876	21.678675	0.0287984009999999	0.0253556	0.0377139878	0.1073941583	-0.1082974428	0.040450014	-0.1012768529	0.0896063546	-0.0441315747	-0.0629879699	-0.0417864886	0.0861861642	0.0514475369	0.0224022343	-0.0356544419	0.0095885762	0.0829390289	0.1198760478	0.0530328446	-0.0844937813	0.0512853435	0.1090159834	0.2284954311	0.075348506	-0.0339930335	0.0738072332	0.0341468724	-0.0447607299	-0.0946901694	-0.0190586505	0.0093458403	-0.1573637645	-0.0453616018	0.1817873997	0.00308183	0.0589595143	-0.081461613	0.0771017514	-0.0347047126	0.0611645188	-0.0953870438	0.0008230457	-0.0621538026	0.1947944292	-0.02999493	-0.0450463035	-0.0350845181	0.120971771	0.0401105645	0.0506373424	0.1464337854	0.0026506245	-0.0678662597	0.0102062364	0.0493923488	0.0356786826	-0.0725738829	-0.0150976506	-0.015963501	-0.1845243897	-0.1184652479	0.1232364454	0.0736401482	0.0303887008	-0.0313783666	0.0818221339	0.0789248137	0.0636522869	0.1248236286	0.1262511701	-0.0972159072	0.1349341918	0.0819778466	0.0003048411	-0.0851350388	0.0865415484	0.1025101919	0.1022474116	0.1018099433	0.1011985345	7.67976e-05	1.0000000000021927e-09	1.0000000000043854e-18	5.8978713657600005e-09	0.0243126	0.0035140999999999	0.00059110251876	1.2348898809999992e-05	-0.0946687	-0.0250810999999999	0.00896216275969	0.0006290615772099	-0.00078364	4.063999999899949e-06	1.6516095999186785e-11	6.140916496000001e-07	0.00112208	0.0	1.2590635264e-06	0.0	0.0	0.0	0.0	0.0	0.0	0.0	0.0	0.0	0.0	0.0	0.0	0.0	0.0	0.0	0.0	0.0	0.0	0.0	0.0	0.0	0.0	0.0	0.0	0.0	0.0	0.0	0.0	0.0	0.0	0.0	0.0	0.0	0.0	0.0	0.0	0.0	0.0	0.0
68012.97001726962	103.69419900904175	10752.48690812676	4625764090.570016	88770.56484253939	1464.7721794695972	7880213182.46349	2145557.5377481137	65520.40492627078	67.7858605738511	4292923461.702488	4594.92289373758	70131.7303018548	75589.3122528338	1.388057	24.809803	0.0510446976	0.0253793	-0.0550535361	-0.0882059617	-0.173792185	0.04615906	0.0795588913	-0.0206958574	-0.0182922947	-0.0404225722	-0.0455405132	-0.0035256487	-0.0181487462	-0.0690026439	-0.1409120025	-0.0215411413	0.0096388636	-0.1040011525	-0.071903595	0.0029731364	-0.0044175398	0.0829261473	0.0234244218	-0.033649285	-0.0243250827	0.0359257711	-0.0699059183	0.0919764067	-0.0780770075	-0.1302140582	-0.1113896283	-0.0513450633	-0.036823483	0.0233283883	0.0987084449	-0.0656259828	-0.050838781	0.0590735978	0.0946367451	-0.1017967226	0.0936539214	-0.1162633048	0.1063985377	0.0442561577	-0.1097366849	-0.0761488262	-0.0124608759	-0.0388797163	-0.085624774	-0.0077196695	0.0252571193	0.0690554802	-0.1797391591	0.1037760276	0.0451113849	0.0453245693	-0.0126976642	-0.0734405659	0.0425103978	0.0410601809	-0.0973925002	0.0430647508	0.0980197858	-0.0250578397	0.0599433144	-0.0258179923	-0.0933738419	0.0161751377	0.0050201424	0.0135895324	0.0224278939	-0.1273284486	-0.0488901827	-0.1576683911	0.1020030903	0.0614269315	0.1024260777	0.1019113804	0.1010554665	0.0998612018	-0.013786	-0.0138627975999999	0.0001921771572985	0.000190053796	0.0168095	-0.0075030999999999	0.00028255929025	5.629650960999998e-05	-0.0868334999999999	0.0078352	0.0075400567222499	6.139035904000153e-05	-0.000669596	0.000114044	1.3006033936000024e-08	4.4835880321600004e-07	0.00112208	0.0	1.2590635264e-06	0.0	-0.000322828	-0.000322828	1.04217917584e-07	1.04217917584e-07	0.0	0.0	0.0	0.0	0.0	0.0	0.0	0.0	0.0	0.0	0.0	0.0	0.0	0.0	0.0	0.0	0.0	0.0	0.0	0.0	0.0	0.0	0.0	0.0	0.0	0.0	0.0	0.0	0.0	0.0	0.0	0.0	0.0	0.0
67968.47951085951	-44.49050641010399	1979.4051606275043	4619714207.018129	86962.1089654087	-1808.455877130691	7562408395.711616	3270512.659528537	65497.87311680787	-22.53180946291104	4289971382.825463	507.6824376729276	70107.03218746993	74903.29846296138	1.421135	25.401039	0.1183416	0.0732035	0.0899712752	0.0224617309	-0.1314703226	0.0120603797	-0.0823652389	-0.0288855447	0.0918844054	-0.0195144689	-0.0462582637	0.0480254601	-0.010955	0.1036174459	0.0216445128	0.1234130029	-0.0312801973	0.0127439141	0.0037072049	0.0685455171	0.0243890451	0.0444899222	0.014468999	0.1801968322	-0.1007672259	0.0261383322	-0.0061825339	0.0079369509	-0.1031689024	-0.1035859025	-0.0424622063	0.0654301427	-0.0895356182	0.0353290733	0.0729588634	0.0152165651	-0.1417463766	-0.1137470424	0.1093320923	0.0309325236	0.116289241	0.0299897395	-0.0551751935	0.108061113	0.0642987974	0.1114586161	0.0343756488	0.0608894867	-0.0043633359	-0.065236961	-0.0013246353	0.0717115226	0.1281988381	0.066303074	0.1042341208	0.0140971858	0.0526285027	0.0476818697	0.0253175178	-0.1602105717	-0.0897970757	0.0057000538	-0.0330764551	0.1073014298	0.1264303916	-0.1955146378	0.1121515263	0.0774188756	-0.0280799607	0.0799102067	0.0249388614	-0.0777125579	-0.0328637264	0.0420639725	-0.0371921865	-0.0861415101	0.1023139614	0.1014639107	0.1000523871	0.0980872016	-0.0107509	0.0030350999999999	9.211832009999993e-06	0.00011558185081	0.0102068	-0.0066027	0.00010417876624	4.3595647290000014e-05	-0.0374848	0.0493486999999999	0.0014051102310399	0.0024352941916899	-0.00153387	-0.0008642739999999	7.469695470759999e-07	2.3527571769e-06	0.00112208	0.0	1.2590635264e-06	0.0	0.0	0.000322828	1.04217917584e-07	0.0	0.0	0.0	0.0	0.0	0.0	0.0	0.0	0.0	0.0	0.0	0.0	0.0	0.0	0.0	0.0	0.0	0.0	0.0	0.0	0.0	0.0	0.0	0.0	0.0	0.0	0.0	0.0	0.0	0.0	0.0	0.0	0.0	0.0	0.0
67977.02723502982	8.547724170304718	73.06358849161148	4620876231.711986	89365.80351925685	2403.6945538481523	7986246838.64242	5777747.508199268	65634.75943094629	136.88631413842086	4307921645.558192	18737.86299840244	70114.97122335692	74136.79472428169	1.681466	30.054131	0.1069074476	0.0676028	-0.1043681716	0.0849517975	-0.1052975061	-0.0488077821	0.0769533091	0.104609285	0.0767063943	-0.0812214839	-0.0267993856	-0.0076075136	0.1143929129	-0.0443137156	0.056111811	0.0141662496	-0.044170024	-0.0268799269	-0.0816796614	-0.025138074	0.0078505	0.067593519	0.0589288494	0.0628498045	0.0145744748	-0.054013606	-0.009260092	0.0673814852	-0.025047851	-0.0313631027	-0.0485126786	0.0644717214	-0.0764108473	0.0284206996	-0.0245087462	0.0180625342	0.004562262	0.009312603	-0.0957303073	0.0405597883	0.0123925147	0.1023205261	0.0604320296	-0.0262290816	-0.0201709794	0.0624387291	-0.1394342	-0.0239613383	0.0279185809	-0.0214700238	-0.0404220839	0.0562851247	-0.003820752	0.0788408548	0.0183753488	0.070802566	-0.0768456904	-0.0136963701	-0.045573978	0.0028586848	-0.1115789534	-0.0200765469	0.017501129	0.0411697658	0.024723915	0.025065204	0.0288266611	-0.0550026956	-0.1157654121	0.0434923126	-0.0798708407	-0.0049755634	-0.036827641	-0.0055638327	0.0442381988	-0.0575767848	0.1021738733	0.1009054916	0.0988031726	0.0958842909	7.67976e-05	0.0108276976	0.000117239035317	5.8978713657600005e-09	0.0223327	0.0121259	0.00049874948929	0.00014703745081	-0.0732087	-0.0357239	0.00535951375569	0.00127619703121	-0.000569271	0.0009645989999999	9.304512308009998e-07	3.24069471441e-07	0.00112208	0.0	1.2590635264e-06	0.0	0.0	0.0	0.0	0.0	1.0	0.0	0.0	0.0	0.0	0.0	0.0	0.0	0.0	0.0	0.0	0.0	0.0	0.0	0.0	0.0	0.0	0.0	0.0	0.0	0.0	0.0	0.0	0.0	0.0	0.0	0.0	0.0	0.0	0.0	0.0	0.0	0.0	0.0
67843.87916918026	-133.1480658495566	17728.407439477858	4602791940.722331	88203.80416895339	-1161.999350303464	7779911069.875078	1350242.490105672	65729.57302989131	94.81359894502384	4320376770.691815	8989.618544907826	70415.89636935263	74377.22916333078	1.603384	28.658522	0.1326204976	0.0754130999999999	0.0377877784	-0.1001954059	-0.0334153924	-0.009749726	0.0385576282	-0.1104209973	-0.0841801281	-0.094317607	0.0080858253	-0.1611165316	-0.0974283103	0.0260344331	0.0982225893	0.0679299791	0.1168962382	-0.0124883722	0.018029657	-0.006968952	-0.1030959706	0.0122842015	0.0107942955	-0.0182340712	-0.1259627592	-0.003088424	0.0362051015	0.1779646502	-0.0061581314	-0.0386158877	-0.0310192142	-0.1149659252	-0.0214638893	0.0051172459	-0.0212843984	0.0512542528	-0.044417274	0.0515364285	-0.1521573574	0.0315450183	0.0385826196	-0.0106968706	-0.0053636893	-0.1089321125	0.1014451366	-0.0677663674	0.1173895733	-0.1203981825	0.0789757018	-0.015904864	0.0890079272	-0.0943542653	0.04606973	0.0901783513	0.0671833708	-0.0482102248	-0.0728084425	-0.0662319206	0.1223305712	-0.0140239637	-0.0882032756	-0.0165102036	0.088554367	0.0904833602	0.1741219402	-0.0196487499	-0.0092766303	0.0236404145	-0.0022703338	-0.0954894402	-0.1160677768	0.0741702412	0.0821224328	0.0616620604	0.0237000419	0.0598654846	0.102005852	0.1002367339	0.0973108962	0.0932621027	-0.0165233	-0.0166000976	0.0002755632403295	0.00027301944289	0.0286708	0.0063380999999999	0.00082201477264	4.017151160999999e-05	-0.0265392	0.0466695	0.0007043291366399	0.00217804223025	-0.00154819	-0.000978919	9.58282408561e-07	2.3968922761e-06	0.00106906	-5.301999999999998e-05	1.1428892836e-06	2.811120399999997e-09	-0.000228317	-0.000228317	5.212865248899999e-08	5.212865248899999e-08	0.0	1.0	0.0	0.0	0.0	0.0	0.0	0.0	0.0	0.0	0.0	0.0	0.0	0.0	0.0	0.0	0.0	0.0	0.0	0.0	0.0	0.0	0.0	0.0	0.0	0.0	0.0	0.0	0.0	0.0	0.0	0.0	0.0	0.0
67760.76931354354	-83.10985563672148	6907.248103956685	4591521857.963264	86631.5424905572	-1572.2616783961855	7505024154.293218	2472006.785353191	65385.61886089354	-343.95416899777047	4275279153.822037	118304.47037094684	69967.41337988357	74494.93381880622	1.188278	21.239	0.096546997	0.0541439	0.0727189417	0.0489765795	-0.0642375619	0.0949380764	-0.1230928935	0.0426264527	-0.1290024365	0.0479897641	0.0020224345	0.0837806373	-0.0679126545	-0.129236196	0.0447809249	-0.005781655	-0.0147956506	0.1259487514	0.0042970244	-0.070297789	0.1384640144	0.0793643911	0.0772079026	0.0786316607	0.0500406463	0.133622404	-0.0491954036	0.0490943758	-0.0624112985	0.0490952164	0.0018800732	0.0004292173	0.0359042297	0.1933286964	0.1179135357	-0.0258791546	0.0557928095	-0.008268662	-0.0298903998	0.0267637822	-0.0384067622	-0.1093344166	0.1032530475	-0.0250260714	0.0988005069	-0.0045208745	0.045271147	0.1052767567	0.0483142273	0.0882587881	-0.0249086152	0.0315128593	-0.0698455561	0.0220143324	0.0418964758	0.0254306843	-0.1347585447	0.0672327836	-0.0066374138	-0.205874915	-0.0613159773	-0.0207066557	-0.107412297	0.0940748162	-0.0793546391	-0.0244095741	-0.0056017267	0.0619479464	0.1437180389	0.0753292988	-0.0100119621	0.0464446764	0.0855960879	-0.1280022389	-0.16784908	0.0179880136	0.1018099433	0.0994583687	0.0955792289	0.090232103	0.000131547	0.016654847	0.0002773839285934	1.7304613209e-08	0.0221426	-0.0065282	0.00049029473476	4.261739524000002e-05	-0.0319508	-0.0054116	0.00102085362064	2.9285414560000028e-05	-0.000597866	0.000950324	9.031157049760004e-07	3.57443753956e-07	0.000886017	-0.0001830429999999	7.85026124289e-07	3.350473984899997e-08	-0.000453997	-0.00022568	5.09314624e-08	2.0611327600900003e-07	0.0	0.0	0.0	0.0	0.0	0.0	0.0	0.0	0.0	0.0	0.0	0.0	0.0	0.0	0.0	0.0	0.0	0.0	0.0	0.0	0.0	0.0	0.0	0.0	0.0	0.0	0.0	0.0	0.0	0.0	0.0	0.0	0.0	0.0
67818.46877626414	57.69946272060042	3329.227998245958	4599344707.157114	88220.6455542194	1589.1030636622015	7782882302.003211	2525248.546940596	65407.57829483696	21.959433943418844	4278151298.395227	482.2167391153757	69989.49872047007	74558.81584744959	1.372267	24.527584	0.0687532759999999	0.0387353	-0.0934308614	-0.0160146189	-0.0634009198	0.0600759341	0.0286898666	0.0610184072	-0.0812190264	0.0487221721	-0.0622548252	0.092816239	0.0158603534	-0.0727504064	-0.1278195723	0.0350331913	0.2070508043	0.0350517617	-0.0004735143	0.1210873397	0.0055657327	-0.0530382278	-0.1866389415	0.0720742228	-0.0040161916	0.0272999848	0.0145530884	0.0732687789	-0.0261931211	0.0940819196	-0.0631421274	0.0801048992	0.1021641753	-0.029266155	-0.0098629061	-0.1681963344	-0.0302160876	0.0700016188	0.0221312869	-0.1118684796	-0.0621969517	0.0282235173	0.0748882069	0.0575516436	0.0082397625	0.0218609467	-0.0463363818	0.0371955228	-0.1225638887	0.0756877758	0.0424663847	-0.0744868675	-0.1106505694	0.1291216572	0.0525513675	-0.0200326988	0.1292723507	0.0367417634	0.0721053789	-0.0377172647	0.1092464129	-0.0938086487	-0.1193708287	0.1221327371	-0.0574661613	-0.0320983487	-0.1301791877	-0.0257718568	-0.0496092314	0.0848671042	0.0621921573	-0.0351015703	-0.083590194	-0.0013645481	-0.0043577256	0.0860210928	0.1015862008	0.0985712473	0.0936124309	0.0868075413	0.000201823	7.0276e-05	4.9387161760000015e-09	4.0732523329000006e-08	0.0251285	0.0029859	0.00063144151225	8.915598810000019e-06	-0.0676599	-0.0357090999999999	0.0045778620680099	0.0012751398228099	-0.0008533599999999	-0.0002554939999999	6.527718403594891e-08	7.282232895998293e-07	0.000988466	0.0001024489999999	9.770650331559998e-07	1.049579760099998e-08	-0.00021218	0.000241817	5.8475461489e-08	4.50203524e-08	0.0	0.0	0.0	0.0	0.0	0.0	0.0	0.0	0.0	0.0	0.0	0.0	0.0	0.0	0.0	0.0	0.0	0.0	0.0	0.0	0.0	0.0	0.0	0.0	0.0	0.0	0.0	0.0	0.0	0.0	0.0	0.0	0.0	0.0
67815.90925541666	-2.5595208474842366	6.5511469687064245	4598997548.1389065	87458.9180971256	-761.7274570938025	7649062354.719724	580228.7188905907	65442.01033008312	34.43203524615819	4282656716.0427055	1185.56505119268	70099.327061231	74004.03842235816	1.40469	25.107098	0.059064488	0.0288375	0.0678180807	-0.057357552	-0.0541099472	-0.0386417515	-0.0142841457	-0.0926263046	0.0950948914	-0.0062149804	-0.0447897354	0.0758186512	-0.0664720208	-0.042757612	-0.0545750935	-0.0076332302	-0.0878321526	0.001162069	-0.0691621607	0.0915245151	0.0055694886	0.0379497938	0.1255803773	-0.0227257449	0.0204607509	0.0083963327	-0.0343866967	-0.1472704454	0.0478511264	-0.0186907838	0.0110343192	0.0771683245	0.0307353344	-0.0878064453	-0.0124062694	0.0617920769	0.0810065051	-0.0382516933	-0.0174937534	-0.0031574813	-0.1209338005	0.0525185497	-0.1240533505	-0.0133043653	0.1219554806	0.068472768	0.0639295546	0.0548197596	-0.0704711557	-0.0451571843	-0.0733892591	0.0810478442	-0.0170410513	0.0814578033	0.004495613	0.1392590406	-0.0143233395	0.0565602442	-0.0342395353	0.0330170144	0.0156847511	0.1626658923	-0.0301925512	-0.0842613744	0.103140921	-0.0350049209	0.0131867731	-0.0501176492	0.0658530488	-0.083407994	0.0664615817	-0.0115216801	-0.1055315224	0.0089051935	-0.066768954	-0.0111769354	0.1013346856	0.0975763397	0.0914153405	0.0830033923	-0.00278132	-0.0029831429999999	8.899142158448998e-06	7.7357409424e-06	0.0153913	-0.0097372	0.00023689211569	9.481306384000003e-05	-0.0527788	0.0148810999999999	0.00278560172944	0.0002214471372099	-0.00113061	-0.0002772500000001	7.686756250005545e-08	1.2782789721e-06	0.0010615	7.303400000000003e-05	1.12678225e-06	5.3339651560000055e-09	6.67969e-05	0.0002789769	7.782811073361e-08	4.46182584961e-09	0.0	0.0	0.0	0.0	0.0	0.0	0.0	0.0	0.0	0.0	0.0	0.0	0.0	0.0	0.0	0.0	0.0	0.0	0.0	0.0	0.0	0.0	0.0	0.0	0.0	0.0	0.0	0.0	0.0	0.0	0.0	0.0	0.0	0.0
67748.47481023542	-67.43444518123579	4547.404396901095	4589855839.113103	88027.44127913546	568.5231820098561	7748830418.151641	323218.60848261195	65514.38804747442	72.37771739130403	4292135041.2350593	5238.533974775474	69897.13264184589	73475.26128027437	1.355944	24.235826	0.035224235	0.0161343	-0.008781106	0.132059149	-0.0018545935	-0.0981331208	-0.0080000271	0.0844239449	0.050276286	0.0703657667	-0.0541482275	0.0512344814	0.0603325823	0.0257261887	0.1163709091	0.0231223392	0.0347139914	0.0151588533	-0.0106471892	0.1176819148	-0.0398362249	0.0458082166	0.031519465	-0.0222378941	0.121745759	0.0300748395	-0.0204528324	0.0484092316	-0.0107597931	-0.0347576463	-0.1034631338	-0.1094291061	0.0565938546	-0.0357794906	0.1076811043	-0.0034136009	0.0690753648	0.0488591106	-0.0841182362	0.0226228505	-0.0134908315	-0.0436204123	0.0534711336	-0.0724465007	0.0249788449	0.0775203908	-0.0871862535	0.0685526763	0.0219179018	-0.0368184291	0.0208833719	-0.0885607437	0.049403365	0.0629472354	0.0381276811	0.0590650143	-0.1348802244	0.0366943018	0.0792908584	0.0694957809	-0.0814155368	-0.0296753445	0.0122776641	-0.0034410558	-0.0278088875	0.1148355282	-0.0238818096	0.0537027925	-0.0612347607	-0.0475486343	0.0699695492	-0.0198039666	-0.0191704447	-0.1599636979	-0.0018960453	0.0136789643	0.1010554665	0.0964747338	0.0889933628	0.0788362905	0.00219893	0.00498025	2.48028900625e-05	4.8352931449e-06	0.0266977	0.0113064	0.00071276718529	0.00012783468096	-0.0475001	0.0052786999999999	0.00225625950001	2.786467368999997e-05	-0.00125737	-0.00012676	1.6068097600000017e-08	1.5809793169000002e-06	0.000940059	-0.0001214409999999	8.837109234810001e-07	1.4747916480999978e-08	9.17736e-05	2.4976700000000008e-05	6.238355428900004e-10	8.422393656960002e-09	0.0	0.0	0.0	0.0	0.0	0.0	0.0	0.0	0.0	0.0	0.0	0.0	0.0	0.0	0.0	0.0	0.0	0.0	0.0	0.0	0.0	0.0	0.0	0.0	0.0	0.0	0.0	0.0	0.0	0.0	0.0	0.0	0.0	0.0
67749.10750649414	0.6326962587190792	0.40030455579712	4589941567.9265	89402.43925740896	1374.997978273503	7992796145.174699	1890619.44025622	65700.15838794757	185.77034047314373	4316510812.201397	34510.61939950774	70396.90819260008	73867.31979652311	1.447347	25.869547	0.051038139	0.0260867	-0.0825990803	-0.104351533	0.0634137498	-0.0737965668	0.1477661387	-0.0436533065	-0.0176820366	0.0168689957	0.1422978938	-0.1360167617	0.0228068896	-0.1054410413	0.0499306849	0.0318914024	-0.0309705029	-0.0310379298	-0.0147361256	-0.0683391928	-0.1754620763	-0.1317107313	-0.0177560045	-0.1038411847	0.1308775597	0.1612454691	0.083561891	0.0841081376	0.0911138576	0.0186277636	-0.0966133109	0.0538528249	0.0031440702	0.042663541	-0.0206914831	0.1630057653	0.0256608145	0.020174861	0.0226804569	0.0129457615	0.0369087113	-0.0417130004	0.0374352563	0.0871437895	-0.0008058216	0.0314256142	0.0050238468	-0.1629817767	0.002328139	0.0653285365	-0.125781488	-0.0205047223	0.0630252085	-0.0226238957	0.060094388	-0.0253561192	-0.0532537042	-0.0592858941	0.1141692518	0.096596938	-0.0030142325	0.1019958206	-0.0283577108	-0.0038946387	-0.1206921396	-0.0196114831	-0.148464913	-0.0795654982	-0.1264434006	-0.0357844233	-0.0810341149	0.2284931036	0.0177631508	0.0201058064	0.1029577872	-0.0870451827	0.1007486199	0.0952676342	0.0863524559	0.0743244578	0.000188011	-0.002010919	4.043795224561e-06	3.5348136121e-08	0.032495	0.0057973	0.001055925025	3.360868729000002e-05	-0.0290907	0.0184094	0.00084626882649	0.00033890600836	-0.001172	8.536999999999998e-05	7.2880368999999965e-09	1.3735840000000005e-06	0.000592934	-0.000347125	3.515707283560001e-07	1.20495765625e-07	0.000155689	6.39154e-05	4.0851783571600006e-09	2.4239064721000003e-08	0.0	0.0	0.0	0.0	0.0	0.0	0.0	0.0	0.0	0.0	0.0	0.0	0.0	0.0	0.0	0.0	0.0	0.0	0.0	0.0	0.0	0.0	0.0	0.0	0.0	0.0	0.0	0.0	0.0	0.0	0.0	0.0	0.0	0.0
67512.47695384258	-236.6305526515644	55994.01844818477	4557934544.443125	86566.87786512138	-2835.561392287578	7493824343.314842	8040408.409431869	65390.58221607257	-309.5761718749927	4275928242.5569463	95837.40619277504	70119.54565636427	73251.76788440628	1.519172	27.153336	0.068782769	0.0325578	0.100445748	0.0180752382	0.1325716631	0.0367328967	-0.085879423	-0.0790366415	-0.0626013181	0.0770932231	-0.0344863926	0.0811896653	-0.1193852	0.0928917287	0.0246265433	-0.0339713667	0.0130594577	0.0214036861	-0.0595131065	-0.0325119372	0.0034036291	-0.1220840616	0.0325632591	0.0665426824	0.0075875834	-0.0509869392	-0.0889076661	-0.0560409604	0.0311202425	0.1109896564	0.0500269258	-0.0241558882	-0.1096061312	0.0624172964	-0.0365606538	0.0351988919	-0.0629273846	0.0306349442	0.0028566564	-0.1456615918	-0.1251023457	0.0687437986	0.0304900601	-0.0207191568	-0.1882020567	-0.0328778573	0.1257575406	0.0897445651	-0.0144998676	0.0444512458	-0.0313665489	-0.0317974006	0.19020944	0.028687962	-0.0481709244	-0.0050433921	0.1021137574	0.0230168029	-0.0531821103	0.00941778	-0.068066679	0.0292577638	0.0916709151	0.0590332726	0.0084641766	0.0615979774	0.0663231011	-0.1786998992	0.0436325505	0.0859382821	-0.0104444284	-0.0646879164	-0.0937363232	0.0210614378	0.0863087218	0.1389744578	0.1004142296	0.0939563609	0.0834991166	0.0694876231	0.00530412	0.005116109	2.6174571299881e-05	2.81336889744e-05	0.0235	-0.008995	0.00055225	8.091002500000006e-05	-0.0100574	0.0190333	0.0001011512947599	0.00036226650889	-0.000668503	0.000503497	2.535092290090001e-07	4.46896261009e-07	0.000592934	0.0	3.515707283560001e-07	0.0	-5.35812e-05	-0.0002092702	4.3794016608040014e-08	2.8709449934400003e-09	0.0	0.0	1.0	0.0	0.0	0.0	0.0	0.0	0.0	0.0	0.0	0.0	0.0	0.0	0.0	0.0	0.0	0.0	0.0	0.0	0.0	0.0	0.0	0.0	0.0	0.0	0.0	0.0	0.0	0.0	0.0	0.0	0.0	0.0
67531.52079194995	19.04383810737636	362.66776985996	4560506300.473569	87732.38382134556	1165.5059562241804	7696971170.975896	1358404.1339940412	65472.32102181905	81.73880574647774	4286624819.984129	6681.232364860422	70035.20823109122	73054.53224122491	1.396691	24.964132	0.069493882	0.0340686	-0.0400864494	0.0712463936	0.1057340961	0.0557331819	-0.0016421073	0.0342256818	-0.1000828422	0.1080573407	-0.0475974213	0.0511691655	-0.023626076	0.0069746666	0.0510145929	-0.0001677885	0.0185088779	0.0066194457	0.0398575465	-0.0118451866	0.0502925271	-0.1006840669	0.0278351737	0.0071759224	0.0512464636	-0.0148988237	-0.0350622806	-0.0608764828	0.0251771441	0.0786513	0.0207659603	0.0247926569	0.0185771461	0.0740533531	-0.1158911672	0.0296604205	-0.065723004	0.0486860295	-0.0131564285	-0.0528469326	-0.1164031338	0.0248954579	-0.0214760332	-0.0926498846	-0.017078123	-0.0396495195	-0.0142325418	0.0563464019	-0.0187773759	0.0820819471	-0.0086728571	-0.0854970243	0.0865541879	-0.0145704567	-0.0347818745	0.0227470919	0.0094997259	0.0421170179	-0.0628274373	0.0198629255	-0.0454415994	-0.0088406539	0.0409707311	-0.0318698362	-0.0487142155	0.1072579018	0.010812871	-0.0780536087	0.0808357778	0.0623131823	-0.0192319583	0.036666219	0.0011690988	0.1105136839	0.0031206568	0.1034409376	0.1000523871	0.0925423476	0.0804403643	0.0643469367	0.000157498	-0.005146622	2.6487718010884e-05	2.4805620004e-08	0.0282293	0.0047292999999999	0.0007968933784899	2.2366278489999987e-05	-0.0368532	-0.0267958	0.00135815835024	0.00071801489764	-0.000777949	-0.000109446	1.1978426916000004e-08	6.05204646601e-07	0.000403846	-0.000189088	1.63091591716e-07	3.5754271744000006e-08	0.000304328	0.0003579091999999	1.2809899544463996e-07	9.261553158400001e-08	0.0	0.0	0.0	0.0	0.0	0.0	0.0	0.0	0.0	0.0	0.0	0.0	0.0	0.0	0.0	0.0	0.0	0.0	0.0	0.0	0.0	0.0	0.0	0.0	0.0	0.0	0.0	0.0	0.0	0.0	0.0	0.0	0.0	0.0
67638.53217456746	107.01138261750748	11451.436009710582	4574971034.729998	88354.16365896177	621.77983761621	7806458235.8746	386610.1664660405	65464.5436181266	-7.777403692452935	4285606471.1296	60.48800819538056	70107.330936658	73802.78705049265	1.164146	20.807671	0.05717001779	0.0335153	-0.0440207721	-0.0841401869	0.0475370575	-0.0319083197	0.0645875425	-0.0780566429	-0.005087812	0.063044105	-0.0585898242	0.0460993519	-0.0131606905	-0.0010987019	-0.0124189067	0.0944209823	0.0619150988	-0.0956703373	-0.0299843201	0.0240547817	0.0179066378	0.0596194699	-0.052750595	-0.0315499238	0.0700972981	0.0065393451	-0.0948722627	-0.0124404182	0.0317513737	-0.0747709743	-0.1099541084	0.0144162589	0.0446104802	-0.0278312959	-0.1452738775	-0.0519120609	-0.0063812115	0.0641790901	0.0469300159	-0.0382823314	-0.0956341935	0.0470711241	0.0044213605	0.0769241707	-0.006316654	0.012050868	0.0102974536	0.0007410944	-0.1150415199	-0.0417154887	-0.0160696763	-0.0821638081	-0.0090655252	0.0685725553	0.049886159	0.0032872092	-0.007852552	-0.0854782397	-0.0362598737	0.0759018263	-0.0518690791	0.0051783544	-0.0698836857	-0.1011820154	-0.006085009	0.0126578013	-0.1106750551	-0.0484264416	-0.0385649541	0.1657607329	0.046654216	0.0445024236	0.0319379497	0.0233541685	0.0718228559	-0.0138244499	0.0996631912	0.0910271406	0.0771837238	0.0589248775	0.000223039	6.554099999999999e-05	4.2956226809999985e-09	4.9746395521e-08	4.41321e-06	-0.02822488679	1.94764225041e-11	0.0007966442343083	-0.0368522	1.000000000001e-06	0.00135808464484	1.0000000000020005e-12	-0.00059511	0.0001828389999999	3.3430099920999984e-08	3.541559121000001e-07	0.000447683	4.383699999999997e-05	2.00420068489e-07	1.921682568999997e-09	-4.65678e-05	-0.0003508958	1.2312786245764e-07	2.16855999684e-09	0.0	0.0	0.0	0.0	0.0	0.0	0.0	0.0	0.0	0.0	0.0	0.0	0.0	0.0	0.0	0.0	0.0	0.0	0.0	0.0	0.0	0.0	0.0	0.0	0.0	0.0	0.0	0.0	0.0	0.0	0.0	0.0	0.0	0.0
67614.89144176444	-23.64073280301818	558.8842474636999	4571773544.68159	86572.08679400988	-1782.0768649518868	7494726211.86958	3175797.952596745	65593.27762348145	128.73400535485416	4302478069.391112	16572.44413470362	69917.11390222046	72109.79343794685	1.233688	22.050653	0.0662534758	0.0509826	0.0813509202	-0.0392083271	0.1253226647	-0.0436533838	-0.078458716	-0.0710800637	0.0461987389	-0.0110099787	0.0936372648	-0.0242312214	-0.0780349694	0.0039826841	0.1223297866	0.1142001441	-0.0390796845	-0.0597584929	-0.0175969543	-0.0289735808	0.172418827	-0.0052887995	-0.0103841677	-0.0196745408	-0.0602966744	-0.0952306382	0.0772809219	0.025483883	-0.0122599808	-0.0427936773	0.1527667885	0.0925444267	-0.0088104972	-0.0662561282	0.0282035132	-0.1387518871	-0.0517465954	-0.0567295115	-0.0096723982	-0.1084294632	-0.0427430481	-0.1374765845	-0.060305146	-0.1065270893	0.0024937584	0.05102128	0.0383807394	0.0060550635	0.1138540599	-0.1171637042	-0.112316895	-0.057007781	-0.006202717	0.0522559634	0.0133543529	-0.0370272858	0.049210178	0.0104334102	-0.1688286414	0.0465245106	0.111796491	-0.0648026987	0.114781049	-0.0720730282	-0.0983168395	-0.0547256987	0.0602093974	0.1092541367	0.02928427	0.0312850063	-0.0019129378	-0.0176748297	-0.0199495146	0.0248274505	0.0366678229	-0.0416841408	0.0992467484	0.0894123968	0.0737372065	0.0532451548	-0.00337358	-0.003596619	1.2935668231161002e-05	1.13810420164e-05	8.25501e-06	3.8418e-06	6.81451901001e-11	1.475942724e-11	0.013355	0.0502072	0.000178356025	0.00252076293184	-0.000554794	4.031600000000009e-05	1.6253798560000075e-09	3.07796382436e-07	0.000592934	0.000145251	3.515707283560001e-07	2.1097853001000016e-08	1.67815e-05	6.33493e-05	4.01313381049e-09	2.8161874224999995e-10	0.0	0.0	0.0	0.0	0.0	0.0	0.0	0.0	0.0	0.0	0.0	0.0	0.0	0.0	0.0	0.0	0.0	0.0	0.0	0.0	0.0	0.0	0.0	0.0	0.0	0.0	0.0	0.0	0.0	0.0	0.0	0.0	0.0	0.0
67751.07522397324	136.18378220879822	18546.02253669339	4590208194.00448	87159.9701563307	587.8833623208193	7596860397.652459	345606.84769363166	65499.310791640026	-93.96683184142604	4290159714.179852	8829.765486314836	70116.62353929105	73751.68494315643	1.086724	19.423861	0.06790725999	0.0444415	0.0619999781	0.0400136409	0.0327259683	0.074138512	-0.1016441529	0.0300134971	-0.0192150238	0.0003694243	0.1182757328	0.0267661394	-0.0423584415	-0.0704144272	0.03180432	0.0967774148	-0.0520048686	0.0746236989	-0.0356099668	-0.030274696	-0.1120570167	-0.0123884574	0.0835907308	-0.1110572764	-0.0191783862	-0.0648059786	-0.0918115243	0.0584783267	0.0236359268	0.0177910261	0.0144390531	0.0512985952	-0.0086074867	-0.0300716949	0.0003244685	-0.0405233271	-0.0315304625	-0.0395368002	0.1072775759	0.0215245667	0.0863283538	0.1007894306	-0.1001339375	-0.0682798854	-0.0888344306	-0.0604863538	0.0385471635	0.0604278251	0.0730785616	0.0561018096	-0.0496235481	0.0338646069	-0.0173373417	-0.0128421921	0.0830391695	-0.1723378268	-0.0043034407	0.0118471131	-0.021172787	0.0881971192	0.0164162094	0.1092443056	-0.0035769379	-0.0850828724	0.0150008159	-0.0142788468	-0.0083870104	-0.1018674804	0.037423267	-0.1218179307	0.0187733314	-0.0163987021	-0.0128279155	0.0342747141	0.0206277681	-0.0516449786	0.0988031726	0.0876998819	0.0701092912	0.0473326046	-0.00502372	-0.0016501399999999	2.7229620195999987e-06	2.52377626384e-05	0.0196593	0.01965104499	0.00038648807649	0.000386163569199	-0.0255466	-0.0389016	0.00065262877156	0.00151333448256	-0.000554794	0.0	0.0	3.07796382436e-07	0.000592934	0.0	3.515707283560001e-07	0.0	-0.000137308	-0.0001540895	2.374357401025e-08	1.8853486864e-08	0.0	0.0	0.0	0.0	0.0	0.0	0.0	0.0	0.0	0.0	0.0	0.0	0.0	0.0	0.0	0.0	0.0	0.0	0.0	0.0	0.0	0.0	0.0	0.0	0.0	0.0	0.0	0.0	0.0	0.0	0.0	0.0	0.0	0.0
67833.96362745519	82.88840348194935	6870.487431786434	4601446621.410913	88905.35799489927	1745.3878385685675	7904162680.2012	3046378.707023056	65648.57786524936	149.26707360933506	4309735775.729709	22280.65926389465	70299.26180520472	74786.80964408998	1.284794	22.964109	0.080312145	0.0378991	-0.1043978839	0.0036831514	-0.0152895184	0.1009461285	0.0540936384	0.0829765306	-0.0577753796	0.0565298555	-0.1051241777	-0.0293464994	0.0572407231	-0.0046421411	-0.0416233694	0.0676332805	0.0672264379	0.0548320056	0.0180745386	0.0330221803	-0.0043470594	-0.0497321339	-0.1479033927	0.0508515466	-0.0575784235	0.0050519691	0.005209365	-0.1241988697	0.2173692298	0.0227161795	0.1162204884	-0.0458397241	-0.11596355	-0.0541845563	0.0817145194	0.0688718879	0.0443042051	-0.0938490621	-0.0346979776	0.0238753647	0.0931326084	0.0708668682	-0.0138762895	0.1135988762	-0.0433197674	-0.0251154579	-0.0448517206	-0.0326039884	-0.055776072	0.1239960561	0.0759195764	-0.0110269953	0.0940423924	0.014629689	0.0639762813	0.0374331686	0.1016647751	0.0210541692	-0.0196709178	-0.0047251305	0.1301757003	-0.1174641073	-0.0890583923	-0.0858419479	0.0159970569	-0.0141275656	0.0356624445	0.0325582287	-0.0667917679	-0.0612494862	-0.1101771209	-0.1081881296	0.0131841826	0.048002513	-0.0986286471	-0.0359238318	0.0983325849	0.0858914684	0.0663089027	0.041213081	0.000216875	0.005240595	2.7463835954025e-05	4.7034765625e-08	0.0224987	0.0028393999999999	0.00050619150169	8.062192359999994e-06	-0.0386371	-0.0130905	0.00149282549641	0.00017136119025	-0.000957462	-0.000402668	1.62141518224e-07	9.16733481444e-07	0.000146017	-0.000446917	2.1320964289e-08	1.9973480488900005e-07	0.00019594	0.0003332479999999	1.1105422950399999e-07	3.83924836e-08	0.0	0.0	0.0	0.0	0.0	0.0	0.0	0.0	0.0	0.0	0.0	0.0	0.0	0.0	0.0	0.0	0.0	0.0	0.0	0.0	0.0	0.0	0.0	0.0	0.0	0.0	0.0	0.0	0.0	0.0	0.0	0.0	0.0	0.0
67837.39063142812	3.4270039729308337	11.74435623048372	4601911567.680971	87652.42293327898	-1252.9350616202864	7682947246.074411	1569846.2686374309	65537.39207860453	-111.1857866448263	4295149760.464736	12362.279151828832	70174.8161596661	74012.75256196377	1.544164	27.600031	0.062710614	0.0330192	0.0880968073	-0.0781766418	-0.044951072	-0.0430591214	-0.006337575	-0.1011423313	0.0631979098	-0.013593586	-0.0799610653	0.0369006159	-0.0323219162	0.143363206	0.0381061343	0.0200513125	-0.0012950461	-0.040954775	-0.0989817012	0.0742777504	0.10697117	-0.0881950822	-0.0933440477	0.090164275	0.0588093727	0.0309899488	-0.1664461102	-0.0054602294	-0.0856415893	0.0048341031	0.0782760568	0.0086775107	-0.0620692604	-0.0929204688	-0.0297258307	-0.0631981521	0.1236284619	0.0118547905	-0.0395571807	0.0362863839	0.02873561	-0.0532288416	0.1364825789	0.0260031153	-0.1660456507	-0.0292783173	0.0711462951	0.0172022828	-0.0810611206	-0.08791553	0.0303140832	0.0214099006	0.1048585686	0.0967592357	-0.0449184526	-0.0152134649	0.0161685294	0.0179282682	-0.049543992	-0.0379296808	0.0125249624	-0.0738158959	0.0693311464	-0.1098205247	-0.047130321	0.0186207209	-0.1875864625	0.003645321	0.0628284676	0.0758325521	0.0806305074	-0.1721077996	0.0362549372	0.0171396824	-0.0556410227	-0.0032658854	0.0978351141	0.0839891338	0.0623453902	0.034913343	0.000202411	-1.4464000000000002e-05	2.0920729600000006e-10	4.0970212921e-08	0.0187422	-0.0037564999999999	0.00035127006084	1.4111292249999995e-05	-0.0168078	0.0218293	0.00028250214084	0.0004765183384899	-0.000554794	0.000402668	1.62141518224e-07	3.07796382436e-07	0.000146017	0.0	2.1320964289e-08	0.0	0.000535479	0.0003395389999999	1.1528673252099997e-07	2.86737759441e-07	0.0	0.0	0.0	1.0	0.0	0.0	0.0	0.0	0.0	0.0	0.0	0.0	0.0	0.0	0.0	0.0	0.0	0.0	0.0	0.0	0.0	0.0	0.0	0.0	0.0	0.0	0.0	0.0	0.0	0.0	0.0	0.0	0.0	0.0
67749.68094137874	-87.70969004937797	7692.989728557953	4590019267.658618	87651.29721523316	-1.1257180458196672	7682749903.513141	1.2672411186840502	65563.12509490889	25.733016304351622	4298523372.210671	662.1881281200265	69881.89067236215	73717.12303925288	1.335394	23.86853	0.093625564	0.0466633	0.0160924581	0.095632802	0.0280748671	-0.1249353709	-0.0447521621	0.0953518387	0.0908923852	0.0776928717	0.027179308	0.0419799279	0.0776077071	0.0511437433	0.0749233262	0.0848305519	0.001062362	-0.0174539721	0.0186617277	-0.0156612022	-0.0206008583	0.0391087061	-0.0044291581	-0.1081852023	-0.0058188465	-0.0028905327	0.0582281484	-0.0227032495	0.0435089284	0.0402075532	0.0602219796	-0.1059823591	-0.0562901248	-0.0906196261	-0.0358589615	-0.1131997748	-0.0865969402	0.0709134692	-0.0203070057	0.0197491595	0.0719367984	0.0038150701	-0.0570414457	-0.0299131948	-0.0305790462	-0.1137349453	-0.0901228121	0.0591615754	0.0613833114	-0.0816601357	-0.0342081631	-0.0769769999	0.0329307559	-0.0309707616	0.0594695428	-0.0923694195	0.0289642139	-0.0432199406	0.0020366001	0.0604507115	0.1029614335	0.0048082436	0.0005946689	-0.0712425907	-0.0511034441	0.0192737012	0.0479060153	-0.0036941985	-0.0298030941	-0.0481196218	-0.0865606702	-0.1220103452	0.1034490287	-0.0119774839	0.0201862157	0.072396882	0.0973108962	0.0819949584	0.0582285042	0.0284609379	0.00021805	1.563899999999999e-05	2.445783209999997e-10	4.754580249999999e-08	0.0022266	-0.0165156	4.95774756e-06	0.00027276504336	0.00111236	0.01792016	1.2373447696e-06	0.0003211321344256	0.000141461	0.000696255	4.84771025025e-07	2.0011214521000002e-08	0.000146017	0.0	2.1320964289e-08	0.0	4.82507e-05	-0.0004872282999999	2.3739141632088995e-07	2.32813005049e-09	0.0	0.0	0.0	0.0	0.0	0.0	0.0	0.0	0.0	0.0	0.0	0.0	0.0	0.0	0.0	0.0	0.0	0.0	0.0	0.0	0.0	0.0	0.0	0.0	0.0	0.0	0.0	0.0	0.0	0.0	0.0	0.0	0.0	0.0
67749.0035835481	-0.6773578306456329	0.4588136307369579	4589927486.563613	88444.62954989346	793.3323346602992	7822452496.217888	629376.193217561	65721.31413343191	158.18903852302174	4319291131.425237	25023.77190883805	70230.96772231645	73307.95407596148	1.240222	22.167435	0.076883874	0.0464882	-0.0916157405	0.026130258	0.0881565803	-0.0004670129	0.0609120388	0.0688550494	-0.032034823	0.0716212518	0.029764654	-0.060522349	0.1107932177	-0.030355616	0.0715712755	-0.0115108505	-0.0304017143	0.0298102589	-0.01111063	-0.0328489184	0.0218852014	-0.1683716345	-0.1314598738	-0.050688717	0.1804259346	-0.053975168	-0.0497208151	-0.1105879464	-0.0794922951	-0.0385173971	0.0457304692	-0.0242066361	0.0291282436	-0.0086247317	0.0434738957	-0.0354840252	0.1822524009	0.044042544	0.0154840862	0.0716807864	0.0643834549	0.0620153163	-0.0078967978	-0.0151499492	0.0752357594	-0.0884578564	-0.0762853122	-0.0692039678	0.0105752309	0.0857798765	-0.0396535068	-0.0216477906	0.1350656133	-0.0754482268	-0.054958882	-0.0414652112	-0.0088722909	0.0309564417	-0.0532316702	0.1120685813	0.0641907185	-0.07512452	-0.0927131166	-0.0271131413	-0.072840098	0.0390919361	-0.1860750257	0.1097390632	0.1201458862	-0.0097157045	0.0299065549	-0.0074325138	0.0524841599	-0.0112447873	-0.0223950873	-0.0355701958	0.0967600744	0.0799111227	0.0539683725	0.0218840804	0.000234104	1.605400000000002e-05	2.5773091600000055e-10	5.4804682816e-08	0.017998	0.0157714	0.000323928004	0.00024873705796	0.00194188	0.00082952	3.7708979344e-06	6.881034304000001e-07	-0.000676208	-0.000817669	6.685825935610001e-07	4.57257259264e-07	8.76207e-05	-5.83963e-05	7.67738706849e-09	3.4101278536899996e-09	-0.000281022	-0.0003292727	1.0842051096529005e-07	7.897336448400001e-08	0.0	0.0	0.0	0.0	0.0	0.0	0.0	0.0	0.0	0.0	0.0	0.0	0.0	0.0	0.0	0.0	0.0	0.0	0.0	0.0	0.0	0.0	0.0	0.0	0.0	0.0	0.0	0.0	0.0	0.0	0.0	0.0	0.0	0.0
67738.11402475002	-10.889558798080545	118.58249081685337	4588452091.630034	88434.71925442277	-9.910295470690471	7820699569.608574	98.21395631638806	65662.09746643223	-59.216666999680456	4311511043.691245	3506.6136505510444	70395.68402452006	73573.9697940561	1.252729	22.390993	0.0601458605	0.0336923	0.0049817862	-0.1088927701	0.0989018884	-0.0216847559	0.0489566105	-0.1107746124	-0.0564382297	-0.0741547088	-0.033038655	-0.1038963846	-0.0676925682	0.0456192861	-0.0349650648	0.0607750309	0.1119641617	-0.0096690105	0.0302945117	0.0003319318	-0.0693365897	-0.0054944962	-0.0654258765	-0.0210641711	0.0249704384	-0.0561130612	0.079477504	0.1285679772	-0.01432108	0.1106082213	0.119617893	0.0744967667	-0.0458118989	-0.0109378207	0.0305619926	-0.0189556387	0.0146692504	0.0859190059	0.0536142649	0.1378360708	0.0172959167	-0.141017282	-0.0597998611	-0.0247652416	0.0629471723	-0.0819968469	0.0932439441	-0.1050435336	0.0005138323	-0.0383978665	0.10329624	-0.0852716495	-0.0234913825	-0.0333215955	0.0169535572	-0.1283143037	-0.0221576754	-0.0313840141	-0.0070749962	0.0864197805	-0.0262438443	-0.0477341939	-0.1026686354	0.0801373609	0.042010623	-0.0816413066	-0.0185454055	0.0479800459	0.0551790291	-0.1613334335	-0.0613492777	-0.0359681249	-0.0423239255	0.0233262447	0.0798508168	0.0689158568	0.0961827994	0.0777399053	0.0495754752	0.0152115293	0.00254905	0.002314946	5.358974982916e-06	6.497655902500001e-06	7.527049999999998e-05	-0.0179227295	5.665648170249997e-09	0.0003212242327301	0.0267615	0.02481962	0.00071617788225	0.0006160135369444	-0.000780263	-0.000104055	1.0827443025000008e-08	6.08810349169e-07	0.000285337	0.0001977162999999	8.1417203569e-08	3.909173528569e-08	-0.000281022	0.0	0.0	7.897336448400001e-08	0.0	0.0	0.0	0.0	0.0	0.0	0.0	0.0	0.0	0.0	0.0	0.0	0.0	0.0	0.0	0.0	0.0	0.0	0.0	0.0	0.0	0.0	0.0	0.0	0.0	0.0	0.0	0.0	0.0	0.0	0.0	0.0	0.0	0.0
67764.08873694978	25.97471219976433	674.6856738605857	4591971722.349204	87127.73969262493	-1306.979561797838	7591243023.94581	1708195.5749572683	65479.31150595428	-182.78596047794417	4287540235.293797	33410.70734784457	70112.65512007434	73707.61256302506	1.192798	21.319788	0.0579297038	0.0347031	0.0909903537	0.0263821957	0.0845868527	0.085730217	-0.0957051722	-0.021721898	-0.0256813525	-0.0406492221	0.0678482382	0.0528586263	-0.0719913734	-0.0698672264	0.062323095	-0.0577186577	-0.0653509809	0.0605312772	-0.0746971926	-0.0893055968	0.0417062219	-0.1398027105	0.0061459344	-0.1058792004	-0.0501290954	-0.0231273476	0.0878101735	-0.0512597102	-0.0038384604	0.049509268	0.0797580902	-0.018223552	0.0141559557	-0.0249872979	-0.1282964275	-0.0385763019	0.0472319648	0.1488351687	0.075152306	0.0398789221	0.0047615714	0.1001675899	-0.084926727	0.020311228	0.1376330278	0.2000471252	0.0717937441	0.0803115276	0.0611197904	0.0836590741	-0.0798319977	0.0579227068	0.0016274126	-0.0217937511	-0.0662498146	-0.058521603	-0.0269493082	0.0079558704	-0.0266107804	0.063904446	0.141726144	0.1125699877	0.151583213	0.0249277194	0.0107482188	-0.0395918651	-0.0199652045	0.0630811025	0.0163475309	-0.0469131768	0.0179286708	0.0432281575	0.0346362782	0.0428582431	0.0386217833	0.0981382999	0.0955792289	0.0754836805	0.0450606192	0.0084724621	0.000239506	-0.002309544	5.333993487936001e-06	5.7363124036e-08	8.924529999999998e-05	1.39748e-05	7.964723572089996e-09	1.9529503504e-10	0.0081861999999999	-0.0185753000000001	6.701387043999838e-05	0.00034504177009	-0.000342585	0.000437678	1.91562031684e-07	1.1736448222500001e-07	-1.76027e-05	-0.0003029397	3.0985504729e-10	9.177246183608998e-08	-0.000281022	0.0	0.0	7.897336448400001e-08	0.0	0.0	0.0	0.0	0.0	0.0	0.0	0.0	0.0	0.0	0.0	0.0	0.0	0.0	0.0	0.0	0.0	0.0	0.0	0.0	0.0	0.0	0.0	0.0	0.0	0.0	0.0	0.0	0.0	0.0	0.0	0.0	0.0	0.0
67818.60355734998	54.51482040020346	2971.86564326644	4599362988.469004	88139.59634878616	1011.8566561612242	7768588444.526958	1023853.892617774	65501.33679667519	22.025290720906924	4290425122.1514754	485.1134313404687	69990.86174085234	73575.09437181383	1.419183	25.366154	0.0843971987	0.0449815	-0.048425954	0.094260192	0.0044061422	0.0628756623	-0.0049642673	0.080448063	-0.0081485288	-0.027383309	-0.0361278425	0.0569568625	0.0216920459	0.0235059309	-0.0724483141	-0.0635887211	-0.0022763919	0.1040894332	0.0688750846	0.0694171882	-0.1639898933	0.0696109856	-0.0410392082	-0.0079873399	0.0226370855	-0.0622817222	-0.0761044579	0.0740551947	0.0533964704	0.0074246322	0.0301821042	0.053098946	0.0470959007	-0.0368803849	0.04678873	0.1263979552	-0.019835587	-0.0873916389	0.0266263069	-0.0385089393	-0.0372896162	0.0372432727	-0.0159734229	0.1275451016	-0.0346300268	-0.0177774202	-0.0566671679	0.0697909326	-0.0108512033	0.0237106731	0.112703095	0.0114752807	-0.0547122347	-0.0942460405	0.0322020156	0.0536206695	0.0528171187	0.0449469387	0.0719637668	0.0599389775	-0.0453170708	-0.0543781533	-0.0189785544	-0.07083146	0.035484748	-0.0138850659	0.00978772	-0.0988791148	-0.0225873475	-0.0640055197	0.0346399485	0.0154750613	-0.214561752	0.0063168122	-0.0633073391	-0.0331322287	0.0949495281	0.0731449155	0.0404349114	0.0016963469	0.000255609	1.6103000000000005e-05	2.5930660900000016e-10	6.533596088100001e-08	0.0208599	0.0207706547	0.00043513542801	0.0004314200966666	-0.000144736	-0.0083309359999999	2.0948509696e-08	6.940449463609433e-05	0.000267031	0.000609616	3.71631667456e-07	7.1305554961e-08	-0.000215685	-0.0001980823	4.6520019225e-08	3.923659757329e-08	1.68698e-05	0.0002978918	8.873952450724e-08	2.8459015203999995e-10	0.0	0.0	0.0	0.0	0.0	0.0	0.0	0.0	0.0	0.0	0.0	0.0	0.0	0.0	0.0	0.0	0.0	0.0	0.0	0.0	0.0	0.0	0.0	0.0	0.0	0.0	0.0	0.0	0.0	0.0	0.0	0.0	0.0	0.0
67919.02939583965	100.42583848966753	10085.349036352784	4612994554.07293	88387.79143227822	248.1950834920572	7812401674.275914	61600.79946962923	65537.62139346228	36.28459678708896	4295179817.912805	1316.5719640016264	70191.0610332768	74510.38457222094	1.438406	25.709742	0.1213232036	0.0621143	0.0097232556	-0.1115489504	-0.0558127247	-0.0468586341	0.0519728307	-0.076057307	0.0751740418	-0.0491891665	-0.0133128696	0.0136317714	-0.0361227205	-0.0159367675	-0.1572476578	0.0019643508	-0.0931399272	-0.0197114536	0.0671081221	0.0551638603	0.0573923015	0.0774535271	0.022145476	-0.0274101576	0.0891070663	0.0679671447	0.0972263601	0.0556118613	-0.0024926192	-0.1098229077	0.025461441	0.0401318283	0.0383553455	0.0418034153	-0.0544093505	0.033095579	0.0363382276	-0.0607570186	0.0149618048	0.0319229502	-0.1112838311	0.0678357739	0.072525433	0.0941088377	0.0067978549	-0.0074256286	0.0251097681	-0.0354632601	-0.1050858246	-0.0923553985	-0.0221875336	0.0413106061	-0.1845994074	-0.1101265452	0.0335100013	0.0196313225	-0.0608157725	0.0467428368	-0.0393975586	0.0080769998	0.0416100245	0.0249089321	-0.0474560182	0.0364606699	-0.0812108711	-0.001700353	0.0696442629	0.0107886142	-0.0801262835	0.0061186006	0.1138815208	0.0078952732	-0.0179325043	-0.0418508946	0.0818111187	-0.0176741054	0.094293869	0.0707261675	0.0357097311	-0.0050871859	0.000234281	-2.132800000000001e-05	4.5488358400000035e-10	5.4887586961e-08	9.63504e-05	-0.0207635496	9.28339958016e-09	0.0004311249919916	0.0311596	0.031304336	0.00097092067216	0.0009799614524008	-0.000458055	-0.000725086	5.25749707396e-07	2.09814383025e-07	0.000146017	0.000361702	2.1320964289e-08	1.3082833680399998e-07	-0.000281022	-0.0002978918	8.873952450724e-08	7.897336448400001e-08	0.0	0.0	0.0	0.0	0.0	0.0	0.0	0.0	0.0	0.0	0.0	0.0	0.0	0.0	0.0	0.0	0.0	0.0	0.0	0.0	0.0	0.0	0.0	0.0	0.0	0.0	0.0	0.0	0.0	0.0	0.0	0.0	0.0	0.0
67855.80025856658	-63.22913727306877	3997.923800296575	4604409628.730485	87410.05404789191	-977.7373843863024	7640517548.655386	955970.392826568	65523.31366388267	-14.307729579610168	4293304633.4955535	204.71112572325177	69870.9960862322	73673.22722603186	1.191342	21.293764	0.0527107184	0.0317053	0.0606586303	0.0668339754	-0.0334606244	-0.0730173697	-0.0750783204	0.0676082231	0.1385632406	-0.0924290997	0.0461447004	0.0432407919	0.0190452478	0.0438368327	-0.0223012499	-0.0146073317	-0.0205964597	0.0044328815	0.1069673135	0.0540335311	-0.0886990519	0.1024739196	-0.0735045887	-0.0147321987	0.0066450073	-0.0726868599	-0.0507795015	-0.0420947695	0.091529097	-0.0902717646	0.0438568793	-0.0545821002	0.0076174464	-0.0236423494	-0.1140999359	0.0213275588	-0.143964074	0.0845779258	0.0028839652	0.1656979346	-0.0768736809	-0.0037783981	-0.0486448184	-0.0687331639	-0.0032301274	-0.0962720492	-0.0645065893	0.0616597473	0.0577096131	-0.1154951193	0.0157453241	0.0119904365	-0.0832066531	-0.06492908	0.0119919789	-0.0021691031	0.1131290007	0.0293271488	0.0642013914	0.0123830861	-0.0303326693	-0.0718285824	-0.0761006306	-0.1383426509	-0.0070894309	0.0530693804	0.0231700005	0.0066115312	-0.0345279402	0.0344651396	0.1064666929	0.0196206546	0.1169330923	0.1666502425	0.0919367552	0.0188446212	0.0936124309	0.0682300815	0.0308967027	-0.0118484738	0.000239769	5.487999999999999e-06	3.011814399999999e-11	5.7489173361e-08	-0.0104271	-0.0105234504	0.0001087244144099	0.0001107430083212	0.021944	-0.0092155999999999	0.000481539136	8.492728335999996e-05	8.473849999999998e-05	0.0005427935	2.9462478364225004e-07	7.180613382249997e-09	2.94869e-05	-0.0001165300999999	8.694772716100001e-10	1.3579264206009998e-08	-0.000281022	0.0	0.0	7.897336448400001e-08	0.0	0.0	0.0	0.0	0.0	0.0	0.0	0.0	0.0	0.0	0.0	0.0	0.0	0.0	0.0	0.0	0.0	0.0	0.0	0.0	0.0	0.0	0.0	0.0	0.0	0.0	0.0	0.0	0.0	0.0	0.0	0.0	0.0	0.0
67925.75024196529	69.94998339870654	4893.00017747932	4613907545.933847	88889.26411980242	1479.2100719105074	7901301275.759994	2188062.4368414884	65740.84178188938	217.52811800671043	4321858278.191412	47318.48212354134	70184.18280663612	73827.81786527534	1.339118	23.935093	0.0739684379999999	0.0350445	-0.1064441833	0.0474072014	-0.0185606686	-0.0087684293	0.064765098	0.0878373804	-0.0176814377	-0.057612926	-0.009165642	-0.0647483268	0.1325697444	0.0436251289	0.0029490862	-0.1573649965	0.0694381917	-0.0010529792	0.1421894885	0.0901187676	0.0642172075	0.005406532	-0.0382141905	0.035725844	0.1089415843	-0.1301643686	0.0084246436	0.0051723377	0.0617743626	-0.0609003229	-0.0296537174	0.0161904369	-0.090950686	0.0694865545	-0.014472021	0.1470642006	0.0993725819	-0.0257407359	-0.1078630686	-0.0175811874	0.0233227643	0.0737990465	-0.0314077598	-0.1186357977	-0.1116809131	0.1078111354	-0.1175303627	-0.0787897276	0.009571572	-0.00389932	0.0719313033	-0.0136027004	-0.0061067881	-0.0388182708	-0.1689583593	0.015644373	0.0682457665	0.1255995145	-0.0061444267	0.0230164003	-0.1097932767	-0.1189073404	-0.0837492458	-0.0507062595	-0.0245530259	-0.0411188239	0.0076391615	0.0839334907	-0.0036593802	-0.0188679123	-0.1023696147	0.1331354205	-0.0716109496	-0.0393494787	0.0245929153	0.0281005951	0.0929054001	0.0656593869	0.0260076665	-0.0185579513	0.000240066	2.969999999999872e-07	8.820899999999239e-14	5.7631684356e-08	0.000113471	0.010540571	1.2875667841e-08	0.000111103637006	0.00297895	-0.01896505	8.8741431025e-06	0.0003596731215025	-0.000244395	-0.0003291334999999	1.0832886082224999e-07	5.972891602500001e-08	-0.000428002	-0.0004574889	1.8318571200400006e-07	2.0929609362321001e-07	-0.000178394	0.000102628	1.0532506384e-08	3.1824419236000014e-08	0.0	0.0	0.0	0.0	0.0	0.0	0.0	0.0	0.0	0.0	0.0	0.0	0.0	0.0	0.0	0.0	0.0	0.0	0.0	0.0	0.0	0.0	0.0	0.0	0.0	0.0	0.0	0.0	0.0	0.0	0.0	0.0	0.0	0.0
67910.76097014354	-14.989271821745206	224.67826974616483	4611871455.543972	88242.26054848915	-647.0035713132675	7786696546.707445	418613.6212921224	65854.82279511669	113.98101322731236	4336857685.376221	12991.671376324755	70432.98181142946	73245.27951297087	1.233932	22.055019	0.0894772899999999	0.0523681	-0.0066728408	-0.1028007223	0.0262904848	-0.0405303118	0.0395774218	-0.0922113726	-0.0554516475	-0.1005534072	0.045003885	-0.162970792	-0.0030847109	0.1082997803	-0.061022697	-0.111700192	0.0462949532	0.042265826	0.0983167379	-0.0085544421	0.097097795	-0.0549624254	0.1557909014	-0.0765775446	-0.0243330672	-0.1515774206	-0.1115189798	-0.0148204524	-0.083575322	0.0076638785	0.0605645477	0.0525367785	0.1184716632	-0.0625080613	-0.0312036639	-0.1129222868	-0.023716839	-0.0031475398	-0.0754471434	-0.0758972823	0.0706872154	-0.0216299848	-0.0322703629	-0.1880426522	0.1932125775	0.0448428271	0.0522864418	-0.1529549919	0.0430394094	-0.0521162611	0.1154353079	-0.0009564036	-0.0210441879	-0.0938786537	-0.1358608845	-0.1297540244	-0.0257068554	0.0926674789	-0.0955017447	0.0326173214	-0.0449389406	0.1282239371	0.0243944849	-0.0149269962	0.0491943425	-0.0922787817	0.0779449665	-0.0203399495	-0.002821329	-0.0027836317	0.1582415752	0.0063474606	0.0081019343	-0.0494734431	-0.0207806468	0.0443081053	0.0921729699	0.0630168947	0.0210546499	-0.0251862796	0.000237335	-2.7309999999999845e-06	7.458360999999916e-12	5.6327902225000004e-08	0.00911973	0.0090062589999999	8.316947527289999e-05	8.111270117508099e-05	0.0357162	0.0327372499999999	0.0012756469424399	0.0010717275375624	-0.000938428	-0.000694033	4.81681805089e-07	8.806471111840001e-07	-0.000270042	0.00015796	7.2922681764e-08	2.49513616e-08	-0.000281022	-0.000102628	1.0532506384e-08	7.897336448400001e-08	0.0	0.0	0.0	0.0	0.0	0.0	0.0	0.0	0.0	0.0	0.0	0.0	0.0	0.0	0.0	0.0	0.0	0.0	0.0	0.0	0.0	0.0	0.0	0.0	0.0	0.0	0.0	0.0	0.0	0.0	0.0	0.0	0.0	0.0
68006.00962102693	95.24865088338264	9072.30549510451	4624817344.575207	87861.77905071668	-380.48149777247454	7719692217.956956	144766.17014718556	65703.45533787564	-151.36745724105276	4316944043.336219	22912.107111621932	70451.78061700106	74216.33930531403	1.189381	21.25872	0.088703767	0.0508268	0.0421891794	-0.0064538984	-0.0510462272	0.070173875	-0.0440373202	-0.042469067	0.0019522318	-0.1386319028	-0.0191249042	-0.0404653044	-0.0584162135	-0.0068084945	-0.0561116838	-0.1019460861	-0.2018388872	0.1161255545	-0.1685092258	0.0542466402	0.0490170807	0.0292184584	-0.0310898035	-0.1009725433	-0.0533400683	0.1062405414	0.0125268906	0.1378018718	-0.0476861772	-0.0460936163	0.0430000915	0.0513620092	-0.0860494401	0.0846463918	-0.0301104981	0.0093027124	-0.0127620393	-0.0006719385	-0.0379964822	0.1483792084	-0.0436984539	0.0600593085	0.1527194054	-0.0618935265	-0.0251234719	-0.0884018306	0.0872367735	-0.0015439816	-0.0024011895	0.051852304	0.0702998572	0.2680242679	0.0012705078	-0.0333743302	-0.0044410343	0.0950707566	-0.1229487074	0.09907902	0.0811393137	0.017083766	0.0906354947	0.0131270953	0.038304915	-0.070559055	-0.0441118213	-0.0671777746	0.0773319286	0.0314695815	0.0571952941	0.0948224997	-0.0787939796	0.058326496	-0.0095677803	0.1316842285	0.1359558923	0.0252973724	0.0914153405	0.0603054945	0.0160498375	-0.0317044747	0.000251292	1.3957000000000016e-05	1.9479784900000042e-10	6.314766926400002e-08	0.0182187	0.00909897	0.00033192102969	8.279125506090003e-05	0.00294141	-0.03277479	8.6518927881e-06	0.0010741868595441	-0.000493712	0.000444716	1.9777232065600005e-07	2.43751538944e-07	-0.0007616469999999	-0.0004916049999999	5.801061526088476e-07	2.416754760249017e-07	-0.000281022	0.0	0.0	7.897336448400001e-08	0.0	0.0	0.0	0.0	0.0	0.0	0.0	0.0	0.0	0.0	0.0	0.0	0.0	0.0	0.0	0.0	0.0	0.0	0.0	0.0	0.0	0.0	0.0	0.0	0.0	0.0	0.0	0.0	0.0	0.0	0.0	0.0	0.0	0.0
68010.71887892704	4.709257900118246	22.17710996982611	4625457882.428444	88848.77493866219	986.995887945508	7894104808.101046	974160.8828213416	65617.92715992648	-85.52817794916336	4305712364.765417	7315.069223303754	70119.06559958983	74546.59085499024	1.261427	22.546455	0.102937037	0.0533405	-0.0049240694	0.1061201661	-0.1126417529	-0.1140305552	0.015701549	0.0953352719	0.1596237482	-0.0840176326	-0.1340745257	0.0416371505	0.1194169235	0.1597712949	-0.0248647985	-0.1829496659	-0.1217856731	-0.0729355246	0.0099843156	-0.1267521096	-0.0116264579	0.0886651795	-0.0339412964	-0.0611159575	-0.1094221927	0.062636296	0.0785636313	-0.0600006184	0.0579661143	-0.0925207159	-0.0374112099	0.0537788894	0.1211237392	-0.0708300459	-0.0821988726	0.0108979927	0.0144754192	0.072193969	-4.31997e-05	-0.0128428672	0.0553511567	-0.0890112776	0.0990899901	0.0214375369	0.0185311158	0.0369949679	-0.1080007147	0.0455605706	-0.0211828275	-0.1085653836	0.0685572113	0.1256118251	0.0915176821	-0.1618201941	-0.0929880763	0.1380492305	-0.0496206364	-0.1574162879	0.1214973786	-0.070782114	0.0472782825	0.0128626503	0.0109970951	0.0347858544	0.0814761152	-0.0123005456	0.0160031484	0.0654458543	-0.1407704584	-0.0746003884	0.0447535273	-0.007440327	0.0225163969	0.0857039236	0.061820654	0.0429596527	0.0906327191	0.0575281511	0.0110055415	-0.0380840342	-0.0105557	-0.010806992	0.000116791076088	0.00011142280249	0.000183345	-0.018035355	3.3615389024999994e-08	0.000325274029976	0.044292	0.04135059	0.001961781264	0.0017098712933481	-0.000330435	0.0001632769999999	2.6659378728999997e-08	1.0918728922500001e-07	-0.000270042	0.0004916049999999	7.2922681764e-08	2.416754760249017e-07	-0.000281022	0.0	0.0	7.897336448400001e-08	0.0	0.0	0.0	0.0	0.0	0.0	0.0	0.0	0.0	0.0	0.0	0.0	0.0	0.0	0.0	0.0	0.0	0.0	0.0	0.0	0.0	0.0	0.0	0.0	0.0	0.0	0.0	0.0	0.0	0.0	0.0	0.0	0.0	0.0
67911.47094012708	-99.24793879996288	9850.153356041175	4611967885.251725	89938.09889309465	1089.3239544324606	8088861632.504073	1186626.6777003736	65888.3673073849	270.44014745843015	4341276946.432868	73137.87335733745	70381.1609546406	74016.90145097265	1.438483	25.711105	0.045458734	0.0347285	-0.1369660942	-0.020813499	-0.0016688081	-0.1211101399	0.141833251	0.0784467165	0.0650513087	-0.0338710111	0.0274951502	-0.1318519397	0.1585599257	0.0388657343	-0.0776166614	-0.0880345974	-0.1563434116	0.0585063318	-0.0086528614	0.0077606796	-0.0248505237	-0.0613749087	0.0458106861	-0.0324760162	-0.0331207314	0.0326924298	0.1128745694	-0.0103883633	0.0334942825	0.1349486549	0.0785378531	-0.0758295031	0.0594540228	-0.0025522694	-0.0922102973	-0.0492915865	-0.0467460981	0.0378992363	-0.004394076	0.0422164139	0.0905271033	-0.0283840925	-0.0214310002	0.0370158627	-0.0951758536	0.0543627184	-0.1202254986	-0.1472625236	0.0087638201	-0.0079553501	-0.0048233187	0.1469449503	0.0663124584	-0.1652663092	-0.0108881177	-0.0062790056	0.0661583524	0.0368585714	0.062064882	-0.0175587614	0.1063945545	0.0441651397	0.011367347	0.078936556	-0.0055926089	0.1010131725	0.0319421603	0.0640645112	0.0340541139	-0.0773893515	-0.0425508898	0.0115774789	0.0614886389	0.0948539131	-0.0302118785	0.0399818332	0.0898253196	0.0546879015	0.0059341712	-0.0442970619	0.000286405	0.010842105	0.000117551240831	8.2027824025e-08	0.000192424	9.079000000000026e-06	3.7026995776e-08	8.242824100000047e-11	0.0442952	3.2000000000018125e-06	0.00196206474304	1.0240000000011598e-11	-0.000403985	-7.354999999999997e-05	5.409602499999996e-09	1.6320388022499998e-07	-0.000888579	-0.000618537	7.89572639241e-07	3.82588020369e-07	-0.000281022	0.0	0.0	7.897336448400001e-08	0.0	0.0	0.0	0.0	0.0	0.0	0.0	0.0	0.0	0.0	0.0	0.0	0.0	0.0	0.0	0.0	0.0	0.0	0.0	0.0	0.0	0.0	0.0	0.0	0.0	0.0	0.0	0.0	0.0	0.0	0.0	0.0	0.0	0.0
67768.90107914088	-142.5698609862011	20326.165261624705	4592623953.474382	87754.73748224432	-2183.3614108503243	7700893950.577617	4767067.050390319	65721.7479369805	-166.61937040441262	4319348151.891999	27762.014593962853	70293.3826373352	74104.47841170814	1.612388	28.819452	0.055754641	0.0270221	0.0591735368	-0.0959688599	0.0386999515	-0.0071680099	-0.0101381459	-0.1015268299	-0.0021181725	-0.0185918022	-0.0465999348	-0.1022272332	-0.0560614829	0.1149408754	-8.88127e-05	-0.0725086248	-0.0372250494	-0.0522054659	0.1097205532	-0.0130891034	0.0337213881	0.1323633783	-0.0988277082	0.0383586573	-0.0603854875	-0.0629362331	-0.0146201187	0.0355085716	0.1313492074	-0.0192638926	0.0092407855	-0.1047303219	0.1118206929	-0.0213792671	0.0189011948	0.0582652619	-0.0234355195	-0.0535649274	0.0750272113	-0.032719262	-0.0502175832	-0.053920026	0.0202442669	-0.1074795312	0.0007879112	0.0903671838	0.0886200605	-0.0760094666	0.0366652355	-0.0974254573	0.0788698382	-0.0063524126	-0.0378237374	-0.1033844377	-0.0571829023	0.0540164298	-0.012105352	-0.0141720164	0.0509806389	-0.1197420443	-0.0279816124	-0.2092297415	-0.0001302083	-0.064352931	0.0238058472	0.033361953	0.0898140867	0.0426151233	-0.0058406316	-0.0961759507	0.0191375757	0.0373248881	0.1067457074	-0.0217500339	-0.0133148933	-0.0351925846	0.0889933628	0.0517878515	0.0008482025	-0.0503163898	0.00585342	0.005567015	3.0991656010225e-05	3.42625256964e-05	0.017057	0.016864576	0.000290941249	0.0002844139236597	0.0607052	0.01641	0.00368512130704	0.0002692881	-0.000224438	0.0001795469999999	3.2237125209e-08	5.0372415844000006e-08	-0.000729865	0.000158714	5.32702918225e-07	2.5190133796000005e-08	-0.000281022	0.0	0.0	7.897336448400001e-08	0.0	0.0	0.0	0.0	1.0	0.0	0.0	0.0	0.0	0.0	0.0	0.0	0.0	0.0	0.0	0.0	0.0	0.0	0.0	0.0	0.0	0.0	0.0	0.0	0.0	0.0	0.0	0.0	0.0	0.0	0.0	0.0	0.0	0.0
67699.86225080311	-69.03882833776879	4766.359818251907	4583271348.777716	87482.71274535124	-272.0247368930868	7653225029.28564	73997.45748175311	65503.0539282289	-218.69400875159045	4290650073.924464	47827.06946384072	70175.62310250674	74369.90973493869	1.10273	19.709936	0.08289245	0.050646	0.0645179317	0.0216781983	0.0559512433	0.1176716951	-0.082637757	0.0194436066	-0.0665187188	0.0248510966	0.0121860834	0.0332767361	-0.1105775237	-0.0462914081	-0.0008370567	-0.2022193487	-0.094271043	-0.0219079066	-0.0449699944	-0.1360366179	-0.1652276848	-0.0911252708	-0.0122047905	0.0125754699	-0.0773883375	-0.044808655	0.1150489622	-0.0384344272	-0.0687773889	0.1111114283	-0.0219473086	-0.0134041824	-0.0106140451	-0.0795980468	0.0770528394	0.0137529201	0.0692927419	-0.0627048327	0.0207895019	-0.0374284531	-0.0238751032	0.1291221789	-0.0243203488	0.0292234388	-0.0322319917	-0.080327569	0.0801861162	0.063495399	0.0402169844	0.0830783303	-0.0674927631	0.1039089436	-0.0190008687	-0.1517711761	-0.0905453398	-0.0426741632	0.1272742672	-0.0943693073	0.0811519313	0.0697602769	0.0349060853	-0.0080634141	0.1406450395	0.1695288047	0.0303943535	0.0592763674	-0.0572339001	-0.0146485326	0.0687268961	-0.0728302699	-0.0593633892	-0.0829767674	-0.0569871116	0.0274948975	-0.0773931968	-0.0454326798	0.088137076	0.0488311722	-0.0042398529	-0.056115697	0.00645352	0.0006001	3.601200100000001e-07	4.16479203904e-05	0.0116896	-0.0053674	0.00013664674816	2.880898276e-05	0.0525934	-0.0081118	0.00276606572356	6.580129924000004e-05	0.000627057	0.000851495	7.25043735025e-07	3.93200481249e-07	-0.00116076	-0.000430895	1.3473637776e-06	1.8567050102500006e-07	-0.000187149	9.3873e-05	8.812140129000002e-09	3.5024748201e-08	0.0	0.0	0.0	0.0	0.0	0.0	0.0	0.0	0.0	0.0	0.0	0.0	0.0	0.0	0.0	0.0	0.0	0.0	0.0	0.0	0.0	0.0	0.0	0.0	0.0	0.0	0.0	0.0	0.0	0.0	0.0	0.0	0.0	0.0
67674.4526214192	-25.40962938391021	645.6492654276734	4579831537.608712	88047.72337555689	565.010630205652	7752401591.618587	319237.012245388	65505.480223984974	2.4262957560713403	4290967939.374887	5.886911095929797	70060.60671745693	73531.48645287179	1.354411	24.208433	0.072988171	0.0514007	-0.0611345027	0.0822455872	0.0464931526	0.1108313985	0.0051558835	0.0695915349	-0.0214086554	0.0792044358	-0.1113559814	0.0839890538	0.0671808447	0.0157971113	-0.0297692944	-0.0606150538	0.0508527857	0.0475335258	0.0876268087	-0.0431693871	-0.0450024534	-0.0681300439	0.0898553395	-0.1353769535	0.0248717256	-0.0027573179	-0.049096984	-0.1356996241	0.0321109365	-0.083942242	-0.0808929819	0.0878268608	-0.1464482521	0.0117825436	0.1257096008	-0.0821360725	0.1378799485	-0.0502479624	-0.0570767742	-0.015305382	0.130323348	-0.1791687895	0.0309463419	0.0370459783	-0.0144408327	-0.0580560531	-0.0587761485	0.0650880801	-0.0756759142	0.0525338881	0.0584786232	-0.0598431622	0.0499375274	-0.1071314815	-0.0782613176	0.0095502404	-0.0158070898	-0.0207709895	-0.0103752468	0.048587164	-0.0104570243	0.090186652	-0.0191430291	-0.076383888	0.041212253	0.0067273741	0.0117839309	-0.0460339217	-0.0167497454	0.0787872441	-0.0925513422	-0.1004679063	0.0264577125	-0.0874083506	-0.1172658747	-0.1840115194	0.0872566935	0.0458210968	-0.009317478	-0.0616696245	0.000310559	-0.006142961	3.7735969847521e-05	9.644689248100003e-08	0.00943519	-0.00225441	8.90228103361e-05	5.0823644481e-06	0.0563259	0.0037324999999999	0.0031726070108099	1.3931556249999998e-05	-0.000327545	-0.0009546019999999	9.11264978404e-07	1.07285727025e-07	-0.00104442	0.00011634	1.0908131364e-06	1.3534995600000037e-08	-0.000333373	-0.0001462239999999	2.138145817599999e-08	1.1113755712900001e-07	0.0	0.0	0.0	0.0	0.0	0.0	0.0	0.0	0.0	0.0	0.0	0.0	0.0	0.0	0.0	0.0	0.0	0.0	0.0	0.0	0.0	0.0	0.0	0.0	0.0	0.0	0.0	0.0	0.0	0.0	0.0	0.0	0.0	0.0
67754.31022892844	79.85760750924237	6377.237477100203	4590646554.5978775	88267.39268102725	219.66930547036463	7791132610.706663	48254.60376583237	65552.10117287404	46.62094888906722	4297077968.178714	2173.5128753170184	70181.17449420228	74598.93818424542	1.418278	25.349972	0.0249902239999999	0.0135949	-0.0111701222	-0.118942364	0.000899152	0.0129622321	0.0641030213	-0.0952989042	0.0775638608	0.067799782	-0.0083807425	0.0110994203	8.05556e-05	0.0092985624	-0.137859112	0.0102668098	-0.1885051381	-0.0444591861	0.1197561009	0.0015626364	-0.0421294716	-0.048646197	0.0126273703	-0.0420170683	0.0440249728	-0.0031013492	0.0833505294	-0.0276331355	-0.0629902401	0.0496074178	-0.0992781488	0.0196525405	-0.057830693	-0.1168785232	0.1067795602	-0.0132375125	0.0306989895	0.0351559518	-0.0926129795	0.0229394332	-0.0146645542	-0.0835411215	-0.0676494665	0.0302753041	-0.0114214425	-0.0046009787	0.0181211576	-0.0340444573	-0.1300464671	-0.0737196833	-0.0897540562	0.0412098287	-0.0822975249	-0.1949886689	0.039298004	-0.0045010443	-0.004130107	0.0045112436	-0.0443487238	0.0357609384	-0.0196376522	0.0386595024	0.0272312072	-0.0074314556	-0.0387187594	0.0309464483	-0.0596422628	-0.0613990712	-0.0175944461	0.0581497039	-0.0160806969	-0.051899566	-0.0213446874	0.0387153339	-0.1147284393	-0.0428782762	0.0863524559	0.0427609166	-0.0143721814	-0.0669538864	0.000299358	-1.1201000000000015e-05	1.2546240100000034e-10	8.9615212164e-08	0.000169567	-0.0092656229999999	2.8752967489e-08	8.585176957812898e-05	0.0604037	0.0040777999999999	0.0036486069736899	1.6628452839999996e-05	-0.000459508	-0.000131963	1.7414233369000005e-08	2.1114760206400005e-07	-0.000996022	4.839799999999984e-05	9.92059824484e-07	2.342366403999985e-09	-0.000281022	5.235099999999996e-05	2.7406272009999962e-09	7.897336448400001e-08	0.0	0.0	0.0	0.0	0.0	0.0	0.0	0.0	0.0	0.0	0.0	0.0	0.0	0.0	0.0	0.0	0.0	0.0	0.0	0.0	0.0	0.0	0.0	0.0	0.0	0.0	0.0	0.0	0.0	0.0	0.0	0.0	0.0	0.0
67766.54485460905	12.23462568060495	149.68606554451813	4592304601.53174	87231.49955106372	-1035.8931299635296	7609334513.927231	1073074.576705638	65504.84534347027	-47.25582940377353	4290884763.471959	2233.1134126385477	70004.0185471697	74127.95304400769	1.207315	21.579264	0.069183523	0.0373253	0.078174997	0.0419284847	0.0103952517	-0.0080223955	-0.0896238251	0.0118598784	0.1486680038	0.0345158105	-0.0468746097	0.0663553685	0.0169743205	0.1503741878	-0.0081727596	0.0474456215	-0.0642213209	-0.101343475	0.0927546787	-0.1514176507	-0.0689694451	-0.0445024034	0.0105824052	-0.019652403	-0.058926821	0.0283051043	-0.0220632014	0.0015256086	-0.0389834319	0.136816282	-0.0398810147	0.0523974057	0.1068445468	-0.023560159	0.0432488635	0.1002553347	0.0608431055	0.0598561761	-0.0670695688	-0.0158344324	0.0819893233	0.060184411	0.0072825398	0.0178277931	0.0703072025	0.0702491931	-0.0149243989	0.0680007687	-0.0172283272	-0.1389620083	-0.0280451583	0.0062385314	0.0579590831	-0.1624237593	-0.011371175	-0.1181215513	0.0731423331	-0.1211179266	-0.048673143	-0.0273554876	-0.0098765661	-0.0184528503	0.0553714842	0.0358625263	-0.0374198698	-0.0521281127	-0.0103329463	-0.0936737583	-0.0771641162	-0.0251010902	0.0416945159	0.0961713984	0.0220237323	0.0474483564	-0.1630969134	-0.0455936038	0.0854246103	0.0396539781	-0.0193915285	-0.071945376	0.000281174	-1.8184000000000028e-05	3.30657856000001e-10	7.9058818276e-08	0.000224716	5.5149e-05	5.0497280656e-08	3.0414122009999998e-09	0.0826196	0.0222159	0.00682599830416	0.00049354621281	9.89468e-05	0.0005584548	3.118717636430401e-07	9.79046923024e-09	-0.000729865	0.000266157	5.32702918225e-07	7.083954864900002e-08	-0.000394296	-0.0001132739999999	1.283099907599999e-08	1.55469335616e-07	0.0	0.0	0.0	0.0	0.0	0.0	0.0	0.0	0.0	0.0	0.0	0.0	0.0	0.0	0.0	0.0	0.0	0.0	0.0	0.0	0.0	0.0	0.0	0.0	0.0	0.0	0.0	0.0	0.0	0.0	0.0	0.0	0.0	0.0
67775.35664595166	8.811791342610377	77.64766666570318	4593498968.485944	89269.63452551975	2038.1349744560284	7969067648.319868	4153994.174100876	65706.84394980819	201.99860633791832	4317389341.844444	40803.436962461295	70227.85958700202	73366.90770157777	1.57622	28.172989	0.041088672	0.0248439	-0.1121486897	0.0790889057	0.043253731	-0.0395930109	0.0885446446	0.0951445339	0.0849361054	-0.0138919429	0.0310459493	-0.038655422	0.1153371641	-0.0339820168	-0.0898643696	-0.0432780987	-0.1516937566	0.0760639784	0.1173941511	-0.0916976757	0.000246374	0.0807113782	-0.095210872	0.047416579	0.02707013	-0.0531857173	0.040057358	0.0017517998	0.1341754975	-0.026561127	-0.0598036746	0.0141529421	-0.0594418894	0.0028970676	-0.0544053215	0.0616448017	-0.051847211	-0.0909448637	0.1138494963	-0.00197312	-0.0160483855	0.064128051	-0.0186220422	-0.009030685	0.0383117387	0.0003942938	-0.115370068	-0.0498577668	0.0076678414	0.0266237008	-0.0250699696	0.0723612896	-0.0050978286	-0.2044787492	0.0016848826	0.0898634477	-0.0013505116	0.0148797371	-0.0899378079	-0.0338320927	-0.0319533914	-0.1260937664	-0.0553396777	-0.0210902854	0.0304047038	-0.0155034461	0.0797370502	-0.1240813416	-0.0311850398	0.0127054561	-0.0986805274	0.046807704	-0.0925300579	0.0051291405	0.110114238	-0.1237225855	0.0844734105	0.0365036785	-0.0243631711	-0.0766222668	0.000292591	1.1417000000000004e-05	1.3034788900000006e-10	8.5609493281e-08	0.000176151	-4.856500000000001e-05	3.1029174801e-08	2.3585592250000008e-09	0.0777145999999999	-0.0049050000000001	0.0060395590531599	2.4059025000001016e-05	-0.000340361	-0.0004393078	1.9299134314084e-07	1.1584561032100003e-07	-0.000899757	-0.000169892	8.095626590490001e-07	2.886329166400001e-08	-0.000281022	0.0001132739999999	1.283099907599999e-08	7.897336448400001e-08	0.0	0.0	0.0	0.0	0.0	1.0	0.0	0.0	0.0	0.0	0.0	0.0	0.0	0.0	0.0	0.0	0.0	0.0	0.0	0.0	0.0	0.0	0.0	0.0	0.0	0.0	0.0	0.0	0.0	0.0	0.0	0.0	0.0	0.0
67748.15508108307	-27.20156486859196	739.9251313002162	4589812516.890481	88289.4311402376	-980.2033852821478	7795023651.066757	960798.6765185826	65732.70812020461	25.86417039642401	4320788916.816013	668.9553102952564	70318.69829481211	73759.23414854734	1.4339	25.629198	0.09828815	0.0676551	0.0030589597	-0.1038011796	0.0717359034	-0.0493594998	0.0516496719	-0.0945389037	0.0056472933	-0.0466132806	0.0286846361	-0.120851528	-0.0594977585	0.1224791259	-0.0478860683	-0.0558739094	-0.0182740942	-0.0053430132	0.128588259	0.0030724484	-0.0611864799	-0.0334883057	0.0106896673	0.035005839	-0.0238906787	-0.0666974329	-0.0114922093	-0.0221652098	-0.0969308038	0.1282852193	-0.010232818	0.0572456233	0.0604867523	0.0484607282	-0.0549857246	-0.0893857866	-0.0876027904	-0.1282262713	0.074941128	0.0940333196	-0.0021835093	-0.0811780733	-0.0466773289	0.0290915772	-0.0015686072	-0.0611276433	0.0613964212	-0.1142064297	0.0181730749	-0.0714455495	0.0520730353	-0.0614595456	0.0133316361	-0.1742546874	-0.0561525123	-0.084213653	0.0614719351	0.0358172637	0.0065050319	0.038361671	-0.0623822436	0.0480291225	-0.0225349187	0.1011769432	0.0951062967	-0.0166806515	0.0400562298	-0.0573921672	0.0749105853	0.0256282916	0.0991583815	-0.0603970031	-0.0080195406	0.0112874654	0.0299913442	0.0109535061	0.0834991166	0.0333134626	-0.0292748789	-0.0809641079	0.00031668	2.4089000000000037e-05	5.802799210000015e-10	1.0028622240000001e-07	-0.00442391	-0.004600061	1.95709796881e-05	2.1160561203721e-05	0.10609	0.0283754000000001	0.0112550881	0.00080516332516	-0.00144362	-0.001103259	1.2171804210810005e-06	2.0840387044000004e-06	-0.00110227	-0.0002025129999999	1.2149991529e-06	4.101151516899999e-08	-0.000281022	0.0	0.0	7.897336448400001e-08	0.0	0.0	0.0	0.0	0.0	0.0	0.0	0.0	0.0	0.0	0.0	0.0	0.0	0.0	0.0	0.0	0.0	0.0	0.0	0.0	0.0	0.0	0.0	0.0	0.0	0.0	0.0	0.0	0.0	0.0	0.0	0.0	0.0	0.0
67722.68621473611	-25.46886634695693	648.6631529991552	4586362228.139608	87201.84477599594	-1087.5863642416662	7604161732.33689	1182844.099684406	65596.14892203484	-136.5591981697653	4302854753.401773	18648.41460476923	70205.14274727555	73584.49163056148	1.259644	22.514589	0.0895498019999999	0.0662078	0.0905906637	0.0340850944	0.0629825143	0.1120955232	-0.0939985869	0.0059213263	-0.0525788991	-0.0486567439	0.1270871963	-0.0477186901	-0.1285375336	-0.1061159881	0.0213893602	-0.1525243453	-0.0159833974	0.0363226381	0.0149092263	0.0432081588	-0.0469517887	-0.0411403249	0.0146346759	-0.0022880088	-0.0423102602	-0.1381919812	0.006771781	-0.089174712	-0.1088196457	-0.021511256	0.0422055468	0.0106900504	0.0718996687	-0.0283417656	-0.0397028285	-0.0084480874	0.0006665926	0.0072257686	-0.1178184348	-0.026259916	-0.1239684946	-0.0644475228	0.0559863957	0.0895003923	-0.0678215109	0.0220826062	0.0891236094	0.0111499186	0.130703837	0.0883483933	-0.0592337583	0.0630133272	-0.0880112808	-0.0960629467	-0.1120082748	0.0226480641	0.0974857348	0.0189675735	0.0213839754	0.1004156842	-0.0036817813	0.0154008029	0.1044184326	0.0100336333	0.0713205624	0.0557817896	-0.0511419026	0.100301156	-0.0304462677	0.0658203449	0.0921160795	-0.0330873276	-0.0333409737	0.0334402703	-0.1430774036	0.034836897	0.0825019948	0.030086819	-0.0341145687	-0.0849519136	0.000326292	9.611999999999989e-06	9.239054399999976e-11	1.06466469264e-07	0.00715728	0.01158119	5.122665699840001e-05	0.0001341239618161	0.0885853	-0.0175046999999999	0.00784735537609	0.0003064145220899	-0.000288334	0.001155286	1.3346857417960004e-06	8.3136495556e-08	-0.00115607	-5.37999999999999e-05	1.3364978449e-06	2.894439999999989e-09	-0.000281022	0.0	0.0	7.897336448400001e-08	0.0	0.0	0.0	0.0	0.0	0.0	0.0	0.0	0.0	0.0	0.0	0.0	0.0	0.0	0.0	0.0	0.0	0.0	0.0	0.0	0.0	0.0	0.0	0.0	0.0	0.0	0.0	0.0	0.0	0.0	0.0	0.0	0.0	0.0
67828.12818368264	105.4419689465285	11118.008815320682	4600654972.902083	87605.77589504777	403.9311190518347	7674771970.173333	163160.34893846745	65498.93130095109	-97.21762108375697	4290110001.56671	9451.265849184949	69933.41359113381	73526.99805176246	1.391824	24.87715	0.090642013	0.0547067	-0.0194138522	0.0878636068	-0.0375524206	0.1197378755	-0.0575157507	0.0773610022	0.0312605839	-0.0354279588	-0.0116231763	0.0858148029	0.0327864597	0.0640576369	-0.0708674071	-0.0028684474	0.0550375782	0.0156519629	0.0818627691	-0.0661820047	0.057865739	0.0616602646	0.0348263199	0.0087163366	0.118448067	-0.101774977	-0.0220035024	-0.0251321711	0.0507319916	-0.1249616928	0.0793608582	-0.0632373934	0.0497884733	-0.0117722577	0.0595896784	-0.0345165354	0.0053123357	-0.1289837107	-0.1159759641	-0.0120079021	-0.0370058545	0.0307858482	-0.0963269645	0.036464336	-0.0010837557	-0.1181659114	-0.057917315	0.0887815777	-0.0374946394	-0.022173182	0.1135675978	-0.0451944663	-0.0650195559	-0.0939501494	-0.017815775	-0.0155932945	0.019100749	-0.0191348568	-0.1113175728	-0.003019191	-0.091087806	-0.0213934501	-0.026851005	-0.0726929431	-0.0922668064	-0.0451897014	0.0143094281	0.0997274948	-0.0622096788	0.0050187801	0.0268888555	-0.0169710541	-0.0072910131	-0.1220065959	-0.1019501915	-0.0566510821	0.0814823178	0.0268272759	-0.0388703345	-0.0885682462	0.00628462	0.005958328	3.5501672555584004e-05	3.94964485444e-05	0.0113037	0.00414642	0.00012777363369	1.7192798816399998e-05	0.0430317	-0.0455536	0.00185172720489	0.00207513047296	9.10573e-05	0.0003793913	1.4393775851569001e-07	8.29143188329e-09	-0.00142361	-0.00026754	2.0266654321000003e-06	7.157765160000009e-08	-0.00022828	5.274200000000002e-05	2.7817185640000022e-09	5.21117584e-08	0.0	0.0	0.0	0.0	0.0	0.0	0.0	0.0	0.0	0.0	0.0	0.0	0.0	0.0	0.0	0.0	0.0	0.0	0.0	0.0	0.0	0.0	0.0	0.0	0.0	0.0	0.0	0.0	0.0	0.0	0.0	0.0	0.0	0.0
67912.02142656696	83.89324288432545	7038.076201648422	4612042654.242491	88215.84464989023	610.0687548424612	7782035247.293568	372183.88563503104	65519.064932664645	20.133631713557406	4292747869.650726	405.3631259771645	70072.6294152052	74693.51716338849	1.486722	26.573322	0.151145355	0.0978652	-0.0161227748	-0.1135718242	-0.1099057494	-0.0404446642	0.05278397	-0.0719087479	0.0693068379	0.0468192332	0.0141874278	0.0278991775	-0.0331510705	0.0712342392	-0.0450821333	0.0586890166	-0.0162470905	-0.0706984739	0.1259059801	0.1052418231	0.0051929933	-0.0052743624	0.0364550393	-0.194286954	-9.302e-06	0.0091896286	0.0234810264	-0.0740687872	0.0413504754	-0.004815573	0.0140194266	-0.0760878852	0.0891622468	0.119965527	0.0664820449	-0.0219698622	-0.0645702175	-0.1444167973	-0.0114719648	0.0735340268	-0.1379049575	-0.0186546236	0.077366615	-0.0277492504	-0.0285472887	-0.0383193083	0.0198763761	-0.0225713165	-0.1022337197	-0.1320387571	-0.0425300188	-0.0744952584	-0.0942178235	-0.0650725228	0.0282458772	-0.0032390753	-0.0808373765	0.0245051413	0.0375765353	0.0521468202	0.0330901399	-0.0236364382	0.0061457734	-0.0553519955	-0.0528922607	0.1249931173	0.1316498418	0.0001584838	-0.0608741135	0.0835058771	0.0980547567	0.1100561188	-0.0058820756	-0.0808228268	-0.0112377488	0.095943447	0.0804403643	0.0235383975	-0.0435304769	-0.0917972923	0.0198474	0.01356278	0.0001839490013284	0.00039391928676	-0.00490821	-0.01621191	2.40905254041e-05	0.0002628260258481	0.0600249	0.0169932	0.00360298862001	0.00028876884624	-0.00163652	-0.0017275773	2.98452332747529e-06	2.6781977104000003e-06	-0.00173084	-0.0003072299999999	2.9958071056e-06	9.439027289999996e-08	-0.000281022	-5.274200000000002e-05	2.7817185640000022e-09	7.897336448400001e-08	0.0	0.0	0.0	0.0	0.0	0.0	0.0	0.0	0.0	0.0	0.0	0.0	0.0	0.0	0.0	0.0	0.0	0.0	0.0	0.0	0.0	0.0	0.0	0.0	0.0	0.0	0.0	0.0	0.0	0.0	0.0	0.0	0.0	0.0
67802.46618487476	-109.55524169220008	12002.350982236372	4597174420.751086	86899.58888736441	-1316.2557625258196	7551538548.792949	1732529.2323824267	65644.87034946452	125.80541679987071	4309249003.198006	15827.002896189197	70016.99057417965	73805.96494964512	1.62599	29.062567	0.20870087	0.106492	0.1080362898	0.0621623144	-0.0151686371	0.0071003809	-0.0939856653	0.0295480501	-0.0482708194	0.0266969599	0.2072005925	-0.0660355173	-0.0548804368	-0.0406911117	0.0575499138	0.0871845964	0.0016635915	-0.0492261787	-0.0383845199	-0.1042363505	-0.2115706663	0.008069443	-0.025287782	0.2052779456	-0.0083175168	0.0114159214	-0.0585018102	-0.0003017761	-0.0354328041	0.1067575122	0.0631438132	-0.1331991694	0.1435351132	-0.0834257752	0.0241169397	-0.0644483346	0.070060617	-0.1015904817	-0.0678567826	-0.0817113837	0.1183531706	0.0744969342	-0.0085622614	-0.0010250166	-0.1096722379	0.0204517259	0.0163982396	0.0040066334	0.2230272051	0.039830736	-0.0933011552	-0.0290018576	-0.0573815628	0.132449364	0.1105189067	-0.0341366133	0.2028623844	-0.0989431889	0.0350089331	-0.1722192549	0.0314110961	-0.0603495661	0.0754378719	-0.0002120211	-0.0632462519	0.1951394406	-0.0239492748	-0.1704838604	-0.1511133895	-0.1222848283	0.1108656773	0.0102291789	-0.0587023569	-0.0881113082	-0.0256086366	0.0075628555	0.0793764193	0.0202237803	-0.0480835316	-0.0946249323	0.0146166	-0.0052308	2.7361268640000007e-05	0.00021364499556	0.0460091	0.0509173099999999	0.0021168372828099	0.002592572457636	0.0685585	0.0085335999999999	0.00470026792225	7.282232895999992e-05	-0.00327745	-0.0016409299999999	2.6926512648999995e-06	1.07416785025e-05	-0.00266837	-0.00093753	7.120198456900001e-06	8.789625009000005e-07	2.09012e-05	0.0003019232	9.115761869824001e-08	4.3686016143999997e-10	0.0	0.0	0.0	0.0	0.0	0.0	1.0	0.0	0.0	0.0	0.0	0.0	0.0	0.0	0.0	0.0	0.0	0.0	0.0	0.0	0.0	0.0	0.0	0.0	0.0	0.0	0.0	0.0	0.0	0.0	0.0	0.0	0.0	0.0
67676.66002593105	-125.80615894371294	15827.189628170763	4580130312.265453	87976.63113781638	1077.0422504519663	7739887626.359403	1160020.0092586365	65489.17051630434	-155.69983316017897	4288831454.913585	24242.438046107567	70047.95738909738	73523.6968420445	1.640953	29.330021	0.034325185	0.0193871	-0.0663547777	0.0596427097	0.0334163984	0.1951010435	0.0038095148	0.0526585806	-0.1047707531	0.0889005102	-0.0391166343	0.0545505338	-0.0066062458	-0.0612074339	0.0240300808	0.0071295096	0.0588712914	0.0580170206	0.0812491624	0.0194749319	0.027349053	0.0095071543	-0.0561769965	0.1061474253	-0.1193647063	0.021307325	-0.1030644122	0.0706938411	0.0597822656	0.0921496268	0.0280383065	0.0678760344	-0.105037036	0.0476753108	0.0955193862	0.1005973523	0.0787234385	-0.0063908669	0.1117356549	-0.012045367	0.0334978918	-0.0155515747	-0.0322191412	-0.1309548523	-0.0565585051	0.0008255606	-0.0265811423	0.054181617	-0.0156137112	0.1184722924	0.0257941416	-0.0820112854	0.0507863572	0.0864935934	-0.0038807352	0.0610742312	0.0425519079	0.0869670982	-0.0756046522	-0.0231825588	-0.0661195358	-0.1224113084	0.0893437107	-0.0380727451	0.1152396828	-0.03088991	0.0053414448	-0.1387522945	0.0863614117	-0.1451327527	-0.011568747	-0.0604217677	-0.0621655742	0.0250863051	0.047322147	-0.0278194341	0.0782907735	0.0168870486	-0.0525182979	-0.0970388015	0.0135829	-0.0010337	1.0685356900000003e-06	0.00018449517241	0.0480446	0.0020355	0.00230828358916	4.14326025000001e-06	0.0524955	-0.0160629999999999	0.00275577752025	0.0002580199689999	-0.00328759	-1.0140000000000062e-05	1.0281960000000126e-10	1.08082480081e-05	-0.00249442	0.00017395	6.222131136399999e-06	3.025860250000014e-08	-9.88685e-05	-0.0001197696999999	1.4344781038089998e-08	9.77498029225e-09	0.0	0.0	0.0	0.0	0.0	0.0	0.0	1.0	0.0	0.0	0.0	0.0	0.0	0.0	0.0	0.0	0.0	0.0	0.0	0.0	0.0	0.0	0.0	0.0	0.0	0.0	0.0	0.0	0.0	0.0	0.0	0.0	0.0	0.0
67815.94348224768	139.28345631662523	19399.88120350525	4599002190.387411	87937.31857123256	-39.31256658381608	7732971997.498444	1545.4778914069725	65568.19960338075	79.02908707641473	4299188799.22878	6245.596604131541	70158.6927474259	74351.86555770424	1.528778	27.325027	0.0689990849999999	0.0380277	0.0366808985	-0.0939275522	-0.0607523765	-0.0305623771	0.0384834071	-0.098638035	0.0251696467	0.0884667896	-0.1167162945	0.0051054105	-0.0621656137	0.0200358872	-0.0993505261	0.1214870529	0.081661374	-0.023249173	-0.0444516473	-0.0009522248	0.1016081767	0.0066893146	0.0101306984	-0.0405205507	0.087125537	0.0457311899	-0.0801273777	0.0471019577	-0.0425306485	0.0097896139	0.0008996417	-0.0467335766	-0.0551855723	-0.0209631884	0.035080597	-0.0072680798	0.0424518403	0.094719325	0.0499801619	-0.0594139887	-0.0265034871	0.0270795076	-0.009882999	-0.10565204	0.0289037347	0.0094174643	0.0575773796	-0.0304913857	-0.1126296945	-0.0622771886	0.046806444	-0.0696387653	-0.0707686073	0.1136211638	0.1048316052	-0.0339556155	-0.0525970069	0.0229187891	-0.0839894918	0.0108367771	-0.0359548011	-0.0314172406	0.0517094942	-0.0648511614	-0.1689614242	0.0332680625	-0.0428726147	-0.0876747391	0.0506053268	0.0471909596	-0.014349764	-0.0242931202	0.0130432209	-0.0797858157	0.1204619132	0.0603959207	0.0771837238	0.0135318513	-0.0568238659	-0.0990283447	0.00649179	-0.00709111	5.02838410321e-05	4.21433374041e-05	0.0258658	-0.0221788	0.00066903960964	0.00049189916944	0.0524997	4.200000000002813e-06	0.00275621850009	1.7640000000023626e-11	-0.00267716	0.0006104299999999	3.726247848999999e-07	7.167185665600001e-06	-0.00248355	1.086999999999963e-05	6.168020602500001e-06	1.1815689999999196e-10	-0.000272068	-0.0001731994999999	2.999806680024999e-08	7.4020996624e-08	0.0	0.0	0.0	0.0	0.0	0.0	0.0	0.0	1.0	0.0	0.0	0.0	0.0	0.0	0.0	0.0	0.0	0.0	0.0	0.0	0.0	0.0	0.0	0.0	0.0	0.0	0.0	0.0	0.0	0.0	0.0	0.0	0.0	0.0
67750.22845790176	-65.71502434591821	4318.464424784623	4590093456.097881	87240.1142134233	-697.2043578092707	7610837527.971141	486093.9165482376	65487.33487352142	-80.86472985933506	4288591028.8367343	6539.104535223235	69863.22372828859	73634.65558088246	1.180137	21.093502	0.0491472799999999	0.0281266	0.0345698311	0.0730735804	-0.0448155463	-0.0297563941	-0.0708470957	0.0553630855	0.1056078508	0.0854961785	0.0302227352	0.0988824453	0.030843077	-0.0064832219	0.0903663862	0.044290223	-0.0716855366	0.0688086169	-0.0085221364	0.1236168241	-0.0980936877	0.0509880361	0.0969088895	0.1683928186	0.0088821558	0.0581991964	-0.0002966652	0.0272503988	0.0128567641	-0.0022344557	-0.0447927267	-0.0645944064	-0.0042243488	0.0367494716	0.0329226145	-0.0057060357	0.0265139668	-0.0728773626	-0.0673043789	-0.0294751245	-0.0503248818	0.0184828773	-0.1013977737	-0.1226918127	-0.0263079648	0.2270839922	-0.047961736	0.0963619758	0.0300848013	-0.0641084794	-0.0856489846	0.0007574612	0.0157776895	0.0657997584	0.0817902012	-0.056539345	0.0576913802	0.1634839126	0.0985167524	-0.0897030137	-0.0428566688	0.0347468412	-0.0243653156	0.0331822135	0.0050094784	0.0990597861	0.0016616449	-0.0152952146	0.0511576768	-0.0431793872	0.002800313	-0.0146344296	0.0359660432	-0.103998534	-0.0673111732	-0.0580846805	0.0760555728	0.010161857	-0.0609896438	-0.1005848622	0.00425046	-0.0022413299999999	5.023560168899999e-06	1.80664102116e-05	0.0205255	-0.0053403	0.0004212961502499	2.851880409000003e-05	0.0761345999999999	0.0236348999999998	0.0057964773171599	0.0005586084980099	-0.0028463	-0.0001691399999999	2.8608339599999973e-08	8.10142369e-06	-0.00265619	-0.0001726399999999	7.0553453161e-06	2.980456959999998e-08	-0.000255233	1.6834999999999984e-05	2.8341722499999947e-10	6.5143884289e-08	0.0	0.0	0.0	0.0	0.0	0.0	0.0	0.0	0.0	0.0	0.0	0.0	0.0	0.0	0.0	0.0	0.0	0.0	0.0	0.0	0.0	0.0	0.0	0.0	0.0	0.0	0.0	0.0	0.0	0.0	0.0	0.0	0.0	0.0
67791.53050831315	41.30205041139561	1705.8593681854643	4595691608.659553	88913.97330998193	1673.8590965586336	7905694649.768179	2801804.275132085	65751.51010529892	264.17523177750263	4323261081.127226	69788.55308469724	70243.87808229888	73258.58166038433	1.360669	24.320282	0.05454388	0.0330488	-0.1126521483	0.0380444614	0.0320350922	-0.0690857137	0.0844580852	0.0783210325	-0.040034008	0.0609713201	0.0862379887	-0.0662933346	0.0850779177	-0.0788219397	0.0333989091	0.0196516368	-0.0683748366	0.0393967879	0.0241904434	-0.0121910798	0.1270606313	-0.035658755	0.0977263114	0.0623273039	0.056544481	0.0028194142	0.0129836998	0.0650770795	0.1033708607	0.0384273274	-0.1269571745	-0.0137503762	0.0605780831	0.0478360639	-0.0211884734	-0.0689857086	-0.0866562076	0.0189643019	0.2047534377	-0.0217255181	0.1157220672	0.1242155459	0.0048204118	0.1078353279	0.0637613147	-0.0879733164	-0.0866265064	-0.0805853176	0.0334214607	0.0790742981	-0.0663285678	0.0096883418	0.0250295375	0.0183566045	-0.0099686812	-0.0096014062	-0.0631675447	0.1251757157	-0.0814466978	-0.1122791786	0.0218158367	0.0008883889	-0.0468006258	0.0106127528	-0.0340765536	0.1005349256	0.0412358475	-0.0490214179	-0.0516797626	-0.0013326681	-0.0488344369	0.0655349918	-0.0342677042	-0.0220372853	0.0318843146	-0.08331914	0.074906629	0.0067807509	-0.0650053833	-0.1017015476	0.00557854	0.0013280799999999	1.7637964863999991e-06	3.11201085316e-05	0.020551	2.5500000000001216e-05	0.000422343601	6.50250000000062e-10	0.066223	-0.0099115999999998	0.004385485729	9.823981455999792e-05	-0.00248942	0.0003568799999999	1.2736333439999997e-07	6.1972119364e-06	-0.00263543	2.076000000000031e-05	6.945491284899999e-06	4.309776000000128e-10	-0.000743167	-0.000487934	2.38079588356e-07	5.52297189889e-07	0.0	0.0	0.0	0.0	0.0	0.0	0.0	0.0	0.0	0.0	0.0	0.0	0.0	0.0	0.0	0.0	0.0	0.0	0.0	0.0	0.0	0.0	0.0	0.0	0.0	0.0	0.0	0.0	0.0	0.0	0.0	0.0	0.0	0.0
67751.04271498224	-40.48779333091807	1639.2614088071334	4590203788.967347	87884.82393829094	-1029.14937169099	7723742278.664396	1059148.4292519593	65779.65630994245	28.146204643533565	4326963184.254152	792.2088358356705	70349.01886742807	73411.39899350758	1.369583	24.479607	0.09495164	0.0523285	-0.0070743567	-0.08735401	0.0545248722	0.0446940335	0.0224501174	-0.1006382973	-0.0299710367	0.0063777355	0.023256227	-0.1311882932	-0.0073531106	0.0461746366	0.0659907281	0.0965110168	0.0067485483	-0.0164768635	0.0520058557	-0.009141004	-0.0158081314	0.0279471142	0.1602054561	-0.045289054	0.057582318	-0.0594163024	-0.0191944308	0.077997177	-0.1011807116	-0.0193820163	0.0794711997	-0.0263943315	0.0835337726	-0.0597648163	0.0599110462	0.0801727276	-0.0042359245	0.0553309088	0.0426392501	0.10018528	0.0359728361	-0.0563846531	-0.0516910892	0.0721472772	-0.0499201406	0.0236041104	0.0799311666	-0.1053573993	0.0525258607	-0.0141226318	0.0480960139	-0.0912327219	0.0706088953	0.0044486712	0.0687406305	-0.0367727822	-0.1191929867	-0.0071177173	-0.0022996908	0.009308316	-0.1501493198	0.0073323968	0.0744430981	0.0095993131	-0.0162714351	0.0361997704	0.1158662189	0.1518546337	0.0426129191	-0.1367173724	0.098800446	-0.0378232046	-0.0586176641	0.0449439947	-0.0595361403	0.0113035095	0.0737372065	0.0033922301	-0.0688612056	-0.1023735181	0.00632158	0.00074304	5.521084416000005e-07	3.99623736964e-05	0.0388321	0.0182811	0.00150793199041	0.00033419861721	0.105748	0.0395249999999999	0.011182639504	0.0015622256249999	-0.0029724	-0.00048298	2.3326968040000006e-07	8.83516176e-06	-0.00256902	6.640999999999982e-05	6.5998637604e-06	4.410288099999976e-09	-0.000564507	0.0001786599999999	3.191939559999999e-08	3.18668153049e-07	0.0	0.0	0.0	0.0	0.0	0.0	0.0	0.0	0.0	0.0	0.0	0.0	0.0	0.0	0.0	0.0	0.0	0.0	0.0	0.0	0.0	0.0	0.0	0.0	0.0	0.0	0.0	0.0	0.0	0.0	0.0	0.0	0.0	0.0
67896.02812317012	144.98540818788751	21020.76858740836	4609870634.902308	87338.68046431108	-546.1434739798569	7628045105.247034	298272.69417078665	65673.232641664	-106.423668278454	4312973485.606122	11325.997169842414	70158.89797741051	74411.36310041371	1.273114	22.755339	0.10072264	0.0521332	0.1006143194	-0.0198190725	-0.0587992443	0.0242887356	-0.060360265	-0.022115504	0.0766063964	0.0203210927	0.0121726374	-0.0416542873	-0.0270572316	-0.0317580941	-0.1411992146	0.1468321828	-0.0604568867	-0.0470073026	-0.0770088253	0.0376586982	0.104130952	0.1643909278	0.0481252561	0.1658732154	-0.0033907293	-0.0711975747	0.042824362	-0.0155119278	-0.0567691631	-0.0344927034	-0.1452720845	0.0840843317	0.1107630242	-0.1449523764	-0.0270182095	-0.0599358427	-0.0201206294	-0.0093559573	0.0662136481	0.100971344	0.0463587687	0.0614300476	0.0613436536	-0.1032776598	-0.0647093362	-0.0806278921	0.0197427005	-0.0317178335	0.0321169241	-0.0781990646	-0.0159471391	0.0874421794	-0.1736863285	0.0547703707	0.1462093144	0.0274407419	0.0593519991	0.0499975607	-0.1951091028	-0.1044592242	-0.0213180072	0.0125765655	-0.0688157326	0.0630970132	-0.0309346684	0.137177716	-0.0131195002	0.0779767037	-0.085466347	-0.0332868893	0.1361348221	-0.1063523471	0.0700652257	0.111931176	0.0983289436	-0.1298547798	0.072547625	-0.0	-0.072547625	-0.1025978352	-0.00215622	-0.0084778	7.187309284e-05	4.6492846884e-06	0.00864896	-0.03018314	7.48045090816e-05	0.0009110219402596	0.0933215	-0.0124264999999999	0.00870890236225	0.0001544179022499	-0.00216848	0.00080392	6.462873664000001e-07	4.7023055104e-06	-0.00269445	-0.00012543	7.260060802500001e-06	1.5732684900000043e-08	-0.000501153	6.335400000000006e-05	4.0137293160000075e-09	2.51154329409e-07	0.0	0.0	0.0	0.0	0.0	0.0	0.0	0.0	0.0	0.0	0.0	0.0	0.0	0.0	0.0	0.0	0.0	0.0	0.0	0.0	0.0	0.0	0.0	0.0	0.0	0.0	0.0	0.0	0.0	0.0	0.0	0.0	0.0	0.0
67896.4603289287	0.4322057585814036	0.1868018177509265	4609929325.197789	88396.82463439438	1058.1441700832947	7813998605.443872	1119669.0846812646	65581.80690537085	-91.42573629315302	4300973396.973347	8358.665256745158	70070.72686396386	73573.36736542708	1.421631	25.409899	0.05206143	0.0291819	0.0061227912	0.0793616849	-0.0634954561	-0.0924134907	-0.0204396862	0.065067897	0.0315720558	-0.0188081573	-0.0366421371	0.0526713581	0.0830261192	0.0029440642	0.0960683198	0.1043397334	0.0121510201	0.0033244955	-0.0545311719	-0.0067421334	0.032581784	0.107661059	-0.0946497654	-0.0852282419	-0.0038439516	0.0034600511	0.0391345165	0.0611712283	-0.0400255617	-0.0314462757	0.0456407735	0.0009640197	-0.0332675023	-0.0080903237	-0.0671039088	0.0266258536	0.0651493078	-0.0048022055	0.0063447232	-0.0640441976	0.1005993694	-0.0052045071	0.1776717801	0.0053692316	0.0147726704	-0.0274096372	-0.054162754	0.0603096632	0.0189214712	-0.0329116662	0.0165555943	0.0019155368	0.0708219091	0.0642378638	0.091613952	0.0078080111	-0.1221250778	-0.0644500048	0.0439172729	0.0171646633	0.0472120299	-0.0647613799	-0.0639567863	0.0016278713	0.0719082192	-0.0628312845	-0.013193173	0.1002130617	-0.0119962986	-0.0983397579	-0.0208007396	-0.0680532372	0.0333291799	-0.0272320376	0.0337884571	0.0138304279	0.0713382097	-0.0033922301	-0.0760555728	-0.1023735181	0.00277962	0.00493584	2.4362516505600004e-05	7.7262873444e-06	0.0339854	0.02533644	0.00115500741316	0.0006419351918736	0.0932798	-4.170000000000562e-05	0.00870112108804	1.7388900000004686e-09	-0.00248203	-0.00031355	9.831360250000008e-08	6.1604729209e-06	-0.00259536	9.909000000000004e-05	6.735893529600001e-06	9.818828100000008e-09	-0.000523462	-2.2309000000000087e-05	4.976914810000038e-10	2.740124654440001e-07	0.0	0.0	0.0	0.0	0.0	0.0	0.0	0.0	0.0	0.0	0.0	0.0	0.0	0.0	0.0	0.0	0.0	0.0	0.0	0.0	0.0	0.0	0.0	0.0	0.0	0.0	0.0	0.0	0.0	0.0	0.0	0.0	0.0	0.0
67737.50025101424	-158.96007791446755	25268.306370573595	4588368940.256154	90169.36202422844	1772.5373898340622	8130513847.85637	3141888.7983597503	65798.58337496004	216.7764695891965	4329453574.151568	46992.03776755584	70445.87880701502	74723.06461240406	1.376346	24.600487	0.07136046	0.0416611	-0.1042767874	-0.0585997441	0.0400572897	-0.007795326	0.1716970215	-0.0213902802	0.0228035369	0.0767837631	0.085667801	-0.1259135875	0.0705555613	-0.055983792	-0.1059244186	0.1646820176	-0.026137701	-0.010758628	-0.0306460388	-0.0440337057	-0.0035322181	-0.022280819	-0.0035839418	-0.0433631416	0.014576736	0.1494939216	0.1135975641	-0.0878177574	-0.1041533529	-0.0451794611	-0.0035079808	-0.077284354	0.024167529	0.0966802287	-0.0708510474	0.0177992864	0.085428554	-0.0651581369	0.0378892611	-0.1335585731	0.0131341833	0.0477089429	0.091615791	0.0064316308	0.003085721	0.0468260013	-0.0319861109	-0.1545345681	-0.0537312248	0.0843716228	-0.1114356058	-0.0247176877	0.0937995579	-0.0393370332	0.1735069558	0.1070219139	0.0232199764	-0.0932609198	-0.0230052114	-0.0247298267	0.0551478521	0.1562576717	-0.0028624292	0.0502607071	-0.0527872091	-0.0775650362	0.0144470003	0.0590157995	0.0110513797	-0.028407496	-0.0256318868	0.1479193609	0.0025953876	-0.1070114881	0.0210313873	0.0642134274	0.0701092912	-0.0067807509	-0.0793764193	-0.1017015476	0.00586763	0.00308801	9.535805760100002e-06	3.442908181690001e-05	0.0313964	-0.002589	0.00098573393296	6.702921000000006e-06	0.112597	0.0193172	0.012678084409	0.00037315421584	-0.00304981	-0.0005677799999999	3.223741283999999e-07	9.3013410361e-06	-0.00223663	0.00035873	5.002513756899999e-06	1.286872129000002e-07	-0.000524277	-8.149999999999304e-07	6.642249999998865e-13	2.74866372729e-07	0.0	0.0	0.0	0.0	0.0	0.0	0.0	0.0	0.0	0.0	0.0	0.0	0.0	0.0	0.0	0.0	0.0	0.0	0.0	0.0	0.0	0.0	0.0	0.0	0.0	0.0	0.0	0.0	0.0	0.0	0.0	0.0	0.0	0.0
67442.35838787117	-295.14186314307153	87108.71937956357	4548471704.9180565	86739.63715658897	-3429.7248676394665	7523764654.05671	11763012.667704556	65487.64615469149	-310.9372202685554	4288631798.882079	96681.95494833612	69989.00735541763	72957.09826264504	1.464618	26.178238	0.0847195699999999	0.044254	0.1006514867	-0.0379228255	0.1253142613	0.0211490642	-0.0794630852	-0.0740205048	-0.0680191118	0.1111888112	0.0543439715	0.0278762812	-0.1074093834	-0.0046666766	0.1361930033	0.0514688316	0.0643797412	-0.0417653614	-0.0383973059	0.025832181	0.0620547312	0.0199163268	-0.1210236115	0.0371610168	0.0640349941	0.0882418091	-0.0658752625	-0.1537034311	0.1078334307	0.0206282245	-0.053957275	-0.0460221309	0.0477712764	0.0656775638	-0.169814125	0.07263754	-0.1146320708	-0.0447847443	-0.0199346766	-0.0128726533	0.0288330362	-0.1349650039	0.0386858359	0.0193250371	0.0618011711	0.0043385189	0.0966183831	0.044477646	0.0446586794	0.0010186481	-0.0783451352	-0.1076908345	0.1099179837	0.1020833878	-0.0199071055	0.1033918676	0.0063339354	-0.0305941629	-0.015520041	0.0094186057	0.058073353	-0.0371294817	-0.1265649847	-0.009407019	0.0191199448	-0.0495091338	0.0475290689	-0.0451623319	0.045679619	0.0965826029	0.0462426153	0.0900337162	0.0803470493	-0.0092617451	0.0694770429	-0.0261332394	0.0688612056	-0.010161857	-0.0825019948	-0.1005848622	0.00275236	-0.00311527	9.704907172900002e-06	7.575485569600001e-06	0.0103721	-0.0210242999999999	0.00010758045841	0.0004420211904899	0.111933	-0.0006639999999999	0.012528996489	4.4089599999999723e-07	-0.00231735	0.0007324599999999	5.364976515999998e-07	5.370111022500001e-06	-0.0024836	-0.00024697	6.168268959999999e-06	6.09941809e-08	-0.000743167	-0.00021889	4.7912832100000015e-08	5.52297189889e-07	0.0	0.0	0.0	0.0	0.0	0.0	0.0	0.0	0.0	0.0	0.0	0.0	0.0	0.0	0.0	0.0	0.0	0.0	0.0	0.0	0.0	0.0	0.0	0.0	0.0	0.0	0.0	0.0	0.0	0.0	0.0	0.0	0.0	0.0
67399.09110877645	-43.26727909471083	1872.0574402596008	4542637482.289149	87197.52863507232	457.8914784833469	7603409000.064257	209664.6060676653	65347.31557704604	-140.33057764544355	4270271653.126044	19692.67102230386	69927.12817777497	72494.86837399086	1.336734	23.892467	0.06049199	0.037624	0.0172025754	0.1025182461	0.1482739016	0.0793866346	-0.0540189059	0.0225389072	-0.1615031306	0.1876239974	-0.0327988782	0.1405359067	-0.0480714143	-0.0535784414	-0.0038644259	0.0514936163	0.0935426082	0.099787249	0.0202861618	-0.0343497134	0.0082987076	-0.0904126724	-0.0755089736	-0.0408156338	-0.0735692641	-0.0281466725	-0.0038476431	-0.030542714	-0.0461497983	-0.0376640556	0.0122992902	0.027688764	0.128192963	-0.0580244282	-0.0488050841	0.031562909	-0.0928347207	0.0820297019	0.1234863444	-0.0300871008	0.025267133	0.0896862657	-0.0536046701	-0.026301456	-0.0661316588	-0.0685724029	0.0292076476	0.1351955492	-0.0351976493	0.1429517461	0.0049403416	-0.1437377771	0.0299507791	0.0061063823	0.0450332789	-0.0164698083	-0.0493890272	-0.0211643958	-0.0194165993	-0.0200742595	0.1063001714	-0.0048720549	0.0714912997	0.0517266033	0.0780438934	-0.0049640171	0.0120637561	-0.0232700734	-0.0226017237	0.0114511407	0.1086172084	-0.0240687298	-0.1088886479	0.0280726784	0.1723206261	0.1089516459	0.0675942939	-0.0135318513	-0.0854246103	-0.0990283447	0.00274517	-7.190000000000234e-06	5.169610000000337e-11	7.535958328899999e-06	0.0289353	0.0185632	0.00083725158609	0.00034459239424	0.0787829	-0.0331501	0.00620674533241	0.00109892913001	-0.00244281	-0.0001254599999999	1.5740211599999995e-08	5.967320696100001e-06	-0.00253357	-4.997000000000031e-05	6.4189769449000005e-06	2.497000900000031e-09	-0.000743167	0.0	0.0	5.52297189889e-07	0.0	0.0	0.0	0.0	0.0	0.0	0.0	0.0	0.0	0.0	0.0	0.0	0.0	0.0	0.0	0.0	0.0	0.0	0.0	0.0	0.0	0.0	0.0	0.0	0.0	0.0	0.0	0.0	0.0	0.0	0.0	0.0	0.0	0.0
67527.76020670102	128.66909792456136	16555.73676072036	4559998398.533713	88368.13278828771	1170.6041532153904	7808926892.488449	1370314.0835251212	65448.86215233376	101.5465752877135	4283553557.035186	10311.706952663266	70048.78999245213	73398.22637631078	1.31434	23.492212	0.037651882	0.0196708	-0.0846922202	-0.0684903027	0.0873394389	0.0472741123	0.0740791002	-0.0480325518	-0.0643055091	0.1835735185	-0.0740309808	0.0539464158	-0.0644608827	-0.1031103769	-0.0044121492	0.0719360891	0.0315049279	0.0439270179	0.0532898322	-0.0032519758	0.0782051071	-0.0206359843	-0.024350047	-0.0453197238	0.0303641912	-0.0256122238	-0.0111078441	0.0151936167	-0.0889246813	0.0461128438	0.0069896174	-0.1622411406	0.0209323283	-0.0347837308	-0.1979412666	-0.0179209812	-0.0138838569	-0.0426172089	-0.0713942473	0.0907600292	0.1387308321	0.0166481015	-0.0562245462	-0.0548636336	-0.0250532885	0.0347164622	0.0231652135	0.010040487	-0.1206019052	0.1047234417	-0.068608118	-0.1347077727	-0.0295036314	0.0012056023	0.0566816712	0.0758270005	-0.0567240499	0.0553529498	-0.0392968058	0.0696824144	-0.0013765537	-0.0022604562	0.0533152389	-0.0199183027	0.0076051869	0.0234242291	-0.0667740032	0.0367592724	0.0903439496	-0.0379404572	0.0075071698	0.121386788	0.0733328557	0.0395771495	0.0932035281	-0.0638989457	0.0663089027	-0.0168870486	-0.088137076	-0.0970388015	-0.000713912	-0.003459082	1.1965248282724e-05	5.09670343744e-07	0.0386356	0.0097002999999999	0.0014927095873599	9.409582008999998e-05	0.0724116999999999	-0.0063712000000001	0.0052434542968899	4.059218944000133e-05	-0.00241513	2.767999999999998e-05	7.661823999999987e-10	5.832852916900001e-06	-0.00251043	2.3140000000000053e-05	6.302258784900001e-06	5.354596000000025e-10	-0.000431561	0.0003116059999999	9.709829923599999e-08	1.86244896721e-07	0.0	0.0	0.0	0.0	0.0	0.0	0.0	0.0	0.0	0.0	0.0	0.0	0.0	0.0	0.0	0.0	0.0	0.0	0.0	0.0	0.0	0.0	0.0	0.0	0.0	0.0	0.0	0.0	0.0	0.0	0.0	0.0	0.0	0.0
67501.66423085325	-26.095975847769296	680.9999554473584	4556474673.934853	86671.32928920777	-1696.8034990799351	7511919320.758285	2879142.114489912	65504.45755075128	55.59539841752121	4290833959.018176	3090.84832520292	70017.15313462279	72592.4399092886	1.273952	22.770317	0.080886852	0.0359358	0.0690180662	-0.0358835083	0.1042624157	-0.0668840543	-0.056573029	-0.111256523	0.0785980653	0.1529121763	-0.0216799312	0.0549280448	-0.0792063834	0.0835715745	0.0347769522	0.0610536464	-0.0446468628	-0.0674868564	-0.058900424	-0.128863048	0.1379846736	-0.0625671033	-0.0529796871	0.1430254648	0.0711986385	0.1048714904	-0.0810421828	-0.0683082132	0.1242379359	-0.1247317789	0.0396405542	0.0882674334	-0.0781447286	-0.0023062414	0.0274120844	0.099448342	0.1443157439	0.0280739308	0.0077223685	-0.0276416925	-0.0021795607	0.1064668942	0.0135518486	0.0647504947	0.0265602801	0.1220695489	0.0781349483	0.0536413829	-0.0599842843	-0.0439910397	-0.0471429796	-0.0470286249	0.1405986711	0.0374053061	-0.0051448765	0.1130037441	0.0374807062	-0.0565754662	-0.1510817959	-0.1143778226	0.0056039441	0.00647602	-0.0296056559	-0.134177088	-0.0968098724	-0.1135140538	-0.0606299241	0.0090821896	-0.018032503	0.0312686486	-0.0257254449	0.0040886803	0.012509301	-0.0207140882	0.0740321549	-0.0642962821	0.0650053833	-0.0202237803	-0.0906327191	-0.0946249323	0.00267294	0.003386852	1.1470766469904e-05	7.1446082436e-06	0.0219767	-0.0166589	0.0004829753428899	0.00027751894921	0.081416	0.0090043000000001	0.006628565056	8.107741849000187e-05	-0.00217871	0.00023642	5.58944164000001e-08	4.7467772641e-06	-0.00202172	0.00048871	4.087351758399999e-06	2.388374641000003e-07	-0.000743167	-0.0003116059999999	9.709829923599999e-08	5.52297189889e-07	0.0	0.0	0.0	0.0	0.0	0.0	0.0	0.0	0.0	0.0	0.0	0.0	0.0	0.0	0.0	0.0	0.0	0.0	0.0	0.0	0.0	0.0	0.0	0.0	0.0	0.0	0.0	0.0	0.0	0.0	0.0	0.0	0.0	0.0
67553.57236350783	51.90813265458564	2694.45423568606	4563485139.07169	87789.26663182786	1117.937342620091	7706955335.754166	1249783.9020244705	65559.59204663523	55.13449588394724	4298060109.321237	3039.8126363769948	69877.50517675857	72836.26727370561	1.083283	19.362345	0.06007069	0.0307145	0.0165140087	0.0777801266	0.0778610594	-0.1559930314	-0.0333370583	0.0704580058	0.0504825844	0.0890321421	0.0235619834	0.0596010331	0.0871885808	0.0392835076	0.100110753	0.1202757642	0.0031303072	-0.0134812866	0.0609323265	-0.0865739364	0.0382111729	-0.0297024305	0.0757059551	-0.0003361529	-0.1622400094	0.0388070045	-0.0049187299	-0.1202150595	0.0053398044	-0.0295450582	0.0454591195	0.0179430782	-0.1346403489	-0.0821927623	0.077402108	-0.1860295415	0.0845300841	0.0811598047	-0.0299054897	0.0992018218	0.0043390391	0.0898185025	-0.0452947798	-0.0833168603	-0.0706492147	0.0517648754	-0.0834198955	0.0716668458	0.0396379943	-0.062051466	-0.0557483611	-0.113739903	0.0716112696	-0.014009418	0.0600777925	-0.0434105374	-0.0240671972	-0.0877621711	-0.0592067179	-0.0653113678	0.0913614173	0.0751922025	0.1217511214	-0.0662937093	0.0793399421	-0.0353392885	-0.0375634628	0.0353137158	0.0355179876	-0.022960881	-0.0727986572	-0.210313105	0.0982062223	-0.0091846864	-0.0454748256	-0.0110560416	0.063684092	-0.0235383975	-0.0929054001	-0.0917972923	0.00268093	7.990000000000254e-06	6.384010000000406e-11	7.187385664900001e-06	0.0136178	-0.0083588999999999	0.00018544447684	6.987120920999999e-05	0.099796	0.0183799999999999	0.009959241616	0.0003378243999999	-0.00246022	-0.00028151	7.92478801e-08	6.0526824484e-06	-0.0021285	-0.00010678	4.530512250000001e-06	1.1401968400000073e-08	-0.000464981	0.000278186	7.738745059599998e-08	2.16207330361e-07	0.0	0.0	0.0	0.0	0.0	0.0	0.0	0.0	0.0	0.0	0.0	0.0	0.0	0.0	0.0	0.0	0.0	0.0	0.0	0.0	0.0	0.0	0.0	0.0	0.0	0.0	0.0	0.0	0.0	0.0	0.0	0.0	0.0	0.0
67557.22319150475	3.6508279969129935	13.328545063043748	4563978405.3467865	88871.34644967072	1082.0798178428522	7898116219.7774	1170896.7321828203	65672.2114869725	112.61944033727924	4312839361.589644	12683.138341881997	70170.81108063896	72939.28899826472	1.31852	23.566917	0.0935178999999999	0.0397743	-0.1233576259	0.0139333473	0.1713047751	-0.0206765061	0.0833643673	0.0578307197	-0.0352210751	0.0971015127	0.0934191976	-0.0510047196	0.061119422	-0.0665061891	0.1181562065	-0.0575316695	0.0610260153	-0.0443448287	-0.0259161874	0.1247630529	0.0730063652	-0.1500902762	-0.0290735192	-0.0100756997	0.0340414213	-0.0054897813	0.0897509994	-0.0311455085	0.1293999243	0.0569510429	0.0106034122	-0.0973342138	-0.0001089679	0.0242772654	0.1086642223	0.0134465743	0.0295349686	0.0604157676	0.0042514858	-0.0362526565	-0.0022751875	-0.0713583008	-0.081979746	0.1250685585	-0.0457146149	0.052836569	-0.0575449193	-0.0694416879	0.009233193	0.1040946088	-0.0889852468	-0.0808572982	0.1037963574	0.0504197411	-0.1213417184	0.0235898187	-0.010604827	0.0577186228	-0.0144350836	0.0420398576	0.0913276431	-0.010795672	-0.0602881268	-0.0283572248	-0.0237557793	0.0534736202	-0.1173775909	0.0791268113	-0.0548318442	0.0063658255	-0.09353623	0.061325277	-0.0166533775	-0.070365621	-0.1552896222	0.0772382768	0.0623453902	-0.0268272759	-0.0949495281	-0.0885682462	-0.0074155899999999	-0.0100965199999999	0.0001019397161103	5.499097504809852e-05	0.00438077	-0.00923703	1.91911457929e-05	8.53227232209e-05	0.129511	0.0297149999999999	0.0167730991209999	0.0008829812249999	-0.00211617	0.0003440499999999	1.1837040249999989e-07	4.478175468900001e-06	-0.002479	-0.0003504999999999	6.145440999999999e-06	1.228502499999998e-07	-0.000659818	-0.0001948369999999	3.7961456568999985e-08	4.3535979312400006e-07	0.0	0.0	0.0	0.0	0.0	0.0	0.0	0.0	0.0	0.0	0.0	0.0	0.0	0.0	0.0	0.0	0.0	0.0	0.0	0.0	0.0	0.0	0.0	0.0	0.0	0.0	0.0	0.0	0.0	0.0	0.0	0.0	0.0	0.0
67584.89504823799	27.67185673324275	765.731655065112	4567718038.681344	87509.96158316116	-1361.3848665095577	7657993376.286342	1853368.7547612456	65505.72087795716	-166.4906090153454	4290999467.740832	27719.12289030061	70279.33820411735	73030.17778045684	1.417239	25.331408	0.0868241199999999	0.052725	0.0337644807	-0.0961017745	0.1328849283	0.0049347248	0.0065814571	-0.124483029	-0.0699751826	0.0607244014	0.0712575615	0.0089563534	-0.0895253449	-0.0199096096	-0.0301947561	0.0996563982	0.1632046699	-0.0236070647	0.0972612135	0.0341903535	0.0450762182	-0.1197117476	-0.0181193739	0.0154065594	0.0175016974	0.0535777822	0.1462909759	0.0707387716	0.0355270529	0.0333353949	0.0782241189	0.0901179047	0.0544677689	0.0182600074	0.0128870095	-0.0831055018	-0.1223670637	0.0327913809	-0.1148561221	-0.0873021512	-0.0264163326	-0.0793006253	0.1766093844	-0.029254462	-0.0777221706	-0.0256974513	0.137477079	-0.0294589231	-0.0848385879	0.052375846	0.0153715641	-0.1601200844	-0.0221946457	0.0337812591	-0.021139216	-0.164034912	-0.0475111898	-0.0123471742	-0.0170923724	-0.0858500142	0.1174755629	0.0011945869	-0.0977142877	0.0818835275	-0.0437725112	0.0010373307	0.029342893	0.026506935	-0.1340251199	0.077677253	-0.0245886599	-0.0231961783	-0.0328238817	0.140063935	-0.0549970282	0.1395049382	0.0609896438	-0.030086819	-0.0967600744	-0.0849519136	-0.00656115	0.0008544399999999	7.30067713599829e-07	4.30486893225e-05	0.0327701	0.02838933	0.00107387945401	0.0008059540578489	0.0884125999999999	-0.0410984	0.0078167878387599	0.00168907848256	-0.00192513	0.00019104	3.6496281600000075e-08	3.7061255169e-06	-0.00242375	5.5249999999999744e-05	5.874564062500001e-06	3.0525624999999715e-09	-0.000743167	-8.334900000000003e-05	6.9470558010000065e-09	5.52297189889e-07	0.0	0.0	0.0	0.0	0.0	0.0	0.0	0.0	0.0	0.0	0.0	0.0	0.0	0.0	0.0	0.0	0.0	0.0	0.0	0.0	0.0	0.0	0.0	0.0	0.0	0.0	0.0	0.0	0.0	0.0	0.0	0.0	0.0	0.0
67708.686604959	123.7915567210148	15324.34951541222	4584466241.768555	87079.49182835098	-430.4697548101831	7582837897.083844	185304.20980633915	65390.613550991045	-115.10732696611376	4275932340.5750537	13249.69672128382	69985.38928983833	73309.509843359	1.126673	20.137896	0.0406166	0.0204952	0.0755806125	0.0380313129	0.0400778162	0.0284107842	-0.0896107162	-0.0169811311	0.0344751117	0.0419714952	0.0231613759	0.1017728908	-0.0763719474	-0.1011762854	0.0131130896	0.0375547724	-0.002503602	-0.1695486751	-0.0389036809	-0.0709173659	0.1260578565	0.0172175587	0.1096248631	-0.0280761837	0.0060024238	-0.0311178526	-0.1127897403	0.0520137708	0.1322827485	-0.0123370178	-0.0716602517	-0.0485015154	-0.1029343923	-0.1218047999	0.0551324624	0.0510578826	-0.0855393922	0.032253118	0.0025074103	-0.0135359	-0.0980114827	-0.1467931024	-0.0591511444	0.0730309551	0.0844825012	-0.0471989876	0.0467484961	0.1032630315	-0.0120483081	0.0138130212	-0.1214761113	0.0239927284	-0.0582940185	0.1043194277	-0.0705761874	0.0039302995	-0.0421476	-0.1038692617	-0.1575206681	-0.0154112835	-0.0931239862	0.0875330988	0.0167297241	-0.1149178297	0.0020178568	-0.0818005769	-0.0736687469	-0.0630379972	0.0052827056	-0.0969811519	-0.1149894183	-0.0022821662	0.0134272055	0.0638510084	-0.0569559494	0.0222558477	0.0596172234	-0.0333134626	-0.0983325849	-0.0809641079	-0.0133745	-0.0068133499999999	4.642173822249999e-05	0.0001788772502499	0.0277497	-0.0050204	0.0007700458500899	2.5204416160000047e-05	0.0883826	-2.9999999999891225e-05	0.00781148398276	8.999999999934734e-10	-0.00222024	-0.00029511	8.708991210000008e-08	4.9294656576e-06	-0.00229667	0.00012708	5.274693088899999e-06	1.6149326400000085e-08	-0.0005903	0.000152867	2.3368319689e-08	3.4845409e-07	0.0	0.0	0.0	0.0	0.0	0.0	0.0	0.0	0.0	0.0	0.0	0.0	0.0	0.0	0.0	0.0	0.0	0.0	0.0	0.0	0.0	0.0	0.0	0.0	0.0	0.0	0.0	0.0	0.0	0.0	0.0	0.0	0.0	0.0
67833.23991576553	124.55331080652832	15513.527232867644	4601348437.469806	88172.93388429753	1093.442055946551	7774466269.764703	1195615.5297126195	65470.28235893542	79.66880794437748	4286357872.158731	6347.118959278104	69850.03890537794	72859.5766738877	1.224216	21.88135	0.0135607	0.0082367499999999	-0.0248212522	0.1059185495	0.0114834639	-0.0984660667	-0.0117946257	0.0784426904	0.0561210666	-0.0473519347	0.0158580347	0.1087012823	0.0777541998	-0.0008990202	0.0230740495	0.0319524795	0.0849505691	0.0099607763	-0.0181756359	-0.049773155	0.1566328597	-0.0788872002	0.0409553754	0.0428393483	0.0010731635	-0.0145230608	0.0367757329	-0.0086550139	-0.102439321	0.0913633041	0.0121753845	0.0370557745	-0.0159622787	-0.0967352555	0.077202064	0.1411769497	-0.0445787152	-0.0702012076	0.1132428129	-0.0402303031	-0.0840807652	-0.0360113456	0.042311098	0.1032853014	-0.0257695124	0.0262758804	-0.1011256573	0.0876666688	-0.0193668758	-0.0500920821	0.0305284785	-0.0533618315	0.0035126026	0.0529591802	-0.0663767925	-0.0441389811	-0.0976191264	-0.0237627657	-0.1465493348	-0.0125668271	0.0384438881	0.0623540709	0.0414457197	0.1323637854	-0.0202181143	-0.1307450684	-0.030416093	0.0277291372	0.0402156541	-0.0053629309	-0.0037730695	-0.0303411051	-0.0581584821	0.0242454629	-0.0407910963	-0.0104799624	0.0582285042	-0.0365036785	-0.0996631912	-0.0766222668	-0.0132952	7.929999999999916e-05	6.288489999999867e-09	0.00017676234304	0.0323353	0.0045855999999999	0.0010455716260899	2.102772735999999e-05	0.0884029	2.0300000000000876e-05	0.00781507272841	4.1209000000003533e-10	-0.00220675	1.3490000000000116e-05	1.8198010000000316e-10	4.869745562499999e-06	-0.00242375	-0.00012708	5.874564062500001e-06	1.6149326400000085e-08	-0.00055336	3.693999999999996e-05	1.3645635999999967e-09	3.062072896e-07	0.0	0.0	0.0	0.0	0.0	0.0	0.0	0.0	0.0	0.0	0.0	0.0	0.0	0.0	0.0	0.0	0.0	0.0	0.0	0.0	0.0	0.0	0.0	0.0	0.0	0.0	0.0	0.0	0.0	0.0	0.0	0.0	0.0	0.0
67847.87804438578	14.638128620252246	214.27480950304792	4603334555.125847	89327.1190720235	1154.185187725976	7979334201.707465	1332143.4475660464	65844.4015844789	374.11922554347257	4335485220.018127	139965.1949212477	70337.17820123052	73780.68856325686	1.281359	22.902721	0.0241844	0.0113569	-0.1274288405	-0.016955217	0.0505418786	-0.0461396384	0.0907824232	0.0809846733	-0.0711148034	-0.0233051329	0.0657220592	-0.1057665906	0.097610942	0.0118785259	-0.0035632358	-0.0554773618	0.1109932071	0.0969015121	-0.0595835547	0.077022489	0.0096021286	-0.0205099299	-0.0078825089	0.0459242397	0.0362233038	0.0805826872	0.0213773654	-0.0493581575	0.1375009951	-0.0310827365	0.1252306932	0.0185272467	0.0705599498	-0.0151854254	-0.0390310729	0.0110435207	0.0317878052	0.1261198045	0.0288241419	-0.0169542095	0.0375529922	0.0351796413	-0.0019068688	-0.0040321238	-0.0135427605	-0.0410851115	-0.0815889459	-0.1132718212	0.0303396677	0.0794380149	0.0625920906	0.0087025733	0.0856666716	0.052216137	-0.0569152576	-0.0255164494	0.0989579664	0.0678012406	0.0544293798	-0.0632078922	0.0960329843	0.0610978059	-0.1268520484	-0.0645011603	-0.0503587674	-0.0199830849	-0.0340054517	0.0683532183	-0.0355783167	-0.0689888054	0.0159173292	-0.0339514105	-0.0249541404	-0.0284603262	0.0314294398	0.1517665667	0.0568238659	-0.0396539781	-0.1007486199	-0.071945376	-0.0132433	5.190000000000056e-05	2.6936100000000572e-09	0.00017538499489	0.0269656	-0.0053696999999999	0.0007271435833599	2.883367808999998e-05	0.09676	0.0083570999999999	0.0093624976	6.984112040999987e-05	-0.0020827	0.00012405	1.5388402500000033e-08	4.337639289999999e-06	-0.00248705	-6.330000000000007e-05	6.185417702500001e-06	4.0068900000000095e-09	-0.000532596	2.0764000000000047e-05	4.31143696000002e-10	2.83658499216e-07	0.0	0.0	0.0	0.0	0.0	0.0	0.0	0.0	0.0	0.0	0.0	0.0	0.0	0.0	0.0	0.0	0.0	0.0	0.0	0.0	0.0	0.0	0.0	0.0	0.0	0.0	0.0	0.0	0.0	0.0	0.0	0.0	0.0	0.0
67750.63816126017	-97.23988312561414	9455.594870283096	4590148971.258002	87848.94970299587	-1478.1693690276295	7717437963.919498	2184984.683531541	65724.20800031969	-120.19358415920578	4319671517.269287	14446.497673036083	70373.11525166595	73126.86340140023	1.403243	25.081249	0.04193475	0.0214526	0.0536123589	-0.0910693912	0.0684583836	-0.0157133535	0.0005094032	-0.1166406746	-0.0756609198	-0.1177046841	-0.0079360413	-0.110707884	-0.1267271963	0.0355877789	0.0119493354	-0.0107179923	0.061383997	0.0122713013	-0.0329826153	-0.0019029911	0.1007553619	-0.0614435845	-0.0820772905	0.0265259334	0.0715626539	-0.0811724689	0.0904096792	0.1153564008	0.0472848301	-0.0857883343	-0.0945968512	-0.0162385913	-0.0454795549	0.0940126645	0.1099233725	-0.091124397	-0.0130607739	-0.1160081473	-0.0667494976	0.0209870117	-0.091121866	-0.0556659108	-0.035622451	0.0302213716	-0.0458703344	-0.0213304732	0.1309696272	-0.0857384056	0.0355332904	-0.0102480736	0.0922732511	-0.0037293805	-0.0047447069	0.0350174412	-0.0263880652	-0.0045721	-0.0230875348	0.0264354646	-0.0324881775	0.0127122054	-0.0062200248	-0.0602216383	-0.0515635443	0.1086296466	0.0014629444	-0.0308695199	-0.0869572523	0.1040566114	-0.0183857391	0.1043747017	-0.1107971635	0.012873172	-0.0792829094	-0.0256926958	-0.0168157101	-0.0358611226	0.0554036926	-0.0427609166	-0.1015862008	-0.0669538864	-0.0132492	-5.899999999999656e-06	3.4809999999995936e-11	0.00017554130064	0.0385997	0.0116341	0.00148993684009	0.00013535228281	0.105371	0.008611	0.011103047641	7.414932100000012e-05	-0.00236157	-0.00027887	7.776847690000005e-08	5.5770128649e-06	-0.00234714	0.00013991	5.509066179600001e-06	1.9574808100000008e-08	-0.000517701	1.4895000000000012e-05	2.218610250000004e-10	2.68014325401e-07	0.0	0.0	0.0	0.0	0.0	0.0	0.0	0.0	0.0	0.0	0.0	0.0	0.0	0.0	0.0	0.0	0.0	0.0	0.0	0.0	0.0	0.0	0.0	0.0	0.0	0.0	0.0	0.0	0.0	0.0	0.0	0.0	0.0	0.0
67740.26786001287	-10.370301247297904	107.54314795970843	4588743889.746293	87352.89534639721	-496.0543565986591	7630528325.398624	246069.9247005096	65421.65702925192	-302.5509710677725	4279993208.453067	91537.0900940521	70023.64634980634	73852.47022373138	1.133532	20.260487	0.02014045	0.0113957	0.0462017756	0.047593724	-1.85046e-05	0.0375725654	-0.0884042809	0.0436841559	-0.0648989928	-0.0287802842	0.0425058109	0.0812634017	-0.0311408109	-0.0788252239	0.0569350441	0.0472673283	-0.0152322338	-0.0523973482	-0.0160102993	-0.0668031444	-0.1257740638	-0.0728984098	0.0786120021	-0.0002193111	0.0392487281	-0.0291960117	-0.0025598927	-0.0139603063	-0.0441754527	-0.0568589345	0.075939593	0.0310251855	-0.0703035465	0.0455781973	0.0326008209	-0.0520558602	0.0326716386	-0.0499585893	-0.1350757889	0.1432969465	-0.0941406316	0.0094685194	0.1720874863	0.0483270506	0.0870551758	-0.0422485435	0.0352820515	0.0820196343	0.0165795662	0.0696305552	-0.0778456025	0.0294982368	0.0079190486	-0.0014851501	0.0199129997	-0.1297325383	-0.0208393868	-0.0502743859	0.0381886954	0.0108707059	-0.0872565583	0.0415919331	-0.0113260152	0.0033997178	0.0024739514	-0.0018856295	-0.0236635243	0.0676963183	-0.037271715	0.031279221	-0.0424459275	-0.0534810614	0.0934211267	0.0267969194	-0.083594244	-0.0175901051	0.0539683725	-0.0458210968	-0.1021738733	-0.0616696245	-0.0132398	9.399999999999686e-06	8.835999999999409e-11	0.0001752923040399	0.0453525	0.0067527999999999	0.00205684925625	4.560030783999995e-05	0.0997292	-0.0056418	0.00994591333264	3.182990724000003e-05	-0.00236157	0.0	0.0	5.5770128649e-06	-0.0023573	-1.0159999999999943e-05	5.5568632900000006e-06	1.0322559999999883e-10	-0.000373132	0.000144569	2.0900195761e-08	1.39227489424e-07	0.0	0.0	0.0	0.0	0.0	0.0	0.0	0.0	0.0	0.0	0.0	0.0	0.0	0.0	0.0	0.0	0.0	0.0	0.0	0.0	0.0	0.0	0.0	0.0	0.0	0.0	0.0	0.0	0.0	0.0	0.0	0.0	0.0	0.0
67809.30368453769	69.03582452482078	4765.945067821846	4598101666.181857	88226.5372889495	873.6419425522909	7783921881.998398	763250.2437865402	65536.95242567135	115.2953964194312	4295092133.24471	13293.028435513788	70039.08979112539	73725.21273050226	1.371683	24.517145	0.0816059399999999	0.0405968	-0.0998991686	0.0182666821	-0.0085708295	0.0682066389	0.0315327366	0.0352361687	-0.0556434374	0.0087430603	-0.0864732644	0.034794577	0.0174676804	-0.0298482804	-0.0745902113	-0.013183824	0.1403709575	0.029894886	-0.0199116626	0.0523471821	-0.0366012251	-0.0006774883	-0.0247462399	-0.0134331026	0.0090105549	0.0037661674	0.0138782715	-0.0737377214	-0.1328796212	0.0070108489	0.0067308926	-0.0165078651	-0.0873656293	0.0010702774	-0.0944856481	0.0507942332	-0.059051139	-0.1601938258	0.01898866	-0.1049762779	-0.0013720587	0.0799742083	0.0167854041	0.0994866568	0.013716078	0.0752449949	-0.0501323596	0.0177905945	-0.0773224049	0.0736112592	0.0896056771	-0.0715444298	-0.0216330383	0.0447556955	-0.0055431429	0.0838700254	0.0892531656	0.0102389955	0.0246624196	0.1228368697	0.0367782155	0.0197778644	-0.0019589425	0.0891048287	0.0236824522	-0.0994310446	0.0937188918	-0.0049120112	0.0242006853	0.0423287043	-0.0212222301	0.0112370274	-0.0663125477	-0.0614463493	-0.0091806858	-0.0408809966	0.0525182979	-0.0488311722	-0.1025101919	-0.056115697	-0.00837451	0.0048652899999999	2.3671046784099995e-05	7.01324177401e-05	0.037092	-0.0082604999999999	0.001375816464	6.823586024999995e-05	0.0884102999999999	-0.0113189000000001	0.0078163811460899	0.00012811749721	-0.00172763	0.0006339399999999	4.018799235999999e-07	2.9847054169e-06	-0.00263221	-0.0002749099999999	6.9285294841e-06	7.557550809999985e-08	-0.000607507	-0.000234375	5.4931640625e-08	3.6906475504900005e-07	0.0	0.0	0.0	0.0	0.0	0.0	0.0	0.0	0.0	0.0	0.0	0.0	0.0	0.0	0.0	0.0	0.0	0.0	0.0	0.0	0.0	0.0	0.0	0.0	0.0	0.0	0.0	0.0	0.0	0.0	0.0	0.0	0.0	0.0
67858.23260521221	48.92892067451612	2394.0392783730917	4604739732.303085	87743.51849819215	-483.0187907573563	7698925038.442588	233307.1522246988	65545.25503017103	8.302604499680456	4296180456.9701605	68.93324147811416	70150.55563399129	73912.45185356031	1.426701	25.500519	0.0468598899999999	0.0297584	0.0370759267	-0.0963323716	-0.0159641772	-0.063042167	0.009864181	-0.0962619809	0.106206352	0.0497793653	-0.0553239047	0.0491237165	-0.0202853032	0.0651877605	-0.0759494948	0.0189183939	-0.0670090415	-0.0445372828	-0.0922115313	0.0260582758	-0.016796491	-0.105895039	0.0154132848	0.0168074866	0.0274163626	-0.0130634477	-0.0304716129	0.0236068645	-0.0047918876	-0.007414423	-0.0056544989	0.011598082	-0.0433016432	-0.0004932735	-0.059734385	-0.0174596968	-0.0816383753	-0.0217606897	0.069055901	0.1073678922	0.0292986847	-0.1081982595	-0.0306478985	0.1188070811	-0.0967890417	0.0428587349	0.0560013127	0.0064233045	-0.1067948901	-0.0784557593	-0.0251235523	0.061044221	0.0352247699	0.0181281279	-0.0035954857	-0.0807781222	-0.0045116361	-0.0075302842	-0.0305864962	0.0128064073	-0.009588039	0.0599925047	-0.0206792676	0.0501228795	0.0284726936	0.0390033863	-0.0633061089	-0.0078034723	0.0139921974	0.0302076465	0.0589073252	-0.0346163845	0.0135030123	-0.0083265458	0.0763539378	-0.016934643	0.0510538654	-0.0517878515	-0.102594329	-0.0503163898	-0.0132433	-0.00486879	2.37051160641e-05	0.00017538499489	0.0115774	-0.0255146	0.00013403619076	0.00065099481316	0.088383	-2.729999999989685e-05	0.007811554689	7.452899999943681e-10	-0.00171079	1.6839999999999954e-05	2.8358559999999844e-10	2.9268024241e-06	-0.0023573	0.0002749099999999	5.5568632900000006e-06	7.557550809999985e-08	-0.000570273	3.723399999999992e-05	1.386370755999994e-09	3.2521129452900005e-07	0.0	0.0	0.0	0.0	0.0	0.0	0.0	0.0	0.0	0.0	0.0	0.0	0.0	0.0	0.0	0.0	0.0	0.0	0.0	0.0	0.0	0.0	0.0	0.0	0.0	0.0	0.0	0.0	0.0	0.0	0.0	0.0	0.0	0.0
67947.08678103283	88.85417582062655	7895.064560762816	4616806602.029207	87540.98446781379	-202.5340303783596	7663423961.594015	41020.03346130229	65567.81994285485	22.56491268382524	4299139012.058635	509.1752844286573	69855.11331282477	73434.31812978041	1.163606	20.798027	0.07670939	0.0388166	0.0671517885	0.0705733034	-0.0131155491	-0.1269987468	-0.0798681642	0.0428322977	0.1255097792	-0.1082049529	0.0384907528	0.0656367713	0.0725658786	0.0781268424	0.097748949	-0.032668195	0.0061917202	-0.0242333831	-0.0511464873	-0.0553339061	-0.0256785322	0.0597850127	0.0282952916	-0.098291976	-0.1064958247	0.0040428341	0.0475007757	-0.0020785778	0.0236344845	0.0332330708	0.1032395049	-0.1241964798	0.0830040802	0.1356650471	-0.0161802304	0.00759782	-0.0477684695	0.0429346443	0.079719416	0.0475777539	-0.0586788628	-0.0249981654	-0.0829451389	-0.014228353	0.0093831289	0.0924411701	-0.0817782312	0.080914965	0.0900475052	-0.1241714982	0.0201067703	0.0406186678	-0.0144119153	0.023705077	-0.0602375554	-0.0924184725	-0.036975424	-0.0954633343	0.0329575611	0.0393957503	0.1145503122	0.0635801872	0.0093997267	0.0195889301	-0.0009536228	0.0076876625	0.0502239501	0.0053571951	0.0483612205	-0.0455771196	0.0858552164	0.0919361932	0.1148146307	-0.0622298897	0.0212559348	0.1421186712	0.0495754752	-0.0546879015	-0.1024260777	-0.0442970619	-0.00792196	0.0053213399999999	2.831665939559999e-05	6.275745024160001e-05	-0.0129693	-0.0245466999999999	0.0001682027424899	0.0006025404808899	0.101934	0.0135509999999999	0.0103905403559999	0.0001836296009999	-0.00207255	-0.0003617599999999	1.3087029759999986e-07	4.295463502499999e-06	-0.00260238	-0.0002450799999999	6.7723816644e-06	6.006420639999997e-08	-0.000511306	5.896700000000005e-05	3.477107089000005e-09	2.61433825636e-07	0.0	0.0	0.0	0.0	0.0	0.0	0.0	0.0	0.0	0.0	0.0	0.0	0.0	0.0	0.0	0.0	0.0	0.0	0.0	0.0	0.0	0.0	0.0	0.0	0.0	0.0	0.0	0.0	0.0	0.0	0.0	0.0	0.0	0.0
68026.40645317186	79.3196721390268	6291.610388242705	4627591974.932142	88349.39358293517	808.4091151213797	7805615346.472386	653525.2974113321	65770.02262328165	202.20268042679527	4325695875.86698	40885.92397178069	70081.38695180186	73581.8996075611	1.080032	19.304243	0.05817669	0.0367662	-0.0213736468	0.1012123892	-0.0001233254	-0.081651716	-0.0116525309	0.1002702113	0.0469869391	-0.1270199363	-0.020459236	-0.044998764	0.1341397402	0.0404463305	0.0684932392	-0.0075046334	-0.0385434477	0.0121098505	-0.0255443187	0.0715612845	0.0087016855	-0.011711686	-0.0314771427	-0.0817767462	0.0021174131	-0.0622692108	-0.0300367255	-0.0365008396	-0.0111689605	0.0215677373	0.0916480824	0.1025967593	-0.0427231523	0.2133565893	0.0558595976	0.1330535006	0.0365535369	0.0042710512	0.0310768081	0.0030532627	-0.0492522552	-0.0353302299	-0.0988131962	-0.0103388296	-0.0088367408	0.0223659181	-0.1164310368	0.0001264763	0.0967144673	-0.0483141858	0.0665507127	0.1000190813	0.0638736645	0.0249496892	0.0149304118	-0.0249145877	-0.0223644823	-0.01467921	5.30183e-05	0.1350366647	-0.0129949929	-0.0235314165	0.0075980649	-0.1063378752	0.0047405818	-0.036923319	0.0001465859	0.0673517447	0.1338223687	0.1031922915	0.0011825586	0.0837863567	-0.1000427129	-0.0091120612	-0.1003390909	0.0768941129	0.0480835316	-0.0575281511	-0.102005852	-0.0380840342	-0.0131998	-0.0052778399999999	2.785559506559999e-05	0.0001742347200399	0.0212582	0.0342275	0.00045191106724	0.00117152175625	0.0883749	-0.0135590999999999	0.00781012295001	0.0001838491928099	-0.00215341	-8.08600000000003e-05	6.538339600000051e-09	4.637174628100001e-06	-0.00259825	4.1300000000001925e-06	6.7509030625e-06	1.705690000000159e-11	-0.000494051	1.7254999999999983e-05	2.977350249999994e-10	2.4408639060100004e-07	0.0	0.0	0.0	0.0	0.0	0.0	0.0	0.0	0.0	0.0	0.0	0.0	0.0	0.0	0.0	0.0	0.0	0.0	0.0	0.0	0.0	0.0	0.0	0.0	0.0	0.0	0.0	0.0	0.0	0.0	0.0	0.0	0.0	0.0
68069.23774558316	42.83129241129791	1834.519609622106	4633421127.264723	90115.90206127324	1766.5084783380737	8120875804.316991	3120552.204040296	65850.3991917759	80.3765684942482	4336275073.71624	6460.392762910573	70465.85969300303	74439.63668372315	1.176481	21.02816	0.0136884	0.00993664	-0.117484321	-0.0405256482	-0.0192242739	-0.0606154148	0.139913983	0.0515333182	-0.0304565506	-0.1701707047	-0.0367066492	-0.1352266662	0.1264086959	-0.0738499822	0.0257269757	-0.1226188989	0.0101027316	-0.0526660616	-0.1160120382	-0.0947771297	-0.0741405265	-0.1186077454	-0.0201167423	-0.0846160499	0.0325392923	-0.0607991241	-0.1139856758	0.1021438005	-0.1000424937	-0.2034332569	-0.0456912338	-0.0464121764	-0.0986235275	0.0369781862	0.0569452607	-0.0610583387	-0.0756003765	-0.004553306	0.1033861766	0.0778950151	-0.2020226523	-0.0228103684	-0.05417779	-0.001086441	-0.0469523584	-0.0643319734	-0.0789095135	-0.1395224006	0.0234808553	0.070809112	0.0160729825	0.1333796468	0.0352713735	0.023079101	-0.0708931678	-0.101312673	-0.0912687414	-0.1321320558	0.0771122598	0.136956118	-0.1048963826	-0.0261184538	0.1429939687	-0.0187665234	0.0479078172	0.078598931	-0.0913760437	0.0649594029	0.1456783766	0.1218120988	0.0455086837	-0.0867968489	-0.0626847095	-0.070448148	0.1890443415	-0.0302919386	0.0465784425	-0.0603054945	-0.1013346856	-0.0317044747	-0.0131987	1.0999999999986717e-06	1.2099999999970773e-12	0.00017420568169	0.0302841	0.0090259	0.00091712671281	8.146687080999999e-05	0.0883747	-2.0000000000575119e-07	0.00781008760009	4.000000000230045e-14	-0.00209686	5.655000000000026e-05	3.1979025000000292e-09	4.3968218596e-06	-0.00262906	-3.081000000000004e-05	6.9119564836e-06	9.492561000000024e-10	-0.000499915	-5.863999999999956e-06	3.4386495999999487e-11	2.49915007225e-07	0.0	0.0	0.0	0.0	0.0	0.0	0.0	0.0	0.0	0.0	0.0	0.0	0.0	0.0	0.0	0.0	0.0	0.0	0.0	0.0	0.0	0.0	0.0	0.0	0.0	0.0	0.0	0.0	0.0	0.0	0.0	0.0	0.0	0.0
67942.94857083984	-126.28917474331683	15948.955657348017	4616244260.499787	88019.24014963198	-2096.661911641262	7747386636.518586	4395991.171727192	65670.39092471228	-180.0082670636184	4312600244.204533	32402.976211246965	70364.22790142057	73725.28792121822	1.381893	24.699636	0.0437316	0.0215175	0.0693503945	-0.0547709714	0.0110017112	0.0061491443	-0.0111966186	-0.0978549729	-0.0472083226	-0.1757169779	0.0190572148	-0.0849654067	-0.1028625051	-0.1253303577	0.0344873923	-0.0045007556	-0.0209457015	-0.0027450918	-0.1971541245	-0.0664643972	-0.0764714936	0.0467530611	0.0202493538	-0.0137419366	-0.083491852	-0.0206203967	-0.1012262455	-0.1034248215	0.0070108927	0.0643152218	-0.0903409142	-0.019777083	0.0335306829	0.0898090043	0.0855620831	-0.1490974173	0.0574410296	0.0393534302	0.0631253479	0.046139224	-0.0557022162	-0.1131111605	0.0821343758	0.0101403187	0.0211993373	0.0181374165	0.109802253	-0.0413704876	0.0821023549	0.0755814615	-0.0109459612	0.1412443709	-0.0164701849	0.1169332169	-0.0030433659	0.0683478509	-0.0255055869	-0.1294699154	-0.0206517983	0.0830710787	0.0315115452	0.053618507	-0.0101311243	0.0036200955	0.13850763	0.1156069351	0.0267542171	-0.0858129324	0.0723849016	0.0920419634	0.0652233655	-0.0250174597	0.0466375678	-0.1060836421	-0.0839611767	-0.0588483191	0.0450606192	-0.0630168947	-0.1004142296	-0.0251862796	-0.0160319	-0.0028332	8.027022240000006e-06	0.00025702181761	0.0401534	0.0098692999999999	0.00161229553156	9.740308248999995e-05	0.0938869	0.0055121999999999	0.00881474999161	3.0384348839999942e-05	-0.00215341	-5.655000000000026e-05	3.1979025000000292e-09	4.637174628100001e-06	-0.00247089	0.00015817	6.1052973921e-06	2.5017748900000004e-08	-0.0007955329999999	-0.0002956179999999	8.73900019239409e-08	6.328727540888409e-07	0.0	0.0	0.0	0.0	0.0	0.0	0.0	0.0	0.0	0.0	0.0	0.0	0.0	0.0	0.0	0.0	0.0	0.0	0.0	0.0	0.0	0.0	0.0	0.0	0.0	0.0	0.0	0.0	0.0	0.0	0.0	0.0	0.0	0.0
67910.06503807155	-32.883532768290024	1081.3267273232038	4611776933.475108	87593.89443440082	-425.3457152311603	7672690342.184955	180918.97746550728	65414.15025075928	-256.2406739529979	4279011053.028911	65659.28298788657	69975.34111350679	74190.76323190113	1.194806	21.355686	0.0894714	0.0502963	0.0413836103	0.0630580193	-0.086669001	0.0308906923	-0.0594837103	0.0420998617	-0.0632360361	-0.0873869488	-0.0543441037	0.1025680371	-0.0540617712	0.0445294724	-0.0145085206	-0.0936729519	0.0472817856	-0.0088777678	0.0064103836	-0.1017490472	-0.1195656737	0.0972576877	0.0142062981	-0.0571973237	0.0332089399	0.0330486603	-0.0478220206	-0.0248017903	-0.0819759625	-0.0246461689	0.0154134582	0.2268851602	-0.1049598726	0.1745333854	-0.0791539466	-0.0953158553	0.0128105581	0.06259167	-0.0781904689	-0.0468416866	0.1625284433	0.0187256591	-0.0604522971	-0.007856911	0.1728943126	0.0214956344	0.0213642183	0.1150624117	-0.0098229646	0.0174413675	0.0793788479	0.0422977409	-0.0042805663	-0.0535478946	-0.0178629194	-0.0087060385	0.022267519	-0.1199942106	0.1686969973	0.0233844412	-0.1289313728	0.0862922399	-0.1495501174	-0.0365776074	-0.0026274079	-0.0897394998	0.0218376646	-0.0454544489	0.0846903088	0.177886228	-0.0749394381	-0.0288869164	0.0355979386	0.0314563999	-0.0279546612	0.0258150496	0.0435304769	-0.0656593869	-0.0992467484	-0.0185579513	-0.0131539	0.002878	8.282884000000011e-06	0.00017302508521	0.0469624	0.006809	0.00220546701376	4.636248100000004e-05	0.0761248999999999	-0.017762	0.0057950004000099	0.000315488644	-0.00137306	0.00078035	6.089461225000003e-07	1.8852937636e-06	-0.00274552	-0.00027463	7.5378800704e-06	7.542163690000005e-08	-0.000610065	0.0001854679999998	3.43983790239629e-08	3.72179304225e-07	0.0	0.0	0.0	0.0	0.0	0.0	0.0	0.0	0.0	0.0	0.0	0.0	0.0	0.0	0.0	0.0	0.0	0.0	0.0	0.0	0.0	0.0	0.0	0.0	0.0	0.0	0.0	0.0	0.0	0.0	0.0	0.0	0.0	0.0
67988.6072375986	78.54219952704443	6168.877106546059	4622450714.108444	89167.07317762138	1573.17874322056	7950766939.063286	2474891.358121021	65565.38190836797	151.2316576086887	4298819304.790146	22871.014263071647	70144.80172323062	74517.10995753955	1.304176	23.310545	0.06454285	0.035779	-0.1135082849	-0.0096370928	-0.0971596381	0.0866428596	0.0748853896	0.0561474233	-0.0594680867	-0.0475719505	-0.1159344428	0.0570857135	0.0415399052	0.0910611321	-0.0760635786	-0.1318157689	0.067835314	-0.057106206	-0.0583343607	-0.0218389814	-0.1042458298	0.1225142978	0.0665242537	-0.069108037	-0.0510506652	0.0585688967	0.1328793186	0.0617206639	-0.0126472276	-0.0977864459	0.1384613095	0.0077092207	-0.0782588582	-0.0683683927	0.1105485429	0.0320165189	-0.0826126551	0.0052841224	-0.1180964439	-0.0570485962	0.1298011322	0.1189215043	0.0594553786	-0.0126608047	0.1008598376	-0.0563866355	-0.0493177438	0.0105127174	-0.1227578761	0.0043711366	0.102825923	0.0247270525	-0.0150783678	-0.0093072451	-0.0920105376	0.058369685	0.0812086511	-0.116504448	0.148075666	0.0139668972	-0.0032733719	0.0633931823	0.0567571802	-0.0014330811	0.0027854058	-0.1209791523	0.1546433716	0.0241016404	-0.0910247805	-0.1055114747	-0.1490372994	-0.1278418277	0.0402277552	-0.0096980413	0.0207360557	0.0815149507	0.0419884337	-0.0682300815	-0.0978351141	-0.0118484738	-0.0131789	-2.500000000000072e-05	6.250000000000358e-10	0.00017368340521	0.0292854	-0.017677	0.00085763465316	0.000312476329	0.102583	0.0264581	0.010523271889	0.00070003105561	-0.00152312	-0.00015006	2.251800360000001e-08	2.3198945344e-06	-0.00254767	0.0001978499999999	6.490622428900001e-06	3.9144622499999945e-08	-0.00055032	5.9745000000000045e-05	3.5694650250000047e-09	3.028521024e-07	0.0	0.0	0.0	0.0	0.0	0.0	0.0	0.0	0.0	0.0	0.0	0.0	0.0	0.0	0.0	0.0	0.0	0.0	0.0	0.0	0.0	0.0	0.0	0.0	0.0	0.0	0.0	0.0	0.0	0.0	0.0	0.0	0.0	0.0
67945.89882461331	-42.70841298528831	1824.0085397219427	4616645167.084588	87574.11919308497	-1592.9539845364052	7669226352.444654	2537502.39685041	65513.33922434463	-52.04268402334128	4291997616.324052	2708.440960353342	70035.6170123352	73900.01363149521	1.511836	27.022215	0.0938460999999999	0.0442251	0.0747710813	-0.0780362799	-0.1074070524	-0.0520962429	-0.0170613923	-0.0895720532	0.0644281424	-0.0786483474	-0.0383279141	0.0583893911	-0.0611391821	0.041676723	-0.0247328948	-0.2044104102	0.0020060957	0.0387953516	-0.0173825312	0.1683751832	0.0450383834	0.0353089907	-0.0186971477	0.0260680594	0.0031438422	0.0602276635	-0.0398264059	0.0020005139	-0.0113513677	0.0262150538	-0.0978873554	0.0002034527	0.0030601238	0.177617613	0.0063845549	-0.0305934609	0.0028612241	-0.0855043721	-0.0700896914	-0.0895316702	0.1569613884	-0.0100164452	-0.0555451253	-0.0859202011	0.0130621198	-0.0320246717	0.0484733997	0.0324827655	-0.0550090366	-0.1037713114	0.0173730363	0.0542970036	-0.0520493622	0.0401552808	-0.1410355416	0.119042529	0.0326543993	0.1417639996	0.112027716	-0.0167939582	0.0206817854	0.0126120944	-0.0833899339	0.028018076	0.0446868722	0.0153191327	-0.0287250644	-0.0607481669	0.1235779449	0.0423825408	-0.0020370368	0.0444036601	-0.0281422831	-0.1033492444	-0.0095123386	-0.0634503104	0.0404349114	-0.0707261675	-0.0961827994	-0.0050871859	-0.0132438	-6.489999999999968e-05	4.2120099999999585e-09	0.00017539823844	0.0134848	-0.0158005999999999	0.00018183983104	0.0002496589603599	0.0820565	-0.0205264999999999	0.00673326919225	0.0004213372022499	-0.00209227	-0.0005691499999999	3.239317224999998e-07	4.377593752899999e-06	-0.0023573	0.00019037	5.5568632900000006e-06	3.624073690000001e-08	-0.000939882	-0.000389562	1.51758551844e-07	8.833781739239999e-07	0.0	0.0	0.0	0.0	0.0	0.0	0.0	0.0	0.0	1.0	0.0	0.0	0.0	0.0	0.0	0.0	0.0	0.0	0.0	0.0	0.0	0.0	0.0	0.0	0.0	0.0	0.0	0.0	0.0	0.0	0.0	0.0	0.0	0.0
67923.7431131801	-22.155711433209945	490.8755491116698	4613634878.5052805	87470.21177484181	-103.907418243165	7651037947.935675	10796.75156596002	65565.83504335837	52.4958190137404	4298878724.93288	2755.811013923388	70116.93835026343	73563.7237831603	1.186395	21.205357	0.1098399499999999	0.0539628	0.0728876098	0.0374224169	-0.0445097483	0.0439437554	-0.0834663607	-0.004831546	0.0089337683	-0.1212415831	0.0490219393	0.0483971956	-0.0053129936	-0.0818728229	0.034148453	-0.1602256471	-0.031107937	-0.0321864567	-0.1699582355	0.046341608	-0.0339752895	0.080833769	0.0496142746	-0.0673876029	0.1233816388	0.109377833	-0.0288707788	0.1220312113	0.0860025377	0.0238216052	-0.0090686695	0.0190505572	0.0534367651	-0.1153384836	-0.0064826513	0.0661166386	-0.0246122285	0.0027355772	-0.0106030528	0.0567518666	-0.0411183998	0.0322056632	-0.1002044902	-0.1419030553	0.0296167311	-0.0294706218	0.0267737716	0.0613517237	0.0285231141	0.0512738303	-0.0351321955	0.1210579737	-0.0465656574	0.0971181428	-0.130722298	0.0547937917	-0.0803149395	0.0366575077	0.0698464121	0.0572109986	-0.048130512	0.0660007449	-0.0097432152	-0.0366752882	-0.1913035198	0.1079918784	-0.0113001893	-0.1202642088	-0.0192825364	-0.1844720083	0.1072963194	0.0036409267	-0.0212753621	0.0843984407	0.1622502318	-0.0303613978	0.0388703345	-0.0731449155	-0.094293869	0.0016963469	-0.0131728	7.099999999999988e-05	5.040999999999984e-09	0.00017352265984	0.0389746	0.0254898	0.00151901944516	0.00064972990404	0.0933059	0.0112493999999999	0.00870599097481	0.0001265490003599	-0.00283055	-0.00073828	5.450573584000001e-07	8.012013302499998e-06	-0.00289898	-0.0005416799999999	8.404085040399999e-06	2.934172223999997e-07	-0.000759247	0.0001806349999999	3.262900322499998e-08	5.76456007009e-07	0.0	0.0	0.0	0.0	0.0	0.0	0.0	0.0	0.0	0.0	0.0	0.0	0.0	0.0	0.0	0.0	0.0	0.0	0.0	0.0	0.0	0.0	0.0	0.0	0.0	0.0	0.0	0.0	0.0	0.0	0.0	0.0	0.0	0.0
68395.60792843232	471.8648152522219	222656.4038730135	4677959183.899834	89138.00078286415	1667.7890080223442	7945583183.56589	2781520.1752801547	65779.1912863651	213.35624300672495	4326902006.28821	45520.88642994468	70321.26265095746	76727.47410910782	1.424827	25.46703	0.17479135	0.11119	0.0266117614	-0.0680353324	-0.2727626529	0.1232867257	0.0171665351	0.0131980894	-0.0230608273	-0.2483963599	-0.0947745383	-0.0448484703	0.0581977369	0.1007116607	-0.1344901089	-0.0378410759	-0.047843986	0.0662163186	-0.078464687	0.0509160979	0.0680884354	0.0978401525	0.0430588472	-0.0950226761	-0.1286606077	0.0109854319	-0.1057276735	0.1079831504	0.0733309449	0.0405284156	-0.0699880209	-0.0126080593	0.0041642389	-0.0709113772	0.0445119808	0.0149908101	0.0563154976	0.2030934137	-0.1144335753	-0.1413564977	-0.0794062337	0.0502129782	0.0166349187	0.0297329182	0.1408611107	0.0184959157	-0.028742647	-0.0511378694	-0.0303092238	-0.0987274999	0.1763436163	0.2160472309	-0.1494476683	0.0596761444	0.0677367708	-0.0251000205	-0.0236346715	0.0561801205	0.0065108619	-0.0665570743	0.0273906304	-0.0109997168	0.0802889138	-0.141404505	-0.0458738579	-0.0587103774	-0.0823172226	-0.1382063776	-0.0564546631	-0.0084583427	-0.0704142511	0.075300313	0.1161476856	0.025620668	-0.1441398028	0.137383752	0.0372951309	-0.0754836805	-0.0921729699	0.0084724621	-0.0218333	-0.0086605	7.500426024999999e-05	0.00047669298889	0.0345428	-0.0044318	0.00119320503184	1.9640851239999995e-05	0.0261521	-0.0671538	0.00068393233441	0.00450963285444	-0.00127724	0.0015533099999999	2.4127719560999998e-06	1.6313420176e-06	-0.00305594	-0.00015696	9.3387692836e-06	2.463644160000008e-08	-0.000939882	-0.0001806349999999	3.262900322499998e-08	8.833781739239999e-07	0.0	0.0	0.0	0.0	0.0	0.0	0.0	0.0	0.0	0.0	0.0	0.0	0.0	0.0	0.0	0.0	0.0	0.0	0.0	0.0	0.0	0.0	0.0	0.0	0.0	0.0	0.0	0.0	0.0	0.0	0.0	0.0	0.0	0.0
68143.76924367079	-251.83868476153293	63422.72314241876	4643573286.7346525	88847.16075348658	-290.8400293775776	7893817973.955885	84587.9226883502	65619.61598365569	-159.57530270940333	4305934001.842442	25464.277234797708	70315.60132193033	76669.04816761872	1.361103	24.328035	0.0491412	0.0367683	0.0325803889	0.0457920941	-0.2621879208	0.0035487764	-0.0077490299	0.0545105127	0.0756664203	-0.0762544372	-0.1326815666	0.003648756	0.0165815143	0.0071908996	0.0034084326	0.1154109632	-0.2589038116	0.1124816149	-0.0090047862	-0.0017205003	-0.1107339403	0.0695215041	-0.0371652997	0.025156199	0.0776935654	0.0974044355	0.0452776835	0.100819127	0.1171775357	0.0827175324	-0.047246817	0.1868557302	0.0610829332	0.0644220314	-0.0138127001	-0.1356044601	-0.0905135633	0.0413831042	-0.106853643	-0.0480439695	-0.0877851274	0.0176152389	-0.0464653351	0.1725862441	0.167402538	-0.035445889	0.0041833694	0.0192391201	-0.0088902492	-0.0403551206	-0.0656163069	0.1990606705	0.0913607501	-0.1121007385	0.2564060211	0.0115534361	-0.1554375395	0.0403045285	0.1426922961	-0.0880306192	-0.0101675647	0.0016090684	-0.1590923688	0.0784806584	-0.0003197861	0.0037363919	0.0287387866	-0.0354816429	-0.031454407	0.0373972173	-0.0776646865	-0.0419047983	-0.1336676809	0.0664025807	-0.096787375	0.0214248814	0.0357097311	-0.0777399053	-0.0898253196	0.0152115293	-0.0211932	0.0006401	4.097280100000014e-07	0.0004491517262399	0.0401225	0.0055797	0.0016098150062499	3.113305209e-05	0.062668	0.0365159	0.003927278224	0.00133341095281	-0.00117872	9.851999999999994e-05	9.706190399999989e-09	1.3893808384000002e-06	-0.00308553	-2.958999999999991e-05	9.5204953809e-06	8.755680999999946e-10	-0.000939882	0.0	0.0	8.833781739239999e-07	0.0	0.0	0.0	0.0	0.0	0.0	0.0	0.0	0.0	0.0	0.0	0.0	0.0	0.0	0.0	0.0	0.0	0.0	0.0	0.0	0.0	0.0	0.0	0.0	0.0	0.0	0.0	0.0	0.0	0.0	0.0	0.0	0.0	0.0
67790.3585180559	-353.41072561488545	124899.14097963984	4595532708.006555	89954.37167484504	1107.2109213584629	8091788983.416163	1225916.0243754557	65757.6775295716	138.0615459159162	4324072154.083127	19060.99046069264	70261.02285111143	74031.23354855257	1.738032	31.065191	0.0740795	0.0336181	-0.1417179227	0.0123302398	0.0027911784	-0.0212683716	0.1315039953	0.0713613859	-0.0104454165	0.043319484	-0.0309088152	-0.0854652889	0.1063918645	-0.084741931	0.0584773114	-0.1029957122	-0.0427314831	0.0811952076	-0.0193855109	0.116994653	-0.0874385988	0.0457844274	-0.0814613125	0.114812069	0.0875238103	0.0304736359	-0.1093946175	0.0109412648	-0.1188732337	0.0522923256	0.0637264558	-0.1219707082	-0.0379756625	-0.1053631333	0.0885736917	-0.0548668997	-0.1419836002	0.0409583602	-0.068338806	-0.0114642306	-0.0828653918	-0.1493445312	-0.0037179964	0.0452870568	0.0065139686	-0.0378577828	-0.1024098703	-0.1002694457	0.0125305108	0.0834841593	-0.0361229327	0.0500099264	0.04499316	0.0076625874	-0.012012219	0.0573409468	0.0214871268	0.1199931733	0.1400373512	0.0070851357	0.0028830248	-0.1898303117	0.0121859494	0.037907881	-0.0742648966	0.1097877096	0.0331657631	-0.0716095586	0.0214022644	0.0550096778	0.0174022725	-0.1387390091	0.0527889753	-0.0583182348	-0.1028633237	0.026087812	0.0341145687	-0.0799111227	-0.0872566935	0.0218840804	-0.0131474	0.0080457999999999	6.473489763999998e-05	0.00017285412676	0.0516877	0.0115652	0.00267161833129	0.00013375385104	0.0864860999999999	0.0238180999999998	0.0074798454932099	0.0005673018876099	-0.00134049	-0.0001617699999999	2.616953289999996e-08	1.7969134400999998e-06	-0.00336006	-0.00027453	1.1290003203600002e-05	7.536672090000016e-08	-0.00111659	-0.000176708	3.122571726400001e-08	1.2467732281e-06	0.0	0.0	0.0	0.0	0.0	0.0	0.0	0.0	0.0	0.0	1.0	0.0	0.0	0.0	0.0	0.0	0.0	0.0	0.0	0.0	0.0	0.0	0.0	0.0	0.0	0.0	0.0	0.0	0.0	0.0	0.0	0.0	0.0	0.0
67619.17441581051	-171.1841022453882	29303.99686155952	4572352748.675803	87283.55089928494	-2670.820775560104	7618418257.588064	7133283.615163472	65600.79009151214	-156.88743805946433	4303463660.630638	24613.66822086225	70166.79469258203	73523.0411813334	1.643543	29.376316	0.0537079	0.0318834	0.066264646	-0.0935620428	0.0421379595	0.0013469039	-0.0051595344	-0.1372007048	-0.0515448284	0.074083834	-0.0662304074	-0.0782675814	-0.1226531199	0.0249673751	0.0394516081	-0.1138072948	0.1005120421	-0.0644222222	0.060845941	-0.037530693	0.0355044661	0.041664345	0.0338458325	-0.0141329559	-0.0841019051	0.0587794614	0.0755301987	-0.0571896259	-0.0360042946	-0.0362700465	-0.1341799479	-0.0165382263	-0.0641196244	-0.0059250124	0.04580289	0.0822602521	0.0504092383	-0.0350495389	0.0106431221	-0.0036035699	-0.0382267992	-0.0557292018	0.0408943072	-0.0543153973	0.0545000244	-0.0317784118	0.1245720038	-0.0637462321	0.0177818029	-0.048680231	0.0539042314	-0.1151475753	-0.0283808674	-0.0032324373	-0.1024189186	0.0761718855	-0.029403409	-0.0384210797	0.0699524138	-0.0524830317	-0.0229546682	-0.0400629933	0.0460618246	0.0312243412	0.0224906316	0.0268660236	0.0232408899	0.0044033758	0.0471303394	0.0651387357	-0.0750613208	0.0326793389	0.103087883	0.012735595	-0.0110177583	-0.1322635514	0.0325100797	-0.0819949584	-0.0844734105	0.0284609379	-0.0131754	-2.8000000000000247e-05	7.840000000000137e-10	0.00017359116516	0.0492912	-0.0023965	0.00242962239744	5.743212250000013e-06	0.112238	0.0257519000000001	0.012597368644	0.00066316035361	-0.00142369	-8.320000000000007e-05	6.922240000000012e-09	2.0268932161000003e-06	-0.00324807	0.00011199	1.05499587249e-05	1.2541760100000042e-08	-0.00143203	-0.0003154399999999	9.950239359999997e-08	2.0507099209e-06	0.0	0.0	0.0	0.0	0.0	0.0	0.0	0.0	0.0	0.0	0.0	1.0	0.0	0.0	0.0	0.0	0.0	0.0	0.0	0.0	0.0	0.0	0.0	0.0	0.0	0.0	0.0	0.0	0.0	0.0	0.0	0.0	0.0	0.0
67539.49433648233	-79.68007932818728	6348.915041746217	4561583295.227728	86496.78432899664	-786.766570288295	7481693699.256959	619001.6361232067	65282.99531449808	-317.79477701405995	4261869477.2327785	100993.52029741608	69814.6642940483	72911.36229025784	1.199326	21.43647	0.0413758	0.0271437	0.0620508013	0.0580961585	0.0345989764	0.0897195354	-0.1120738544	0.017377688	-0.0851213016	0.1009453171	0.0575068023	0.1363402471	-0.0257571203	-0.1968489429	0.0326766552	-0.1061928573	0.0451250321	-0.0619271461	0.0773169915	0.0285922497	-0.0081747912	0.0213976991	-0.0425247187	0.053262428	-0.0141288471	-0.0706245859	-0.0705829229	0.0544340958	-0.0185061845	0.102723103	0.0173082784	-0.0503356696	-0.0390215517	-0.0360266251	-0.1423706415	0.0795177947	0.0103624238	-0.015453507	0.013970401	-0.0852672593	0.0323828715	-0.0566838478	-0.1136018502	-0.0485346349	-0.0555018942	-0.0534151597	0.0324813037	0.1298179462	0.0022339343	0.094249872	-0.1173023075	-0.0506481378	-0.1372020572	0.0065098458	-0.1480018929	-0.0645745499	0.014788633	0.0295616584	0.0159303723	-0.0069283158	-0.0784084895	-0.083918882	-0.0715199218	-0.032891957	0.0127049904	0.0087065262	0.0090915028	-0.066326039	0.0586105247	-0.0118436336	-0.024518187	0.0774165305	0.0915408083	0.0576887737	0.0483776874	-0.0948607809	0.0308967027	-0.0839891338	-0.0814823178	0.034913343	-0.013163	1.2400000000000952e-05	1.5376000000002362e-10	0.000173264569	0.0435316	-0.0057596	0.0018950001985599	3.317299216000004e-05	0.0878387	-0.0243993	0.00771563721769	0.0005953258404899	-0.00128424	0.0001394499999999	1.9446302499999983e-08	1.6492723776e-06	-0.00333271	-8.463999999999998e-05	1.11069559441e-05	7.163929599999996e-09	-0.00143203	0.0	0.0	2.0507099209e-06	0.0	0.0	0.0	0.0	0.0	0.0	0.0	0.0	0.0	0.0	0.0	0.0	0.0	0.0	0.0	0.0	0.0	0.0	0.0	0.0	0.0	0.0	0.0	0.0	0.0	0.0	0.0	0.0	0.0	0.0	0.0	0.0	0.0	0.0
67788.02221694656	248.52788046422936	61766.10736804229	4595215956.085239	87686.63366396565	1189.849334969011	7688945723.318514	1415741.439926197	65412.0628246883	129.06751019021613	4278737962.980969	16658.422186701544	69806.34284560841	73833.37880140218	1.362648	24.355658	0.0442719	0.0242557	-0.0893299974	0.0532181179	-0.082553283	0.0886836092	-0.004445315	0.0740533669	0.0141585312	0.0723406239	-0.0271122866	0.1259574117	0.0248000112	-0.0095150326	-0.0258862339	-0.0297544171	0.1483387048	-0.0636470699	-0.0645883006	0.0848781209	-0.0434653177	0.0193322009	0.0257221317	-0.014292664	-0.1575199175	-0.0391513228	0.0787640498	-0.0677743373	-0.0313479679	-0.0498772466	0.010059742	-0.0092709557	-0.0642688234	0.0381351844	-0.067184573	-0.1247266783	0.1267423109	-0.000272679	0.0766387775	0.0354134164	-0.0448019696	-0.0025431001	-0.0072396504	-0.0164050644	0.0773068455	-0.027137952	-0.0813762594	0.0863381879	-0.0737859093	-0.0211781556	0.0408852199	-0.1054874838	-0.1078551813	0.0941394933	-0.1223025726	-0.0476241806	0.1446476792	-0.0100829543	-0.0096947163	0.0846698374	0.0677810524	0.0708359932	0.0255341041	0.0191944705	0.10177167	-0.0384612017	0.0856676254	0.0480333358	0.0084744942	0.0644775106	-0.0609052869	0.1134407139	0.073555906	-0.0634715098	0.0306326198	-0.0754301085	0.0292748789	-0.0858914684	-0.0782907735	0.041213081	-0.0131617	1.2999999999992184e-06	1.689999999997968e-12	0.00017323034689	0.0291309	-0.0144006999999999	0.00084860933481	0.0002073801604899	0.0752288	-0.0126099	0.00565937234944	0.00015900957801	-0.00128797	-3.729999999999966e-06	1.3912899999999749e-11	1.6588667209e-06	-0.00339931	-6.659999999999999e-05	1.15553084761e-05	4.435559999999999e-09	-0.00115716	0.00027487	7.55535169e-08	1.3390192656e-06	0.0	0.0	0.0	0.0	0.0	0.0	0.0	0.0	0.0	0.0	0.0	0.0	0.0	0.0	0.0	0.0	0.0	0.0	0.0	0.0	0.0	0.0	0.0	0.0	0.0	0.0	0.0	0.0	0.0	0.0	0.0	0.0	0.0	0.0
67880.6479618032	92.62574485664663	8579.5286102486	4607782367.714257	87711.30107986828	24.667415902629727	7693272337.123302	608.48140731331	65774.34955942296	362.2867347346619	4326265059.965163	131251.67816470325	70082.60849541715	72577.62428410242	1.490577	26.642239	0.1031949	0.0589521	0.0410438628	-0.0738836024	-0.0097907065	-0.0963472807	-0.015581591	-0.0772519478	-0.0026044279	-0.1335825528	0.0504598422	-0.1393783847	-0.0642004917	0.1117753258	-0.0491462813	-0.05275205	0.1321332312	-0.0438644649	0.0326942511	0.0343198686	-0.0709882926	0.0975409097	0.0234389282	0.0928915812	-0.0825145949	-0.0077255123	0.0294856377	0.0409992236	0.072324331	0.1349758553	-0.0689056106	-0.0780524197	-0.04892226	0.001379921	0.0201363778	-0.063682076	0.2109544641	0.1005154002	-0.0206838355	0.0165398089	-0.0075273901	0.0625805267	-0.0338157998	-0.0132265883	-0.0406117997	-0.0196384017	0.0333916869	-0.0988196068	0.1113875112	-0.1506846224	0.1268690969	-0.0745976271	-0.1581533314	0.0515894549	-0.0349803262	0.0656502874	0.1428265026	-0.0539965348	0.0303408857	-0.0595704953	0.0136887246	-0.0124397993	0.0335796234	0.0234769604	0.0298521298	0.1072156386	-0.1105930178	-0.0441438928	0.022103548	-0.1125373336	-0.1230554566	0.0510350634	-0.1004855487	-0.0913924696	-0.0257063611	-0.0014031604	0.0276450517	-0.0876998819	-0.074906629	0.0473326046	-0.01818	-0.0050183	2.518333489000001e-05	0.0003305124	0.0379668	0.0088359	0.00144147790224	7.807312881000002e-05	0.101846	0.0266172	0.010372607716	0.00070847533584	-0.00221626	-0.0009282899999999	8.617223240999997e-07	4.911808387599999e-06	-0.00321345	0.0001858599999999	1.03262609025e-05	3.4543939599999976e-08	-0.00129748	-0.0001403199999999	1.9689702399999997e-08	1.6834543504e-06	0.0	0.0	0.0	0.0	0.0	0.0	0.0	0.0	0.0	0.0	0.0	0.0	0.0	0.0	0.0	0.0	0.0	0.0	0.0	0.0	0.0	0.0	0.0	0.0	0.0	0.0	0.0	0.0	0.0	0.0	0.0	0.0	0.0	0.0
67990.32894136704	109.68097956384008	12029.917278083503	4622684829.555293	87465.17254890883	-246.1285309594532	7650156409.010394	60579.25375225851	65572.773217711	-201.57634171195969	4299788587.461357	40633.02153797674	70137.13501897494	74296.37472793099	1.384479	24.745865	0.1018291	0.0619822	0.0685909728	0.0537473856	-0.1124748908	0.1317680439	-0.1095677222	0.066891855	-0.0396375492	-0.1448480941	0.1603876114	0.0117373575	-0.0423330568	-0.0867941334	0.0071285662	0.0005071779	-0.0696931755	0.1123278886	-0.0674034757	-0.0901668267	-0.0456552508	-0.0644168006	0.092444237	-0.0357575413	0.0080186143	-0.0551021917	-0.0176135	0.0570561076	-0.073831774	0.009000177	-0.0690516842	-0.0033628017	0.0750529158	0.1066405373	-0.0556245552	0.0834224538	0.1351858315	-0.0374250223	-0.0096679015	0.0023103147	0.0509492737	0.1178582301	0.029993343	-0.0084014626	-0.0365660258	0.0017263225	0.0428906364	0.052880245	0.1085379498	0.0920585124	0.0049604025	0.1357444594	-0.0929025778	-0.0414454316	0.0418706841	-0.1199696292	-0.0415459493	0.0290729006	-0.0142838479	0.0077361144	-0.0305776356	0.0665095939	0.0468513321	0.0236584483	-0.0473639152	0.0056974307	-0.0050984827	0.00093612	-0.029312236	0.0614823418	0.0206932943	0.2141665611	0.0216598133	2.08741e-05	-0.0733888754	-0.0804521488	0.0260076665	-0.0894123968	-0.0713382097	0.0532451548	-0.017615	0.000565	3.192250000000034e-07	0.0003102882249999	0.0624651	0.0244983	0.00390188871801	0.00060016670289	0.0636987	-0.0381473	0.00405752438169	0.00145521649729	-0.00152874	0.0006875199999999	4.726837503999998e-07	2.3370459876e-06	-0.00324698	-3.352999999999993e-05	1.05428791204e-05	1.1242608999999951e-09	-0.00124616	5.131999999999988e-05	2.633742399999988e-09	1.5529147456000002e-06	0.0	0.0	0.0	0.0	0.0	0.0	0.0	0.0	0.0	0.0	0.0	0.0	0.0	0.0	0.0	0.0	0.0	0.0	0.0	0.0	0.0	0.0	0.0	0.0	0.0	0.0	0.0	0.0	0.0	0.0	0.0	0.0	0.0	0.0
68013.66528202404	23.3363406569988	544.5847952594952	4625858665.095202	88878.10199025052	1412.9294413416935	7899317013.389374	1996369.6062101508	65670.49712276214	97.72390505114164	4312614192.350711	9549.961618444544	70093.15363004596	74770.6596259598	1.375833	24.59133	0.0528626999999999	0.026296	-0.0976724184	-0.0126612231	-0.1561299657	0.0515942027	0.057265418	0.0729840171	-0.0280513827	-0.0153577751	-0.1184639461	-0.020927632	0.0675640309	0.0262467878	-0.1902934722	0.1052813444	0.0472512791	0.0891198989	-0.0597689699	0.1253710212	-0.0548391363	0.0539058171	0.0443429463	-0.0143920808	0.0003355145	-0.0784438585	0.0350158027	0.0191050862	-0.0513167394	0.0608230243	-0.0309854513	0.1397337037	-0.0523225308	-0.0883274588	-0.0390910892	0.1891166681	-0.0539838488	0.009945294	0.0345339073	0.079011557	0.0860358599	-0.0518618218	0.0448091101	-0.0313984115	-0.0303888607	-0.0258253179	-0.0814650673	-0.0374798968	-0.0506436991	-0.0098595779	0.1388718032	0.0583319198	-0.0966172103	0.0691708858	0.1502328895	-0.0039178108	0.1149520568	0.1142275145	-0.0463074065	0.0971337134	-0.0493330182	0.06070615	-0.0140437214	0.0459176942	0.0212459529	-0.0885337496	0.063588267	-0.0061090635	-0.0187018962	-0.0585463213	0.0067669384	-0.0077439234	-0.0400163222	0.1561511642	0.074545246	-0.0102659371	0.0243631711	-0.0910271406	-0.0675942939	0.0589248775	-0.0131088	0.0045061999999999	2.0305838439999984e-05	0.00017184063744	0.0493612	-0.0131039	0.00243652806544	0.00017171219521	0.0612891	-0.0024095999999999	0.00375635377881	5.80617215999999e-06	-0.0013555	0.00017324	3.001209760000002e-08	1.83738025e-06	-0.00362504	-0.0003780599999999	1.31409150016e-05	1.4292936359999996e-07	-0.0011406	0.0001055599999999	1.1142913599999997e-08	1.30096836e-06	0.0	0.0	0.0	0.0	0.0	0.0	0.0	0.0	0.0	0.0	0.0	0.0	0.0	0.0	0.0	0.0	0.0	0.0	0.0	0.0	0.0	0.0	0.0	0.0	0.0	0.0	0.0	0.0	0.0	0.0	0.0	0.0	0.0	0.0
67977.50717061768	-36.15811140635924	1307.409020474686	4620941481.131378	86876.92147146177	-2001.1805187887512	7547599484.358535	4004723.468779616	65621.35743186541	-49.13969089672901	4306162551.200638	2414.7092214260715	70094.16359714804	74019.57488484196	1.44409	25.811333	0.0380153	0.0252192	0.0879134076	-0.0202265206	-0.1514918359	0.0037407593	-0.0632882554	-0.0853825089	0.1224667243	-0.0407487393	-0.0272459734	0.0146330277	0.0143756718	0.1115444139	0.0567641345	0.0205423268	-0.0931788762	-0.0388842093	-0.0831678955	0.0697601721	-0.0691442449	-0.0174797809	-0.0489713519	0.0360696991	0.0233231113	0.0268810382	-0.1285764902	0.0956631236	-0.0817287203	0.0225492677	0.0424703756	0.1082287325	0.054392241	-0.0723288397	0.0159032229	0.0678974944	0.0281338166	0.0271489347	0.1402006827	-0.0562151814	0.0196684489	-0.0990260507	-0.0992743638	-0.006434377	-0.0265543351	-0.0028979184	0.0259852032	0.0332306185	-0.0105497813	-0.093385553	-0.0036193014	0.1255239166	0.144040676	0.0923571739	0.0425803096	-0.0694189159	0.0348356708	0.0589501272	0.0580313614	0.0319299422	-0.0766492887	-0.1100898367	0.0169467585	-0.0056691246	-0.0781618951	-0.1099597918	0.0507860837	-0.0451226892	0.0370919268	-0.0799199372	0.1411673459	0.0500328353	-0.1233647601	0.0521902264	-0.0319988394	-0.1193270944	0.0227120151	-0.0925423476	-0.063684092	0.0643469367	-0.0131353	-2.650000000000048e-05	7.022500000000256e-10	0.00017253610609	0.0291381	-0.0202231	0.00084902887161	0.00040897377361	0.0613358	4.670000000000368e-05	0.00376208036164	2.180890000000344e-09	-0.001409	-5.350000000000016e-05	2.862250000000017e-09	1.9852810000000004e-06	-0.00361559	9.449999999999825e-06	1.30724910481e-05	8.930249999999664e-11	-0.00143203	-0.0002914299999999	8.493144489999993e-08	2.0507099209e-06	0.0	0.0	0.0	0.0	0.0	0.0	0.0	0.0	0.0	0.0	0.0	0.0	0.0	0.0	0.0	0.0	0.0	0.0	0.0	0.0	0.0	0.0	0.0	0.0	0.0	0.0	0.0	0.0	0.0	0.0	0.0	0.0	0.0	0.0
67965.44392209117	-12.063248526508689	145.521965012314	4619301567.52692	89028.85196805591	2151.930496594141	7926136482.750013	4630804.862171906	65632.65567555148	11.298243686062053	4307645491.025499	127.650310389641	70073.35783685769	73724.87691216337	1.597521	28.553715	0.0916401	0.0407225	-0.0824141055	0.1147334071	-0.0687452587	-0.0836986637	0.0540029233	0.1094798356	0.0867400723	-0.0151616987	-0.0368923281	0.0091717626	0.1543704923	-0.0227817595	-0.006264837	0.0335309094	-0.0817745509	-0.0238261277	0.1026141596	-0.0803965094	0.0481570631	0.0899137625	-0.0510393144	0.0543361055	-0.0364561788	-0.046536889	-0.0683752764	0.0271909383	-0.0643879664	0.0869424311	-0.0721702417	0.0746733476	-0.0718788164	0.0435589453	-0.0664631161	-0.0065738571	0.010989954	0.0099412811	0.0096809411	-0.0600117116	-0.0014878308	-0.0823671504	0.0494156596	0.0210677624	-0.0988187846	0.1024236705	-0.161205295	-0.0075717479	0.0426003657	-0.0321141243	-0.0297101139	0.0302593196	-0.0362635863	-0.046916797	0.0063440531	0.0295717547	-0.0936515024	-0.020919909	-0.1056598134	-0.0843269835	-0.0707054498	-0.1068756298	-0.0337144018	0.0644011856	0.0788232869	-0.0848142435	0.0201967582	-0.1377566762	-0.0256130727	0.0004192082	-0.0117546165	0.0051248579	-0.1063036721	-0.0276071422	0.0253056339	0.0568713693	0.0210546499	-0.0939563609	-0.0596172234	0.0694876231	-0.0279738	-0.0148385	0.0002201810822499	0.00078253348644	0.0291917	5.360000000000087e-05	0.00085215534889	2.872960000000093e-09	0.0834653	0.0221295	0.00696645630409	0.00048971477025	-0.00106487	0.00034413	1.184254569e-07	1.1339481169e-06	-0.00324698	0.00036861	1.05428791204e-05	1.358733321000001e-07	-0.0010524	0.0003796299999999	1.4411893689999998e-07	1.10754576e-06	0.0	0.0	0.0	0.0	0.0	0.0	0.0	0.0	0.0	0.0	0.0	0.0	1.0	0.0	0.0	0.0	0.0	0.0	0.0	0.0	0.0	0.0	0.0	0.0	0.0	0.0	0.0	0.0	0.0	0.0	0.0	0.0	0.0	0.0
67886.58837425415	-78.85554783702537	6218.197424677396	4608588881.095419	88437.4572128422	-591.3947552137106	7821183838.273295	349747.75649428467	65771.5299462516	138.874270700122	4325894151.470671	19286.063062490764	70422.08696067287	74048.02936611412	1.664277	29.746899	0.14794395	0.0831415999999999	0.017385017	-0.114142896	-0.0144111545	-0.021064372	0.0701208983	-0.1390489	-0.101660916	-0.048676958	0.0087944831	-0.1515598016	-0.0852849601	0.0566339994	0.0308500739	0.0477552714	0.0873248446	0.1235965601	0.04498973	0.0608334568	0.0533392161	0.0481146073	0.1639531142	-0.1282330926	0.0500738867	0.1047348958	-0.0562214967	0.0019740717	-0.0042096668	0.1456145275	-0.0637373341	-0.0007238704	-0.0776882879	-0.0945107857	-0.0339646789	-0.0183098584	-0.0413910982	0.1003058744	0.0222042059	-0.0143981097	0.0392389576	0.0787381191	0.0183393047	-0.0622607338	0.0782900623	0.0145354959	0.1196346269	-0.1313059681	0.0486224102	0.0088805761	0.1185714927	-0.1056455951	0.0519714232	0.0514482437	0.0436839968	-0.0384714591	-0.1411063942	0.136847895	0.0334600546	0.0150486962	-0.0448730291	0.1549053596	-0.0403283668	0.0577481983	-0.0453750256	-0.040531798	0.06031882	-0.1747232551	0.024791557	-0.0772059319	-0.0293091671	-0.0780555286	0.0959734725	0.0677375664	-0.0162986569	0.0276375827	0.0193915285	-0.0952676342	-0.0554036926	0.0743244578	-0.0130052	0.0149686	0.00022405898596	0.00016913522704	0.0352379	0.0060462	0.00124170959641	3.655653444000002e-05	0.107593	0.0241276999999999	0.011576253649	0.0005821459072899	-0.00244209	-0.00137722	1.8967349284e-06	5.9638035681000005e-06	-0.00370211	-0.00045513	1.37056184521e-05	2.071433169000002e-07	-0.000828721	0.0002236789999999	5.003229504099999e-08	6.86778495841e-07	0.0	0.0	0.0	0.0	0.0	0.0	0.0	0.0	0.0	0.0	0.0	0.0	0.0	1.0	0.0	0.0	0.0	0.0	0.0	0.0	0.0	0.0	0.0	0.0	0.0	0.0	0.0	0.0	0.0	0.0	0.0	0.0	0.0	0.0
67827.19803180307	-59.39034245107905	3527.2127764564425	4600528792.84543	87541.2053727079	-896.2518401342968	7663462638.106623	803267.3609441131	65505.2570582241	-266.27288802749536	4290938702.2640185	70901.25089850307	70045.50026913732	74184.7314482217	1.28934	23.04537	0.10446895	0.0605194	0.0571931758	0.0699335639	-0.0112068191	0.0335759966	-0.0738668267	0.0490750422	-0.1282985485	-0.0142859152	-0.0490017809	0.0445132366	-0.0323212654	-0.0321546668	0.0744912487	-0.0585001795	0.0717164081	0.0631854533	-0.0743410479	0.023931758	-0.0796194604	-0.113927387	-0.0767138275	-0.0519174235	-0.0041422461	-0.0993033608	0.0638747676	0.0100793124	0.0686421974	-0.0843674308	-0.0230477062	0.0412622869	0.0899551424	0.0001767308	-0.0876981958	-0.0415735924	0.0418682268	0.0623745937	0.1035447897	0.0619226208	-0.1098361243	0.1193312466	0.0204716294	0.0347700972	0.013172297	0.058684028	0.0315356171	0.0798556655	0.0482504733	0.0704904759	0.034867104	0.0169349453	0.0148068498	0.0171492536	-0.0229525579	-0.0260513109	-0.0224346122	-0.0056999502	0.1175630341	0.0799217027	0.0292354261	0.0232196786	-0.0146730088	-0.0124059239	0.0576350633	0.0942722312	-0.1325461868	0.094856443	-0.1180658119	0.1287578934	0.0446730222	0.0492243208	-0.0050920482	0.0282232509	0.0929853711	0.0746248728	0.0177231056	-0.0964747338	-0.0510538654	0.0788362905	-0.0171458	-0.0041405999999999	1.7144568359999995e-05	0.00029397845764	0.0366009	0.0013629999999999	0.00133962588081	1.8577689999999892e-06	0.0897511	-0.0178418999999999	0.00805525995121	0.0003183333956099	-0.00151194	0.00093015	8.651790225000001e-07	2.2859625636e-06	-0.00353575	0.00016636	1.2501528062499998e-05	2.767564960000013e-08	-0.00135468	-0.000525959	2.76632869681e-07	1.8351579024e-06	0.0	0.0	0.0	0.0	0.0	0.0	0.0	0.0	0.0	0.0	0.0	0.0	0.0	0.0	0.0	0.0	0.0	0.0	0.0	0.0	0.0	0.0	0.0	0.0	0.0	0.0	0.0	0.0	0.0	0.0	0.0	0.0	0.0	0.0
67996.92039851681	169.72236671374412	28805.68176291464	4623581183.682232	89266.70187201381	1725.4964993059111	7968544063.106995	2977338.1691169543	65622.8331251998	117.57606697570009	4306356227.37782	13824.131525474311	70223.86628085306	75207.90008830024	1.31344	23.476131	0.07273726	0.0456712	-0.0814390159	-0.0678913434	-0.0701860274	0.0498471261	0.0997895879	0.0340441075	-0.1029468429	0.0031975811	-0.0688577893	-0.0334566763	-0.0047463809	-0.1448004234	-0.1457874993	0.1184878091	0.0125505919	-0.0441157735	-0.0449166953	0.0513994877	-0.0513260669	-0.0345616748	-0.0487825515	0.0485256375	-0.0938861546	0.0489134289	0.0734001106	0.0379077107	-0.0198616033	-0.0804706585	0.0043287018	0.0764755866	0.1021771873	0.0788689925	0.1489512486	0.0996551656	0.001364421	0.064479619	-0.0923537989	0.0564907638	0.1592488525	-0.0355030325	-0.0981121043	-0.047757791	-0.0312702472	-0.0384635474	-0.0232580932	-0.0618674042	-0.0829421595	0.084774443	-0.0156682927	0.0293197822	-0.1412072466	0.0778922981	0.1512580174	-0.0203637157	0.0365077828	-0.047924179	0.0527785679	-0.0407799706	0.0637583606	-0.0534389367	0.0200005604	0.0394891646	0.0101741235	0.0217295479	0.0353411517	0.1382752371	0.0353906438	0.0134315613	0.0282135636	-0.0611204668	-0.1396236542	0.1177171332	-0.0048737156	0.0045959956	0.0160498375	-0.0975763397	-0.0465784425	0.0830033923	-0.00589074	0.0112550599999999	0.0001266763756035	3.4700817747600005e-05	0.0446094	0.0080085	0.00198999856836	6.413607225000003e-05	0.0476014	-0.0421497	0.00226589328196	0.0017765972100899	-0.00140387	0.00010807	1.1679124900000008e-08	1.9708509769e-06	-0.00357681	-4.106000000000032e-05	1.2793569776100002e-05	1.6859236000000259e-09	-0.00143203	-7.73499999999999e-05	5.9830224999999845e-09	2.0507099209e-06	0.0	0.0	0.0	0.0	0.0	0.0	0.0	0.0	0.0	0.0	0.0	0.0	0.0	0.0	0.0	0.0	0.0	0.0	0.0	0.0	0.0	0.0	0.0	0.0	0.0	0.0	0.0	0.0	0.0	0.0	0.0	0.0	0.0	0.0
67938.95231805164	-57.96808046517253	3360.2983528167174	4615701242.074494	87440.87198153409	-1825.8298904797264	7645906092.891033	3333654.7889692103	65542.38139885709	-80.45172634271148	4295803759.433248	6472.480271522537	70019.37002847744	74698.88165067922	1.402724	25.071962	0.09616141	0.0433064	0.0808005911	-0.0058901207	-0.1040711191	-0.0445003396	-0.0621582484	-0.0189826903	0.0931720897	-0.0314018171	-0.0401552457	0.0586507297	0.0233640447	0.0686196003	0.0047473572	0.0240153474	-0.0551378614	-0.041571622	-0.0150509472	0.0556473848	-0.0096906216	0.0563415716	-0.0878378753	0.0907291401	0.0528700049	0.0262151549	0.0744599722	-0.0418849824	-0.0372229447	-0.0555535425	0.0761822949	-0.0759111381	-0.0449158422	0.0276873729	-0.0478571592	-0.0315784765	0.002615262	0.0010824526	-0.0443996322	-0.0688048634	0.0310073125	-0.0044375353	0.0593364604	-0.0366967909	-0.0348712575	-0.0639884722	-0.0047641527	0.0529320485	-0.0210314438	-0.0951147579	-0.0368962933	0.0508763649	0.0471209684	0.023999061	0.0626506492	-0.0110629074	0.0665737494	0.0223447763	0.0501181132	-0.0434195669	-0.0368157406	-0.093652362	-0.0786428027	0.073667383	-0.0250036955	-0.0625610297	0.0735837866	0.0717931496	-0.054610234	0.0480378591	0.0010452359	-0.0291318297	0.092480218	-0.0653360774	0.0612021757	0.0220227196	0.0143721814	-0.0985712473	-0.0419884337	0.0868075413	-0.0140768	-0.00818606	6.70115783236e-05	0.00019815629824	0.0503046	0.0056951999999999	0.0025305527811599	3.243530303999997e-05	0.0678965	0.0202950999999999	0.00460993471225	0.0004118910840099	-0.000800019	0.000603851	3.64636030201e-07	6.40030400361e-07	-0.00378625	-0.0002094399999999	1.43356890625e-05	4.386511359999999e-08	-0.00100562	0.0004264099999999	1.8182548809999994e-07	1.0112715844e-06	0.0	0.0	0.0	0.0	0.0	0.0	0.0	0.0	0.0	0.0	0.0	0.0	0.0	0.0	0.0	0.0	0.0	0.0	0.0	0.0	0.0	0.0	0.0	0.0	0.0	0.0	0.0	0.0	0.0	0.0	0.0	0.0	0.0	0.0
67912.70887619341	-26.243441858227012	688.7182405661418	4612136026.902599	89695.28377816697	2254.4117966328777	8045243932.045902	5082372.54879748	65719.328344789	176.94694593190798	4319030118.090187	31310.221674629563	70186.37014500337	74170.66827712591	1.754967	31.367872	0.0784152499999999	0.0433186	-0.1500439062	0.0322031643	-0.0378359291	-0.061390531	0.1318566687	0.0864026028	-0.0087300878	-0.0401632507	0.0474878292	-0.0633686855	0.1000239105	-0.0732237062	0.0381536165	0.0517464455	0.0253249597	0.0060272341	0.0331403213	-0.0644198601	0.1113381429	-0.0040701424	-0.049823414	0.1225677657	-0.0052742717	0.0918890922	0.0653303338	0.0005148357	0.000367735	0.0169406091	-0.0235027635	-0.0182282687	0.1064704095	-0.1195611676	0.0176884953	-0.0032277127	-0.0036094374	0.0130570836	0.0704384218	-0.0712646086	-0.0304727396	0.1164201525	0.0305930454	-0.0743502437	-0.0191514865	-0.0223770433	-0.1122434424	-0.0757378744	0.0252400631	0.0595494038	-0.0609407551	-0.0296740883	0.0429384879	0.0307924817	0.0282197038	0.0496957025	-0.008037365	-0.0074014182	-0.0359834712	-0.1103472049	0.0759892489	-0.0858330972	0.0046324332	0.1080162617	-0.0735655894	-0.0059480851	0.0139736744	-0.0050494424	-0.0203103193	0.0001129561	-0.0091085419	-0.0187701546	-0.0421149376	0.075595304	-0.0177635332	-0.0874946396	0.0126905962	-0.0994583687	-0.0372951309	0.090232103	-0.0148905	-0.0008136999999999	6.62107689999998e-07	0.0002217269902499	0.0290314	-0.0212732	0.0008428221859599	0.00045254903824	0.0938553	0.0259588	0.00880881733809	0.00067385929744	-0.00121091	-0.0004108909999999	1.6883141388099998e-07	1.4663030281e-06	-0.0038143	-2.804999999999995e-05	1.454888449e-05	7.868024999999971e-10	-0.00117407	-0.0001684499999999	2.8375402499999965e-08	1.3784403649e-06	0.0	0.0	0.0	0.0	0.0	0.0	0.0	0.0	0.0	0.0	0.0	0.0	0.0	0.0	1.0	0.0	0.0	0.0	0.0	0.0	0.0	0.0	0.0	0.0	0.0	0.0	0.0	0.0	0.0	0.0	0.0	0.0	0.0	0.0
67698.48638232205	-214.22249387136253	45891.27688046596	4583085058.457444	87715.11892473204	-1980.1648534349224	7693942087.979885	3921052.846778948	65711.8086986493	-7.519646139699034	4318041802.447882	56.54507806629059	70206.09137211918	73482.4669171998	1.798387	32.143959	0.0592832999999999	0.0288568	0.080939581	-0.0951507805	0.0490049956	-0.0563521129	0.0008062884	-0.14535865	-0.0835322508	-0.0149442215	0.0039322004	-0.1038774413	-0.1326100523	0.0662605012	0.0842838544	0.055062644	0.0275747601	0.0227772461	0.0275646805	-0.0072236342	0.1266588944	0.049448948	-0.1070053229	-0.0723167392	-0.1183293755	0.0502928728	-0.0306573136	-0.0440402753	-0.0135151988	0.0128397092	0.016887315	0.0613387061	0.0996643131	0.0239409928	0.0082371561	0.0517204562	-0.0978757163	-0.0731979304	-0.094138163	0.0630930732	0.0069028478	-0.0100950143	-0.0633244674	-0.0014380734	0.0077986095	-0.0306329142	0.1252281798	-0.0563634662	0.0543813681	-0.0476354982	0.0790469085	-0.1083532122	0.0577026283	0.0554948137	0.0367252951	0.1158806464	-0.0679435608	-0.0175800331	-0.0023205417	-0.0355364859	0.1680622454	-0.0678481901	0.0349151683	-0.0335301114	0.0469123231	-0.0680750221	0.0586576546	-0.0008994886	0.0175236565	0.0432370275	0.0910245711	0.0240859103	0.0073529985	0.0590538446	-0.026725007	-0.02831531	0.0110055415	-0.1002367339	-0.0325100797	0.0932621027	-0.0112769	0.0036136	1.305810496e-05	0.00012716847361	0.0429116	0.0138802	0.00184140541456	0.00019265995204	0.0938628	7.499999999993623e-06	0.00881022522384	5.624999999990434e-11	-0.00139219	-0.00018128	3.2862438400000014e-08	1.9381929961e-06	-0.0034179	0.0003963999999999	1.1682040410000002e-05	1.5713295999999994e-07	-0.00143203	-0.00025796	6.65433616e-08	2.0507099209e-06	0.0	0.0	0.0	0.0	0.0	0.0	0.0	0.0	0.0	0.0	0.0	0.0	0.0	0.0	0.0	1.0	0.0	0.0	0.0	0.0	0.0	0.0	0.0	0.0	0.0	0.0	0.0	0.0	0.0	0.0	0.0	0.0	0.0	0.0
67631.26493980564	-67.22144251641294	4518.722333987409	4573987997.358183	87595.93055308949	-119.18837164255092	7673047049.461678	14205.867934802836	65511.78086536925	-200.0278332800517	4291793432.15216	40011.13408671216	70091.28519985326	73653.61954174642	1.377924	24.628698	0.0253429	0.0121545	0.0332149999	0.0854949345	0.0510842941	0.0457562174	-0.0680869444	0.0536789583	-0.0908855808	0.072895949	-0.043106281	0.0304694292	-0.024450654	-0.086414126	0.0478876309	0.0178089712	-0.060662527	0.0536599202	0.1015800527	-0.0251158673	-0.0318570952	0.0399327847	-0.1096630562	-0.1100667054	0.0004329414	-0.1019522971	-0.0230288774	0.071433348	0.0409429611	-0.1528099818	-0.0144907945	-0.0209231531	0.0142172661	-0.100970579	0.13611944	-0.0450072994	-0.0104635091	0.0031527336	0.048303822	-0.0442860119	0.0832623325	0.1386117585	0.0232728805	0.0474301953	-0.131218448	-0.0330958001	0.0289373998	0.0702826255	0.0425537869	0.1138447482	-0.0278111405	-0.0294925762	-0.0131864258	-0.1167131063	0.0559209856	0.0298189505	-0.0886989507	-0.0250711933	0.0323262186	0.0409630764	-0.0239711559	-0.1290263916	0.0806123255	-0.1348970985	0.0246098238	0.0663536668	-0.0604220292	0.0914271678	-0.1327099265	-0.015911264	-0.0087350244	-0.1138031924	-0.0085720066	-0.0222395153	0.0085286076	-0.0231270697	0.009317478	-0.1009054916	-0.0276450517	0.0958842909	-0.0150559	-0.003779	1.4280841000000008e-05	0.00022668012481	0.0418396	-0.001072	0.0017505521281599	1.1491840000000075e-06	0.0992182	0.0053554	0.00984425121124	2.8680309160000107e-05	-0.00121091	0.00018128	3.2862438400000014e-08	1.4663030281e-06	-0.00353935	-0.0001214499999999	1.25269984225e-05	1.4750102499999986e-08	-0.00143203	0.0	0.0	2.0507099209e-06	0.0	0.0	0.0	0.0	0.0	0.0	0.0	0.0	0.0	0.0	0.0	0.0	0.0	0.0	0.0	0.0	0.0	0.0	0.0	0.0	0.0	0.0	0.0	0.0	0.0	0.0	0.0	0.0	0.0	0.0	0.0	0.0	0.0	0.0
67769.37666090632	138.11172110067855	19074.84750539161	4592688413.007793	88731.47806567988	1135.5475125903904	7873275199.72023	1289468.1533502229	65545.08721127718	33.30634590792761	4296158457.533931	1109.312677738526	70020.93721206818	74050.59417811886	1.376397	24.6014	0.0605382499999999	0.027227	-0.0632265375	-0.0746847314	-0.0294134251	0.0297549499	0.0818577572	-0.014114489	0.042346494	0.0826207911	-0.0271335227	0.0371761774	0.0285303105	-0.0077052238	-0.0162398913	0.0177537442	-0.0069225026	-0.0689258832	0.0496730765	0.1083925669	-0.0877447848	0.0346196321	-0.0485620368	0.0646467048	0.0455752891	-0.0858917697	0.0289100603	-0.0517244191	-0.0494650924	-0.1485028952	-0.1349345602	-0.0427016132	-0.0335559508	0.0625057831	-0.1058516461	-0.1347342553	0.0957932686	-0.0918981642	-0.0055079759	-0.1610199846	0.0429398051	0.0627311247	0.008710748	-0.0943361996	0.1011247578	0.0313211636	-0.0421388478	-0.0060316543	-0.102240068	-0.0277279411	-0.056513654	-0.0567997036	-0.048520069	0.0157494562	0.036841513	0.0594912949	0.0934580805	-0.0144456961	0.055464234	0.0777938786	-0.0988092778	-0.0379121839	0.0531463829	-0.0149931996	0.116308845	0.0783572383	-0.0740975447	0.1229556104	0.0581894154	0.0246307022	-0.0373617144	-0.0096247382	-0.0542814429	-0.1021594679	0.0202690355	-0.1278611355	0.0076268671	-0.1014639107	-0.0227120151	0.0980872016	-0.0244073	-0.0093514	8.744868195999999e-05	0.00059571629329	0.029088	-0.0127515999999999	0.0008461117439999	0.0001626033025599	0.0938525	-0.0053657	0.00880829175625	2.879073649000001e-05	-0.000805489	0.0004054209999999	1.643661872409999e-07	6.488125291210001e-07	-0.00366806	-0.0001287099999999	1.34546641636e-05	1.6566264099999938e-08	-0.00130477	0.0001272599999999	1.6195107599999982e-08	1.7024247529e-06	0.0	0.0	0.0	0.0	0.0	0.0	0.0	0.0	0.0	0.0	0.0	0.0	0.0	0.0	0.0	0.0	0.0	0.0	0.0	0.0	0.0	0.0	0.0	0.0	0.0	0.0	0.0	0.0	0.0	0.0	0.0	0.0	0.0	0.0
67682.49213043996	-86.8845304663555	7548.921634359057	4580919740.987067	87083.33094573217	-1648.1471199477091	7583506528.603915	2716388.928991928	65679.36161285166	134.2744015744829	4313778541.871732	18029.6149181855	69952.07910381784	72891.93486518969	1.331012	23.790199	0.0766281499999999	0.039044	0.0450454642	0.0261384259	0.060875697	-0.0608131752	-0.0671425737	-0.0028941619	0.0146193312	-0.0168548508	0.0903310335	-0.0490197137	-0.0420569262	0.0979179423	0.0375016485	0.0439928907	0.0237299527	0.1262412621	-0.0053458398	0.0094384611	-0.0029913348	-0.0303768669	-0.1468607855	0.0743006664	0.0250634388	0.0537863539	0.0851353512	-0.0899481925	0.0594046907	-0.0770396117	0.0144085063	-0.0382124514	-0.155341685	-0.1387261573	-0.0359217278	-0.0038206118	-0.0466469845	0.1180643841	0.0200504374	0.0116180833	-0.1423038969	0.0989698291	-0.0657278139	-0.030429443	0.0278319953	-0.0807721099	0.0130474643	-0.0006350058	0.1134123337	-0.0843565856	0.00554885	-0.0668688358	0.0680776082	-0.0291303293	0.0693466444	0.0377172551	0.1660792554	0.0765689915	-0.0059838553	0.0272370096	0.096138283	-0.0414053767	0.0163422939	0.0125583421	-0.0367803831	-0.0920120211	-0.0578652216	-0.0034095417	0.0336043867	0.0469887048	-0.1006703436	-0.0364836515	0.0017160923	0.0241247007	0.2005452058	0.0306752175	0.0059341712	-0.1019113804	-0.0177231056	0.0998612018	-0.0152168	0.0091904999999999	8.446529024999998e-05	0.00023155100224	0.0515661	0.0224780999999999	0.0026590626692099	0.0005052649796099	0.109368	0.0155155	0.011961359424	0.00024073074025	-0.00133249	-0.0005270009999999	2.77730054001e-07	1.7755296001e-06	-0.00362894	3.911999999999969e-05	1.31692055236e-05	1.530374399999976e-09	-0.00132753	-2.2759999999999924e-05	5.180175999999966e-10	1.7623359009e-06	0.0	0.0	0.0	0.0	0.0	0.0	0.0	0.0	0.0	0.0	0.0	0.0	0.0	0.0	0.0	0.0	0.0	0.0	0.0	0.0	0.0	0.0	0.0	0.0	0.0	0.0	0.0	0.0	0.0	0.0	0.0	0.0	0.0	0.0
67758.58871542089	76.09658498092904	5790.690245759754	4591226344.705564	88581.69885960098	1498.367913868802	7846717372.853033	2245106.405311546	65558.20471847027	-121.15689438139088	4297878205.908857	14678.993056143509	70181.74575770424	74150.99649778062	1.23442	22.063747	0.07855185	0.0448152	-0.0688704854	0.0154975266	-0.0058528376	0.1250363016	0.0399237883	0.0600144806	-0.0713245328	-0.0014716564	-0.0551368063	0.0385167574	0.0599840623	0.0176408042	0.0114816129	-0.0012238584	0.0966383657	-0.0075579214	-0.0285925842	-0.026556378	0.039668685	-0.0298695318	0.0020653755	0.0680749699	-0.0195719926	-0.0533853415	-0.053841257	0.0114725598	0.0087079061	-0.087241491	-0.1071142726	-0.0124180916	-0.0375722701	-0.0760513357	-0.0320096527	0.0857299587	-0.0401229051	-0.0731766068	-0.0823851692	0.0383107481	-0.0090397425	-0.1102515005	0.1185605862	-0.0154894721	0.1144911505	0.0625750478	-0.0297946402	0.0076638135	-0.0671348637	0.0905697381	0.0537899863	-0.008168198	0.0832958302	0.0486216981	-0.0465925713	-0.0345561716	-0.0038330918	0.0297837981	-0.0726925951	-0.0308893277	-0.1246907721	-0.0753346012	-0.0290519518	-0.0205939065	0.0832064863	-0.0149522164	-0.0435627822	-0.0169484699	-0.1301830863	0.0924498952	-0.0216823789	0.0479013442	0.1662358515	0.0667228963	-0.0245729544	-0.0901583908	0.0042398529	-0.1022474116	-0.0126905962	0.1011985345	-0.0184062	-0.0031894	1.017227236e-05	0.00033878819844	0.0602926	0.0087265	0.00363519761476	7.615180225000008e-05	0.0777138	-0.0316542	0.00603943471044	0.00100198837764	-0.000869775	0.0004627149999999	2.14105171225e-07	7.565085506250001e-07	-0.00383514	-0.0002061999999999	1.47082988196e-05	4.251843999999987e-08	-0.00135825	-3.072000000000014e-05	9.437184000000083e-10	1.8448430625e-06	0.0	0.0	0.0	0.0	0.0	0.0	0.0	0.0	0.0	0.0	0.0	0.0	0.0	0.0	0.0	0.0	0.0	0.0	0.0	0.0	0.0	0.0	0.0	0.0	0.0	0.0	0.0	0.0	0.0	0.0	0.0	0.0	0.0	0.0
67772.14420230813	13.555486887242296	183.75122475019785	4593063529.778448	87705.31021799135	-876.3886416096211	7692221440.434099	768057.0511423569	65541.42758451887	-16.777133951400174	4295678729.8167305	281.4722236232244	70148.11560049196	73323.39952949982	1.298144	23.202726	0.0681927699999999	0.0375148	0.0608744158	-0.0547316938	-0.0505937079	-0.0352502583	-0.011892044	-0.0966943069	0.1010424726	-0.0065385099	-0.1051023968	0.0343077908	-0.0266747975	0.081164969	0.0692881876	-0.0010567652	-0.0350164913	-0.1039174727	-0.048168344	0.0193123005	-0.0623566353	-0.0646003979	0.1061381092	0.0803386773	-0.0148397194	0.032038461	-0.0228550432	0.0234160962	-0.1086689853	0.0665273342	-0.0569534358	-0.0783461296	-0.1422520979	0.0306413664	0.0257429784	0.0785591107	-0.1260796926	-0.0038937636	0.0266785978	0.1617899101	0.0390390149	0.1611929608	0.0408317903	-0.0049068708	-0.0022091078	-0.0497675857	0.0492399764	0.0207412526	-0.0700120775	-0.0759696339	-0.0536901146	0.0485169057	0.1129751457	0.0730525333	-0.0096126973	0.0111704484	0.0385595409	0.0161922486	0.0742596423	0.0234788509	-0.1978714043	-0.0021715802	0.1513994655	0.1223915011	0.0112088469	0.0294711211	0.0031759073	0.0354582801	0.0216939883	-0.0356707618	-0.109162392	-0.0439725778	0.0636605779	0.0900794874	0.0116346262	0.0055830259	0.0025443755	-0.1024716367	-0.0076268671	0.1020933517	-0.0086596299999999	0.0097465700000001	9.4995626764902e-05	7.498919173689826e-05	0.0475966	-0.0126959999999999	0.00226543633156	0.0001611884159999	0.0777425999999999	2.879999999989835e-05	0.0060439118547599	8.29439999994145e-10	-0.000233367	0.000636408	4.0501514246400006e-07	5.4460156689e-08	-0.00379383	4.13099999999997e-05	1.43931460689e-05	1.706516099999975e-09	-0.00112154	0.00023671	5.60316241e-08	1.2578519716000002e-06	0.0	0.0	0.0	0.0	0.0	0.0	0.0	0.0	0.0	0.0	0.0	0.0	0.0	0.0	0.0	0.0	0.0	0.0	0.0	0.0	0.0	0.0	0.0	0.0	0.0	0.0	0.0	0.0	0.0	0.0	0.0	0.0	0.0	0.0
67737.8327974216	-34.311404886539094	1177.272505288019	4588413992.091445	88693.25196523115	987.9417472397909	7866492944.167978	976028.8959392108	65492.678044077686	-48.74954044118204	4289290877.3852153	2376.5176932264426	69909.52104157646	73347.98553449342	1.456256	26.02879	0.1556608	0.105225	-0.0574180603	0.1181648085	0.0079211001	-0.0703955941	0.0400184507	0.0903661829	0.0987178391	0.0228775622	0.0484937177	0.0654821	0.0495562414	-0.0858521017	0.0794415754	-0.0205668948	0.0080457843	0.0227404579	0.0490802733	0.0603692167	0.0549464875	-0.0094441588	0.0905465551	-0.0938858211	0.0805172229	-0.0357635499	0.088708682	-0.0455825442	0.1392784317	0.0276239161	-0.0685499259	-0.0611336465	0.0650770677	0.0665931567	-0.047891589	0.0420274197	-0.0990794727	0.029825066	0.0721426905	-0.0024828336	0.0779953616	-0.1724593675	0.1367154271	-0.0717225127	-0.0662453981	0.014668783	-0.1078679818	0.0411125617	0.0011052547	0.0013260185	-0.0983658109	-0.0757896749	0.0031579233	-0.0092170893	-0.0476185837	0.1297824598	-0.1436179345	0.0978411491	-0.0245164483	0.0995735803	-0.0167361041	0.0959646334	-0.003284858	0.0481369704	0.0098080212	0.0725697879	0.0683143329	-0.0304560761	-0.1043687287	0.0014338401	-0.0152934571	0.0503643789	0.0654622463	0.0080545211	0.0795643801	0.0526602015	0.0008482025	-0.1025838106	-0.0025443755	0.1025417406	-0.00932498	-0.0006653500000001	4.426906225001343e-07	8.69552520004e-05	0.0357552	-0.0118414	0.00127843432704	0.00014021875396	0.108297	0.0305544000000001	0.011728240209	0.00093357135936	-0.00206351	-0.001830143	3.349423400449001e-06	4.2580735201e-06	-0.00403971	-0.0002458799999999	1.63192568841e-05	6.045697439999999e-08	-0.00094557	0.00017597	3.096544090000004e-08	8.941026249e-07	0.0	0.0	0.0	0.0	0.0	0.0	0.0	0.0	0.0	0.0	0.0	0.0	0.0	0.0	0.0	0.0	0.0	0.0	0.0	0.0	0.0	0.0	0.0	0.0	0.0	0.0	0.0	0.0	0.0	0.0	0.0	0.0	0.0	0.0
67655.49433631943	-82.33846110216109	6779.622176672095	4577265913.89175	88313.67388462035	-379.5780806107941	7799304994.999075	144079.5192801745	65657.08816536126	164.41012128357397	4310853226.354022	27030.687980479503	70246.43588292076	73703.68891177983	1.512312	27.030724	0.06800112	0.039006	-0.0170029614	-0.1431975729	0.0680642318	-0.0412595695	0.0663680976	-0.1191369725	-0.0407464212	0.0806131576	0.1135595351	-0.1117896967	-0.0656561305	-0.0498324119	-0.0016398993	0.158338553	0.0120890729	-0.0588225025	0.1906458686	0.0144775805	0.0100389054	-0.0353259381	-0.0101599365	-0.0673539287	-0.0190327234	-0.1060472454	-0.0020054194	-0.0331939436	0.0598686323	0.0192701341	-5.30756e-05	0.0625462324	-0.0168970864	0.0387893387	-0.0223127998	-0.0775639963	-0.0561505998	0.0735196785	-0.0568944552	-0.0270255929	0.0240400916	-0.0081857742	0.0628791874	0.1945773153	-0.0397175958	0.0228346951	0.0701603326	-0.1242648752	0.0181896913	0.0026568047	-0.072254558	-0.1771282048	-0.0739067989	-0.0381682911	0.0760742165	-0.1085886116	-0.0520646485	0.0118277196	-0.0651982396	0.0342534574	-0.0363106361	-0.0022515876	-0.0870828288	-0.0499908277	0.1455227987	-0.0284309304	0.043453932	-0.0126168923	-0.0650934045	0.0454729932	-0.0157991739	-0.0237286666	-0.0538208845	0.0250498851	-0.0434078571	0.1626452715	-0.0008482025	-0.1025838106	0.0025443755	0.1025417406	-0.0125911	-0.0032661199999999	1.0667539854399992e-05	0.0001585357992099	0.0327872	-0.0029679999999999	0.00107500048384	8.80902399999999e-06	0.117463	0.0091659999999999	0.013797556369	8.401555599999988e-05	-0.00136325	0.00070026	4.903640676000001e-07	1.8584505625000005e-06	-0.0037634	0.00027631	1.416317956e-05	7.634721610000005e-08	-0.00102102	-7.545000000000013e-05	5.692702500000019e-09	1.0424818404000005e-06	0.0	0.0	0.0	0.0	0.0	0.0	0.0	0.0	0.0	0.0	0.0	0.0	0.0	0.0	0.0	0.0	1.0	0.0	0.0	0.0	0.0	0.0	0.0	0.0	0.0	0.0	0.0	0.0	0.0	0.0	0.0	0.0	0.0	0.0
67578.38376176155	-77.1105745578825	5946.040708646756	4566837951.851917	86585.59172222043	-1728.0821623999218	7497064693.887047	2986267.9600047898	65543.4156909367	-113.67247442455846	4295939340.434927	12921.431441801897	70173.14640618986	73466.76455394647	1.397473	24.978102	0.0843332999999999	0.0474774	0.0927627423	0.035096644	0.1060532334	0.1208787768	-0.1286924603	-0.00126717	-0.1074998748	0.0874264811	0.0580526294	0.0232386536	-0.086684742	-0.0184312826	-0.0621043379	0.0257225583	-0.1231810166	0.2248824733	0.0761287019	-0.1341361243	0.0353094852	-0.0630056585	-0.0936653193	0.1094222036	0.1006003295	0.070928937	0.0340919033	0.0565633174	-0.0538797811	-0.0283390281	0.091769386	-0.052154743	-0.0840956145	0.0708552239	0.0120998823	-0.0665976049	0.0114220405	-0.0457925817	0.0466751587	-0.0353039289	-0.0901285465	0.0479058243	0.016689145	-0.148188629	-0.0605817904	-0.0382721978	0.0958538786	0.0635482376	0.0572528954	0.1146928723	-0.0205174493	0.0717977602	0.0061364088	-0.1542539102	0.0772140558	-0.0635161276	0.0319460994	0.0908897527	-0.0811652533	-0.1685260022	0.0361708853	-0.0704069081	0.0105300836	0.0874086466	-0.1234653419	-0.0783988942	-0.0404651228	-0.0364676289	0.0733107622	0.0540271656	-0.0268343514	-0.0152307491	0.0102549568	-0.1454970742	0.1293843369	0.0666890809	-0.0025443755	-0.1024716367	0.0076268671	0.1020933517	-0.0125933	-2.2000000000008124e-06	4.840000000003575e-12	0.00015859120489	0.0464544	0.0136671999999999	0.00215801127936	0.0001867923558399	0.0831321	-0.0343309	0.00691094605041	0.0011786106948099	-0.00105378	0.00030947	9.577168090000004e-08	1.1104522884e-06	-0.00376958	-6.179999999999727e-06	1.42097333764e-05	3.819239999999663e-11	-0.00143203	-0.0004110099999999	1.6892922009999988e-07	2.0507099209e-06	0.0	0.0	0.0	0.0	0.0	0.0	0.0	0.0	0.0	0.0	0.0	0.0	0.0	0.0	0.0	0.0	0.0	0.0	0.0	0.0	0.0	0.0	0.0	0.0	0.0	0.0	0.0	0.0	0.0	0.0	0.0	0.0	0.0	0.0
67781.8458700949	203.4621083333477	41396.82952745092	4594378629.557301	87789.74176378487	1204.1500415644405	7707038758.952033	1449977.3225996436	65548.5191016624	5.103410725700087	4296608356.4210005	26.044801035190687	69990.55503557425	73205.03687407836	1.579847	28.237825	0.0357949999999999	0.0200933	-0.0824039609	0.0531603581	-0.0086267869	0.0687444737	-0.0080486785	0.0684117542	0.034630945	0.0701978885	-0.0242855955	0.0760775657	0.0865855921	0.0614650548	-0.0048502963	0.0945972555	-0.0211034384	-0.003976834	0.0238301286	-0.0735185918	0.0202494573	-0.0407289986	-0.0607969941	-0.0346993563	-0.12215314	-0.0701763906	-0.0252287991	0.0166655136	-0.0540418497	-0.1085989891	0.0427234811	-0.0797311634	0.1713852901	-0.0752115699	-0.0285184795	-0.0381629323	0.0416485461	-0.0745696369	-0.1944702891	0.0272279644	-0.0657361086	0.0028453538	-0.0110112234	-0.0374466002	-0.0768987578	0.1103226559	-0.0817792704	0.0547023037	-0.0508249626	-0.0216407983	0.0315353727	-0.0449526368	0.0202802933	-0.0419988317	0.045528861	-0.0340749243	-0.0096050642	-0.0541819338	-0.1006468975	-0.013627458	0.0664482522	-0.0978714866	0.1515649883	-0.0537470481	0.036291366	-0.0101416535	-0.0174338884	0.0510144909	-0.1145776218	-0.0531217417	0.1536258221	0.1255492067	0.0142347121	-0.0215098654	-0.050303126	-0.0504800255	-0.0042398529	-0.1022474116	0.0126905962	0.1011985345	-0.0154312	-0.0028379	8.053676410000004e-06	0.00023812193344	0.0483049	0.0018504999999999	0.00233336336401	3.4243502499999923e-06	0.0831361999999999	4.099999999895854e-06	0.0069116277504399	1.6809999999146e-11	-0.00075924	0.00029454	8.675381160000002e-08	5.764453776e-07	-0.00367614	9.343999999999976e-05	1.35140052996e-05	8.731033599999955e-09	-0.00119796	0.0002340699999999	5.4788764899999935e-08	1.4351081616e-06	0.0	0.0	0.0	0.0	0.0	0.0	0.0	0.0	0.0	0.0	0.0	0.0	0.0	0.0	0.0	0.0	0.0	1.0	0.0	0.0	0.0	0.0	0.0	0.0	0.0	0.0	0.0	0.0	0.0	0.0	0.0	0.0	0.0	0.0
67749.05058645764	-32.795283637256944	1075.5306288481331	4589933855.366396	88383.90258990832	594.1608261234505	7811714237.022403	353027.08729970123	65646.56919357416	98.05009191176214	4309472046.886721	9613.820523905002	70119.03477133853	73999.33046632954	1.5403	27.530973	0.11542735	0.0580205	0.0274842716	-0.0876505427	-0.0177185465	-0.0905479388	0.038177492	-0.0725699205	0.089748108	0.0110452696	0.051938368	-0.0681276448	-0.0975615404	0.043607611	0.0038940761	-0.001807021	-0.1496359595	-0.0322993823	0.1772844293	0.0550401268	0.1269068869	0.0843650038	-0.0131680908	-0.1157334489	-0.0965465054	0.1475490992	-0.0213324119	0.0402514879	-0.0966972904	-0.0502935025	-0.0898335353	-0.088061918	-0.0995297934	-0.0494777654	-0.051028125	0.0662999004	0.0514412499	-0.0988202782	-0.0049340578	-0.096558535	-0.0023036411	0.0651580519	-0.0636347782	0.0029301384	-0.088684821	-0.1159994498	0.0469561064	-0.0674331933	0.0061151595	-0.1479570583	-0.0693673658	-0.0489138761	-0.1069578714	-0.1081619353	0.0586091092	0.1807212607	-0.1152722199	0.0420697423	0.0702631167	-0.0901329409	0.0686479305	-0.0396195796	0.1369757761	-0.1173836353	-0.0297867928	-0.0323894658	-0.0752178778	-0.0297574468	0.049666242	0.0129886882	-0.0617920388	0.0238163344	-0.0101725884	0.0023829962	-0.0016055487	-0.0687590338	-0.0059341712	-0.1019113804	0.0177231056	0.0998612018	-0.012563	0.0028682	8.226571240000007e-06	0.000157828969	0.0387596	-0.0095453	0.0015023065921599	9.111275209e-05	0.108074	0.0249378000000001	0.011679989476	0.00062189386884	-0.00148993	-0.00073069	5.339078760999999e-07	2.2198914049e-06	-0.00415048	-0.0004743399999999	1.7226484230399997e-05	2.249984355999998e-07	-0.0008414689999999	0.0003564910000001	1.2708583308107138e-07	7.080700779608317e-07	0.0	0.0	0.0	0.0	0.0	0.0	0.0	0.0	0.0	0.0	0.0	0.0	0.0	0.0	0.0	0.0	0.0	0.0	1.0	0.0	0.0	0.0	0.0	0.0	0.0	0.0	0.0	0.0	0.0	0.0	0.0	0.0	0.0	0.0
67685.60058301192	-63.45000344571599	4025.9029372613713	4581340526.283024	87362.94275406767	-1020.9598358406512	7632283766.650505	1042358.9863997692	65748.5701027014	102.0009091272368	4322874470.54984	10404.185462782822	70103.06485307208	73218.02816787007	1.312545	23.460127	0.05916555	0.035681	0.0635978869	0.0719806657	0.0970227961	-0.0521757366	-0.0778622754	0.0539663594	-0.0125064783	0.0300551072	0.1088627779	-0.1105905521	-0.0389947052	-0.0411824637	0.0822191221	0.0327609022	-0.0817660102	0.031145831	0.0146588519	-0.0167949067	-0.0339527944	0.079330144	0.1392674089	0.1278991101	-0.0427422578	0.0678772006	-0.0386233926	-0.0851126816	0.1718716801	0.0382319614	0.1082536379	0.045995141	0.1134953705	-0.0779221004	-0.1104732426	0.0343929571	0.0572096009	0.0925594627	-0.0416135125	0.0280119462	-0.0483136018	0.0594056679	0.153238696	-0.0177187255	-0.0185627321	-0.1566955865	0.0028798352	-0.0297412543	0.1956547947	0.0144044753	-0.0429582983	0.0047174086	0.0301836215	-0.0135223174	0.0734212427	0.0793907613	0.0347278239	0.0204460252	-0.0076462129	-0.1326924208	-0.0243538372	0.1278525827	-0.0722574546	-0.161100969	0.0639480525	0.1123894422	-0.0297220075	-0.0017941261	0.0113844794	-0.1046081494	-0.0109132597	-0.054294155	0.0590141207	0.1493991415	-0.0147675413	0.1029868802	-0.0076268671	-0.1014639107	0.0227120151	0.0980872016	-0.012608	-4.49999999999999e-05	2.024999999999991e-09	0.0001589616639999	0.0397526	0.000993	0.00158026920676	9.860490000000015e-07	0.118258	0.0101839999999999	0.013984954564	0.0001037138559999	-0.00151525	-2.532000000000012e-05	6.411024000000058e-10	2.2959825625000003e-06	-0.00367614	0.0004743399999999	1.35140052996e-05	2.249984355999998e-07	-0.00130068	-0.0004592110000001	2.108747425210919e-07	1.6917684624e-06	0.0	0.0	0.0	0.0	0.0	0.0	0.0	0.0	0.0	0.0	0.0	0.0	0.0	0.0	0.0	0.0	0.0	0.0	0.0	0.0	0.0	0.0	0.0	0.0	0.0	0.0	0.0	0.0	0.0	0.0	0.0	0.0	0.0	0.0
67755.87408180822	70.27349879629037	4938.364633072224	4590858472.58985	89317.2292440115	1954.286489943828	7977567439.827303	3819235.684776968	65580.2149486493	-168.35515405210026	4300764592.711045	28343.45789590641	70335.85807366845	74456.87871819887	1.447633	25.874664	0.08812455	0.0624998	-0.1066156627	-0.0457804643	0.0594269956	0.1101603013	0.112292058	0.0221057879	-0.1129966205	0.0879839586	-0.0527217368	0.0042972108	0.0063770368	-0.1198098626	-0.1183742173	0.0111299003	0.0400067608	0.0094970291	0.0029615977	0.1345535589	0.025802455	-0.1034467803	0.0562499754	0.0639654605	-0.0856223838	0.063554722	0.0095000629	-0.0312956747	0.0040295521	0.0142991618	0.1578089397	-0.1176862846	0.1072125506	0.0824927222	-0.0187534427	0.1343419904	0.0762090401	-0.0354354759	-0.0671054954	0.0778783741	0.1015685514	0.0190092378	0.0966348153	0.1254292717	-0.0018827781	0.03804493	-0.0003702025	-0.0428898799	-0.1263816024	0.17393965	-0.0256732885	-0.0025332864	-0.0026375888	0.0476427814	-0.0001914064	0.0240188328	0.0881073833	0.073305807	0.0048474698	-0.0664786427	0.051868341	0.0261908196	0.0143136903	-0.0565597565	0.0885140081	0.0490068358	0.0529904024	0.1073523271	-0.0057426063	-0.1077312234	0.0619381712	0.0724505671	0.0056393389	0.0539230416	-0.0750903393	0.0847012759	-0.009317478	-0.1009054916	0.0276450517	0.0958842909	-0.0126024	5.5999999999997024e-06	3.135999999999667e-11	0.00015882048576	0.0441587	0.0044061	0.00194999078569	1.9413717210000027e-05	0.0776356	-0.0406224	0.00602728638736	0.00165017938176	-0.000695121	0.000820129	6.726115766410001e-07	4.83193204641e-07	-0.00367613	9.999999999940612e-09	1.35139317769e-05	9.999999999881223e-17	-0.00134235	-4.1669999999999945e-05	1.7363888999999951e-09	1.8019035225e-06	0.0	0.0	0.0	0.0	0.0	0.0	0.0	0.0	0.0	0.0	0.0	0.0	0.0	0.0	0.0	0.0	0.0	0.0	0.0	0.0	0.0	0.0	0.0	0.0	0.0	0.0	0.0	0.0	0.0	0.0	0.0	0.0	0.0	0.0
67788.09986111954	32.225779311324004	1038.5008522221583	4595226482.781115	86861.3078673812	-2455.9213766303	7544886804.431979	6031549.808189668	65558.6066526135	-21.608296035803505	4297930906.232099	466.9184575709215	70201.33398888569	73386.01438253601	1.527142	27.295776	0.02699835	0.014502	0.1016528798	-0.0467898579	0.0026696894	-0.0128824871	-0.0660592009	-0.1063355483	0.0713780308	0.0479918363	-0.028473183	0.0431871046	-0.0588117986	0.1079231966	0.0077859086	-0.0402112077	-0.0481442311	-0.0860859956	-0.0513395769	0.0353470566	0.0484595558	-0.067105049	0.0405674688	0.1163773807	0.0722396261	-0.0607428513	-0.1005091039	0.0413398044	-0.0165307189	0.0867351827	-0.0418894528	0.0349082487	0.0422305574	0.0314285381	-0.0077131873	-0.1038323237	-0.0503521531	-0.0417195843	-0.0883681545	0.1175641788	-0.0182071584	0.0420378483	0.0175604765	0.1255529854	0.0891623986	-0.0221629953	0.0960512107	0.0342893812	-0.068695898	-0.0652497351	-0.0146182425	0.0680637818	0.1102832767	0.0580952306	-0.1041730477	-0.0233550046	0.0152561104	0.0583979034	-0.062130779	-0.0594325189	-0.0836177933	-0.0151133488	-0.0276696158	0.0067734888	0.0226050451	0.0762338877	-0.0147560878	-0.0131492245	0.0018510618	-0.011539363	0.0486753088	-0.0117745075	-0.0683939592	0.0270861368	-0.0312361775	0.0481873101	-0.0110055415	-0.1002367339	0.0325100797	0.0932621027	-0.0173552	-0.0047528	2.2589107840000012e-05	0.00030120296704	0.0330585	-0.0111002	0.0010928644222499	0.00012321444004	0.0712795	-0.0063561	0.0050807671202499	4.0400007210000046e-05	-0.000701226	-6.104999999999956e-06	3.7271024999999465e-11	4.91717903076e-07	-0.00367613	0.0	1.35139317769e-05	0.0	-0.00143203	-8.967999999999997e-05	8.042502399999995e-09	2.0507099209e-06	0.0	0.0	0.0	0.0	0.0	0.0	0.0	0.0	0.0	0.0	0.0	0.0	0.0	0.0	0.0	0.0	0.0	0.0	0.0	1.0	0.0	0.0	0.0	0.0	0.0	0.0	0.0	0.0	0.0	0.0	0.0	0.0	0.0	0.0
67788.54521673424	0.4453556147054769	0.1983416235496932	4595286862.601223	88679.52354645533	1818.2156790741285	7864057896.426325	3305908.2556309933	65521.34616767903	-37.26048493446433	4293046803.624828	1388.3437375514434	69979.65066276943	73516.21856241435	1.511892	27.023203	0.0523789	0.0317908	-0.0394928831	0.1105377927	0.0196948088	-0.1032900772	0.0142786511	0.0786463489	0.1022137698	0.0267756145	-0.0111830302	0.0580967973	0.0688070033	-0.0777253358	0.1160097512	0.0077880932	0.0312090223	-0.0760471097	0.0893490668	-0.0711273202	0.0981103882	0.0650731991	0.0055665697	-0.0847151521	-0.002461866	0.0195423363	-0.014630401	-0.1237869697	-0.0822622983	-0.0401185174	0.0788707782	0.0779968743	0.0738476576	-0.0216705182	0.1054475895	-0.0259937662	0.0300746244	0.044007758	0.0892160218	0.1183852606	-0.0711843659	0.0228656259	-0.039692159	0.1108989875	-0.0141221077	0.0345914598	-0.0951801109	0.0605047499	0.015317366	-0.019939799	-0.060939805	-0.0889096804	-0.0188082127	-0.0081593156	-0.0181971709	0.0999067866	-0.1954834548	-0.1255062141	0.0007907869	-0.003073673	0.0125045935	0.0171257363	0.0460199153	-0.024509826	-0.0032739778	-0.0848970483	0.0485101637	0.1038137765	0.0350680034	0.0118090217	0.1029992645	-0.1150189143	-0.0471414994	0.004677083	-0.0652037219	0.0403386876	-0.0126905962	-0.0994583687	0.0372951309	0.090232103	-0.0295925	-0.0122373	0.00014975151129	0.00087571605625	0.0320361	-0.0010223999999999	0.0010263117032099	1.0453017599999994e-06	0.0934015	0.022122	0.00872384020225	0.000489382884	-0.00102355	-0.000322324	1.0389276097600003e-07	1.0476546025e-06	-0.00367613	0.0	1.35139317769e-05	0.0	-0.00144965	-1.7620000000000092e-05	3.1046440000000324e-10	2.1014851225e-06	0.0	0.0	0.0	0.0	0.0	0.0	0.0	0.0	0.0	0.0	0.0	0.0	0.0	0.0	0.0	0.0	0.0	0.0	0.0	0.0	1.0	0.0	0.0	0.0	0.0	0.0	0.0	0.0	0.0	0.0	0.0	0.0	0.0	0.0
67741.96141185817	-46.58380487607792	2170.050876732501	4588973335.925681	89366.77884692988	687.2553004745569	7986421161.476074	472319.8480303735	65838.9938109415	317.6476432624622	4334773106.037192	100900.02527019646	70366.58295894679	73688.6445096055	1.355199	24.222519	0.0634009	0.0322502	-0.0843726785	-0.0768735473	0.093734018	-0.0833457468	0.1396974664	-0.030570202	0.0744854343	0.0557010362	0.1959175778	-0.145935832	0.0665101062	0.0200263918	-0.0008851802	0.090497287	0.0005080214	-0.0448393003	-0.014608524	0.0556558556	-0.0819620004	-0.0865672327	0.0994635712	0.034636	0.1622706822	0.0263782509	0.024177473	-0.0594901527	0.0927354914	-0.0527075401	-0.0774092646	-0.0670318426	0.069206443	-0.0314945289	-0.0143168565	-0.0562082534	0.0629722476	0.0115697558	0.0485148663	-0.0591497297	-0.0796556261	-0.1042716645	-0.1219763595	-0.0405771634	0.1128203442	0.057913836	-0.0357870426	-0.1604028966	0.0022770384	0.0101753851	-0.1059174549	-0.0248404067	0.1165154205	-0.0060342278	0.0603246783	-0.0091717902	0.0898675097	-0.0277222294	-0.022945248	0.0178623775	-0.0618990339	0.1380188287	-0.0862473879	-0.0308888035	-0.062563147	0.0187355027	-0.0449826979	0.0600588376	-0.0279538665	-0.0412535482	-0.0161548914	0.1168454254	-0.0035667614	-0.1425857465	-0.0805552389	-0.0681954919	-0.0143721814	-0.0985712473	0.0419884337	0.0868075413	-0.0216458	0.0079467	6.315004089000002e-05	0.00046854065764	0.0462403	0.0142042	0.00213816534409	0.00020175929764	0.116873	0.0234715	0.013659298129	0.00055091131225	-0.00102355	0.0	0.0	1.0476546025e-06	-0.00359387	8.226000000000023e-05	1.29159015769e-05	6.766707600000038e-09	-0.00117634	0.00027331	7.469835610000008e-08	1.3837757955999998e-06	0.0	0.0	0.0	0.0	0.0	0.0	0.0	0.0	0.0	0.0	0.0	0.0	0.0	0.0	0.0	0.0	0.0	0.0	0.0	0.0	0.0	0.0	0.0	0.0	0.0	0.0	0.0	0.0	0.0	0.0	0.0	0.0	0.0	0.0
67598.52988653467	-143.43152532349632	20572.602456624765	4569561242.820721	87242.86991945378	-2123.9089274761063	7611318351.782733	4510989.132212704	65566.64828264866	-272.3455282928335	4298985367.020555	74172.08678110257	70320.56429149225	73394.90273416553	1.435298	25.65419	0.0815928	0.0467081	0.0936374614	-0.0234489148	0.116844522	0.0892245043	-0.0724744809	-0.0879599491	-0.0339482978	0.0340098071	-0.0025934969	0.0065947291	-0.1282790754	-0.0303086472	0.0498700343	-0.0504676321	-0.0965037218	0.0558698098	0.0383070794	-0.0034488045	0.0319420404	-0.0639155934	-0.0629593421	0.0491553723	0.0590153898	-0.1040033972	0.0197799055	-0.0403986004	0.0876078708	0.012277362	0.0244733893	-0.0217429513	-0.0519448791	-0.0273530154	0.1139747036	-0.016703074	-0.0323461562	-0.0124155173	-0.0936957391	0.0031737358	0.0937677036	-0.0166968724	-0.0138384856	-0.0373411989	0.0944462776	0.0823529713	0.1417734428	0.0334224407	0.0213937103	0.0973849166	-0.0850862206	0.0264867463	0.11069575	-0.0939069748	-0.034119247	0.0089290479	0.0099469537	0.097762986	-0.0340963479	0.0384603226	-0.0199678156	-0.0464193733	-0.0200325925	0.0194068597	0.0256754165	-0.0961515877	0.0287646505	-0.0259783287	-0.0889953978	-0.0260205161	-0.0621232752	-0.0468277373	-0.0189322523	-0.0658886247	-0.0375784502	0.0395780134	-0.0160498375	-0.0975763397	0.0465784425	0.0830033923	-0.0162431	0.0054027	2.918916729e-05	0.00026383829761	0.0591981	0.0129577999999999	0.0035044150436099	0.0001679045808399	0.1054	-0.011473	0.0111091599999999	0.000131629729	-0.000267038	0.000756512	5.72310406144e-07	7.130929344399999e-08	-0.00351742	7.645000000000004e-05	1.23722434564e-05	5.844602500000007e-09	-0.000974116	0.0002022239999999	4.089454617599995e-08	9.48901981456e-07	0.0	0.0	0.0	0.0	0.0	0.0	0.0	0.0	0.0	0.0	0.0	0.0	0.0	0.0	0.0	0.0	0.0	0.0	0.0	0.0	0.0	0.0	0.0	0.0	0.0	0.0	0.0	0.0	0.0	0.0	0.0	0.0	0.0	0.0
67586.98054822834	-11.549338306329446	133.38721531404872	4567999939.626596	86968.10309796294	-274.76682149083354	7563450956.457911	75496.80619217559	65401.14641444213	-165.50186820652743	4277309952.323297	27390.868379850777	69847.37948286542	72821.06236059082	1.313297	23.473572	0.1025636999999999	0.0587589	0.0054787563	0.0943979973	0.0531059958	0.0358895318	-0.0696438588	0.0235932563	-0.0250689805	0.1584445249	0.011217085	0.097066927	-0.0516130065	0.0654256488	0.0630812339	-0.0071668041	0.0453184993	-0.0693163029	0.0785033798	-0.0873053208	-0.0716270138	-0.0157909824	0.1110796128	-0.0402863987	0.096028135	0.0284988113	0.1220918005	0.1233275644	-0.0555398288	0.0741112833	0.0470841802	-0.1091574623	0.0459592098	0.0288951695	0.0547560727	0.0329801362	-0.1213323571	-0.0688267236	0.0530442868	-0.1187383436	0.0453816973	-0.0174206139	-0.0131562431	0.0533869363	-0.0493671978	0.0305575185	-0.0011091149	0.1058655401	-0.0074409655	-0.0025602533	0.0009033863	-0.1523032409	0.0223264963	-0.0420245162	-0.0109224582	-0.0056408937	-0.0207116464	-0.0875399353	0.0508947342	0.0173888643	-0.0922523711	0.0746438127	0.1238371392	0.0965372596	-0.1278275753	0.0733019906	0.0661961408	0.0063805141	-0.0054056632	-0.0884563924	-0.0554989546	0.0986627394	-0.0701714984	-0.0626676767	-0.0118342096	0.0925709013	-0.0177231056	-0.0964747338	0.0510538654	0.0788362905	-0.0297159	-0.0134728	0.00018151633984	0.00088303471281	0.0186389	-0.0405592	0.00034740859321	0.0016450487046399	0.0950889	-0.0103110999999999	0.00904189890321	0.0001063187832099	-0.000956579	-0.000689541	4.754667906810002e-07	9.15043383241e-07	-0.00345034	6.707999999999974e-05	1.19048461156e-05	4.4997263999999655e-09	-0.000966325	7.791000000000048e-06	6.069968100000075e-11	9.33784005625e-07	0.0	0.0	0.0	0.0	0.0	0.0	0.0	0.0	0.0	0.0	0.0	0.0	0.0	0.0	0.0	0.0	0.0	0.0	0.0	0.0	0.0	0.0	0.0	0.0	0.0	0.0	0.0	0.0	0.0	0.0	0.0	0.0	0.0	0.0
67753.03011843788	166.0495702095359	27572.459766771583	4590473090.22995	89158.17701204157	2190.073914078632	7949180528.110538	4796423.749127698	65622.25201306745	221.10559862531957	4306279959.266536	48887.685743460905	70116.260586569	74197.57867169812	1.396812	24.966295	0.0790644999999999	0.0376021	-0.0866517163	-0.0765393322	0.0343852999	-0.0982205888	0.1295437197	-0.0264094551	0.1104281178	0.1323609829	0.1753844898	-0.0342634692	0.0684857205	-0.080385944	-0.0219215292	0.057597228	-0.0414719397	-0.1020241865	0.1662158472	0.0071391161	-0.0202981606	-0.0986876884	-0.1243052998	-0.0482539109	-0.0054279318	0.0884435468	-0.0384149394	-0.0803053081	-0.0994128393	-0.0535396706	-0.0881249373	0.1787545396	0.0180371122	0.1267063372	-0.0121564032	0.0744634625	-0.0554165088	0.067210862	-0.019167942	0.1375412654	-0.0217853226	0.0100208088	-0.0208354292	-0.043971552	-0.0285362234	0.1526724764	-0.0652648276	-0.0911089819	-0.056393217	-0.0046554611	-0.1772588262	-0.1011017931	-0.0085478913	-0.0346533	0.0161051001	0.0049880975	0.0411706816	-0.0737924795	0.0092558812	0.0156339166	-0.0227926335	0.0068484974	-0.0198776602	-0.0109785637	0.0005139474	-0.1201253592	-0.0972465345	-0.0423473771	0.020637986	0.1436407707	0.1808469605	0.0851269976	-0.0335109346	0.1029085596	-0.0036723242	0.0027456063	-0.0193915285	-0.0952676342	0.0554036926	0.0743244578	-0.0198958	0.0098200999999999	9.643436400999996e-05	0.00039584285764	0.0387654	0.0201265	0.0015027562371599	0.0004050760022499	0.121563	0.0264741	0.014777562969	0.00070087797081	-0.00102355	-6.697099999999998e-05	4.485114840999997e-09	1.0476546025e-06	-0.00319722	0.0002531199999999	1.02222157284e-05	6.406973439999996e-08	-0.00109911	-0.0001327849999999	1.7631856224999988e-08	1.2080427920999998e-06	0.0	0.0	0.0	0.0	0.0	0.0	0.0	0.0	0.0	0.0	0.0	0.0	0.0	0.0	0.0	0.0	0.0	0.0	0.0	0.0	0.0	0.0	0.0	0.0	0.0	0.0	0.0	0.0	0.0	0.0	0.0	0.0	0.0	0.0
67600.18589770225	-152.84422073562746	23361.35581228121	4569785133.403902	86399.31472450445	-2758.862287537122	7464841584.863972	7611321.121594562	65574.06567195493	-48.18634111252322	4299958088.749858	2321.923469812446	69907.32009523551	72772.41830301785	1.596204	28.530184	0.082468785	0.054389	0.1368560274	0.0108566441	0.1340281972	-0.0342669207	-0.1378542898	-0.0132645568	0.0565863995	0.0233112485	0.1228027907	-0.0197122416	-0.0719527239	-0.0253885305	0.077656371	0.0548673798	0.0141206051	-0.1173614275	0.0620412262	-0.025191615	-0.0437569039	-0.0278657212	-0.0178761363	0.0437647827	0.0094423709	-0.0914651993	0.0622850805	0.0222127733	0.0178064788	-0.1338861559	0.162358239	0.0254273448	-0.0328102035	0.0042104854	-0.0874626108	0.1155374375	-0.0407551998	-0.0385843284	0.0486793305	0.1231812068	-0.0499971503	-0.0128762789	0.043368021	-0.0652172174	0.0073298769	0.0163906081	0.044384714	0.0286449148	0.1390952532	-0.049471155	-0.0956431118	-0.051441585	-0.0624435726	-0.0051154185	-0.0067003071	-0.0856145849	0.1014665381	-0.0602082927	-0.0284397125	0.0379393223	-0.03613278	-0.1014226558	0.0067376488	-0.0380914818	-0.0858001129	0.0324216512	0.0760224558	0.1345761806	-0.0533195106	0.029379032	0.075682869	-0.053073332	0.0529458354	0.1468427155	0.0883222312	-0.0606063569	-0.0210546499	-0.0939563609	0.0596172234	0.0694876231	-0.0195898	0.000306	9.363600000000044e-08	0.00038376026404	0.0325373	-0.0062281	0.00105867589129	3.878922961e-05	0.122394	0.0008309999999999	0.014980291236	6.905609999999973e-07	-7.668629999999998e-05	0.0009468637	8.965508663776902e-07	5.880788607689997e-09	-0.0036825	-0.0004852799999999	1.356080625e-05	2.3549667839999985e-07	-0.00102918	6.992999999999995e-05	4.890204899999993e-09	1.0592114724e-06	0.0	0.0	0.0	0.0	0.0	0.0	0.0	0.0	0.0	0.0	0.0	0.0	0.0	0.0	0.0	0.0	0.0	0.0	0.0	0.0	0.0	1.0	0.0	0.0	0.0	0.0	0.0	0.0	0.0	0.0	0.0	0.0	0.0	0.0
67860.87902548528	260.6931277830299	67960.90687329917	4605098902.111547	88329.55851304236	1930.243788537904	7802110907.108973	3725841.083189161	65528.906859414965	-45.158812539964856	4294037634.189882	2039.3183500196872	70112.312363176	73361.44415643945	1.66665	29.789324	0.125403065	0.0689787	-0.0358328631	0.0973455227	0.0420602876	0.0524809174	-0.027333599	0.0862873614	-0.0671686742	-0.1179019526	-0.0200634578	0.0932801348	0.0644100413	0.0410055936	-0.056170223	-0.0706528604	0.1320160781	0.0238139805	0.00968324	-0.1892554925	-0.0780732227	-4.73638e-05	0.0216589521	0.0571396824	-0.0100162137	-0.0905237852	0.0217897447	0.1118919375	-0.0341974678	-0.0041237722	0.011138756	0.0242062379	0.026678112	-0.0911704835	0.087477329	0.0947997011	0.0006378294	-0.0561402453	0.0163408136	-0.0208722856	-0.0618212664	-0.0446793764	0.1336758842	-0.0024025074	0.1103773882	-0.0131926605	-0.0495083653	0.0929062777	-0.0188135872	0.0701081144	0.1622671945	0.0248973859	-0.0394778302	-0.0317207155	-0.0555055522	-0.0793627456	-0.0188731727	-0.119325725	-0.0167023385	-0.0271376082	-0.0962983979	-0.0300208142	0.0482314808	0.1234436989	0.0080331685	-0.0477521877	-0.0126140334	-0.0154009159	-0.090103881	-0.0955365976	0.065035907	0.0256965649	-0.0374559131	-0.0285207741	-0.0490629392	-0.0252079981	-0.0227120151	-0.0925423476	0.063684092	0.0643469367	-0.00842446	0.01116534	0.0001246648173156	7.09715262916e-05	0.0585711	0.0260338	0.00343057375521	0.00067775874244	0.0655668	-0.0568272	0.0042990052622399	0.00322933065984	7.927819999999998e-05	0.0001559644999999	2.4324925260249997e-08	6.285032995239997e-09	-0.00406662	-0.0003841199999999	1.65373982244e-05	1.4754817439999997e-07	-0.00111663	-8.744999999999998e-05	7.647502499999997e-09	1.2468625569e-06	0.0	0.0	0.0	0.0	0.0	0.0	0.0	0.0	0.0	0.0	0.0	0.0	0.0	0.0	0.0	0.0	0.0	0.0	0.0	0.0	0.0	0.0	1.0	0.0	0.0	0.0	0.0	0.0	0.0	0.0	0.0	0.0	0.0	0.0
67895.11378608442	34.2347605991381	1172.0188332802984	4609746476.025351	88934.56379939307	605.0052863507153	7909356638.188316	366031.3965123111	65541.60812619884	12.701266783878964	4295702395.768214	161.32217791526708	70237.57392179682	75458.83442843631	1.540702	27.53816	0.1027521999999999	0.0527538	-0.0165865495	-0.1278215991	-0.0788813882	0.0223024624	0.0760391156	-0.0771727469	0.0155587	-0.0377673558	-0.0466542463	0.035106464	-0.0352365727	-0.0578501304	-0.1745844699	-0.0644134522	-0.0227104537	-0.099745176	0.0411708902	-0.0210029305	0.0191286627	0.0435572116	0.062878696	-0.0958616272	-0.0022968369	-0.0025098493	-0.0199047415	-0.0194605216	0.0069464933	0.1108341507	0.0208703604	-0.0502795697	-0.0479694857	-0.098791998	-0.0179302889	-0.0438105592	0.1414954042	0.0259205099	0.0221870658	0.0058560349	-0.1591504978	-0.0520273693	0.0976475038	0.0617760537	-0.0381167649	0.1864500406	0.0248760154	-0.0230117715	-0.1237398548	-0.0104958409	-0.0451289507	0.057779334	-0.1637196853	-0.0178632292	-0.0224888812	0.0384893619	-0.0123237663	-0.0428933946	-0.0526762246	0.0346412299	-0.0362688341	0.0652496747	-0.0088147395	-0.0518421107	0.0541878252	-0.0543208407	-0.1121083067	-0.1156076673	-0.0477266139	-0.0848867811	-0.0313166776	-0.017176938	0.0531478504	-0.0504936005	-0.1071652361	0.0780218531	-0.0243631711	-0.0910271406	0.0675942939	0.0589248775	-0.0231639	-0.01473944	0.0002172510915136	0.00053656626321	0.0302931	-0.028278	0.00091767190761	0.000799645284	0.0676039	0.0020371	0.0045702872952099	4.14977641e-06	-0.000503775	-0.0005830532	3.3995103403024e-07	2.53789250625e-07	-0.00360696	0.0004596599999999	1.3010160441600002e-05	2.1128731559999977e-07	-0.00100539	0.0001112399999999	1.2374337599999967e-08	1.0108090521000002e-06	0.0	0.0	0.0	0.0	0.0	0.0	0.0	0.0	0.0	0.0	0.0	0.0	0.0	0.0	0.0	0.0	0.0	0.0	0.0	0.0	0.0	0.0	0.0	1.0	0.0	0.0	0.0	0.0	0.0	0.0	0.0	0.0	0.0	0.0
67790.42872721	-104.6850588744128	10958.961551539272	4595542227.018939	87469.81855912642	-1464.7452402666531	7650969158.766497	2145478.618883816	65458.56587176311	-83.04225443573523	4284823845.98795	6896.016021769387	70076.05196831096	73681.1426239741	1.253297	22.401134	0.0684771499999999	0.031711	0.0637171858	0.0354299456	-0.0051036123	-0.0189491095	-0.0694102329	-0.0101826482	0.1061926141	0.0078265929	0.0956063643	0.0936580931	-0.0187636779	-0.1110664765	0.0298303324	-0.0477258463	-0.0620297294	-0.0959724132	0.0462001464	0.1431920025	-0.0553410461	0.1197311698	0.0036759228	0.0183690995	-0.0173391724	-0.0128059211	-0.0217389682	-0.0667333786	0.0885116372	-0.0371830878	0.076213	0.0814524327	0.0461985424	0.0350756368	0.0420545406	-0.0153776774	0.0295643181	0.0256209352	-0.0581490397	-0.0126188889	0.0589824347	-0.0112638655	0.0201227391	-0.0544270057	-0.0161220233	-0.0234686778	0.0069289844	0.0690665656	0.0073454465	-0.0269156126	-0.1698451609	0.0502694305	-0.0624823055	0.0058395307	-0.0749916628	-0.0655195106	0.0562963836	0.0464277896	0.0492671238	0.0547067585	-0.0232992351	-0.0118137386	-0.1524093989	-0.0480229664	0.0675817903	-0.0646077191	0.1150020798	-0.0212598702	-0.0886055952	-0.028134652	0.089222019	-0.0621645105	0.051318982	-0.0982437095	-0.0093625675	-0.0040053251	-0.0260076665	-0.0894123968	0.0713382097	0.0532451548	-0.0242226	-0.0010586999999999	1.1208456899999984e-06	0.00058673435076	0.0191197	-0.0111734	0.00036556292809	0.00012484486756	0.0921773	0.0245734	0.00849665463529	0.00060385198756	-0.000313832	0.000189943	3.607834324900001e-08	9.8490524224e-08	-0.00375578	-0.0001488199999999	1.4105883408399998e-05	2.2147392399999883e-08	-0.00130006	-0.0002946699999999	8.683040889999994e-08	1.6901560036e-06	0.0	0.0	0.0	0.0	0.0	0.0	0.0	0.0	0.0	0.0	0.0	0.0	0.0	0.0	0.0	0.0	0.0	0.0	0.0	0.0	0.0	0.0	0.0	0.0	0.0	0.0	0.0	0.0	0.0	0.0	0.0	0.0	0.0	0.0
67767.52218217318	-22.906545036821623	524.7098055239375	4592437062.711334	87936.98372126807	467.1651621416531	7732913105.994566	218243.28871883705	65793.49931066176	334.93343889865355	4328784551.542049	112180.40849247808	70140.14906147758	72832.91206980978	1.316716	23.534679	0.1260273	0.0767295	-0.0162725305	0.1171943229	0.0764373428	0.0024916668	-0.0230935975	0.0997478609	0.0453634239	0.0236780508	0.0550719869	-0.0928848125	-0.034024966	0.1485531633	0.0737734029	-0.1267810466	-0.0010703121	0.0495115848	-0.0017527328	-0.0460239477	0.0680357224	0.039721415	0.0592867644	-0.0935213969	0.090536911	0.1273874985	0.0751324336	-0.12591668	0.0088380882	-0.0571465978	-0.031991826	-0.0297822091	-0.0922743757	-0.1124092999	-0.1223311684	-0.0580620725	0.0129445861	-0.0587530498	0.0702285313	-0.0439439032	0.0890657402	0.0204667329	-0.041365123	0.0395162936	-0.1117974731	0.0231192606	-0.0571253215	-0.0514283647	0.1310949884	-0.0926741771	0.0725076357	-0.0561915502	0.046725523	-0.0985452618	-0.1184603431	0.1322554267	0.0682951172	0.0591958606	-0.0154229787	0.0722701376	0.0177167147	0.1882663971	0.0911619969	0.0015754326	-0.1641437835	-0.0698955865	-0.0792562873	-0.0422335687	-0.0428797472	0.0087997753	-0.0528202891	-0.1200508869	0.1250430507	-0.0142794155	0.080120422	-0.0802100322	-0.0276450517	-0.0876998819	0.074906629	0.0473326046	-0.0326196	-0.0083969999999999	7.050960899999996e-05	0.00106403830416	0.026073	0.0069532999999999	0.0006798013289999	4.834838088999999e-05	0.157705	0.0655277	0.024870867025	0.00429387946729	-0.000910708	-0.000596876	3.56260959376e-07	8.293890612639999e-07	-0.00398389	-0.00022811	1.5871379532100003e-05	5.2034172100000256e-08	-0.00137806	-7.799999999999994e-05	6.083999999999991e-09	1.8990493636e-06	0.0	0.0	0.0	0.0	0.0	0.0	0.0	0.0	0.0	0.0	0.0	0.0	0.0	0.0	0.0	0.0	0.0	0.0	0.0	0.0	0.0	0.0	0.0	0.0	0.0	0.0	0.0	0.0	0.0	0.0	0.0	0.0	0.0	0.0
67786.17064502026	18.64846284707892	347.76516655888275	4594964930.715807	87365.51556850465	-571.4681527634239	7632733310.550628	326575.84962283995	65619.41697470429	-174.0823359574715	4305907884.10011	30304.65969240998	70097.84302904278	73302.56008733671	1.133654	20.262669	0.132513055	0.0777549	-0.0283549088	0.0090703932	0.0510803375	0.1624272623	-0.0474020711	0.0481758315	-0.011064727	0.0370166208	0.0065765777	0.0350916657	0.0281586007	0.0491669496	-0.1331489535	-0.0927254128	0.0895271834	0.037678842	-0.0050930949	-0.1623085311	-0.0579808832	0.0060809258	-0.0093002532	0.0858433256	0.0006596022	-0.0169335056	-0.0016834293	0.0194530939	-0.0272426749	0.0610233374	0.0492798195	-0.0317322127	-0.0554245087	-0.0578913762	-0.0484362318	0.0617738895	-0.0342429041	0.144472027	0.0958560169	0.0427530122	0.0287406111	-0.0397821019	0.0145752828	0.0051627813	-0.0192603454	0.0493856583	-0.032357144	0.0372873355	-0.0221150815	0.0183738689	0.1135349002	0.0116411083	-0.048216905	-0.0781047099	-0.0797036327	0.0099828273	0.1372754134	-0.0349647286	-0.079601019	-0.0337022244	-0.0473608144	0.0274525375	-0.0145475703	0.0331688389	-0.0501790233	-0.0260371294	-0.0795074682	-0.0794745854	0.0157777924	-0.1150044582	-0.0089440133	0.0574888076	0.0342894363	0.1242313368	0.0854730209	0.0608120159	-0.0292748789	-0.0858914684	0.0782907735	0.041213081	-0.0208363	0.0117833	0.00013884615889	0.0004341513976899	0.0341182	0.0080452	0.00116405157124	6.472524304000003e-05	0.108514	-0.049191	0.011775288196	0.002419754481	9.32931e-05	0.0010040011	1.00801820880121e-06	8.703602507609999e-09	-0.00377995	0.00020394	1.42880220025e-05	4.159152360000023e-08	-0.00143999	-6.192999999999997e-05	3.835324899999996e-09	2.0735712001e-06	0.0	0.0	0.0	0.0	0.0	0.0	0.0	0.0	0.0	0.0	0.0	0.0	0.0	0.0	0.0	0.0	0.0	0.0	0.0	0.0	0.0	0.0	0.0	0.0	0.0	0.0	0.0	0.0	0.0	0.0	0.0	0.0	0.0	0.0
67933.88819695974	147.71755193948047	21820.475150993112	4615013165.557026	88938.7036717943	1573.188103289649	7910093010.819237	2474920.8083320837	65703.37497502398	83.95800031968975	4316933483.108607	7048.945817681023	70432.01463565724	74552.22873206998	1.369904	24.485344	0.0788682049999999	0.0424063	0.0322553037	-0.0703554694	-0.0379282753	0.0152307767	0.0490691225	-0.0992774565	-0.0263249781	-0.0561266752	-0.1558941657	0.0140462152	0.0026520806	0.124368455	-0.1195376853	-0.0911478295	-0.0801240533	0.0483542779	-0.1066732593	0.1143667107	0.0685864008	0.0050242082	-0.0918237406	-0.0693332411	0.006355954	0.0245119758	-0.0494450994	0.0401776416	-0.0142595233	-0.0570239984	0.0802965186	-0.0417286964	0.0213685552	-0.025465343	0.0368323627	-0.0996437087	-0.0060799967	-0.0060490307	0.0833564299	0.0323061731	0.0311250679	-0.0373104849	0.1376132575	0.0012520469	0.0176578904	0.1501957214	0.0675282659	-0.0196834942	-0.1492497347	-0.0408320911	0.0932039675	0.1038641316	0.0658516261	-0.020540783	-0.063639493	0.0726616716	-0.0628557569	0.0562583631	0.0252514447	0.0040674535	0.1296908604	-0.0182021613	-0.0016239787	-0.110270056	0.0144326307	-0.0594974131	-0.0170851551	0.0183917436	-0.0328831389	-0.041578621	0.0795744339	-0.032695562	0.0044147689	-0.1539644106	0.0527894562	0.0897071849	-0.0308967027	-0.0839891338	0.0814823178	0.034913343	-0.023954	-0.0031177	9.720053290000009e-06	0.0005737941159999	0.036597	0.0024787999999999	0.0013393404089999	6.144449439999982e-06	0.0727253	-0.0357886999999999	0.00528896926009	0.0012808310476899	-0.000390707	-0.0004840001	2.3425609680001003e-07	1.5265195984900004e-07	-0.00370507	7.487999999999983e-05	1.37275437049e-05	5.607014399999974e-09	-0.00163077	-0.0001907799999999	3.63970084e-08	2.6594107929e-06	0.0	0.0	0.0	0.0	0.0	0.0	0.0	0.0	0.0	0.0	0.0	0.0	0.0	0.0	0.0	0.0	0.0	0.0	0.0	0.0	0.0	0.0	0.0	0.0	0.0	0.0	0.0	0.0	0.0	0.0	0.0	0.0	0.0	0.0
67867.84647849614	-66.04171846360259	4361.508577625747	4606044585.628721	87853.63838132747	-1085.065290466824	7718261776.837056	1177366.6845758534	65558.34283587756	-145.03213914642402	4297896315.386458	21034.3213853877	69947.41451431991	73858.31196670241	1.213667	21.692801	0.1266099	0.0611861	0.0149648987	0.1120360932	-0.0384753841	-0.0742274822	-0.0434174742	0.0760991097	0.0858616035	0.030212806	-0.0569904628	0.0781370236	0.0519914537	0.0327336403	-0.0167108415	0.0059210707	-0.0080481668	0.0589038654	0.0283083405	-0.0399084704	0.0276043007	-0.0383601248	0.0705283522	-0.0726326631	0.006126276	0.0331833191	0.0245487264	-0.0685876367	0.0030246169	0.061120177	-0.0557168868	0.0735784908	0.1478163519	-0.0751711026	-0.0171224907	0.0836707893	-0.0435210015	0.0009506033	-0.0038950575	0.019243378	0.0134163351	-0.058688992	-0.1900593563	0.0690085938	-0.0588576121	-0.1000263977	-0.0785964904	0.0841610554	-0.0086217188	-0.0539583457	0.0485351566	-0.0277249702	0.0013020287	-0.1150942335	0.0084415333	0.0095403268	-0.0592284884	-0.0132026348	-0.0184042554	0.0202029064	0.1086189577	0.1358854361	0.0019627242	0.0413792923	-0.0280448565	0.0631488985	0.0253150247	0.0616566628	0.075578952	-0.0296443511	0.0750898874	-0.0277509958	-0.1464480071	0.1607473221	-0.0261131451	-0.0786406834	-0.0325100797	-0.0819949584	0.0844734105	0.0284609379	-0.0236721	0.0002818999999999	7.946760999999895e-08	0.00056036831841	0.0141881	-0.0224088999999999	0.00020130218161	0.0005021587992099	0.105924	0.0331987	0.011219893776	0.0011021536816899	0.000602451	0.000993158	9.86362812964e-07	3.629472074010001e-07	-0.00385401	-0.00014894	1.48533930801e-05	2.2183123600000053e-08	-0.00190308	-0.00027231	7.41527361e-08	3.6217134864e-06	0.0	0.0	0.0	0.0	0.0	0.0	0.0	0.0	0.0	0.0	0.0	0.0	0.0	0.0	0.0	0.0	0.0	0.0	0.0	0.0	0.0	0.0	0.0	0.0	0.0	0.0	0.0	0.0	0.0	0.0	0.0	0.0	0.0	0.0
67858.54911372277	-9.297364773374284	86.44099172918105	4604782687.819525	89734.83403683497	1881.1956555075008	8052340439.618317	3538897.094300297	65784.56837935581	226.22554347825644	4327609436.858141	51177.996522032496	70330.71769825948	73962.75653186721	1.462946	26.148354	0.0523389	0.0273356	-0.1204656135	-0.0796160505	0.0742138975	-0.0834107157	0.1472045213	-0.0171079333	0.0084465007	0.0239614156	0.1406315822	-0.0739019797	0.0763438644	-0.0172765077	-0.0792019159	-0.0415871589	-0.0209457751	-0.0221756704	0.0224731737	-0.0121716404	-0.0737359304	-0.039430926	-0.0024815842	0.0117108187	0.0107381656	0.0021013525	-0.0229060313	-0.1158313664	-0.1362145314	0.0042908097	0.0768703077	-0.0376277507	0.0254397873	-0.0208247698	0.0626810245	-0.085421111	-0.0395595525	-0.0244124357	0.1624574839	-0.090519932	-0.0051857089	-0.0760544787	-0.0356271643	0.0929374217	0.0506538436	-0.0633470327	-0.0690837727	-0.1222690876	-0.0372707198	0.0211306269	-0.0649676467	0.0186632157	-0.0117755505	-0.0945584763	-0.0293653789	-0.0431356448	0.1178725627	-0.0551772829	0.0535028511	-0.0037340551	0.0378356618	0.0970395699	-0.0151106892	0.0023251997	-0.0343048295	-0.089564827	0.0373225864	0.0386874754	0.130088453	0.0317294115	0.1321423697	-0.0086714823	0.0031238484	-0.1160287583	-0.0689891387	0.0079725587	-0.0341145687	-0.0799111227	0.0872566935	0.0218840804	-0.0189356	0.0047365	2.243443225000001e-05	0.00035855694736	0.0193039	0.0051157999999999	0.00037264055521	2.6171409639999985e-05	0.114637	0.0087129999999999	0.013141641769	7.591636899999997e-05	0.000264579	-0.000337872	1.1415748838400005e-07	7.000204724099999e-08	-0.00419161	-0.0003375999999999	1.75695943921e-05	1.1397375999999999e-07	-0.00190308	0.0	0.0	3.6217134864e-06	0.0	0.0	0.0	0.0	0.0	0.0	0.0	0.0	0.0	0.0	0.0	0.0	0.0	0.0	0.0	0.0	0.0	0.0	0.0	0.0	0.0	0.0	0.0	0.0	0.0	0.0	0.0	0.0	0.0	0.0	0.0	0.0	0.0	0.0
67688.30804998314	-170.24106373962422	28982.0197831988	4581707046.669413	87230.46545006619	-2504.368586768789	7609154102.63519	6271862.018394302	65707.72039841751	-76.84798093829886	4317504519.956613	5905.6121742931455	70276.1764691289	73436.02079780222	1.563331	27.942619	0.0598126999999999	0.0299165	0.08853497	-0.0330515969	0.113232275	0.0117139426	-0.0674152267	-0.085081821	-0.0290912657	0.0231756712	-0.0225715859	-0.0640775655	-0.1197015357	-0.0382319028	-0.0447312064	-0.0422257066	-0.0420994707	0.0715883004	-0.0917005849	-0.0518532436	0.0390563279	-0.0440946342	0.0843954346	-0.0255671257	-0.0421102854	-0.0601441948	0.0730725502	-0.0748077798	-0.0052379083	-0.0697383701	0.094690784	0.2160638401	-0.0242117356	-0.0415902312	0.0998885489	0.027971259	0.0491278803	-0.1671880819	-0.0535592173	0.070699727	0.0236586796	0.0092543727	-0.0573940156	0.0370381639	-0.0582432612	0.0012445029	0.1208100531	-0.0177090628	0.059069423	0.031528199	0.0161515606	0.045708098	0.003497996	-0.0647609035	-0.0328690844	0.0847556336	-0.0010846366	0.0010035376	-0.0971656579	0.0216847493	0.1344762784	0.0815795963	0.0121908393	-0.02246603	0.0173888767	-0.0082949566	0.0897333357	0.077711151	-0.0152673252	0.022296181	-0.0324969498	-0.1287048437	-0.1925330981	-0.0201598716	-0.0422175786	-0.1805514456	-0.0357097311	-0.0777399053	0.0898253196	0.0152115293	-0.0085284999999999	0.0104071000000001	0.00010830773041	7.27353122499983e-05	0.0381778	0.0188739	0.0014575444128399	0.0003562241012099	0.105926	-0.0087109999999999	0.011220317476	7.588152099999994e-05	0.000528753	0.000264174	6.9787902276e-08	2.79579735009e-07	-0.00418309	8.519999999999708e-06	1.7498241948100004e-05	7.259039999999503e-11	-0.00173936	0.00016372	2.6804238400000003e-08	3.0253732096e-06	0.0	0.0	0.0	0.0	0.0	0.0	0.0	0.0	0.0	0.0	0.0	0.0	0.0	0.0	0.0	0.0	0.0	0.0	0.0	0.0	0.0	0.0	0.0	0.0	1.0	0.0	0.0	0.0	0.0	0.0	0.0	0.0	0.0	0.0
67636.89801303134	-51.41003695179825	2642.991899385261	4574749972.825203	87469.20413788094	238.73868781475176	7650861672.514288	56996.1610595095	65601.53543098626	-106.18496743125434	4303561450.9029455	11275.247308376544	70035.60996477157	73325.99897878118	1.244978	22.252445	0.10447545	0.0506056	0.0294395656	0.0878623961	0.0899191896	0.0439114289	-0.0820151786	0.0623482079	-0.1146653942	0.0637129522	-0.118274983	0.036173224	-0.0176420545	0.018087717	-0.020836741	-0.041361117	-0.0139331089	0.1887414975	0.0797467575	-0.0549221199	0.0672745692	-0.011705703	0.0394125092	0.1143013343	0.0245333721	0.0448459132	0.026792268	-0.0334031133	0.0695871467	0.018054907	0.0086760012	0.0045291646	-0.0441650214	0.1907753556	0.1244093065	-0.0891324761	0.0462995889	0.0078627017	0.1702273923	-0.047572538	-0.0201091242	0.0136494188	-0.0031436169	-0.0600227448	-0.0191957282	-0.1033369896	0.0068914944	0.0744116442	0.038956112	0.0646213513	0.0916983641	-0.0808458362	0.0299221181	-0.1198670746	-0.0019088198	-0.007844853	0.0074304808	0.080867725	-0.0380237988	-0.1465693169	0.0273579554	0.0408679691	0.000623663	0.0196962005	0.0223931621	0.0871477974	0.0638174639	0.0142001874	0.1751738254	0.0598227354	-0.025411227	-0.105359797	-0.0839493241	-0.2311188256	0.1484879429	0.0626649261	-0.0372951309	-0.0754836805	0.0921729699	0.0084724621	-0.0220074	-0.0134789000000001	0.00018168074521	0.00048432565476	0.0558994	0.0177216	0.00312474292036	0.00031405510656	0.105921	-5.000000000005e-06	0.011219258241	2.5000000000050003e-11	-0.000256706	-0.000785459	6.169458406809999e-07	6.5897970436e-08	-0.00379723	0.00038586	1.44189556729e-05	1.4888793960000036e-07	-0.00144528	0.0002940799999999	8.648304639999998e-08	2.0888342784e-06	0.0	0.0	0.0	0.0	0.0	0.0	0.0	0.0	0.0	0.0	0.0	0.0	0.0	0.0	0.0	0.0	0.0	0.0	0.0	0.0	0.0	0.0	0.0	0.0	0.0	0.0	0.0	0.0	0.0	0.0	0.0	0.0	0.0	0.0
67707.8411889835	70.94317595215398	5032.934214178279	4584351758.47261	87870.7646529773	401.56051509636745	7721271280.698926	161250.84728445995	65606.41419737053	4.878766384266783	4304201583.836941	23.802361432251576	70153.38108641263	73839.44391805906	1.229111	21.968851	0.10312655	0.0601097	-0.0848563521	-0.0135720142	0.0535580096	0.1468408474	0.0206307688	0.0274294639	-0.0720524747	0.0856574979	-0.0598983377	0.044290098	-0.0152363938	0.0099842485	-0.0859926364	-0.0486207699	0.0477944135	0.1362538678	-0.0770087137	0.0278481929	-0.0520420561	0.0009563229	0.028347439	-0.1383925947	0.0080628772	-0.0186358209	-0.1309407214	-0.0830513277	0.0586591338	0.11483786	-0.0192367925	-0.1294610538	-0.0283428881	-0.0025074584	0.002685273	-0.0687211928	-0.021167351	-0.0438669754	-0.0011976325	0.0862198348	-0.0693780158	-0.0837231259	0.002863191	-0.1194598491	-0.1372012769	0.071844597	0.0028618036	0.0222659734	-0.0815411401	0.0694231051	0.1071908863	-0.0315017701	0.0090405306	-0.0429331684	-0.0017293122	0.0221214243	0.0477593008	0.0792710914	0.0079483884	0.1360472033	0.0460848382	0.0228687447	-0.0014624346	-0.0610998297	-0.0311784447	0.1658703168	0.0657585804	-0.0906821101	0.1386340741	0.0235054902	-0.0242714957	0.0168633839	0.1526208973	-0.0091492967	-0.0548383923	-0.0409765696	-0.0388703345	-0.0731449155	0.094293869	0.0016963469	-0.0299658	-0.0079584	6.333613056000002e-05	0.00089794916964	0.0531594	-0.0027399999999999	0.00282592180836	7.5075999999999965e-06	0.0627714	-0.0431495999999999	0.00394024865796	0.0018618879801599	0.000403505	0.000660211	4.3587856452100005e-07	1.6281628502500001e-07	-0.0040572	-0.00025997	1.6460871840000003e-05	6.758440090000022e-08	-0.00151067	-6.539000000000002e-05	4.275852100000003e-09	2.2821238489e-06	0.0	0.0	0.0	0.0	0.0	0.0	0.0	0.0	0.0	0.0	0.0	0.0	0.0	0.0	0.0	0.0	0.0	0.0	0.0	0.0	0.0	0.0	0.0	0.0	0.0	0.0	0.0	0.0	0.0	0.0	0.0	0.0	0.0	0.0
67771.48236852368	63.64117954018002	4050.199733265428	4592973822.427115	88058.36902460776	187.6043716304557	7754276355.273999	35195.40025485814	65582.46879995204	-23.94539741848712	4301060213.896683	573.3820575292896	70205.30399886932	74129.86779959708	1.382597	24.712214	0.0476409	0.0287091	0.0514585007	-0.1139741966	0.0064000104	-0.0299994366	0.0139479195	-0.1201089041	0.0584317273	0.0957877989	-0.0979752271	0.0457159736	-0.0602144516	0.1044637055	-0.1343241158	0.0367280765	-0.0531444649	-0.0321290389	0.0667714991	0.1050023204	0.0105650674	-0.0645408702	0.0164278528	-0.0364376181	-0.0744175691	-0.028783157	-0.062159659	0.0696054833	0.2241986783	0.0468447759	-0.0826543669	-0.1509015118	0.0028700696	-0.0085889804	0.025075695	-0.0113841779	0.1050797873	-0.0064818821	0.0099930366	-0.0017650488	0.0853715874	0.0067120973	-0.0927072291	0.1460900401	-0.0014248646	-0.0393557031	0.0792760111	-0.0091794233	-0.1473475791	-0.144975547	0.0167417163	-0.0555559564	-0.0560447266	-0.0814536828	0.0157202865	-0.0423231458	-0.0084517386	0.0396212996	-0.0068611806	-0.0645534826	0.1088357458	-0.0224654306	-0.0315260089	-0.1034489945	0.1069757636	0.1968585816	-0.0486171871	-0.0498096498	-0.0393253007	-0.1254562793	-0.1181660583	0.0515541509	-0.0292886595	-0.0725163729	-0.006319841	0.0023915467	-0.0404349114	-0.0707261675	0.0961827994	-0.0050871859	-0.0299788	-1.2999999999999123e-05	1.6899999999997719e-10	0.00089872844944	0.0337619	-0.0193975	0.00113986589161	0.00037626300625	0.0828078	0.0200363999999999	0.00685713174084	0.0004014573249599	0.000403505	0.0	0.0	1.6281628502500001e-07	-0.00393826	0.00011894	1.55098918276e-05	1.4146723600000128e-08	-0.00155561	-4.494000000000004e-05	2.019603600000004e-09	2.4199224721e-06	0.0	0.0	0.0	0.0	0.0	0.0	0.0	0.0	0.0	0.0	0.0	0.0	0.0	0.0	0.0	0.0	0.0	0.0	0.0	0.0	0.0	0.0	0.0	0.0	0.0	0.0	0.0	0.0	0.0	0.0	0.0	0.0	0.0	0.0
67785.66096123992	14.178592716241836	201.03249141306608	4594895831.952166	87235.96079727047	-822.4082273372915	7610112856.22291	676355.2923920661	65598.59337036446	16.12457041241578	4303175452.170424	260.0017709849544	69924.9772011373	73976.19066172582	1.158675	20.70989	0.05469715	0.0262477	0.046618419	0.0528596573	0.026699383	-0.0242614202	-0.0840705606	0.0375430079	0.1084037868	0.1024238487	0.002482902	0.0486597277	0.0364166645	0.0844278674	0.1309815462	0.0266417219	-0.0569776016	0.0124098869	0.0598610898	0.0546553842	0.0213666982	0.1006755336	-0.0292944489	-0.0233440663	-0.0075146219	0.0450884286	0.0799006127	0.0415440057	-0.1150850491	0.0368508994	0.0785646501	-0.0054367123	0.1092159855	0.0034228676	0.0524440355	-0.0514063529	0.0727237699	-0.086159256	0.0936260474	-0.0176575302	-0.0540682233	0.0278325797	-0.0405921172	0.0176588625	0.0809230541	0.05832374	-0.0464116171	0.060641647	0.0679051171	-0.1385583801	-0.0430043611	-0.0509797945	0.0144076806	-0.050628442	0.0105227116	-0.0496342542	0.0128657289	0.0483990445	0.0475546854	-0.0272724567	0.1055170097	-0.0481394763	0.0037246684	0.0097183607	-0.0817435227	-0.0352733955	0.0271400638	0.0836150768	0.1190409962	-0.0934382306	0.0528912154	0.0653904136	0.0198258644	-0.0428760506	-0.0573349404	-0.0152543828	-0.0419884337	-0.0682300815	0.0978351141	-0.0118484738	-0.0338383	-0.0038595	1.4895740250000014e-05	0.00114503054689	0.0243923	-0.0093695999999999	0.0005949842992899	8.778940415999998e-05	0.0967634	0.0139555999999999	0.00936315557956	0.0001947587713599	0.000274686	-0.000128819	1.6594334761000003e-08	7.5452398596e-08	-0.00363103	0.0003072299999999	1.31843788609e-05	9.439027289999996e-08	-0.00166981	-0.0001142	1.3041640000000016e-08	2.7882654361000003e-06	0.0	0.0	0.0	0.0	0.0	0.0	0.0	0.0	0.0	0.0	0.0	0.0	0.0	0.0	0.0	0.0	0.0	0.0	0.0	0.0	0.0	0.0	0.0	0.0	0.0	0.0	0.0	0.0	0.0	0.0	0.0	0.0	0.0	0.0
67748.36447460073	-37.29648663918488	1391.0279156268962	4589840888.983343	88689.03196022728	1453.0711629568104	7865744390.042215	2111415.8046166576	65845.16307344948	246.56970308502787	4335585500.169155	60796.6184794388	70343.8576917641	73014.66232279441	1.406566	25.140633	0.1029418499999999	0.0581589	-0.0839714054	0.0700227914	0.1480093703	-0.027018407	0.0389887614	0.0769206265	-0.0470362181	0.0150998776	0.0165681428	-0.0887191591	0.1039241595	0.0720809589	-0.008800882	-0.072425364	0.0708341542	0.014360881	-0.0173544149	-0.0706963044	0.016966986	0.0081635321	0.0258108812	0.0424611582	0.2358768848	-0.0914549905	-0.122902985	-0.1075806083	-0.026333551	0.0293721112	0.0078015916	0.0810923181	0.0213557244	-0.0238254651	0.1088006184	0.1200447993	-0.0966485143	0.0613299911	-0.0375728659	-0.1624961515	-0.0411652588	0.0052458295	-0.0045044181	-0.0797969987	-0.0007409033	-0.1269114959	-0.0717468179	-0.0723988816	0.0403351406	0.0370566118	0.1028276734	-0.016831814	0.1242591232	-0.045483831	-0.0840469024	0.0156963102	0.0593217101	-0.0048497083	-0.1146692706	0.0560198835	-0.1487596797	-0.0184276935	-0.0859116648	-0.046103852	-0.1580390846	0.0736077355	-0.0327307549	-0.0920127672	0.0136683335	0.0672858354	0.0543533572	-0.0652273565	-0.0558784398	0.010585412	-0.0550497612	0.074662055	-0.0435304769	-0.0656593869	0.0992467484	-0.0185579513	-0.0298947	0.0039436	1.5551980960000015e-05	0.00089369308809	0.0431119	0.0187196	0.00185863592161	0.00035042342416	0.0967954	3.200000000000425e-05	0.00936934946116	1.024000000000272e-09	0.000724369	0.000449683	2.02214800489e-07	5.24710448161e-07	-0.00455301	-0.0009219799999999	2.07299000601e-05	8.500471203999996e-07	-0.00190308	-0.0002332699999999	5.441489289999992e-08	3.6217134864e-06	0.0	0.0	0.0	0.0	0.0	0.0	0.0	0.0	0.0	0.0	0.0	0.0	0.0	0.0	0.0	0.0	0.0	0.0	0.0	0.0	0.0	0.0	0.0	0.0	0.0	0.0	0.0	0.0	0.0	0.0	0.0	0.0	0.0	0.0
67856.27527533747	107.9108007367322	11644.740915642722	4604474094.242374	88925.5146040483	236.4826438210148	7907747147.594807	55924.040828576944	65710.85499920076	-134.30807424872182	4317916464.725987	18038.65880840017	70491.75363109844	74278.7422689578	1.31519	23.507408	0.10280685	0.0674582	-0.0448251054	-0.0914103225	0.0895519719	0.0418485066	0.0762172499	-0.0589408713	-0.047561661	-0.0154216097	0.0036341602	-0.0264167698	0.0346924769	0.0052760275	-0.0978001644	-0.0070797923	0.101812963	-0.1501665636	0.0154502264	-0.1938891199	0.1232219392	0.0057182194	0.0236235793	0.0745740968	0.017100844	-0.0859305525	-0.1661682699	0.0041152329	0.0939927223	0.0050350722	0.0173623852	0.0178212297	0.0371204501	0.0606646064	0.0113696261	-0.0982971419	-0.0363558435	-0.0512561791	0.085427388	0.0194449623	0.1186674338	0.0471700601	-0.0327434818	0.0084508267	0.0132406964	0.0473003007	0.0472916683	-0.0639338082	-0.0980575757	0.0581750644	0.0775724781	0.0172328928	0.0340668401	-0.0021001236	-0.1175339174	-0.1198825857	-0.0123024729	-0.1932007259	-0.1549266467	-0.0947025057	-0.0869005925	-0.028623974	-0.0646305739	0.0092820812	-0.0265589301	-0.0016714658	0.1131957319	-0.0132464245	0.011311879	-0.0087418858	0.101673859	-0.0830083696	0.0140469924	0.0131987343	0.0166892006	-0.0773248515	-0.0450606192	-0.0630168947	0.1004142296	-0.0251862796	-0.0299773	-8.259999999999865e-05	6.822759999999776e-09	0.0008986385152899	0.033654	-0.0094578999999999	0.001132591716	8.945187240999996e-05	0.0967613	-3.410000000000912e-05	0.0093627491776899	1.1628100000006223e-09	-0.000436816	-0.001161185	1.3483506042249995e-06	1.9080821785600003e-07	-0.00404389	0.00050912	1.6353046332099996e-05	2.5920317440000005e-07	-0.00170874	0.0001943399999999	3.7768035599999956e-08	2.9197923876e-06	0.0	0.0	0.0	0.0	0.0	0.0	0.0	0.0	0.0	0.0	0.0	0.0	0.0	0.0	0.0	0.0	0.0	0.0	0.0	0.0	0.0	0.0	0.0	0.0	0.0	0.0	0.0	0.0	0.0	0.0	0.0	0.0	0.0	0.0
67931.44431554868	75.16904021121445	5650.384606275175	4614681126.796492	87783.52567915483	-1141.9889248934633	7705947380.662836	1304138.7045793282	65635.51960118287	-75.33539801789448	4308021433.317261	5675.422194514579	70357.26008437981	74143.29682472891	1.231254	22.007158	0.047705	0.0290108	0.0806800524	-0.0310987648	-0.0043100444	0.0092704969	-0.0414102253	-0.0751288454	0.0943109582	-0.0387074049	-0.0405701193	0.0309944443	-0.0259399562	-0.0217406351	-0.0547280831	-0.037659449	-0.1151847834	-0.1562176768	-0.0771007685	-0.1456371569	0.0920656282	-0.0626830202	-0.0619077568	0.0122061319	0.1321649572	-0.0137277635	0.0773825141	0.093260055	0.0304093266	0.1458614021	0.0443765433	-0.0413079317	-0.0673964707	0.0306730845	-0.1317025782	-0.0146750566	0.0068002457	0.0288300129	-0.1083345619	0.0996818023	0.1295984408	-0.0793657733	0.0164724245	-0.1298686984	-0.0160167388	-0.105770948	0.073200489	0.0230916029	-0.0546606027	-0.0161807838	-0.0757463188	0.1429061581	0.0257510587	-0.0102365301	-0.0881545628	0.0047022428	-0.0641441088	-0.1311820849	-0.1220032951	-0.0295089487	-0.0127157921	-0.0422649973	-0.1048257741	0.0834966511	-0.0575231906	0.0900078538	-0.1044713847	0.0533110153	0.1270066966	-0.1592112319	-0.1463064723	-0.0328684293	0.0164169178	0.1049687822	0.0705256348	0.0437478286	-0.0465784425	-0.0603054945	0.1013346856	-0.0317044747	-0.029935	4.229999999999859e-05	1.7892899999998804e-09	0.000896104225	0.0333027	-0.0003513	0.0011090698272899	1.2341169000000406e-07	0.0967751	1.380000000000825e-05	0.00936541998001	1.9044000000022767e-10	-0.0008176979999999	-0.0003808819999999	1.4507109792392384e-07	6.686300192038365e-07	-0.00424039	-0.0001965	1.79809073521e-05	3.8612250000000194e-08	-0.00134017	0.00036857	1.358438449000001e-07	1.7960556288999996e-06	0.0	0.0	0.0	0.0	0.0	0.0	0.0	0.0	0.0	0.0	0.0	0.0	0.0	0.0	0.0	0.0	0.0	0.0	0.0	0.0	0.0	0.0	0.0	0.0	0.0	0.0	0.0	0.0	0.0	0.0	0.0	0.0	0.0	0.0
67951.47680369	20.032488141325302	401.3005811323389	4617403199.802421	88095.96613507232	312.44045591748727	7760899249.271809	97619.0384939273	65637.66375279732	2.1441516144550405	4308302902.925283	4.597386145770157	70044.3153763111	73760.41404772123	1.230375	21.991432	0.0839443499999999	0.0432886	0.0203907684	0.0902878216	-0.0265827876	-0.1386082081	-0.0476881649	0.0834675069	0.1217567839	-0.073839161	-0.0196077983	0.0642719694	0.065385295	0.0930198752	0.0699386905	0.0814054843	-0.0213245739	0.0255458853	-0.0636557391	0.0262165426	-0.1342088269	-0.0635568316	0.0519142329	-0.0134342469	-0.0382181733	-0.0697636912	0.1135509234	-0.1140995179	0.0892206033	0.0992223759	-0.0882119459	0.1537513866	0.0233142247	-0.081648346	0.0392716084	0.0056801869	-0.0136529495	-0.0472862917	-0.0531389269	-0.1281701073	0.027874091	-0.0298533652	0.1000498736	-0.0847886194	0.0250625635	0.0018616168	-0.0770727572	0.0721485208	0.0425159112	-0.0961716723	0.0212729603	-0.0017387024	0.0500700883	0.0006174794	0.0553608874	-0.1051944666	0.0007796952	-0.0244681796	-0.0101467868	0.0695285741	0.1569248149	0.1244347339	-0.1287724148	0.0591839754	0.0800547859	0.1079740437	-0.0082526132	-0.105764698	-0.0835704472	0.0049226868	0.0086284517	0.0051088818	-0.0123177724	0.0297007957	-0.0569491978	0.0063692331	-0.0480835316	-0.0575281511	0.102005852	-0.0380840342	-0.035871	-0.005936	3.5236096e-05	0.001286728641	0.0132364	-0.0200662999999999	0.00017520228496	0.0004026563956899	0.0967941	1.899999999999125e-05	0.0093690977948099	3.6099999999966736e-10	-0.000178527	0.0006391709999999	4.085395672408722e-07	3.1871889728999995e-08	-0.00414834	9.204999999999976e-05	1.7208724755600002e-05	8.473202499999958e-09	-0.00176741	-0.00042724	1.8253401760000012e-07	3.1237381081000003e-06	0.0	0.0	0.0	0.0	0.0	0.0	0.0	0.0	0.0	0.0	0.0	0.0	0.0	0.0	0.0	0.0	0.0	0.0	0.0	0.0	0.0	0.0	0.0	0.0	0.0	0.0	0.0	0.0	0.0	0.0	0.0	0.0	0.0	0.0
67977.99932219238	26.522518502373718	703.443987708756	4621008391.847987	89186.13029845688	1090.1641633845577	7954165837.613328	1188457.903127952	65781.33508332001	143.67133052268764	4327184045.344028	20641.45121415936	70303.69312181245	73809.82943833226	1.212129	21.665308	0.0707406499999999	0.0343153	-0.1098109394	0.0421030176	3.87041e-05	-0.0324314144	0.0742045723	0.0960441333	0.0460142692	-0.0811961032	-0.0063170577	-0.0141540721	0.1555355432	0.0202328864	-0.0260475969	-0.0041838936	-0.036496432	0.030487908	-0.0913590679	-0.0296996767	0.0131239724	-0.0037945452	-0.0786807568	0.1038638395	0.0729994391	-0.0766434726	0.0322895225	0.0498317136	-0.0706422657	0.054793905	-0.0333240686	-0.1092465929	0.0441676952	0.13476543	0.015690275	-0.0240245586	-0.0667356997	-0.0044941947	-0.1363018602	0.0904060803	0.0112447114	-0.0048257654	-0.0800555198	0.1101965831	0.0265861744	0.0968561018	-0.1175838258	-0.0384259228	0.0053940813	0.0056437661	0.0264233712	0.1118758982	0.0510979452	0.0368405538	-0.0184754483	-0.0816098174	0.0316633976	0.0095877552	-0.099451578	0.0003502342	-0.0346234735	-0.103400447	-0.0134335669	0.1717369377	-0.0217209411	0.1238686571	-0.0426099661	-0.0097109701	0.0220990848	0.0713519266	0.0413994504	0.0354270667	0.0745619904	-0.0730895711	-0.0586582859	0.0437043151	-0.0495754752	-0.0546879015	0.1024260777	-0.0442970619	-0.0299326	0.0059384	3.526459456e-05	0.00089596054276	0.0381839	0.0249474999999999	0.00145801021921	0.0006223777562499	0.0967766	-1.7499999999989746e-05	0.00936571030756	3.0624999999964106e-10	-0.000450012	-0.000271485	7.370410522500003e-08	2.0251080014400002e-07	-0.0043375	-0.0001891599999999	1.881390625e-05	3.5781505599999944e-08	-0.00143131	0.0003361	1.1296320999999998e-07	2.0486483161000004e-06	0.0	0.0	0.0	0.0	0.0	0.0	0.0	0.0	0.0	0.0	0.0	0.0	0.0	0.0	0.0	0.0	0.0	0.0	0.0	0.0	0.0	0.0	0.0	0.0	0.0	0.0	0.0	0.0	0.0	0.0	0.0	0.0	0.0	0.0
68025.54735991271	47.54803772033483	2260.815891054384	4627475093.615727	89564.68189687177	378.5515984148951	8021832243.28783	143301.31266247202	65891.97991428229	110.64483096227924	4341753017.02418	12242.278618671344	70460.8689541835	74029.48417263558	1.139202	20.361839	0.04905255	0.0269365	-0.0436193906	-0.0782273593	-0.0111797054	-0.1128107001	0.0987303741	-0.0460331229	0.0142415613	-0.1645089227	0.1050615066	-0.1330404726	0.0513284981	-0.005822601	0.0095709453	0.0845505077	-0.0047023885	0.0285882151	-0.086339917	-0.1097096018	0.0099714591	-0.0276723777	0.1182230234	0.0433800699	-0.0877085197	0.0309273762	-0.000967368	-0.0074489499	-0.0384538872	-0.0277774496	-0.0333315553	-0.0286324339	-0.1104030397	0.059198451	-0.0544692546	-0.0597498859	-0.0429447888	0.0281305635	-0.0815743023	-0.1104135884	-0.0628114588	-0.0145838337	-0.0167280594	0.070097174	0.0102379449	-0.0647760073	-0.0328008374	-0.1373362939	0.0689831823	-0.0327690207	-5.91731e-05	0.0601482765	-0.0549317473	0.0478845007	0.0554795722	-0.1188578797	-0.0174735957	-0.0548514905	-0.0986015412	-0.0432932844	0.0181999027	0.1025968631	0.1255230219	-0.0099350191	0.0030525314	-0.0396412992	0.0018616179	-0.1155056054	-0.0197566065	0.1807381503	-0.0937684603	-0.0044524448	-0.0089072062	-0.1004907022	0.0442963282	-0.0077373437	-0.0510538654	-0.0517878515	0.102594329	-0.0503163898	-0.0299882	-5.55999999999994e-05	3.091359999999933e-09	0.00089929213924	0.0397954	0.0016115	0.00158367386116	2.596932250000006e-06	0.0786218999999999	-0.0181547000000001	0.0061814031596099	0.00032959313209	-0.000195557	0.000254455	6.4747347025e-08	3.824254024900001e-08	-0.004093	0.0002444999999999	1.6752649000000004e-05	5.978024999999996e-08	-0.00134565	8.565999999999999e-05	7.337635599999998e-09	1.8107739225000003e-06	0.0	0.0	0.0	0.0	0.0	0.0	0.0	0.0	0.0	0.0	0.0	0.0	0.0	0.0	0.0	0.0	0.0	0.0	0.0	0.0	0.0	0.0	0.0	0.0	0.0	0.0	0.0	0.0	0.0	0.0	0.0	0.0	0.0	0.0
67945.20882626725	-80.33853364546667	6454.27998830378	4616551402.445065	87553.32271355242	-2011.3591833193493	7665584318.1834545	4045565.764323081	65789.08769581202	-102.89221847026784	4328204059.847244	10586.808621733326	70363.23212417004	73680.69255759763	1.250623	22.353352	0.0367084	0.0187123	0.0901853391	-0.0212345032	-0.003616942	0.0273236937	-0.07880715	-0.0577938702	-0.0474285516	-0.1462564403	0.0537129355	-0.0722804005	-0.065775873	-0.0880108953	-0.023228671	-0.0032197666	-0.0139436727	-0.0263613256	-0.1785435401	-0.0089244838	0.0743246934	0.1171585848	-0.0944481414	-0.0844006685	0.023668155	-0.1186204972	0.1605177944	-0.0372365023	-0.0305530627	0.0033411968	0.0620266261	0.0687210091	-0.0600736015	0.1055782716	-0.0104278451	0.0600698956	-0.0084119963	-0.0204715598	0.1147954722	-0.0873856069	0.0819162669	-0.0228931684	-0.1762699561	-0.0126704496	-0.012801187	-0.0635893992	0.084361806	-0.0090536408	0.1296151131	0.038957663	-0.0230258209	0.1283313021	-0.0474512776	0.0694547673	0.0121505063	0.0315824304	0.0603564448	-0.075896222	-0.1150424901	0.1990899654	0.1021132945	-0.0908738949	-0.0366546038	0.0432896506	-0.0924476955	-0.008196255	0.1036804164	0.0782442291	0.120494785	0.0231293303	-0.0721428927	0.0191483422	-0.0962871521	-0.0243274858	0.0813843717	0.0226228894	-0.0525182979	-0.0488311722	0.1025101919	-0.056115697	-0.0365068	-0.0065185999999999	4.249214595999999e-05	0.00133274644624	0.0522346	0.0124391999999999	0.00272845343716	0.0001547336966399	0.0853952999999999	0.0067733999999999	0.0072923572620899	4.5878947559999984e-05	-0.000150143	4.541400000000002e-05	2.0624313960000022e-09	2.2542920449e-08	-0.004093	0.0	1.6752649000000004e-05	0.0	-0.00151978	-0.00017413	3.0321256899999995e-08	2.3097312484e-06	0.0	0.0	0.0	0.0	0.0	0.0	0.0	0.0	0.0	0.0	0.0	0.0	0.0	0.0	0.0	0.0	0.0	0.0	0.0	0.0	0.0	0.0	0.0	0.0	0.0	0.0	0.0	0.0	0.0	0.0	0.0	0.0	0.0	0.0
67947.20255341567	1.993727148423204	3.974947942359721	4616822334.834897	87716.2710747837	162.94836123127607	7694144211.264935	26552.168427958437	65599.95537783728	-189.13231797474143	4303354145.574243	35771.03370249871	70129.23849099668	74007.45700983824	1.245798	22.267105	0.1028308999999999	0.0459572	0.0477676976	0.0872305241	-0.0486342762	-0.0063809701	-0.080226043	0.0560420281	-0.097760957	-0.0427243723	-0.0440172204	0.0573448887	6.4603e-05	-0.014539811	0.0306984208	0.1198400738	0.0760646495	0.08811252	-0.0797314141	-0.0934208185	-0.079585433	-0.028893265	-0.0439293815	-0.0623088403	-0.2122831776	0.0380848923	-0.21635922	-0.0149865237	0.0512351928	0.0149768872	-0.1054631224	0.1033489522	0.1501281274	0.0789887193	-0.0244383865	0.010307222	0.0772809974	-0.0679552321	-0.0272643327	0.0635644818	-0.027647625	0.0072739789	-0.0601729657	-0.1048650335	-0.0909986146	-0.0535541161	0.0143814334	0.0899535182	0.0421171444	0.0869436009	0.1002444796	-0.0211475521	0.0201466147	0.0435394222	0.1272704576	-0.093149072	-0.0500961698	-0.1389026736	0.0243156771	-0.0109843132	0.084605297	0.0175316772	-0.0249427285	-0.0906407408	0.1566933515	0.0437530064	-0.0469025781	-0.1428422223	0.0868953675	0.1049632927	0.162993377	0.0881608761	-0.0310315385	0.0313388811	0.0477429188	-0.1049590984	-0.0539683725	-0.0458210968	0.1021738733	-0.0616696245	-0.0476306	-0.0111238	0.00012373892644	0.00226867405636	0.0565409	0.0043062999999999	0.0031968733728099	1.854421968999999e-05	0.0579761	-0.0274191999999998	0.00336122817121	0.0007518125286399	-0.000728745	-0.000578602	3.347802744040001e-07	5.310692750250001e-07	-0.00433073	-0.0002377299999999	1.87552223329e-05	5.6515552899999695e-08	-0.00190308	-0.0003832999999999	1.4691888999999986e-07	3.6217134864e-06	0.0	0.0	0.0	0.0	0.0	0.0	0.0	0.0	0.0	0.0	0.0	0.0	0.0	0.0	0.0	0.0	0.0	0.0	0.0	0.0	0.0	0.0	0.0	0.0	0.0	0.0	0.0	0.0	0.0	0.0	0.0	0.0	0.0	0.0
68089.87768092484	142.6751275091665	20356.19200975692	4636231442.603307	89615.74941083419	1899.4783360504955	8030982542.465429	3608017.949125158	65698.30014685901	98.344769021729	4316266642.186774	9671.693593937229	70360.73161070414	75188.9314546685	1.429301	25.547001	0.04630895	0.0244187	-0.1044882837	-0.0490651279	-0.0995841954	0.1082741414	0.0983043787	0.0312958286	-0.0369027979	-0.0623463462	-0.069986469	0.0022655206	0.0177228383	-0.1023719575	-0.1284561491	0.1492584735	0.0049634443	-0.0250663595	-0.1130887817	0.0578708246	-0.0033536555	0.0248404927	-0.0547965119	-0.0690563343	-0.0459100353	-0.1558598312	0.1910444128	0.0229286392	-0.0480291693	0.087677671	-0.0180042949	-0.1638039736	0.0422492596	-0.0027905801	0.0340546613	0.0250310029	0.0502041342	0.0082686619	-0.0610822538	-0.0514907579	-0.0638247808	0.0311275016	-0.0853132854	-0.0672212521	0.0275060099	0.045033858	-0.030165471	-0.0292381679	-0.0913141858	0.050681345	0.004108733	0.0652168857	-0.118435698	0.0634432718	0.1665707724	-0.0162824804	0.0295414004	-0.0184569706	-0.0935629978	0.1467794375	0.057478441	-0.0655986312	0.0828562642	0.1290921723	0.0373776895	0.0576301553	0.051074595	0.113750621	0.0038994313	-0.0544273446	-0.1042325529	0.0229366585	0.0540291386	0.0095894997	-0.0659973941	0.0619395931	-0.0554036926	-0.0427609166	0.1015862008	-0.0669538864	-0.0476118	1.8799999999999373e-05	3.5343999999997634e-10	0.00226688349924	0.042061	-0.0144798999999999	0.001769127721	0.0002096675040099	0.0579615	-1.46000000000035e-05	0.0033595354822499	2.1316000000010215e-10	-0.000389432	0.000339313	1.1513331196900005e-07	1.51657282624e-07	-0.00442072	-8.999000000000073e-05	1.9542765318400003e-05	8.09820010000013e-09	-0.00169647	0.0002066099999999	4.2687692099999955e-08	2.8780104609e-06	0.0	0.0	0.0	0.0	0.0	0.0	0.0	0.0	0.0	0.0	0.0	0.0	0.0	0.0	0.0	0.0	0.0	0.0	0.0	0.0	0.0	0.0	0.0	0.0	0.0	0.0	0.0	0.0	0.0	0.0	0.0	0.0	0.0	0.0
68038.30034357823	-51.57733734660724	2660.221727765725	4629210313.642958	87857.88779216168	-1757.861618672512	7719008447.300073	3090077.4704019446	65665.85215692935	-32.447989929656615	4312004139.495703	1052.872050475097	70250.46217267489	74785.48638619276	1.468126	26.240952	0.070223	0.0509118	0.0765164346	-0.0505367764	-0.130395175	-0.0749505005	-0.0213127297	-0.0823608365	0.0962401357	-0.0384066426	-0.0929633987	0.0344308616	-0.0003763554	0.0340923225	0.0717872157	0.0774672351	-0.0017252172	-0.1460820898	-0.1680076478	0.1198393125	0.1005434569	-0.0105353152	0.022581376	-0.0642011626	-0.0982530466	0.0497297784	-0.0684822359	0.0172895338	0.0444176823	0.0471551934	0.0024291454	-0.0164075386	-0.0339616639	-0.0084531713	0.0293934785	0.0366158674	-0.0702826914	-0.048470134	-0.0147488408	-0.0404362689	0.026701487	-0.0141919801	-0.0022409774	-0.0266808917	-0.0537598964	-0.0767504813	0.0416133633	0.019530789	-0.0721502729	-0.0943830399	-0.0345048814	0.050329128	0.1210284592	0.1999480946	-0.0125339997	0.0173892745	-0.0694858212	-0.0412909328	-0.0361199197	0.0336768978	0.1049809663	0.0088465931	-0.0598925796	-0.0790139729	0.0205542639	0.0073452778	0.0784543203	-0.0248699193	0.0558664161	0.0036703244	-0.0468516834	-0.0123155845	0.0144469061	0.0008206828	-0.0367111512	-0.0167885899	-0.0568238659	-0.0396539781	0.1007486199	-0.071945376	-0.039309	0.0083028	6.89364878400001e-05	0.0015451974809999	0.0407654	-0.0012956	0.00166181783716	1.6785793600000023e-06	0.0662707	0.0083092	0.00439180567849	6.904280464000005e-05	-0.00132745	-0.000938018	8.79877768324e-07	1.7621235025e-06	-0.00438412	3.660000000000035e-05	1.92205081744e-05	1.3395600000000255e-09	-0.00162478	7.169000000000012e-05	5.139456100000018e-09	2.6399100484e-06	0.0	0.0	0.0	0.0	0.0	0.0	0.0	0.0	0.0	0.0	0.0	0.0	0.0	0.0	0.0	0.0	0.0	0.0	0.0	0.0	0.0	0.0	0.0	0.0	0.0	0.0	0.0	0.0	0.0	0.0	0.0	0.0	0.0	0.0
67968.82941809358	-69.47092548465298	4826.209487694207	4619761772.465903	88267.46126436596	409.57347220428346	7791144718.056346	167750.42913347296	65736.81837436062	70.96621743126889	4321329289.983676	5036.204016502132	70061.56521204712	74289.9067255971	1.169721	20.907331	0.0857526999999999	0.0456687	0.0282418854	0.1001331918	-0.0528465197	-0.1285854336	-0.037415286	0.0875415623	0.0844851343	-0.0461576309	-0.0411202284	0.0307223047	0.1253017039	0.0320188639	0.092654444	0.0158609066	0.0532155916	-0.0053397468	-0.1198330165	-0.0660621324	0.0555956178	0.2174275272	0.0497218958	-0.027810172	0.0495295705	-0.0220810165	0.1224173959	-0.0731088215	0.0107692386	-0.0031349346	-0.0316285014	-0.0638697666	-0.0788528283	0.0629174718	-0.1113399351	-0.0847420129	0.0864007422	-0.0458738804	-0.0646656148	0.1006334434	-0.0018508127	-0.0509298498	-0.0076766825	0.0042210172	-0.1237851026	-0.063353115	-0.1114124198	0.0439603578	0.0717094652	-0.0860767683	0.0452055208	0.027785388	-0.0016678809	0.087735231	0.0088855289	0.030386882	-0.0828598977	-0.100264362	-0.029329382	-0.0029328558	0.0155643557	0.0277942331	-0.1227155816	0.0165648975	0.0043853304	0.1287028977	0.0201665639	0.1015577815	0.0402358134	0.0521747051	-0.1163296872	-0.1006966389	0.1382692222	-0.0430782978	0.0751264043	-0.0157194455	-0.0582285042	-0.0365036785	0.0996631912	-0.0766222668	-0.0251312	0.0141777999999999	0.0002010100128399	0.00063157721344	0.0280357	-0.0127297	0.00078600047449	0.00016204526209	0.0643816	-0.0018891	0.0041449904185599	3.5686988100000177e-06	-0.000631008	0.000696442	4.85031459364e-07	3.9817109606399993e-07	-0.00441908	-3.495999999999968e-05	1.95282680464e-05	1.2222015999999775e-09	-0.00121706	0.0004077199999999	1.662355983999999e-07	1.4812350436e-06	0.0	0.0	0.0	0.0	0.0	0.0	0.0	0.0	0.0	0.0	0.0	0.0	0.0	0.0	0.0	0.0	0.0	0.0	0.0	0.0	0.0	0.0	0.0	0.0	0.0	0.0	0.0	0.0	0.0	0.0	0.0	0.0	0.0	0.0
67998.30164775981	29.47222966623667	868.612321499401	4623769026.979735	89178.29638671875	910.835122352786	7952768546.437454	829620.6201114149	65838.34009351023	101.5217191496049	4334687026.268716	10306.659459091255	70353.62547775633	73684.5796519844	1.265932	22.626982	0.0648439499999999	0.0347703	-0.0975816021	0.0538973212	0.0185571443	-0.0213700492	0.0651294412	0.0938853352	0.0065191797	-0.0429830619	-0.0005824363	-0.0393940961	0.1274057525	-0.0215003384	0.1050874854	-0.0016689403	-0.0365407498	0.040705736	-0.0851431765	0.0792491243	0.0341751036	-0.0234341225	-0.0022756978	0.053644884	-0.0674456704	-0.2143188486	0.041010146	0.1513272316	0.072641581	0.0154901972	-0.0895471879	0.0476915188	0.0364519808	0.0123401245	0.0236266043	-0.0830920112	-0.082247231	0.1411891201	0.0151695637	0.0113701942	-0.0407346547	0.0765220686	0.040221121	0.0285009736	-0.0584823495	0.0496795327	-0.1006024961	-0.0455299581	0.0387078924	0.0291701417	-0.0142039865	0.0866902545	0.0521794266	0.0692467623	-0.028934046	-0.0867111648	-0.0952837248	0.0899841313	-0.0586802717	0.0306797852	-0.0040071997	-0.1185187021	0.0066688352	0.0277085686	0.0990803604	0.1422576234	-0.0289662386	0.0177100521	-0.1255876784	0.0665678581	-0.0118995576	0.0045867892	-0.0196267722	0.0889036737	0.0024797582	0.0592774929	-0.0596172234	-0.0333134626	0.0983325849	-0.0809641079	-0.0255689	-0.0004376999999999	1.915812899999993e-07	0.0006537686472099	0.0519953	0.0239596	0.00270351122209	0.00057406243216	0.0522062	-0.0121753999999999	0.00272548731844	0.0001482403651599	-0.000416193	0.0002148149999999	4.614548422499999e-08	1.73216613249e-07	-0.004093	0.0003260799999999	1.6752649000000004e-05	1.0632816639999965e-07	-0.00124159	-2.453000000000004e-05	6.017209000000018e-10	1.5415457281000003e-06	0.0	0.0	0.0	0.0	0.0	0.0	0.0	0.0	0.0	0.0	0.0	0.0	0.0	0.0	0.0	0.0	0.0	0.0	0.0	0.0	0.0	0.0	0.0	0.0	0.0	0.0	0.0	0.0	0.0	0.0	0.0	0.0	0.0	0.0
67891.02160917845	-107.28003858136071	11509.006678018242	4609190815.137936	88411.7347270871	-766.561659631654	7816634837.452818	587616.7780172358	65853.28865788842	14.948564378195442	4336655627.059176	223.4595769690537	70410.80747735639	73911.87672818513	1.513493	27.051821	0.0668625	0.0398325	0.0486157067	-0.120983758	0.0540999877	-0.0153571462	0.0387574398	-0.1179663086	-0.0807794338	-0.0669309483	-0.0255651022	-0.1479060938	-0.0704147096	0.0952547158	0.0709727884	0.0203847039	0.0661261822	-0.0330257442	0.0824063313	-0.0491718116	-0.091285639	0.0408836469	-0.1396967062	-0.0789733643	0.008998556	-0.013560934	-0.1312578378	0.0749029579	-0.0262464585	-0.0157926754	-0.1053646452	-0.0517190208	0.0707607226	0.1507147168	-0.0669859332	-0.0035677274	0.2069923238	0.0214999998	-0.0472291187	0.0033539914	0.0201578499	-0.0106821665	-0.0624846483	0.1300822012	0.0336420534	-0.1709243663	0.1025477399	-0.1076173358	0.0672773666	-0.0835378508	0.1065811823	-0.1007606013	0.0311411933	-0.0660249423	0.0396046474	-0.012352511	-0.0526210463	-0.1317434864	0.1508233872	0.0327296202	-0.0045595187	-0.1319762681	-0.1205810172	-0.0625739961	0.1236567983	-0.0043091698	-0.1592151365	0.050031717	0.135533318	-0.0568846323	-0.0346619077	0.1327454387	-0.0738404248	-0.0241711335	-0.0531069825	-0.0552971672	-0.0609896438	-0.030086819	0.0967600744	-0.0849519136	-0.0256108	-4.190000000000096e-05	1.7556100000000805e-09	0.00065591307664	0.0456659	-0.0063293999999999	0.00208537442281	4.006130435999999e-05	0.0854013	0.0331951	0.00729338204169	0.0011019146640099	-0.000646925	-0.000230732	5.3237255824000024e-08	4.185119556250001e-07	-0.00404268	5.03200000000004e-05	1.63432615824e-05	2.53210240000004e-09	-0.00150646	-0.0002648699999999	7.015611689999999e-08	2.2694217316e-06	0.0	0.0	0.0	0.0	0.0	0.0	0.0	0.0	0.0	0.0	0.0	0.0	0.0	0.0	0.0	0.0	0.0	0.0	0.0	0.0	0.0	0.0	0.0	0.0	0.0	1.0	0.0	0.0	0.0	0.0	0.0	0.0	0.0	0.0
67896.9720774871	5.950468308641575	35.40807309214773	4609998817.291062	88102.5422443989	-309.1924826882023	7762057949.926091	95599.99135089428	65585.41261389067	-267.87604399774864	4301446347.73429	71757.57494788377	70357.28680603168	74552.25080458475	1.233186	22.041683	0.12489645	0.0684755	0.0437201778	0.0326714499	0.0057097721	0.0968498761	-0.0615229834	0.0169037902	-0.1419159088	-0.0530203592	0.0249895368	0.0461585207	-0.0514596807	-0.0685372153	0.0157543412	-0.0519937122	0.003977315	0.0899154745	-0.0064570598	-0.0707785362	-0.0283131466	0.0038336344	-0.0141686289	-0.0430685618	-0.0013076217	-0.0192341572	-0.0553219264	0.1301159227	0.0006730658	-0.0395184312	0.1951462238	-0.0103383622	0.0384011296	-0.0704713973	-0.124383298	-0.059376997	-0.0690029381	-0.1589819633	0.0040283913	-0.0638997814	0.0391254335	-0.0426095596	0.0021010732	-0.0707142343	0.1568910586	0.0215847765	0.0817730093	0.0699484954	0.023686942	0.1599993472	0.0184818049	0.0959768528	-0.0183299286	-0.0786317423	-0.019253015	-0.1516490917	-0.0736427638	-0.0299620866	0.0784033383	-0.0194014989	0.0366494802	-0.0780549578	-0.0249160924	-0.0174056892	-0.0481582322	-0.1330708972	0.0898222584	-0.0140599315	-0.054670011	-0.0318658396	0.0633342624	0.0001885085	0.076766194	-0.0040379307	-0.0089593766	-0.0106281662	-0.0623453902	-0.0268272759	0.0949495281	-0.0885682462	-0.038643	-0.0130321999999999	0.0001698382368399	0.0014932814489999	0.0607126	0.0150466999999999	0.00368601979876	0.0002264031808899	0.0406296	-0.0447717	0.00165076439616	0.0020045051208899	0.000131052	0.000777977	6.05248212529e-07	1.7174626704e-08	-0.00423761	-0.00019493	1.79573385121e-05	3.7997704900000107e-08	-0.00157447	-6.800999999999986e-05	4.625360099999981e-09	2.4789557809e-06	0.0	0.0	0.0	0.0	0.0	0.0	0.0	0.0	0.0	0.0	0.0	0.0	0.0	0.0	0.0	0.0	0.0	0.0	0.0	0.0	0.0	0.0	0.0	0.0	0.0	0.0	0.0	0.0	0.0	0.0	0.0	0.0	0.0	0.0
67891.98524075963	-4.986836727461196	24.868540546355888	4609321659.931524	89452.26612740509	1349.723883006198	8001707915.328104	1821754.5603573285	65610.64085977462	25.22824588394724	4304756194.030327	636.4643903809008	70309.21196180054	75064.6721552148	1.296601	23.175154	0.02804319	0.0140138	-0.0969246862	-0.0006875115	-0.0704417653	0.0778667182	0.0705727965	0.0614904253	-0.1146086439	-0.0040006305	-0.0988357239	0.0544806289	0.0053994041	-0.1161281759	-0.0758209902	-0.023385816	0.1048663314	0.0608935512	-0.0092908515	-0.014789724	-0.0278614964	-0.0899552092	-0.0706076128	-0.1159459109	0.0465999016	0.142748713	-0.0632602995	0.0082540674	0.0566879361	-0.0411438318	0.0167708245	-0.0395695269	-0.0131051747	-0.0264645362	0.0482804384	-0.0521599211	-0.0336698	0.0117222207	-0.0925198995	0.0186875985	0.1729546376	0.1253735478	-0.0139330354	-0.0269984162	-0.0333216591	0.0013814692	-0.0318052388	0.0036355732	-0.0981080988	0.1639729062	0.0161450123	-0.0164494346	-0.0493499513	0.0253096806	0.0053012365	-0.0008422427	-0.0124513073	0.0034293597	0.1099450181	0.0120933438	0.1137180378	-0.0143540031	-0.0264956438	0.0212598447	-0.0801429607	-0.0242635385	-0.0337243929	-0.0708424536	-0.121662194	-0.001730066	0.0080919525	-0.1003028922	0.0729497134	-0.0032967653	-0.0262819237	-0.0214844962	-0.063684092	-0.0235383975	0.0929054001	-0.0917972923	-0.042677	-0.004034	1.6273156000000022e-05	0.001821326329	0.0570896	-0.003623	0.0032592224281599	1.3126129000000007e-05	0.0406414	1.1799999999999313e-05	0.00165172339396	1.3923999999998374e-10	-6.30758e-05	-0.0001941278	3.768560273284e-08	3.97855654564e-09	-0.00414554	9.207000000000052e-05	1.71855018916e-05	8.476884900000096e-09	-0.00145318	0.0001212899999999	1.4711264099999954e-08	2.1117321124000004e-06	0.0	0.0	0.0	0.0	0.0	0.0	0.0	0.0	0.0	0.0	0.0	0.0	0.0	0.0	0.0	0.0	0.0	0.0	0.0	0.0	0.0	0.0	0.0	0.0	0.0	0.0	0.0	0.0	0.0	0.0	0.0	0.0	0.0	0.0
67817.34292669354	-74.64231406609179	5571.475049141083	4599192001.63675	87845.7793412642	-1606.4867861408857	7716880948.074081	2580799.794045272	65590.41453204924	-20.226327725380543	4302102478.486056	409.1043332544977	70261.82290990064	73927.47326508877	1.344375	24.029051	0.1030634099999999	0.0600413	0.0520292977	-0.0843249998	-0.0563189584	-0.0233547181	-0.0125049978	-0.1052811059	-0.0202695401	0.0363675862	-0.0727693531	0.0741443165	-0.0595501154	0.0411032442	0.0502955794	-0.0454258666	-0.0885930067	-0.0229394765	-0.0532612719	0.0840308899	0.0873303272	-0.1194214768	-0.0640544757	0.0094168048	-0.0486272044	0.1273378304	0.0352041232	0.0988689577	0.0263299112	0.0292316595	0.0091865739	-0.0412914986	-0.0213310311	-0.091787569	-0.0074988122	0.0989513732	0.1017808501	-0.0640832219	-0.003292595	0.1508403852	-0.063296961	-0.0413070659	0.0106537397	0.0680802379	0.1255313406	-0.0304538664	0.0904492815	0.0342464126	-0.1043847819	-0.0412882696	-0.0179193767	0.0318749093	0.0210469947	0.0791688955	-0.0633298325	-0.0162336407	-0.1084001627	0.1245839382	0.0467868248	-0.0724433393	0.1206139225	-0.0582278624	0.0861805867	0.0174340865	-0.0056784161	-0.0388149517	-0.1005856893	0.0195035617	-0.0090596475	-0.1305521218	0.0107109666	0.0682496364	0.0816111764	-0.0052581955	0.0263752718	-0.0527773081	-0.0650053833	-0.0202237803	0.0906327191	-0.0946249323	-0.0335012	0.0091757999999999	8.419530563999997e-05	0.00112233040144	0.0375427	-0.0195469	0.00140945432329	0.0003820812996099	0.0406599	1.8499999999997685e-05	0.0016532274680099	3.4224999999991437e-10	-0.00102663	-0.0009635542	9.2843669633764e-07	1.0539691569e-06	-0.00407255	7.298999999999934e-05	1.6585663502500004e-05	5.3275400999999045e-09	-0.00190308	-0.0004498999999999	2.0241000999999985e-07	3.6217134864e-06	0.0	0.0	0.0	0.0	0.0	0.0	0.0	0.0	0.0	0.0	0.0	0.0	0.0	0.0	0.0	0.0	0.0	0.0	0.0	0.0	0.0	0.0	0.0	0.0	0.0	0.0	0.0	0.0	0.0	0.0	0.0	0.0	0.0	0.0
67816.75605358889	-0.5868731046502944	0.3444200409618754	4599112401.631986	87257.1741469202	-588.6051943440107	7613814440.105958	346456.0748087506	65597.9245973865	7.510065337264677	4303087711.4844055	56.40108136998442	69930.7259926506	73469.91627722087	1.163083	20.788681	0.0822857	0.0429874	0.0723039386	0.0883333925	-0.0359635872	-0.0843310702	-0.0939066591	0.039126313	0.0402830098	0.067681391	0.0500331473	0.0640762543	0.0397730408	0.0140198833	0.0351160605	0.1137082679	0.0411745603	-0.0101297003	0.0906180249	0.0604056552	-0.0306416024	-0.0337342546	0.0744144378	-0.0265889692	-0.0477741064	0.0317770226	-0.028518097	-0.0587181774	-0.0101829756	0.0054113114	-0.0121951612	-0.0090804907	-0.151827433	-0.0353653396	-0.0374028762	-0.0800754192	0.0455571833	0.0355594491	0.0293509606	0.0838431712	0.0632955065	0.0256246617	-0.0591334596	-0.0098390924	-0.0268785461	-0.0219018424	-0.051409921	0.0776620393	0.0384745406	-0.0761728909	-0.023449801	-0.0730528991	-0.0545554063	0.0189818691	0.0478271678	-0.1182626973	0.0024775712	0.0434340705	0.0464996056	-0.0666698425	0.0322240122	0.0909557665	-0.0883812975	-0.0827850949	0.0095768326	-0.0813358864	0.0106028354	-0.0247143188	0.0281100639	0.0507934556	-0.1277423338	-0.0073216135	0.0684961619	0.0338945667	-0.0594353936	-0.0560285495	-0.0663089027	-0.0168870486	0.088137076	-0.0970388015	-0.0427081	-0.0092068999999999	8.476700760999995e-05	0.0018239818056099	0.0302436	-0.0072990999999999	0.0009146753409599	5.327686080999999e-05	0.0541863	0.0135264	0.00293615510769	0.00018296349696	-0.000260244	0.000766386	5.87347500996e-07	6.772693953600001e-08	-0.00407255	0.0	1.6585663502500004e-05	0.0	-0.0016244	0.0002786799999999	7.766254239999996e-08	2.63867536e-06	0.0	0.0	0.0	0.0	0.0	0.0	0.0	0.0	0.0	0.0	0.0	0.0	0.0	0.0	0.0	0.0	0.0	0.0	0.0	0.0	0.0	0.0	0.0	0.0	0.0	0.0	0.0	0.0	0.0	0.0	0.0	0.0	0.0	0.0
67811.53577807128	-5.220275517611299	27.251276479771917	4598404384.580642	88165.26209404055	908.0879471203516	7773113440.110863	824623.7197052545	65809.6191356298	211.6945382432896	4330905970.776651	44814.57752203959	70281.79388742542	73014.11035423898	1.364327	24.385662	0.0845978	0.0493658	-0.0346107293	0.0966979189	0.0875222096	0.018745382	-0.0204090509	0.0734635227	-0.091307116	-0.0021033453	0.0940669072	-0.0897138989	0.0023173121	-0.0842582604	0.0440005543	-0.0353846986	-0.0197062562	0.0757475641	0.0222876667	-0.0324478668	0.009432205	0.0728625942	0.0548143144	-0.0863844529	-0.0341371788	0.0500584756	-0.0620556853	0.0759126574	0.0746580327	0.0022280884	0.0960404016	0.0116119936	-0.0467435975	0.0142207295	-0.0670083108	0.109100478	-0.0250343499	0.0061184095	0.0653479308	-0.0420175933	0.0421203056	-0.0139902396	0.1294100472	-0.001455579	-0.0231198367	0.0470262392	-0.0255728462	-0.0512783534	0.1229824605	0.0980221468	0.0327096584	0.0011393747	-0.0331302449	-0.0043704888	-0.0252973831	0.0461051785	-0.1049536865	0.0607586867	0.0062529187	-0.0079691126	-0.0275331965	0.0103826987	0.0472916133	-0.1456054448	-0.025657704	-0.0793021207	0.0610825917	-0.0436171873	-0.0498545762	-0.1013257233	-0.0549893253	0.0612732409	0.0029222627	0.0297427191	0.0963695031	0.0616937726	-0.0675942939	-0.0135318513	0.0854246103	-0.0990283447	-0.0427075	5.999999999964367e-07	3.5999999999572413e-13	0.00182393055625	0.0572997	0.0270561	0.00328325562009	0.00073203254721	0.0783394	0.0241531	0.00613706159236	0.00058337223961	-0.000917354	-0.00065711	4.317935521e-07	8.41538361316e-07	-0.00407255	0.0	1.6585663502500004e-05	0.0	-0.00161375	1.0650000000000067e-05	1.1342250000000148e-10	2.6041890625e-06	0.0	0.0	0.0	0.0	0.0	0.0	0.0	0.0	0.0	0.0	0.0	0.0	0.0	0.0	0.0	0.0	0.0	0.0	0.0	0.0	0.0	0.0	0.0	0.0	0.0	0.0	0.0	0.0	0.0	0.0	0.0	0.0	0.0	0.0
67876.22360515839	64.68782708710933	4184.514973251755	4607181730.897461	89095.97915321539	930.7170591748436	7938093501.270191	866234.2442390693	65751.51631933344	-58.10281629634847	4323261898.291573	3375.937261567217	70425.80256071377	74777.94074201993	1.449091	25.900726	0.1215672749999999	0.071351	-0.0515145193	-0.0882442887	-0.0109049513	0.0709547433	0.0682265522	0.0234846162	-0.0919762561	-0.0015323047	-0.1231459931	-0.0277985433	0.0235263892	0.0768198002	-0.0765561285	0.0628132236	0.0940884226	0.0719685054	-0.0643624538	0.063578921	-0.0592392388	-0.2048607311	0.029373011	-0.0065873317	0.0573495225	0.1178662699	0.0106348404	0.0540285143	0.0351144127	-0.1377033691	-0.0159788317	0.1026234428	0.0157089666	-0.071201358	-0.0411759828	0.0682633328	0.0873457975	-0.0873053568	-0.0344076576	-0.1495070893	-0.0773466607	-0.1229666201	-0.1356656516	-0.0185642575	0.0395185503	-0.0141827494	0.0096739013	-0.0425552148	-0.111911293	0.0645983057	0.1399359239	0.0119074013	0.0875779674	0.0462574553	0.086523867	-0.0853661462	0.053681193	0.0603037057	0.0736478764	-0.0165540072	0.0140209407	0.1027990756	0.0879433978	-0.0747853614	-0.0408766655	0.0268096754	-0.1540941981	0.114937113	-0.0593775716	0.0091507899	0.001491602	0.0118208891	-0.1214394087	0.0509427205	-0.0079943272	-0.1931348904	-0.0688612056	-0.010161857	0.0825019948	-0.1005848622	-0.0427038	3.700000000002313e-06	1.3690000000017112e-11	0.00182361453444	0.0671812	0.0098814999999999	0.00451331363344	9.764404224999987e-05	0.0405157	-0.0378237	0.00164152194649	0.00143063228169	8.37035e-05	0.0010010575	1.00211611830625e-06	7.00627591225e-09	-0.00425933	-0.00018678	1.8141892048900003e-05	3.4886768400000045e-08	-0.00190308	-0.0002893299999999	8.37118489e-08	3.6217134864e-06	0.0	0.0	0.0	0.0	0.0	0.0	0.0	0.0	0.0	0.0	0.0	0.0	0.0	0.0	0.0	0.0	0.0	0.0	0.0	0.0	0.0	0.0	0.0	0.0	0.0	0.0	0.0	0.0	0.0	0.0	0.0	0.0	0.0	0.0
67809.08479685865	-67.13880829974369	4507.619579909731	4598071980.987566	87668.69902000742	-1427.280133207969	7685800787.86065	2037128.5786501572	65594.28824828165	-157.22807105179527	4302610650.79866	24720.666326668383	70282.4003943839	73661.84125424977	1.197143	21.397451	0.0738847749999999	0.0420324	0.0619317609	-0.0105951532	-0.0216813606	0.0327769986	-0.0271212995	-0.0896126795	0.0700639764	0.00310934	-0.0975261449	0.0563255417	-0.0194699774	0.0914161212	0.0954117153	0.0806744155	-0.0871881772	-0.0581170757	-0.0374211046	-0.0031937673	-0.1697150017	-0.1368761178	-0.0290649845	0.0074942773	-0.0617793643	0.0671188271	-0.0346224942	0.11197037	-0.0483912357	-0.1420764984	-0.0497543989	-0.10841721	-0.061353537	0.0855037413	0.0322360862	0.0261892968	0.0275205058	0.1297012927	0.05909744	-0.2041396332	-0.0773646098	-0.0870809541	0.0244586035	-0.0650223192	-0.0055107006	0.061382207	0.0601034401	0.0470303003	-0.0744290467	-0.0480794112	-0.0613081746	0.0697694752	0.1646380917	0.0580174101	0.087186117	-0.1254157493	0.0372173813	-0.0121834047	0.1502941643	-0.007421552	-0.0810146224	-0.1080897604	0.2355038487	-0.0315361716	-0.0421712414	-0.0237737946	-0.0091707543	-0.0079390548	-0.09373738	0.0649525925	-0.1014237539	0.1112359629	-0.0466929095	-0.1133600953	-0.031647499	-0.0020743977	-0.0701092912	-0.0067807509	0.0793764193	-0.1017015476	-0.0426512	5.259999999999987e-05	2.766759999999986e-09	0.00181912486144	0.0545824	-0.0125987999999999	0.00297923838976	0.0001587297614399	0.0404875	-2.819999999999906e-05	0.00163923765625	7.952399999999468e-10	0.000804297	0.0007205935	5.1925499224225e-07	6.468936642090001e-07	-0.00453332	-0.00027399	2.0550990222400003e-05	7.50705201e-08	-0.00167356	0.0002295199999999	5.2679430399999996e-08	2.8008030736e-06	0.0	0.0	0.0	0.0	0.0	0.0	0.0	0.0	0.0	0.0	0.0	0.0	0.0	0.0	0.0	0.0	0.0	0.0	0.0	0.0	0.0	0.0	0.0	0.0	0.0	0.0	0.0	0.0	0.0	0.0	0.0	0.0	0.0	0.0
67871.54201741697	62.45722055832448	3900.90439987119	4606546215.821998	89018.65662125517	1349.9576012477482	7924321226.652937	1822385.5251665744	65760.48291640026	166.19466811860912	4324441113.39817	27620.66771105463	70128.76584602338	73415.48470734777	1.469843	26.271627	0.1069175	0.0678706	-0.0940765204	0.0882259807	-0.0186985801	-0.0708757214	0.0591720185	0.0974616634	0.0942688025	-0.0206453201	0.0463537849	-0.0285279354	0.0904256992	-0.0384767611	0.0809357886	-0.0353472503	-0.0063111976	-0.0033383194	0.0398176763	-0.0452013069	0.1498987368	-0.0361461639	-0.1263377667	-0.0939857356	-0.0064718951	0.0065316434	-0.0782820008	0.0146321456	-0.1257984088	0.0546335347	-0.0797994632	0.0345216147	-0.0592580135	0.0102281322	-0.0366183711	-0.0069994579	-0.0897719204	0.033541031	-0.0599029886	-0.0002038163	0.02298405	0.0273574928	0.0401496176	-0.0571380241	0.0865644794	0.0544217005	-0.1309183927	-0.0246363926	0.0479852474	-0.013444256	-0.0530635828	0.0013995593	0.0094352936	0.0028044481	-0.0490220209	0.1088994717	-0.1006552272	0.027665271	-0.0354960091	0.0303078065	-0.0341517538	-0.130103725	0.0931614234	-0.0026092998	-0.0927341462	-0.1178652541	-0.0499523815	-0.1276771926	0.0161334311	0.1494105524	0.0143913535	0.036446209	0.038732981	0.1162076669	-0.0614530288	-0.0018661085	-0.0713382097	-0.0033922301	0.0760555728	-0.1023735181	-0.0329085	0.0097427	9.492020329e-05	0.00108296937225	0.0500147	-0.0045677	0.00250147021609	2.0863883290000007e-05	0.0815121	0.0410246	0.00664422244641	0.00168301780516	-0.000124393	-0.00092869	8.624651161000001e-07	1.5473618449000003e-08	-0.00447793	5.539000000000065e-05	2.00518570849e-05	3.0680521000000718e-09	-0.00172113	-4.7570000000000034e-05	2.2629049000000033e-09	2.9622884769e-06	0.0	0.0	0.0	0.0	0.0	0.0	0.0	0.0	0.0	0.0	0.0	0.0	0.0	0.0	0.0	0.0	0.0	0.0	0.0	0.0	0.0	0.0	0.0	0.0	0.0	0.0	0.0	0.0	0.0	0.0	0.0	0.0	0.0	0.0
67789.20935204043	-82.33266537653981	6778.667788005277	4595376904.574766	88460.15392763753	-558.5026936176437	7825198832.901325	311925.2587781636	65724.49209758632	-35.99081881393795	4319708861.485686	1295.3390388977098	70406.068328552	73719.75942769155	1.47915	26.437981	0.10819235	0.0642712	-0.006842964	-0.1232243057	0.0431170774	-0.0053692943	0.0586527744	-0.1289343725	-0.1178081407	-0.0057032599	0.0887871446	-0.1059241112	-0.0690365221	-0.1030579486	0.0831275741	-0.0168663314	0.0492024807	-0.0422077782	0.1091156269	0.0765003387	-0.0584494757	0.0325934452	0.1402780849	-0.0740197805	0.1905154088	-0.0444516171	0.0131310647	0.0331947293	0.037116019	-0.0645615019	0.0062002145	0.0411542662	0.0057955009	-0.0619907484	0.1509528775	-0.0887423051	0.0556598996	-0.0770428721	0.0711186504	0.0889504484	0.0422940567	0.0736560751	0.1347865952	-0.0279780116	0.053006249	0.067725129	0.092079848	-0.121110237	0.0137735206	0.0465671673	-0.0426673176	-0.1170995205	-0.0393197736	0.0245776037	-0.0684903642	-0.0941050421	-0.1516560341	0.1124904668	0.0520541505	0.098917355	-0.1657204578	0.0733739714	-0.1128243143	-0.0201016336	-0.043697632	0.0186242321	0.098170609	0.0047276725	-0.1669099112	-0.0546610214	0.0588512804	-0.1287432292	0.030579994	-0.1109480409	0.0039895962	-0.0718283453	-0.072547625	0.0	0.072547625	-0.1025978352	-0.042659	-0.0097505	9.507225025000004e-05	0.001819790281	0.035787	-0.0142277	0.001280709369	0.00020242744729	0.0987004	0.0171882999999999	0.0097417689601599	0.0002954376568899	-0.00119478	-0.001070387	1.1457283297690003e-06	1.4274992484000002e-06	-0.00456611	-8.81800000000002e-05	2.08493605321e-05	7.775712400000035e-09	-0.00190308	-0.0001819499999999	3.3105802499999984e-08	3.6217134864e-06	0.0	0.0	0.0	0.0	0.0	0.0	0.0	0.0	0.0	0.0	0.0	0.0	0.0	0.0	0.0	0.0	0.0	0.0	0.0	0.0	0.0	0.0	0.0	0.0	0.0	0.0	0.0	0.0	0.0	0.0	0.0	0.0	0.0	0.0
67710.17163297474	-79.03771906568727	6246.961035106505	4584667342.566897	86913.91845299587	-1546.2354746416531	7554029220.854016	2390844.1430402985	65457.16213934623	-267.32995824009413	4284640075.336661	71465.30657265047	69982.46617590454	74210.70493382835	1.366536	24.425156	0.092364	0.0549441	0.0782627952	0.0233663309	-0.0228958104	0.1265586518	-0.1026870515	0.0082917302	-0.0280982412	0.0609184237	0.0726882527	0.0954349587	-0.1100817263	-0.1162627086	0.0538161689	-0.0339863298	0.0001173812	0.031278527	0.0833604969	0.0378987153	0.0177121008	0.0894689442	-0.0592475821	0.0694279983	-0.0408697084	0.0676521161	-0.0190744914	-0.0615062236	-0.0316206424	0.0280474987	-0.1350436773	0.0221628246	-0.0403119697	0.0239118524	0.0681710486	0.0313613527	-0.0418818967	0.0703565035	-0.0979895249	0.0254732777	-0.0905531665	0.0535111667	-0.1134105605	0.0088896587	0.0197502162	-0.016352278	0.0512685033	0.1132792	0.0441183542	0.0028441697	-0.1368890358	-0.0434566136	-0.1082917977	0.023288711	-0.0018263386	0.0410026315	0.0744672729	0.0575302634	0.0690622427	-0.0242048874	0.0057088033	-0.042339852	-0.0121002229	0.0913360387	0.0263136186	-0.0520274875	-0.0566524211	-0.07609884	0.0753431893	0.1050633963	-0.0561736502	9.5948e-05	0.0200510792	0.0311035285	-0.0589852885	0.0124589602	-0.0737372065	0.0033922301	0.0688612056	-0.1023735181	-0.0426284	3.060000000000562e-05	9.363600000003442e-10	0.0018171804865599	0.0568907	0.0211037	0.00323655174649	0.00044536615369	0.0791969	-0.0195034999999999	0.00627214896961	0.0003803865122499	-0.000393796	0.000800984	6.415753682560001e-07	1.5507528961600005e-07	-0.00459379	-2.7680000000000413e-05	2.1102906564100003e-05	7.661824000000227e-10	-0.00169722	0.0002058599999999	4.237833959999999e-08	2.8805557284e-06	0.0	0.0	0.0	0.0	0.0	0.0	0.0	0.0	0.0	0.0	0.0	0.0	0.0	0.0	0.0	0.0	0.0	0.0	0.0	0.0	0.0	0.0	0.0	0.0	0.0	0.0	0.0	0.0	0.0	0.0	0.0	0.0	0.0	0.0
67826.34864224444	116.177009269697	13497.097482851264	4600413570.139295	88450.17926782025	1536.2608148243744	7823434212.509539	2360097.291164851	65576.2145190617	119.05237971547469	4300239910.649999	14173.469115917564	70010.28106882097	73551.7862806002	1.571202	28.0833	0.055352075	0.0288119	-0.1053059048	0.0619123211	-0.0467939816	0.0231338018	0.0384893591	0.0755619238	0.010949954	0.0150248175	-0.0218080939	0.1032462439	0.0910089756	0.0808297422	0.0454803202	-0.0445566204	0.0714829276	0.0893513642	0.0684089974	0.026380871	0.0669884854	-0.1212652854	0.0362781678	0.0253501211	-0.1427921391	0.0660984343	0.1591156555	0.1911167156	-0.0350549845	0.0316668119	-0.0238312399	-0.0276643868	0.0226765739	-0.102130327	0.0332228799	0.0434238341	-0.0645992417	-0.0430252122	-0.0319375437	-0.0051369056	0.0003090587	0.0488962386	0.0983898913	0.0125439596	0.0309139852	-0.011643696	-0.1188517382	0.063713892	-0.0688658871	-0.0047409492	0.0472063177	-0.0899229558	0.030443111	0.0262610609	-0.0939426161	-0.0203736414	-0.0020818902	0.1129600336	0.0195192064	-0.0825849417	0.0900750904	0.0064334552	0.1917825688	0.1082113327	0.0430533051	-0.0243247371	-0.0192787888	-0.026578857	-0.1172475099	-0.026619166	-0.041930132	0.1145307718	-0.0325734069	0.0990059509	0.0168447521	-0.062524077	-0.074906629	0.0067807509	0.0650053833	-0.1017015476	-0.042623	5.399999999995686e-06	2.9159999999953406e-11	0.001816720129	0.0493936	-0.0074971	0.00243972772096	5.620650841e-05	0.0816244	0.0024274999999999	0.00666254267536	5.892756249999996e-06	7.61155e-05	0.0004699115	2.2081681783225e-07	5.793569340250001e-09	-0.00482646	-0.0002326699999999	2.32947161316e-05	5.413532889999996e-08	-0.00190308	-0.0002058599999999	4.237833959999999e-08	3.6217134864e-06	0.0	0.0	0.0	0.0	0.0	0.0	0.0	0.0	0.0	0.0	0.0	0.0	0.0	0.0	0.0	0.0	0.0	0.0	0.0	0.0	0.0	0.0	0.0	0.0	0.0	0.0	1.0	0.0	0.0	0.0	0.0	0.0	0.0	0.0
67896.7870832249	70.43844098046247	4961.573967758095	4609973696.224776	88344.9558266884	-105.22344113184954	7804831220.019525	11071.972563627804	65803.67629575607	227.4617766943702	4330123814.03665	51738.859856959534	70281.4232507578	73634.22539695543	1.52629	27.28056	0.065836375	0.0394407	0.0272022099	-0.0751423368	0.0123994623	-0.0822082469	0.0210320652	-0.0767149648	-0.0544782179	-0.1312712871	0.0563361212	-0.1199217211	-0.0846709867	0.0697005086	0.0513359075	-0.063581902	0.1082635214	-0.0202316756	0.1195969149	0.1178674568	0.0477980225	-0.0237241067	-0.0460350259	0.1152306015	0.0181675565	-0.0046881052	0.0181610591	0.1408737958	-0.0669229241	0.0903120571	0.0394649457	0.1907706658	-0.0457935162	0.0005843988	-0.0696632573	-0.0419216207	0.0979179988	0.0023364561	0.0010488381	0.1240511326	-0.0544850627	0.0912978199	0.0577519806	0.0386934638	0.0558024993	-0.0275489406	0.0724609949	-0.0916592855	0.0886975524	-0.0984230918	0.0709987249	-0.1128874401	-0.059778943	0.0196674453	-0.0561961485	-0.080471949	-0.0216152582	0.1012847289	0.0874673242	-0.0521209993	-0.0576658228	-0.0842083191	-0.0802109254	0.1013786199	0.0133886255	-0.0777583932	-0.0931539221	0.0161358188	0.0235729254	0.079390146	0.0095025418	-0.106670941	-0.0678574275	0.1453661896	-0.0321786999	-0.0320891999	-0.0760555728	0.010161857	0.0609896438	-0.1005848622	-0.0373383	0.0052847	2.7928054090000034e-05	0.00139414864689	0.0616003	0.0122066999999999	0.0037945969600899	0.0001490035248899	0.0939838	0.0123594	0.00883295466244	0.00015275476836	-0.000603586	-0.0006797015	4.619941291022501e-07	3.643160593960001e-07	-0.00478645	4.0010000000000046e-05	2.29101036025e-05	1.6008001000000034e-09	-0.00190308	0.0	0.0	3.6217134864e-06	0.0	0.0	0.0	0.0	0.0	0.0	0.0	0.0	0.0	0.0	0.0	0.0	0.0	0.0	0.0	0.0	0.0	0.0	0.0	0.0	0.0	0.0	0.0	0.0	0.0	0.0	0.0	1.0	0.0	0.0	0.0	0.0	0.0	0.0
67753.04726122304	-143.73982200186583	20661.136429128077	4590475413.181522	87510.48475634362	-834.4710703447781	7658084942.290249	696341.9672423596	65572.52482117167	-231.15147458440333	4299756011.423175	53431.004202544056	70061.53165746488	73920.65636508822	1.187668	21.228107	0.10430865	0.05658	0.0722645864	0.0660469187	-0.0192187677	0.0473129453	-0.0940079909	0.0554931856	-0.0366876126	-0.0176179807	0.0355502962	0.0626879199	-0.0369701994	-0.0905788549	-0.0232515964	-0.0528568676	-0.0692460398	0.0265015658	0.0899571398	0.0714648469	0.0331634742	0.0972565854	0.0345939063	-0.0180263884	-0.0554079841	-0.0733750751	-0.0162191105	-0.0118683714	0.0031615055	-0.0856674058	0.0805690363	0.0022845138	-0.0405402162	-0.0094213351	0.0107087708	0.0359811808	0.0816528112	0.1998257096	-0.0088392109	-0.0512272207	-0.0579290164	-0.0938624793	-0.0682449534	0.0345944986	-0.0771563573	0.0541255991	0.0211981003	0.095931954	0.0467178126	0.0701311387	-0.0188885572	0.0178214094	-0.0873639951	-0.0488715556	-0.0034287807	0.0939981304	0.0008612726	0.0606757744	0.0286506689	-0.0167718649	-0.103734908	-0.0159994914	0.0180868187	-0.2001685998	0.0431626681	0.0573065462	0.0166569196	0.1516262288	0.065584242	0.0297689227	-0.0194386922	0.0030307538	0.0043008089	0.1072613718	-0.0210404092	0.1038318343	-0.0771837238	0.0135318513	0.0568238659	-0.0990283447	-0.028107	0.0092312999999999	8.521689968999996e-05	0.000790003449	0.0729591	0.0113588	0.00532303027281	0.00012902233744	0.0701812	-0.0238026	0.00492540083344	0.00056656376676	0.000228133	0.000831719	6.917564949610001e-07	5.2044665689e-08	-0.0049176	-0.00013115	2.418278976e-05	1.7200322500000004e-08	-0.00166763	0.0002354499999999	5.5436702499999955e-08	2.7809898169e-06	0.0	0.0	0.0	0.0	0.0	0.0	0.0	0.0	0.0	0.0	0.0	0.0	0.0	0.0	0.0	0.0	0.0	0.0	0.0	0.0	0.0	0.0	0.0	0.0	0.0	0.0	0.0	0.0	0.0	0.0	0.0	0.0	0.0	0.0
67940.64995453328	187.60269331024028	35194.770537256074	4615931916.244423	88615.20925272792	1104.7244963842968	7852655310.904756	1220416.212911538	65660.91846827047	88.39364709879737	4311356214.096862	7813.436847426729	70147.60607994732	74553.07336018492	1.403255	25.081465	0.09974085	0.0486631	-0.0831543745	-0.0625702884	-0.0859098127	0.0782962254	0.0487923456	0.0229945969	-0.0559359331	-0.0321992127	-0.053378329	0.0248476142	-0.0288594333	0.0205381754	-0.162796504	0.0068141177	0.0855948478	-0.0834344475	-0.0416153232	0.0720720703	-0.0316932586	0.061856448	0.0195344774	0.0299818358	0.0137748851	0.0397419737	-0.0129728091	0.0189902412	-0.080686214	0.1162095651	0.1094811203	0.0690354451	-0.1388294035	0.024399397	0.0106245449	-0.0243218964	-0.0674519063	0.0155082633	-0.0481788732	0.019492458	-0.0061031567	0.0615413372	-0.0905483866	0.0408920642	-0.0268386584	0.1027214628	-0.0157643706	-0.0083992627	-0.1142771626	-0.0340824267	0.0691111162	-0.0263582701	-0.1682833531	0.0806206591	0.0231703874	-0.0232569871	0.1282096345	0.0040065896	0.0211872486	0.0238177757	-0.0409959266	-0.0036423767	0.1107727154	-0.0115514875	-0.1339779966	-0.0477839362	0.0668350373	-0.0260801301	0.058806345	0.0374863558	-0.0965432709	-0.1167646332	-0.0020673185	0.0693717508	-0.0557448165	-0.011318265	-0.0782907735	0.0168870486	0.0525182979	-0.0970388015	-0.042641	-0.0145339999999999	0.0002112371559999	0.0018182548809999	0.061595	-0.0113641	0.0037939440249999	0.00012914276881	0.0339641	-0.0362171	0.0011535600888099	0.00131167833241	0.000432706	0.000204573	4.1850112329e-08	1.87234482436e-07	-0.00448057	0.00043703	2.00755075249e-05	1.909952209000005e-07	-0.00155672	0.00011091	1.2301028100000021e-08	2.4233771584e-06	0.0	0.0	0.0	0.0	0.0	0.0	0.0	0.0	0.0	0.0	0.0	0.0	0.0	0.0	0.0	0.0	0.0	0.0	0.0	0.0	0.0	0.0	0.0	0.0	0.0	0.0	0.0	0.0	0.0	0.0	0.0	0.0	0.0	0.0
67958.9703230514	18.32036851812154	335.63590263977886	4618421647.369381	87324.42862215909	-1290.7806305688282	7625555834.186558	1666114.6362516617	65582.05565656969	-78.86281170077564	4301006024.141404	6219.343069351995	70092.37791239655	74022.9517674478	1.376451	24.602362	0.07440138	0.0409209	0.0708660711	-0.010583314	-0.1221074384	-0.0521428039	-0.0702882203	-0.059964008	0.0915816826	0.024177522	-0.0286058476	0.0889193064	-0.0052900033	0.0468701798	0.0561280685	-0.0409996289	-0.0565123186	-0.1066329526	-0.0558777746	0.1813370423	0.0267314304	0.0374416915	0.0479258551	-0.0109030687	0.0839613678	-0.030443748	-0.1090242506	-0.000879547	-0.0607784154	0.0017124604	0.1217291156	-0.0053940343	0.1162236752	0.0558598885	-0.0632473621	0.0669137748	0.020003937	0.045799173	0.1111417171	-0.0637409578	0.0379009475	0.0732548444	0.0190365117	0.0688504273	0.0405284788	-0.0915978353	0.0209155417	0.0755892571	-0.050289066	-0.1013562556	-0.0612698511	0.0598208612	0.0405501597	0.1029137126	-0.0582052392	-0.0228489582	0.0320367026	0.0976459577	0.0631880698	0.0842969697	-0.0706361324	-0.0025426707	-0.0426453485	-0.0767827792	-0.0867032319	-0.078765109	0.0953367454	0.0541337233	0.0477668096	-0.0747008188	0.0440070162	0.0865282659	-0.0964274406	-0.0439352166	0.0193937564	0.1104609275	-0.0793764193	0.0202237803	0.0480835316	-0.0946249323	-0.0426573	-1.630000000000381e-05	2.6569000000012427e-10	0.00181964524329	0.037659	-0.023936	0.0014182002809999	0.0005729320959999	0.0510425	0.0170784	0.0026053368062499	0.00029167174656	1.65624e-05	-0.0004161436	1.7317549582096e-07	2.7431309375999995e-10	-0.00425523	0.00022534	1.81069823529e-05	5.077811560000004e-08	-0.00158265	-2.5929999999999963e-05	6.723648999999981e-10	2.5047810225e-06	0.0	0.0	0.0	0.0	0.0	0.0	0.0	0.0	0.0	0.0	0.0	0.0	0.0	0.0	0.0	0.0	0.0	0.0	0.0	0.0	0.0	0.0	0.0	0.0	0.0	0.0	0.0	0.0	0.0	0.0	0.0	0.0	0.0	0.0
68007.92606783005	48.955744778650114	2396.664946832328	4625078008.047438	87720.18532896436	395.756706805274	7694830914.147855	156623.3709813556	65890.67786924553	308.62221267583664	4341581430.068682	95247.67015692934	69989.40033499326	72869.75133707139	1.388004	24.808872	0.24457952	0.167172	0.051173844	0.107904301	-0.0369507933	-0.1432831976	-0.0584956087	0.0804052442	0.0873473396	-0.0343574503	0.1552041519	-0.0842440908	0.0514308426	0.0337592714	0.1002661638	0.020740007	-0.0003668627	0.0115676719	-0.0954357532	0.0003526824	-0.0287880267	0.1855486349	-0.0608255418	0.0325156474	0.0223632439	-0.0479696242	0.0195073175	-0.0335366174	-0.0030100996	0.0415470086	0.0401620249	0.04670232	0.0177864259	0.0515264495	0.1216153909	0.0404185006	-0.0348983698	0.0156346554	-0.1649347948	-0.0758631022	-0.1010821107	0.1177200422	0.0366527608	0.0172254315	-0.1304683953	0.0121576493	-0.1161826523	-0.0081759219	0.2309847557	-0.0953450871	0.0336241181	-0.0028166475	-0.0242063837	0.1695357365	0.0444984718	0.1173520165	0.0473543712	-0.0180982491	-0.0379704052	0.0274747363	-0.037876058	0.008654958	0.0396291956	0.0031279395	-0.0190465595	-0.0199956213	-0.0172056728	-0.0748630017	-0.0024231151	-0.059350897	0.049551915	-0.0105729477	-0.1366285686	-0.0501821611	-0.0601754983	0.1605490601	-0.0804403643	0.0235383975	0.0435304769	-0.0917972923	-0.0657571	-0.0230997999999999	0.0005336007600399	0.0043239962004099	0.0364859	-0.0011730999999999	0.00133122089881	1.3761636099999915e-06	0.116164	0.0651215	0.013494074896	0.00424080976225	-0.00279229	-0.0028088524	7.889651804985758e-06	7.7968834441e-06	-0.00446227	-0.00020704	1.99118535529e-05	4.286556160000015e-08	-0.00167046	-8.781000000000001e-05	7.710596100000002e-09	2.7904366115999995e-06	0.0	0.0	0.0	0.0	0.0	0.0	0.0	0.0	0.0	0.0	0.0	0.0	0.0	0.0	0.0	0.0	0.0	0.0	0.0	0.0	0.0	0.0	0.0	0.0	0.0	0.0	0.0	0.0	0.0	0.0	0.0	0.0	0.0	0.0
68068.93093661874	61.00486878868833	3721.594015925079	4633379358.854172	88027.8687330514	307.6834040870308	7748905673.683327	94669.07715058308	65655.59121743127	-235.0866518142575	4310656658.110438	55265.73386123794	70276.04743996283	74133.84970246961	1.316201	23.525482	0.1540703	0.0738522	0.0186164713	0.0350980155	-0.0796605304	0.0569203144	-0.0559916028	0.0383970961	-0.1225091926	-0.1426312801	0.0430429621	-0.0020872319	-0.0550670221	-0.1000416648	0.048725961	0.010326224	0.0464607473	0.116707914	-0.0356229375	-0.0864453835	0.0204234744	0.1227112422	-0.0280568664	-0.0429896106	0.0109348687	0.0693322604	-0.0815233314	0.0562354766	-0.1170813302	0.0582628071	-0.069113957	0.0693726616	0.0526286105	-0.1453534783	-0.0851324508	0.0076887369	0.0525982638	-0.0482728557	0.0292828648	-0.0819657954	-0.0921648368	-0.0132543231	0.1002465592	0.1247262404	-0.0881820277	-0.065712995	0.0342753818	0.0399201116	0.0982179878	0.1048194042	0.0508161812	0.0315631022	-0.0500286316	0.0434917676	0.0668856243	0.0978220383	-0.1340726546	-0.0391902224	0.0126283491	0.0096698978	-0.0581989791	0.0364366467	-0.0662358571	0.0267344093	0.0315419201	-0.1927419155	-0.1687497034	-0.0612619056	0.0943607104	-0.1121629389	0.0840830476	0.0722372838	-0.0158520713	0.0053516087	-0.0520859594	-0.0067147028	-0.0814823178	0.0268272759	0.0388703345	-0.0885682462	-0.0477415	0.0180156	0.00032456184336	0.00227925082225	0.064229	0.0277430999999999	0.0041253644409999	0.0007696795976099	0.0778043999999999	-0.0383596000000001	0.0060535246593599	0.00147145891216	-0.001978	0.0008142899999999	6.630682040999994e-07	3.912484000000001e-06	-0.00473831	-0.0002760399999999	2.24515816561e-05	7.619808159999999e-08	-0.00197917	-0.00030871	9.530186410000015e-08	3.9171138889e-06	0.0	0.0	0.0	0.0	0.0	0.0	0.0	0.0	0.0	0.0	0.0	0.0	0.0	0.0	0.0	0.0	0.0	0.0	0.0	0.0	0.0	0.0	0.0	0.0	0.0	0.0	0.0	0.0	0.0	0.0	0.0	0.0	0.0	0.0
67999.83999448629	-69.0909421324468	4773.558284749112	4623978239.275737	90545.43497183303	2517.566238781641	8198475794.238444	6338139.766653138	65740.8246633232	85.23344589193584	4321856027.413805	7264.740298613555	70523.89333140878	76886.82422363746	1.537083	27.473463	0.12394135	0.0841225	-0.0744756796	-0.0971989503	-0.1366301462	0.0794660195	0.154332725	-0.0130999403	-0.0395452917	-0.0319675236	-0.1186429699	-0.0596828797	0.0059847091	-0.1287893974	-0.1609030928	0.0561018029	0.0246806197	-0.075455345	-0.0263062331	0.016619715	-0.0697579732	0.0065867209	-0.0101707386	0.0109156226	0.0366738774	0.2022715823	-0.0656333161	-0.0385538038	0.1127488682	-0.04750824	0.0782676518	8.0751e-06	-0.082544666	-0.0466899123	0.043039005	-0.1704737382	-0.1254973051	0.0293243197	0.0460678434	0.0612597217	-0.033972959	0.0238218604	0.0541911326	-0.0686714693	0.0674707337	0.0948903874	0.0035392449	-0.0987156164	-0.1263156501	0.0962428714	-0.0222515114	0.0421267979	-0.0714904648	0.0471483936	0.1293656835	0.0599621099	0.0051676516	-0.1028060255	0.1137151239	-0.0444981606	-0.0281610254	0.0457448258	0.0019451694	-0.0558977112	-0.0535181162	-0.0148271849	0.0912820147	-0.0592352369	-0.0324244027	0.0236401777	0.0113812886	-0.1626685038	0.0423576298	-0.0918128011	0.1286877218	0.0270927404	-0.0825019948	0.030086819	0.0341145687	-0.0849519136	-0.0486941	-0.0009525999999999	9.07446759999996e-07	0.00237111537481	0.0724123	0.0081833	0.0052435411912899	6.696639889000007e-05	0.0469592	-0.0308451999999999	0.00220516646464	0.0009514263630399	-0.000572165	0.001405835	1.9763720472250005e-06	3.27372787225e-07	-0.00472611	1.2199999999999538e-05	2.2336115732100004e-05	1.488399999999887e-10	-0.001718	0.00026117	6.820976890000012e-08	2.951524e-06	0.0	0.0	0.0	0.0	0.0	0.0	0.0	0.0	0.0	0.0	0.0	0.0	0.0	0.0	0.0	0.0	0.0	0.0	0.0	0.0	0.0	0.0	0.0	0.0	0.0	0.0	0.0	0.0	1.0	0.0	0.0	0.0	0.0	0.0
67844.07595278451	-155.76404170178284	24262.436687274745	4602818641.887193	86802.39229968362	-3743.042672149415	7534655308.948174	14010368.445531432	65582.54425751278	-158.28040581042296	4301070111.288623	25052.686863512172	70125.95332722888	74430.43457112707	1.44604	25.846188	0.0687867999999999	0.0383451	0.098167503	-0.0118920604	-0.0806385968	0.0191296508	-0.0779828806	-0.0809074221	0.0997835386	0.0868458172	-0.0748777677	0.0236507805	-0.0731462723	0.0600295001	0.0318705072	0.0467106333	-0.0451099246	-0.0948246619	0.0189322689	0.0983460413	-0.1533813033	-0.0636129407	0.1179208024	0.0167485627	-0.0397252321	-0.0943928007	0.0005272592	-0.0836993114	0.0506977882	-0.0516454178	-0.0367069733	-0.0077972197	-0.1571198112	0.0700360714	-0.1009101893	0.0603520341	-0.0906903831	-0.0793728387	0.1653448505	-0.044429678	0.0098267773	0.096762686	0.1276607514	-0.0391602636	0.0731237911	-0.076591509	0.0704118945	0.0396662018	-0.0301365417	-0.09584867	-0.0672626667	0.0004602181	0.1090823276	0.0219096955	0.039341622	-0.0161351881	0.102359091	0.0243205287	0.0732079046	0.0782981789	-0.0740278698	0.0385933044	0.0440418123	-0.017516107	0.0810643306	0.0467511391	0.2298644762	-0.0240340326	-0.0838921538	0.0703102643	-0.1138475005	0.0731284091	-0.1093103123	0.0407570268	0.0933862728	-0.0696491997	-0.0834991166	0.0333134626	0.0292748789	-0.0809641079	-0.0578791	-0.009185	8.43642250000001e-05	0.00334999021681	0.0502779	-0.0221344	0.00252786722841	0.0004899316633599	0.0772829	0.0303237	0.00597264663241	0.00091952678169	-0.000524081	4.8084e-05	2.3120710559999994e-09	2.7466089456100005e-07	-0.00480743	-8.131999999999931e-05	2.31113832049e-05	6.6129423999998876e-09	-0.00170453	1.3469999999999802e-05	1.8144089999999462e-10	2.9054225209e-06	0.0	0.0	0.0	0.0	0.0	0.0	0.0	0.0	0.0	0.0	0.0	0.0	0.0	0.0	0.0	0.0	0.0	0.0	0.0	0.0	0.0	0.0	0.0	0.0	0.0	0.0	0.0	0.0	0.0	0.0	0.0	0.0	0.0	0.0
67831.69327826283	-12.382674521679292	153.33062830984548	4601138612.996326	88392.64397840263	1590.251678719011	7813259509.492639	2528900.4016686315	65490.71855019181	-91.8257073209752	4289034216.220437	8431.960524997397	69916.98151222094	73882.28936366108	1.367073	24.434746	0.02970845	0.0139401	-0.0352390705	0.1066084054	-0.0561019381	-0.0673445222	0.0118110356	0.0795202591	0.0565169242	0.0748426313	-0.0828856068	0.1152486414	0.0934843102	0.0168893573	0.103129371	-0.0630051579	0.0615227297	-0.0893782849	0.1169623539	-0.0129095998	-0.0837807927	0.0220474696	0.0345323102	0.0058467919	0.0562998416	0.0544907368	0.0128167421	0.0121340056	0.0281768969	0.080482075	-0.2020776223	0.0603044411	0.0048546387	-0.0043119814	0.0754385246	0.015167214	-0.1179965855	-0.0477968163	0.0092563975	0.0638754592	-0.0343750972	0.1091968553	-0.028150394	-0.0562874887	0.0108362797	0.0783984218	-0.1132744864	0.0873836163	-0.0301890922	-0.0491288824	-0.0374580554	-0.1003477716	0.0311093982	0.0361402767	-0.0835402287	0.0679291745	-0.0749235825	-0.0654717685	0.1149194564	-0.046162457	-0.1069906673	-0.0049309201	-0.0055324245	0.1549853888	0.0250219204	0.0376656796	0.055518742	-0.0980862495	0.0165208847	-0.0448498521	0.0202772102	0.0062288985	-0.0761038899	0.063044867	0.0030258825	-0.0179629759	-0.0844734105	0.0365036785	0.0243631711	-0.0766222668	-0.0657065	-0.0078273999999999	6.126819075999997e-05	0.00431734414225	0.044451	-0.0058269	0.0019758914009999	3.395276361000004e-05	0.0727402999999999	-0.0045426000000001	0.0052911512440899	2.0635214760000952e-05	-0.000663462	-0.0001393809999999	1.9427063160999985e-08	4.40181825444e-07	-0.00472256	8.486999999999991e-05	2.23025729536e-05	7.202916899999985e-09	-0.00169855	5.980000000000048e-06	3.5760400000000575e-11	2.8850721025e-06	0.0	0.0	0.0	0.0	0.0	0.0	0.0	0.0	0.0	0.0	0.0	0.0	0.0	0.0	0.0	0.0	0.0	0.0	0.0	0.0	0.0	0.0	0.0	0.0	0.0	0.0	0.0	0.0	0.0	0.0	0.0	0.0	0.0	0.0
67879.56670637843	47.87342811560666	2291.865119540158	4607635576.24568	89087.61109003745	694.9671116348181	7936602449.729763	482979.28625404177	65860.09994405371	369.381393861906	4337552764.640744	136442.6141313645	70394.58823118143	73487.63457181364	1.319966	23.592768	0.0743031	0.0367335	-0.1071793006	-0.0759698314	0.0345556891	-0.1009993549	0.1311641862	-0.0333391826	0.0077208001	0.0870662067	0.1605895895	-0.1204669903	0.0524438977	-0.0967567117	0.0179199318	-0.0282882472	-0.0726273983	-0.1164002193	0.0389941123	0.033323382	0.0857316161	0.0044202137	0.0033923596	0.0375460148	0.0037342012	0.1399109477	-0.0290874242	0.0612519405	-0.072898067	-0.0745391988	0.0467379199	0.0274403687	0.0362322721	0.035973397	0.0107653891	0.0328950215	0.0155194674	-0.0206044897	-0.0414181367	-0.1358398553	0.0391031459	0.0214047833	-0.0729045826	0.0668323794	-0.0432278044	0.066921261	-0.0470479975	-0.1529707079	0.0138247943	0.0365205614	-0.14326991	-0.0023296218	-0.0172158833	0.0433715595	-0.0410434696	0.0459909252	0.0041501235	-0.0527048669	0.0456269341	-0.1321165728	-0.0239098985	0.0430158193	0.0235040439	-0.0418894117	-0.106732084	-0.1347870748	0.0115871891	0.0781186395	0.0690213244	0.0288757067	0.0032664505	0.0623013122	-0.120827687	0.0078360586	-0.0218526467	0.041516862	-0.0854246103	0.0396539781	0.0193915285	-0.071945376	-0.0519375	0.013769	0.000189585361	0.00269750390625	0.0645778	0.0201268	0.00417029225284	0.00040508807824	0.0981211	0.0253808000000001	0.00962775026521	0.00064418500864	-0.000663462	0.0	0.0	4.40181825444e-07	-0.00485164	-0.00012908	2.35384106896e-05	1.6661646400000043e-08	-0.00187	-0.0001714499999999	2.939510249999995e-08	3.4968999999999995e-06	0.0	0.0	0.0	0.0	0.0	0.0	0.0	0.0	0.0	0.0	0.0	0.0	0.0	0.0	0.0	0.0	0.0	0.0	0.0	0.0	0.0	0.0	0.0	0.0	0.0	0.0	0.0	0.0	0.0	0.0	0.0	0.0	0.0	0.0
67807.9319683431	-71.63473803533998	5131.535693391784	4597915637.823445	87951.1983551782	-1136.412734859245	7735413292.111901	1291433.903950268	65717.54618066656	-142.55376338715723	4318795876.008041	20321.57545584161	70414.46460505978	74059.13036923186	1.380836	24.68074	0.0747756999999999	0.0450871	0.042410644	-0.0628520092	0.0323918158	0.050491225	-0.0161728992	-0.0940996426	-0.0941195876	0.0045968997	-0.0308222106	-0.0570629603	-0.0966853169	0.0956588321	-0.0397607553	-0.1467637815	0.0823642187	-0.0356541302	0.0286008001	-0.0525988066	0.01684046	0.0298749098	-0.1149147754	0.0445587148	-0.1116901387	0.1641843646	0.0568825052	-0.0868876998	0.1026533281	-0.0913021591	0.0188986342	0.0231853949	0.113045437	0.0841005433	0.0134760209	-0.0038646429	-0.1283948357	0.1285550393	0.0218910601	0.1033829635	0.0325869482	-0.021732294	0.013451183	0.0424878738	-0.0388583527	0.1456154568	0.1119285627	-0.0358156816	0.0206789317	0.0370063398	0.091142229	-0.0059894001	0.0154310707	-0.0113514733	-0.1075082618	0.1412041267	0.080454784	-0.1136148888	0.0944102203	-0.1635069435	0.0913893544	-0.0258821801	-0.0159205354	0.026608714	-0.0239455393	-0.0191849986	0.0289222944	-0.0198825406	-0.160029528	0.1189451655	0.088073605	0.0216719191	0.0632369878	0.0445884556	0.0449842713	0.1185990426	-0.0863524559	0.0427609166	0.0143721814	-0.0669538864	-0.0415699	0.0103675999999999	0.0001074871297599	0.00172805658601	0.0567404	-0.0078374	0.00321947299216	6.142483876000003e-05	0.0912879	-0.0068331999999999	0.00833348068641	4.669262223999997e-05	0.000146868	0.00081033	6.566347088999999e-07	2.1570209424e-08	-0.00501685	-0.0001652099999999	2.51687839225e-05	2.7294344099999945e-08	-0.00188921	-1.921000000000019e-05	3.6902410000000734e-10	3.5691144241000004e-06	0.0	0.0	0.0	0.0	0.0	0.0	0.0	0.0	0.0	0.0	0.0	0.0	0.0	0.0	0.0	0.0	0.0	0.0	0.0	0.0	0.0	0.0	0.0	0.0	0.0	0.0	0.0	0.0	0.0	0.0	0.0	0.0	0.0	0.0
67704.60668336265	-103.3252849804412	10676.11451628939	4583913766.148835	87533.79997215586	-417.3983830223442	7662166137.565393	174221.41014966756	65557.37969549233	-160.16648517422436	4297770032.53895	25653.302973065038	70088.17788097214	73982.58126345217	1.151201	20.576303	0.02559769	0.0129547	0.0773172367	0.0571948053	-0.0025626376	0.0275082728	-0.0894282818	0.0518587152	-0.0476333904	0.0377346581	-0.0700269441	0.0401217978	-0.0922566697	0.0283314604	-0.0335482526	-0.0378642444	0.0243686928	0.0779537204	0.0126865992	-0.031136593	-0.0834821787	0.0428258887	0.1476705361	0.1235777586	0.0424794688	-0.0429391394	-0.0232222923	-0.0736917267	-0.022267333	-0.0488688636	0.0585534968	-0.0856733578	0.0820385649	0.0698739811	-0.1095630161	0.014431789	0.1360651388	0.1172127146	-0.0083661073	-0.0675519428	-0.0174584977	0.041210941	0.0636037705	0.0922694615	-0.0123934285	0.112661831	0.0407155839	0.0741995183	0.0505622692	0.0410905881	0.0483097895	-0.0092910584	-0.0116435808	-0.0697443887	0.0429827143	0.0561801002	0.1077662703	0.0150958167	0.0107091524	-0.0963357224	-0.1140386801	0.1184250732	-0.0351902512	-0.0416967273	-0.0096936913	0.1160217682	-0.0107985427	0.0640487968	-0.0893608073	0.0792717211	-0.0025798513	0.056581372	0.0332521764	-0.0828141153	-0.0664583164	0.0590223013	-0.0872566935	0.0458210968	0.009317478	-0.0616696245	-0.0415289	4.099999999999937e-05	1.6809999999999482e-09	0.00172464953521	0.0625588	0.0058183999999999	0.00391360345744	3.3853778559999933e-05	0.0905021	-0.0007858	0.00819063010441	6.17481640000005e-07	-4.73018e-05	-0.0001941698	3.770191123204e-08	2.23746028324e-09	-0.00508269	-6.584000000000017e-05	2.58337376361e-05	4.3349056000000225e-09	-0.00200825	-0.0001190399999999	1.4170521599999986e-08	4.0330680625e-06	0.0	0.0	0.0	0.0	0.0	0.0	0.0	0.0	0.0	0.0	0.0	0.0	0.0	0.0	0.0	0.0	0.0	0.0	0.0	0.0	0.0	0.0	0.0	0.0	0.0	0.0	0.0	0.0	0.0	0.0	0.0	0.0	0.0	0.0
67766.16534287811	61.55865951546002	3789.4685613403367	4592253165.278295	88636.51325421294	1102.713282057084	7856431481.864266	1215976.5824251063	65520.45074728261	-36.92894820972288	4292929466.127086	1363.7472158763944	70112.50633149297	74319.78837546175	1.552915	27.756453	0.03789481	0.0211188	-0.1193045664	-0.0243964379	-0.0184475429	0.1276255841	0.0635084853	0.0491083121	-0.0542079833	0.0875797472	-0.0263579584	0.0423993959	-0.0124309845	-0.120591004	-0.1725312165	-0.0134055796	0.0447047707	-0.0382070788	0.1104994825	0.0916681128	-0.0994237615	0.032165523	-0.0024761632	0.019141328	0.027069019	0.0575704155	-0.018502841	-0.1149840647	-0.0759549278	-0.0281187018	-0.0111655962	0.0198732163	0.1254282697	0.00379036	-0.0867367411	-0.0569011151	-0.1362244475	0.0307748671	-0.0343079616	-0.0003768167	-0.0709550847	0.011676761	-0.0231833375	-0.0094565836	0.0220066023	-0.1410543688	-0.0300226499	0.0071385157	-0.1237250681	0.1207448068	-0.0522288067	-0.0756870059	-0.0743265669	-0.0482189667	0.0305566404	0.1786283733	0.1433432353	0.0054507142	0.0686119997	0.0275319985	-0.0516250936	0.0609587673	-0.0943720091	0.0011356029	0.0614602876	0.0263555559	0.0342087283	0.0165766151	0.0949525962	-0.038956565	0.1254492904	0.0274789219	-0.0395906534	0.1183072994	-0.0455350537	0.0780268404	-0.088137076	0.0488311722	0.0042398529	-0.056115697	-0.0415887	-5.979999999999874e-05	3.5760399999998503e-09	0.00172961996769	0.0596195	-0.0029392999999999	0.0035544847802499	8.639484489999994e-06	0.0853672999999999	-0.0051348000000001	0.0072875759092899	2.636617104000109e-05	-0.00020719	-0.0001598882	2.556423649924e-08	4.29276961e-08	-0.00472128	0.00036141	2.22904848384e-05	1.3061718810000026e-07	-0.00193433	7.39200000000001e-05	5.464166400000016e-09	3.7416325489e-06	0.0	0.0	0.0	0.0	0.0	0.0	0.0	0.0	0.0	0.0	0.0	0.0	0.0	0.0	0.0	0.0	0.0	0.0	0.0	0.0	0.0	0.0	0.0	0.0	0.0	0.0	0.0	0.0	0.0	1.0	0.0	0.0	0.0	0.0
67732.33859908092	-33.82674379719538	1144.248595921096	4587669692.100547	87653.99058141788	-982.5226727950648	7683222064.847294	965350.802556358	65533.496363491045	13.045616208437425	4294639145.623694	170.1881022578452	70116.66257623052	73911.55834297638	1.62162	28.984457	0.04233425	0.024467	0.0782298086	-0.0775445668	-0.0134131074	-0.0925781238	-0.0184414641	-0.0961027177	0.1110018133	0.0478918377	-0.0243025204	0.0544828017	-0.0921169111	-0.0078609356	0.0159504921	-0.0026049421	-0.14728726	-0.0590652011	0.0401720848	-0.031379916	0.0120174318	-0.0153103317	0.0683434322	0.1725518323	0.1465732192	0.0400871348	0.0139265931	-0.0424517943	-0.0705118858	-0.0499813631	-0.1293081864	-0.0264866405	0.0674017458	-0.1297462665	-0.0911644772	0.0171946695	-0.0178669872	0.0850687148	-0.0564343826	0.0528156288	0.1423268074	-0.1389061789	0.0181038213	-0.1250427114	-0.0843282804	0.0570425539	0.0689873627	0.0316814629	-0.0662418066	-0.0941761807	-0.145747356	0.0070347553	0.0096922898	-0.0573973134	0.0176159878	0.1370178582	4.71024e-05	0.0459610087	-0.0393010878	-0.0634365759	-0.1610397241	0.0735572981	0.0049720129	0.0813579063	0.006887061	0.0482156997	-0.1440710928	0.079913362	0.0074761849	-0.0320494128	0.0485339878	-0.0672750048	-0.0028159763	0.0414060447	0.0225488403	-0.0724858587	-0.0889933628	0.0517878515	-0.0008482025	-0.0503163898	-0.041576	1.2699999999997436e-05	1.6128999999993483e-10	0.001728563776	0.0498002	-0.0098192999999999	0.00248005992004	9.641865248999992e-05	0.0954561	0.0100888000000001	0.00911186702721	0.00010178388544	0.000231339	0.000438529	1.92307683841e-07	5.3517732921000004e-08	-0.00472128	0.0	2.22904848384e-05	0.0	-0.00192459	9.740000000000052e-06	9.486760000000101e-11	3.7040466681e-06	0.0	0.0	0.0	0.0	0.0	0.0	0.0	0.0	0.0	0.0	0.0	0.0	0.0	0.0	0.0	0.0	0.0	0.0	0.0	0.0	0.0	0.0	0.0	0.0	0.0	0.0	0.0	0.0	0.0	0.0	1.0	0.0	0.0	0.0
67729.12116905526	-3.2174300256592687	10.351855970013805	4587233854.332569	88357.47431882747	703.483737409595	7807043268.002256	494889.36879977206	65595.11835637788	61.62199288683041	4302719552.187222	3797.270007344578	70022.00435581457	73644.0036953907	1.30342	23.297024	0.0299245399999999	0.0169935	-0.0009477842	0.0817330032	0.0229180838	-0.1242895399	-0.0050675222	0.0667024922	0.0795414008	0.0576881599	0.0104336949	0.0568518793	0.0648233241	-0.0360000589	0.040263446	-0.0677008887	-0.0351226991	0.0405446845	0.1316129692	0.0428157236	-0.0405837438	0.01298199	-0.078013185	-0.0459273805	-0.0452465141	0.0082349061	0.1200267324	0.0078429995	-0.0270765759	-0.0918432463	-0.0695438789	-0.0257672541	-0.0051542522	-0.0391726966	0.0383574982	-0.033581444	0.0426580129	-0.016038214	-0.0170032241	0.055530821	-0.0820337859	-0.008044055	0.0028801177	-0.0183655367	-0.1010592412	-0.1347246233	-0.0956061911	0.0510042993	0.0268633689	-0.0456604293	-0.0576936169	-0.0543085492	-0.069348776	-0.0922756375	-0.0126092081	0.0191128825	-0.0983188069	0.0141559137	0.1116381266	0.0135993032	0.0664390484	-0.0638546624	-0.0053660362	0.0226805201	0.0856949693	0.0541986963	-0.0463791821	0.0518125073	-0.0063967584	0.0649755044	-0.0004473237	-0.0657443394	-0.0274106676	-0.0002315578	0.0981877765	-0.0555008659	-0.0898253196	0.0546879015	-0.0059341712	-0.0442970619	-0.0415785	-2.4999999999955613e-06	6.249999999977807e-12	0.0017287716622499	0.0517039	0.0019036999999999	0.0026732932752099	3.624073689999978e-06	0.0849262999999999	-0.0105298000000001	0.0072124764316899	0.00011087668804	-4.73018e-05	-0.0002786408	7.764069542464e-08	2.23746028324e-09	-0.00472128	0.0	2.22904848384e-05	0.0	-0.00185346	7.112999999999998e-05	5.0594768999999965e-09	3.4353139715999995e-06	0.0	0.0	0.0	0.0	0.0	0.0	0.0	0.0	0.0	0.0	0.0	0.0	0.0	0.0	0.0	0.0	0.0	0.0	0.0	0.0	0.0	0.0	0.0	0.0	0.0	0.0	0.0	0.0	0.0	0.0	0.0	0.0	0.0	0.0
67709.08392332238	-20.03724573287764	401.4912165597231	4584520045.735514	89624.10671568311	1266.632396855639	8032480504.584155	1604357.6287642608	65808.2769091672	213.1585527893185	4330729309.753628	45436.56862723668	70297.69569515613	73642.80135378188	1.266475	22.636683	0.083278385	0.0459516	-0.1144522888	-0.0412706783	0.0834022553	-0.0634594058	0.1427642301	0.0021503117	0.0347809159	0.0666376579	0.194448939	-0.0756652155	0.137897574	-0.0530818655	-0.0327859113	-0.0320829951	-0.0125438374	-0.0998914502	0.0548192182	-0.0645864886	-0.0171314277	-0.0633002017	0.1245579237	0.159322108	-0.1297455123	0.0272628075	0.1278315011	-0.0034336804	0.0496576299	-0.0340936868	0.0526906726	0.1297974818	0.0092577077	0.0199939832	-0.074387323	-0.0326208014	0.0258709549	0.0330695932	-0.0132987665	0.0030233329	-0.150314603	-0.1302848596	0.0584980702	-0.1224635383	-0.0551422368	-0.123984999	-0.0937537315	-0.1154046249	-0.0062733163	0.0170020472	-0.1266360341	-0.0259518922	0.0077672044	-0.0054926947	-0.0671252386	-0.0173642421	0.0832739101	-0.1015616263	-0.0158075731	-0.2025556889	-0.045910556	0.1153775483	-0.0002754809	-0.0157290448	0.127383993	0.0522646212	0.0272694936	0.0517332129	0.0869867765	0.0461615676	-0.0286896466	0.0213522169	-0.0308645788	0.0940535434	0.090758617	0.0319886109	-0.0906327191	0.0575281511	-0.0110055415	-0.0380840342	-0.0664888	-0.0249103	0.00062052304609	0.00442076052544	0.0444812	-0.0072226999999999	0.00197857715344	5.216739528999998e-05	0.123315	0.0383887	0.0152065892249999	0.00147369228769	1.30319e-05	6.03337e-05	3.64015535569e-09	1.6983041761e-10	-0.0048681	-0.00014682	2.369839761e-05	2.1556112400000186e-08	-0.00180548	4.7979999999999984e-05	2.302080399999998e-09	3.2597580304e-06	0.0	0.0	0.0	0.0	0.0	0.0	0.0	0.0	0.0	0.0	0.0	0.0	0.0	0.0	0.0	0.0	0.0	0.0	0.0	0.0	0.0	0.0	0.0	0.0	0.0	0.0	0.0	0.0	0.0	0.0	0.0	0.0	0.0	0.0
67645.52096567916	-63.56295764322567	4040.249584354501	4575916506.718139	87576.5237098883	-2047.5830057948187	7669647505.108626	4192596.165619745	65674.79302869245	-133.48388047474143	4313178439.36159	17817.94634659506	70344.9484737358	72939.64532232148	1.367831	24.448296	0.1361775549999999	0.058958	0.0598429471	-0.087254118	0.1099300217	0.0577313119	-0.0312819557	-0.118555452	-0.0476183561	-0.0302121242	0.055682722	-0.0558471698	-0.1299118686	-0.020624872	-0.0687176727	-0.0534392341	-0.0187326368	0.0273925597	0.0341820534	-0.0370253649	0.0528263982	0.0145726935	-0.0525655571	0.0717683918	-0.0129048191	-0.1177856637	-0.0073041188	0.0211229702	0.0473787184	-0.1981178915	0.0089725066	-0.0671983196	-0.0182184874	-0.0506284265	-0.023988429	0.1223190509	-0.0866174494	0.0220901612	0.0319780088	-0.0645440313	-0.0532798982	0.0280468344	-0.0130163146	-0.005483818	0.0393723612	0.1295388129	0.1450152259	-0.0391872263	0.0206768408	0.0385483321	0.0052386089	0.0143825872	-0.0482115638	-0.0735196427	-0.0595896407	0.1269317047	0.0370881382	0.0041437923	-0.1096862693	-0.0069501874	-0.037376518	-0.0924827527	0.0122327722	-0.0619569998	0.0196168181	-0.0487864567	0.0182927888	0.0650058515	-0.1453865015	0.0483642977	0.0153151821	0.0694160356	-0.0073376159	-0.0583639832	0.1009666321	-0.0181691171	-0.0914153405	0.0603054945	-0.0160498375	-0.0317044747	-0.0422139	0.0242749	0.00058927077001	0.00178201335321	0.0709011	0.0264198999999999	0.0050269659812099	0.0006980111160099	0.0997739	-0.0235410999999999	0.00995483112121	0.0005541833892099	0.000433285	0.0004202531	1.7661266805961006e-07	1.87735891225e-07	-0.00528614	-0.0004180399999999	2.79432760996e-05	1.747574415999998e-07	-0.00220602	-0.00040054	1.604322916e-07	4.8665242404e-06	0.0	0.0	0.0	0.0	0.0	0.0	0.0	0.0	0.0	0.0	0.0	0.0	0.0	0.0	0.0	0.0	0.0	0.0	0.0	0.0	0.0	0.0	0.0	0.0	0.0	0.0	0.0	0.0	0.0	0.0	0.0	0.0	0.0	0.0
67715.7986664474	70.27770076824527	4938.955225271022	4585429389.03484	87324.6319065567	-251.8918033316004	7625591337.61562	63449.48058564565	65592.54718969789	-82.24583899456775	4302382246.832744	6764.378031920361	70225.07836331433	73834.91301506922	1.05039	18.774427	0.0908371499999999	0.0502963	0.0616433531	0.0204083536	0.0259161527	0.1124060315	-0.0812348981	-0.0024760974	-0.0370187825	-0.0173239752	0.1301143321	0.0076626041	-0.0892444604	-0.0670666985	0.0675627236	0.0074951949	-0.0059109354	0.0580235765	-0.0477424482	-0.0985115246	-0.0636649938	0.0654408091	0.0095166447	0.1352813027	0.0241784413	0.0524145873	0.070471676	0.0186994951	0.1216796999	-0.0393237085	-0.0853386042	-0.1030672941	-0.0017782375	-0.1428556434	0.0652901906	-0.0009413031	0.0147829863	-0.1159556893	0.0671376811	0.1038574239	0.0131967043	-0.0488651715	-0.1390393904	0.0599420907	0.1023958239	-0.0367013308	0.0737022229	0.0436192087	0.0710351512	0.0778055662	-0.060271005	0.0157122171	0.0487387032	-0.0143708981	0.038675163	0.0139414287	0.0634186528	-0.0118280351	0.0123176109	-0.0224749752	-0.0259856526	0.0576682702	-0.0181838125	0.0980173238	-0.0019007233	0.0248232001	-0.0145725321	-0.0180482466	0.0179331973	-0.180319951	-0.0453756774	-0.0239244392	0.1416897763	-0.0756251009	0.0953880199	-0.189576597	-0.0921729699	0.0630168947	-0.0210546499	-0.0251862796	-0.0431874	-0.0009735	9.477022500000042e-07	0.00186515151876	0.057369	-0.0135320999999999	0.003291202161	0.0001831177304099	0.103842	0.0040681	0.010783160964	1.6549437610000043e-05	-0.000336114	-0.000769399	5.91974821201e-07	1.12972620996e-07	-0.00497838	0.0003077599999999	2.47842674244e-05	9.471621759999988e-08	-0.00183791	0.0003681099999999	1.355049720999999e-07	3.3779131681000005e-06	0.0	0.0	0.0	0.0	0.0	0.0	0.0	0.0	0.0	0.0	0.0	0.0	0.0	0.0	0.0	0.0	0.0	0.0	0.0	0.0	0.0	0.0	0.0	0.0	0.0	0.0	0.0	0.0	0.0	0.0	0.0	0.0	0.0	0.0
67826.08777721353	110.28911076612712	12163.687953583058	4600378183.162274	88285.00665838068	960.3747518239834	7794242400.67032	922319.6639409777	65657.22885030371	64.68166060582735	4310871700.301154	4183.717218727437	70175.13761863092	73823.75740521106	1.240701	22.176012	0.1151478	0.0697662	-0.0647972558	0.076014732	-0.0364930089	0.1252614606	-0.013226976	0.081958429	-0.0259655014	-0.0386584531	-0.0658397803	0.0300174238	0.0320319691	0.0346235546	-0.0325557714	0.0899060485	0.1312184095	0.1409043907	-0.0020324913	0.0239198608	-0.0210764876	0.0505410007	-0.0137055817	0.0228310916	0.0544125428	-0.0582239635	0.0568246539	-0.0257911653	-0.0688426323	-0.0618046993	-0.0099176221	-0.0439150017	-0.0448465097	-0.0193067713	-0.0514694642	0.0602690504	0.1374648117	0.0239191658	-0.0040145577	0.0873084212	-0.0263609923	-0.0638241741	0.0709650586	-0.0307329659	0.0686620927	-0.0894049549	-0.0642076668	0.042627961	0.0001255316	0.0597625509	0.1179875498	-0.0364999958	0.0049468986	0.0048144827	0.0866791784	0.0742197343	0.0848753404	0.0496303543	-0.0888099134	0.0654865199	-0.0896420959	-0.0081076113	0.0021172903	0.0331494702	0.0522786105	-0.0667898288	-0.0651234161	0.0703713889	-0.0579211297	-0.0150095505	-0.0176986748	0.0618232062	0.1165138443	-0.0146799032	-0.0095767501	-0.0775527704	-0.0929054001	0.0656593869	-0.0260076665	-0.0185579513	-0.0478842	-0.0046968	2.205993024000001e-05	0.00229289660964	0.0703977	0.0130286999999999	0.0049558361652899	0.0001697470236899	0.0603874	-0.0434546	0.00364663807876	0.00188830226116	0.00055934	0.000895454	8.018378661159999e-07	3.128612356e-07	-0.00509242	-0.00011404	2.59327414564e-05	1.3005121600000032e-08	-0.00176805	6.986000000000015e-05	4.880419600000021e-09	3.1260008025e-06	0.0	0.0	0.0	0.0	0.0	0.0	0.0	0.0	0.0	0.0	0.0	0.0	0.0	0.0	0.0	0.0	0.0	0.0	0.0	0.0	0.0	0.0	0.0	0.0	0.0	0.0	0.0	0.0	0.0	0.0	0.0	0.0	0.0	0.0
67945.92782866902	119.840051455496	14361.637932855929	4616649108.4987	88480.13276508426	195.1261067035812	7828733894.126937	38074.19751729735	65675.9984764626	18.76962615888624	4313336775.880318	352.2988661443466	70288.85517480393	75243.4296559642	1.466879	26.218651	0.0622739999999999	0.0304212	0.0069446499	-0.1363900667	-0.1214557299	0.0006622352	0.0593676056	-0.0906301223	0.0480379883	-0.0259318981	-0.0258901928	-0.0059820198	-0.0260993996	-0.0362094155	-0.1420166273	-0.0344409805	-0.1327045687	-0.0162027328	-0.0508897672	-0.0029717807	0.1077894424	-0.0570705134	-0.0623473552	0.0186631444	-0.1059897037	-0.1036535728	0.0674810933	-0.0631196764	-0.0906212265	0.0407646723	-0.127013471	-0.0807587619	-0.0267907227	0.0132519935	0.0884490857	-0.0589518817	-0.0591319569	0.0700645168	0.0386301088	0.0399761891	-0.0258342591	0.0944110874	-0.0370274635	-0.1144268589	0.0495019837	-0.0298052944	0.0316888921	-0.048094912	-0.0914379297	-0.0521501674	-0.0707576459	0.1049650655	-0.1262690284	-0.027202345	0.0229249134	0.0113884019	-0.0288730938	0.0535246864	-0.1066430254	0.0482659722	0.0641098615	-0.0588051729	0.0953114195	0.1527432756	0.0820127601	0.000865263	-0.0372624014	-0.0143293823	0.0261317143	0.0551321426	0.0396478728	-0.0382928205	0.1219291187	-0.028677791	0.0365076791	0.0708666085	-0.0936124309	0.0682300815	-0.0308967027	-0.0118484738	-0.0457364	0.0021477999999999	4.613044839999993e-06	0.00209181828496	0.0559245	-0.0144731999999999	0.00312754970025	0.0002094735182399	0.0493688	-0.0110186	0.00243727841344	0.00012140954596	0.000128672	-0.0004306679999999	1.85474926224e-07	1.6556483584000002e-08	-0.00492096	0.00017146	2.4215847321600004e-05	2.9398531600000004e-08	-0.00185861	-9.055999999999996e-05	8.20111359999999e-09	3.4544311321e-06	0.0	0.0	0.0	0.0	0.0	0.0	0.0	0.0	0.0	0.0	0.0	0.0	0.0	0.0	0.0	0.0	0.0	0.0	0.0	0.0	0.0	0.0	0.0	0.0	0.0	0.0	0.0	0.0	0.0	0.0	0.0	0.0	0.0	0.0
67883.58160158432	-62.34622708470852	3887.052031698042	4608180651.058956	87464.54034171617	-1015.5924233680852	7650045817.187695	1031427.9704026602	65575.2479369805	-100.75053948210552	4300113141.996465	10150.671205935305	70081.94768587014	74659.91854360924	1.137155	20.325241	0.0598933	0.02916	0.0717001177	0.0331191191	-0.0825552147	0.0016725329	-0.0623446915	-0.0293916443	0.1262988581	-0.0130742154	-0.0576215109	0.0646159028	-0.0175306194	0.0225799003	0.0173555238	0.0868469197	-0.0552363813	-0.0455888062	-0.0938990497	0.0843361051	0.0277503123	0.0420361523	0.0437164411	0.0024688416	0.0692078371	-0.1635715673	0.0350740973	-0.0460381893	-0.039520708	-0.1223913398	0.0497497622	-0.0013635992	0.0692757211	0.0328911401	0.0815314379	0.0965977221	0.0754146632	0.1694718502	0.0675160302	0.0863145308	0.1055617228	0.0552739518	0.0605686596	-0.0069831869	0.0462977147	-0.067143352	0.0037817553	0.0606267221	-0.012318889	-0.0839430472	-0.0327868808	0.0584628415	0.0323547417	0.0384897312	0.0567015997	0.0077390139	0.018809252	0.0413069593	-0.0572499992	0.1072961323	-0.0968963144	0.0267453616	-0.0899556577	-0.0065866258	0.0456166753	0.0038815116	0.0604164983	0.2333966726	-0.0842331452	0.0037102722	0.0152106774	0.0619477914	0.0658676257	-0.0139668531	0.0608424412	0.1118419682	-0.094293869	0.0707261675	-0.0357097311	-0.0050871859	-0.0499742	-0.0042378	1.795894884e-05	0.00249742066564	0.0493018	-0.0066227	0.00243066748324	4.3860155290000026e-05	0.0736753	0.0243065	0.00542804983009	0.00059080594225	0.000364798	0.000236126	5.5755487876e-08	1.33077580804e-07	-0.00471149	0.00020947	2.21981380201e-05	4.387768090000028e-08	-0.00180968	4.892999999999998e-05	2.394144899999998e-09	3.2749417024e-06	0.0	0.0	0.0	0.0	0.0	0.0	0.0	0.0	0.0	0.0	0.0	0.0	0.0	0.0	0.0	0.0	0.0	0.0	0.0	0.0	0.0	0.0	0.0	0.0	0.0	0.0	0.0	0.0	0.0	0.0	0.0	0.0	0.0	0.0
67877.32197524453	-6.259626339786337	39.18292191374689	4607330838.5310135	88807.18516956676	1342.644827850585	7886716137.741718	1802695.133753927	65793.73544896899	218.4875119884964	4328815624.328918	47736.79289492336	70186.49602383444	73424.37574196408	1.312209	23.454121	0.04452865	0.024035	-0.0283651885	0.1023514856	-0.0418163291	-0.1078444446	0.0291595422	0.0827802453	0.1430464864	-0.046903242	0.0105807082	-0.0462064231	0.1224359233	0.0479945044	0.0663987597	0.0030363003	0.0011816907	0.0580681541	-0.0509349495	-0.0003915507	0.0779054775	0.0395947833	-0.0246156013	0.0012813266	-0.0280997545	-0.1335967014	0.069372286	-0.0618362887	0.0161949981	0.0164612801	-0.0927658442	0.0293900514	-0.0850295968	-0.074839218	-0.068223479	-0.1118606494	-0.0177397937	-0.0417639741	-0.0647482889	-0.0390581556	0.0876198525	0.0283349159	0.0256281267	0.1735654522	0.086467615	0.0078918667	-0.1381801701	-0.0277338054	0.0910077441	-0.0691064635	0.0526554819	0.0233159749	0.0534648721	0.015493132	-0.0186937779	0.0597157834	-0.0594252289	0.0124955481	-0.1137504529	0.0596101681	-0.0049025723	0.0121195359	-0.0250897131	0.0785239029	0.1286388187	-0.0618028994	-0.0395921447	-0.0015753582	-0.1317967179	0.0143684698	-0.0635304723	-0.069017217	-0.0048690169	-0.0559371501	0.0402416394	0.017767902	-0.0949495281	0.0731449155	-0.0404349114	0.0016963469	-0.0507463	-0.0007720999999999	5.961384099999966e-07	0.00257518696369	0.0487381	-0.0005637	0.00237540239161	3.177576900000004e-07	0.0856602	0.0119849	0.00733766986404	0.00014363782801	0.000227989	-0.000136809	1.8716702481e-08	5.1978984121e-08	-0.00484817	-0.00013668	2.35047523489e-05	1.868142240000004e-08	-0.00145901	0.00035067	1.229694489e-07	2.1287101801e-06	0.0	0.0	0.0	0.0	0.0	0.0	0.0	0.0	0.0	0.0	0.0	0.0	0.0	0.0	0.0	0.0	0.0	0.0	0.0	0.0	0.0	0.0	0.0	0.0	0.0	0.0	0.0	0.0	0.0	0.0	0.0	0.0	0.0	0.0
67941.92833918342	64.60636393888853	4173.982261404117	4616105626.446734	89243.61757489669	436.4324053299352	7964423277.85441	190473.2444220728	65878.24549432544	84.51004535645188	4339943229.41061	7141.947766149555	70426.35362275368	74037.24427561219	1.20985	21.624584	0.0712238499999999	0.0349267	-0.1014783497	-0.0460445058	-0.0181968846	-0.0145084882	0.0880645492	0.058098091	-0.005829196	-0.0759244904	0.0736232929	-0.1007899782	0.1139765565	-0.0342276796	0.0371638627	-0.0661855225	0.0083791772	0.0534703444	-0.0501518333	0.0075136337	0.0046471178	-0.0775053283	-0.0096667636	0.1274642064	-0.1330885389	-0.0490501151	-0.1387600742	-0.1621400055	-0.0373574153	-0.0557727226	-0.0171779341	-0.0978030203	0.0149011711	0.0183818326	-0.0190671154	0.1702545226	-0.0584840477	0.0078796552	-0.0497066806	0.0799499238	0.0985512098	-0.0789957809	0.0473324677	0.0578196852	0.1202774443	-0.1302234916	-0.0762379312	-0.118331466	0.0347858676	0.0423795658	0.0003972021	0.081334595	0.0445577192	0.0671241167	-0.0771429147	-0.0232873885	0.066959347	0.072976853	-0.0475013022	-0.0402447433	-0.078146679	0.0131237995	0.0360565978	0.0046138089	0.2307824655	-0.0637120124	-0.0460551749	0.054354784	0.0580550895	-0.0150087962	0.106649945	0.0478191606	0.197707746	0.0028259411	0.0046189083	0.085797641	-0.0955792289	0.0754836805	-0.0450606192	0.0084724621	-0.0437078	0.0070385	4.954048225000004e-05	0.0019103717808399	0.0626136	0.0138755	0.00392046290496	0.00019252950025	0.0796622	-0.005998	0.00634606610884	3.597600400000004e-05	-0.000328718	-0.000556707	3.09922683849e-07	1.08055523524e-07	-0.00484382	4.34999999999932e-06	2.3462592192400003e-05	1.892249999999408e-11	-0.00178419	-0.00032518	1.057420324e-07	3.1833339561e-06	0.0	0.0	0.0	0.0	0.0	0.0	0.0	0.0	0.0	0.0	0.0	0.0	0.0	0.0	0.0	0.0	0.0	0.0	0.0	0.0	0.0	0.0	0.0	0.0	0.0	0.0	0.0	0.0	0.0	0.0	0.0	0.0	0.0	0.0
67830.21030908197	-111.71803010144504	12480.91824974738	4600937430.57429	88126.32239374839	-1117.2951811483072	7766248698.646878	1248348.5218172283	65799.69144621164	-78.5540481138014	4329599394.416657	6170.7384750654255	70409.70949859267	73838.08520286712	1.373453	24.54879	0.0871343499999999	0.0516412	0.0700432291	-0.0790809868	-0.0038576139	-0.0200653312	0.0078190228	-0.1224075843	-0.0034584145	-0.0975885149	-0.0153555627	-0.1225293966	-0.0902488201	0.0877116257	-0.0484288532	0.0296857321	0.0032735646	0.0709562871	-0.0825085952	-0.0309644238	-0.0851589059	0.1072601924	0.0142789658	0.0449640582	-0.0157311179	0.0132395037	-0.0365294408	-0.0928512754	0.0467191926	0.0593172652	0.00261906	-0.0277567832	0.0513251126	0.0450134523	0.1759091171	-0.0001718105	-0.0278858674	-0.1721021903	0.0254235938	0.0835778454	0.0231465236	-0.0866038707	0.045382086	-0.0620323691	-0.1556550316	0.1416900041	0.1152395668	-0.0676571108	0.0613378966	-0.0354988941	0.1030025094	0.0622837715	0.0691916938	0.011152261	0.0749689161	0.1378503583	0.0399171592	-0.0677203527	-0.0259347629	0.0046992252	0.0284690185	0.0078653419	-0.0037880511	0.0460466793	0.0123328325	0.1257237356	0.1058970148	-0.1004998075	-0.0234002871	-0.018675774	0.1190480616	-0.0297060654	0.011882068	-0.1229083539	-0.0855882894	-0.1128544607	-0.0961827994	0.0777399053	-0.0495754752	0.0152115293	-0.0344175	0.0092903	8.630967409000002e-05	0.0011845643062499	0.0655107	0.0028970999999999	0.00429165181449	8.393188409999998e-06	0.0832066	0.0035444	0.00692333828356	1.2562771360000024e-05	0.000538763	0.000867481	7.52523285361e-07	2.902655701690001e-07	-0.00526758	-0.0004237599999999	2.77473990564e-05	1.7957253759999968e-07	-0.00164738	0.00013681	1.87169761e-08	2.7138608644e-06	0.0	0.0	0.0	0.0	0.0	0.0	0.0	0.0	0.0	0.0	0.0	0.0	0.0	0.0	0.0	0.0	0.0	0.0	0.0	0.0	0.0	0.0	0.0	0.0	0.0	0.0	0.0	0.0	0.0	0.0	0.0	0.0	0.0	0.0
67716.55115555818	-113.6591535237967	12918.403179745988	4585531300.403327	87521.55520806431	-604.7671856840752	7660022626.038249	365743.3488802368	65664.7462036445	-134.9452425671334	4311858893.989046	18210.21849150247	70186.2326350047	74017.19344746578	1.104561	19.742676	0.0575398	0.0267946	0.0483256747	0.0525717256	0.0058238386	0.080675175	-0.0819103506	0.0344327999	-0.0412336728	0.0192941277	-0.0290772959	-0.0200446354	-0.0679099414	0.1190947077	0.013312291	-0.0168275707	0.012416969	0.124279158	-0.0339495695	-0.0756595155	-0.1045650436	-0.0087540187	-0.1527154151	-0.0592886251	0.0010236707	0.102771336	0.0296327003	-0.1193813427	-0.1039090934	-0.0590013893	-0.1458740697	-0.0021668021	-0.0063670769	-0.0996272818	-0.0128059959	0.0104850128	-0.0366113107	0.0670520928	0.0612960805	0.0452134544	0.0965264152	-0.0614147136	0.0659467655	0.0233604365	-0.0522721136	0.0664334942	0.049359754	0.0341692444	0.0726355947	0.0078815724	0.0884470753	0.0116811517	0.0870865949	-0.0929953145	0.106627681	0.0550206205	0.0777489247	-0.022950764	0.1143113913	0.0631121499	0.0463910477	0.0520710201	0.0354669372	0.097895569	0.0105801305	-0.1061685625	-0.2076651378	-0.039869619	-0.034881067	0.0245645633	0.0627192702	-0.0575345908	0.176326577	-0.0082791196	0.082054907	0.0237215703	-0.0967600744	0.0799111227	-0.0539683725	0.0218840804	-0.0379077	-0.0034902	1.218149604000004e-05	0.00143699371929	0.0595696	-0.0059411	0.00354853724416	3.529666921000005e-05	0.0721568999999999	-0.0110497000000001	0.0052066182176099	0.00012209587009	0.000155847	-0.000382916	1.4662466305600005e-07	2.4288287409e-08	-0.0051292	0.0001383799999999	2.6308692640000005e-05	1.9149024399999884e-08	-0.00186726	-0.00021988	4.83472144e-08	3.4866599075999995e-06	0.0	0.0	0.0	0.0	0.0	0.0	0.0	0.0	0.0	0.0	0.0	0.0	0.0	0.0	0.0	0.0	0.0	0.0	0.0	0.0	0.0	0.0	0.0	0.0	0.0	0.0	0.0	0.0	0.0	0.0	0.0	0.0	0.0	0.0
67776.92543991888	60.374284360703314	3645.054212067065	4593711622.088323	88448.9513554849	927.3961474205862	7823216995.884933	860063.6142505456	65594.21819553229	-70.52800811221823	4302601460.683099	4974.19992827712	70120.8584326435	73620.33965290604	1.313883	23.484051	0.0684903	0.0326288	-0.0803541418	0.0468860614	-0.011281912	0.0400656364	0.0367952279	0.0371658351	-0.0238240928	0.0737878447	-0.0585571258	0.0333773746	0.0090288511	-0.0553582918	0.0353380929	0.0834131682	-0.0429047889	0.087030524	0.0135570953	-0.0070355438	0.0339163164	0.0536547058	-0.114425175	-0.112306268	0.0815430599	-0.0419150548	-0.0219632099	-0.1496913895	-0.0330827923	0.1652282219	-0.0075846449	-0.0743593453	0.101812476	-0.0035648066	0.1181540064	0.0332075863	-0.009071406	-0.127559344	0.0629485855	-0.0246871588	0.0320252058	0.0357660367	0.1942988766	-0.0581095026	0.1559860203	0.037620869	-0.0405898483	0.0317271497	-0.0264953564	0.0555036498	-0.0368790126	-0.0481145095	0.0518783881	-0.054759038	0.1044245653	0.153459761	-0.0964283472	0.0305279352	-0.0618664396	0.1407529008	0.0606808163	-0.1066497437	-0.0107370573	0.1434060441	0.0213950185	0.0052949021	0.0753738771	-0.0890587665	0.018016449	-0.0792263588	0.1222397028	-0.000488567	0.0808675213	-0.0681038421	-0.1229083195	-0.0119502528	-0.0973108962	0.0819949584	-0.0582285042	0.0284609379	-0.0550373	-0.0171295999999999	0.0002934231961599	0.00302910439129	0.0500225	-0.0095471	0.00250225050625	9.114711841000004e-05	0.0638615	-0.0082953999999998	0.00407829118225	6.88136611599983e-05	0.000327811	0.000171964	2.9571617296000003e-08	1.07460051721e-07	-0.00472878	0.00040042	2.23613602884e-05	1.6033617640000026e-07	-0.00196524	-9.798000000000012e-05	9.600080400000022e-09	3.8621682576e-06	0.0	0.0	0.0	0.0	0.0	0.0	0.0	0.0	0.0	0.0	0.0	0.0	0.0	0.0	0.0	0.0	0.0	0.0	0.0	0.0	0.0	0.0	0.0	0.0	0.0	0.0	0.0	0.0	0.0	0.0	0.0	0.0	0.0	0.0
67676.27620622412	-100.64923369475582	10130.26824334157	4580078361.141137	88510.75609746255	61.804741977655794	7834153944.944505	3819.826130924608	65720.03587555946	125.8176800271758	4319123115.484823	15830.088607420796	70325.68531081601	73674.86398260154	1.260261	22.52561	0.0775438499999999	0.0353812	-0.0349479361	-0.1042618078	0.0729875722	-0.0624161297	0.0705660893	-0.0851932125	0.0608231559	0.0703304815	0.1384980378	-0.1114859045	-0.0665646338	-0.0167143639	-0.0094557612	0.0416446471	-0.0172583538	-0.0029534938	0.1112528652	0.0859477063	0.025613844	-0.0842724513	0.01690976	-0.0461313019	0.0162907823	-0.046749171	0.0543526765	-0.0283820651	-0.1794133286	0.1493459221	-0.0640529199	-0.0778483991	-0.0799491283	-0.0030748834	0.0372163127	0.1296186287	0.1078190414	0.1030064106	0.1188673354	0.0389287256	-0.0467260482	-0.0115563176	0.0285156914	-0.0529793857	0.059754808	0.0898495258	0.0476365095	-0.1283424268	0.0073424309	-0.081091608	-0.0604761951	-0.1156265534	-0.0852702331	-0.0768050229	0.0568831298	-0.0358393282	-0.0752855105	0.122383712	0.0011113154	0.1061470977	-0.0115147113	0.0018953131	0.0647337565	0.1880439975	-0.0277404237	0.0031940811	0.0094114175	-0.0696206656	0.0681093661	0.0303641008	0.0216154969	0.0077464778	0.0525013573	0.0314828323	-0.0318738763	0.0950169183	-0.0978351141	0.0839891338	-0.0623453902	0.034913343	-0.0340131	0.0210242	0.00044201698564	0.0011568909716099	0.0350996	-0.0149228999999999	0.00123198192016	0.0002226929444099	0.0881634	0.0243019	0.00777278509956	0.00059058234361	0.000479378	0.0001515669999999	2.2972555488999992e-08	2.2980326688400003e-07	-0.00460335	0.00012543	2.11908312225e-05	1.5732684900000043e-08	-0.00203414	-6.889999999999978e-05	4.7472099999999704e-09	4.137725539599999e-06	0.0	0.0	0.0	0.0	0.0	0.0	0.0	0.0	0.0	0.0	0.0	0.0	0.0	0.0	0.0	0.0	0.0	0.0	0.0	0.0	0.0	0.0	0.0	0.0	0.0	0.0	0.0	0.0	0.0	0.0	0.0	0.0	0.0	0.0
67636.04254651457	-40.23365970955638	1618.74737362438	4574634251.353929	87256.0542093072	-1254.7018881553522	7613618996.177557	1574276.828140606	65563.61758711637	-156.41828844309202	4298587951.109635	24466.680959466332	70156.71534781864	73070.32081881833	1.177022	21.037817	0.0823340999999999	0.0482452	0.0911755643	-0.0042992985	0.0995881824	0.0621328803	-0.0780599533	-0.0648743858	-0.052675711	0.0109660393	0.0218910971	-0.0012626622	-0.1165331031	-0.1051740113	0.1017365974	-0.063391188	-0.0554069058	0.0355613442	0.0610127194	0.0108554962	-0.0150220595	-0.1064428254	0.0317948754	-0.0103934685	-0.1470750531	-0.1034388729	0.0014228306	-0.0063782004	0.0919549532	0.0564786857	0.0462054973	-0.0193960365	-0.0768650496	0.0569224241	0.0596240034	-0.0691605005	-0.0903861406	0.0775759053	-0.0745666157	-0.1703304859	0.0916100277	-0.0041559364	0.0907444909	0.0718844432	0.057607241	0.0380596991	0.0880319295	0.0270577175	0.0821149637	0.0534865106	-0.1063243227	-0.0151671058	-0.0127883744	-0.0118722187	-0.1027498981	-0.0134657524	0.0308046514	0.0538902428	-0.0323021364	0.0509445788	0.0915365641	-0.025659531	0.1075992601	-0.0479398004	0.1592469473	-0.0365381456	0.0734103014	-0.0673463036	-0.0653831611	-8.69555e-05	-0.1498049638	-0.0025192423	-0.11991977	-0.0810091875	-0.097251226	0.095913583	-0.0983325849	0.0858914684	-0.0663089027	0.041213081	-0.0314787	0.0025343999999999	6.423183359999995e-06	0.0009909085536899	0.0408644	0.0057648	0.00166989918736	3.323291904e-05	0.0699371	-0.0182263	0.00489119795641	0.00033219801169	0.00124914	0.000769762	5.92533536644e-07	1.5603507396e-06	-0.0047797	-0.0001763499999999	2.284553209e-05	3.1099322499999866e-08	-0.0022042	-0.00017006	2.8920403600000033e-08	4.858497639999999e-06	0.0	0.0	0.0	0.0	0.0	0.0	0.0	0.0	0.0	0.0	0.0	0.0	0.0	0.0	0.0	0.0	0.0	0.0	0.0	0.0	0.0	0.0	0.0	0.0	0.0	0.0	0.0	0.0	0.0	0.0	0.0	0.0	0.0	0.0
67606.03310814805	-30.009438366512768	900.5663910735285	4570575712.620011	87229.70253785189	-26.35167145531159	7609021004.842124	694.4105884886836	65524.356917359335	-39.26066975703725	4293441349.433496	1541.4001897711394	70071.08902318189	73377.13661378583	1.185055	21.181398	0.0965371	0.051512	0.0154713705	0.0984107625	0.0910341225	0.0830040973	-0.086325227	0.0698686388	-0.1275014431	0.1010603753	-0.0773694828	0.1004832965	-0.0232846838	0.0184690337	-0.0628044078	0.0338279157	-0.0065179779	0.1698502919	0.0117260841	-0.0740218444	0.1776667413	-0.0748282002	0.1019952528	0.034380893	0.0103183319	0.0201153453	0.0661030644	0.0082924742	-0.0119162314	-0.0889722049	0.0042890891	-0.0334491105	0.0844838146	0.1000219661	0.0644702339	0.0060657697	0.0323917035	0.0927535417	-0.0577283668	-0.0510443559	0.0835103984	-0.1201072645	-0.0900019718	-0.0478404562	0.1086578219	-0.1464049051	0.0123645436	0.1035196925	-0.0380987958	0.0938989573	0.1006560159	-0.0218122574	0.0058360214	-0.0758901696	0.0225760602	-0.0303929617	-0.0674913081	0.0913796399	-0.149081501	-0.1617814754	0.0389396365	0.0695844395	0.0632466008	0.0511062663	-0.054939512	-0.0148881593	0.0219942383	0.1248336283	0.0473467467	0.0231520657	-0.0325557143	0.0408530418	-0.0456286282	-0.1053493491	0.0369165478	0.0358497157	-0.0988031726	0.0876998819	-0.0701092912	0.0473326046	-0.0275339	0.0039447999999999	1.5561447039999987e-05	0.00075811564921	0.0547895	0.0139250999999999	0.00300188931025	0.0001939084100099	0.0322974	-0.0376397	0.0010431220467599	0.00141674701609	0.00169603	0.00044689	1.997106721000001e-07	2.8765177609000004e-06	-0.00494829	-0.00016859	2.44855739241e-05	2.84225881000002e-08	-0.00199913	0.0002050699999999	4.205370489999996e-08	3.9965207569e-06	0.0	0.0	0.0	0.0	0.0	0.0	0.0	0.0	0.0	0.0	0.0	0.0	0.0	0.0	0.0	0.0	0.0	0.0	0.0	0.0	0.0	0.0	0.0	0.0	0.0	0.0	0.0	0.0	0.0	0.0	0.0	0.0	0.0	0.0
67755.50064444162	149.4675362935668	22340.544405668712	4590807867.578929	88194.18142473204	964.4788868801552	7778213637.178551	930219.5232375832	65666.50001998081	142.14310262147774	4312089224.87414	20204.661622859952	70223.75738736828	73789.36748028256	1.290111	23.059153	0.10163305	0.0581766	-0.0754337584	-0.0542398654	0.0176100038	0.0745256112	0.0437334336	0.0126633167	-0.0276524334	0.0703861192	-0.0555500628	0.0080421012	0.0570736399	0.0436420525	-0.1201554672	0.1686827576	0.0195447676	0.0552002345	-0.0178195741	0.0056705095	0.0371168405	0.0146002416	0.0347252274	-0.0331413879	0.0069262682	0.0040403617	-0.0429913429	0.0479186633	0.0861686983	-0.0307752978	0.0329162329	-0.0319523845	-0.0644724428	-0.0082665709	0.042174484	0.0258039644	-0.0080053591	-0.078056708	0.0284065216	0.0196118014	0.0029698312	-0.0170332572	-0.0423221534	0.0674828413	0.082607218	0.027037626	-0.0158486114	-0.0169189179	-0.0969257174	0.047032557	0.082698761	-0.0206968346	0.0490396072	0.0221900019	0.1292401315	-0.0425402328	0.0328549452	0.0298260475	-0.09642226	-0.0189861821	0.0050335325	0.0174715932	-0.0580506003	-0.0878592138	0.040036662	-0.0096114513	0.0131867871	0.0656119609	0.0553701129	-0.0965274562	-0.052386986	0.031254077	0.0398020549	0.022400154	-0.0257489042	-0.0431637652	-0.0992467484	0.0894123968	-0.0737372065	0.0532451548	-0.0299639	-0.00243	5.904900000000008e-06	0.00089783530321	0.062878	0.0080885	0.003953642884	6.542383225000009e-05	0.0171226	-0.0151747999999999	0.00029318343076	0.0002302745550399	0.000638715	-0.001057315	1.1179150092250002e-06	4.07956851225e-07	-0.00453915	0.00040914	2.06038827225e-05	1.6739553960000044e-07	-0.00194679	5.234000000000011e-05	2.7394756000000116e-09	3.7899913041e-06	0.0	0.0	0.0	0.0	0.0	0.0	0.0	0.0	0.0	0.0	0.0	0.0	0.0	0.0	0.0	0.0	0.0	0.0	0.0	0.0	0.0	0.0	0.0	0.0	0.0	0.0	0.0	0.0	0.0	0.0	0.0	0.0	0.0	0.0
67780.95043333045	25.44978888882906	647.6917544859672	4594257241.645599	87699.70169748354	-494.4797272485012	7691237677.827598	244510.2006597521	65612.09371503357	-54.4063049472461	4304946841.670347	2960.046018012735	70271.87890625	74209.03175434007	1.254305	22.419165	0.1000558499999999	0.0468865	0.0457500305	-0.0687585254	-0.0190276734	0.0083186808	-0.0041052487	-0.0856973923	0.1209747317	0.0519709005	-0.1115825627	0.0239539861	-0.0456269134	0.141720918	0.0461655793	0.016118639	-0.1314649574	-0.0076234199	-0.0262554852	0.1040801109	-0.0356290364	-0.1234488714	-0.0120381018	-0.0802155033	-0.0377117958	0.0441892119	-0.0856694464	-0.1192956493	-0.1165865215	-0.0570506181	0.0708131952	-0.0324260028	0.0648514147	-0.0597028378	0.0582969574	-0.0181484996	-0.134090656	0.0142597871	-0.1254628323	-0.0388088231	-0.060096256	0.0458906605	-0.0152526743	-0.005520673	0.0154669599	-0.1148555723	0.0682858056	0.0021977783	-0.0914550149	-0.0998999906	-0.0383418001	0.0231480357	0.1485061792	-0.0446615947	-0.0013451454	-0.0112981947	0.0274644798	0.0612822496	0.019634797	0.0525013101	0.0495833143	0.0356245236	0.1538195552	-0.0768188369	0.0172004725	0.0256045107	-0.0247034067	-0.0286916261	0.0252373885	0.0495602744	0.1315736873	-0.0479421632	0.0754211447	0.0558052572	-0.0952895672	0.0824480324	-0.0996631912	0.0910271406	-0.0771837238	0.0589248775	-0.0349929	-0.0050289999999999	2.5290840999999987e-05	0.00122450305041	0.0419479	-0.0209301	0.00175962631441	0.00043806908601	0.0474351	0.0303125	0.00225008871201	0.00091884765625	0.0012771	0.000638385	4.07535408225e-07	1.63098441e-06	-0.00453915	0.0	2.06038827225e-05	0.0	-0.00170949	0.0002372999999999	5.6311289999999994e-08	2.9223560601e-06	0.0	0.0	0.0	0.0	0.0	0.0	0.0	0.0	0.0	0.0	0.0	0.0	0.0	0.0	0.0	0.0	0.0	0.0	0.0	0.0	0.0	0.0	0.0	0.0	0.0	0.0	0.0	0.0	0.0	0.0	0.0	0.0	0.0	0.0
67685.81997582378	-95.13045750667516	9049.803945429328	4581370225.799624	87156.71610278926	-542.9855946942844	7596293161.822205	294833.3560455057	65545.16065577047	-66.93305926310131	4296168085.39076	4480.034422317833	70043.96157162661	73084.3727869083	1.095854	19.587046	0.0243748	0.0115608	0.0770282188	0.0436003948	-0.0008061415	-0.0648952733	-0.0727377512	-0.003950946	0.0724120027	0.0739947714	0.0377686937	0.0548223995	-0.015395855	0.0602684765	0.015942543	0.0825868749	-0.0835880838	0.0935222729	0.0052051685	0.0597469006	-0.1115358728	-0.0232686782	-0.0214211709	0.0066958676	0.0505153998	-0.0571473838	0.1159256297	0.0628550496	0.0526552017	0.0399190898	0.0078810119	0.122092502	-0.0837773142	0.1115771107	-0.1136011731	-0.0085056511	-0.0184049999	0.0173854807	0.0442024103	-0.0549534754	0.064923819	-0.1523361993	-0.007665194	-0.0581046621	-0.1439043396	0.0423953412	0.0075098666	0.062715588	0.022855156	-0.0681766274	-0.0325520282	0.0264573545	0.0334275925	-0.0714969673	0.1179546746	-0.1086678434	0.0600495231	0.1083136805	0.0432624417	0.0519726764	0.0348362927	0.0374676775	-0.1387526606	0.019512253	-0.0401505213	-0.0271020852	-0.0537360799	-0.0342475349	-0.0254421807	0.0193810584	-0.0999511669	0.0499954691	-0.0697014118	-0.0187782129	0.0830368778	0.0214084882	-0.1000523871	0.0925423476	-0.0804403643	0.0643469367	-0.0382614	-0.0032685	1.0683092250000003e-05	0.00146393472996	0.0401931	-0.0017548	0.00161548528761	3.079323040000003e-06	0.0412796	-0.0061555	0.00170400537616	3.7890180250000016e-05	0.00111998	-0.0001571199999999	2.468669439999999e-08	1.2543552004e-06	-0.00453915	0.0	2.06038827225e-05	0.0	-0.00160269	0.0001068	1.1406239999999998e-08	2.5686152361e-06	0.0	0.0	0.0	0.0	0.0	0.0	0.0	0.0	0.0	0.0	0.0	0.0	0.0	0.0	0.0	0.0	0.0	0.0	0.0	0.0	0.0	0.0	0.0	0.0	0.0	0.0	0.0	0.0	0.0	0.0	0.0	0.0	0.0	0.0
67752.23402910975	66.41405328597466	4410.826473872282	4590365215.935257	87259.36425680366	102.64815401440136	7614196650.501544	10536.643522564264	65573.32145640186	28.160800631390885	4299860486.824612	793.0306922009453	70033.71304887474	73089.02123651058	1.154335	20.632322	0.0629306	0.0394804	0.0273761744	0.0615762982	0.0568110829	0.0188878612	-0.059875527	0.0460113919	-0.1032786329	-0.0202772155	0.1229900037	0.0006109486	-0.0257361499	-0.0581725003	0.04169208	0.0455882005	-0.0412555579	0.0557916927	0.0411684114	0.0103309991	-0.0398676864	0.1583284425	-0.0957176398	0.0425874392	-0.0338845264	-0.0742588727	-0.0780639015	-0.0449854334	-0.0112283209	0.1208031011	0.0817678687	0.0915997304	-0.1288603781	-0.1118328973	0.0077618689	0.0303633862	0.047683944	0.0798916549	0.0147236657	-0.0286414653	0.0024513272	-0.0950793634	-0.1112995827	0.0357942258	0.059755562	0.0204725197	0.0156118969	0.0343248897	0.1040694687	0.0303007186	-0.0388975762	-0.0265366569	-0.0536359763	-0.0242521197	0.0623177882	-0.0069090039	0.0865567349	-0.0055520562	-0.053595234	0.0658445822	-0.009179006	-0.1161456584	-0.0329269562	-0.110768678	0.0532802694	-0.077638724	-0.0199159314	-0.0606316437	0.0972751933	-0.0500029342	-0.0441655195	-0.1006575936	0.01748124	0.0391538839	-0.105994349	0.0046697887	-0.1004142296	0.0939563609	-0.0834991166	0.0694876231	-0.0478601	-0.0095987	9.213504169000004e-05	0.00229058917201	0.0758511	0.035658	0.00575338937121	0.001271492964	0.042388	0.0011084	0.001796742544	1.2285505600000055e-06	0.00130688	0.0001869	3.4931610000000026e-08	1.7079353344e-06	-0.00453915	0.0	2.06038827225e-05	0.0	-0.00145828	0.0001444099999999	2.0854248099999997e-08	2.1265805584e-06	0.0	0.0	0.0	0.0	0.0	0.0	0.0	0.0	0.0	0.0	0.0	0.0	0.0	0.0	0.0	0.0	0.0	0.0	0.0	0.0	0.0	0.0	0.0	0.0	0.0	0.0	0.0	0.0	0.0	0.0	0.0	0.0	0.0	0.0
67807.49112683715	55.25709772740083	3053.346849255526	4597855852.916099	88688.52267077737	1429.1584139737097	7865654053.524991	2042493.7722318491	65648.12115369245	74.79969729059667	4309675811.009883	5594.994714764895	70212.69909282682	75020.62288721773	1.254086	22.415247	0.0791725	0.0393294	-0.0871085717	0.0046272073	-0.0097202566	0.1294482909	0.0534671646	0.0543406969	-0.0483924509	0.0082771511	-0.1135075593	0.0216059102	0.0701770836	0.078205692	-0.072804497	0.0664570405	0.0118670725	0.007236782	-0.0542493451	-0.082250662	0.0138870661	0.0250565717	-0.1284361434	-0.1271439966	0.0440236689	-0.0484696999	-0.101462458	0.007076631	0.1460157935	0.0856939821	0.000998053	0.0026236417	-0.0745433425	0.0781822777	0.0101933722	0.0917937058	-0.0176317176	-0.0771726575	-0.0377836642	0.0306769565	-0.1068829	-0.0073061008	0.1122377793	-0.0267249185	0.0398800961	0.0095295259	-0.0473055882	0.005218791	-0.0783640218	0.0404472428	0.1166565803	-0.0007161849	0.1001726308	-0.0231363317	0.0450291495	-0.0022340776	-0.0038202074	-0.0896534254	-0.0791624899	0.0943766784	0.0482350611	-0.1226578684	-0.0772858238	-0.0707059023	-0.0025591128	0.0798037097	0.0761890344	-0.1662138101	0.1011663947	0.0034465976	-0.0518030609	0.010175855	0.0333907548	0.06314846	0.0458441848	0.0120692969	-0.1007486199	0.0952676342	-0.0863524559	0.0743244578	-0.0399377	0.0079224	6.276442176000005e-05	0.00159501988129	0.0635823	-0.0122688	0.0040427088732899	0.00015052345344	0.0129262	-0.0294618	0.00016708664644	0.00086799765924	0.00162171	0.0003148299999999	9.911792889999993e-08	2.6299433241e-06	-0.00473086	-0.00019171	2.23810363396e-05	3.675272410000013e-08	-0.00154213	-8.385000000000011e-05	7.030822500000019e-09	2.3781649369000003e-06	0.0	0.0	0.0	0.0	0.0	0.0	0.0	0.0	0.0	0.0	0.0	0.0	0.0	0.0	0.0	0.0	0.0	0.0	0.0	0.0	0.0	0.0	0.0	0.0	0.0	0.0	0.0	0.0	0.0	0.0	0.0	0.0	0.0	0.0
67769.21194244172	-38.27918439543282	1465.2959579795477	4592666087.299585	88560.65581417872	-127.86685659864452	7842989758.237428	16349.93301641832	65589.95753077047	-58.16362292198755	4302042528.888273	3383.007031411156	70399.04118327198	74371.11267660049	1.216447	21.742502	0.0625276	0.028313	-0.0013840857	-0.1190872926	0.0114732403	0.0209126843	0.0671838262	-0.1023013506	0.0174571194	0.0489847102	-0.0580754266	0.0076258492	0.0103428353	-0.004623936	-0.1490398221	0.0158948052	-0.0423826487	-0.2016811048	0.0300140437	-0.1662515399	0.0304626365	-0.0382851819	-0.0103344433	-0.0904715905	0.0159487647	-0.0400367141	-0.0121871155	0.0369167835	0.1148009374	0.089481835	-0.0779633502	-0.0466753153	0.0365872822	0.0770195189	-0.0114218795	0.1264578378	0.0483681292	-0.0091030963	-0.0509759915	-0.0421570906	-0.1008542807	0.1488096252	0.0275138721	-0.0811148327	-0.0065436615	-0.1027114147	0.0752985619	-0.0502195181	-0.1548751994	-0.0311729566	-0.0441343224	0.0263048923	-0.017814788	-0.1037299208	-0.0443586391	-0.0343521602	-0.1093552894	-0.2371932672	-0.0812891839	-0.0151334143	-0.0085961349	-0.0910517644	-0.065328253	0.020505548	-0.0006728495	0.1324661094	0.0395482136	-0.0634724008	0.0510027931	-0.0314449679	-0.1602484953	0.0831562907	-0.0410254487	0.0662274907	-0.0001823561	0.0770238917	-0.1010554665	0.0964747338	-0.0889933628	0.0788362905	-0.0422666	-0.0023289	5.423775210000009e-06	0.00178646547556	0.04636	-0.0172222999999999	0.0021492496	0.0002966076172899	0.0294326	0.0165063999999999	0.00086627794276	0.0002724612409599	0.0017343	0.00011259	1.267650810000002e-08	3.00779649e-06	-0.00453915	0.00019171	2.06038827225e-05	3.675272410000013e-08	-0.00176723	-0.0002251	5.067001e-08	3.1231018729000003e-06	0.0	0.0	0.0	0.0	0.0	0.0	0.0	0.0	0.0	0.0	0.0	0.0	0.0	0.0	0.0	0.0	0.0	0.0	0.0	0.0	0.0	0.0	0.0	0.0	0.0	0.0	0.0	0.0	0.0	0.0	0.0	0.0	0.0	0.0
67810.81924920445	41.60730676272942	1731.1679760478696	4598307207.248277	87446.63226671456	-1114.0235474641668	7646913494.790004	1241048.4643046467	65424.48156269981	-165.47596807065565	4280362787.748048	27382.29600892065	69945.04160539657	74021.75362847894	1.154146	20.628948	0.0553342	0.0267383	0.0702028532	0.0117271308	-0.0289673879	-0.0454757417	-0.0678124001	-0.0258707717	0.0887820423	0.0022884386	-0.0063296393	0.0875491013	-0.0219777401	-0.0212600222	0.0346649051	-0.0266232296	-0.0293036591	-0.1614420889	0.0250066806	-0.0430118407	-0.0378990231	0.0734035119	-0.1513038542	-0.0037602571	0.0623901288	0.0185896424	0.0836634475	0.0346123477	0.0270801462	0.1262484282	0.1114304572	-0.0526475816	-0.0610706453	-0.0335059154	-0.0441074161	-0.0743503124	0.1314091513	-0.0613506894	-0.0008345713	-0.0214707523	-0.0010203607	-0.116270175	0.0071843034	0.1624301487	0.0415492971	-0.1159919674	-0.0053649931	0.0744799136	0.0075650091	-0.057767156	-0.1021636642	0.0263225092	-0.0664510779	-0.0215289499	-0.0684692566	-0.0778824712	0.0547780299	-0.0953914245	0.0134955272	0.0471493205	0.0302902308	-0.1202688888	-0.1339913438	-0.0350968798	-0.0688353258	-0.0968723012	-0.0293873605	-0.011989415	-0.0018551916	-0.0660515019	-0.073167013	-0.0103417913	0.01649218	-0.0910579501	0.0167767413	0.0239101868	-0.1013346856	0.0975763397	-0.0914153405	0.0830033923	-0.0382244	0.0040422	1.6339380840000023e-05	0.00146110475536	0.0333066	-0.0130534	0.00110932960356	0.00017039125156	0.012925	-0.0165075999999999	0.000167055625	0.0002725008577599	0.00179208	5.77799999999999e-05	3.338528399999988e-09	3.2115507264e-06	-0.00479389	-0.00025474	2.2981381332100004e-05	6.489246760000035e-08	-0.00164513	0.0001220999999999	1.4908409999999995e-08	2.7064527169000003e-06	0.0	0.0	0.0	0.0	0.0	0.0	0.0	0.0	0.0	0.0	0.0	0.0	0.0	0.0	0.0	0.0	0.0	0.0	0.0	0.0	0.0	0.0	0.0	0.0	0.0	0.0	0.0	0.0	0.0	0.0	0.0	0.0	0.0	0.0
67710.02814549777	-100.7911037066806	10158.846586410842	4584647911.4641	87777.29543436854	330.6631676539837	7704853593.772416	109338.13044296652	65539.8402733376	115.35871063778904	4295470663.0546055	13307.632120013144	70043.49499596294	72943.47629019826	1.278461	22.850918	0.1006464	0.0552575	0.0587161651	0.1044852898	0.0401277653	-0.0404287865	-0.072047798	0.0597654881	-0.0733302778	-0.0601017212	0.0011901621	0.022990521	-0.0310265048	-0.1259346575	0.0390155428	-0.0340875278	0.0315987561	0.0567104176	0.0195587071	-0.0489708192	0.0175616129	-0.0146888332	0.0856732906	-0.08779111	0.0026683506	-0.0616356181	-0.0730627777	0.1626060957	0.014326107	-0.1363063981	-0.0683038428	0.0590551778	-0.035280487	-0.0963358245	-0.0223001519	0.0096210036	-0.0066013866	0.0599411376	-0.1194688792	0.0116657759	0.1158470986	-0.0428632463	-0.007204	0.1260075032	-0.167807843	0.106509399	-0.0133479547	0.057082495	0.1103193432	0.0819474629	0.0172440047	0.0028948965	-0.1109825868	-0.012733604	-0.0113735825	-0.0796626994	-0.1170333554	0.006468305	-0.0069013277	0.0494521642	-0.0514920037	0.0338771448	0.0364901857	-0.0950208065	0.0087345869	-0.0629401299	-0.1150118151	0.0390546893	-0.1672000605	0.0051934	-0.0458902007	-0.1068471219	-0.1224722133	-0.0166950111	-0.0215095038	-0.060060872	-0.1015862008	0.0985712473	-0.0936124309	0.0868075413	-0.0361994	0.0020249999999999	4.100624999999996e-06	0.00131039656036	0.0664492	0.0331426	0.00441549618064	0.00109843193476	0.0208338	0.0079087999999999	0.0004340472224399	6.254911743999999e-05	0.00249263	0.00070055	4.907703025000001e-07	6.2132043169e-06	-0.00516503	-0.0003711399999999	2.66775349009e-05	1.377448995999999e-07	-0.00172484	-7.970999999999998e-05	6.353684099999997e-09	2.9750730256e-06	0.0	0.0	0.0	0.0	0.0	0.0	0.0	0.0	0.0	0.0	0.0	0.0	0.0	0.0	0.0	0.0	0.0	0.0	0.0	0.0	0.0	0.0	0.0	0.0	0.0	0.0	0.0	0.0	0.0	0.0	0.0	0.0	0.0	0.0
67784.20210361663	74.17395811885945	5501.776063018315	4594698054.823945	87293.26278106438	-484.03265330416616	7620113726.963959	234287.6094646711	65566.3040331282	26.46375979059667	4298940224.564603	700.3305822544011	69974.7342268993	73659.51114063244	1.145794	20.479656	0.1056375	0.0522212	-0.0062963361	0.0717650364	-0.0160466288	0.1048282963	-0.0565789009	0.0540136844	-0.0197429239	0.0140197013	0.0271128152	0.0494954897	0.0414737547	0.0157390574	0.0397801257	-0.0053372582	0.1349368615	-0.0066980555	-0.0123238831	-0.0427986337	-0.0145836491	0.0765389509	-0.0293960936	-0.0211094115	0.1350486395	0.1092649587	0.0634472793	0.1035227558	-0.0514499821	0.027096518	0.0562123637	0.0341574067	0.0454382518	0.0137302753	-0.0071894174	-0.008437967	0.0534266062	0.0368604807	-0.0293269069	0.0987160986	-0.0206417523	0.0012980053	-0.1713742499	-0.0953744467	0.0279764057	0.0919274334	-0.0373974562	0.0719660982	0.0137898697	0.0165532035	0.0884344895	-0.051792233	-0.027700495	0.0263934945	0.0144654329	-0.0441231949	-0.0081757146	-0.0584449658	0.0606013178	0.0633721077	-0.0167177336	-0.0240582418	-0.0089391786	0.0637070032	-0.2262617478	-0.0292152125	0.0338516926	0.0710850021	0.1133083324	-0.1180720499	0.0931884793	0.0801417732	0.0093266235	-0.0255496609	0.0408673227	-0.0914525543	-0.1018099433	0.0994583687	-0.0955792289	0.090232103	-0.0257038	0.0104956	0.00011015761936	0.0006606853344399	0.0588234	-0.0076258	0.0034601923875599	5.815282564000003e-05	-0.0217768	-0.0426106	0.0004742290182399	0.0018156632323599	0.00191847	-0.00057416	3.296597056e-07	3.6805271409e-06	-0.00489738	0.00026765	2.39843308644e-05	7.16365225000002e-08	-0.00178114	-5.630000000000001e-05	3.169690000000001e-09	3.1724596996e-06	0.0	0.0	0.0	0.0	0.0	0.0	0.0	0.0	0.0	0.0	0.0	0.0	0.0	0.0	0.0	0.0	0.0	0.0	0.0	0.0	0.0	0.0	0.0	0.0	0.0	0.0	0.0	0.0	0.0	0.0	0.0	0.0	0.0	0.0
67845.42124104785	61.21913743122423	3747.782787823119	4603001183.375227	89961.28330199186	2668.0205209274864	8093032493.34124	7118333.500090175	65745.53887767743	179.23484454923891	4322475882.316195	32125.12950058984	70348.27018605056	73789.9034611181	1.358443	24.280497	0.1149336	0.0658229	-0.1251776323	-0.0443692275	-0.0191678609	-0.1141203328	0.1709306423	-0.00382892	0.0561962141	0.026170114	0.0724895532	-0.0766855724	0.0908713672	-0.0348377386	-0.0587480149	0.0441199108	-0.0326035308	-0.1532031835	-0.0051788209	-0.115677297	-0.0500389241	-0.0484673304	0.0119857126	-0.0144581118	0.0439062142	0.0938852243	-0.0565552091	-0.0751121897	-0.0255522004	0.0235468219	0.1814768329	-0.0116373267	-0.0731101989	-0.0288146344	0.0074577505	0.0014339497	-0.0382994067	-0.0234729049	-0.0827606915	-0.0965210308	-0.0178003403	0.0927583246	-0.06907317	-0.0648857757	-0.0308600531	0.0449126654	-0.0746412568	-0.1268814755	-0.0769644082	0.0252240384	-0.1014500316	0.0068052307	0.0665263921	-0.0140757848	0.0328706278	-0.0100291067	0.0509813121	-0.1757136108	0.0291248856	-0.0436502018	-0.0197489496	0.054054193	0.0414391177	-0.0543444214	-0.1545693356	-0.070734029	0.0421521191	-0.0368780258	-0.0446237086	0.0182511532	-0.0006613746	-0.0489658353	-0.0124714263	0.0188358901	-0.0732741213	0.0161638478	-0.102005852	0.1002367339	-0.0973108962	0.0932621027	-0.0290632	-0.0033594	1.1285568360000014e-05	0.00084466959424	0.0342384	-0.0245849999999999	0.00117226803456	0.0006044222249999	0.0314694	0.0532462	0.00099032313636	0.00283515781444	0.0015173	-0.0004011699999999	1.6093736889999997e-07	2.3021992900000003e-06	-0.00502331	-0.0001259299999999	2.52336433561e-05	1.5858364899999948e-08	-0.0019289	-0.00014776	2.1833017600000013e-08	3.7206552100000006e-06	0.0	0.0	0.0	0.0	0.0	0.0	0.0	0.0	0.0	0.0	0.0	0.0	0.0	0.0	0.0	0.0	0.0	0.0	0.0	0.0	0.0	0.0	0.0	0.0	0.0	0.0	0.0	0.0	0.0	0.0	0.0	0.0	0.0	0.0
67729.48669241942	-115.93454862842918	13440.819565677612	4587283367.61862	86975.40442600723	-2985.878875984636	7564720975.067517	8915472.662051272	65687.97424472506	-57.56463295237336	4314909960.375663	3313.6869669414687	70207.041395274	72951.397443715	1.531452	27.372814	0.0471308999999999	0.0285504	0.0683416691	-0.0519809772	0.0644836403	0.0279170519	-0.0563231669	-0.0806497542	-0.0516916094	-0.0641436359	0.0419955938	-0.0788998551	-0.0976548158	0.1129443953	0.0489059287	0.0725776929	0.0412198397	-0.0611350894	-0.0522946801	-0.0510045617	0.0284278617	0.0953392709	0.0961484891	-0.0555817381	-0.079702358	-0.031357771	0.0433564291	0.0758409403	-0.0450782311	-0.0580373786	0.0448549684	0.0230750176	0.1111839477	0.0474603384	-0.0094612539	0.001598929	-0.0018379433	-0.0416447714	0.0962028672	-0.0736649804	-0.0186151429	-0.0027362461	-0.0410306612	0.0013645751	-0.0518660533	0.0404277264	0.1008061067	-0.0415793322	0.0634230558	-0.0660618122	0.088791088	8.17043e-05	0.0179370285	0.0622681077	-0.0180699431	0.0193411342	0.0072486932	-0.0776896524	-0.0731587808	-0.0309651362	0.0080627724	-0.0234690012	0.0760012737	-0.0583293807	-0.0688482518	0.0391972245	0.1535338837	0.050288677	-0.0586895517	0.0342232465	0.0541491224	0.1046850187	0.0483935657	0.0411610434	-0.1017089694	-0.082105517	-0.1021738733	0.1009054916	-0.0988031726	0.0958842909	-0.0282783	0.0007849	6.160680100000025e-07	0.00079966225089	0.0588977	0.0246592999999999	0.00346893906529	0.0006080810764899	0.0275677	-0.0039017	0.00075997808329	1.5223262890000008e-05	0.00170841	0.0001911099999999	3.65230321e-08	2.9186647281000003e-06	-0.00494364	7.966999999999957e-05	2.44395764496e-05	6.347308899999931e-09	-0.00184398	8.492000000000005e-05	7.211406400000008e-09	3.4002622404000004e-06	0.0	0.0	0.0	0.0	0.0	0.0	0.0	0.0	0.0	0.0	0.0	0.0	0.0	0.0	0.0	0.0	0.0	0.0	0.0	0.0	0.0	0.0	0.0	0.0	0.0	0.0	0.0	0.0	0.0	0.0	0.0	1.0	0.0	0.0
67678.95268364013	-50.53400877928652	2553.6860433050074	4580440636.354401	87736.38893013947	760.9845041322405	7697673942.500699	579097.4155293921	65586.69811980499	-101.27612492007027	4301614970.258431	10256.853478825682	70030.1084894029	73503.93916025516	1.170212	20.916101	0.0995221299999999	0.0642877	0.0556057617	0.0852436717	0.0402933756	-0.0434105521	-0.0687165699	0.0584915827	-0.0556013389	0.0194587226	-0.0356471242	0.0194618636	-0.0048854969	0.0379075919	0.0306079416	-0.0199359984	0.1031313915	-0.0075408878	-0.0080665122	-0.0422451475	-0.0676796122	0.021567575	-0.0384560481	-0.0007844377	0.0537475087	-0.0176956709	-0.0501623564	0.1118903629	0.0232022114	-0.0727196949	0.0176037604	-0.094663543	0.0485352773	0.0948607424	-0.0421456549	-0.1182058601	-0.1069077442	0.0481259447	0.0666613197	0.0504236533	0.0378447937	0.0999986981	-0.0507258416	0.0311146211	0.0139475696	0.026865337	0.0054307893	0.0654639214	0.0651720309	0.0420054925	0.0862956484	-0.0721198835	-0.0038291716	-0.0108276165	0.0027022424	-0.0452056452	-0.0236161621	-0.0769657128	0.1074907412	-0.0212726508	-0.0172294068	-0.041676701	0.019854653	-0.0574325482	-0.1120108062	0.1352498994	-0.0244111975	0.013940323	-0.0238067068	0.0690631749	0.0184525475	0.0127992096	-0.0591172134	-0.0213179017	0.0998970953	0.0692403079	-0.1023139614	0.1014639107	-0.1000523871	0.0980872016	-0.0257216	0.0025566999999999	6.536714889999992e-06	0.00066160070656	0.061978	0.0030803	0.003841272484	9.488248090000008e-06	-0.00934243	-0.03691013	8.728099830490001e-05	0.0013623576966169	0.00262234	0.0009139299999999	8.352680448999997e-07	6.8766670756e-06	-0.00499769	-5.404999999999993e-05	2.49769053361e-05	2.921402499999992e-09	-0.00167246	0.00017152	2.9419110400000032e-08	2.7971224516e-06	0.0	0.0	0.0	0.0	0.0	0.0	0.0	0.0	0.0	0.0	0.0	0.0	0.0	0.0	0.0	0.0	0.0	0.0	0.0	0.0	0.0	0.0	0.0	0.0	0.0	0.0	0.0	0.0	0.0	0.0	0.0	0.0	0.0	0.0
67777.54824098943	98.59555734929744	9721.083929018603	4593796045.559649	89080.54580965909	1344.1568795196215	7935343641.746772	1806757.7167599269	65786.46165181426	199.7635320092668	4327858536.665628	39905.46872081736	70328.78893995982	73818.2070414904	1.504449	26.890179	0.11220362	0.0688563	-0.1122748242	-0.0411817826	0.0959566638	0.0586354881	0.108985784	0.0186745153	-0.0461186854	0.0266400633	0.0423432908	-0.0700063581	0.1064257261	-0.0733991058	0.1139464314	-0.0770717934	0.0437168984	-0.027360054	0.0115357543	0.1239541732	0.0625825578	-0.0198890384	0.1016119819	-0.0240343258	0.0181354296	0.1333836841	-0.021237295	0.0072258639	-0.0081376433	0.0523310125	0.077389034	-0.0171021676	-0.0184091748	-0.0203878216	0.0825882715	-0.0206941766	-0.0201995916	-0.0283303644	-0.0184673267	-0.0162335352	0.0079625214	0.127571535	0.0083083375	-0.0126667307	-0.1169005256	-0.0674429033	-0.0615223238	-0.0971415973	-0.0115804393	0.0489345555	-0.0268917791	-0.0272938654	-0.0222380519	0.0984140636	-0.1145717648	-0.0759981894	-0.0963549314	0.1127996016	0.1327386026	-0.0480709531	0.0487373255	-0.0175596718	0.0798982843	-0.0552405758	-0.160007585	0.0857486965	0.0627706815	0.052992596	0.0873419796	-0.0099006784	-0.0562834075	-0.1728190809	0.0332052766	0.1092865631	-0.1245206853	-0.0414365495	-0.1024260777	0.1019113804	-0.1010554665	0.0998612018	0.00366195	0.02938355	0.0008633930106025	1.34098778025e-05	0.0633158	0.0013378	0.00400889052964	1.789708840000019e-06	-0.0211497	-0.01180727	0.00044730981009	0.0001394116248529	0.00142401	-0.0011983299999999	1.4359947888999997e-06	2.0278044801000003e-06	-0.00498568	1.20099999999998e-05	2.48570050624e-05	1.4424009999999516e-10	-0.0014893	0.0001831599999999	3.354758559999997e-08	2.21801449e-06	0.0	0.0	0.0	0.0	0.0	0.0	0.0	0.0	0.0	0.0	0.0	0.0	0.0	0.0	0.0	0.0	0.0	0.0	0.0	0.0	0.0	0.0	0.0	0.0	0.0	0.0	0.0	0.0	0.0	0.0	0.0	0.0	1.0	0.0
67895.52563987645	117.97739888701472	13918.66664814578	4609802401.91512	87336.19967878358	-1744.3461308755068	7627611774.332357	3042743.4243003507	65499.98791660006	-286.4737352141965	4290248417.0747538	82067.20096757356	70132.33276649105	73343.0402311865	1.631648	29.163694	0.11509767	0.0777643999999999	0.0869021708	-0.0465750718	-0.0478832957	-0.0535982235	-0.0565096446	-0.0879449108	0.0282274585	-0.0907470725	-0.0725664993	0.0826551014	-0.0535793478	0.1141055618	-0.0549354686	-0.1512884672	0.0627792661	-0.1064435281	-0.099995915	0.034482322	0.0901505708	-0.1324758778	0.0004485227	0.0468804183	0.0823359422	-0.0364936636	0.0463379053	0.0149147745	0.0253497291	0.0210366274	-0.0777974105	0.1126747976	0.1504300182	-0.0112626869	0.0935782749	-0.1052075501	0.088386453	0.0188430225	0.0612246654	-0.0046840677	0.0363874376	0.0668423548	0.0101021027	0.0079557162	-0.1719642749	-0.0660591037	0.0708273042	0.055763117	-0.0871316572	-0.0923514849	0.0354128505	0.0546270661	0.0280579278	0.1131737406	-0.2057165053	-0.0015160235	0.0142857635	0.0006782265	-0.0566064046	-0.0641031894	0.0688053072	0.0734645466	-0.1096061071	0.0804762687	-0.0297951992	0.0713700178	-0.2259777134	0.0366674695	-0.0873378105	-0.0472403198	0.0526405919	-0.035468239	-0.1878020517	-0.0456047059	-0.0306898233	0.0586004524	-0.1025101919	0.1022474116	-0.1018099433	0.1011985345	-0.00625198	-0.00991393	9.82860080449e-05	3.90872539204e-05	0.0534933	-0.0098225	0.00286153314489	9.648150625000008e-05	0.00554159	0.02669129	3.07092197281e-05	0.0007124249618641	0.000112851	-0.001311159	1.7191379232810002e-06	1.2735348200999998e-08	-0.00497588	9.799999999999911e-06	2.47593817744e-05	9.603999999999828e-11	-0.00154174	-5.243999999999995e-05	2.749953599999995e-09	2.3769622276e-06	0.0	0.0	0.0	0.0	0.0	0.0	0.0	0.0	0.0	0.0	0.0	0.0	0.0	0.0	0.0	0.0	0.0	0.0	0.0	0.0	0.0	0.0	0.0	0.0	0.0	0.0	0.0	0.0	0.0	0.0	0.0	0.0	0.0	1.0
67843.56863028633	-51.95700959011447	2699.530845547247	4602749804.492372	88110.00438847818	773.8047096945957	7763372873.337644	598773.7287455375	65556.18464773818	56.196731138115865	4297613345.568342	3158.0725906096814	69946.26902530191	73395.26835898517	1.218174	21.773367	0.09630328	0.0636386	0.0048211959	0.0773722475	-0.0239105983	-0.12739543	-0.0336954984	0.0835006699	0.0925471696	-0.0756862487	-0.0241935855	0.0883181724	0.0854175446	0.013326119	0.0256029066	-0.0347861094	0.0100431104	0.0213281726	0.0054619728	0.0337590235	0.0465143582	-0.0115639134	0.0672359208	-0.0429182687	-0.051815032	0.0902513957	0.04125664	0.0112320588	0.079770531	0.044968098	-0.0098331031	0.0872526572	0.0258711601	0.0409263142	-0.0306623833	-0.0943164769	0.0352834872	-0.0779071829	0.0729831005	0.0163855998	-0.109411608	-0.0619073212	-0.0098513623	-0.0294714169	0.0085664672	-0.0077728207	-0.0916268108	0.0848335382	-0.0065204268	-0.0649557464	0.0310771398	0.0053862475	-0.0169053305	0.0261117212	-0.0544723995	-0.0639731098	-0.0860833049	0.0351457357	0.042427791	-0.0605112178	0.0877909599	0.1145284256	-0.0901867748	-0.0586353268	0.0328182207	0.0270826968	0.0191780817	-0.0325196136	0.0312155883	0.0823100244	0.0153234518	-8.41148e-05	-0.0412788947	0.030117759	0.0262731027	-0.0766751513	-0.1025662807	0.1024716367	-0.1023139614	0.1020933517	-0.0141881	-0.00793612	6.298200065440002e-05	0.00020130218161	0.0449679	-0.0085254	0.00202211203041	7.268244516000004e-05	0.0105989	0.00505731	0.0001123366812099	2.55763844361e-05	0.00134065	0.001227799	1.5074903844010002e-06	1.7973424225000002e-06	-0.00487371	0.00010217	2.37530491641e-05	1.0438708900000081e-08	-0.00170746	-0.00016572	2.7463118400000024e-08	2.9154196516000003e-06	0.0	0.0	0.0	0.0	0.0	0.0	0.0	0.0	0.0	0.0	0.0	0.0	0.0	0.0	0.0	0.0	0.0	0.0	0.0	0.0	0.0	0.0	0.0	0.0	0.0	0.0	0.0	0.0	0.0	0.0	0.0	0.0	0.0	0.0
67892.86566290414	49.29703261780378	2430.1974249208097	4609441207.921147	89943.5931366219	1833.588748143724	8089849946.326179	3362047.6973192687	65817.20126178868	261.01661405050254	4331903981.934797	68129.672810389	70361.22190522157	74196.67259555231	1.134707	20.28149	0.0704614603	0.0367996	-0.1118074786	-0.001263074	0.0169846788	-0.1065880139	0.1211657562	0.0846968191	-0.0152755239	-0.0852832238	0.0078279947	-0.0916571498	0.1311480116	-0.0841925199	-0.0254177082	-0.0586113584	-0.0333909356	0.0592069016	0.0115346701	0.0852538406	0.0423445129	-0.1106662507	0.1014745817	0.0488742194	-0.1138794184	-0.0262363164	-0.1204621033	0.0938987628	0.0245668409	-0.0160319408	-0.0204819105	0.0186344335	-0.0100728767	-0.0348029586	-0.2570469842	-0.0776749595	0.0797174533	-0.2638998912	-0.0246833854	0.0501147182	-0.024272256	0.0204786415	-0.0805660512	-0.0061167094	0.0018026917	0.0606235066	-0.1027679022	-0.1161478007	0.0139812367	0.0345839597	-0.0131291762	0.0814479305	-0.0464141292	0.0017514123	-0.0715312074	-0.1685232651	-0.0113128026	0.120293462	0.002839568	-0.1010897148	0.0734815644	0.0663588424	0.0448388396	-0.0834954466	0.1333012479	0.0272843577	0.052631821	-0.0520728045	0.0803205062	0.0146967318	0.0339218238	0.0686703297	-0.0839644617	0.0010159823	0.1264094588	-0.2006771039	-0.102594329	0.1025838106	-0.1025662807	0.1025417406	-0.0081522799999999	0.0060358200000001	3.6431123072401206e-05	6.645966919839838e-05	0.0536814	0.0087134999999999	0.0028816927059599	7.592508224999999e-05	5.82597e-05	-0.0105406403	3.39419264409e-09	0.0001111050979339	0.00171188	0.0003712299999999	1.3781171289999996e-07	2.9305331344e-06	-0.0053613	-0.00048759	2.8743537690000003e-05	2.377440081000004e-07	-0.00166285	4.461000000000005e-05	1.9900521000000046e-09	2.7650701225e-06	0.0	0.0	0.0	0.0	0.0	0.0	0.0	0.0	0.0	0.0	0.0	0.0	0.0	0.0	0.0	0.0	0.0	0.0	0.0	0.0	0.0	0.0	0.0	0.0	0.0	0.0	0.0	0.0	0.0	0.0	0.0	0.0	0.0	0.0
