global_signal	global_signal_derivative1	global_signal_derivative1_power2	global_signal_power2	csf	csf_derivative1	csf_power2	csf_derivative1_power2	white_matter	white_matter_derivative1	white_matter_power2	white_matter_derivative1_power2	csf_wm	tcompcor	std_dvars	dvars	framewise_displacement	rmsd	t_comp_cor_00	t_comp_cor_01	c_comp_cor_00	c_comp_cor_01	c_comp_cor_02	c_comp_cor_03	c_comp_cor_04	c_comp_cor_05	w_comp_cor_00	w_comp_cor_01	w_comp_cor_02	w_comp_cor_03	w_comp_cor_04	w_comp_cor_05	w_comp_cor_06	w_comp_cor_07	w_comp_cor_08	w_comp_cor_09	w_comp_cor_10	w_comp_cor_11	w_comp_cor_12	w_comp_cor_13	w_comp_cor_14	w_comp_cor_15	w_comp_cor_16	w_comp_cor_17	w_comp_cor_18	a_comp_cor_00	a_comp_cor_01	a_comp_cor_02	a_comp_cor_03	a_comp_cor_04	a_comp_cor_05	a_comp_cor_06	a_comp_cor_07	a_comp_cor_08	a_comp_cor_09	cosine00	trans_x	trans_x_derivative1	trans_x_power2	trans_x_derivative1_power2	trans_y	trans_y_derivative1	trans_y_power2	trans_y_derivative1_power2	trans_z	trans_z_derivative1	trans_z_derivative1_power2	trans_z_power2	rot_x	rot_x_derivative1	rot_x_power2	rot_x_derivative1_power2	rot_y	rot_y_derivative1	rot_y_derivative1_power2	rot_y_power2	rot_z	rot_z_derivative1	rot_z_power2	rot_z_derivative1_power2	motion_outlier00	motion_outlier01	motion_outlier02	motion_outlier03	motion_outlier04	motion_outlier05	motion_outlier06	motion_outlier07	motion_outlier08	motion_outlier09
59822.21427232121	n/a	n/a	3578697320.4435115	106267.1087703339	n/a	11292698406.405975	n/a	57782.990967741935	n/a	3338874045.178146	n/a	70132.00338466256	58150.33661089368	n/a	n/a	n/a	n/a	-0.0102616934	-0.1456655625	-0.1171637822	-0.0299330628	0.0522248319	-0.0172128927	0.0154207938	-0.1246555486	-0.0610464392	0.1404271938	0.190479337	-0.0327366155	0.0483521751	-0.0802671891	0.2231368482	0.0177277439	-0.0767912141	0.0930049459	-0.0528578618	0.046597963	-0.0300087267	0.0777482432	-0.0564833086	0.1955457477	-0.0173848269	0.1025430975	-0.0957633069	-0.0558945156	0.0542809877	0.1496163443	-0.0896059722	0.0896137393	-0.154206587	0.1295168262	-0.0822369975	0.0546841896	-0.0036523617	0.1490484942	0.0783388	n/a	0.00613696758544	n/a	-0.0600583	n/a	0.00360699939889	n/a	-0.358007	n/a	n/a	0.128169012049	0.0129468	n/a	0.0001676196302399	n/a	-0.000485089	n/a	n/a	2.35311337921e-07	0.000602728	n/a	3.6328104198400005e-07	n/a	0.0	0.0	0.0	0.0	0.0	0.0	0.0	0.0	0.0	0.0
59776.7034234593	-45.510848861908016	2071.2373641314343	3573254272.176211	106283.87389233732	16.765122003416764	11296261849.562262	281.0693157894489	57935.64479334677	152.65382560483704	3356538937.6208487	23303.190471792	70527.38215391731	57432.10307627812	1.091826	23.911793	0.10468175	0.0518859	0.0225478285	-0.0513298329	-0.0542270346	-0.0831244301	-0.0137137065	-0.130046078	-0.0307696777	-0.023117593	-0.1198573664	0.0803109316	0.1105298268	-0.0758757111	-0.1892836269	-0.0080860313	0.1448162192	0.0507496884	0.054445487	0.0084214796	-0.1840773025	-0.1556195767	0.0843310637	-0.0665276054	0.1538732724	0.0518875457	-0.1379760773	0.1089268495	-0.0693767339	-0.1374224293	0.0491980449	0.081789818	-0.0164874721	0.1195034195	-0.148677191	-0.0348291605	-0.0433628825	-0.1070119526	-0.0473579406	0.1488669016	0.0906737	0.0123348999999999	0.0082217198716899	0.0001521497580099	-0.0204088	0.0396495	0.00041651911744	0.00157208285025	-0.341729	0.016278	0.000264973284	0.116778709441	0.0124488	-0.000498	0.0001549726214399	2.4800400000000016e-07	-0.000405948	7.914100000000002e-05	6.263297881000003e-09	1.64793778704e-07	0.000753974	0.000151246	5.684767926760001e-07	2.2875352516000022e-08	0.0	0.0	0.0	0.0	0.0	0.0	0.0	0.0	0.0	0.0
59835.33664240667	58.63321894736873	3437.85436413008	3580267511.110134	106868.58799764556	584.714105308245	11420895100.610514	341890.5849464215	57920.44950100807	-15.1952923386998	3354778470.398826	230.89690925854887	70533.79332317809	57918.67545423379	1.025505	22.459316	0.0833108	0.0498671	-0.0121790513	-0.1166525172	-0.0015446916	-0.1039243423	0.0828248036	-0.0558004963	0.0151691707	-0.0466365457	-0.1404374295	0.1084941435	0.0233380611	-0.0501912852	-0.2585273147	-0.0490102117	0.0735676833	-0.0453262611	-0.0538843378	0.1212591391	-0.027898725	-0.0288943635	0.0597159466	-0.0766850518	0.0865665491	0.041592706	0.1968440996	-0.0795103837	0.0473383098	-0.151856295	0.0762241594	0.0473189636	0.0111296197	0.1560864186	-0.079975879	0.0340919574	0.0385721437	-0.1616886942	-0.2237764334	0.1485039376	0.0900911	-0.0005826	0.0081164062992099	3.39422760000003e-07	-0.0404583	-0.0200495	0.00163687403889	0.00040198245025	-0.35819	-0.016461	0.000270964521	0.1283000761	0.0132616	0.0008128	0.00017587003456	6.606438400000011e-07	-0.00049385	-8.7902e-05	7.726761604e-09	2.438878225e-07	0.000730322	-2.3651999999999983e-05	5.333702236840001e-07	5.594171039999992e-10	0.0	0.0	0.0	0.0	0.0	0.0	0.0	0.0	0.0	0.0
59638.21741846438	-197.11922394228893	38855.98844761026	3556716976.8520284	107050.44640544736	181.85840780180297	11459798075.605558	33072.48048820687	57868.79095766129	-51.65854334678443	3348796966.9015007	2668.6051007116057	70302.74560609717	56766.62724791182	1.089609	23.863241	0.1587839999999999	0.0979127	0.0362564251	-0.0269007733	0.0517430311	-0.0471526937	0.0766169877	0.0233374282	0.0514222843	-0.1132464024	-0.0925204934	0.0711478824	0.0606607467	-0.0454145037	-0.1669953182	-0.083069139	0.1247801922	-0.1340751008	0.0291059344	0.1591505182	0.0012261589	-0.1714641002	-0.0231704208	0.0240385944	-0.0741480501	-0.0438952701	-0.1119775578	0.0180454069	0.1601870087	-0.0660603061	0.0660655637	0.0334587986	0.032582794	0.1902865134	-0.0953291111	0.0691112425	0.0467971738	-0.0764010547	-0.2023397008	0.1479600444	0.0894222999999999	-0.0006688	0.0079963477372899	4.472934400001262e-07	-0.0229786	0.0174797	0.0005280160579599	0.00030553991209	-0.292127	0.0660629999999999	0.0043643199689999	0.085338184129	0.0120522	-0.0012093999999999	0.00014525552484	1.4626483599999984e-06	-0.000306491	0.000187359	3.5103394881e-08	9.393673308100001e-08	0.000635631	-9.469100000000005e-05	4.04026768161e-07	8.966385481000008e-09	0.0	0.0	0.0	0.0	0.0	0.0	0.0	0.0	0.0	0.0
59671.181337358896	32.96391889451479	1086.6199488841492	3560649882.1959686	106688.32932363014	-362.11708181722497	11382399613.86736	131128.7809438228	57839.01980846774	-29.7711491935479	3345352212.404324	886.3213243044877	70453.29293984275	57851.39211463559	1.148632	25.155878	0.1152484499999998	0.0691849	0.0170380167	-0.1583078643	-0.0109120179	-0.060403091	0.0274393755	-0.0348508446	0.0351198404	-0.1363906352	-0.0807011589	0.1567024811	0.0527814198	-0.0631876244	-0.0971736357	-0.00626527	0.2600564844	-0.0078068224	-0.1593556692	0.0418726373	-0.1143923163	-0.1137943711	0.0039119466	-0.0058719316	-0.0030620779	-0.0072368611	0.1296815007	-0.0219983662	0.150269543	-0.1181901521	0.0182448405	0.0974454855	-0.0082579158	0.1591391515	-0.0756782598	0.0743295243	-0.0275057055	0.0417835876	-0.0741924084	0.1472358847	0.0836798	-0.0057424999999999	0.0070023089280399	3.2976306249998855e-05	-0.029219	-0.0062404	0.000853749961	3.894259216e-05	-0.308401	-0.0162739999999999	0.0002648430759999	0.095111176801	0.0132661	0.0012138999999999	0.00017598940921	1.4735532099999969e-06	-0.000570009	-0.000263518	6.9441736324e-08	3.24910260081e-07	0.000373218	-0.000262413	1.3929167552399998e-07	6.886058256900001e-08	0.0	0.0	0.0	0.0	0.0	0.0	0.0	0.0	0.0	0.0
59440.07613172559	-231.10520563330647	53409.61607081287	3533122650.545334	106264.33266802228	-423.996655607858	11292108397.380108	179773.1639666485	57785.960030241935	-53.05977822580462	3339217176.6167183	2815.3400653715703	70155.05326978765	55067.07270573924	1.448044	31.713224	0.1508868999999999	0.0938999	0.115992214	0.0307497879	0.0174712975	-0.0522889423	-0.0500144027	-0.0179364945	0.0117001406	-0.0891508012	-0.063180316	0.1552257555	0.099290619	-0.0562642651	-0.0121893252	0.0126683326	0.0368009347	-0.0586792259	0.0724309185	-0.01718958	0.0389161238	-0.0763997988	0.1653715109	-0.0951257498	-0.004368955	0.293744572	-0.0530555458	0.1545614269	0.1358175963	-0.0638618896	0.030333712	0.0539318567	-0.0006302478	0.1712556855	-0.0879425518	0.137707749	-0.0813310361	-0.0557008296	0.0924557277	0.1463323407	0.0870958	0.003416	0.00758567837764	1.1669056000000016e-05	-0.0550006	-0.0257816	0.0030250660003599	0.00066469089856	-0.249409	0.0589919999999999	0.0034800560639999	0.0622048492809999	0.0121235	-0.0011425999999999	0.00014697925225	1.3055347599999974e-06	-0.000561631	8.377999999999966e-06	7.019088399999943e-11	3.154293801610001e-07	0.000476186	0.000102968	2.2675310659600002e-07	1.0602409024000011e-08	0.0	0.0	0.0	0.0	0.0	0.0	0.0	0.0	0.0	0.0
60260.17238186463	820.0962501390386	672557.8594921125	3631288375.4920406	107282.58012895976	1018.2474609374768	11509551999.12667	1036827.891705618	57745.77260080645	-40.18742943548568	3334574253.264049	1615.029484632141	71338.86839657738	60055.89645332617	2.967747	64.995857	1.00114365	0.8006109999999999	-0.0471784396	-0.2365593352	-0.41031939	-0.4726437967	-0.3200818587	0.1540887562	0.1216613965	-0.0845589849	-0.1043334169	0.2343350267	0.2423174423	0.2414132122	0.1745931441	0.3215370655	-0.0599932919	-0.2833366591	0.3051476106	0.0638711802	0.0018922967	-0.0493642782	0.150696397	0.2296431071	-0.1698023006	-0.2731218328	-0.0896457356	-0.0619465752	-0.0458031635	-0.3596116628	-0.1335573146	0.5146500577	-0.1097056029	-0.2727695721	0.463563881	-0.1790565846	0.199164163	-0.1483862796	0.1715635645	0.1452505133	0.0994217	0.0123259	0.00988467443089	0.00015192781081	-0.103185	-0.0481844	0.010647144225	0.00232173640336	-1.00881	-0.759401	0.576689878801	1.0176976161	0.0153485	0.0032249999999999	0.00023557645225	1.0400624999999992e-05	-0.000180401	0.00038123	1.4533631290000005e-07	3.2544520801000006e-08	0.000494603	1.841700000000001e-05	2.4463212760900004e-07	3.3918588900000035e-10	1.0	0.0	0.0	0.0	0.0	0.0	0.0	0.0	0.0	0.0
60383.7107095699	123.53832770527517	15261.718412215954	3646192519.057027	106349.39220087756	-933.1879280822031	11310193221.496077	870839.7091183552	58142.70097782258	396.92837701612734	3380573676.9964905	157552.13648065692	71782.21730212355	58424.48069140436	3.092011	67.717323	1.6368984	1.25859	0.0088973936	-0.0062102099	0.0362823764	0.1994951397	0.2387377779	-0.2541708391	0.3408432397	-0.2476514689	-0.2448491259	0.1415209826	-0.2405880365	-0.2953815906	0.2355935761	-0.0806964321	-0.1212510791	0.3158350252	0.1768435678	0.2175084357	-0.0842952832	-0.1813123016	-0.0236328809	0.1484386887	-0.0900826064	-0.1031404595	0.0475568134	-0.0430508996	-0.1902326031	-0.379971111	-0.0145729046	-0.2911712144	-0.3218049631	-0.0597962283	0.2739971665	-0.0635264554	-0.0024507428	0.4585635149	-0.41298987	0.1439917206	0.148293	0.0488713	0.021990813849	0.00238840396369	-0.152781	-0.049596	0.023342033961	0.002459763216	0.143363	1.152173	1.3275026219289998	0.0205529497689999	0.0083141099999999	-0.00703439	6.912442509209835e-05	4.9482642672101387e-05	-0.000421394	-0.000240993	5.8077626049e-08	1.7757290323600005e-07	0.000944382	0.000449779	8.91857361924e-07	2.0230114884100002e-07	0.0	1.0	0.0	0.0	0.0	0.0	0.0	0.0	0.0	0.0
59949.50501921206	-434.2056903578414	188534.58153912963	3593943152.048532	105781.1072051584	-568.2849957191502	11189642641.549215	322947.8363595145	58361.70158770162	219.00060987904	3406088212.2119336	47961.26712739147	71422.92408954713	52653.57960896889	3.036876	66.509827	0.5448699	0.24332	0.1828405235	0.4245808734	0.1901391679	0.0829977244	0.0762159581	-0.5424573664	0.0444068885	0.1487637758	-0.4126617023	0.0089381105	-0.3233531308	-0.2574828277	0.0189921597	-0.2379582079	0.1006362077	-0.1190916217	0.2446067042	-0.4443442105	0.1211163609	0.1437244939	-0.0672155448	0.0191054912	-0.0310708799	-0.0744384341	0.0115022364	-0.0691333755	-0.0205410884	-0.3627924166	0.1926881028	-0.5332007651	-0.1709033575	-0.0198634767	-0.1895179356	-0.3149236149	0.0765957631	-0.2795454665	0.3519638631	0.1425574961	0.0485754	-0.0997176	0.0023595694851599	0.00994359974976	-0.0373741	0.1154069	0.00139682335081	0.01331875256761	0.149833	0.00647	4.1860900000000045e-05	0.0224499278889999	0.00630674	-0.0020073699999999	3.97749694276e-05	4.029534316899601e-06	-0.002728	-0.002306606	5.320431239236001e-06	7.441984e-06	-0.00120715	-0.002151532	1.4572111224999998e-06	4.629089947023999e-06	0.0	0.0	1.0	0.0	0.0	0.0	0.0	0.0	0.0	0.0
59995.29844900823	45.79342979616922	2097.038212496679	3599435835.985569	106585.95260595034	804.8454007919354	11360565292.917892	647776.1191759311	58032.17600806452	-329.5255796370984	3367733452.230979	108587.1076351657	70017.61428043556	59721.4923813486	4.004098	87.69269599999998	1.143561	0.622102	-0.0529359923	-0.3183919267	-0.2532765801	-0.0954155233	0.0863691761	0.0373905174	0.0994781208	-0.3099165236	-0.2858219642	0.1027106881	0.1035914173	0.1292934734	0.1598526731	0.206914863	-0.1327417603	-0.2233102439	-0.064477733	0.0889889132	0.0605969555	0.1279857435	-0.4037860455	-0.0602835426	0.1442474843	0.1302747545	-0.0490645015	0.077214918	-0.099484853	-0.0748583429	0.2667127561	0.1691354349	-0.1293543428	-0.2165908893	0.0735106424	0.457945448	-0.2669993991	-0.2061760228	-0.0294627493	0.1409495873	-0.065953	-0.1145284	0.004349798209	0.01311675440656	0.1332	0.1705741	0.01774224	0.02909552359081	-0.376794	-0.526627	0.277335997129	0.141973718436	0.00752726	0.00122052	5.66596431076e-05	1.4896690704000002e-06	-0.00401311	-0.00128511	1.651507712100001e-06	1.61050518721e-05	-0.00533815	-0.004131	2.84958454225e-05	1.7065161e-05	0.0	0.0	0.0	1.0	0.0	0.0	0.0	0.0	0.0	0.0
59904.61975633514	-90.67869267309288	8222.625304901228	3588563468.1510983	105991.22602472176	-594.7265812285768	11234139994.223656	353699.706419831	57806.55393145161	-225.6220766129045	3341597677.429824	50905.32145511935	70239.58022391812	58510.44885726132	2.380365	52.131752	0.8637205	0.395723	-0.0122928872	-0.223521665	-0.0291272025	-0.2238415997	-0.0374001916	-0.2662224342	-0.1570457546	-0.0052013172	-0.0708890092	0.107623863	0.2153888719	0.214934169	-0.1082260682	-0.0267272119	-0.0746294669	0.0522231658	0.018064678	-0.0817057256	0.0766603594	0.0918740193	-0.0669832924	-0.0363985017	0.0721667786	-0.0879436686	0.2406603464	-0.1543749373	0.0445787155	-0.1155558882	0.059635096	0.2252410421	0.1893826248	0.1022643685	-0.2082912989	-0.1298714389	-0.0437273068	-0.0764793216	0.022549184	0.1391699531	-0.0296746	0.0362784	0.00088058188516	0.00131612230656	-0.0492151	-0.1824151	0.0024221260680099	0.03327526870801	-0.624656	-0.2478619999999999	0.0614355710439999	0.390195118336	0.0101561	0.0026288399999999	0.0001031463672099	6.910799745599997e-06	-0.00151797	0.00249514	6.2257236196000015e-06	2.3042329209e-06	-0.00251883	0.0028193199999999	6.344504568900001e-06	7.948565262399999e-06	0.0	0.0	0.0	0.0	1.0	0.0	0.0	0.0	0.0	0.0
59687.33266329019	-217.28709304494987	47213.680803924704	3562577680.458268	106310.85839576198	319.6323710402212	11301998612.843756	102164.85261679362	57678.502560483874	-128.0513709677398	3326809657.619745	16397.15360671771	70318.33842352396	59781.090712172845	1.89709	41.54768	0.622629	0.339659	-0.0183287752	-0.2293678381	0.2456315087	-0.1630701504	-0.2161498433	-0.0879475727	0.054025305	-0.2264900295	0.0168433381	0.1497605374	0.0951122898	0.0387449727	-0.1034542877	0.0577993832	-0.185389107	0.1117387232	-0.0700424776	-0.0539972955	0.007996527	0.1564008224	-0.046395951	0.1094773173	-0.0579780471	-0.0532048575	0.1112435074	-0.1296919029	0.1428252893	-0.1042893528	-0.0379882607	0.0781008722	0.1732362121	0.266144287	0.0614061064	0.0452363877	0.0229718871	0.1379577699	0.1659044861	0.1372207617	-0.0161291	0.0135454999999999	0.00026014786681	0.0001834805702499	-0.00263535	0.0465797499999999	6.945069622499999e-06	0.0021696731100624	-0.363143	0.261513	0.068389049169	0.131872838449	0.00730978	-0.0028463199999999	5.34328836484e-05	8.101537542399997e-06	0.000576915	0.002094885	4.388543163225e-06	3.32830917225e-07	-0.00144022	0.00107861	2.0742336484000004e-06	1.1633995321e-06	0.0	0.0	0.0	0.0	0.0	1.0	0.0	0.0	0.0	0.0
59635.813058127686	-51.51960516250256	2654.26971610016	3556430199.1039524	107172.35338720036	861.494991438376	11485913330.550957	742173.6202734075	57694.28949596774	15.786935483869456	3328631040.444534	249.22733197185653	70495.025228493	57868.16313729203	1.40072	30.676813	0.31537595	0.191897	0.0667319226	-0.0886752465	0.2247785861	-0.0741445192	0.0057354464	-0.1028822371	0.2092118854	-0.132810757	0.0137628973	0.1733478759	0.0117504078	0.0175870953	0.0379015561	0.0311020813	-0.1010448726	0.2713563009	-0.1567295355	-0.0127211707	0.1871458098	0.0434151516	0.0526753477	-0.2231859086	0.0066112656	-0.0720150699	0.124892565	0.0165851332	-0.009423749	-0.1082505079	-0.0377643304	-0.0050206425	0.1034245726	0.2065108777	-0.0123961054	0.1122967905	-0.0009293914	0.2743537227	0.2044975525	0.135104388	-0.017728	-0.0015989	0.000314281984	2.556481210000001e-06	-0.0612369	-0.0586015499999999	0.0037499579216099	0.0034341416624024	-0.193469	0.169674	0.0287892662759999	0.037430253961	0.00663096	-0.00067882	4.39696305216e-05	4.607965924000002e-07	0.000117046	-0.000459869	2.11479497161e-07	1.3699766116000001e-08	-0.000868879	0.000571341	7.54950716641e-07	3.2643053828100004e-07	0.0	0.0	0.0	0.0	0.0	0.0	0.0	0.0	0.0	0.0
59276.98663457311	-358.8264235545721	128756.40224096518	3513761144.4753594	105437.56205854024	-1734.7913286601251	11117079492.848524	3009500.953994362	57507.17595262096	-187.11354334678617	3307075286.0457063	35011.478103789625	69816.76737703105	55503.565118963066	1.446945	31.689154	0.1916159	0.098302	0.0949234577	-0.1542324592	-0.0592795834	0.1372377614	-0.0834444696	-0.0197836124	0.1254982248	-0.1053043712	0.1251105752	0.1883279901	0.0370566254	0.0334312979	-0.0177191516	-0.0100616305	-0.1354412422	0.1036706412	-0.0902841274	-0.1103480725	-0.1716715146	0.0738280538	0.0155940834	-0.1726903263	0.1254832975	0.1286608638	-0.0153948182	-0.1534270928	-0.0088575329	0.0139784598	-0.140360051	0.0476268595	-0.0505375079	0.1219314888	-0.1194165336	0.1530070607	-0.0462747088	0.1155430369	0.0593906055	0.1328234104	-0.00227075	0.01545725	5.156305562500001e-06	0.0002389265775625	-0.0261848	0.0350520999999999	0.00068564375104	0.0012286497144099	-0.176548	0.0169209999999999	0.0002863202409999	0.031169196304	0.00504865	-0.00158231	2.54888668225e-05	2.5037049361e-06	-0.000175318	-0.000292364	8.5476708496e-08	3.0736401124e-08	-0.000259842	0.000609037	6.7517864964e-08	3.70926067369e-07	0.0	0.0	0.0	0.0	0.0	0.0	0.0	0.0	0.0	0.0
59492.22529681534	215.2386622422273	46327.6817238236	3539324870.767035	106199.86181908177	762.2997605415294	11278410650.39206	581100.924921673	57672.368996975805	165.1930443548481	3326102145.723336	27288.74190322281	70080.90224194618	54362.9595594277	1.108498	24.276934	0.14632939	0.0804750999999999	0.1435597672	-0.030502255	-0.1297994133	0.1285256111	0.0056952989	-0.0420365613	0.1691743359	0.0550228311	0.0899650213	0.080503228	0.0710025205	-0.0179659123	0.0636715073	-0.092806837	-0.0421115562	0.2757714762	0.0141783302	-0.1854144305	-0.0058668656	0.0020394336	0.0949362594	-0.0890666523	0.0234124131	-0.1400088065	-0.1293675795	0.0578294746	0.0334289382	-0.0038896953	-0.1170558707	0.0058786993	-0.1141399437	-0.0640622101	-0.2201306158	0.0591241595	0.0227784908	0.1660894501	0.1127294572	0.130380608	-0.0144756	-0.01220485	0.00020954299536	0.0001489583635225	-0.00237431	0.02381049	5.6373479761000005e-06	0.0005669394340401	-0.13624	0.040308	0.001624734864	0.0185613376	0.0038761	-0.00117255	1.502415121e-05	1.3748735025e-06	-0.000353498	-0.00017818	3.1748112400000004e-08	1.24960836004e-07	-0.000210451	4.9390999999999975e-05	4.4289623401000006e-08	2.439470880999997e-09	0.0	0.0	0.0	0.0	0.0	0.0	0.0	0.0	0.0	0.0
59688.56990650769	196.3446096923508	38551.20575524157	3562725377.4840555	106700.8508374358	500.989018354041	11385071569.432726	250989.99651134567	57812.121512096775	139.7525151209702	3342241393.7294426	19530.765482637005	69954.09089697957	55342.855037253874	1.05235	23.047239	0.15545956	0.0838089999999999	0.0880116363	-0.0112052775	-0.1681366537	0.089189043	0.046579269	-0.0188355262	0.1174994933	0.1110862852	0.0082974548	-0.0371521492	-0.0713273541	0.0141727948	-0.0400494549	-0.1404836423	-0.0472429511	-0.0640958348	-0.0375420431	0.046050234	-0.0269379064	0.1101093721	-0.0933205323	-0.3323605721	-0.1188197289	-0.2302193087	-0.292374628	0.0010271443	-0.0064296997	0.042411411	-0.0191454842	-0.0263990001	-0.0883917402	-0.1177758374	-0.1070340936	0.0934799728	0.0364965378	-0.0852382587	-0.1816667496	0.1277789568	-0.0225831	-0.0081074999999999	0.0005099964056099	6.573155624999997e-05	-0.00018075	0.00219356	3.26705625e-08	4.811705473600001e-06	-0.10123	0.03501	0.0012257001	0.0102475129	0.00265036	-0.00122574	7.0244081296e-06	1.5024385475999998e-06	0.000165755	0.000519253	2.69623678009e-07	2.7474720024999995e-08	0.000247526	0.000457977	6.126912067599999e-08	2.09742932529e-07	0.0	0.0	0.0	0.0	0.0	0.0	0.0	0.0	0.0	0.0
59832.70219605013	144.13228954243823	20774.116888745248	3579952252.081222	105826.5973405394	-874.2534968964028	11199268704.676662	764319.1768355885	57782.91366431452	-29.20784778225789	3338865111.5376253	853.0983720715469	69721.24224782818	56082.79298315288	1.08855	23.840055	0.133519845	0.0706251	0.0568725712	0.0515393796	-0.1189659469	0.0770095568	-0.0358133038	-0.1207998062	-0.0647517815	0.0498249687	0.045427383	-0.0109566539	-0.0671216074	-0.0164946385	0.0123244261	-0.026360971	0.1317300648	0.0308769615	-0.0185647016	0.0089506999	0.0570705116	0.0098338147	0.0192391925	0.0972529051	0.1004501413	-0.1025762192	-0.0585909759	-0.0100030317	0.0111828502	0.0694327396	-0.024558414	-0.0136193222	-0.0761091223	-0.0636887262	-0.0811419659	-0.0337615311	-0.1792394728	-0.052465284	-0.0464583682	0.1250216267	-0.00984335	0.0127397499999999	9.689153922250002e-05	0.0001623012300624	-0.0258254	-0.0256446499999999	0.0006669512851599	0.0006576480736224	-0.0805894999999999	0.0206405000000001	0.00042603024025	0.0064946675102499	0.00158216	-0.0010682	2.5032302656e-06	1.14105124e-06	1.72503e-05	-0.0001485046999999	2.2053645922089995e-08	2.9757285009e-10	-2.56682e-05	-0.0002731942	6.5885649124e-10	7.463507091364e-08	0.0	0.0	0.0	0.0	0.0	0.0	0.0	0.0	0.0	0.0
59855.70843818584	23.006242135707	529.2871772067801	3582705832.637111	105878.56583770334	51.96849716393626	11210270703.84888	2700.7246974780514	57760.68961693548	-22.224047379037074	3336297265.023958	493.9082819056847	69859.22875442407	57351.01422461504	1.005507	22.021339	0.097112625	0.0479379	0.0223079287	0.0267433812	-0.0349126146	0.0052205845	-0.1516149122	-0.061979174	-0.1059470832	0.0876082308	0.0582018502	0.0038354231	-0.1245801786	-0.0209224649	-0.0736888735	0.1415188826	-0.0979983428	0.0170221863	-0.0289385472	0.1276653892	0.201624001	0.1444431328	0.0287260685	-0.033064418	0.0109700237	0.0048453137	-0.2061505642	0.0435522344	0.1284186199	0.05203721	-0.0859539824	-0.0103943179	0.0298436162	0.0324293209	0.0952711418	-0.0471155694	-0.1761380581	-0.1174372283	-0.1444789033	0.122111977	-0.00686886	0.00297449	4.71812376996e-05	8.847590760100003e-06	-0.00651367	0.01931173	4.24278968689e-05	0.0003729429155928	-0.0567159	0.0238735999999998	0.0005699487769599	0.0032166933128099	0.000957188	-0.000624972	9.16208867344e-07	3.90590000784e-07	-0.000198166	-0.0002154163	4.6404182305690003e-08	3.9269763556e-08	-0.000204336	-0.0001786678	4.1753200896e-08	3.1922182756840004e-08	0.0	0.0	0.0	0.0	0.0	0.0	0.0	0.0	0.0	0.0
59636.22385287453	-219.48458531130743	48173.4831892766	3556479195.430161	106132.14868766052	253.58284995717983	11264032985.05968	64304.2617924056	57720.4441078629	-40.24550907257799	3331649668.0089254	1619.701000510957	69940.21014694941	56235.61992357501	1.018583	22.307714	0.0681656349999999	0.0365395	0.0728102607	0.0581794829	0.133392283	-0.0097938831	-0.1924883887	0.0247291115	-0.1084753213	0.0179319438	0.0856136311	0.0128084826	-0.1288871889	-0.0676134562	-0.2043458098	0.0924696539	-0.1198310797	0.0932205394	0.0218988232	0.0080214473	-0.1463650707	0.0100370776	-0.1392292615	-0.0596991535	-0.0035653801	0.0404083236	-0.1102320579	0.0555001789	-0.0514959818	0.0526423313	-0.0851098542	-0.0682039472	0.1077203274	0.1382128773	0.1011132995	-0.0744096032	-0.0802526226	-0.1116654166	-0.0189521928	0.1190535526	-0.0144504	-0.00758154	0.00020881406016	5.74797487716e-05	0.00731151	0.01382518	5.3458178480100005e-05	0.0001911356020323	-0.0253344	0.0313815	0.00098479854225	0.00064183182336	0.000883895	-7.329299999999999e-05	7.81270371025e-07	5.371863848999999e-09	-8.61598e-05	0.0001120062	1.254538883844e-08	7.42351113604e-09	-8.208689999999998e-05	0.0001222491	6.7382591516099975e-09	1.4944842450810008e-08	0.0	0.0	0.0	0.0	0.0	0.0	0.0	0.0	0.0	0.0
59624.460818722095	-11.763034152434557	138.36897247134178	3555076327.923326	106381.78153761772	249.6328499571973	11317083443.117422	62316.55977775259	57711.25585181452	-9.188256048379117	3330589051.993596	84.42404921057542	69910.39017002494	55208.74178823328	0.934239	20.460522	0.038723065	0.0202216	0.0949535997	0.0411964953	0.0724155868	0.0675503662	-0.0869138706	0.1239198773	0.0252832229	-0.0101794729	0.0938278861	0.0098243358	-0.0816590099	0.006092983	-0.1556908283	-0.0233127959	-0.1204270154	-0.0887989603	0.0173300315	-0.0147726147	-0.0005365942	0.1428445232	0.2896627247	0.1816822202	-0.0871018381	0.0653398539	0.0426345203	0.0910667119	-0.0112419407	0.0561381806	-0.0826287695	-0.0592022997	0.0280574587	0.0986256889	0.0672732224	0.0063408541	0.1401144439	-0.1112885805	-0.0289597321	0.1158500799	-0.0137155	0.0007349	0.00018811494025	5.400780100000002e-07	-0.00431843	-0.01162994	1.86488376649e-05	0.0001352555044036	-0.0116101	0.0137243	0.00018835641049	0.00013479442201	0.000789248	-9.4647e-05	6.22912405504e-07	8.958054609e-09	-3.03744e-05	5.57854e-05	3.11201085316e-09	9.226041753599999e-10	-0.000184333	-0.0001022461	3.3978654889000013e-08	1.0454264965210008e-08	0.0	0.0	0.0	0.0	0.0	0.0	0.0	0.0	0.0	0.0
59729.74642565265	105.28560693055624	11085.059026735593	3567642608.072766	106747.45912885274	365.6775912350277	11395020030.466087	133720.10073145197	57647.16631048387	-64.08954133064981	3323195783.628587	4107.46930797307	69779.10437027429	55404.20228774405	0.789406	17.28858	0.05521649	0.028498	0.078110174	0.0794547452	0.0115584366	0.0953056779	-0.0205207482	0.1628865992	0.0611101471	0.0107894354	0.1151108207	-0.0168840979	-0.0086607514	-0.0226792562	0.0033905934	-0.0882914062	-0.0630934447	-0.1342992743	-0.0981995952	-0.1920691655	-0.0641778795	0.0981595586	0.1985886406	-0.0323830316	-0.0640413088	0.106887212	0.011385359	0.0756176635	0.0197894615	0.1120208756	-0.0610985638	-0.0347476933	-0.0312877422	0.0430234739	-0.0043612771	0.0400687023	0.1757116175	-0.0454757088	0.0728985474	0.1125054616	-0.00684447	0.00687103	4.68467695809e-05	4.72110532609e-05	0.0064552	0.01077363	4.166960704e-05	0.0001160711033768	-0.00466056	0.00694954	4.82961062116e-05	2.17208195136e-05	0.000333507	-0.000455741	1.1122691904900001e-07	2.0769985908100002e-07	-9.15834e-05	-6.1209e-05	3.746541681e-09	8.387519155559999e-09	-8.88372e-05	9.54958e-05	7.89204810384e-09	9.11944781764e-09	0.0	0.0	0.0	0.0	0.0	0.0	0.0	0.0	0.0	0.0
59868.66118452468	138.91475887202978	19297.310232474178	3584256592.027412	106719.41804098886	-28.04108786387951	11389034187.00734	786.3026085898108	57623.09930947581	-24.067001008064835	3320421574.0297112	579.2205375221938	69736.7507666707	56326.07131739603	0.7378639999999999	16.159756	0.04127393	0.0208373	0.0362674908	0.0509276344	-0.0238395393	0.0691930029	-0.0245666469	0.1131725995	0.0231336379	0.066432573	0.1378958532	-0.0190683501	0.0464531932	-0.0522441628	0.0687212249	-0.1148126068	-0.0798828794	-0.0934143963	0.0390031688	-0.0143431818	-0.0194145002	0.0181426642	0.0176850555	-0.0754868068	-0.1532964837	0.086396125	0.0809166774	0.0019584812	-0.0314656424	0.1128561138	-0.0838292676	0.0073395561	-0.051492978	-0.0089653181	-0.0262353207	-0.0039546417	0.1610446633	-0.0418559079	0.0283902891	0.1090237728	-0.0130894	-0.0062449299999999	0.00017133239236	3.899915070489999e-05	0.0084344399999999	0.0019792399999999	7.113977811359833e-05	3.917390977599606e-06	-0.0192177	-0.01455714	0.0002119103249796	0.00036931999329	0.000522699	0.0001891919999999	2.73214244601e-07	3.5793612863999995e-08	-0.000198166	-0.0001065826	1.135985062276e-08	3.9269763556e-08	-0.000162915	-7.407779999999999e-05	2.6541297225e-08	5.487520452839998e-09	0.0	0.0	0.0	0.0	0.0	0.0	0.0	0.0	0.0	0.0
60058.78859431003	190.1274097853457	36148.43195168475	3607058087.416024	107134.9508401113	415.53279912243306	11477897691.513063	172667.5071465243	57673.512273185486	50.41296370967757	3326234017.9252768	2541.466909993268	69809.99980896074	56497.87690165241	0.805871	17.649168	0.06999432	0.0326958	0.0211498616	0.1015360574	-0.0879909939	0.0819227404	0.1112936617	0.0659134059	0.034664139	0.0893309003	0.1322356521	-0.0602618251	0.112012258	-0.0367582074	0.1003052486	-0.1382845217	0.0080312963	-0.0383533175	0.0781092662	0.0633336398	-0.2179293012	-0.0106344067	-0.1168153178	-0.0062501918	0.0179243055	0.1303004613	-0.0882751851	0.0487361508	0.0340898998	0.1145248064	-0.0432469215	0.0280650629	-0.0985266004	-0.089889284	-0.1136739299	-0.0219858814	0.1112966923	0.0527448751	0.0238190025	0.1054092553	-0.00235734	0.01073206	5.5570518756e-06	0.0001151771118436	-0.00879039	-0.0172248299999999	7.727095635210001e-05	0.0002966947685288	-0.0291026	-0.0098848999999999	9.771124800999996e-05	0.0008469613267599	0.000444643	-7.805599999999996e-05	1.97707397449e-07	6.092739135999994e-09	-4.36134e-05	0.0001545526	2.3886506166760004e-08	1.90212865956e-09	0.000247527	0.000410442	6.126961572899999e-08	1.68462635364e-07	0.0	0.0	0.0	0.0	0.0	0.0	0.0	0.0	0.0	0.0
60259.280922932056	200.4923286220292	40197.173836283735	3631180937.348843	106545.81806908175	-589.1327710295445	11352011348.009869	347077.42190094973	57668.13913810484	-5.373135080648353	3325614271.651819	28.870580594893987	69564.58635854046	57757.763664791615	0.879677	19.265583	0.06020968	0.0293197	-0.0359204949	0.0669596312	-0.1097633925	0.0937840146	0.1072724886	0.0335190289	-0.0554504377	0.0539983577	0.1124281808	-0.0413432296	0.0538687174	-0.0002967955	0.1425862523	0.020089867	0.048042942	0.0653858717	-0.1154236177	-0.0252442274	0.0901627906	0.2218926493	-0.0271978357	0.0873670108	0.0518189263	-0.1223160654	0.0936836874	-0.0207839434	-0.2023100162	0.1427006294	-0.0095026645	0.0468853852	-0.0767534479	-0.0577480823	-0.0641888775	0.0017873929	-0.0451851352	0.0961947302	0.0278780296	0.1016663129	-0.00916059	-0.00680325	8.391640914809999e-05	4.6284210562500005e-05	-0.0257873	-0.0169969099999999	0.00066498484129	0.000288894949548	-0.033811	-0.0047084	2.2169030560000013e-05	0.001143183721	0.000123832	-0.000320811	1.5334364223999997e-08	1.02919697721e-07	-9.37057e-05	-5.009230000000001e-05	2.509238519290001e-09	8.78075821249e-09	-1.55921e-05	-0.0002631191	2.4311358241e-10	6.923166078481e-08	0.0	0.0	0.0	0.0	0.0	0.0	0.0	0.0	0.0	0.0
60359.657587982576	100.3766650505204	10075.47488666436	3643288264.138503	106081.40569951304	-464.4123695687158	11253264635.184675	215678.84900842948	57826.65453629032	158.5153981854819	3343921974.8594656	25127.13146190188	69676.77837687018	58455.25771333263	0.908173	19.889648	0.04529179	0.0274755	-0.0584775175	0.0921513347	-0.0647280749	0.0490427937	-0.003816828	-0.028357103	-0.1969499768	0.0489045701	0.0473997151	-0.0780069767	-0.0182476298	-0.0284737771	0.0426850304	0.0790387453	0.1039807199	0.079036223	0.0307495895	0.0454518055	-0.0611321301	0.1120306001	0.044114003	0.0965532796	-0.0191201741	0.1087309662	0.2313938587	0.1080519722	0.0494752989	0.1131485173	0.0153759984	-0.0054534951	-0.0211250429	-0.043725031	-0.0082310085	-0.0895124064	-0.1806270365	0.004294631	-0.0029402085	0.0977995057	-0.00934667	-0.0001860799999999	8.736024008889999e-05	3.4625766399999974e-08	-0.00153369	0.02425361	2.3522050161000004e-06	0.000588237598032	-0.0306362	0.0031748	1.0079355040000012e-05	0.00093857675044	-0.000129667	-0.000253499	1.6813530889000002e-08	6.4261743001e-08	-0.000187437	-9.373129999999998e-05	8.785556599689997e-09	3.5132628969e-08	-2.19078e-05	-6.315700000000001e-06	4.799517008400001e-10	3.9888066490000016e-11	0.0	0.0	0.0	0.0	0.0	0.0	0.0	0.0	0.0	0.0
60345.84303897432	-13.81454900825338	190.84176430143444	3641620772.0845256	106208.08334760272	126.6776480896806	11280156968.371326	16047.226525532957	57760.49841229839	-66.15612399193196	3336275176.8371243	4376.632741635876	69714.25089738176	59007.074058193306	0.776512	17.00618	0.028832935	0.0137908	-0.0719431955	0.0733933616	0.0130295985	0.0124408868	-0.0403102131	0.0179657126	-0.1905571688	0.0005359906	0.0763165139	-0.1107689061	0.0182385044	-0.0413053788	0.0838102172	0.0829747347	0.0770924898	0.0342674268	0.0025868073	-0.0637909535	0.0946728108	-0.0603497011	-0.2128237838	0.1301405801	-0.0225302757	0.0036740612	-0.2034598782	0.0891536009	0.0680221803	0.1072832465	-0.0079405385	0.0034023243	0.009460419	-0.0170941498	0.0538741705	-0.1088859956	-0.172739911	0.0581039248	0.0043179583	0.0938135449	-0.0144189	-0.00507223	0.00020790467721	2.5727517172900004e-05	0.00294412	0.00447781	8.667842574400001e-06	2.0050782396100005e-05	-0.0192266	0.0114095999999999	0.0001301789721599	0.00036966214756	-7.21891e-05	5.74779e-05	5.21126615881e-09	3.3037089884100003e-09	-0.000124937	6.249999999999997e-05	3.9062499999999965e-09	1.5609253969000003e-08	1.55802e-05	3.7488e-05	2.4274263204e-10	1.4053501440000003e-09	0.0	0.0	0.0	0.0	0.0	0.0	0.0	0.0	0.0	0.0
60481.69621445166	135.85317547733575	18456.085287275782	3658035576.977216	106375.5219338613	167.43858625857683	11315751666.701405	28035.68016827088	57837.90945564516	77.4110433467722	3345223770.199408	5992.469632035845	69850.75034060288	58922.02610840788	0.8399759999999998	18.396086	0.099385255	0.0521253	-0.0672447629	0.113907703	0.0394685824	0.0369836449	-0.0312707226	0.0672488891	-0.1464122474	-0.0181615294	0.0500676665	-0.1390636106	-0.0508785159	-0.0567555495	0.0180629978	0.0634354326	-0.0661178938	0.0565800417	0.0477404492	0.0546734646	0.2150459502	0.0307937394	0.0214509517	-0.0252578605	-0.0272322377	0.0226615757	-0.0066462542	-0.2243609086	0.1650123855	0.0940813067	0.0088671752	-0.0357838324	0.0222766451	-0.0157389554	0.0720624237	-0.1165480865	-0.0648014815	-0.0174454547	0.0282717155	0.0897132868	-0.00233991	0.01207899	5.475178808100001e-06	0.0001459019994201	-0.0257915	-0.02873562	0.0006652014722499	0.0008257358567844	0.0100652	0.0292918	0.00085800954724	0.00010130825104	-0.000540237	-0.0004680479	2.918560161690001e-07	2.1906883669441005e-07	-0.000187437	-6.249999999999997e-05	3.9062499999999965e-09	3.5132628969e-08	-3.94488e-05	-5.502900000000001e-05	1.55620782144e-09	3.0281908410000006e-09	0.0	0.0	0.0	0.0	0.0	0.0	0.0	0.0	0.0	0.0
60539.96212336214	58.265908910478174	3394.91614116414	3665087013.898122	106606.80315610283	231.28122224153776	11365010479.164057	53491.00376153959	57804.30703629032	-33.60241935483646	3341337911.945723	1129.1225864982878	69759.80216251408	59841.57597129719	0.807664	17.688444	0.0540300299999999	0.0271392	-0.1056412262	0.0770378566	0.0323209285	0.0206694644	0.0010514592	0.0673691847	-0.1259631053	0.0219515918	0.08877096	-0.1838006432	-0.0039372995	-0.0530064681	-0.1598554666	0.1558162652	0.0338652516	0.1770563212	0.0931440126	-0.0620860267	-0.1516457837	0.1071134729	-0.0530871436	0.1977246461	-0.1596664691	0.0469081034	-0.0311748029	0.063280822	-0.0529897907	0.1257407887	0.006758993	-0.0160345556	0.0455050749	0.0001188743	0.0654104278	-0.1585369234	-0.0315641762	0.0019239488	-0.0209227997	0.0855037268	-0.00235109	-1.1179999999999956e-05	5.5276241881e-06	1.2499239999999906e-10	-0.00940729	0.0163842099999999	8.849710514410001e-05	0.000268442337324	-0.0088950699999999	-0.0189602699999999	0.0003594918384728	7.912227030489823e-05	-0.000796142	-0.0002559049999999	6.33842084164e-07	6.548736902499999e-08	-0.000187437	0.0	0.0	3.5132628969e-08	7.813359999999998e-05	0.0001175823999999	6.104859448959997e-09	1.3825620789759994e-08	0.0	0.0	0.0	0.0	0.0	0.0	0.0	0.0	0.0	0.0
60446.90134346544	-93.06077989669576	8660.308754981252	3653827882.026644	106480.46610391696	-126.3370521858742	11338089661.707409	15961.0507550163	57786.3422983871	-17.964737903224886	3339261356.2263618	322.7318079315649	69745.72430773407	59705.37524697398	0.700729	15.346479	0.04259763	0.0226793	-0.0935382667	0.0966206076	0.0526424276	0.0311177552	-0.0277901929	0.0999070463	-0.1239173816	-0.0119919714	0.1038999534	-0.1237152979	-0.0586639223	-0.0374234067	-0.0986696737	0.2151374966	-0.0367885987	-0.0594831233	0.1462187864	-0.1036426359	-0.1328413913	0.0142735441	0.0708374346	0.0012119049	0.0739103351	-0.0298148876	0.0597689655	0.0036333385	-0.0721215124	0.1259990336	-0.020864926	-0.026574899	0.0495421417	0.0265512026	0.091453644	-0.1096909543	0.0017344187	-0.0562769033	0.0619181397	0.0811899937	-0.0107508	-0.00839971	0.00011557970064	7.055512808409999e-05	-0.00233682	0.00707047	5.460727712399999e-06	4.9991546020900006e-05	0.00946361	0.0183586799999999	0.0003370411313423	8.955991423210002e-05	-0.0008021239999999	-5.981999999900007e-06	6.434029113758396e-07	3.578432399880369e-11	-0.000187437	0.0	0.0	3.5132628969e-08	0.000247527	0.0001693934	6.126961572899999e-08	2.8694123963560013e-08	0.0	0.0	0.0	0.0	0.0	0.0	0.0	0.0	0.0	0.0
60480.03480696405	33.1334634986124	1097.8264034138804	3657834610.251584	107018.04225171232	537.5761477953638	11452861367.389284	288988.11467850284	57776.06732358871	-10.274974798390758	3338073955.3798547	105.5751071075652	69768.83024151383	59046.32341596652	0.799008	17.498861	0.04776402	0.0236449	-0.0826859888	0.0878334454	0.0281007042	0.0606951253	0.0603344918	0.1441361166	-0.0416890935	0.0376292696	0.0942336823	-0.1337432774	0.003622957	0.0022477575	-0.1240020486	-0.1066538045	-0.0296696635	-0.0894607266	0.1439008899	0.1048980949	0.2391836123	-0.0786972728	0.0725962941	0.1020159568	0.18738365	-0.0427635016	-0.039718844	-0.0786036958	-0.0496699103	0.1249447122	0.0010503717	-0.0291054589	0.004051809	-0.0291062309	0.0209677803	-0.0699266554	0.1806059657	-0.0726257979	-0.0823308027	0.0767773431	-0.0134862	-0.0027354	0.00018187759044	7.482413160000003e-06	-0.0123672	-0.01003038	0.00015294763584	0.0001006085229444	0.0155169	0.0060532899999999	3.664231982409999e-05	0.00024077418561	-0.000540237	0.0002618869999998	2.918560161690001e-07	6.85848007689476e-08	-0.000187437	0.0	0.0	3.5132628969e-08	-6.9485e-05	-0.000317012	4.828165225e-09	1.00496608144e-07	0.0	0.0	0.0	0.0	0.0	0.0	0.0	0.0	0.0	0.0
60556.29212056927	76.25731360521604	5815.177878284268	3667064515.39172	107488.95187821062	470.9096264982945	11553874775.876278	221755.8763287633	57740.24381552419	-35.82350806451723	3333935755.87618	1283.323730048531	69550.03796151062	59120.87884438845	0.813938	17.825834	0.07165739	0.0327915	-0.098304222	0.0979045931	-0.0396380236	0.0781144013	0.1636804858	0.1583595915	-0.0067990132	0.056840002	0.1263374917	-0.1473286972	0.1017677321	-0.0235749442	0.0323307309	-0.1578493258	-0.0454824084	-0.0836687619	-0.0355854558	0.0533711018	-0.1603856981	-0.183619728	0.0088350887	0.1845302394	-0.092095583	0.039571173	-0.0584561615	-0.1443106485	-0.1137324573	0.1763117836	0.0159626981	0.0260199093	-0.0725194988	-0.0654359821	-0.0089671327	-0.015619692	0.1990082385	0.0216284347	-0.0540177356	0.0722711511	-0.00234941	0.01113679	5.5197273481e-06	0.0001240280915041	-0.0200927	-0.0077255	0.00040371659329	5.968335025000002e-05	0.0306853	0.0151683999999999	0.0002300803585599	0.0009415876360899	-0.0008054689999999	-0.0002652319999998	6.487803099608389e-07	7.034801382394693e-08	-0.000357727	-0.00017029	2.8998684100000007e-08	1.27968606529e-07	0.000247527	0.000317012	6.126961572899999e-08	1.00496608144e-07	0.0	0.0	0.0	0.0	0.0	0.0	0.0	0.0	0.0	0.0
60655.7813706461	99.48925007683285	9898.11088085058	3679123813.6836185	107073.41282908818	-415.5390491224389	11464715734.868343	172672.7013455807	57774.13170866935	33.8878931451618	3337850294.6906734	1148.389301817904	69563.7666556065	59303.40543918868	0.831814	18.217339	0.07275775	0.0369992	-0.1145355642	0.1112028482	-0.0574301753	0.0812950003	0.1494355809	0.0505264913	-0.084209907	0.0763181254	0.111252764	-0.1467122782	0.1282943637	-0.077835367	0.175979503	-0.1186334327	0.0484593577	-0.0027620186	-0.097970392	0.0698202451	0.0228883186	0.029835447	0.0703517846	-0.1865651879	-0.0538029069	-0.0651456119	-0.0256394585	-0.1014363757	-0.199709574	0.1723274195	0.034301676	0.0229028543	-0.0892950127	-0.0794621276	-0.0741929784	-0.0387809721	0.091723794	0.1335051926	0.0491426143	0.0676769079	-0.0109704	-0.00862099	0.00012034967616	7.432146858010001e-05	-0.00573449	0.01435821	3.28843755601e-05	0.0002061581944041	0.0457108	0.0150255	0.00022576565025	0.00208947723664	-0.00133024	-0.000524771	1.7695384575999996e-06	2.753846024411049e-07	-0.000187437	0.00017029	2.8998684100000007e-08	3.5132628969e-08	0.000247527	0.0	6.126961572899999e-08	0.0	0.0	0.0	0.0	0.0	0.0	0.0	0.0	0.0	0.0	0.0
60782.018263644895	126.23689299879334	15935.7531539888	3694453744.2020617	106722.32308700772	-351.089742080454	11389654245.087662	123264.00699411971	57870.611058467744	96.47934979839192	3349007624.2804494	9308.264937520467	69706.64990297217	59793.77490281597	0.8252009999999999	18.072506	0.0619628099999999	0.0376249	-0.125752064	0.1244951888	-0.0475387816	0.0570639799	0.1133400384	-0.0462099166	-0.177242223	0.070817561	0.0391187859	-0.1714633842	0.0358281792	-0.0763536007	0.1345374205	-0.0046580355	0.0696114894	-0.0314198631	-0.0143078189	-0.0168078477	0.0313164894	0.0261989728	-0.0248290067	-0.0399083001	0.0480852912	-0.1199650075	0.0427449113	0.0916171736	0.1573335414	0.1212719899	0.0754710404	-0.0082257624	-0.0503056525	-0.0907254886	-0.0374997254	-0.1231482378	-0.0735125643	0.0809256102	0.0210229994	0.0630002108	-0.0144514	-0.0034809999999999	0.0002088429619599	1.2117361e-05	-0.0406825	-0.03494801	0.00165506580625	0.0012213634029601	0.0569381	0.0112272999999999	0.0001260522652899	0.0032419472316099	-0.00108411	0.0002461299999999	1.1752944921000002e-06	6.05799768999999e-08	-0.000187437	0.0	0.0	3.5132628969e-08	0.000247527	0.0	6.126961572899999e-08	0.0	0.0	0.0	0.0	0.0	0.0	0.0	0.0	0.0	0.0	0.0
60785.40267644281	3.384412797917321	11.454249986706548	3694865178.537301	106606.99148417432	-115.3316028334084	11365050633.306814	13301.378612123057	57892.27017137097	21.659112903224013	3351514945.595009	469.11717175460495	69591.16639141932	60723.50581722887	0.871529	19.08712	0.0634851999999999	0.0370764	-0.1484889881	0.0915303521	-0.0172111334	0.0184352208	0.0286414635	0.0201664613	-0.195333845	0.0522826255	0.0151475864	-0.1191789872	0.0167695778	0.0046937412	-0.0212848453	0.0835804705	0.1039999779	-0.035356404	-0.0317284508	0.1493944154	0.1502286305	0.0358822883	0.0032309442	-0.1312652216	0.0896214267	0.00577639	0.0418167551	0.0499186232	0.0421631612	0.12814009	0.0675128804	0.0077478712	0.0024441552	-0.0324629447	0.0576900579	-0.0723563088	-0.1472001733	-0.0187380559	-0.0747074603	0.0582467576	-0.0141391	0.0003122999999999	0.00019991414881	9.753128999999985e-08	-0.0192952	0.0213873	0.0003723047430399	0.00045741660129	0.0458275	-0.0111105999999999	0.0001234454323599	0.00210015975625	-0.00169761	-0.0006134999999999	2.8818797121e-06	3.763822499999999e-07	-0.000187437	0.0	0.0	3.5132628969e-08	0.000247527	0.0	6.126961572899999e-08	0.0	0.0	0.0	0.0	0.0	0.0	0.0	0.0	0.0	0.0	0.0
60712.9919233785	-72.41075306431594	5243.317159341341	3686067388.288223	106537.02346960617	-69.96801456814865	11350137369.763414	4895.523062608661	57805.09853830645	-87.1716330645213	3341429417.0233183	7598.893611135543	69643.280925736	60653.2139040211	0.846469	18.538303	0.0356629	0.0172047	-0.1355760487	0.1183097291	0.0486505719	-0.0170945663	-0.0205802055	0.0370602724	-0.2327508233	0.0334943881	0.0574571585	-0.1165201936	-0.0157966986	-0.033685806	0.0240417863	0.1570625969	-0.000853568	0.0146244563	-0.0152809305	-0.0860911851	0.0456331816	-0.0915199118	-0.0520768898	-0.0442654853	-0.1867311639	0.2080148061	0.0531078434	-0.2608784047	0.0218960042	0.1112613326	0.0259097122	0.0050305703	0.0491752991	-0.0023627952	0.095032164	-0.1118719524	-0.1371721115	0.0003158116	0.0174627278	0.0534223397	-0.0195917	-0.0054526	0.00038383470889	2.9730846760000003e-05	-0.0123372	0.0069579999999999	0.00015220650384	4.841376399999998e-05	0.040679	-0.0051485	2.6507052250000003e-05	0.001654781041	-0.00149511	0.0002025	2.2353539121e-06	4.100625e-08	-0.000347013	-0.000159576	2.5464499776000012e-08	1.20418022169e-07	0.000247527	0.0	6.126961572899999e-08	0.0	0.0	0.0	0.0	0.0	0.0	0.0	0.0	0.0	0.0	0.0
60716.54597220022	3.554048821722972	12.631263027190448	3686498954.794303	106528.9443232288	-8.07914637736394	11348415978.621582	65.27260618687289	57880.23884072581	75.14030241936416	3350122048.2594647	5646.065047673504	69711.53175273488	60639.1437799391	0.803102	17.588535	0.05000764	0.0247861	-0.1350534	0.0902900044	0.0892019434	0.0181141364	-0.0157799973	0.0504177768	-0.1551418508	-0.0319238773	0.0394880194	-0.1268964252	-0.0453579262	-0.0226856701	-0.126558431	0.099595224	0.0200284393	0.0740701881	0.0379774327	0.2009453452	-0.0864511986	0.0941816652	-0.0069171844	-0.0229073937	0.1441098319	-0.1693591958	-0.0423440164	0.1616549148	-0.071398667	0.1117855224	0.0379080964	-0.0214352158	0.0663744851	0.030749571	0.122211941	-0.0932084344	-0.0246184099	0.011336628	-0.0819634977	0.048532835	-0.00937046	0.01022124	8.780552061160002e-05	0.0001044737471375	-0.0192826	-0.0069454	0.00037181866276	4.8238581160000015e-05	0.0596248	0.0189458	0.0003589433376399	0.0035551167750399	-0.00122792	0.00026719	1.5077875264e-06	7.139049610000004e-08	-0.000357727	-1.0713999999999993e-05	1.1478979599999983e-10	1.27968606529e-07	0.000247527	0.0	6.126961572899999e-08	0.0	0.0	0.0	0.0	0.0	0.0	0.0	0.0	0.0	0.0	0.0
60632.72889158508	-83.81708061513928	7025.3030028447565	3676327812.840456	106757.49630912884	228.5519859000342	11397163018.193657	52236.01025884944	57824.36644153226	-55.87239919355488	3343657354.3646016	3121.7249916439523	69539.44913579874	59961.31856455701	0.7728549999999998	16.926086	0.05983274	0.0299061	-0.1249311709	0.1125800054	0.0912241578	0.038319531	0.0044725133	0.1183826735	-0.1210516407	-0.0282641981	0.0556216365	-0.1253040435	-0.0298949462	-0.0279390572	-0.0453842257	0.0070084024	0.1066879944	-0.2014741853	-0.0143392878	-0.1203511739	0.107905654	-0.1021526776	0.1012903356	-0.0835668139	0.0253708641	0.0879728743	0.0243007926	-0.0902195188	-0.0957147446	0.1504760111	0.051869373	-0.0343222236	0.0535390556	0.0469213651	0.0740192191	-0.0362963246	0.1030015257	-0.0723032184	0.0041838639	0.0435842004	-0.0126646	-0.0032941399999999	0.0001603920931599	1.0851358339599996e-05	-0.0116472	0.0076354	0.00013565726784	5.829933316000001e-05	0.0569308	-0.002694	7.25763600000001e-06	0.0032411159886399	-0.0015697	-0.00034178	2.4639580900000003e-06	1.1681356840000007e-07	-0.000187437	0.00017029	2.8998684100000007e-08	3.5132628969e-08	-0.000164587	-0.000412114	2.7088880569e-08	1.6983794899599998e-07	0.0	0.0	0.0	0.0	0.0	0.0	0.0	0.0	0.0	0.0
60590.77823182132	-41.95065976375918	1759.8578546146832	3671242406.737752	107271.17170376712	513.6753946382814	11507104278.699087	263862.41105679417	57819.73188508065	-4.63455645160866	3343121395.262612	21.47911350314745	69724.58658602799	60252.8867850977	0.755958	16.55604	0.04853951	0.0308622	-0.1210901095	0.0748849852	0.1337368977	-0.0032944581	-0.0120609296	0.1391569795	-0.0661745385	0.0125950042	0.0462234889	-0.1118724535	0.0082034169	0.0465580488	-0.0401376101	-0.0983794176	0.0270591669	-0.199404473	-0.0771652615	0.0469096591	0.1274095319	-0.1842542257	-0.0207321362	0.0064271256	-0.2366752289	-0.0580521918	0.0497419621	0.0605792746	-0.1477482634	0.1149116163	0.028803004	-0.0302398736	0.0949163596	0.0341348512	0.0746949352	-0.0420932133	0.1919743039	-0.0337415475	-0.0356657567	0.0385824652	-0.018805	-0.0061403999999999	0.0003536280249999	3.770451215999999e-05	0.00542671	0.01707391	2.9449181424100005e-05	0.0002915184026881	0.0818554999999999	0.0249246999999999	0.0006212406700899	0.0067003228802499	-0.00157771	-8.009999999999918e-06	2.4891688441e-06	6.416009999999869e-11	-0.000187437	0.0	0.0	3.5132628969e-08	-0.000164587	0.0	2.7088880569e-08	0.0	0.0	0.0	0.0	0.0	0.0	0.0	0.0	0.0	0.0	0.0
60486.48464749082	-104.2935843305022	10877.151732503571	3658614825.011143	107828.03289544092	556.8611916738009	11626884678.100288	310094.38679236564	57819.2966280242	-0.435257056444243	3343071062.559451	0.189448705184507	69787.52533281049	58821.87513812598	0.874746	19.157593	0.06866401	0.0360613	-0.0790743235	0.1154208408	0.0610519474	0.0431150049	0.0915966104	0.1781515751	0.0205312055	-0.0131047997	0.0426737366	-0.1052850903	0.0629706223	0.0022860731	0.0273887012	-0.1590805755	0.0186241123	-0.0248778557	-0.0438588716	-0.0363447661	0.1941367892	0.0371080247	0.0171676398	0.1630061127	-0.0505437844	-0.0190352996	0.013475526	0.1402787534	-0.0503464891	0.1112803099	0.0350369242	0.0024707248	0.0271221651	-0.0104526967	0.0330272369	-0.0316573048	0.1865342873	0.0839674311	-0.0295751295	0.0335337233	-0.0171962	0.0016088	0.0002957092944399	2.5882374400000016e-06	-0.0184835	-0.02391021	0.00034163977225	0.0005716981422441	0.107536	0.0256805000000001	0.00065948808025	0.011563991296	-0.00139871	0.0001789999999999	1.9563896641e-06	3.2040999999999976e-08	-0.000357727	-0.00017029	2.8998684100000007e-08	1.27968606529e-07	-0.000164587	0.0	2.7088880569e-08	0.0	0.0	0.0	0.0	0.0	0.0	0.0	0.0	0.0	0.0	0.0
60499.38215574417	12.89750825335068	166.3457191452489	3660175241.226776	107025.47727819992	-802.5556172409997	11454452786.626488	644095.518765082	57762.23476310484	-57.06186491936387	3336475764.8280373	3256.056428075729	69578.65355785473	58890.6294507261	0.966709	21.171638	0.06154491	0.0359581	-0.080905609	0.0552720266	0.0043953326	0.0981936413	0.1161893402	0.0954619684	-0.0459327851	-0.0224839143	0.0861135799	-0.0815275526	0.052899678	-0.0287946962	0.1101230717	-0.0066496456	-0.0216666281	0.0451104581	0.0198808293	-0.0345228175	0.1022389544	-0.0490604699	0.0715617372	-0.0884657233	0.1743973748	0.1355032655	-0.0660300528	-0.0778188927	-0.067468448	0.1314923487	0.022778359	0.00966992	-0.0541150063	-0.0306493184	-0.0112048801	0.0046756551	0.0407403006	0.1336349929	0.0469892153	0.0284441256	-0.00793709	0.0092591099999999	6.299739766810001e-05	8.573111799209996e-05	-0.0259024	-0.0074188999999999	0.0006709343257599	5.504007720999999e-05	0.107527	-9.000000000009e-06	8.100000000016202e-11	0.011562055729	-0.00196685	-0.00056814	3.8684989225e-06	3.227830596e-07	-0.000388464	-3.0736999999999974e-05	9.447631689999984e-10	1.50904279296e-07	0.000133694	0.000298281	1.7874085636000005e-08	8.897155496100002e-08	0.0	0.0	0.0	0.0	0.0	0.0	0.0	0.0	0.0	0.0
60558.62009682242	59.237941078252334	3509.133663190495	3667346468.031264	106678.89993645655	-346.57734174336656	11380387691.65251	120115.8538098983	57873.60053427419	111.36577116935224	3349353638.800742	12402.334988144525	69736.49019792672	58829.9500891798	0.978724	21.434774	0.046863075	0.0238364	-0.0717583374	0.1112831991	0.0140549189	0.016487955	-0.0097861982	0.0282097935	-0.1271962087	0.0035175332	0.0356333884	-0.0784263571	0.0207354215	-0.0469056158	0.0845576974	0.0495760128	0.1798038254	0.0251568147	-0.067428759	0.1620374157	0.1061041792	-0.0897916428	-0.0864306309	0.0591924252	0.01957623	-0.0659860516	0.106604297	0.034179474	-0.0211456927	0.0863694973	0.0199099982	-0.0071731629	0.0028436624	-0.0277260581	0.0489387486	-0.0708655241	-0.0772652567	0.0882381958	-0.0059543413	0.0233198732	-0.0214662	-0.01352911	0.00046079774244	0.0001830368173921	-0.0127746	0.0131277999999999	0.00016319040516	0.0001723391328399	0.121156	0.013629	0.000185749641	0.014678776336	-0.00193618	3.067e-05	3.7487929924e-06	9.406489e-10	-0.000342193	4.627099999999997e-05	2.1410054409999966e-09	1.1709604924900001e-07	7.90917e-05	-5.460230000000001e-05	6.25549700889e-09	2.981411165290001e-09	0.0	0.0	0.0	0.0	0.0	0.0	0.0	0.0	0.0	0.0
60617.761822880486	59.1417260580638	3497.743761127062	3674513048.415467	106708.35051102312	29.4505745665665	11386672068.78337	867.3363423008936	57854.73607862903	-18.8644556451618	3347170486.7278194	355.8676867882768	69855.44602386985	59756.755493400175	0.90664	19.856092	0.072988485	0.0302261	-0.0901782717	0.0618908307	0.0849887569	-0.0153824263	-0.0446754675	0.0696135707	-0.1492329273	0.0111527398	0.0303620565	-0.1393527266	-0.0079463539	-0.0545570401	0.0456884925	0.1159086122	-0.0995825174	0.0483386032	-0.0527130235	0.0568801319	-0.0034088406	-0.0623765011	-0.2140444155	0.0708389698	-0.0567683621	-0.0686290907	0.0587334799	-0.1499541874	0.0448363941	0.066278552	0.0166439071	-0.0290139904	0.0599459596	-0.0189826182	0.128380676	-0.0959361761	-0.0514544009	0.0808592296	0.03411284	0.0181672091	-0.0023421	0.0191241	5.4854324100000005e-06	0.00036573120081	-0.0258301	-0.0130555	0.00066719406601	0.00017044608025	0.13552	0.014364	0.000206324496	0.0183656704	-0.00163643	0.00029975	2.6779031449e-06	8.985006250000008e-08	-0.000266455	7.5738e-05	5.736244644e-09	7.0998267025e-08	-7.4318e-05	-0.0001534097	5.523165124e-09	2.3534536054089995e-08	0.0	0.0	0.0	0.0	0.0	0.0	0.0	0.0	0.0	0.0
60497.07328367736	-120.6885392031254	14565.723494984337	3659895875.890629	106961.2666851723	252.9161741491844	11440712570.896551	63966.59114626056	57820.47856854839	-34.25751008064253	3343207741.895963	1173.5769969253247	69694.95805431547	58542.55685997378	0.9449860000000002	20.695894	0.059043185	0.0324688	-0.0636788597	0.1095674991	0.1062265991	0.0013834186	-0.0050127528	0.111103897	-0.0797008483	-0.0041575634	0.0535463055	-0.1145004849	-0.0093332705	-0.0404905602	-0.0213986023	0.1078790635	-0.1247201297	-0.1272816839	-0.0989331092	-0.0787807652	0.086658149	-0.1349491109	-0.0108378918	-0.0519280537	0.0649276892	-0.0352570543	0.1452166472	-0.1001452573	0.0313565735	0.0920643134	0.020361772	-0.0399287825	0.0724148004	0.0312853554	0.1063308164	-0.0439257731	0.0536716531	-0.040035257	0.089745858	0.012992411	-0.0123235	-0.0099814	0.0001518686522499	9.962834596e-05	-0.0259284	-9.829999999999908e-05	0.00067228192656	9.662889999999821e-09	0.151363	0.0158429999999999	0.0002510006489999	0.022910757769	-0.00207279	-0.00043636	4.296458384100001e-06	1.904100496000002e-07	-0.000477826	-0.0002113709999999	4.467769964099998e-08	2.28317686276e-07	-8.899669999999998e-05	-1.467869999999998e-05	7.920412610889996e-09	2.1546423368999936e-10	0.0	0.0	0.0	0.0	0.0	0.0	0.0	0.0	0.0	0.0
60610.67644262724	113.60315894988162	12905.677723392067	3673654098.832849	107847.5808406464	886.3141554741014	11631100693.179762	785552.7821937696	57917.15631048387	96.67774193548394	3354396995.093022	9346.58578574403	69814.31634340814	59152.26279636878	1.01361	22.198799	0.045104165	0.0231691	-0.0795732905	0.040666791	0.0370263125	0.0731976277	0.1581273369	0.1539554223	0.0480103602	0.0181964743	0.0303237739	-0.1533056201	0.0126832105	0.0143571275	-0.0387752053	-0.098990364	-0.1087710764	-0.0314353523	-0.1518018456	-0.064079514	-0.2552784715	-0.0535128412	-0.1167188947	0.0488822992	0.1670154261	-0.1869446538	0.0235455889	0.0223183524	0.0512059449	0.0941726794	0.0504652931	-0.0269841105	-0.0011387686	-0.0710510542	-0.0082946215	0.019385735	0.203032651	0.0854220525	-0.0723354912	0.0078017837	-0.0200902	-0.0077667	0.0004036161360399	6.032162888999999e-05	-0.0258799	4.849999999999993e-05	0.00066976922401	2.352249999999993e-09	0.136538	-0.014825	0.000219780625	0.018642625444	-0.00183906	0.00023373	3.3821416836e-06	5.462971290000006e-08	-0.000617785	-0.000139959	1.958852168100001e-08	3.816583062250001e-07	-0.000164587	-7.559030000000002e-05	2.7088880569e-08	5.7138934540900035e-09	0.0	0.0	0.0	0.0	0.0	0.0	0.0	0.0	0.0	0.0
60734.14302635861	123.46658373136596	15243.997298294404	3688636129.146184	107586.02282748288	-261.55801316352154	11574752307.835669	68412.5942500489	58108.98307459678	191.82676411290595	3376653913.9637747	36797.50743002846	69918.35231660232	57781.36980439708	1.345245	29.461864	0.365211985	0.202882	-0.0360131945	0.1637387558	-0.0175973054	0.0451512127	0.0908442116	0.0999623642	-0.0146870007	0.002411479	-0.1433762588	-0.1172581326	0.0554889239	-0.0796582129	0.1028041557	-0.0405828299	-0.1695259211	-0.0680555289	-0.2092656682	-0.1145413237	-0.0748084131	-0.048355315	-0.1699749788	0.1106929078	-0.02118271	0.0773508189	0.0698633779	0.0362587941	0.2659497276	0.0454683357	0.1805250306	-0.0537649299	-0.1024325293	-0.0531204164	0.0919132977	0.0207943016	0.0361219439	0.0493977556	0.0784425909	0.0026016511	0.0237013	0.0437915	0.00056175162169	0.0019176954722499	-0.104848	-0.0789681	0.010993103104	0.00623596081761	0.303313	0.166775	0.027813900625	0.091998775969	-0.00259456	-0.0007555	6.731741593600001e-06	5.707802500000001e-07	-0.00127167	-0.0006538849999999	4.2756559322499997e-07	1.6171445888999995e-06	-6.04243e-05	0.0001041627	3.6510960304899997e-09	1.084986807129e-08	0.0	0.0	0.0	0.0	0.0	0.0	0.0	0.0	0.0	0.0
61392.34868983672	658.2056634781111	433234.6954346604	3769020477.654496	108663.8296125856	1077.8067851027154	11807827866.073034	1161667.4660134509	58459.037379032256	350.0543044354781	3417459051.2830906	122538.0160538064	70040.89998592342	60975.439492319725	1.691781	37.051247	0.6631636649999999	0.321109	-0.1136136589	0.0134115569	-0.0682054841	-0.120411175	0.2543386994	0.119451734	0.0577204946	0.0414148629	-0.3140361503	-0.238226113	-0.0222470191	0.0816073337	0.3181138773	0.1106007264	-0.2094886528	-0.0232375947	-0.0914734136	-0.0110654779	-0.0882201202	-0.1897871079	0.2663406649	-0.0287076446	0.2261243595	0.0363323628	0.0692362277	0.0811410273	-0.0612523402	0.0319036623	0.4026818518	-0.0401591709	-0.0459568301	-0.2694498296	0.1014579477	0.1860366108	0.0066023751	-0.0380868587	0.2287410993	-0.0026016511	0.173044	0.1493427	0.029944225936	0.0223032420432899	-0.222825	-0.117977	0.049650980625	0.0139185725289999	0.0798404999999999	-0.2234725000000001	0.04993995825625	0.0063745054402499	-0.00156113	0.00103343	2.4371268769e-06	1.0679775649000002e-06	-0.00293518	-0.00166351	2.7672655201e-06	8.6152816324e-06	0.000690065	0.0007504893	4.76189704225e-07	5.632341894144901e-07	0.0	0.0	0.0	0.0	0.0	0.0	1.0	0.0	0.0	0.0
61369.89914278899	-22.44954704772681	503.9821626480995	3766264520.796093	110606.42775042808	1942.5981378424767	12233781859.710669	3773687.525149058	58026.71063508064	-432.326743951613	3367099147.127381	186906.4135358036	71321.16111395994	64587.91467143488	2.871571	62.889523	1.0971947	0.653093	-0.2487476866	-0.3497755296	-0.0896792739	-0.5147416204	0.248776575	-0.0845686259	0.0976476752	0.5215560924	-0.1064593532	-0.1357584646	0.1497566372	0.5042121278	-0.1922813825	-0.1608482336	0.0428026287	0.3033466662	0.1253544655	-0.1933095478	0.0673765354	-0.159934715	-0.0644513928	0.0776753724	0.0837110818	-0.0430732337	-0.0202768848	0.0723844501	-0.1827473115	-0.2303560217	-0.0166680958	0.1686254252	0.4847433007	-0.4075396342	-0.3117980498	-0.2084575461	0.097316367	0.1970538582	-0.0696241015	-0.0078017837	0.262959	0.089915	0.069147435681	0.008084707225	-0.167164	0.0556609999999999	0.027943802896	0.0030981469209999	-0.460646	-0.5404864999999999	0.2921256566822499	0.212194737316	0.00295278	0.0045139099999999	8.7189097284e-06	2.03753834881e-05	0.000613092	0.003548272	1.2590234185984e-05	3.75881800464e-07	0.000529603	-0.000160462	2.80479337609e-07	2.5748053444e-08	0.0	0.0	0.0	0.0	0.0	0.0	0.0	1.0	0.0	0.0
60801.70027381856	-568.1988689704303	322849.95469927625	3696846756.187268	107089.56391267123	-3516.8638377568423	11468174699.006098	12368331.253321784	58237.82692540323	211.11629032258497	3391644484.9932213	44570.08803956999	70248.39567622868	62267.55719053169	1.967063	43.080128	0.71572845	0.373387	-0.1808709241	-0.2320423287	0.2610883544	-0.0781801364	0.1177417325	-0.210792089	-0.0730792082	0.0981969617	-0.2313514887	-0.1724695227	-0.1423853324	0.436027841	0.0057824927	-0.1126396024	0.10161096	0.0976884392	-0.0158665796	-0.0126121658	-0.0155069072	0.0515068141	0.0140873615	-0.1026474452	-0.3171075271	0.1522625711	-0.04134119	-0.1241997448	0.128067894	-0.1098493174	0.1578185745	-0.1710849574	0.3452079298	-0.1738568003	-0.1160358917	0.0295936113	-0.0190017544	-0.0388300258	-0.1887152532	-0.012992411	0.271165	0.0082059999999999	0.073530457225	6.733843599999986e-05	-0.0511878	0.1159762	0.00262019086884	0.01345047896644	-0.223243	0.237403	0.056360184409	0.049837437049	-0.00123895	-0.0041917299999999	1.5349971025e-06	1.7570600392899994e-05	0.00281011	0.002197018	4.826888092324001e-06	7.8967182121e-06	0.00122372	0.000694117	1.4974906384e-06	4.817984096889999e-07	0.0	0.0	0.0	0.0	0.0	0.0	0.0	0.0	1.0	0.0
60743.26933884502	-58.4309349735413	3414.174161882212	3689744769.971469	110364.58481645976	3275.020903788521	12180341581.70954	10725761.920251785	58200.229813508064	-37.59711189516384	3387266750.345153	1413.54282285747	70282.97153263754	61408.70812592792	1.847633	40.464523	0.5111032500000001	0.285962	-0.1031832003	-0.1416053603	0.3719482216	-0.2244810847	0.1097289393	0.214629356	0.2461635133	0.0723244238	-0.1828340252	-0.1404232722	-0.1214552651	0.1188665183	0.0612383126	0.0440459521	-0.0818483746	0.0424448506	-0.1324318177	0.1337928291	-0.1685663025	0.1217440193	0.289102588	-0.0202581537	-0.0542326145	0.0753306375	-0.0879802965	-0.0220893209	-0.0417274529	-0.0066942749	0.2138259823	-0.1561458914	0.2755021233	-0.0162912972	0.1754722	0.337919625	0.0973640454	0.1456492734	0.1817443488	-0.0181672091	0.155366	-0.1157989999999999	0.024138593956	0.0134094084009999	-0.0701736	-0.0189858	0.00492433413696	0.00036046060164	0.0326032	0.2558462	0.06545727805444	0.00106296865024	-0.000180219	0.001058731	3.2478887961e-08	1.120911330361e-06	0.00231242	-0.00049769	2.476953361000003e-07	5.3472862564e-06	0.000370696	-0.000853024	1.37415524416e-07	7.276499445759999e-07	0.0	0.0	0.0	0.0	0.0	0.0	0.0	0.0	0.0	1.0
60171.87357759962	-571.3957612454033	326493.1159692139	3620654369.838631	107738.12789624358	-2626.45692021618	11607504202.587336	6898275.953751463	57939.65650705645	-260.5733064516171	3357003796.1556883	67898.44803512836	70084.82246546212	59048.34608137769	1.419875	31.096306	0.22644496	0.105963	-0.016741698	-0.0692066793	0.1938838325	-0.0173018279	-0.1362071821	0.008585291	0.0285847285	0.0704694174	-0.0081984203	-0.0831130498	-0.1568477308	0.0942640573	-0.0703910527	0.1006998904	0.0757153889	-0.0037841291	-0.0621601266	-0.1254753569	-0.0589496797	0.0790988022	-0.0868216496	-0.0167888905	-0.0870299638	-0.1157604004	0.0456675199	0.2401795528	-0.0390001405	-0.0165785803	-0.0262329365	-0.1043709025	0.2365144572	0.0019298992	0.0999658871	0.0403110446	-0.0882707302	0.0277229023	0.0577777297	-0.0233198732	0.138444	-0.0169219999999999	0.019166741136	0.0002863540839999	-0.00175684	0.06841676	3.0864867856e-06	0.0046808530488976	0.0887648999999999	0.0561616999999999	0.0031541365468899	0.0078792074720099	-0.00092893	-0.000748711	8.629109449000001e-07	5.60568161521e-07	0.0015861	-0.0007263199999999	5.275407423999999e-07	2.51571321e-06	0.000594555	0.0002238589999999	3.53495648025e-07	5.0112851880999996e-08	0.0	0.0	0.0	0.0	0.0	0.0	0.0	0.0	0.0	0.0
59819.86158541282	-352.0119921867954	123912.4426433165	3578415840.097949	108495.4685546875	757.3406584439217	11771266696.901184	573564.8729322728	57904.29074092742	-35.36576612902718	3352906886.2098527	1250.737413893046	70350.47007973376	56882.85221535186	1.14499	25.076126	0.19970421	0.118828	0.0862621068	-0.08383505	0.184870998	-0.0801128742	-0.1066729988	0.0583562191	0.174044382	0.1159378291	-0.0457000279	0.0509509492	-0.2508124695	0.0687171274	-0.0314127634	0.1779486748	-0.0158046082	0.0912182824	-0.1001551933	-0.0023216209	0.1105566591	-0.1639430744	0.0989185143	-0.0207709658	0.0279175628	-0.0721757184	-0.0582582722	0.1088658379	-0.0035904494	-0.0881226404	-0.0701598288	-0.1268624715	0.1832431487	-0.0011526234	0.200556343	0.12310339	-0.0540194791	0.0835695494	0.0609839534	-0.0284441256	0.148245	0.0098009999999999	0.0219765800249999	9.605960099999952e-05	-0.032338	-0.03058116	0.0010457462439999	0.0009352073469455	0.193807	0.1050421000000001	0.01103384277241	0.037561153249	-0.0014721	-0.00054317	2.16707841e-06	2.9503364890000005e-07	0.0017746	0.0001885	3.553225000000003e-08	3.1492051600000004e-06	0.000240626	-0.000353929	5.7900871876e-08	1.25265737041e-07	0.0	0.0	0.0	0.0	0.0	0.0	0.0	0.0	0.0	0.0
59327.76750167076	-492.094083742064	242156.58725394143	3519783996.7323008	107868.74629040026	-626.7222642872366	11635666426.26274	392780.7965533208	57692.31685483871	-211.97388608870824	3328403424.079107	44932.92838354866	69952.01257968348	53691.40059580701	1.163272	25.476505	0.1802164	0.099764	0.1873684117	-0.0543806256	0.1428414611	0.0563272001	-0.1112465871	0.0917972261	0.1822664073	0.086609864	0.0566966601	0.1298142956	-0.2194262736	0.129657737	-0.0744580399	-0.0787770422	0.061451982	-0.0244759199	-0.0889881452	0.1059627102	0.0738132852	-0.0406844379	-0.0367032222	0.1869714788	0.1460578226	0.0406583946	-0.066859182	-0.1117420546	-0.1658858238	-0.0431287507	-0.1724616281	-0.1124494795	0.1160905275	0.0220368702	0.0779576933	0.1775970082	0.0912727713	-0.0459362378	-0.1178547587	-0.0335337233	0.139683	-0.0085619999999999	0.019511340489	7.330784399999977e-05	0.0203524	0.0526904	0.0004142201857599	0.00277627825216	0.25197	0.058163	0.003382934569	0.0634888809	-0.00257373	-0.00110163	6.624086112900001e-06	1.2135886569000003e-06	0.00188899	0.0001143899999999	1.3085072099999956e-08	3.5682832201e-06	0.000240626	0.0	5.7900871876e-08	0.0	0.0	0.0	0.0	0.0	0.0	0.0	0.0	0.0	0.0	0.0
59222.82120089767	-104.9463007730883	11013.726045955513	3507342550.9934945	107211.28321115156	-657.4630792487005	11494259247.781748	432257.7005751831	57634.364536290326	-57.95231854838494	3321719975.502	3358.471225133481	69891.87886477438	52787.98932581298	1.080129	23.655615	0.0494233699999999	0.0247916	0.2295286963	-0.0435407996	0.0617125078	0.0608422597	-0.1350626247	0.0426593283	0.1217939991	0.0746285285	0.1065536474	0.1362703358	-0.1965962313	0.1014291282	0.1181102513	0.1116346623	0.2934218201	-0.0776289641	-0.1949580815	-0.1276096655	-0.1517977974	0.1565841934	-0.0225117254	0.2058486059	0.1575242456	-0.0464308064	-0.1781494338	-0.1493602305	-0.0057065515	-0.019446828	-0.1954284652	-0.0742821965	0.0584908208	-0.0227948477	0.0487541734	0.1305352732	-0.0652157444	0.0406462448	0.0293150495	-0.0385824652	0.144973	0.0052899999999999	0.0210171707289999	2.7984099999999887e-05	0.00436303	-0.01598937	1.9036030780900004e-05	0.0002556599529968	0.268218	0.0162479999999999	0.0002639975039999	0.071940895524	-0.00250018	7.355000000000035e-05	6.250900032399999e-06	5.409602500000051e-09	0.00172462	-0.0001643699999999	2.7017496899999948e-08	2.9743141444000004e-06	0.000240626	0.0	5.7900871876e-08	0.0	0.0	0.0	0.0	0.0	0.0	0.0	0.0	0.0	0.0	0.0
59070.7612058954	-152.05999500227335	23122.2420800914	3489354829.4439163	106381.80103809932	-829.4821730522381	11317087592.10975	688040.675411463	57537.31552923387	-97.0490070564556	3310542678.310617	9418.509770643968	69819.89680235481	51510.3139768855	1.043168	22.846142	0.1523705799999999	0.0949322	0.261705595	-0.0282713299	0.0117912554	0.0951631159	-0.2339298418	0.0140861011	0.0912795436	0.0528753307	0.1739830029	0.1779477508	-0.1839847574	0.0596267709	-0.0204005412	0.0280732514	-0.044664222	0.0664426632	-0.075533207	-0.0580302511	0.0887969298	-0.3350829373	0.0571070071	0.1392844729	0.0083556467	0.0431367719	-0.0546492742	0.0020961789	0.1744108929	-0.0376587079	-0.2927764179	-0.0759009171	0.0279757452	0.0116480759	0.0429944679	0.0622369196	-0.0083906866	-0.0279002684	0.1044896542	-0.0435842004	0.142963	-0.0020099999999999	0.020438419369	4.040099999999936e-06	-0.00889435	-0.01325738	7.910946192250001e-05	0.0001757581244644	0.318758	0.0505399999999999	0.0025542915999999	0.1016066625639999	-0.00387848	-0.0013783	1.50426071104e-05	1.8997108900000007e-06	0.00182511	0.0001004899999999	1.0098240099999993e-08	3.3310265121e-06	0.0004931	0.000252474	2.4314761e-07	6.374312067600003e-08	0.0	0.0	0.0	0.0	0.0	0.0	0.0	0.0	0.0	0.0
59164.97899554822	94.21778965282284	8876.991887063568	3500494739.543662	107202.67787617724	820.876838077922	11492414143.82342	673838.7832928069	57595.49882056451	58.18329133064253	3317241484.3896484	3385.2953900664224	69873.37085118041	51470.44464595359	0.915864	20.0581	0.03787915	0.0195714	0.2628190612	-0.0242407601	-0.0095833834	0.103788929	-0.119158882	0.0490612835	0.2077915541	0.1174777332	0.1197059213	0.1491107358	-0.0939790007	0.0670458806	0.049879129	-0.0900139578	-0.157035548	-0.1516460911	-0.0739735825	-0.12426667	-0.1542897382	-0.2241166128	-0.0916892786	0.0146515649	-0.0872204977	-0.0604011565	0.1295950117	0.1089384522	-0.0117529917	-0.0333280031	-0.221743655	-0.0749996211	-0.0374017034	-0.0687069828	-0.0308435768	0.1310953723	0.1720235228	-0.096109239	0.0970184657	-0.048532835	0.140169	-0.002794	0.0196473485609999	7.806436000000104e-06	-0.003643	0.00525135	1.3271449e-05	2.75766768225e-05	0.329877	0.0111189999999999	0.0001236321609999	0.1088188351289999	-0.00356667	0.00031181	1.27211348889e-05	9.722547610000005e-08	0.00187661	5.1499999999999897e-05	2.652249999999989e-09	3.5216650920999995e-06	0.000504086	1.0986000000000049e-05	2.5410269539600004e-07	1.2069219600000103e-10	0.0	0.0	0.0	0.0	0.0	0.0	0.0	0.0	0.0	0.0
59236.77215547511	71.79315992689226	5154.257812288329	3508995175.399672	106919.73930329624	-282.9385728810012	11431830652.684832	80054.23602393761	57555.822711693545	-39.67610887096816	3312672728.0198984	1574.1936151409186	69654.43442954673	51363.67294069508	0.8642539999999999	18.927792	0.0624044	0.0376688	0.2457846932	-0.01205293	-0.1103087217	0.1414801382	-0.0830496418	0.002354454	0.1630816285	0.1153423574	0.151091364	0.1495144021	-0.0450974673	0.094685932	0.1938197876	-0.1891951491	-0.059249549	0.0214327179	0.0441348603	0.0180450284	-0.0374089686	-0.0147890033	0.0302091545	-0.1254830146	0.0314244178	-0.1689757516	-0.0498875824	-0.0152710382	0.1309253536	0.0083437412	-0.212611003	-0.0305199701	-0.0881911276	-0.1059116587	-0.1380539738	0.1164769141	0.0966705354	0.0459907918	0.1052701107	-0.0534223397	0.138284	-0.0018849999999999	0.0191224646559999	3.553224999999992e-06	-0.0212377	-0.0175947	0.00045103990129	0.00030957346809	0.34482	0.014943	0.000223293249	0.1189008324	-0.00408548	-0.0005188099999999	1.6691146830399998e-05	2.6916381609999974e-07	0.00188575	9.140000000000146e-06	8.353960000000268e-11	3.5560530625e-06	0.000472402	-3.168400000000003e-05	2.2316364960400005e-07	1.0038758560000021e-09	0.0	0.0	0.0	0.0	0.0	0.0	0.0	0.0	0.0	0.0
59390.513805252944	153.7416497778322	23636.49487640961	3527233130.0519404	106224.62094927226	-695.1183540239872	11283670095.81657	483189.5261010172	57591.07632560484	35.25361391129263	3316732072.341642	1242.8172938064854	69738.35422573802	52443.25575265202	0.929051	20.346897	0.0280870299999999	0.0176347	0.2278147131	-0.0176041566	-0.0993254314	0.0971321098	-0.1804693174	-0.1193157	0.0781997989	0.0644645755	0.1362167296	0.1325125839	-0.0749365958	0.0632124225	0.1349882029	-0.0189136246	-0.0085623624	0.0140808974	0.0701547839	0.031886858	-0.0639384384	0.1696620716	-0.0306310612	-0.0210885254	-0.1328795197	0.1616330328	0.1434497075	0.1747018588	-0.3144929477	-0.0238020814	-0.2123428442	-0.0371259308	-0.0603843148	-0.0973772892	-0.0756396835	0.0331448738	-0.1414512127	-0.0233479958	0.1060029065	-0.0582467576	0.136179	-0.0021049999999999	0.018544720041	4.431024999999982e-06	-0.00507262	0.01616508	2.57314736644e-05	0.0002613098114064	0.3454	0.0005799999999999	3.3639999999996455e-07	0.1193011599999999	-0.00423199	-0.0001465099999999	1.7909739360099997e-05	2.146518009999996e-08	0.00191935	3.359999999999995e-05	1.1289599999999967e-09	3.6839044225e-06	0.000467773	-4.629000000000026e-06	2.18811579529e-07	2.1427641000000245e-11	0.0	0.0	0.0	0.0	0.0	0.0	0.0	0.0	0.0	0.0
59497.22036286063	106.70655760768568	11386.289436482342	3539919230.9067974	106363.05421125855	138.43326198629802	11313099301.147123	19163.768024167024	57732.90313004032	141.82680443548452	3333088103.8226194	20114.84245638117	69768.4115450551	52643.59804866946	0.902867	19.773449	0.03955208	0.0179289	0.2035979353	-0.0104821354	-0.0638488706	0.0891490277	-0.1820109303	-0.0583354699	0.0418850964	0.1387972314	0.0587211382	0.09125287	-0.178871868	0.0818199659	0.0472172476	-0.0003487556	0.0801787976	-0.0938777848	0.0223848877	0.0825716477	0.0182013071	-0.0338400054	-0.0371491027	-0.0348084995	0.1071274176	0.0646542956	0.0765988445	-0.0918159253	0.0931914029	-0.0246930727	-0.1715326304	-0.0830935493	0.0046683276	-0.052126615	-0.0002755334	0.047622709	-0.0768404978	-0.1887005249	-0.0748268985	-0.0630002108	0.138576	0.002397	0.019203307776	5.745609000000049e-06	-0.0145587	-0.00948608	0.00021195574569	8.998571376640002e-05	0.357662	0.0122619999999999	0.0001503566439999	0.127922106244	-0.00415496	7.702999999999963e-05	1.72636926016e-05	5.933620899999943e-09	0.00208454	0.00016519	2.7287736100000056e-08	4.345307011600001e-06	0.000533693	6.592000000000002e-05	2.848282182490001e-07	4.345446400000003e-09	0.0	0.0	0.0	0.0	0.0	0.0	0.0	0.0	0.0	0.0
59590.32003981808	93.09967695744854	8667.549849581274	3551006242.447944	107390.06602097602	1027.011809717471	11532626279.98959	1054753.2572991548	57716.36510584677	-16.538024193549063	3331178801.031407	273.50624422641414	69816.97029716658	52978.182574096914	0.820835	17.976896	0.01906005	0.0085387199999999	0.1800758919	-0.0139828199	-0.031314288	0.0475487258	-0.0986856437	0.0048726289	0.1045038998	0.1101796391	0.0661629607	0.1084006431	-0.1578828185	0.0700994144	-0.0210660503	-0.1821877446	-0.087390803	-0.1258458127	-0.0047695687	0.2094492153	0.1273317154	0.0197360623	-0.013335818	-0.0878039373	-0.1091822684	-0.064992487	-0.0002526494	0.0936851655	-0.0551461892	-0.026190884	-0.1463216578	-0.0654441048	0.00928626	-0.0426971987	0.0047665101	0.1094477253	0.0536167523	-0.1246958455	-0.1487220947	-0.0676769079	0.136462	-0.002114	0.018621877444	4.46899600000002e-06	-0.00897325	0.00558545	8.051921556250001e-05	3.119725170250001e-05	0.362337	0.004675	2.1855625000000376e-05	0.131288101569	-0.00411511	3.985000000000013e-05	1.69341303121e-05	1.58802250000001e-09	0.00210978	2.5239999999999724e-05	6.370575999999861e-10	4.4511716484e-06	0.000602315	6.862199999999995e-05	3.62783359225e-07	4.7089788839999935e-09	0.0	0.0	0.0	0.0	0.0	0.0	0.0	0.0	0.0	0.0
59627.49973438477	37.1796945666938	1382.3296880726402	3555438724.574056	107281.8045697774	-108.26145119861758	11509385591.747911	11720.541815630657	57680.82097782258	-35.544128024193924	3327077108.675617	1263.385037000288	69793.7788745777	53301.786957672535	0.8426749999999998	18.455208	0.0721666499999999	0.0357692	0.1662710398	-0.0103560201	-0.0583688085	0.0841117419	-0.0757355092	0.0197505285	0.0377734066	0.0814121203	0.0862881125	0.1068473652	-0.0872154594	0.0773103473	0.1198603473	0.0010462182	0.0052905255	-0.1051751739	0.0252301704	-0.0185152577	-0.1649026863	-0.0016511244	0.0051377684	-0.0960950507	0.0997528844	-0.0154641179	0.0667065844	0.0003411343	-0.1136142397	-0.0194674805	-0.1483564531	-0.0317804423	-0.0341568831	-0.0813392936	-0.0429434991	0.0693176667	-0.0004962827	-0.0416727798	0.0058916801	-0.0722711511	0.143125	0.006663	0.020484765625	4.439556900000003e-05	-0.021455	-0.0124817499999999	0.0004603170249999	0.0001557940830624	0.372484	0.0101469999999999	0.0001029616089999	0.138744330256	-0.00455479	-0.00043968	2.0746111944100004e-05	1.933185024000004e-07	0.00174279	-0.00036699	1.346816601e-07	3.0373169841e-06	0.000551487	-5.082799999999994e-05	3.041379111690001e-07	2.583485583999994e-09	0.0	0.0	0.0	0.0	0.0	0.0	0.0	0.0	0.0	0.0
59848.93453264479	221.43479826001567	49033.36988045384	3581894964.692802	106846.19903413956	-435.6055356378493	11416110248.042965	189752.1826783376	57724.66039314516	43.83941532258177	3332136417.503941	1921.8943358258173	69792.33356082087	54117.16598493034	0.965493	21.145002	0.04684005	0.0225825	0.1507265674	-0.0080411415	-0.0664287836	0.0830102643	-0.1281041996	-0.0527402161	0.0149454054	0.0480825821	0.0640940465	0.0516628784	-0.0421445321	0.0244297838	0.1436246953	0.0342429896	-0.0038256661	0.0930558936	0.0603113216	-0.0376859517	0.0215623606	-0.0675621814	-0.1236096993	0.0390824196	-0.0534598981	0.146333494	-0.2059996337	-0.1638728303	0.002248411	-0.0248233641	-0.1280524058	-0.0381569495	-0.0475824569	-0.1010369649	-0.040408471	-0.0007489441	-0.1351775705	0.0132928592	0.0796041078	-0.0767773431	0.143877	0.000752	0.020700591129	5.655040000000041e-07	-0.0286158	-0.0071608	0.00081886400964	5.1277056640000026e-05	0.385779	0.013295	0.000176757025	0.148825436841	-0.00434538	0.00020941	1.8882327344400003e-05	4.385254810000007e-08	0.00203584	0.00029305	8.587830250000014e-08	4.144644505600001e-06	0.000561672	1.0185000000000012e-05	3.15475435584e-07	1.0373422500000024e-10	0.0	0.0	0.0	0.0	0.0	0.0	0.0	0.0	0.0	0.0
60021.46521936362	172.53068671883375	29766.83785967236	3602576287.079277	106760.86582566352	-85.33320847603318	11397882471.84533	7281.756468814141	57740.54249495968	15.882101814517227	3333970247.6122446	252.2411580466914	69588.2338106801	54899.19863153749	1.018332	22.302217	0.1007748999999999	0.0507687	0.1007990817	0.0033591854	-0.0614560988	0.0647854372	-0.0999215619	-0.0211425557	0.0337550725	0.0762993258	0.065646114	0.0168963789	-0.0104368063	0.0040564987	-0.0123787081	0.0678249515	-0.0493339558	-0.1176797339	0.1664227135	-0.24124093	0.1165821533	0.0081747918	0.0278867586	-0.1391298736	0.0782117837	0.084373526	-0.0951951108	0.0760058459	-0.068878286	0.0194225665	-0.0773314627	-0.01626112	-0.0264710713	-0.0381567375	-0.0054784601	-0.0059476808	-0.0184118605	-0.1300762471	0.0536070412	-0.0811899937	0.142428	-0.001449	0.020285735184	2.099601000000017e-06	-0.0579047	-0.0292889	0.00335295428209	0.00085783966321	0.360494	-0.025285	0.000639331225	0.1299559240359999	-0.00499598	-0.0006505999999999	2.49598161604e-05	4.232803599999993e-07	0.00214269	0.0001068499999999	1.1416922499999981e-08	4.5911204361e-06	0.000699262	0.0001375899999999	4.88967344644e-07	1.8931008099999984e-08	0.0	0.0	0.0	0.0	0.0	0.0	0.0	0.0	0.0	0.0
60196.12241727143	174.65719790780713	30505.136781006902	3623573154.075128	107703.85996896404	942.9941433005152	11600121452.214214	889237.9542990725	57838.204808467744	97.66231350806628	3345257935.4662614	9537.927479747828	69701.55371722169	55471.004364662986	0.959913	21.022802	0.10531315	0.0546625	0.0755642783	-0.0081737621	-0.0951128613	0.0737190284	0.0401467399	0.0165748928	0.0852657834	0.1051004758	0.021602153	-0.0071205748	-0.0002778684	0.0299821866	0.0918874992	-0.1482129292	-0.0318905401	0.0283266034	0.0807706252	0.0605346067	-0.0142545024	0.0658790109	0.057684844	0.1451026661	0.0954233911	-0.0307952199	0.0245899967	0.2658388163	0.2893517534	0.0132110171	-0.0346412711	-0.0013315341	-0.0674931211	-0.1171400758	-0.0965694643	0.0579673207	0.0280721319	0.0195673425	-0.0141974381	-0.0855037268	0.141782	-0.000646	0.0201021355239999	4.1731600000000993e-07	-0.0252593	0.0326454	0.00063803223649	0.00106572214116	0.369871	0.009377	8.792812900000045e-05	0.136804556641	-0.00428882	0.00070716	1.83939769924e-05	5.000752656000001e-07	0.00174279	-0.0003999	1.599200100000001e-07	3.0373169841e-06	0.000553427	-0.0001458349999999	3.06281444329e-07	2.1267847224999992e-08	0.0	0.0	0.0	0.0	0.0	0.0	0.0	0.0	0.0	0.0
60194.63742238467	-1.484994886755885	2.205209813691124	3623394374.412353	106738.20434503425	-965.6556239297934	11393044266.802288	932490.7840272384	57813.77665826613	-24.42815020161652	3342432771.4918776	596.7345222727371	69761.91803410553	56048.961094515005	0.979794	21.458208	0.10146295	0.0598798	0.0569841304	-0.0041360719	-0.0635939923	0.0429670174	-0.1090329381	-0.1101975306	-0.0459123273	0.0600514837	0.0260475651	0.0157007831	-0.0715109535	0.0219428239	0.0134461737	0.043151584	0.0478678414	0.0868985654	0.1202606399	0.0385775412	-0.0891943992	0.1217361472	-0.1141764611	0.0109108179	-0.0114358104	0.0657746147	0.135302599	-0.176557035	0.0947871566	-0.0232564777	-0.0865387951	-0.0128279244	-0.0045158874	-0.0570771323	0.0031342952	-0.0504738838	-0.1956821254	-0.005219114	-0.0698438621	-0.0897132868	0.147542	0.00576	0.021768641764	3.3177600000000175e-05	-0.0264517	-0.0011924	0.00069969243289	1.4218177600000076e-06	0.389494	0.019623	0.000385062129	0.151705576036	-0.00527233	-0.00098351	2.7797463628900003e-05	9.672919201000015e-07	0.00203426	0.00029147	8.495476090000003e-08	4.1382137476e-06	0.0007761979999999	0.0002227709999999	6.024833352038448e-07	4.962691844095545e-08	0.0	0.0	0.0	0.0	0.0	0.0	0.0	0.0	0.0	0.0
60206.90177655284	12.264354168168213	150.41438316226495	3624871021.5314817	107158.83432951626	420.6299844820169	11483015774.860714	176929.58384534175	57802.37128528226	-11.40537298387062	3341114126.201623	130.0825329012058	69724.31018490589	56322.92945185943	0.823795	18.04171	0.03933255	0.0227587	0.0476152711	-0.0070967956	0.0121030136	0.0005965134	-0.0900730904	-0.0434869381	-0.0206138941	0.0527184468	0.048495625	0.008967849	-0.0525315758	0.0457963132	-0.0387434176	0.0677161722	0.0661844072	-0.080239176	0.2118973241	0.0160183591	-0.0351653375	0.0666188814	-0.0690966188	-0.076740459	0.0502259085	-0.0193585925	0.2096492819	0.0716044483	-0.0023767341	0.0018890494	-0.0716680597	-0.0349716959	0.0461674137	-0.0226593413	0.0399401118	-0.0175352225	-0.0797903953	-0.1204470957	-0.0234832595	-0.0938135449	0.144668	-0.002874	0.0209288302239999	8.25987600000009e-06	-0.0286817	-0.0022299999999999	0.00082263991489	4.972899999999997e-06	0.383435	-0.0060589999999999	3.671148099999977e-05	0.147022399225	-0.00488973	0.0003826	2.39094594729e-05	1.4638276000000026e-07	0.00216515	0.0001308899999999	1.7132192099999958e-08	4.6878745225e-06	0.000726297	-4.990099999990002e-05	5.27507332209e-07	2.490109800990021e-09	0.0	0.0	0.0	0.0	0.0	0.0	0.0	0.0	0.0	0.0
60230.84870425757	23.946927704731934	573.4553464956579	3627755135.635166	108092.53823309076	933.7039035744964	11683996821.672188	871802.9795502527	57877.39183971774	75.02055443548306	3349792486.168226	5628.083587807278	69662.2100589708	55974.63945435279	0.887329	19.433149	0.0219818	0.0128029	0.0423458934	-0.0004529241	-0.0248619865	0.0174830594	0.0588372043	0.0701892171	0.0498525621	0.0434471156	0.0034857046	-0.0112921009	-0.0673586486	0.046265246	-0.002974433	-0.1303236281	-0.0355256527	-0.0822369341	0.093300437	0.0738571028	0.0168737526	0.2022993874	-0.0716397862	0.15056231	0.1047119314	0.1219415373	0.0273875518	-0.0159204559	0.1051654673	0.0027090253	-0.0122765873	-0.0049141522	-0.019040984	-0.0630748396	-0.0265172832	0.0838721225	0.0783629234	-0.099893529	-0.0956558412	-0.0977995057	0.155147	0.010479	0.024070591609	0.000109809441	-0.0233975	0.0052841999999999	0.00054744300625	2.7922769639999997e-05	0.383241	-0.000194	3.763600000001066e-08	0.146873664081	-0.00481239	7.73400000000004e-05	2.31590975121e-05	5.981475600000061e-09	0.00214594	-1.9209999999999974e-05	3.6902409999999896e-10	4.6050584836e-06	0.000750239	2.3941999999999995e-05	5.62858557121e-07	5.732193639999997e-10	0.0	0.0	0.0	0.0	0.0	0.0	0.0	0.0	0.0	0.0
60250.583861139945	19.735156882372397	389.47641717185047	3630132855.608257	107035.61077161816	-1056.927461472602	11456621973.253342	1117095.6588149182	57772.24670866936	-105.1451310483826	3337632489.7673573	11055.498583181552	69562.44368615268	56445.7643446784	0.953996	20.893213	0.0335988499999999	0.0166688	0.0293143982	-0.0171284876	-0.0413717244	0.0563030298	-0.0012398428	-0.0439798423	-0.0392718213	0.0173867424	0.0273829913	0.1008506597	0.01898353	0.0642298924	0.1405398365	-0.0797286747	0.1535178374	0.0060069279	0.0512084634	-0.0095975114	0.1097720973	-0.0534496665	-0.05259138	-0.0892146911	0.1047292514	0.0175816348	0.0705443741	0.0682511427	0.1370781618	0.0062504695	-0.0399868869	0.0263093814	-0.0319315933	-0.0452346901	-0.1016476569	0.0618103602	-0.0809859695	0.0287766782	0.0478282642	-0.1016663129	0.155269	0.0001219999999999	0.0241084623609999	1.4883999999995908e-08	-0.0198158	0.0035817	0.00039266592964	1.282857489e-05	0.388938	0.005697	3.245580900000009e-05	0.151272767844	-0.00464817	0.0001642199999999	2.16054843489e-05	2.696820839999988e-08	0.00189849	-0.0002474499999999	6.123150249999989e-08	3.6042642801e-06	0.000677946	-7.229299999999997e-05	4.59610778916e-07	5.226277848999995e-09	0.0	0.0	0.0	0.0	0.0	0.0	0.0	0.0	0.0	0.0
60311.74381262078	61.15995148083312	3740.539665137861	3637506441.7192006	106978.11833529538	-57.49243632277648	11444317802.56046	3305.380234328509	57885.34811491936	113.10140625000348	3350713526.3853984	12791.92809572833	69740.89101964688	56418.51855893753	0.883174	19.342152	0.0497059999999999	0.0267166	0.036339273	-0.0007841689	-0.0095186096	0.0100780977	-0.0975651868	-0.0743871095	-0.0697335435	0.039029945	0.008919928	-0.0329018075	-0.1125364931	-0.0029769196	-0.0953585046	0.1230975651	0.1029928266	0.0699154169	0.1053802415	0.1242328635	0.0054054603	-0.0312251615	-0.0126934704	-0.041719713	-0.0969745986	-0.0357411191	0.0308474235	-0.0824989106	-0.0005229579	-0.0222866474	-0.0497392479	-0.0222354243	0.0443510887	-0.0263178725	0.0457965427	-0.0685736503	-0.1558689577	-0.0723609773	-0.061924585	-0.1054092553	0.149998	-0.0052709999999999	0.0224994000039999	2.7783440999999977e-05	-0.0301924	-0.0103766	0.00091158101776	0.0001076738275599	0.395003	0.0060649999999999	3.6784224999999845e-05	0.156027370009	-0.00506034	-0.0004121699999999	2.56070409156e-05	1.698841088999999e-07	0.00200259	0.0001040999999999	1.083680999999995e-08	4.0103667081e-06	0.0007215439999999	4.359799999989998e-05	5.206257439358557e-07	1.9007856039912787e-09	0.0	0.0	0.0	0.0	0.0	0.0	0.0	0.0	0.0	0.0
60387.945252706326	76.2014400855478	5806.659471111331	3646703931.843856	107813.3209171661	835.2025818707189	11623712167.187843	697563.3527635148	57896.37329637097	11.02518145160866	3351990040.8727374	121.55462604089564	69570.50754228	56907.30987773135	0.879301	19.257343	0.0891346	0.0439493	0.0132055269	-0.0185370209	-0.0348736183	0.0420407517	0.0461912109	0.0285129254	0.0651717144	0.0382752126	0.0030967893	-0.0160305616	0.0216956673	0.0040966841	-0.0029605073	-0.0197595184	-0.0717078539	0.0157628161	0.1838486235	0.0749986234	-0.060271413	-0.0162835904	0.1515002909	0.0308858145	0.1366648831	0.1913545947	-0.0721897761	-0.0493183856	0.0835036163	0.0222426164	0.0142265973	0.0119731439	-0.0464334003	-0.0260052053	-0.0157105854	0.0513283586	0.0512403568	-0.0516461604	-0.0852122959	-0.1090237728	0.155111	0.005113	0.024059422321	2.6142769000000063e-05	-0.0581378	-0.0279454	0.00338000378884	0.00078094538116	0.416744	0.021741	0.000472671081	0.173675561536	-0.00541432	-0.00035398	2.93148610624e-05	1.253018404000002e-07	0.00221657	0.00021398	4.578744040000015e-08	4.913182564900001e-06	0.000840288	0.0001187440000001	7.06083922944e-07	1.4100137536023752e-08	0.0	0.0	0.0	0.0	0.0	0.0	0.0	0.0	0.0	0.0
60539.57255587461	151.62730316828674	22990.839066087538	3665039845.2480063	107456.18066138698	-357.14025577911525	11546830762.332638	127549.16229797188	57990.46978830645	94.09649193548104	3362894586.268483	8854.149794564046	69727.52218569015	57235.343915836034	0.937111	20.52342	0.07492285	0.0449365	0.003946442	-0.0023247632	-0.0805900852	0.0310221545	0.0696401942	-0.0539607952	-0.0129600538	0.0176357407	-0.0427967402	-0.0104073004	-0.0606995304	-0.0089683234	0.0326715699	0.088553486	0.1849902203	0.043408073	-0.0621781248	-0.020924762	-0.1208395822	-0.0995456982	0.0565669512	-0.1208440555	-0.1027906536	-0.0678558872	0.2296715547	0.1104680428	0.0723099772	-0.0120002057	0.0367543121	-0.0140857295	-0.0498489556	-0.0742953394	-0.0470836152	0.0019123297	-0.120466774	0.0378901787	0.0489169276	-0.1125054616	0.149432	-0.0056789999999999	0.022329922624	3.2251040999999884e-05	-0.0277587	0.0303791	0.00077054542569	0.00092288971681	0.416875	0.0001309999999999	1.7160999999997966e-08	0.173784765625	-0.00482842	0.0005859	2.33136396964e-05	3.432788100000004e-07	0.00211039	-0.0001061799999999	1.1274192399999996e-08	4.453745952100001e-06	0.000757693	-8.259499999999998e-05	5.740986822490001e-07	6.8219340249999966e-09	0.0	0.0	0.0	0.0	0.0	0.0	0.0	0.0	0.0	0.0
60523.06705648699	-16.505499387625605	272.4315100349092	3663041645.92402	107306.62970355307	-149.55095783391153	11514712778.33546	22365.488989040383	57873.39485383064	-117.07493447580782	3349329831.907391	13706.540282514696	69689.87625432352	57604.0001578414	0.929503	20.356794	0.0872906999999999	0.0445374	-0.0153516051	-0.015147804	-0.0118159379	-0.0349780627	-0.056274566	-0.0642339573	-0.0246027963	0.0190654027	-0.0196945019	0.0065007977	-0.0083813497	-0.0534749374	-0.1191030255	0.1076829798	-0.1396589335	-0.023485779	0.1058555347	0.0677405918	0.0091301115	-0.0691259798	-0.0837730008	-0.1795132328	0.0598722168	-0.0562208185	-0.0188758046	0.019375936	-0.0270710075	-0.0156837662	0.0024216322	0.0106576688	0.0306350853	0.0364325603	0.0733311467	-0.0516671389	-0.1012613669	-0.0773939991	-0.0316802134	-0.1158500799	0.155018	0.0055859999999999	0.0240305803239999	3.120339599999977e-05	-0.0579668	-0.0302080999999999	0.00336014990224	0.0009125293056099	0.439986	0.0231109999999999	0.0005341183209999	0.1935876801959999	-0.00512914	-0.00030072	2.63080771396e-05	9.04325184e-08	0.00231639	0.000206	4.243600000000002e-08	5.365662632100001e-06	0.000818685	6.099199999999995e-05	6.70245129225e-07	3.720024063999993e-09	0.0	0.0	0.0	0.0	0.0	0.0	0.0	0.0	0.0	0.0
60549.22586982924	26.1588133422556	684.2835154749695	3666208753.435599	108050.44961472602	743.8199111729482	11674899661.944448	553268.0602573325	57880.2076108871	6.812757056453847	3350118433.0793924	46.41365871026169	69603.07643958132	57341.101777126525	0.931931	20.409981	0.07499945	0.0386244	-0.0161705912	0.0007425516	-0.0076081054	-0.0028430989	0.0751391795	0.0061999137	0.0111730147	-0.0144346937	-0.0063578141	-0.0313140164	0.0707697348	-0.0121492419	-0.0269127174	-0.1120346838	-0.0211627237	-0.0885219508	0.1600441923	0.0638074411	-0.1461252429	0.0274196595	-0.1472489151	-0.1038393189	-0.0452832136	-0.1238600444	-0.0487187357	-0.0429931732	0.0976900549	0.0091506209	0.0471074966	0.0273880097	-0.0577786747	-0.0049394269	-0.0141176194	-0.0006619151	0.0755782241	-0.0564474246	-0.0924743703	-0.1190535526	0.137949	-0.017069	0.0190299266009999	0.000291350761	-0.0315251	0.0264417	0.00099383193001	0.0006991634988899	0.461532	0.021546	0.000464230116	0.213011787024	-0.00497477	0.00015437	2.47483365529e-05	2.3830096900000012e-08	0.00231639	0.0	0.0	5.365662632100001e-06	0.00086317	4.448500000000003e-05	7.450624489e-07	1.978915225000003e-09	0.0	0.0	0.0	0.0	0.0	0.0	0.0	0.0	0.0	0.0
60568.56730705052	19.341437221279197	374.0911937846842	3668551345.628709	107599.2089415668	-451.24067315922	11577589764.850948	203618.14511318604	57782.716189516126	-97.49142137097078	3338842290.238169	9504.577240932178	69492.99875573118	57624.56089449205	0.902096	19.756569	0.0376803	0.0247052	-0.0312762016	-0.0029662475	-0.0629233717	0.0285771364	0.1011497945	-0.0433103681	-0.0348297103	-0.0345748507	0.0439486541	-0.002037248	0.167495846	-0.0567361738	0.1117554771	0.1326404681	0.1638849051	0.0816049416	0.1149367871	-0.1476974026	-0.0376248817	0.0044958984	0.1161989669	0.0211250899	0.0345192043	-0.1734326415	-0.0641706293	-0.0220899296	0.1315644289	0.0344024094	0.024520465	0.0789458854	-0.0962790065	-0.0023752829	-0.0658247875	-0.0676053189	-0.0607999723	0.1262155064	0.0973920805	-0.122111977	0.148985	0.011036	0.022196530225	0.000121793296	-0.0298646	0.0016604999999999	0.00089189433316	2.757260249999996e-06	0.459186	-0.002346	5.503716000000069e-06	0.210851782596	-0.00455938	0.0004153899999999	2.07879459844e-05	1.725488520999999e-07	0.00231639	0.0	0.0	5.365662632100001e-06	0.0009005359999999	3.736599999989998e-05	8.109650872958198e-07	1.396217955992525e-09	0.0	0.0	0.0	0.0	0.0	0.0	0.0	0.0	0.0	0.0
60618.66769188172	50.1003848311957	2510.048560233904	3674622872.738784	107128.46776541095	-470.7411761558469	11476508605.764694	221597.2549285901	57828.40095262097	45.68476310484402	3344123956.737094	2087.097579945718	69451.62672563747	58028.1610829927	0.846331	18.535282	0.0542943	0.0336821	-0.0384483926	0.0088438041	-0.0552355632	0.0104269562	-0.0008916656	-0.0772487822	-0.0824678764	-0.0476340355	0.0292963251	-0.0127216328	0.0817605404	-0.0487654598	0.0432646442	0.0006732632	0.0216115317	0.0589828498	0.2567473157	0.0330140929	0.032718548	-0.0600527288	-0.0799743034	-0.0834852666	-0.0126410624	0.1720040606	-0.0181043415	0.0773656792	-0.0327795138	0.0251278005	0.0214285315	0.0634432688	-0.0488662637	0.0051285209	-0.0473597566	-0.0769618829	-0.1035616007	-0.0007227872	0.0313845411	-0.1250216267	0.155064	0.006079	0.024044844096	3.695424100000001e-05	-0.0441976	-0.0143329999999999	0.0019534278457599	0.0002054348889999	0.466692	0.007506	5.634003600000019e-05	0.217801422864	-0.00508689	-0.00052751	2.58764498721e-05	2.7826680010000013e-07	0.00231639	0.0	0.0	5.365662632100001e-06	0.000900552	1.6000000099998524e-08	8.10993904704e-07	2.5600000319995275e-16	0.0	0.0	0.0	0.0	0.0	0.0	0.0	0.0	0.0	0.0
60773.65127439978	154.98358251806349	24019.910850133398	3693436689.222354	107563.52173587328	435.05397046232247	11569911208.223682	189271.95721503132	57975.57791330645	147.17696068547957	3361167634.3818665	21661.0577566152	69545.48570222007	58784.65909515912	0.893283	19.563549	0.0767024	0.0443389	-0.0751852491	0.0028696477	-0.0298141782	-0.0254491148	0.0438864609	-0.0409162836	-0.0466905643	0.0287900007	-0.0226983258	-0.0964283459	-0.0128559538	-0.0392476364	-0.1398108441	0.0001439216	-0.0213168672	-0.0088668317	0.0913254584	0.057466887	-0.0343908964	0.0267518353	-0.0025048803	0.0048657712	0.1212570246	-0.0017350793	0.2077217899	-0.0848490851	0.0026408028	0.0267468262	0.0742189906	0.0168402137	-0.0044804558	0.0175610693	-0.005340927	-0.0663062058	0.0256623948	-0.1041102923	-0.1067405851	-0.1277789568	0.147973	-0.007091	0.0218960087289999	5.02822810000002e-05	-0.02176	0.0224375999999999	0.0004734976	0.0005034458937599	0.453811	-0.0128809999999999	0.0001659201609999	0.205944423721	-0.00445874	0.00062815	1.98803623876e-05	3.945724225000001e-07	0.00231639	0.0	0.0	5.365662632100001e-06	0.000958258	5.770600000000003e-05	9.18258394564e-07	3.3299824360000038e-09	0.0	0.0	0.0	0.0	0.0	0.0	0.0	0.0	0.0	0.0
60755.43560896846	-18.21566543132212	331.8104671058638	3691222956.035512	108321.23588398972	757.7141481164435	11733490143.434942	574130.7302558278	58001.0113407258	25.433427419353396	3364117316.5470037	646.859230295517	69714.7451611768	58838.41360857316	0.83845	18.362665	0.0640367999999999	0.0387295	-0.0832860848	0.0151506898	-0.0078523697	-0.0316079769	0.1306333329	0.0219736381	-0.0224087812	-0.0287060851	-0.0838025701	-0.0275980699	0.0393133425	-0.0137999655	-0.0436683072	-0.1011478343	-0.0223252922	-0.0299953332	0.0278286395	0.1357415039	-0.0080140404	0.1920140831	0.1327442064	0.0047792316	-0.0109458208	0.0296710889	-0.0223863274	-0.0476103221	0.0333721429	-0.014624313	0.1047746836	0.0300362371	-0.0219715022	0.001260883	-0.0270588429	0.0190237772	0.0556328149	0.0066292494	-0.1512690628	-0.130380608	0.147994	2.099999999999325e-05	0.0219022240359999	4.4099999999971636e-10	-0.0442482	-0.0224882	0.00195790320324	0.00050571913924	0.481883	0.0280719999999999	0.0007880371839999	0.232211225689	-0.00464205	-0.0001833099999999	2.15486282025e-05	3.3602556099999966e-08	0.00231639	0.0	0.0	5.365662632100001e-06	0.00104406	8.580200000000006e-05	1.0900612836000002e-06	7.361983204000011e-09	0.0	0.0	0.0	0.0	0.0	0.0	0.0	0.0	0.0	0.0
60649.34943375029	-106.08617521816632	11254.276572419483	3678343586.737147	107500.3429312928	-820.892952696915	11556323730.345554	673865.2397874596	57935.897666330646	-65.11367439515743	3356568238.403537	4239.79059323858	69575.72151001448	58538.36201297015	0.894161	19.582781	0.0575058999999999	0.0335135	-0.0706026005	0.004027901	-0.0343310124	0.0074959047	0.0673666521	-0.0670264736	-0.0662897361	-0.0727595869	-0.0465811353	-0.0023928721	0.0506518725	-0.024673994	-0.009325458	0.1017877293	0.0730405915	0.0569852136	-0.0910248089	-0.0731742136	0.0344954833	-0.080473542	-0.0366592666	-0.0802882332	-0.0928340529	0.0613130774	-0.1532285049	0.1052517042	0.0686050589	-0.0044822564	0.0713776716	0.0404682282	-0.0367562768	0.0425181799	-0.0303685958	-0.0262594861	-0.1011580754	0.0536404377	-0.0006488788	-0.1328234104	0.143557	-0.0044369999999999	0.0206086122489999	1.9686968999999968e-05	-0.0202238	0.0240244	0.00040900208644	0.00057717179536	0.504344	0.022461	0.000504496521	0.254362870336	-0.00461631	2.573999999999979e-05	2.1310318016100003e-05	6.625475999999893e-10	0.00221753	-9.88600000000001e-05	9.77329960000002e-09	4.917439300900001e-06	0.00105113	7.069999999999863e-06	1.1048742769e-06	4.998489999999806e-11	0.0	0.0	0.0	0.0	0.0	0.0	0.0	0.0	0.0	0.0
60635.80415172341	-13.545282026883797	183.4746651878212	3676700745.1261578	107360.84354130994	-139.49938998286962	11526350725.901632	19460.079805592744	57851.1271421371	-84.77052419354732	3346752911.615712	7186.041772048791	69612.55622963923	58402.32882814389	0.8898089999999999	19.48748	0.06351995	0.0312003	-0.0466782406	0.0306545881	0.0191042413	-0.0468505609	-0.0482883773	-0.0332804	-0.097391913	-0.0766655141	-0.009888351	0.0299180234	0.0536185389	-0.0659475484	-0.0460225383	0.0125321777	-0.1523325681	0.048418785	-0.0116114114	0.0001839839	0.0148586425	-0.0292939311	-0.0415407995	0.0190948764	-0.1227689087	0.0186970619	0.1055041601	0.1123649109	0.0454990141	-0.0167547224	0.0180603001	0.0529010131	0.0039139419	0.0859002454	0.0398934953	-0.0726334894	-0.0684293085	0.0298350811	0.0134477598	-0.135104388	0.138976	-0.004581	0.0193143285759999	2.098556100000001e-05	-0.0195429	0.0006809	0.0003819249404099	4.636248100000022e-07	0.518468	0.014124	0.000199487376	0.268809067024	-0.00412905	0.0004872599999999	1.7049053902500003e-05	2.3742230759999978e-07	0.00245177	0.0002342399999999	5.486837759999987e-08	6.011176132899999e-06	0.000889949	-0.0001611809999999	7.92009222601e-07	2.5979314760999978e-08	0.0	0.0	0.0	0.0	0.0	0.0	0.0	0.0	0.0	0.0
60749.50584460378	113.7016928803714	12928.074963862302	3690502460.3635488	107760.0714255137	399.2278842037631	11612232993.631817	159382.90352581328	57933.24408770161	82.11694556451403	3356260770.5252137	6743.192748845359	69461.97888010778	58631.2108156658	0.985918	21.592325	0.0798138499999998	0.0406416	-0.0730909559	0.0023179334	0.0147962378	-0.0383704471	0.045756837	0.0266839219	0.0121785666	-0.1121385929	-0.0503271781	0.0140055525	0.0999731564	-0.0132445592	0.0183039746	-0.0203565289	-0.1414502939	0.0932290697	-0.006405739	0.1037752407	-0.0500527845	0.1099666067	0.0728367013	0.0268388709	-0.103592786	-0.0021751482	-0.1578617849	-0.1114971844	0.1463684002	0.0019557968	0.0954937918	0.0646063539	-0.0379964579	0.0928180536	0.0034808239	0.0334458947	0.0911160227	-0.008214314	-0.0107461013	-0.1372207617	0.14592	0.006944	0.0212926463999999	4.821913600000008e-05	-0.0461492	-0.0266063	0.00212974866064	0.00070789519969	0.543723	0.0252549999999999	0.0006378150249999	0.2956347007289999	-0.00417008	-4.102999999999919e-05	1.7389567206399998e-05	1.6834608999999336e-09	0.00231639	-0.0001353799999999	1.8327744399999896e-08	5.365662632100001e-06	0.00113371	0.000243761	1.2852983641e-06	5.9419425121e-08	0.0	0.0	0.0	0.0	0.0	0.0	0.0	0.0	0.0	0.0
60719.554997031664	-29.95084757211589	897.0532702881203	3686864359.037553	107845.1198844178	85.0484589041007	11630569882.884447	7233.240361962506	57906.91333669355	-26.33075100806309	3353210612.183337	693.3084486486154	69517.68209811374	58450.78259324566	0.8893229999999999	19.476822	0.0567158	0.0340962	-0.0779242585	0.0266958416	-0.0233028413	0.0116595207	0.1164941186	-0.0431905208	-0.014018886	-0.0731841056	-0.0170063464	-0.0231262659	0.1363122666	-0.0963223393	0.0013247972	-0.1480822735	-0.0142545263	0.0316752645	-0.0246441807	-0.0052903866	0.1271660775	0.0557278458	0.0033303416	0.1538813705	-0.009613594	-0.0418056579	-0.0057972498	0.1041301307	0.045434658	0.0163353021	0.0773672736	0.0590098633	-0.0727995842	0.0697809452	-0.077327421	-0.0425492821	0.0973902074	0.0678057268	-0.05235951	-0.1391699531	0.141816	-0.0041039999999999	0.020111777856	1.684281599999997e-05	-0.0135769	0.0325723	0.00018433221361	0.00106095472729	0.54092	-0.002803	7.856809e-06	0.2925944463999999	-0.00432807	-0.00015799	1.87321899249e-05	2.4960840100000067e-08	0.00241016	9.376999999999996e-05	8.792812899999993e-09	5.8088712256000006e-06	0.00104074	-9.296999999999996e-05	1.0831397476000002e-06	8.64342089999999e-09	0.0	0.0	0.0	0.0	0.0	0.0	0.0	0.0	0.0	0.0
60719.14972671682	-0.4052703148408909	0.1642440280912348	3686815143.535456	107575.93676690925	-269.18311750855355	11572582171.278055	72459.55075162376	57891.37688004032	-15.536456653229834	3351411517.066867	241.3814853376896	69587.50488155567	59187.14888139205	0.900147	19.713888	0.0380247999999998	0.0225176	-0.081757062	0.0108564307	-0.0221366779	-0.0326507987	0.0321333505	-0.0498087471	-0.082103671	-0.1074910581	-0.0236488713	-0.0020222373	0.1112346538	-0.1170605204	0.0945078823	0.1285482027	0.2067579645	-0.0152363911	-0.0225201549	-0.0810501298	-0.0131263354	0.1250314338	0.1347055249	-0.0914775775	-0.0769550256	-0.1310967508	-0.0490736685	-0.0554593738	0.0175349089	0.0005443041	0.0657289935	0.0604066377	-0.0506246694	0.0674752498	0.0108886407	-0.082599045	-0.07064919	0.0970441475	0.068090782	-0.1409495873	0.143393	0.0015769999999999	0.0205615524489999	2.4869289999999844e-06	-0.0162817	-0.0027048	0.00026509375489	7.315943040000002e-06	0.532989	-0.0079309999999999	6.290076099999858e-05	0.284077274121	-0.00395134	0.0003767299999999	1.56130877956e-05	1.419254928999997e-07	0.00247615	6.598999999999971e-05	4.354680099999962e-09	6.131318822499999e-06	0.00111426	7.351999999999988e-05	1.2415753476e-06	5.405190399999982e-09	0.0	0.0	0.0	0.0	0.0	0.0	0.0	0.0	0.0	0.0
60663.37894081128	-55.77078590554447	3110.3805605220778	3680045544.516465	107449.27274721746	-126.66401969178696	11545346213.905928	16043.773884481396	57883.29260080645	-8.084279233866255	3350475562.310575	65.35557073112116	69576.06075550997	58639.44156680669	0.843122	18.465	0.0932541999999999	0.0510928	-0.0652604045	0.0127886254	0.0571765685	-0.0621379504	-0.0361645341	-0.0098524476	-0.0802284582	-0.1189812569	-0.017349811	0.0042446024	0.0892757573	-0.0982742126	-0.0811352088	0.0037359335	-0.0066738596	0.0446123254	0.0865395476	-0.0149836098	-0.0718708761	-0.097659847	0.0217747423	-0.1354753774	-0.0534654573	-0.1073429202	0.0023076472	-0.0899324155	-0.1234954789	-0.008247521	0.0605676188	0.047927059	0.0097364953	0.1375949298	0.0344422174	-0.1038909796	-0.0226376832	0.0411709915	0.0145362179	-0.1425574961	0.147346	0.003953	0.021710843716	1.5626209000000096e-05	-0.0437024	-0.0274207	0.00190989976576	0.00075189478849	0.561654	0.0286649999999999	0.0008216822249999	0.315455215716	-0.00446358	-0.0005122399999999	1.99235464164e-05	2.6238981759999974e-07	0.00238371	-9.244000000000006e-05	8.54515360000001e-09	5.682073364099999e-06	0.00105463	-5.962999999999997e-05	1.1122444369e-06	3.555736899999996e-09	0.0	0.0	0.0	0.0	0.0	0.0	0.0	0.0	0.0	0.0
60723.92294112556	60.5440003142794	3665.575974055464	3687394817.359755	108103.71958476029	654.446837542826	11686414188.060484	428300.663169806	58040.00292842742	156.7103276209673	3368641939.931864	24558.126783070904	69691.53540007642	58673.60055052058	0.899532	19.700418	0.0447351	0.0236186	-0.0734746822	-0.0043018491	0.0335072896	-0.0436841885	0.0690456594	0.0117578791	0.0186608403	-0.0854459414	-0.127995008	-0.0011412437	0.0693197234	-0.0214933994	-0.0757994239	-0.0763045805	-0.0672751714	-0.0014960836	-0.1658227378	0.0692879467	0.0081002857	0.1015098519	0.0041479234	0.0494621235	0.0976645724	-0.1295071928	-0.0705981189	0.0550634545	-0.0327959578	-0.0389225336	0.1162203838	0.0439106793	-0.0097431517	0.07872826	0.0033831148	0.0109126138	0.1082128175	-0.0302953411	-0.0803689514	-0.1439917206	0.141175	-0.006171	0.0199303806249999	3.808124100000012e-05	-0.0235883	0.0201141	0.00055640789689	0.00040457701881	0.558896	-0.002758	7.606564000000211e-06	0.3123647388159999	-0.00431983	0.0001437499999999	1.8660931228900003e-05	2.0664062499999938e-08	0.00231639	-6.731999999999962e-05	4.5319823999999485e-09	5.365662632100001e-06	0.0011574	0.00010277	1.3395747600000002e-06	1.0561672900000015e-08	0.0	0.0	0.0	0.0	0.0	0.0	0.0	0.0	0.0	0.0
60660.16234921547	-63.76059191008972	4065.413080724998	3679655296.233178	108227.34325235445	123.62366759416182	11713157827.462952	15282.811189431814	58048.50805947581	8.505131048390467	3369629287.9310284	72.33725415029552	69859.63355654762	58366.64882189162	0.8761529999999998	19.188408	0.0580764	0.0386201	-0.0605159704	0.0009899429	0.0287816134	-0.0595177072	0.0647322776	0.005074982	-0.0226305082	-0.1000860708	-0.1322493247	0.0036139659	-0.0190928844	-0.0533334929	-0.0843696298	-0.035452602	0.0649110998	-0.1094650192	-0.1765332489	0.0722285181	-0.0460944758	0.0464334229	0.0753164541	-0.0053907963	0.1105306532	0.0195846767	-0.1158835069	-0.1578928037	-0.1055451109	-0.0579879985	0.0961586278	-0.0063067288	0.0009003407	0.0764396508	0.0128932366	-0.0040874101	0.0879298302	0.0006334455	-0.1228623122	-0.1452505133	0.141082	-9.2999999999982e-05	0.019904130724	8.64899999999665e-09	-0.0551682	-0.0315799	0.00304353029124	0.00099729008401	0.581445	0.022549	0.000508457401	0.338078288025	-0.0042798	4.002999999999993e-05	1.8316688040000004e-05	1.602400899999994e-09	0.00231639	0.0	0.0	5.365662632100001e-06	0.00119446	3.706e-05	1.4267346916000002e-06	1.3734436e-09	0.0	0.0	0.0	0.0	0.0	0.0	0.0	0.0	0.0	0.0
60552.63077222641	-107.53157698905852	11563.04004975382	3666621093.4375806	107834.66221639556	-392.6810359588853	11628314375.32413	154198.3960017434	57886.71833669355	-161.78972278226138	3350872159.791693	26175.914397960987	69744.83393284467	58552.76749849596	0.893718	19.573086	0.0534899	0.0270394	-0.0460482758	-0.0228870583	0.0139263172	-0.0528698203	-0.0270131303	-0.0008599579	-0.0325637951	-0.1501845209	-0.0562301462	0.047983289	0.0934627688	-0.0343000838	-0.0213006105	0.0578649218	0.1285236833	0.010313254	-0.1751181864	0.0526990903	0.0864490315	-0.0099725795	-0.057583422	-0.056518106	-0.1872400335	0.0568447061	-0.0189023666	0.0371927127	-0.0856404116	-0.0468823065	0.0410579216	0.0426078928	-0.0066867304	0.0956412447	0.0167058707	-0.0255899416	-0.0485580245	0.0788108217	0.0106751464	-0.1463323407	0.135263	-0.005819	0.0182960791689999	3.3860761000000216e-05	-0.0370493	0.0181189	0.00137265063049	0.00032829453721	0.589684	0.0082389999999999	6.788112099999995e-05	0.3477272198559999	-0.00459526	-0.00031546	2.1116414467600003e-05	9.951501160000002e-08	0.00231639	0.0	0.0	5.365662632100001e-06	0.00108366	-0.0001108	1.1743189956e-06	1.227664000000002e-08	0.0	0.0	0.0	0.0	0.0	0.0	0.0	0.0	0.0	0.0
60502.17959307818	-50.45117914822913	2545.3214774467097	3660513735.513086	108075.058401113	240.396184717436	11680218248.403986	57790.3256266996	57911.70707157258	24.988734879028925	3353765815.9436293	624.4368708543967	69947.23831644144	57967.26354859461	0.854448	18.713049	0.13547035	0.0739086	-0.0140872383	0.0003495748	0.0580443857	-0.1130599011	-0.0764498636	0.0223225754	0.0346304971	-0.1140209916	-0.046542488	0.0605570534	0.0241995749	-0.0968413582	-0.0588343043	0.1095939411	-0.1029267855	0.0697232874	-0.1032921051	-0.0247245708	0.087908549	0.0389447845	-0.006526432	0.0835381379	-0.0828324802	0.137379551	-0.0802188705	0.1741919375	-0.0723891609	-0.0879016193	0.0092762526	0.0114872561	0.0087037944	0.1320240533	0.0938717631	-0.0247574056	-0.0404458826	0.0494159019	0.100095058	-0.1472358847	0.130036	-0.0052269999999999	0.016909361296	2.732152899999981e-05	-0.0495861	-0.0125368	0.00245878131321	0.00015717135424	0.642619	0.052935	0.002802114225	0.412959179161	-0.00346853	0.00112673	1.20307003609e-05	1.2695204929000006e-06	0.00231639	0.0	0.0	5.365662632100001e-06	0.000914959	-0.0001687009999999	8.37149971681e-07	2.8460027400999982e-08	0.0	0.0	0.0	0.0	0.0	0.0	0.0	0.0	0.0	0.0
60384.45816898155	-117.72142409662774	13858.333691338086	3646282788.361483	107568.12577589897	-506.9326252140309	11570901682.93962	256980.68650638903	57798.95088205645	-112.75618951612704	3340718723.0663743	12713.95827419676	69542.68980503941	57130.88440390021	1.049433	22.983349	0.1074737499999998	0.0623825	-0.0110442539	-0.0311883793	0.0230632054	-0.0349905509	-0.01192104	0.0387706852	0.0358913763	-0.1587286709	-0.0125216981	0.1442532952	0.0419173469	-0.0722858185	-0.1446329351	0.0375617399	-0.1206412776	-0.1115511396	-0.0896746251	-0.0893481461	0.0415443389	0.0237676671	0.1450903129	0.0976325154	-0.1895169684	-0.156124729	0.057778669	-0.0786610585	-0.0345043167	-0.0530036968	-0.0028121445	0.0481231817	-0.0461940198	0.1822342831	0.0202380686	0.0364605166	0.1431568557	-0.1036945402	0.0265630485	-0.1479600444	0.148688	0.0186519999999999	0.0221081213439999	0.0003478971039999	-0.0628483	-0.0132621999999999	0.0039499088128899	0.0001758859488399	0.666353	0.0237339999999999	0.0005633027559999	0.444026320609	-0.00441761	-0.0009490799999999	1.95152781121e-05	9.007528463999994e-07	0.00231639	0.0	0.0	5.365662632100001e-06	0.00100239	8.74309999999999e-05	1.0047857120999998e-06	7.644179760999982e-09	0.0	0.0	0.0	0.0	0.0	0.0	0.0	0.0	0.0	0.0
60427.71090511909	43.252736137539614	1870.7991833836247	3651508245.232649	108109.86869648972	541.7429205907538	11687743709.572248	293485.3920101998	57884.98786794355	86.03698588709813	3350671820.471972	7402.362940536722	69735.51652112493	57015.21650362291	0.922159	20.195963	0.0296136999999999	0.0159969	-0.0058697875	-0.0050872547	-0.0864736342	0.00087844	0.1123629855	-0.0040368106	0.0837563938	-0.132455525	-0.0387069761	0.0515989203	0.1408791936	-0.061164594	0.0041510645	-0.1341068952	0.0822464829	0.07945112	-0.0333224126	-0.0309289821	-0.0203781006	-0.0407821626	0.0114054346	0.0753221733	0.0233814701	0.0181694107	0.0502124676	-0.2254945793	-0.1353362148	-0.0524978123	0.0379505765	0.071419617	-0.1103676121	0.0418215409	-0.1219885316	0.0037566735	0.1213330631	0.09414984	0.0006250002	-0.1485039376	0.141972	-0.006716	0.0201560487839999	4.5104656e-05	-0.0503141	0.0125341999999999	0.00253150865881	0.0001571061696399	0.665609	-0.0007439999999999	5.535359999999508e-07	0.443035340881	-0.00437176	4.585000000000006e-05	1.91122854976e-05	2.102222500000005e-09	0.00231639	0.0	0.0	5.365662632100001e-06	0.00114893	0.00014654	1.3200401449e-06	2.147397160000004e-08	0.0	0.0	0.0	0.0	0.0	0.0	0.0	0.0	0.0	0.0
60483.44237271299	55.73146759389783	3105.996480169684	3658246801.253293	107235.29735124145	-874.5713452482742	11499408998.00917	764875.037929376	57832.736960685485	-52.250907258065126	3344625464.363837	2730.157309290923	69711.79263820182	57661.19367139805	0.894756	19.59581	0.0610558	0.0345098	-0.0171273041	-0.0335334726	-0.0813823057	-0.0285533075	0.0020216279	-0.1046476097	0.007564162	-0.148981364	-0.0282393692	0.1134138878	0.0992202175	-0.1376656869	0.0063952705	0.004609132	-0.0628238787	0.093699905	-0.0627836017	-0.0836209136	0.2148107623	0.0270512406	-0.0289190197	0.0627679881	0.1338718199	0.057655437	0.0588427423	0.0045496343	-0.1289780312	-0.0788387796	0.007311767	0.0686285889	-0.1203752043	0.0866787085	-0.0487367205	-0.0442207314	-0.0478987915	0.0729103503	0.0829017503	-0.1488669016	0.143316	0.001344	0.0205394758559999	1.806336000000032e-06	-0.0764414	-0.0261273	0.00584328763396	0.00068263580529	0.684249	0.0186399999999999	0.0003474495999999	0.468196694001	-0.00446894	-9.718000000000052e-05	1.99714247236e-05	9.443952400000102e-09	0.00251158	0.0001951899999999	3.809913609999984e-08	6.308034096399999e-06	0.00115545	6.519999999999877e-06	1.3350647024999995e-06	4.2510399999998386e-11	0.0	0.0	0.0	0.0	0.0	0.0	0.0	0.0	0.0	0.0
60534.928000711225	51.48562799823412	2650.769890372549	3664477508.051292	107444.5937714041	209.29642016266007	11544340730.70205	43804.99149290474	57938.93212701613	106.19516633064632	3356919856.018982	11277.413351993637	69636.80709182956	57813.22136518527	0.8967279999999999	19.639002	0.0906302	0.0652109	-0.027442007	-0.0142212101	-0.0234511066	-0.0695388935	-0.0118671737	-0.0609297063	-0.0377651632	-0.0831349291	-0.071253438	0.0275873439	0.0728219957	-0.0855140467	-0.182426668	0.0392820735	-0.0843867307	-0.0888301489	-0.0514468234	-0.1516908126	-0.0879276779	-0.0255220577	-0.1166034909	0.0510446148	0.0531904901	0.0506608213	-0.165110755	0.012696235	-0.0752255198	-0.0537721435	0.0696147329	0.0318663429	-0.015871652	0.1263607161	0.0016492775	-0.0400058948	0.0438122468	-0.116106056	0.0513574515	-0.1490484942	0.142888	-0.000428	0.0204169805439999	1.8318400000001001e-07	-0.0610077	0.0154337	0.0037219394592899	0.00023819909569	0.625286	-0.0589629999999999	0.0034766353689999	0.390982581796	-0.00416143	0.00030751	1.73174996449e-05	9.456240010000026e-08	0.00250652	-5.059999999999874e-06	2.560359999999872e-11	6.2826425104e-06	0.00115899	3.54000000000001e-06	1.3432578201e-06	1.2531600000000072e-11	0.0	0.0	0.0	0.0	0.0	0.0	0.0	0.0	0.0	0.0
